latitude,longitude,yield,Carbon (0-15 cm),Carbon (15-30 cm),Clay (0-15 cm),Clay (15-30 cm),Clay (30-60 cm),Clay (60-90 cm),Clay (90-120 cm),Sand (0-15 cm),Sand (15-30 cm),Sand (30-60 cm),Sand (60-90 cm),Sand (90-120 cm),Silt (0-15 cm),Silt (15-30 cm),Silt (30-60 cm),Silt (60-90 cm),Silt (90-120 cm),OM (0-15 cm),OM (15-30 cm),pH (0-15 cm),pH (15-30 cm),Elevation,Aspect,Curvature,Slope,TPI,Nitrogen,Phosphorous,ETa_Oct,ETa_Nov,ETa_Dec,ETa_Jan,ETa_Feb,ETa_Mar,ETa_Apr,SM 30 cm Oct,SM 30 cm Nov,SM 30 cm Dec,SM 30 cm Jan,SM 30 cm Feb,SM 30 cm Mar,SM 30 cm Apr,SM 30 cm growing,SM 60 cm Oct,SM 60 cm Nov,SM 60 cm Dec,SM 60 cm Jan,SM 60 cm Feb,SM 60 cm Mar,SM 60 cm Apr,SM 60 cm growing,SM 90 cm Oct,SM 90 cm Nov,SM 90 cm Dec,SM 90 cm Jan,SM 90 cm Feb,SM 90 cm Mar,SM 90 cm Apr,SM 90 cm growing,SM 120 cm Oct,SM 120 cm Nov,SM 120 cm Dec,SM 120 cm Jan,SM 120 cm Feb,SM 120 cm Mar,SM 120 cm Apr,SM 120 cm growing,SM 150 cm Oct,SM 150 cm Nov,SM 150 cm Dec,SM 150 cm Jan,SM 150 cm Feb,SM 150 cm Mar,SM 150 cm Apr,SM 150 cm growing,SM 180 cm Oct,SM 180 cm Nov,SM 180 cm Dec,SM 180 cm Jan,SM 180 cm Feb,SM 180 cm Mar,SM 180 cm Apr,SM 180 cm growing,Carbon,OM,pH,ETa,Clay,Sand,Silt,SM 30 cm,SM 60 cm,SM 90 cm,SM 120 cm,SM 150 cm,SM 180 cm,Precipitation
4446146.924,657879.7026,7.925428,1.4249183,1.5366875,26.857857,31.11312,30.023754,24.011072,21.52333,42.215702,35.477634,33.52141,49.02539,63.430862,31.840097,33.42217,35.632027,28.607737,20.905935,2.6193097,2.0249994,6.676458,8.054904,1384.32,80.698586,-0.080566406,0.79833263,-0.003417969,10,20,0.50100935,0.35309422,0.24212576,0.2801173,0.3715114,0.82503504,0.7002653,19.41515,18.4866,16.464134,18.351603,17.302856,20.366184,19.074953,18.643126,20.845255,19.624916,17.71742,19.618387,17.099215,19.909092,19.172636,19.398962,21.778416,19.589985,19.261616,18.790508,20.438528,19.056143,17.980043,19.621475,22.500204,19.7843,18.835392,19.104326,18.406643,19.030706,18.197845,19.549307,19.88866,19.067667,16.926159,18.914545,18.092295,16.157185,15.985308,17.871405,18.736654,17.31981,15.532763,17.766695,18.636122,16.377346,16.883945,17.329636,1.4808029,2.3221545,7.3656807,0.4675941,28.985489,38.84667,32.631134,18.494495,19.14099,19.556463,19.408487,17.861689,17.321903,42.17
4446146.924,657884.7026,9.175053,1.4227375,1.5459669,26.4946,30.457003,29.901358,23.538813,20.528374,43.061104,35.577652,33.45395,49.78589,65.457054,31.137718,33.5517,35.881924,28.364521,19.513727,2.6077,2.0489326,6.6639805,8.059766,1384.25,95.187546,-0.079589844,0.7909015,-0.005493164,25,20,0.50100935,0.35309422,0.24212576,0.2801173,0.3715114,0.82503504,0.7002653,19.420332,18.226633,16.94731,18.08259,17.167458,20.397856,19.263824,18.64627,21.018349,20.05802,17.292469,19.132132,16.79344,19.889807,18.325644,19.178814,21.465801,19.390116,19.386435,19.181997,20.232874,18.86622,16.3504,19.345415,22.798761,20.77089,18.555431,19.725742,18.14188,18.692995,17.316164,19.641237,20.031757,18.987972,17.928585,18.998491,18.69637,16.165625,16.493158,18.090775,17.812407,17.63924,17.56195,18.66759,19.14012,15.600947,16.929209,17.46155,1.4843521,2.3283162,7.361873,0.4675941,28.475801,39.319378,32.34471,18.500858,18.92998,19.26769,19.428837,18.185993,17.621637,42.17
4446146.924,657889.7026,8.447324,1.4281307,1.4962814,26.497068,30.454283,30.043926,23.800297,20.735125,42.921368,35.572193,33.288467,48.98047,64.3536,31.224098,33.643276,35.914497,28.837505,20.068016,2.6088827,2.048203,6.6531954,8.024826,1384.19,105.79191,0.119140625,0.7889405,0.002197266,25,20,0.50100935,0.35309422,0.24212576,0.2801173,0.3715114,0.82503504,0.7002653,19.420332,18.226633,16.94731,18.08259,17.167458,20.397856,19.263824,18.64627,21.018349,20.05802,17.292469,19.132132,16.79344,19.889807,18.325644,19.178814,21.465801,19.390116,19.386435,19.181997,20.232874,18.86622,16.3504,19.345415,22.798761,20.77089,18.555431,19.725742,18.14188,18.692995,17.316164,19.641237,20.031757,18.987972,17.928585,18.998491,18.69637,16.165625,16.493158,18.090775,17.812407,17.63924,17.56195,18.66759,19.14012,15.600947,16.929209,17.46155,1.4622061,2.3285427,7.3390107,0.4675941,28.475676,39.24678,32.433685,18.500858,18.92998,19.26769,19.428837,18.185993,17.621637,42.17
4446146.924,657894.7026,6.9598713,1.4353167,1.4204645,26.27539,30.194717,30.165377,24.219448,20.93338,42.345352,35.353535,32.81258,47.49894,61.820683,31.778728,34.079613,36.40407,29.865753,21.740723,2.6292648,2.047897,6.6431274,7.9744387,1384.11,108.43495,-0.20019531,0.81496865,-0.012207031,25,20,0.50100935,0.35309422,0.24212576,0.2801173,0.3715114,0.82503504,0.7002653,19.578592,17.312887,15.673345,18.585463,16.615305,20.396103,18.610708,18.287815,21.21498,19.46234,17.0878,19.883842,16.840363,20.030947,18.327745,19.289742,21.057638,19.069004,18.94109,20.027315,19.880646,18.47058,17.152216,19.415106,21.525509,19.014967,18.254541,20.10157,17.927227,18.094845,17.845469,19.196877,19.880459,18.836721,18.67887,18.351665,18.242767,16.037485,15.932745,17.909874,17.635885,17.206905,16.92983,17.5258,17.825918,15.521136,16.444466,16.936787,1.4278905,2.338581,7.308783,0.4675941,28.235054,38.84944,32.92917,18.110342,18.978287,19.228357,18.966305,17.994387,17.01285,42.17
4446146.924,657899.7026,6.259346,1.4430289,1.3426869,26.276196,30.19335,30.402752,24.762012,21.246456,41.95802,35.270607,32.51847,46.045345,59.435646,32.126457,34.275093,36.463867,30.61749,23.105915,2.6411684,2.0469408,6.6313634,7.924405,1384.04,112.376,-0.23925781,0.78996915,-0.018798828,25,20,0.50100935,0.35309422,0.24212576,0.2801173,0.3715114,0.82503504,0.7002653,19.614538,17.958921,15.558487,18.571127,16.23869,20.995867,18.64636,18.446531,20.740194,19.655516,16.764229,19.53744,17.497173,19.489252,18.968014,19.202015,20.020807,19.00823,17.134415,18.613008,21.192448,19.242327,17.654997,18.980724,20.94682,19.148615,18.169443,19.713175,19.691862,17.982992,17.6833,19.136953,19.491385,19.339184,17.58178,18.230265,17.454123,16.205315,16.053638,17.763477,17.523678,16.810652,17.059986,18.528715,16.230003,16.741499,16.546808,17.12376,1.3928579,2.3440547,7.2778845,0.4675941,28.234772,38.61431,33.200775,18.226284,18.950258,18.98089,19.04803,17.765097,17.063047,42.17
4446146.924,657904.7026,6.9940004,1.4621692,1.2619214,26.404375,30.326054,30.751976,25.392645,21.550217,41.570568,34.870842,32.075207,44.553345,57.174877,32.46025,34.572937,36.412407,31.289482,24.360983,2.6630661,2.0629876,6.6150866,7.87225,1383.98,119.25138,-0.16064453,0.82081515,-0.015625,25,20,0.4527807,0.3335989,0.24806106,0.28506,0.35997415,0.81751674,0.7907414,19.614538,17.958921,15.558487,18.571127,16.23869,20.995867,18.64636,18.446531,20.740194,19.655516,16.764229,19.53744,17.497173,19.489252,18.968014,19.202015,20.020807,19.00823,17.134415,18.613008,21.192448,19.242327,17.654997,18.980724,20.94682,19.148615,18.169443,19.713175,19.691862,17.982992,17.6833,19.136953,19.491385,19.339184,17.58178,18.230265,17.454123,16.205315,16.053638,17.763477,17.523678,16.810652,17.059986,18.528715,16.230003,16.741499,16.546808,17.12376,1.3620453,2.3630269,7.2436686,0.46967617,28.365215,38.220703,33.516594,18.226284,18.950258,18.98089,19.04803,17.765097,17.063047,42.17
4446146.924,657909.7026,7.2199297,1.4732927,1.1873626,26.404974,30.326797,31.029333,26.04282,21.828182,41.34158,34.767094,31.783081,43.10496,55.056164,32.69751,34.740276,36.424305,31.919918,25.479883,2.6805701,2.0627844,6.5938244,7.818031,1383.91,123.18431,-0.31933594,0.88995165,-0.022216797,25,20,0.4527807,0.3335989,0.24806106,0.28506,0.35997415,0.81751674,0.7907414,18.318966,18.58911,15.492261,18.292646,17.897322,20.513655,19.226603,18.500746,20.896894,19.56577,17.283754,19.46395,17.248638,19.671112,18.877409,19.261904,20.224293,19.07361,18.86127,18.502829,20.742662,19.456366,19.58325,19.564877,21.225561,19.698238,18.64935,19.112421,20.511784,17.890722,18.189539,19.371195,20.190674,19.343945,17.54561,17.21689,17.675247,16.931253,15.409968,17.715714,18.17208,17.15829,16.6671,17.256435,17.976719,17.346943,16.894865,17.449598,1.3303276,2.3716774,7.205928,0.46967617,28.365887,38.054337,33.718895,18.332937,19.001074,19.492039,19.325375,17.759083,17.353205,42.17
4446141.924,657824.7026,16.784676,1.3693424,0.9279561,27.816769,32.293888,31.10506,30.733946,25.34358,34.88759,33.460014,32.519127,33.474598,36.639378,37.948982,35.086834,35.68292,35.551258,38.037,2.9008975,2.0522134,6.7892747,7.872489,1384.64,3.814074,0,0.21554539,0.001098633,10,20,0.45923138,0.32672903,0.23994415,0.2779213,0.3595664,0.8528243,0.71754265,19.079145,18.75471,15.746928,18.211752,16.39376,19.586424,18.357897,18.270296,22.299896,19.83987,16.966679,19.444447,17.442673,19.480684,19.140135,19.504719,20.807178,21.979197,18.369003,18.486868,19.923262,17.717464,17.707357,19.324993,19.793121,20.050428,18.179907,19.036547,19.528034,16.375204,18.145662,18.615986,20.21635,19.467121,16.707657,18.525255,18.563282,15.288672,16.09533,17.831156,16.854996,17.548206,17.091772,17.547102,16.962072,16.846733,16.105309,17.075857,1.1486492,2.4765553,7.330882,0.4619656,30.055328,34.1738,36.517906,18.01866,19.230625,19.284332,18.729845,17.837666,16.993742,42.17
4446141.924,657829.7026,16.641327,1.3631358,0.9960292,27.796398,32.291542,30.885002,29.967237,24.973473,35.221027,33.421856,32.48555,35.07812,38.275185,37.79709,35.139683,35.90997,34.8928,37.276302,2.87219,2.0516496,6.806968,7.9063773,1384.64,3.814074,0.040039062,0.21554539,0.002197266,10,20,0.45923138,0.32672903,0.23994415,0.2779213,0.3595664,0.8528243,0.71754265,19.335114,17.845242,17.19237,19.188417,17.30906,20.809994,17.776361,18.750105,22.47493,19.895674,16.897976,19.967688,17.265188,19.541822,19.474247,19.66823,21.334818,19.372227,17.861883,19.49457,18.153294,18.253025,18.439741,19.091482,20.222157,18.89257,18.233212,18.928873,19.792355,16.593985,18.254578,18.657251,20.944279,20.354101,16.704075,19.24146,19.333204,15.683055,16.894178,18.397223,17.664286,17.606852,16.525557,17.5115,16.880276,15.702291,16.518349,16.886189,1.1795825,2.4619198,7.356673,0.4619656,30.04397,34.32144,36.468384,18.493793,19.359648,18.98708,18.702532,18.45062,16.915586,42.17
4446141.924,657834.7026,14.774313,1.3903023,1.0600257,27.597403,32.098995,30.80003,29.451492,24.965488,35.7031,33.132694,32.341362,36.549973,39.816284,37.57121,35.41665,36.14936,34.121094,36.451576,2.8635418,2.0647526,6.8045535,7.911653,1384.64,3.0127869,0.080078125,0.27279574,0.003295898,25,20,0.45923138,0.32672903,0.23994415,0.2779213,0.3595664,0.8528243,0.71754265,19.335114,17.845242,17.19237,19.188417,17.30906,20.809994,17.776361,18.750105,22.47493,19.895674,16.897976,19.967688,17.265188,19.541822,19.474247,19.66823,21.334818,19.372227,17.861883,19.49457,18.153294,18.253025,18.439741,19.091482,20.222157,18.89257,18.233212,18.928873,19.792355,16.593985,18.254578,18.657251,20.944279,20.354101,16.704075,19.24146,19.333204,15.683055,16.894178,18.397223,17.664286,17.606852,16.525557,17.5115,16.880276,15.702291,16.518349,16.886189,1.2251639,2.464147,7.3581033,0.4619656,29.848198,34.417896,36.493927,18.493793,19.359648,18.98708,18.702532,18.45062,16.915586,42.17
4446141.924,657839.7026,14.1200285,1.3870916,1.138919,27.575457,32.095272,30.565208,28.622501,24.57134,36.10436,33.10844,32.322144,38.34709,41.704563,37.331043,35.476,36.399666,33.378864,35.46237,2.8312502,2.0645645,6.812636,7.944513,1384.63,2.2906094,-0.16015625,0.3587303,-0.005615234,25,20,0.45923138,0.32672903,0.23994415,0.2779213,0.3595664,0.8528243,0.71754265,18.40844,17.85204,16.174803,18.340597,16.868826,20.594091,17.239378,18.186066,22.457432,20.063572,16.761898,19.55751,16.743387,19.526348,19.083635,19.431988,21.177979,20.10547,17.714,19.62075,19.802868,17.312662,16.500502,18.912342,20.416758,18.699734,18.91091,20.001925,20.801884,16.686138,17.703934,18.855171,20.192318,19.478,17.06391,19.583956,19.372318,16.17628,15.581893,18.180098,18.0925,17.319557,16.402643,17.38777,16.38829,15.603398,15.390407,16.65442,1.2630053,2.4479074,7.3785744,0.4619656,29.835365,34.6064,36.403522,17.925455,19.170538,18.890604,19.031612,18.206953,16.654938,42.17
4446141.924,657844.7026,14.685786,1.3786776,1.2192369,27.445444,31.576345,30.322311,27.767235,23.599022,36.658226,33.634926,32.443794,40.097813,43.67313,36.953625,35.281776,36.501297,32.77816,34.369133,2.7968452,2.069036,6.8178663,7.976911,1384.64,11.309932,0.20019531,0.43864784,0.010009766,10,20,0.47710866,0.3393914,0.24668524,0.2792854,0.36902696,0.851438,0.6984178,17.784077,18.003683,15.935728,18.902834,15.878611,20.626526,18.032274,18.10125,22.752209,19.748577,17.02861,19.566637,17.198711,19.868658,19.4422,19.643646,22.347382,20.777607,18.11994,19.75254,19.096045,17.770859,18.501331,19.40211,21.181492,18.943935,17.213053,20.679142,20.838764,17.363514,18.961277,19.151379,19.932133,19.46598,17.962542,20.157694,20.258823,16.082087,16.30039,18.531746,18.562222,16.92361,16.41721,18.018158,17.257887,16.327553,16.012268,17.052876,1.2989572,2.4329405,7.3973885,0.46590763,29.510895,35.146576,36.1177,17.880533,19.372227,19.480816,19.311596,18.594236,17.074131,42.17
4446141.924,657849.7026,14.829869,1.3751557,1.2935138,27.422487,31.570892,30.002684,26.91404,23.215471,37.174183,33.69385,32.521183,41.847725,45.876667,36.56143,35.280434,36.704884,32.091934,33.133144,2.76813,2.0689862,6.823076,8.006678,1384.62,20.544075,-0.040039062,0.48977637,0.001098633,10,20,0.47710866,0.3393914,0.24668524,0.2792854,0.36902696,0.851438,0.6984178,17.784077,18.003683,15.935728,18.902834,15.878611,20.626526,18.032274,18.10125,22.752209,19.748577,17.02861,19.566637,17.198711,19.868658,19.4422,19.643646,22.347382,20.777607,18.11994,19.75254,19.096045,17.770859,18.501331,19.40211,21.181492,18.943935,17.213053,20.679142,20.838764,17.363514,18.961277,19.151379,19.932133,19.46598,17.962542,20.157694,20.258823,16.082087,16.30039,18.531746,18.562222,16.92361,16.41721,18.018158,17.257887,16.327553,16.012268,17.052876,1.3343347,2.4185581,7.414877,0.46590763,29.496689,35.434017,35.920933,17.880533,19.372227,19.480816,19.311596,18.594236,17.074131,42.17
4446141.924,657854.7026,12.229839,1.3721198,1.3591006,27.40214,31.565155,29.705048,26.110771,22.846193,37.769413,33.78658,32.62647,43.496517,48.296673,36.059967,35.231873,36.866825,31.441362,31.681202,2.741688,2.0689654,6.8226476,8.032577,1384.61,32.019135,0.19970703,0.54050165,0.012207031,10,20,0.47710866,0.3393914,0.24668524,0.2792854,0.36902696,0.851438,0.6984178,17.737421,16.903297,15.778666,19.082815,15.954414,20.283192,18.38258,17.945395,21.665928,19.753609,17.301914,19.592894,17.374718,19.929104,19.24979,19.544542,21.101198,19.771982,17.06879,20.309084,18.309994,18.027494,17.660303,18.875383,20.621975,18.099733,16.4477,21.058077,19.616787,18.532757,18.023558,18.890644,19.72601,19.76141,17.782942,19.381664,18.895897,16.484968,16.395624,18.327555,17.982376,17.648977,15.891047,18.245321,16.348206,15.760074,16.0685,16.828913,1.3656101,2.4053268,7.4276123,0.46590763,29.483646,35.777996,35.64592,17.73177,19.26685,18.892694,18.91437,18.34693,16.849215,42.17
4446141.924,657859.7026,9.849894,1.3634477,1.4097586,27.288187,31.043583,29.447847,25.372032,22.493301,38.660633,34.9146,33.118275,45.046516,50.971436,35.23319,34.621193,36.69775,30.74151,29.957973,2.714974,2.0635643,6.8226385,8.062159,1384.57,43.04667,-0.000976563,0.5876091,0,10,20,0.47710866,0.3393914,0.24668524,0.2792854,0.36902696,0.851438,0.6984178,18.097553,17.705938,15.798754,19.07749,16.39888,19.94039,18.75754,18.199696,21.539156,19.33762,17.373602,19.757448,17.265688,19.661661,19.56345,19.514816,19.991503,18.568775,16.61035,19.876648,18.902195,20.341871,19.05215,19.134724,19.92364,18.388283,16.81924,20.218355,18.427605,17.84794,18.60233,18.688702,19.91956,19.187109,17.54921,19.170269,19.294514,16.404299,16.244146,18.221495,17.36578,17.488491,16.407764,17.869093,16.834776,16.152967,16.12292,16.89229,1.3866031,2.389269,7.4423985,0.46590763,29.165886,36.787617,34.927193,17.968077,19.21409,19.049072,18.603912,18.252728,16.891684,42.17
4446141.924,657864.7026,7.001263,1.3910666,1.4462056,27.23975,31.379667,29.725452,24.988026,22.171104,39.16924,34.83206,32.9617,46.065563,53.900932,34.687775,34.3277,36.508102,30.29704,27.853636,2.6636653,2.0194874,6.7817554,8.045811,1384.53,48.818718,-0.07910156,0.60889417,-0.002197266,10,20,0.47710866,0.3393914,0.24668524,0.2792854,0.36902696,0.851438,0.6984178,18.097553,17.705938,15.798754,19.07749,16.39888,19.94039,18.75754,18.199696,21.539156,19.33762,17.373602,19.757448,17.265688,19.661661,19.56345,19.514816,19.991503,18.568775,16.61035,19.876648,18.902195,20.341871,19.05215,19.134724,19.92364,18.388283,16.81924,20.218355,18.427605,17.84794,18.60233,18.688702,19.91956,19.187109,17.54921,19.170269,19.294514,16.404299,16.244146,18.221495,17.36578,17.488491,16.407764,17.869093,16.834776,16.152967,16.12292,16.89229,1.4186361,2.3415763,7.413783,0.46590763,29.309708,37.00065,34.507736,17.968077,19.21409,19.049072,18.603912,18.252728,16.891684,42.17
4446141.924,657869.7026,5.9088855,1.3917785,1.488037,27.227398,31.37584,29.599745,24.371704,21.811457,40.13093,35.06015,33.16207,47.450165,57.173756,33.76059,34.01842,36.453133,29.68546,25.585886,2.6389878,2.0177789,6.7600894,8.062169,1384.49,54.20157,0.119628906,0.7592294,0.004394531,10,20,0.47710866,0.3393914,0.24668524,0.2792854,0.36902696,0.851438,0.6984178,19.16123,17.649721,15.4501095,18.740644,16.228754,19.52934,18.444687,18.002066,20.888615,19.677961,17.425457,19.662577,17.11165,20.514088,19.225328,19.543934,21.798014,19.504047,16.866804,19.13189,18.868298,18.510508,19.63991,19.297829,21.667913,19.225655,17.00086,19.91814,18.461266,17.338518,18.693241,18.948843,19.903519,18.77055,16.5552,18.609993,17.722523,16.103554,15.184159,17.591974,17.6973,17.651875,15.656369,17.650358,15.825127,15.394471,16.508287,16.622486,1.4399078,2.3283834,7.411129,0.46590763,29.301619,37.595543,33.889503,17.886356,19.215097,19.188496,18.9008,17.549929,16.626255,42.17
4446141.924,657874.7026,7.0114646,1.4068357,1.5321721,26.87267,31.114513,29.679111,23.8522,21.691278,41.19408,35.268383,33.390034,48.877277,60.87481,32.80449,33.815414,35.976864,28.884665,22.955723,2.625813,2.025855,6.7303452,8.075634,1384.42,58.732357,-0.07910156,0.93846285,-0.004394531,10,20,0.50100935,0.35309422,0.24212576,0.2801173,0.3715114,0.82503504,0.7002653,19.16123,17.649721,15.4501095,18.740644,16.228754,19.52934,18.444687,18.002066,20.888615,19.677961,17.425457,19.662577,17.11165,20.514088,19.225328,19.543934,21.798014,19.504047,16.866804,19.13189,18.868298,18.510508,19.63991,19.297829,21.667913,19.225655,17.00086,19.91814,18.461266,17.338518,18.693241,18.948843,19.903519,18.77055,16.5552,18.609993,17.722523,16.103554,15.184159,17.591974,17.6973,17.651875,15.656369,17.650358,15.825127,15.394471,16.508287,16.622486,1.4695039,2.325834,7.4029894,0.4675941,28.993591,38.23123,33.30995,17.886356,19.215097,19.188496,18.9008,17.549929,16.626255,42.17
4446141.924,657879.7026,9.233731,1.4094388,1.5852603,26.851225,31.111032,29.582813,23.207115,21.13264,42.72374,35.58399,33.746334,50.632347,65.342705,31.382225,33.30115,35.76889,27.908005,19.720116,2.6025202,2.0251102,6.6941805,8.10091,1384.34,65.54487,-0.12060547,1.0384935,-0.010009766,10,20,0.50100935,0.35309422,0.24212576,0.2801173,0.3715114,0.82503504,0.7002653,19.657043,17.486597,16.94541,18.894405,16.753092,19.85344,18.742716,18.452505,21.363409,20.20108,17.266567,19.646639,17.638918,19.903198,19.944918,19.732628,21.296585,20.268648,17.766438,19.161894,18.12254,19.092785,19.408377,19.464567,20.582836,20.31653,18.333586,19.891787,18.993057,17.425648,19.002016,19.283998,19.579044,18.995176,15.945964,18.17981,18.386095,16.183996,16.019054,17.65269,18.13675,17.120083,15.602094,17.314438,16.025457,15.245522,16.748352,16.63947,1.4973495,2.313815,7.3975453,0.4675941,28.981129,39.153862,32.34169,18.333242,19.423534,19.302465,19.22078,17.612734,16.598957,42.17
4446141.924,657884.7026,9.767754,1.407318,1.6441072,26.472256,30.456793,29.41434,22.34423,19.655844,44.881252,35.953735,34.145065,52.94313,70.69464,29.481325,32.84673,35.65319,26.490765,15.704469,2.5797164,2.0491552,6.6510096,8.144458,1384.25,73.59375,-0.20019531,1.0151626,-0.018920898,10,20,0.50100935,0.35309422,0.24212576,0.2801173,0.3715114,0.82503504,0.7002653,18.562338,16.633135,16.24103,18.434473,16.53486,20.572638,18.254107,18.075338,22.336796,19.901789,17.056515,19.451109,17.667387,19.817099,19.345053,19.607761,22.439875,18.985767,19.798405,20.111101,19.234335,19.334044,17.764309,19.830765,20.725609,20.719006,18.500559,19.888342,18.821491,18.324932,17.92064,19.448528,19.464268,19.066181,18.509525,19.293005,19.423624,16.29545,15.984746,18.288952,17.084717,16.638762,16.44335,18.149586,17.29575,15.486284,16.862978,16.901007,1.5257126,2.314436,7.3977337,0.4675941,28.464523,40.417496,31.164028,17.890368,19.367964,19.666836,19.271513,18.29097,16.851633,42.17
4446141.924,657889.7026,9.548786,1.4128282,1.5383235,26.497154,30.45252,29.642591,23.097757,20.446287,43.433937,35.705452,33.552635,50.4527,66.16921,30.714834,33.475365,35.977383,28.169395,18.831041,2.5938382,2.048321,6.6677604,8.067044,1384.16,79.43045,-0.4790039,0.85976285,-0.029907227,25,20,0.50100935,0.35309422,0.24212576,0.2801173,0.3715114,0.82503504,0.7002653,18.562338,16.633135,16.24103,18.434473,16.53486,20.572638,18.254107,18.075338,22.336796,19.901789,17.056515,19.451109,17.667387,19.817099,19.345053,19.607761,22.439875,18.985767,19.798405,20.111101,19.234335,19.334044,17.764309,19.830765,20.725609,20.719006,18.500559,19.888342,18.821491,18.324932,17.92064,19.448528,19.464268,19.066181,18.509525,19.293005,19.423624,16.29545,15.984746,18.288952,17.084717,16.638762,16.44335,18.149586,17.29575,15.486284,16.862978,16.901007,1.4755759,2.3210797,7.367402,0.4675941,28.474838,39.569695,32.0951,17.890368,19.367964,19.666836,19.271513,18.29097,16.851633,42.17
4446141.924,657894.7026,4.427289,1.4176152,1.4409641,26.279575,30.19099,29.748487,23.72084,20.799177,42.663254,35.52753,33.307327,48.532597,62.720737,31.399755,33.9186,36.42009,29.363966,20.977257,2.6065824,2.0483072,6.6700435,8.007645,1384.11,81.56176,-0.000488281,0.7816126,-0.006713867,25,20,0.50100935,0.35309422,0.24212576,0.2801173,0.3715114,0.82503504,0.7002653,18.658882,18.025532,15.242437,17.72528,16.684395,20.546968,18.946,18.184753,21.245228,19.69305,17.16419,19.627817,18.038925,19.927876,19.29274,19.520575,21.202478,19.230122,17.464476,18.419128,19.701075,17.75118,18.430647,18.967304,20.344454,20.069126,18.64642,19.245726,19.88183,19.225817,18.12834,19.530472,20.332394,19.601309,17.713781,19.401606,18.496662,16.646036,15.869468,18.3723,17.629053,16.997742,16.565123,17.04214,16.44812,16.346777,16.48933,16.868683,1.4292896,2.3274448,7.3388443,0.4675941,28.235283,39.09539,32.659176,17.975641,19.28426,18.885588,19.3631,18.294464,16.788326,42.17
4446141.924,657899.7026,6.349349,1.4273016,1.3551524,26.283937,30.19059,30.05979,24.320745,21.191286,42.08022,35.35659,32.697105,46.761307,59.761505,31.95154,34.244614,36.547504,30.394508,22.857517,2.631247,2.0472445,6.657278,7.949369,1384.04,82.74043,-0.079589844,0.79420286,-0.00769043,25,20,0.50100935,0.35309422,0.24212576,0.2801173,0.3715114,0.82503504,0.7002653,18.469221,17.083817,15.617531,17.679358,16.486412,19.319857,19.085032,17.873276,21.557978,19.638891,17.54213,19.72506,16.944134,19.334835,18.983881,19.36156,19.85282,20.47844,18.879213,19.499166,19.339272,17.969225,19.281462,19.350729,20.510517,19.314857,19.232801,19.53124,19.343433,18.612417,18.806576,19.426336,19.976635,19.891376,18.034912,19.194613,17.720991,16.878237,15.807589,18.29759,19.465523,17.361935,16.01914,17.929281,15.817048,16.679726,17.44191,17.283644,1.391227,2.3392458,7.3033237,0.4675941,28.237263,38.718407,33.098076,17.677319,19.103846,19.328512,19.335978,18.214907,17.244938,42.17
4446141.924,657904.7026,7.394641,1.435731,1.2739584,26.280327,30.18951,30.33206,24.97055,21.508553,41.7933,35.280777,32.420826,45.16757,57.29338,32.237713,34.413002,36.56072,31.152693,24.234085,2.6468709,2.0463977,6.6407466,7.8951006,1383.97,85.910835,-0.12060547,0.8042195,-0.0078125,25,20,0.4527807,0.3335989,0.24806106,0.28506,0.35997415,0.81751674,0.7907414,18.469221,17.083817,15.617531,17.679358,16.486412,19.319857,19.085032,17.873276,21.557978,19.638891,17.54213,19.72506,16.944134,19.334835,18.983881,19.36156,19.85282,20.47844,18.879213,19.499166,19.339272,17.969225,19.281462,19.350729,20.510517,19.314857,19.232801,19.53124,19.343433,18.612417,18.806576,19.426336,19.976635,19.891376,18.034912,19.194613,17.720991,16.878237,15.807589,18.29759,19.465523,17.361935,16.01914,17.929281,15.817048,16.679726,17.44191,17.283644,1.3548448,2.3466344,7.2679234,0.46967617,28.234919,38.53704,33.325356,17.677319,19.103846,19.328512,19.335978,18.214907,17.244938,42.17
4446141.924,657909.7026,7.9005904,1.4622037,1.1893071,26.467104,30.12453,30.583149,25.625422,21.462074,41.553482,34.86055,32.1092,43.642384,55.049328,32.45833,34.821537,36.629913,31.869217,25.430489,2.6757,2.0671093,6.6185646,7.8409686,1383.9,88.95745,-0.079589844,0.7879677,-0.010009766,25,20,0.4527807,0.3335989,0.24806106,0.28506,0.35997415,0.81751674,0.7907414,18.321474,17.6159,15.314798,17.858793,15.957744,19.910276,17.918058,17.7263,21.378492,19.50445,17.26476,19.952475,16.94357,19.332567,18.940475,19.30403,19.727385,19.953205,18.371433,19.005165,18.268148,19.149416,18.399584,19.080435,20.321964,19.165333,19.934055,19.076199,19.844906,17.839931,18.046513,19.221155,20.020456,20.092197,17.104603,18.392641,17.547764,16.682596,15.034617,17.85075,19.07383,17.514565,16.191994,16.77754,16.996315,17.43784,16.297415,17.256895,1.3257554,2.3714046,7.229767,0.46967617,28.295818,38.207016,33.63993,17.55672,19.045256,18.98205,19.175556,17.839268,17.184214,42.17
4446136.924,657769.7026,9.524292,1.3818325,0.806687,27.703163,33.583782,35.292778,30.714554,26.66693,32.655697,32.392826,30.228039,30.389587,30.144405,38.216194,34.020714,34.933727,38.47933,42.02294,2.793679,2.0927863,6.498122,7.8992996,1384.7,66.8497,0.080078125,0.10896476,0.005493164,10,20,0.4769843,0.33611983,0.24189124,0.27956158,0.28176245,0.8482992,0.7377971,18.22234,17.648764,16.757954,18.557404,16.841475,20.1883,19.4045,18.424467,21.88652,20.228079,18.239767,19.385252,17.836426,21.421291,21.332727,20.36763,22.727127,20.365223,18.010012,19.058384,16.740086,18.240135,17.47121,18.959335,21.053251,20.359184,20.326641,18.969276,17.258781,18.730274,17.524813,19.288708,20.385376,20.23268,17.92493,18.752665,15.411959,15.581977,16.210928,17.746399,20.14875,20.692219,18.7431,18.877312,16.180067,17.130182,19.496264,18.692698,1.0942597,2.4432325,7.198711,0.45748797,30.643473,32.52426,36.118454,18.231535,20.047153,18.944597,19.174604,17.785788,18.752558,42.17
4446136.924,657774.7026,8.940373,1.3816662,0.79129016,27.678513,33.58433,35.392082,31.748455,26.870903,32.541718,32.322975,30.391075,29.954206,30.012478,38.473293,34.08813,34.728615,37.963394,41.28833,2.8060162,2.0921392,6.4695168,7.858201,1384.69,66.825676,0.0390625,0.10841371,0.004394531,10,20,0.4769843,0.33611983,0.24189124,0.27956158,0.28176245,0.8482992,0.7377971,18.22234,17.648764,16.757954,18.557404,16.841475,20.1883,19.4045,18.424467,21.252728,19.359835,16.59971,18.758392,16.665543,20.2728,19.424154,19.246521,22.727127,20.365223,18.010012,19.058384,16.740086,18.240135,17.47121,18.959335,21.042385,20.346458,20.323938,18.96261,17.256023,18.720852,17.514774,19.280293,20.089691,20.052303,17.745968,18.481459,15.220875,15.455077,16.04348,17.54422,18.655224,17.661312,16.869486,17.164967,14.630531,15.4752035,17.171091,16.747192,1.0864782,2.4490776,7.163859,0.45748797,30.631422,32.432346,36.280712,18.231535,18.904737,18.944597,19.16672,17.584124,16.803972,42.17
4446136.924,657779.7026,7.587317,1.3826523,0.77817416,27.774626,33.84501,35.532654,32.696762,27.119608,32.466084,32.230568,30.544151,29.541534,29.80478,38.656796,34.06865,34.495792,37.536682,40.673378,2.8181581,2.084555,6.448053,7.8218017,1384.68,66.77719,0.040527344,0.1086433,0.002197266,10,20,0.4769843,0.33611983,0.24189124,0.27956158,0.28176245,0.8482992,0.7377971,18.744808,18.57785,15.61552,17.819807,17.345596,20.408255,19.04082,18.328047,20.70602,19.363724,16.265343,18.544458,16.019691,19.169317,18.984331,18.729605,21.302773,19.673834,17.39126,18.042711,16.831642,16.952627,17.675797,18.194138,19.142376,19.29446,19.385038,19.157896,18.18019,17.837719,18.088242,18.811378,19.116041,20.014378,17.841618,18.242506,15.23984,15.635041,15.8937235,17.39016,17.8272,18.274817,16.22696,15.825717,16.341625,15.523395,16.681011,16.53469,1.0804132,2.4513564,7.1349273,0.45748797,30.809818,32.348328,36.362724,18.221807,18.436127,18.267235,18.72656,17.426163,16.671534,42.17
4446136.924,657784.7026,9.309485,1.3820751,0.7674411,27.755083,33.843742,35.679688,33.52933,27.294064,32.43565,32.21232,30.67973,29.196047,29.619793,38.79612,34.115902,34.278637,37.12623,40.13643,2.8290224,2.0838811,6.437262,7.7960224,1384.67,45,-0.040039062,0.060830675,-0.002197266,10,20,0.4534203,0.3283289,0.24188139,0.277593,0.2724712,0.8247399,0.72763115,18.4287,19.103249,15.896281,18.508398,16.907793,20.458725,19.648932,18.59094,19.561579,19.404224,16.729397,18.789856,16.437689,19.86936,18.625807,18.78719,21.895805,19.235455,17.953009,18.340673,17.491337,16.751902,17.69652,18.368986,20.01563,19.028837,18.611557,19.608854,17.416758,18.085295,18.07867,18.835272,19.525965,19.69662,18.24197,18.812231,16.22358,15.954767,15.935212,17.81971,18.351597,17.905233,17.315456,15.816052,16.908321,16.109783,17.021511,16.961483,1.074758,2.456452,7.116642,0.44658083,30.799412,32.323982,36.45601,18.421724,18.488276,18.48067,18.692228,17.770048,17.061138,42.17
4446136.924,657789.7026,12.394816,1.3786974,0.76101387,27.746534,33.191334,35.695408,34.12526,27.311907,32.420452,32.4639,30.814886,29.076742,29.547857,38.904602,34.284016,34.240364,36.60376,39.640614,2.8370116,2.0825837,6.441254,7.7833347,1384.67,33.690067,0.040039062,0.10339219,0.003295898,10,20,0.4534203,0.3283289,0.24188139,0.277593,0.2724712,0.8247399,0.72763115,18.4287,19.103249,15.896281,18.508398,16.907793,20.458725,19.648932,18.59094,19.561579,19.404224,16.729397,18.789856,16.437689,19.86936,18.625807,18.78719,21.895805,19.235455,17.953009,18.340673,17.491337,16.751902,17.69652,18.368986,20.01563,19.028837,18.611557,19.608854,17.416758,18.085295,18.07867,18.835272,19.525965,19.69662,18.24197,18.812231,16.22358,15.954767,15.935212,17.81971,18.351597,17.905233,17.315456,15.816052,16.908321,16.109783,17.021511,16.961483,1.0698557,2.4597976,7.112294,0.44658083,30.468933,32.442177,36.594307,18.421724,18.488276,18.48067,18.692228,17.770048,17.061138,42.17
4446136.924,657794.7026,13.177509,1.377232,0.7607288,27.723,33.186756,35.610542,34.488197,27.319506,32.526833,32.493523,30.955614,29.054834,29.713785,38.948185,34.345997,34.163754,36.295795,39.284927,2.8465972,2.082099,6.456666,7.774108,1384.66,26.56505,-0.040039062,0.12824216,-0.003295898,10,20,0.4534203,0.3283289,0.24188139,0.277593,0.2724712,0.8247399,0.72763115,18.958858,17.275747,16.09628,18.413305,16.912397,19.773632,18.65907,18.193647,20.493671,19.433193,16.945515,19.541595,16.460276,19.699629,18.983154,19.091448,23.230698,18.118013,19.024763,20.32554,18.321724,17.026194,17.36443,19.002808,19.966774,19.02953,19.764019,19.891558,18.213335,17.65417,17.845087,18.897446,19.98429,19.49268,17.075651,19.470947,16.030397,16.195444,16.068462,17.77193,17.48576,18.015564,18.583914,17.67146,17.036724,16.089865,16.54526,17.309872,1.0689803,2.464348,7.115387,0.44658083,30.454878,32.510178,36.64709,18.012756,18.793863,19.058765,18.90921,17.759695,17.346935,42.17
4446136.924,657799.7026,12.303679,1.3767397,0.7699041,27.75767,32.857147,35.324223,34.50072,27.294827,32.7447,32.722637,31.075153,29.286308,30.19449,38.919834,34.415512,34.16928,36.09344,38.989037,2.8558934,2.0627983,6.4865394,7.7695293,1384.66,0,0,0.11470331,0,10,20,0.4534203,0.3283289,0.24188139,0.277593,0.2724712,0.8247399,0.72763115,19.06655,17.924744,16.868444,18.534431,17.215105,19.463089,17.872837,18.307682,20.06309,19.986536,17.16334,19.559553,17.051163,19.226223,18.806185,19.072958,21.217714,18.375355,17.670856,21.122156,20.654709,18.062317,16.652647,19.123556,20.118658,18.139301,19.512505,20.066088,18.777603,18.85647,17.634478,19.136648,19.485258,19.810991,16.966198,19.1846,17.153753,15.774837,15.039624,17.67132,18.199997,15.9366455,17.221867,18.830559,17.581543,16.873959,16.520142,17.33995,1.0733219,2.4593458,7.1280346,0.44658083,30.307407,32.73367,36.66767,18.135029,18.836584,19.107965,19.015015,17.630753,17.309246,42.17
4446136.924,657804.7026,9.410248,1.3742721,0.7839966,27.725447,32.850746,34.796738,34.177597,27.034216,33.032715,32.79033,31.249836,29.745247,30.978146,38.861206,34.509476,34.338577,35.93857,38.844048,2.8649046,2.0632374,6.535334,7.7792287,1384.66,0,0,0.14337903,0,10,20,0.4534203,0.3283289,0.24188139,0.277593,0.2724712,0.8247399,0.72763115,19.06655,17.924744,16.868444,18.534431,17.215105,19.463089,17.872837,18.307682,20.06309,19.986536,17.16334,19.559553,17.051163,19.226223,18.806185,19.072958,21.217714,18.375355,17.670856,21.122156,20.654709,18.062317,16.652647,19.123556,20.118658,18.139301,19.512505,20.066088,18.777603,18.85647,17.634478,19.136648,19.485258,19.810991,16.966198,19.1846,17.153753,15.774837,15.039624,17.67132,18.199997,15.9366455,17.221867,18.830559,17.581543,16.873959,16.520142,17.33995,1.0791343,2.464071,7.1572814,0.44658083,30.288097,32.911522,36.68534,18.135029,18.836584,19.107965,19.015015,17.630753,17.309246,42.17
4446136.924,657809.7026,9.333334,1.3717648,0.80327845,27.690292,32.843025,34.09655,33.62915,26.692734,33.383297,32.882114,31.460361,30.34716,31.95517,38.763573,34.618046,34.581005,35.843025,38.771374,2.8749151,2.063791,6.5947275,7.7939982,1384.66,4.3987045,0,0.18694311,0.001098633,10,20,0.4534203,0.3283289,0.24188139,0.277593,0.2724712,0.8247399,0.72763115,19.161512,18.227812,16.487698,17.670246,16.842268,20.134153,18.236671,18.295015,20.165369,19.547272,17.530949,19.565454,16.6961,19.573313,18.530916,19.07477,20.905909,18.781382,18.889355,18.137817,18.969275,18.693066,17.170029,18.758305,19.968744,18.479862,18.989178,17.9992,18.896841,18.442007,17.91734,18.70568,19.871572,19.904682,16.020803,18.979147,15.533826,15.72922,15.489409,17.47898,18.207981,16.268871,16.569632,17.580074,18.065075,17.01702,16.242641,17.159067,1.0875216,2.4693532,7.1943626,0.44658083,30.266659,33.132706,36.69081,18.108624,18.80134,18.792404,18.670454,17.361238,17.135899,42.17
4446136.924,657814.7026,11.454898,1.369245,0.82607836,27.653372,32.833683,33.237286,32.93227,26.303047,33.778248,33.003567,31.730383,31.012249,33.035458,38.63115,34.744358,34.86742,35.811344,38.765263,2.887245,2.0644338,6.661578,7.8107915,1384.66,4.3987045,0.040039062,0.18694311,0.002197266,10,20,0.45923138,0.32672903,0.23994415,0.2779213,0.3595664,0.8528243,0.71754265,18.639063,18.420341,15.910269,18.59073,15.754478,20.011883,18.257826,18.184942,21.493778,19.613556,17.149792,19.83653,17.26503,19.40616,18.970049,19.36865,20.973253,19.793873,17.46254,17.95156,19.75462,17.874966,18.19664,18.805561,19.13445,19.598549,17.947395,18.239138,18.857683,17.188158,17.424528,18.307556,19.916859,19.509975,17.189798,19.048607,16.383255,15.968658,15.609717,17.760883,17.96257,17.376095,17.383621,17.25395,17.099781,17.173294,16.735662,17.351126,1.0976617,2.4758394,7.236185,0.4619656,30.243526,33.390907,36.68775,17.940657,19.104984,18.85821,18.341413,17.660982,17.283567,42.17
4446136.924,657819.7026,16.009201,1.3671353,0.8483045,27.84322,32.304863,32.095997,32.104233,25.938522,34.220028,33.317013,32.213688,31.639618,34.167168,38.432373,34.99467,35.300938,35.94394,38.872818,2.905966,2.0513802,6.7399597,7.8326874,1384.66,0,0.040039062,0.17205468,0.003295898,25,20,0.45923138,0.32672903,0.23994415,0.2779213,0.3595664,0.8528243,0.71754265,18.639063,18.420341,15.910269,18.59073,15.754478,20.011883,18.257826,18.184942,21.493778,19.613556,17.149792,19.83653,17.26503,19.40616,18.970049,19.36865,20.973253,19.793873,17.46254,17.95156,19.75462,17.874966,18.19664,18.805561,19.13445,19.598549,17.947395,18.239138,18.857683,17.188158,17.424528,18.307556,19.916859,19.509975,17.189798,19.048607,16.383255,15.968658,15.609717,17.760883,17.96257,17.376095,17.383621,17.25395,17.099781,17.173294,16.735662,17.351126,1.1077199,2.478673,7.2863235,0.4619656,30.074041,33.76852,36.713524,17.940657,19.104984,18.85821,18.341413,17.660982,17.283567,42.17
4446136.924,657824.7026,16.405193,1.3640221,0.87248546,27.797009,32.28334,30.432535,31.141678,25.436901,34.748493,33.652798,32.9297,31.987724,35.253403,38.17641,35.255215,35.718353,36.461227,39.25302,2.9392073,2.0520406,6.8400197,7.8389235,1384.66,9.462321,0.080078125,0.17442794,0.004394531,25,20,0.45923138,0.32672903,0.23994415,0.2779213,0.3595664,0.8528243,0.71754265,19.079145,18.75471,15.746928,18.211752,16.39376,19.586424,18.357897,18.270296,22.299896,19.83987,16.966679,19.444447,17.442673,19.480684,19.140135,19.504719,20.807178,21.979197,18.369003,18.486868,19.923262,17.717464,17.707357,19.324993,19.793121,20.050428,18.179907,19.036547,19.528034,16.375204,18.145662,18.615986,20.21635,19.467121,16.707657,18.525255,18.563282,15.288672,16.09533,17.831156,16.854996,17.548206,17.091772,17.547102,16.962072,16.846733,16.105309,17.075857,1.1182538,2.495624,7.339472,0.4619656,30.040174,34.200645,36.715813,18.01866,19.230625,19.284332,18.729845,17.837666,16.993742,42.17
4446136.924,657829.7026,13.530975,1.3565258,0.96342576,27.788246,32.292652,30.999285,30.387968,25.104057,34.96469,33.37406,32.42728,34.369698,37.118122,38.12758,35.20361,35.878986,35.116226,38.01175,2.8771255,2.050846,6.818965,7.8930907,1384.65,355.6013,-0.12011719,0.18694311,-0.006713867,25,20,0.45923138,0.32672903,0.23994415,0.2779213,0.3595664,0.8528243,0.71754265,19.335114,17.845242,17.19237,19.188417,17.30906,20.809994,17.776361,18.750105,22.47493,19.895674,16.897976,19.967688,17.265188,19.541822,19.474247,19.66823,21.334818,19.372227,17.861883,19.49457,18.153294,18.253025,18.439741,19.091482,20.222157,18.89257,18.233212,18.928873,19.792355,16.593985,18.254578,18.657251,20.944279,20.354101,16.704075,19.24146,19.333204,15.683055,16.894178,18.397223,17.664286,17.606852,16.525557,17.5115,16.880276,15.702291,16.518349,16.886189,1.1599758,2.463986,7.3560276,0.4619656,30.04045,34.169376,36.665596,18.493793,19.359648,18.98708,18.702532,18.45062,16.915586,42.17
4446136.924,657834.7026,16.174324,1.3472953,1.0520623,27.719019,32.48868,30.950647,29.505533,24.825558,35.24752,32.835148,32.20727,36.40823,38.984627,38.016293,35.437416,36.111492,34.245037,37.070297,2.8326962,2.059089,6.825682,7.9335394,1384.66,343.63718,0,0.2538501,0.001098633,25,20,0.45923138,0.32672903,0.23994415,0.2779213,0.3595664,0.8528243,0.71754265,19.335114,17.845242,17.19237,19.188417,17.30906,20.809994,17.776361,18.750105,22.47493,19.895674,16.897976,19.967688,17.265188,19.541822,19.474247,19.66823,21.334818,19.372227,17.861883,19.49457,18.153294,18.253025,18.439741,19.091482,20.222157,18.89257,18.233212,18.928873,19.792355,16.593985,18.254578,18.657251,20.944279,20.354101,16.704075,19.24146,19.333204,15.683055,16.894178,18.397223,17.664286,17.606852,16.525557,17.5115,16.880276,15.702291,16.518349,16.886189,1.1996788,2.4458926,7.379611,0.4619656,30.103851,34.041336,36.726852,18.493793,19.359648,18.98708,18.702532,18.45062,16.915586,42.17
4446136.924,657839.7026,10.6735,1.3760552,1.131307,27.569778,32.09796,30.681166,28.746042,24.611864,35.771835,33.012993,32.204674,38.163216,40.696873,37.73686,35.559166,36.432194,33.430714,36.209614,2.821787,2.063263,6.827584,7.9489584,1384.67,351.88855,0.12060547,0.30360666,0.006713867,25,20,0.45923138,0.32672903,0.23994415,0.2779213,0.3595664,0.8528243,0.71754265,18.40844,17.85204,16.174803,18.340597,16.868826,20.594091,17.239378,18.186066,22.457432,20.063572,16.761898,19.55751,16.743387,19.526348,19.083635,19.431988,21.177979,20.10547,17.714,19.62075,19.802868,17.312662,16.500502,18.912342,20.416758,18.699734,18.91091,20.001925,20.801884,16.686138,17.703934,18.855171,20.192318,19.478,17.06391,19.583956,19.372318,16.17628,15.581893,18.180098,18.0925,17.319557,16.402643,17.38777,16.38829,15.603398,15.390407,16.65442,1.2536812,2.442525,7.3882713,0.4619656,29.83387,34.392414,36.64801,17.925455,19.170538,18.890604,19.031612,18.206953,16.654938,42.17
4446136.924,657844.7026,14.714147,1.372895,1.2199692,27.546705,32.09264,30.286322,27.741404,24.160381,36.18889,33.005623,32.24141,40.170994,42.711304,37.473675,35.655403,36.737587,32.656673,35.21617,2.7896342,2.0630875,6.840839,7.9865093,1384.67,10.290848,0.080566406,0.32005525,0.008911133,25,20,0.47710866,0.3393914,0.24668524,0.2792854,0.36902696,0.851438,0.6984178,17.784077,18.003683,15.935728,18.902834,15.878611,20.626526,18.032274,18.10125,22.752209,19.748577,17.02861,19.566637,17.198711,19.868658,19.4422,19.643646,22.347382,20.777607,18.11994,19.75254,19.096045,17.770859,18.501331,19.40211,21.181492,18.943935,17.213053,20.679142,20.838764,17.363514,18.961277,19.151379,19.932133,19.46598,17.962542,20.157694,20.258823,16.082087,16.30039,18.531746,18.562222,16.92361,16.41721,18.018158,17.257887,16.327553,16.012268,17.052876,1.296432,2.4263608,7.4136744,0.46590763,29.819672,34.597256,36.564537,17.880533,19.372227,19.480816,19.311596,18.594236,17.074131,42.17
4446136.924,657849.7026,15.922975,1.3642595,1.3065993,27.414732,31.572256,29.909271,26.744844,23.162004,36.761578,33.558384,32.413734,42.10364,44.849403,37.06212,35.477825,36.8768,32.015022,34.05867,2.755986,2.0677142,6.8501306,8.022599,1384.66,22.605385,0.12011719,0.37255237,0.005615234,25,20,0.47710866,0.3393914,0.24668524,0.2792854,0.36902696,0.851438,0.6984178,17.784077,18.003683,15.935728,18.902834,15.878611,20.626526,18.032274,18.10125,22.752209,19.748577,17.02861,19.566637,17.198711,19.868658,19.4422,19.643646,22.347382,20.777607,18.11994,19.75254,19.096045,17.770859,18.501331,19.40211,21.181492,18.943935,17.213053,20.679142,20.838764,17.363514,18.961277,19.151379,19.932133,19.46598,17.962542,20.157694,20.258823,16.082087,16.30039,18.531746,18.562222,16.92361,16.41721,18.018158,17.257887,16.327553,16.012268,17.052876,1.3354294,2.41185,7.436365,0.46590763,29.493494,35.15998,36.269974,17.880533,19.372227,19.480816,19.311596,18.594236,17.074131,42.17
4446136.924,657854.7026,12.283988,1.3547384,1.3789245,27.344454,31.500032,29.558897,25.825134,22.728188,37.35123,33.534534,32.41535,43.92412,47.278683,36.553146,35.55022,37.099274,31.345016,32.64248,2.7261806,2.0717483,6.8566656,8.055014,1384.64,30.379126,0,0.48196504,0.003295898,10,20,0.47710866,0.3393914,0.24668524,0.2792854,0.36902696,0.851438,0.6984178,17.737421,16.903297,15.778666,19.082815,15.954414,20.283192,18.38258,17.945395,21.665928,19.753609,17.301914,19.592894,17.374718,19.929104,19.24979,19.544542,21.101198,19.771982,17.06879,20.309084,18.309994,18.027494,17.660303,18.875383,20.621975,18.099733,16.4477,21.058077,19.616787,18.532757,18.023558,18.890644,19.72601,19.76141,17.782942,19.381664,18.895897,16.484968,16.395624,18.327555,17.982376,17.648977,15.891047,18.245321,16.348206,15.760074,16.0685,16.828913,1.3668314,2.3989644,7.4558396,0.46590763,29.422243,35.442883,36.05168,17.73177,19.26685,18.892694,18.91437,18.34693,16.849215,42.17
4446136.924,657859.7026,9.686963,1.3547336,1.4255363,26.996965,30.982964,29.202126,25.19639,22.314018,38.164608,34.4308,33.05764,45.468983,50.072685,35.827473,35.10037,37.077896,30.516977,30.698057,2.7086442,2.0571215,6.849467,8.071552,1384.61,39.4703,0,0.6312488,0,10,20,0.47710866,0.3393914,0.24668524,0.2792854,0.36902696,0.851438,0.6984178,18.097553,17.705938,15.798754,19.07749,16.39888,19.94039,18.75754,18.199696,21.539156,19.33762,17.373602,19.757448,17.265688,19.661661,19.56345,19.514816,19.991503,18.568775,16.61035,19.876648,18.902195,20.341871,19.05215,19.134724,19.92364,18.388283,16.81924,20.218355,18.427605,17.84794,18.60233,18.688702,19.91956,19.187109,17.54921,19.170269,19.294514,16.404299,16.244146,18.221495,17.36578,17.488491,16.407764,17.869093,16.834776,16.152967,16.12292,16.89229,1.3901349,2.3828828,7.4605093,0.46590763,28.989964,36.297707,35.46392,17.968077,19.21409,19.049072,18.603912,18.252728,16.891684,42.17
4446136.924,657864.7026,5.7719936,1.3524518,1.4637351,26.986061,30.97725,29.005783,24.506533,21.980377,38.99234,34.646736,33.242947,46.85484,53.089123,35.00004,34.856697,37.108383,29.977139,28.629585,2.6849887,2.0572538,6.8324237,8.088261,1384.57,44.979427,-0.041015625,0.68863964,-0.001220703,10,20,0.47710866,0.3393914,0.24668524,0.2792854,0.36902696,0.851438,0.6984178,18.097553,17.705938,15.798754,19.07749,16.39888,19.94039,18.75754,18.199696,21.539156,19.33762,17.373602,19.757448,17.265688,19.661661,19.56345,19.514816,19.991503,18.568775,16.61035,19.876648,18.902195,20.341871,19.05215,19.134724,19.92364,18.388283,16.81924,20.218355,18.427605,17.84794,18.60233,18.688702,19.91956,19.187109,17.54921,19.170269,19.294514,16.404299,16.244146,18.221495,17.36578,17.488491,16.407764,17.869093,16.834776,16.152967,16.12292,16.89229,1.4080935,2.3711214,7.4603424,0.46590763,28.981655,36.81954,34.928368,17.968077,19.21409,19.049072,18.603912,18.252728,16.891684,42.17
4446136.924,657869.7026,6.3773,1.3506993,1.4967068,26.97491,30.971516,28.86517,23.8836,21.641195,39.952076,34.900784,33.463604,48.1968,56.40217,34.03562,34.5421,37.069305,29.401405,26.276001,2.6630116,2.0574217,6.809352,8.103088,1384.53,54.45287,0.080566406,0.73922396,0.008911133,10,20,0.47710866,0.3393914,0.24668524,0.2792854,0.36902696,0.851438,0.6984178,19.16123,17.649721,15.4501095,18.740644,16.228754,19.52934,18.444687,18.002066,20.888615,19.677961,17.425457,19.662577,17.11165,20.514088,19.225328,19.543934,21.798014,19.504047,16.866804,19.13189,18.868298,18.510508,19.63991,19.297829,21.667913,19.225655,17.00086,19.91814,18.461266,17.338518,18.693241,18.948843,19.903519,18.77055,16.5552,18.609993,17.722523,16.103554,15.184159,17.591974,17.6973,17.651875,15.656369,17.650358,15.825127,15.394471,16.508287,16.622486,1.4237031,2.3602166,7.45622,0.46590763,28.973213,37.42643,34.28886,17.886356,19.215097,19.188496,18.9008,17.549929,16.626255,42.17
4446136.924,657874.7026,6.9712057,1.3914776,1.5298675,26.88171,31.112633,29.30753,23.382557,21.658138,40.762978,35.204967,33.33564,49.325436,59.97198,33.17574,34.026176,36.30515,28.919558,23.73795,2.6169283,2.0257218,6.7656765,8.096142,1384.48,60.943195,0.31933594,0.88485676,0.020019531,10,20,0.50100935,0.35309422,0.24212576,0.2801173,0.3715114,0.82503504,0.7002653,19.16123,17.649721,15.4501095,18.740644,16.228754,19.52934,18.444687,18.002066,20.888615,19.677961,17.425457,19.662577,17.11165,20.514088,19.225328,19.543934,21.798014,19.504047,16.866804,19.13189,18.868298,18.510508,19.63991,19.297829,21.667913,19.225655,17.00086,19.91814,18.461266,17.338518,18.693241,18.948843,19.903519,18.77055,16.5552,18.609993,17.722523,16.103554,15.184159,17.591974,17.6973,17.651875,15.656369,17.650358,15.825127,15.394471,16.508287,16.622486,1.4606726,2.321325,7.430909,0.4675941,28.997171,37.98397,33.60096,17.886356,19.215097,19.188496,18.9008,17.549929,16.626255,42.17
4446136.924,657879.7026,10.13069,1.3939887,1.5688579,26.866558,31.108534,29.214462,22.803745,21.20198,42.093956,35.50612,33.64381,50.828304,63.92068,31.898443,33.574017,36.133286,28.122032,20.831673,2.5958736,2.0249407,6.734433,8.114843,1384.4,63.42672,0.20019531,1.0888343,0.016723633,10,20,0.50100935,0.35309422,0.24212576,0.2801173,0.3715114,0.82503504,0.7002653,19.657043,17.486597,16.94541,18.894405,16.753092,19.85344,18.742716,18.452505,21.363409,20.20108,17.266567,19.646639,17.638918,19.903198,19.944918,19.732628,21.296585,20.268648,17.766438,19.161894,18.12254,19.092785,19.408377,19.464567,20.582836,20.31653,18.333586,19.891787,18.993057,17.425648,19.002016,19.283998,19.579044,18.995176,15.945964,18.17981,18.386095,16.183996,16.019054,17.65269,18.13675,17.120083,15.602094,17.314438,16.025457,15.245522,16.748352,16.63947,1.4814234,2.3104072,7.4246383,0.4675941,28.987545,38.800037,32.73623,18.333242,19.423534,19.302465,19.22078,17.612734,16.598957,42.17
4446136.924,657884.7026,11.953171,1.3921388,1.5865827,26.508,30.453293,29.130732,22.340794,20.209146,43.2544,35.69687,33.729877,51.880157,66.77528,30.846558,33.514637,36.2091,27.593853,18.652689,2.5827427,2.0489132,6.7097893,8.125554,1384.3,64.06204,0.000976563,1.1787176,0.002319336,25,20,0.50100935,0.35309422,0.24212576,0.2801173,0.3715114,0.82503504,0.7002653,18.562338,16.633135,16.24103,18.434473,16.53486,20.572638,18.254107,18.075338,22.336796,19.901789,17.056515,19.451109,17.667387,19.817099,19.345053,19.607761,22.439875,18.985767,19.798405,20.111101,19.234335,19.334044,17.764309,19.830765,20.725609,20.719006,18.500559,19.888342,18.821491,18.324932,17.92064,19.448528,19.464268,19.066181,18.509525,19.293005,19.423624,16.29545,15.984746,18.288952,17.084717,16.638762,16.44335,18.149586,17.29575,15.486284,16.862978,16.901007,1.4893608,2.3158278,7.4176717,0.4675941,28.480646,39.47563,32.180595,17.890368,19.367964,19.666836,19.271513,18.29097,16.851633,42.17
4446136.924,657889.7026,12.672765,1.397438,1.5206395,26.515625,30.449627,29.287182,22.720074,20.55529,42.881687,35.668644,33.50204,50.64851,64.87757,31.121931,33.694527,36.276447,28.361786,19.759222,2.5881574,2.0482285,6.706864,8.080989,1384.21,64.13858,-0.000976563,1.0505323,-0.002319336,25,20,0.50100935,0.35309422,0.24212576,0.2801173,0.3715114,0.82503504,0.7002653,18.562338,16.633135,16.24103,18.434473,16.53486,20.572638,18.254107,18.075338,22.336796,19.901789,17.056515,19.451109,17.667387,19.817099,19.345053,19.607761,22.439875,18.985767,19.798405,20.111101,19.234335,19.334044,17.764309,19.830765,20.725609,20.719006,18.500559,19.888342,18.821491,18.324932,17.92064,19.448528,19.464268,19.066181,18.509525,19.293005,19.423624,16.29545,15.984746,18.288952,17.084717,16.638762,16.44335,18.149586,17.29575,15.486284,16.862978,16.901007,1.4590387,2.318193,7.3939266,0.4675941,28.482626,39.275166,32.40823,17.890368,19.367964,19.666836,19.271513,18.29097,16.851633,42.17
4446136.924,657894.7026,11.037122,1.401193,1.434062,26.292765,30.188002,29.391674,23.283642,20.823784,42.359947,35.53585,33.339527,48.94286,62.02082,31.588194,34.04464,36.659634,29.409977,21.482256,2.598536,2.0482318,6.704366,8.0284,1384.13,69.86164,-0.080078125,0.9150994,-0.002197266,25,20,0.50100935,0.35309422,0.24212576,0.2801173,0.3715114,0.82503504,0.7002653,18.658882,18.025532,15.242437,17.72528,16.684395,20.546968,18.946,18.184753,21.245228,19.69305,17.16419,19.627817,18.038925,19.927876,19.29274,19.520575,21.202478,19.230122,17.464476,18.419128,19.701075,17.75118,18.430647,18.967304,20.344454,20.069126,18.64642,19.245726,19.88183,19.225817,18.12834,19.530472,20.332394,19.601309,17.713781,19.401606,18.496662,16.646036,15.869468,18.3723,17.629053,16.997742,16.565123,17.04214,16.44812,16.346777,16.48933,16.868683,1.4176276,2.3233838,7.3663836,0.4675941,28.240383,38.9479,32.816418,17.975641,19.28426,18.885588,19.3631,18.294464,16.788326,42.17
4446136.924,657899.7026,7.6256557,1.4087446,1.3517394,26.293121,30.186182,29.652782,23.906279,21.180403,42.038853,35.487083,33.10128,47.280994,59.396255,31.884914,34.199165,36.65045,30.258453,22.990805,2.6117632,2.0475118,6.693476,7.975584,1384.06,75.26731,0.041015625,0.8442606,0,10,20,0.50100935,0.35309422,0.24212576,0.2801173,0.3715114,0.82503504,0.7002653,18.469221,17.083817,15.617531,17.679358,16.486412,19.319857,19.085032,17.873276,21.557978,19.638891,17.54213,19.72506,16.944134,19.334835,18.983881,19.36156,19.85282,20.47844,18.879213,19.499166,19.339272,17.969225,19.281462,19.350729,20.510517,19.314857,19.232801,19.53124,19.343433,18.612417,18.806576,19.426336,19.976635,19.891376,18.034912,19.194613,17.720991,16.878237,15.807589,18.29759,19.465523,17.361935,16.01914,17.929281,15.817048,16.679726,17.44191,17.283644,1.380242,2.3296375,7.33453,0.4675941,28.23965,38.76297,33.042038,17.677319,19.103846,19.328512,19.335978,18.214907,17.244938,42.17
4446136.924,657904.7026,5.0460887,1.4195367,1.2737969,26.291159,30.18632,30.022917,24.559233,21.521965,41.756813,35.362858,32.577217,45.58751,56.909275,32.192307,34.410557,36.641712,31.147022,24.488712,2.638097,2.0466723,6.6732035,7.918015,1383.99,76.42721,0.03955078,0.8545291,0.003295898,10,20,0.4527807,0.3335989,0.24806106,0.28506,0.35997415,0.81751674,0.7907414,18.469221,17.083817,15.617531,17.679358,16.486412,19.319857,19.085032,17.873276,21.557978,19.638891,17.54213,19.72506,16.944134,19.334835,18.983881,19.36156,19.85282,20.47844,18.879213,19.499166,19.339272,17.969225,19.281462,19.350729,20.510517,19.314857,19.232801,19.53124,19.343433,18.612417,18.806576,19.426336,19.976635,19.891376,18.034912,19.194613,17.720991,16.878237,15.807589,18.29759,19.465523,17.361935,16.01914,17.929281,15.817048,16.679726,17.44191,17.283644,1.3466668,2.3423848,7.2956095,0.46967617,28.238739,38.559837,33.30143,17.677319,19.103846,19.328512,19.335978,18.214907,17.244938,42.17
4446136.924,657909.7026,8.167166,1.4450101,1.1899917,26.472363,30.121185,30.311615,25.233124,21.475437,41.606792,34.97045,32.306442,44.01501,54.689964,32.35606,34.76822,36.651047,31.880281,25.674326,2.6675909,2.0679467,6.6490507,7.8650637,1383.91,77.141655,-0.119628906,0.8375066,-0.006591797,10,20,0.4527807,0.3335989,0.24806106,0.28506,0.35997415,0.81751674,0.7907414,18.321474,17.6159,15.314798,17.858793,15.957744,19.910276,17.918058,17.7263,21.378492,19.50445,17.26476,19.952475,16.94357,19.332567,18.940475,19.30403,19.727385,19.953205,18.371433,19.005165,18.268148,19.149416,18.399584,19.080435,20.321964,19.165333,19.934055,19.076199,19.844906,17.839931,18.046513,19.221155,20.020456,20.092197,17.104603,18.392641,17.547764,16.682596,15.034617,17.85075,19.07383,17.514565,16.191994,16.77754,16.996315,17.43784,16.297415,17.256895,1.3175008,2.3677688,7.257057,0.46967617,28.296774,38.28862,33.56214,17.55672,19.045256,18.98205,19.175556,17.839268,17.184214,42.17
4446131.924,657754.7026,3.382318,1.378448,0.8266959,27.983873,33.784042,34.278553,29.895754,26.657785,32.101048,31.639626,29.96135,30.564356,31.081131,38.81208,34.477097,35.917553,39.17306,42.447426,2.7884393,2.1035078,6.4670644,7.886086,1384.74,86.98721,-0.12011719,0.27279574,-0.006713867,10,20,0.4769843,0.33611983,0.24189124,0.27956158,0.28176245,0.8482992,0.7377971,17.38751,18.2256,15.649157,18.94301,17.044239,19.99651,18.554047,18.189667,21.091127,18.51317,17.132154,18.486515,16.872097,20.016315,20.42439,19.187576,19.849987,18.888912,16.046703,16.988012,16.068459,17.238232,17.392141,17.646624,20.8727,17.976337,16.615881,17.215273,16.85579,17.000406,16.48616,17.576885,18.210394,17.729965,15.400426,16.688982,16.541712,15.106773,14.74331,16.371452,20.417019,19.763165,17.731043,19.612959,17.534271,18.68561,18.959187,19.154222,1.102572,2.4459734,7.176575,0.45748797,30.883957,31.870337,36.64459,17.971437,18.933681,17.496065,17.57465,16.345938,18.957607,42.17
4446131.924,657759.7026,5.5925164,1.3775512,0.8166447,28.000576,33.781433,34.725975,29.831068,26.743162,32.189007,31.753931,29.883228,30.464228,30.369507,38.57236,34.385345,35.69114,39.32839,42.918365,2.7875664,2.1025357,6.4863358,7.905923,1384.72,98.130104,-0.080078125,0.20276815,-0.006713867,10,20,0.4769843,0.33611983,0.24189124,0.27956158,0.28176245,0.8482992,0.7377971,17.85308,18.623363,16.03735,19.306597,17.354439,20.450151,18.999243,18.59886,22.363888,20.151114,17.6802,19.85598,17.467052,21.018625,20.812002,20.187626,21.831867,20.422714,17.239578,18.193388,17.222013,18.112343,18.010433,18.835157,23.104176,19.08994,17.489706,19.111956,18.725529,17.399988,17.319698,18.856972,19.088772,19.086254,16.637379,17.802378,17.932308,16.209154,15.655007,17.49783,20.417019,19.763165,17.731043,19.612959,17.534271,18.68561,18.959187,19.154222,1.097098,2.4450512,7.1961293,0.45748797,30.891005,31.97147,36.47885,18.37489,19.90698,18.718904,18.89157,17.487322,18.957607,42.17
4446131.924,657764.7026,8.225605,1.3779953,0.80472976,27.969282,33.714252,35.33888,29.789204,26.960806,32.336105,32.01774,29.786135,30.317034,29.599157,38.2655,34.203316,35.243114,39.543648,43.39041,2.7860498,2.0903108,6.5139384,7.9310136,1384.71,95.19443,0.040039062,0.15836725,0,10,20,0.4769843,0.33611983,0.24189124,0.27956158,0.28176245,0.8482992,0.7377971,17.606623,17.397081,16.131197,19.493608,17.184868,19.566946,19.486227,18.289215,21.748287,21.154598,17.099709,19.59322,17.566683,21.090824,20.511446,20.124018,20.632042,20.927677,18.624624,18.684217,17.304537,16.739094,18.266748,18.860312,24.043823,21.224136,19.617954,18.888218,17.793198,17.604523,18.58095,19.696032,19.184708,20.148071,16.45995,17.954496,17.353064,15.594919,16.219854,17.50429,19.350613,17.558382,19.693882,19.963621,16.39161,17.942537,19.722494,18.778696,1.0913625,2.4381804,7.222476,0.45748797,30.841766,32.17692,36.234406,18.123793,19.823536,18.73985,19.67897,17.559294,18.660448,42.17
4446131.924,657769.7026,11.097829,1.3774079,0.78422105,27.940525,33.716576,35.41394,31.04085,27.240597,32.08093,31.872208,29.95944,29.705782,29.297937,38.6963,34.329723,35.051586,38.977013,42.648186,2.800397,2.0893354,6.473114,7.8732753,1384.69,90,-0.16015625,0.11470331,-0.008911133,10,20,0.4769843,0.33611983,0.24189124,0.27956158,0.28176245,0.8482992,0.7377971,18.219046,18.865423,15.73338,20.221214,17.064762,20.042358,18.35304,18.602282,20.5757,19.594908,16.281162,18.657907,16.436106,19.748621,19.615496,19.04904,20.99902,21.482819,19.751108,18.593914,18.391815,16.80275,19.136509,19.313078,23.190771,20.951477,20.764252,19.199501,18.374638,17.74093,18.465466,19.840769,19.529322,19.773182,18.105747,18.272032,15.601793,15.792319,15.345123,17.52749,18.307314,17.92754,17.918957,16.444077,16.479988,16.550571,16.6892,17.153646,1.0808145,2.4448662,7.173195,0.45748797,30.82855,31.976568,36.513012,18.35703,18.701414,19.308275,19.812433,17.488503,17.188236,42.17
4446131.924,657774.7026,6.5873804,1.376807,0.76385796,27.918383,33.717888,35.587345,32.252323,27.525808,31.876253,31.769089,30.104422,29.099085,28.926636,39.03424,34.425293,34.81578,38.465427,41.962173,2.814273,2.0883572,6.4394145,7.8255863,1384.69,90,0.03955078,0.085328124,0.001098633,10,20,0.4769843,0.33611983,0.24189124,0.27956158,0.28176245,0.8482992,0.7377971,18.219046,18.865423,15.73338,20.221214,17.064762,20.042358,18.35304,18.602282,20.5757,19.594908,16.281162,18.657907,16.436106,19.748621,19.615496,19.04904,20.99902,21.482819,19.751108,18.593914,18.391815,16.80275,19.136509,19.313078,23.190771,20.951477,20.764252,19.199501,18.374638,17.74093,18.465466,19.840769,19.529322,19.773182,18.105747,18.272032,15.601793,15.792319,15.345123,17.52749,18.307314,17.92754,17.918957,16.444077,16.479988,16.550571,16.6892,17.153646,1.0703325,2.4513152,7.1325006,0.45748797,30.818134,31.82267,36.729767,18.35703,18.701414,19.308275,19.812433,17.488503,17.188236,42.17
4446131.924,657779.7026,7.2742434,1.3761007,0.74534243,27.901651,33.718315,35.857056,33.383068,27.81625,31.72624,31.703796,30.22601,28.517582,28.46587,39.276054,34.492577,34.537056,38.00896,41.38086,2.8270118,2.087392,6.4144907,7.788088,1384.68,81.813614,0.000488281,0.10069206,-0.001098633,10,20,0.4769843,0.33611983,0.24189124,0.27956158,0.28176245,0.8482992,0.7377971,17.544622,19.30174,14.926127,19.42324,17.579615,19.689682,18.239101,18.313507,19.697607,19.915613,16.32879,18.905558,16.836044,19.654072,19.78679,19.053299,20.844975,21.282854,18.55765,17.647745,18.86896,16.907015,18.134935,18.82746,21.83887,20.386515,20.916546,19.348314,18.782125,17.90453,17.821074,19.56639,20.421616,19.671427,18.194355,18.76394,17.35427,15.436763,16.028471,17.972128,18.621126,17.88901,17.799496,15.790732,18.024141,15.694336,15.954837,16.993402,1.0607215,2.457202,7.1012893,0.45748797,30.809982,31.71502,36.884315,18.10059,18.732067,18.892017,19.571138,17.981548,17.110525,42.17
4446131.924,657784.7026,3.9742916,1.3760436,0.73767036,27.771542,33.848446,36.110332,34.315727,27.616684,32.041782,32.11451,30.574787,28.42974,28.739357,39.083607,34.11916,34.10337,37.13127,40.153717,2.8267314,2.0838761,6.3922815,7.7663274,1384.67,18.434948,-0.12011719,0.045340516,-0.006713867,10,20,0.4534203,0.3283289,0.24188139,0.277593,0.2724712,0.8247399,0.72763115,18.111677,19.018791,16.574308,19.376007,16.435299,19.524641,18.828205,18.429712,20.911245,19.846926,17.255976,18.781794,16.60786,19.7735,19.535511,19.270332,23.372272,20.638035,19.343805,19.828758,18.754364,17.652044,17.820147,19.600342,21.038944,20.72582,19.910198,19.406124,17.386238,18.096846,17.882845,19.308043,18.329447,19.491152,17.835897,19.74745,16.721533,15.739769,16.244257,17.802607,18.452799,18.055807,17.718296,17.30808,16.679083,15.483172,15.962204,17.04903,1.056857,2.4553037,7.0793047,0.44658083,30.809994,32.078148,36.601383,18.266989,18.958971,19.629917,19.206717,17.729929,17.094206,42.17
4446131.924,657789.7026,16.158451,1.3751552,0.7263893,27.753674,33.846874,36.381058,35.232758,27.84495,32.012104,32.107944,30.701487,28.005753,28.377419,39.20475,34.154915,33.81424,36.71254,39.673595,2.8371181,2.0831785,6.3845563,7.74258,1384.68,11.309932,0.12011719,0.07310936,0.006713867,10,20,0.4534203,0.3283289,0.24188139,0.277593,0.2724712,0.8247399,0.72763115,18.111677,19.018791,16.574308,19.376007,16.435299,19.524641,18.828205,18.429712,20.911245,19.846926,17.255976,18.781794,16.60786,19.7735,19.535511,19.270332,23.372272,20.638035,19.343805,19.828758,18.754364,17.652044,17.820147,19.600342,21.038944,20.72582,19.910198,19.406124,17.386238,18.096846,17.882845,19.308043,18.329447,19.491152,17.835897,19.74745,16.721533,15.739769,16.244257,17.802607,18.452799,18.055807,17.718296,17.30808,16.679083,15.483172,15.962204,17.04903,1.0507722,2.4601483,7.063568,0.44658083,30.800274,32.060024,36.679832,18.266989,18.958971,19.629917,19.206717,17.729929,17.094206,42.17
4446131.924,657794.7026,15.242645,1.3741132,0.72272086,27.73074,33.84421,36.44013,35.77553,27.929218,32.085308,32.123436,30.829453,27.84719,28.339825,39.268967,34.20157,33.652916,36.376736,39.31535,2.8467832,2.0826766,6.395962,7.730215,1384.67,33.690067,-0.040039062,0.10339219,-0.001098633,10,20,0.4534203,0.3283289,0.24188139,0.277593,0.2724712,0.8247399,0.72763115,18.202005,18.078508,15.704869,18.723385,16.410189,19.75735,18.969252,18.187275,20.713518,19.490894,17.013662,19.907103,16.50523,19.735556,19.47486,19.303547,21.66332,19.912762,19.289867,18.505243,18.895758,18.202803,17.95415,19.222946,21.294086,20.690258,19.298943,18.838703,17.20945,18.133144,18.0115,19.16753,18.686005,19.379734,18.098627,18.63506,17.49976,16.066708,16.54423,17.829681,16.752415,16.74339,16.977137,16.69439,15.815055,16.341969,15.983687,16.46939,1.0484171,2.4647298,7.0630884,0.44658083,30.787476,32.10437,36.735268,17.977938,18.977262,19.203415,19.068012,17.844303,16.472578,42.17
4446131.924,657799.7026,13.586825,1.3708897,0.7320341,27.77478,32.863735,36.09266,35.700924,27.780361,32.283863,32.598145,30.92925,28.194508,28.811981,39.255466,34.389153,33.81153,36.038265,39.047306,2.8526564,2.0619738,6.4357467,7.7343307,1384.67,11.309932,0.040039062,0.07310936,0.002197266,10,20,0.4534203,0.3283289,0.24188139,0.277593,0.2724712,0.8247399,0.72763115,18.674635,17.87008,15.668877,19.43757,17.611061,20.084911,17.995268,18.305758,20.361198,19.58525,16.857082,19.17114,16.789904,19.24252,19.264753,19.008392,21.631948,19.932165,20.536234,17.265524,19.033411,18.688763,18.3117,19.459082,21.607872,19.470827,19.274204,18.78108,18.730566,18.174526,18.442427,19.217417,18.111267,19.793127,17.403934,18.748865,17.162619,15.697439,15.757248,17.538553,17.219183,18.332525,16.551342,17.258297,17.35818,16.930609,17.195753,17.25204,1.0514619,2.457315,7.0850387,0.44658083,30.319258,32.441,36.82231,18.191772,18.753122,19.342821,19.211643,17.52493,17.263699,42.17
4446131.924,657804.7026,8.273645,1.3680364,0.7483777,27.738113,32.85708,35.48248,35.201645,27.434744,32.620483,32.667305,31.076967,28.789196,29.742828,39.186817,34.490658,34.0604,35.915337,38.97106,2.860001,2.0624812,6.4961524,7.750625,1384.67,329.03625,0,0.08360374,0.001098633,10,20,0.4534203,0.3283289,0.24188139,0.277593,0.2724712,0.8247399,0.72763115,18.674635,17.87008,15.668877,19.43757,17.611061,20.084911,17.995268,18.305758,20.361198,19.58525,16.857082,19.17114,16.789904,19.24252,19.264753,19.008392,21.631948,19.932165,20.536234,17.265524,19.033411,18.688763,18.3117,19.459082,21.607872,19.470827,19.274204,18.78108,18.730566,18.174526,18.442427,19.217417,18.111267,19.793127,17.403934,18.748865,17.162619,15.697439,15.757248,17.538553,17.219183,18.332525,16.551342,17.258297,17.35818,16.930609,17.195753,17.25204,1.058207,2.4612412,7.123389,0.44658083,30.297596,32.643894,36.838737,18.191772,18.753122,19.342821,19.211643,17.52493,17.263699,42.17
4446131.924,657809.7026,6.2619414,1.3651121,0.77039987,27.6984,32.84929,34.719296,34.490314,27.014582,33.014904,32.757267,31.256235,29.530233,30.85287,39.087234,34.603584,34.373966,35.838463,38.96468,2.8677473,2.0630927,6.5662613,7.771912,1384.68,351.8699,0.16015625,0.101384394,0.010009766,10,20,0.4534203,0.3283289,0.24188139,0.277593,0.2724712,0.8247399,0.72763115,18.384882,16.473597,15.770416,19.078783,16.447548,21.010365,18.135157,18.135687,20.298277,19.537062,17.115812,19.546028,17.280941,18.918026,18.4946,18.954899,21.51967,19.455723,18.954641,18.246439,17.747179,17.527868,17.847752,18.71462,20.951576,19.444937,18.952461,18.268381,18.006792,18.029612,18.891329,18.951315,18.143702,20.073528,16.129478,17.417282,14.698614,15.6831455,15.266105,16.864727,17.134876,18.945187,17.417408,17.051035,16.623571,16.746899,17.047743,17.232098,1.0677559,2.46542,7.1690865,0.44658083,30.273846,32.886086,36.84541,17.900106,18.741535,18.757038,18.935013,16.773123,17.28096,42.17
4446131.924,657814.7026,9.418074,1.3621137,0.79655975,27.657795,32.840443,33.864265,33.688206,26.572268,33.43458,32.866634,31.481384,30.3269,32.012413,38.96742,34.72684,34.70265,35.786335,38.998325,2.876368,2.0637465,6.639595,7.7943826,1384.67,14.0362425,-0.040039062,0.11823346,-0.001098633,25,20,0.45923138,0.32672903,0.23994415,0.2779213,0.3595664,0.8528243,0.71754265,18.801271,17.451653,16.997803,18.875002,16.450687,19.41488,17.840916,18.096563,21.74509,19.911709,17.180212,18.903788,17.28926,19.599987,18.352844,19.208447,22.647923,20.049175,17.817204,18.94089,20.08448,17.999018,17.821762,19.263433,20.884354,21.2999,19.239202,18.704695,19.020267,17.441095,18.445225,19.216227,18.175304,19.560932,16.214275,18.360052,15.283979,15.870962,15.581118,17.12248,18.254055,18.101261,17.246115,17.713072,18.587795,15.601873,16.51556,17.299187,1.0793368,2.4700572,7.2169886,0.4619656,30.249119,33.150608,36.84713,17.97603,18.997557,19.337206,19.290678,17.00666,17.43139,42.17
4446131.924,657819.7026,14.794931,1.3588607,0.8282175,27.617569,32.8306,32.936996,32.81925,26.119013,33.8662,32.992107,31.753344,31.18552,33.20413,38.82667,34.86317,35.037876,35.741966,39.039,2.8847446,2.0643919,6.7122827,7.8171306,1384.67,0,0,0.11470331,0,25,20,0.45923138,0.32672903,0.23994415,0.2779213,0.3595664,0.8528243,0.71754265,18.801271,17.451653,16.997803,18.875002,16.450687,19.41488,17.840916,18.096563,21.74509,19.911709,17.180212,18.903788,17.28926,19.599987,18.352844,19.208447,22.647923,20.049175,17.817204,18.94089,20.08448,17.999018,17.821762,19.263433,20.884354,21.2999,19.239202,18.704695,19.020267,17.441095,18.445225,19.216227,18.175304,19.560932,16.214275,18.360052,15.283979,15.870962,15.581118,17.12248,18.254055,18.101261,17.246115,17.713072,18.587795,15.601873,16.51556,17.299187,1.0935391,2.4745684,7.2647066,0.4619656,30.224085,33.429153,36.84492,17.97603,18.997557,19.337206,19.290678,17.00666,17.43139,42.17
4446131.924,657824.7026,21.33265,1.3540366,0.87146306,27.812414,32.304413,32.073437,31.888195,25.730644,34.28204,33.225357,32.079052,32.304893,34.52669,38.655365,35.09007,35.476803,35.58748,38.92652,2.8834405,2.0500402,6.774296,7.850279,1384.67,0.06995742,0,0.14320429,0,25,20,0.45923138,0.32672903,0.23994415,0.2779213,0.3595664,0.8528243,0.71754265,19.957653,17.51823,16.118149,17.315748,16.177208,19.944502,17.33589,17.87846,21.770054,19.569569,17.411358,19.504623,17.533112,19.636461,18.445583,19.357414,22.915668,19.777348,17.488579,19.142984,19.912981,18.19211,17.65944,19.23621,21.617945,21.439814,19.366253,19.351519,19.412395,17.336739,18.745504,19.529318,19.917627,18.897717,16.608677,18.845968,18.044386,15.796267,17.035505,17.809952,17.386187,17.347412,17.308826,18.00158,16.92646,15.667915,16.988577,17.016783,1.1127498,2.4667404,7.3122873,0.4619656,30.058414,33.7537,36.87272,17.76677,19.124393,19.298445,19.610025,17.878021,17.089565,42.17
4446131.924,657829.7026,23.400488,1.3461952,0.9433059,27.735247,32.497192,31.710821,30.95256,25.423838,34.59534,32.74227,31.988794,33.997375,36.13613,38.561283,35.37788,35.76098,35.006657,38.39171,2.8568757,2.0592303,6.8042912,7.885447,1384.67,347.02112,-0.03955078,0.19074075,-0.002197266,25,20,0.45923138,0.32672903,0.23994415,0.2779213,0.3595664,0.8528243,0.71754265,19.80849,17.643007,14.899279,18.66407,15.864714,20.601442,17.906672,18.15462,21.91097,19.973177,17.148693,19.505648,16.812992,19.556124,19.809109,19.533789,21.51851,19.607334,17.32978,19.694164,19.682163,17.782024,18.03337,18.967087,21.279556,19.95646,17.7705,18.439486,20.662745,16.74737,18.370153,18.867575,20.644901,17.915161,17.753721,20.186415,19.928698,16.143772,16.523832,18.396189,18.228449,17.303776,16.65758,17.291473,16.822657,15.593446,16.211061,16.80382,1.1447506,2.458053,7.344869,0.4619656,30.116219,33.668808,36.96958,17.912525,19.245245,19.09248,19.032322,18.442356,16.872633,42.17
4446131.924,657834.7026,24.260693,1.3393368,1.0298622,27.713034,32.494144,31.386232,29.917603,24.95516,34.927753,32.689266,31.951769,35.99126,37.870922,38.419056,35.47746,36.081913,34.264477,37.67855,2.8205225,2.0584219,6.8228607,7.928239,1384.68,331.6928,0.041015625,0.2109145,0.002319336,25,20,0.45923138,0.32672903,0.23994415,0.2779213,0.3595664,0.8528243,0.71754265,19.80849,17.643007,14.899279,18.66407,15.864714,20.601442,17.906672,18.15462,21.91097,19.973177,17.148693,19.505648,16.812992,19.556124,19.809109,19.533789,21.51851,19.607334,17.32978,19.694164,19.682163,17.782024,18.03337,18.967087,21.279556,19.95646,17.7705,18.439486,20.662745,16.74737,18.370153,18.867575,20.644901,17.915161,17.753721,20.186415,19.928698,16.143772,16.523832,18.396189,18.228449,17.303776,16.65758,17.291473,16.822657,15.593446,16.211061,16.80382,1.1845994,2.4394722,7.37555,0.4619656,30.103588,33.80851,36.948257,17.912525,19.245245,19.09248,19.032322,18.442356,16.872633,42.17
4446131.924,657839.7026,20.97023,1.3323133,1.1242479,27.69132,32.489754,30.9453,28.785002,24.459648,35.272198,32.655186,31.96974,38.116165,39.712997,38.246338,35.602657,36.431217,33.497826,36.919106,2.784207,2.0575979,6.8424015,7.9726458,1384.69,341.60013,0.07910156,0.18058743,0.006591797,25,20,0.45923138,0.32672903,0.23994415,0.2779213,0.3595664,0.8528243,0.71754265,19.81212,17.637436,15.664642,18.405504,16.24658,19.521696,18.695467,18.200535,22.84351,19.814362,17.083012,20.6216,17.126228,19.335787,19.068953,19.685905,21.447903,19.380192,18.346333,19.237434,21.537052,19.071178,16.9335,19.458023,20.313007,19.409184,19.240705,19.32496,20.276945,16.725292,17.536247,18.941713,20.794844,18.6138,18.485508,19.104889,19.33152,16.126093,16.245419,18.300457,17.9819,17.046545,16.979124,18.013817,17.577923,16.503931,15.744334,17.153889,1.2282805,2.4209025,7.4075236,0.4619656,30.090538,33.96369,36.9245,17.997635,19.41335,19.421942,18.975193,18.386011,17.12108,42.17
4446131.924,657844.7026,17.767178,1.3609908,1.2179831,27.539536,32.09591,30.404106,27.764679,24.173634,35.78261,32.86634,32.071987,40.132553,41.524185,37.969345,35.784595,36.828682,32.672382,36.150692,2.7747748,2.0616536,6.8565516,7.9958825,1384.69,12.939441,0.07910156,0.19053113,0.005493164,25,20,0.47710866,0.3393914,0.24668524,0.2792854,0.36902696,0.851438,0.6984178,18.442251,16.995571,16.384987,18.386986,17.168756,19.903498,17.962301,18.123346,22.682732,19.620007,17.168636,20.458525,17.512436,20.173328,19.251406,19.847172,21.556772,18.431597,19.58043,20.226973,21.74616,19.142393,17.544836,19.842913,21.450169,18.38841,19.03045,19.679724,19.997421,18.302387,18.081364,19.292477,20.536745,18.62001,18.695797,19.8873,18.844433,16.487387,16.122112,18.488588,18.329123,16.991505,16.749075,18.608322,17.837252,16.727335,16.193323,17.40883,1.2894869,2.4182143,7.426217,0.46590763,29.817722,34.32448,36.87697,17.89205,19.552439,19.747023,19.275702,18.456255,17.34799,42.17
4446131.924,657849.7026,19.859324,1.3465749,1.3194555,27.35548,31.508268,29.862402,26.561543,23.063564,36.289867,33.265823,32.144306,42.375587,43.572178,37.632458,35.809357,37.101524,31.958458,35.188465,2.7395651,2.0708697,6.880074,8.042558,1384.68,20.53684,-0.0390625,0.24422757,0.001220703,25,20,0.47710866,0.3393914,0.24668524,0.2792854,0.36902696,0.851438,0.6984178,18.442251,16.995571,16.384987,18.386986,17.168756,19.903498,17.962301,18.123346,22.682732,19.620007,17.168636,20.458525,17.512436,20.173328,19.251406,19.847172,21.556772,18.431597,19.58043,20.226973,21.74616,19.142393,17.544836,19.842913,21.450169,18.38841,19.03045,19.679724,19.997421,18.302387,18.081364,19.292477,20.536745,18.62001,18.695797,19.8873,18.844433,16.487387,16.122112,18.488588,18.329123,16.991505,16.749075,18.608322,17.837252,16.727335,16.193323,17.40883,1.3330152,2.4052174,7.461316,0.46590763,29.431873,34.777847,36.72091,17.89205,19.552439,19.747023,19.275702,18.456255,17.34799,42.17
4446131.924,657854.7026,16.440685,1.3465768,1.4004703,27.046469,31.439661,29.292078,25.587006,22.520508,36.760876,33.030514,32.34167,44.410404,45.9583,37.297775,36.07614,37.51891,31.095528,33.809883,2.718133,2.0656278,6.8911424,8.07149,1384.68,27.66092,0.2006836,0.33935302,0.013427734,25,20,0.47710866,0.3393914,0.24668524,0.2792854,0.36902696,0.851438,0.6984178,19.378534,18.633377,16.35511,18.991701,18.068922,19.610294,18.10214,18.5854,22.77856,19.608248,17.331686,20.643614,17.11457,19.92549,19.928865,19.931955,21.334324,19.622353,19.20471,18.6163,19.916237,17.749516,18.030788,19.284994,20.84741,20.1071,18.984144,19.653696,19.628426,18.593678,19.219313,19.701515,20.991695,19.325619,19.03963,18.692854,18.657085,16.696772,16.736032,18.585485,18.590054,17.747185,16.866901,16.974068,17.774662,16.045965,16.720604,17.17435,1.3735235,2.3918805,7.4813166,0.46590763,29.243065,34.895695,36.68696,18.448582,19.61872,19.210604,19.576252,18.591383,17.245634,42.17
4446131.924,657859.7026,13.420966,1.342023,1.4441544,26.992308,30.983818,28.939747,24.740076,22.214708,37.56401,34.240574,32.901215,45.94887,48.650124,36.494083,35.427246,37.413208,30.49226,32.060894,2.6918495,2.0556912,6.887046,8.096793,1384.66,40.423855,0.20019531,0.50828224,0.015625,25,20,0.47710866,0.3393914,0.24668524,0.2792854,0.36902696,0.851438,0.6984178,18.676197,18.152395,15.972189,17.899256,16.26704,19.966839,18.712358,18.077467,22.434437,19.800333,17.119404,20.38738,17.11245,19.490997,19.619183,19.734102,20.437859,20.448507,17.779255,19.845911,17.816422,19.303349,17.73277,19.300314,20.168684,19.728367,17.04443,20.790321,19.33375,18.52037,19.264212,19.463469,20.051798,19.507305,17.047827,19.68374,18.844404,16.941883,16.710651,18.433416,18.412594,17.847507,15.127802,17.869934,16.50521,16.991379,15.627577,16.983347,1.3930887,2.3737702,7.4919195,0.46590763,28.988064,35.90229,35.960663,17.949467,19.423456,19.052011,19.264303,18.39823,16.911715,42.17
4446131.924,657864.7026,15.113965,1.3397127,1.4649904,26.988926,30.977797,28.774635,24.098175,21.936192,38.375175,34.48497,33.07684,47.131268,51.63701,35.61189,35.146183,37.433155,30.08955,29.910091,2.6696737,2.0557613,6.864518,8.106568,1384.62,50.177235,0.15966797,0.67135143,0.011108398,10,20,0.47710866,0.3393914,0.24668524,0.2792854,0.36902696,0.851438,0.6984178,18.676197,18.152395,15.972189,17.899256,16.26704,19.966839,18.712358,18.077467,22.434437,19.800333,17.119404,20.38738,17.11245,19.490997,19.619183,19.734102,20.437859,20.448507,17.779255,19.845911,17.816422,19.303349,17.73277,19.300314,20.168684,19.728367,17.04443,20.790321,19.33375,18.52037,19.264212,19.463469,20.051798,19.507305,17.047827,19.68374,18.844404,16.941883,16.710651,18.433416,18.412594,17.847507,15.127802,17.869934,16.50521,16.991379,15.627577,16.983347,1.4023516,2.3627176,7.4855433,0.46590763,28.98336,36.430073,35.379036,17.949467,19.423456,19.052011,19.264303,18.39823,16.911715,42.17
4446131.924,657869.7026,9.846306,1.3379177,1.481701,26.984802,30.971468,28.639133,23.510721,21.657726,39.261448,34.757343,33.281796,48.30369,54.790062,34.65333,34.82821,37.406906,29.634136,27.57652,2.6492484,2.0558712,6.840649,8.115987,1384.56,58.666485,0.000976563,0.7712955,0,10,20,0.47710866,0.3393914,0.24668524,0.2792854,0.36902696,0.851438,0.6984178,18.880194,18.29907,16.374878,17.917795,15.950529,20.368292,17.794468,18.114119,22.281315,19.780212,16.741947,19.522017,17.241617,20.102936,19.958248,19.67105,21.994059,20.024658,17.180603,18.663801,18.06459,18.39467,18.968138,19.12642,20.714977,19.305573,16.873325,20.160566,17.852648,18.239899,18.86665,19.024822,20.416374,18.531694,16.532051,18.82973,17.06522,16.18231,15.80071,17.631763,17.893253,17.980219,15.359171,17.42819,16.3662,16.007217,16.405096,16.726265,1.4098094,2.3525598,7.478318,0.46590763,28.978134,37.009396,34.74077,17.940748,19.375471,19.041502,18.85909,17.622583,16.77705,42.17
4446131.924,657874.7026,12.461095,1.3661853,1.4984728,26.895803,31.241287,28.864498,23.007492,21.529888,40.021385,35.046803,33.226498,49.31231,57.948887,33.783047,34.261875,36.996998,29.308723,25.248316,2.60266,2.0119805,6.807268,8.11303,1384.49,63.434948,-0.2006836,0.8327348,-0.010009766,10,20,0.50100935,0.35309422,0.24212576,0.2801173,0.3715114,0.82503504,0.7002653,18.880194,18.29907,16.374878,17.917795,15.950529,20.368292,17.794468,18.114119,22.281315,19.780212,16.741947,19.522017,17.241617,20.102936,19.958248,19.67105,21.994059,20.024658,17.180603,18.663801,18.06459,18.39467,18.968138,19.12642,20.714977,19.305573,16.873325,20.160566,17.852648,18.239899,18.86665,19.024822,20.416374,18.531694,16.532051,18.82973,17.06522,16.18231,15.80071,17.631763,17.893253,17.980219,15.359171,17.42819,16.3662,16.007217,16.405096,16.726265,1.432329,2.30732,7.4601493,0.4675941,29.068546,37.534096,34.02246,17.940748,19.375471,19.041502,18.85909,17.622583,16.77705,42.17
4446131.924,657879.7026,11.751949,1.3725476,1.5124798,26.594296,30.777906,28.728283,22.456768,20.7088,40.93572,35.22198,33.34906,50.423595,60.832615,32.9027,34.261967,37.053997,28.860054,23.084816,2.5926464,2.0332787,6.7920465,8.12425,1384.43,66.378075,0.08105469,1.0004921,0.004516602,25,20,0.50100935,0.35309422,0.24212576,0.2801173,0.3715114,0.82503504,0.7002653,19.054266,17.852604,16.721996,17.687336,17.034159,20.605822,17.561779,18.225668,20.491123,19.607294,16.890827,19.756075,17.240679,20.057913,19.808851,19.445185,20.690107,19.16337,17.22121,18.569265,19.126497,18.734118,19.921124,19.120146,20.477901,19.022022,16.840954,20.646784,17.709232,18.645458,20.204634,19.238708,19.525906,19.152657,16.411812,18.993378,18.3226,16.167868,16.902668,17.882544,17.608646,16.62996,16.565857,17.424093,16.819912,16.442574,16.401642,16.823242,1.4425137,2.3129625,7.4581485,0.4675941,28.6861,38.07885,33.582333,18.073994,19.121824,19.060812,19.078142,17.925272,16.84181,42.17
4446131.924,657884.7026,12.611745,1.3766146,1.5057472,26.594297,30.774727,28.730524,22.287115,20.633518,41.57997,35.41458,33.479538,50.808018,62.377754,32.222656,34.02904,36.94049,28.680538,21.76118,2.5824542,2.0318265,6.7738132,8.117678,1384.34,66.998245,-0.000976563,1.135976,-0.001098633,25,20,0.50100935,0.35309422,0.24212576,0.2801173,0.3715114,0.82503504,0.7002653,19.255642,17.088787,16.713375,18.473057,16.739977,20.802378,17.053139,18.25942,20.582478,19.912579,17.277658,19.937704,17.064117,19.930668,18.794773,19.325848,20.845331,19.332346,19.22961,18.881577,18.09932,17.96731,18.314806,19.103397,20.062115,20.028006,19.21555,20.872238,19.134556,18.959156,18.93004,19.67203,20.76738,19.66552,16.761068,18.887396,18.634039,16.672636,16.18076,18.219973,18.273256,16.630436,17.122753,16.924965,16.465214,16.04436,15.432845,16.68973,1.441181,2.3071404,7.4457455,0.4675941,28.684513,38.497276,33.125847,18.01805,19.071424,18.9529,19.600235,18.224115,16.699118,42.17
4446131.924,657889.7026,13.651407,1.3779172,1.4668442,26.313295,30.186571,28.807901,22.456472,20.696554,41.754036,35.48297,33.420086,50.226643,61.94926,32.03424,34.24159,37.062534,29.0684,21.801424,2.584227,2.048715,6.7601275,8.083966,1384.25,67.376,0,1.1171143,0,25,20,0.50100935,0.35309422,0.24212576,0.2801173,0.3715114,0.82503504,0.7002653,19.255642,17.088787,16.713375,18.473057,16.739977,20.802378,17.053139,18.25942,20.582478,19.912579,17.277658,19.937704,17.064117,19.930668,18.794773,19.325848,20.845331,19.332346,19.22961,18.881577,18.09932,17.96731,18.314806,19.103397,20.062115,20.028006,19.21555,20.872238,19.134556,18.959156,18.93004,19.67203,20.76738,19.66552,16.761068,18.887396,18.634039,16.672636,16.18076,18.219973,18.273256,16.630436,17.122753,16.924965,16.465214,16.04436,15.432845,16.68973,1.4223807,2.316471,7.4220467,0.4675941,28.249933,38.618504,33.137917,18.01805,19.071424,18.9529,19.600235,18.224115,16.699118,42.17
4446131.924,657894.7026,13.899695,1.3845326,1.4054542,26.313278,30.18435,29.023378,22.901613,20.96141,41.69278,35.497993,33.282238,48.983852,60.272713,32.0706,34.2912,36.99465,29.725067,22.690157,2.5922918,2.0480208,6.749303,8.042891,1384.16,71.08685,0.000976563,1.0598891,-0.002197266,10,20,0.50100935,0.35309422,0.24212576,0.2801173,0.3715114,0.82503504,0.7002653,19.255589,18.079802,16.889866,18.099283,16.780489,19.605227,18.081285,18.212175,22.053844,20.043476,17.007175,19.84868,17.349365,20.01633,18.387884,19.52755,21.645824,21.902294,18.905262,20.666567,18.619463,19.252085,16.85535,19.85402,20.888046,21.19711,19.562052,20.56152,20.513546,18.094141,18.504063,19.901299,21.422012,20.15847,18.20733,19.0832,18.55599,16.974936,15.822915,18.613766,18.181684,17.535334,17.152765,17.542685,16.87922,15.913806,15.572249,16.932487,1.3949933,2.3201563,7.3960967,0.4675941,28.248814,38.595387,33.1809,18.113077,19.243822,19.692408,19.902925,18.60355,16.968248,42.17
4446131.924,657899.7026,21.653517,1.3919371,1.3369802,26.309164,30.182795,29.30453,23.480507,21.24962,41.63862,35.49882,33.132175,47.482742,58.21045,32.140152,34.33692,36.888268,30.462114,23.829681,2.6039863,2.0473914,6.73397,7.9961243,1384.07,73.3168,-0.20117188,0.8970931,-0.012329102,10,20,0.50100935,0.35309422,0.24212576,0.2801173,0.3715114,0.82503504,0.7002653,19.457634,18.732565,15.723088,18.369757,15.938056,20.26806,18.675808,18.337383,22.503536,20.203913,17.551003,20.621283,17.50615,19.72238,19.918402,20.01127,23.143406,21.689892,18.30502,20.464186,18.466988,18.57611,17.942217,19.761826,20.40291,21.17271,19.48478,20.664076,19.498775,18.236032,19.010563,19.787426,19.909124,20.366087,18.490984,19.486324,18.263044,17.377943,16.21681,18.64688,17.882715,17.02008,18.187725,16.621796,17.214123,16.684317,17.040983,17.155527,1.3644587,2.3256888,7.3650475,0.4675941,28.24598,38.568718,33.238537,18.166424,19.718096,19.79826,19.781406,18.587189,17.235964,42.17
4446131.924,657904.7026,10.032012,1.3999853,1.266,26.301151,30.18172,29.637365,24.132809,21.531517,41.639435,35.497856,32.98282,45.898952,56.093697,32.192863,34.364002,36.743614,31.187473,24.99096,2.617821,2.0468287,6.7126245,7.9463606,1384.01,75.740776,0.080078125,0.87167907,0.005615234,10,20,0.4527807,0.3335989,0.24806106,0.28506,0.35997415,0.81751674,0.7907414,19.457634,18.732565,15.723088,18.369757,15.938056,20.26806,18.675808,18.337383,22.503536,20.203913,17.551003,20.621283,17.50615,19.72238,19.918402,20.01127,23.143406,21.689892,18.30502,20.464186,18.466988,18.57611,17.942217,19.761826,20.40291,21.17271,19.48478,20.664076,19.498775,18.236032,19.010563,19.787426,19.909124,20.366087,18.490984,19.486324,18.263044,17.377943,16.21681,18.64688,17.882715,17.02008,18.187725,16.621796,17.214123,16.684317,17.040983,17.155527,1.3329927,2.332325,7.3294926,0.46967617,28.241436,38.568645,33.278435,18.166424,19.718096,19.79826,19.781406,18.587189,17.235964,42.17
4446131.924,657909.7026,11.4111805,1.3976697,1.1862638,26.473188,30.122875,30.013775,24.6483,21.28372,41.644714,35.157505,32.410156,44.504494,54.076607,32.260323,34.639565,36.901073,31.891464,26.099966,2.628793,2.048611,6.6849194,7.9037795,1383.93,78.703514,0.000976563,0.87649006,-0.002197266,10,20,0.4527807,0.3335989,0.24806106,0.28506,0.35997415,0.81751674,0.7907414,18.539743,18.947842,14.524269,18.601355,17.220034,20.478655,18.909286,18.352667,21.921463,20.437557,17.174807,20.692785,17.332485,19.779745,19.669409,19.885942,22.72942,21.647972,19.683836,20.10373,19.68101,18.174116,18.5454,20.0306,21.142902,21.433516,19.301777,20.53905,19.198372,16.807043,18.029545,19.501995,19.45202,20.374275,18.555363,19.663023,18.038406,16.032705,15.302752,18.20224,18.246948,17.361555,17.084778,16.971758,16.105545,16.426,16.209215,16.890667,1.2919667,2.338702,7.2943497,0.46967617,28.29803,38.401108,33.449944,18.174456,19.572607,20.080782,19.493174,18.202648,16.915113,42.17
4446126.924,657754.7026,5.242102,1.3737432,0.8164944,27.981722,33.787437,34.10702,30.109514,26.656725,31.924788,31.559233,29.97407,30.411982,31.42241,39.04886,34.496994,36.019054,39.130684,42.108963,2.7866864,2.1047575,6.433672,7.862347,1384.75,82.56859,0.040039062,0.33256215,0.002197266,10,20,0.4769843,0.33611983,0.24189124,0.27956158,0.28176245,0.8482992,0.7377971,17.38751,18.2256,15.649157,18.94301,17.044239,19.99651,18.554047,18.189667,21.091127,18.51317,17.132154,18.486515,16.872097,20.016315,20.42439,19.187576,19.849987,18.888912,16.046703,16.988012,16.068459,17.238232,17.392141,17.646624,20.8727,17.976337,16.615881,17.215273,16.85579,17.000406,16.48616,17.576885,18.210394,17.729965,15.400426,16.688982,16.541712,15.106773,14.74331,16.371452,20.417019,19.763165,17.731043,19.612959,17.534271,18.68561,18.959187,19.154222,1.0951188,2.445722,7.1480093,0.45748797,30.884579,31.74201,36.772926,17.971437,18.933681,17.496065,17.57465,16.345938,18.957607,42.17
4446126.924,657759.7026,7.5278482,1.3728791,0.80260736,27.990856,33.78606,34.48404,30.28622,26.77653,31.924833,31.62026,29.93648,30.2045,30.749228,38.955643,34.443874,35.80428,39.165226,42.395596,2.7884135,2.1037414,6.438917,7.8660135,1384.72,86.18593,-0.080078125,0.21554539,-0.005615234,10,20,0.4769843,0.33611983,0.24189124,0.27956158,0.28176245,0.8482992,0.7377971,17.85308,18.623363,16.03735,19.306597,17.354439,20.450151,18.999243,18.59886,22.363888,20.151114,17.6802,19.85598,17.467052,21.018625,20.812002,20.187626,21.831867,20.422714,17.239578,18.193388,17.222013,18.112343,18.010433,18.835157,23.104176,19.08994,17.489706,19.111956,18.725529,17.399988,17.319698,18.856972,19.088772,19.086254,16.637379,17.802378,17.932308,16.209154,15.655007,17.49783,20.417019,19.763165,17.731043,19.612959,17.534271,18.68561,18.959187,19.154222,1.0877433,2.4460773,7.1524653,0.45748797,30.888458,31.772547,36.69976,18.37489,19.90698,18.718904,18.89157,17.487322,18.957607,42.17
4446126.924,657764.7026,25.181643,1.3720169,0.786755,27.99451,33.78512,34.859203,30.696032,26.943346,31.888987,31.653126,29.927147,29.896875,30.102457,38.931934,34.416756,35.566353,39.088238,42.48135,2.7923903,2.1026988,6.4372644,7.860531,1384.71,83.659805,0,0.12983528,0.001098633,10,20,0.4769843,0.33611983,0.24189124,0.27956158,0.28176245,0.8482992,0.7377971,17.606623,17.397081,16.131197,19.493608,17.184868,19.566946,19.486227,18.289215,21.748287,21.154598,17.099709,19.59322,17.566683,21.090824,20.511446,20.124018,20.632042,20.927677,18.624624,18.684217,17.304537,16.739094,18.266748,18.860312,24.043823,21.224136,19.617954,18.888218,17.793198,17.604523,18.58095,19.696032,19.184708,20.148071,16.45995,17.954496,17.353064,15.594919,16.219854,17.50429,19.350613,17.558382,19.693882,19.963621,16.39161,17.942537,19.722494,18.778696,1.079386,2.4475446,7.1488976,0.45748797,30.889814,31.771057,36.674347,18.123793,19.823536,18.73985,19.67897,17.559294,18.660448,42.17
4446126.924,657769.7026,17.473944,1.3721261,0.76621956,27.932156,33.721386,35.259712,31.582964,27.315163,31.78672,31.737524,29.990086,29.368792,29.555967,39.088383,34.380386,35.12285,38.80767,42.1349,2.7999744,2.089929,6.4223895,7.830957,1384.7,75.96375,0.040039062,0.11823346,0.001098633,10,20,0.4769843,0.33611983,0.24189124,0.27956158,0.28176245,0.8482992,0.7377971,18.219046,18.865423,15.73338,20.221214,17.064762,20.042358,18.35304,18.602282,22.022114,20.206753,17.403124,19.38693,17.298828,21.550928,20.995365,20.212008,20.99902,21.482819,19.751108,18.593914,18.391815,16.80275,19.136509,19.313078,23.200022,20.959927,20.767277,19.208136,18.37424,17.739902,18.472183,19.845802,19.706692,20.013659,18.344366,18.494032,15.867208,15.919059,15.5127125,17.729914,20.669083,18.866405,20.217527,18.661081,17.802765,18.490198,19.27249,19.166912,1.0691729,2.4449518,7.126673,0.45748797,30.82677,31.762123,36.734383,18.35703,19.83772,19.308275,19.817385,17.693962,19.139935,42.17
4446126.924,657774.7026,9.153771,1.3711714,0.74581295,27.919659,33.72203,35.577305,32.68075,27.611795,31.624458,31.674118,30.08108,28.774601,29.016262,39.304092,34.437687,34.84394,38.38804,41.617653,2.8109596,2.0889058,6.3961177,7.7951293,1384.69,71.56505,-0.000488281,0.09012804,0,10,20,0.4769843,0.33611983,0.24189124,0.27956158,0.28176245,0.8482992,0.7377971,18.219046,18.865423,15.73338,20.221214,17.064762,20.042358,18.35304,18.602282,20.5757,19.594908,16.281162,18.657907,16.436106,19.748621,19.615496,19.04904,20.99902,21.482819,19.751108,18.593914,18.391815,16.80275,19.136509,19.313078,23.190771,20.951477,20.764252,19.199501,18.374638,17.74093,18.465466,19.840769,19.529322,19.773182,18.105747,18.272032,15.601793,15.792319,15.345123,17.52749,18.307314,17.92754,17.918957,16.444077,16.479988,16.550571,16.6892,17.153646,1.0584922,2.4499326,7.0956235,0.45748797,30.820845,31.649288,36.870888,18.35703,18.701414,19.308275,19.812433,17.488503,17.188236,42.17
4446126.924,657779.7026,10.306455,1.3701348,0.7250893,27.908112,33.722446,35.997612,33.887295,27.958063,31.470972,31.620546,30.174545,28.112617,28.377914,39.49922,34.48466,34.49692,37.936165,41.0668,2.8221014,2.0878553,6.3705883,7.7600646,1384.68,58.994755,-0.07910156,0.0828241,-0.003295898,10,20,0.4769843,0.33611983,0.24189124,0.27956158,0.28176245,0.8482992,0.7377971,17.544622,19.30174,14.926127,19.42324,17.579615,19.689682,18.239101,18.313507,19.697607,19.915613,16.32879,18.905558,16.836044,19.654072,19.78679,19.053299,20.844975,21.282854,18.55765,17.647745,18.86896,16.907015,18.134935,18.82746,21.83887,20.386515,20.916546,19.348314,18.782125,17.90453,17.821074,19.56639,20.421616,19.671427,18.194355,18.76394,17.35427,15.436763,16.028471,17.972128,18.621126,17.88901,17.799496,15.790732,18.024141,15.694336,15.954837,16.993402,1.0476121,2.4549785,7.0653267,0.45748797,30.815279,31.54576,36.991943,18.10059,18.732067,18.892017,19.571138,17.981548,17.110525,42.17
4446126.924,657784.7026,8.319866,1.3690228,0.7047853,27.898241,33.722656,36.534225,35.190308,28.359606,31.323109,31.579733,30.272863,27.383474,27.60091,39.674885,34.51553,34.06978,37.45857,40.528484,2.8332543,2.086787,6.34569,7.7260795,1384.68,18.294518,0.040039062,0.04511948,0,10,20,0.4534203,0.3283289,0.24188139,0.277593,0.2724712,0.8247399,0.72763115,18.111677,19.018791,16.574308,19.376007,16.435299,19.524641,18.828205,18.429712,20.911245,19.846926,17.255976,18.781794,16.60786,19.7735,19.535511,19.270332,23.372272,20.638035,19.343805,19.828758,18.754364,17.652044,17.820147,19.600342,21.038944,20.72582,19.910198,19.406124,17.386238,18.096846,17.882845,19.308043,18.329447,19.491152,17.835897,19.74745,16.721533,15.739769,16.244257,17.802607,18.452799,18.055807,17.718296,17.30808,16.679083,15.483172,15.962204,17.04903,1.0369041,2.4600205,7.035885,0.44658083,30.810448,31.45142,37.095207,18.266989,18.958971,19.629917,19.206717,17.729929,17.094206,42.17
4446126.924,657789.7026,11.610021,1.368527,0.69132745,27.775572,33.853004,37.089252,36.440117,28.35282,31.511711,31.981152,30.581673,26.958675,27.227444,39.551487,34.14368,33.470997,36.603832,39.5283,2.8336287,2.0830033,6.3206115,7.70071,1384.68,0,0,0.028675864,0.002197266,10,20,0.4534203,0.3283289,0.24188139,0.277593,0.2724712,0.8247399,0.72763115,18.111677,19.018791,16.574308,19.376007,16.435299,19.524641,18.828205,18.429712,20.911245,19.846926,17.255976,18.781794,16.60786,19.7735,19.535511,19.270332,23.372272,20.638035,19.343805,19.828758,18.754364,17.652044,17.820147,19.600342,21.038944,20.72582,19.910198,19.406124,17.386238,18.096846,17.882845,19.308043,18.329447,19.491152,17.835897,19.74745,16.721533,15.739769,16.244257,17.802607,18.452799,18.055807,17.718296,17.30808,16.679083,15.483172,15.962204,17.04903,1.0299273,2.4583158,7.0106606,0.44658083,30.81429,31.746431,36.847584,18.266989,18.958971,19.629917,19.206717,17.729929,17.094206,42.17
4446126.924,657794.7026,12.455863,1.3671894,0.68150604,27.758455,33.851242,37.47358,37.394695,28.62681,31.489948,31.984838,30.696045,26.495821,26.736574,39.660576,34.165806,33.113785,36.177803,39.138504,2.8427947,2.082316,6.318275,7.680032,1384.68,45,0.080078125,0.060830675,0.003295898,10,20,0.4534203,0.3283289,0.24188139,0.277593,0.2724712,0.8247399,0.72763115,18.202005,18.078508,15.704869,18.723385,16.410189,19.75735,18.969252,18.187275,20.713518,19.490894,17.013662,19.907103,16.50523,19.735556,19.47486,19.303547,21.66332,19.912762,19.289867,18.505243,18.895758,18.202803,17.95415,19.222946,21.294086,20.690258,19.298943,18.838703,17.20945,18.133144,18.0115,19.16753,18.686005,19.379734,18.098627,18.63506,17.49976,16.066708,16.54423,17.829681,16.752415,16.74339,16.977137,16.69439,15.815055,16.341969,15.983687,16.46939,1.0243478,2.4625554,6.999153,0.44658083,30.804848,31.737392,36.913193,17.977938,18.977262,19.203415,19.068012,17.844303,16.472578,42.17
4446126.924,657799.7026,10.173666,1.364512,0.6928743,27.796658,32.87165,37.04332,37.13031,28.38263,31.753836,32.44918,30.760609,26.969082,27.350134,39.623047,34.34889,33.351574,35.9085,38.972015,2.847054,2.0610266,6.370922,7.691718,1384.67,26.56505,-0.080078125,0.06412116,-0.004394531,10,20,0.4534203,0.3283289,0.24188139,0.277593,0.2724712,0.8247399,0.72763115,18.674635,17.87008,15.668877,19.43757,17.611061,20.084911,17.995268,18.305758,20.361198,19.58525,16.857082,19.17114,16.789904,19.24252,19.264753,19.008392,21.631948,19.932165,20.536234,17.265524,19.033411,18.688763,18.3117,19.459082,21.607872,19.470827,19.274204,18.78108,18.730566,18.174526,18.442427,19.217417,18.111267,19.793127,17.403934,18.748865,17.162619,15.697439,15.757248,17.538553,17.219183,18.332525,16.551342,17.258297,17.35818,16.930609,17.195753,17.25204,1.0286932,2.4540403,7.03132,0.44658083,30.334154,32.10151,36.98597,18.191772,18.753122,19.342821,19.211643,17.52493,17.263699,42.17
4446126.924,657804.7026,4.734731,1.3611083,0.7147007,27.752289,32.864395,36.228443,36.235115,27.847944,32.193016,32.523884,30.86068,27.869917,28.635683,39.517735,34.4664,33.781483,35.861324,39.003033,2.8512204,2.0616665,6.4523034,7.721301,1384.67,315,-0.080078125,0.060830675,-0.005615234,10,20,0.4534203,0.3283289,0.24188139,0.277593,0.2724712,0.8247399,0.72763115,18.674635,17.87008,15.668877,19.43757,17.611061,20.084911,17.995268,18.305758,20.361198,19.58525,16.857082,19.17114,16.789904,19.24252,19.264753,19.008392,21.631948,19.932165,20.536234,17.265524,19.033411,18.688763,18.3117,19.459082,21.607872,19.470827,19.274204,18.78108,18.730566,18.174526,18.442427,19.217417,18.111267,19.793127,17.403934,18.748865,17.162619,15.697439,15.757248,17.538553,17.219183,18.332525,16.551342,17.258297,17.35818,16.930609,17.195753,17.25204,1.0379045,2.4564433,7.0868025,0.44658083,30.308342,32.35845,36.992065,18.191772,18.753122,19.342821,19.211643,17.52493,17.263699,42.17
4446126.924,657809.7026,4.884479,1.3576015,0.7407531,27.70687,32.85673,35.39725,35.305927,27.319996,32.64619,32.609154,30.989265,28.809134,29.934883,39.41313,34.580322,34.190453,35.80338,39.06697,2.8550909,2.0623384,6.5354924,7.7516923,1384.68,315,0.040039062,0.040553793,0.003295898,25,20,0.4534203,0.3283289,0.24188139,0.277593,0.2724712,0.8247399,0.72763115,18.384882,16.473597,15.770416,19.078783,16.447548,21.010365,18.135157,18.135687,20.298277,19.537062,17.115812,19.546028,17.280941,18.918026,18.4946,18.954899,21.51967,19.455723,18.954641,18.246439,17.747179,17.527868,17.847752,18.71462,20.951576,19.444937,18.952461,18.268381,18.006792,18.029612,18.891329,18.951315,18.143702,20.073528,16.129478,17.417282,14.698614,15.6831455,15.266105,16.864727,17.134876,18.945187,17.417408,17.051035,16.623571,16.746899,17.047743,17.232098,1.0491773,2.4587145,7.1435924,0.44658083,30.2818,32.62767,36.996727,17.900106,18.741535,18.757038,18.935013,16.773123,17.28096,42.17
4446126.924,657814.7026,5.9799514,1.3539448,0.7705928,27.662323,32.84888,34.601734,34.424545,26.830994,33.087128,32.699303,31.147936,29.745121,31.157003,39.31508,34.690266,34.549286,35.70759,39.124245,2.858105,2.0629728,6.6142244,7.7805576,1384.68,18.434948,0.040039062,0.045340516,0.002197266,25,20,0.45923138,0.32672903,0.23994415,0.2779213,0.3595664,0.8528243,0.71754265,18.801271,17.451653,16.997803,18.875002,16.450687,19.41488,17.840916,18.096563,21.74509,19.911709,17.180212,18.903788,17.28926,19.599987,18.352844,19.208447,22.647923,20.049175,17.817204,18.94089,20.08448,17.999018,17.821762,19.263433,20.884354,21.2999,19.239202,18.704695,19.020267,17.441095,18.445225,19.216227,18.175304,19.560932,16.214275,18.360052,15.283979,15.870962,15.581118,17.12248,18.254055,18.101261,17.246115,17.713072,18.587795,15.601873,16.51556,17.299187,1.0622687,2.4605389,7.197391,0.4619656,30.255602,32.893215,37.00267,17.97603,18.997557,19.337206,19.290678,17.00666,17.43139,42.17
4446126.924,657819.7026,13.035148,1.3499279,0.8074787,27.619827,32.841175,33.844193,33.54587,26.363756,33.51163,32.78383,31.319113,30.763393,32.359024,39.21482,34.80065,34.878246,35.54838,39.131416,2.8578386,2.0635145,6.6849303,7.8091354,1384.68,348.79785,0.040039062,0.072903745,0.002197266,25,20,0.45923138,0.32672903,0.23994415,0.2779213,0.3595664,0.8528243,0.71754265,18.801271,17.451653,16.997803,18.875002,16.450687,19.41488,17.840916,18.096563,21.74509,19.911709,17.180212,18.903788,17.28926,19.599987,18.352844,19.208447,22.647923,20.049175,17.817204,18.94089,20.08448,17.999018,17.821762,19.263433,20.884354,21.2999,19.239202,18.704695,19.020267,17.441095,18.445225,19.216227,18.175304,19.560932,16.214275,18.360052,15.283979,15.870962,15.581118,17.12248,18.254055,18.101261,17.246115,17.713072,18.587795,15.601873,16.51556,17.299187,1.0787033,2.4606767,7.247033,0.4619656,30.230501,33.147728,37.007736,17.97603,18.997557,19.337206,19.290678,17.00666,17.43139,42.17
4446126.924,657824.7026,22.113655,1.3438132,0.85366964,27.815226,32.316063,33.112495,32.605106,25.975672,33.91619,32.990955,31.577627,32.009308,33.653824,39.076576,35.006508,35.31057,35.29909,39.014847,2.849415,2.0484776,6.744079,7.8472667,1384.68,336.9469,-0.0390625,0.10850589,0,25,20,0.45923138,0.32672903,0.23994415,0.2779213,0.3595664,0.8528243,0.71754265,19.957653,17.51823,16.118149,17.315748,16.177208,19.944502,17.33589,17.87846,21.770054,19.569569,17.411358,19.504623,17.533112,19.636461,18.445583,19.357414,22.915668,19.777348,17.488579,19.142984,19.912981,18.19211,17.65944,19.23621,21.617945,21.439814,19.366253,19.351519,19.412395,17.336739,18.745504,19.529318,19.917627,18.897717,16.608677,18.845968,18.044386,15.796267,17.035505,17.809952,17.386187,17.347412,17.308826,18.00158,16.92646,15.667915,16.988577,17.016783,1.0987414,2.4489465,7.295673,0.4619656,30.065643,33.453575,37.041542,17.76677,19.124393,19.298445,19.610025,17.878021,17.089565,42.17
4446126.924,657829.7026,25.755426,1.3367566,0.92057955,27.733688,32.50717,32.57017,31.583364,25.632765,34.243526,32.525986,31.55195,33.597023,35.150757,38.987392,35.340008,35.64045,34.866287,38.69399,2.8303673,2.0583127,6.784068,7.8806887,1384.69,336.82568,0.119140625,0.10841371,0.006591797,25,20,0.45923138,0.32672903,0.23994415,0.2779213,0.3595664,0.8528243,0.71754265,19.80849,17.643007,14.899279,18.66407,15.864714,20.601442,17.906672,18.15462,21.91097,19.973177,17.148693,19.505648,16.812992,19.556124,19.809109,19.533789,21.51851,19.607334,17.32978,19.694164,19.682163,17.782024,18.03337,18.967087,21.279556,19.95646,17.7705,18.439486,20.662745,16.74737,18.370153,18.867575,20.644901,17.915161,17.753721,20.186415,19.928698,16.143772,16.523832,18.396189,18.228449,17.303776,16.65758,17.291473,16.822657,15.593446,16.211061,16.80382,1.1286681,2.44434,7.3323784,0.4619656,30.12043,33.384758,37.1637,17.912525,19.245245,19.09248,19.032322,18.442356,16.872633,42.17
4446126.924,657834.7026,24.170458,1.3304199,1.0027341,27.708786,32.50171,32.015953,30.421425,25.118065,34.58842,32.50894,31.604042,35.506054,36.751713,38.84036,35.48338,36.020523,34.278458,38.22481,2.8019044,2.0576255,6.8120623,7.92213,1384.69,314.85956,-0.000488281,0.10089014,0.001098633,25,20,0.45923138,0.32672903,0.23994415,0.2779213,0.3595664,0.8528243,0.71754265,19.80849,17.643007,14.899279,18.66407,15.864714,20.601442,17.906672,18.15462,21.91097,19.973177,17.148693,19.505648,16.812992,19.556124,19.809109,19.533789,21.51851,19.607334,17.32978,19.694164,19.682163,17.782024,18.03337,18.967087,21.279556,19.95646,17.7705,18.439486,20.662745,16.74737,18.370153,18.867575,20.644901,17.915161,17.753721,20.186415,19.928698,16.143772,16.523832,18.396189,18.228449,17.303776,16.65758,17.291473,16.822657,15.593446,16.211061,16.80382,1.166577,2.429765,7.367096,0.4619656,30.105247,33.548683,37.16187,17.912525,19.245245,19.09248,19.032322,18.442356,16.872633,42.17
4446126.924,657839.7026,20.123901,1.3237804,1.0973985,27.685425,32.495663,31.38842,29.1408,24.575966,34.922646,32.487667,31.677992,37.65268,38.47417,38.67998,35.657814,36.435436,33.59908,37.67919,2.770225,2.0568616,6.8376675,7.9673243,1384.7,315,0.080078125,0.080860265,0.006713867,25,20,0.45923138,0.32672903,0.23994415,0.2779213,0.3595664,0.8528243,0.71754265,19.81212,17.637436,15.664642,18.405504,16.24658,19.521696,18.695467,18.200535,23.515812,21.135376,18.151657,21.756231,18.154287,20.58219,21.001287,20.884346,21.447903,19.380192,18.346333,19.237434,21.537052,19.071178,16.9335,19.458023,20.311964,19.414003,19.244625,19.325727,20.280205,16.721134,17.537119,18.942822,20.90065,18.77228,18.678116,19.288544,19.567278,16.260878,16.337729,18.453585,20.752869,18.696894,19.613476,19.663376,20.493275,18.79437,17.776058,19.489967,1.2105894,2.4135432,7.402496,0.4619656,30.090544,33.705154,37.1689,17.997635,20.613834,19.421942,18.976397,18.543638,19.398617,42.17
4446126.924,657844.7026,11.059884,1.3170804,1.2039025,27.660809,32.48843,30.649508,27.755997,24.001532,35.248093,32.473087,31.794157,40.02803,40.29674,38.52429,35.87182,36.888363,32.814117,37.083412,2.7374127,2.0560813,6.867825,8.017309,1384.7,11.202132,0.040039062,0.072903745,0.004394531,25,20,0.47710866,0.3393914,0.24668524,0.2792854,0.36902696,0.851438,0.6984178,18.442251,16.995571,16.384987,18.386986,17.168756,19.903498,17.962301,18.123346,23.7512,20.74011,18.222933,21.332357,18.971888,21.445906,21.228788,21.093086,21.556772,18.431597,19.58043,20.226973,21.74616,19.142393,17.544836,19.842913,21.449123,18.397074,19.03412,19.680492,20.000683,18.298983,18.082554,19.2941,20.643953,18.778294,18.888403,20.120691,19.003916,16.579838,16.2301,18.636635,20.913345,17.462618,19.383427,20.564062,20.810265,19.477978,17.896606,19.542456,1.2604914,2.396747,7.442567,0.46590763,30.07462,33.860588,37.19805,17.89205,20.81331,19.747023,19.277575,18.606457,19.501186,42.17
4446126.924,657849.7026,16.142483,1.3368365,1.3220606,27.164896,31.836357,29.857918,26.518137,23.640999,35.744225,32.89408,32.0159,42.481342,42.144394,38.314377,36.069637,37.23238,31.801418,36.37835,2.7285593,2.0642066,6.8998084,8.04884,1384.7,23.222807,0.119628906,0.1086433,0.006591797,25,20,0.47710866,0.3393914,0.24668524,0.2792854,0.36902696,0.851438,0.6984178,18.442251,16.995571,16.384987,18.386986,17.168756,19.903498,17.962301,18.123346,23.7512,20.74011,18.222933,21.332357,18.971888,21.445906,21.228788,21.093086,21.556772,18.431597,19.58043,20.226973,21.74616,19.142393,17.544836,19.842913,21.449123,18.397074,19.03412,19.680492,20.000683,18.298983,18.082554,19.2941,20.643953,18.778294,18.888403,20.120691,19.003916,16.579838,16.2301,18.636635,20.913345,17.462618,19.383427,20.564062,20.810265,19.477978,17.896606,19.542456,1.3294485,2.3963828,7.474324,0.46590763,29.500626,34.319153,37.19201,17.89205,20.81331,19.747023,19.277575,18.606457,19.501186,42.17
4446126.924,657854.7026,15.081291,1.3347291,1.4394103,27.025606,31.440237,28.864168,24.951303,22.30368,36.051414,32.772926,32.215122,45.322037,44.187054,38.204075,36.55572,37.957775,30.797781,35.652214,2.6984367,2.0646584,6.948327,8.11533,1384.69,37.928986,-0.000976563,0.16271044,0.003295898,25,20,0.47710866,0.3393914,0.24668524,0.2792854,0.36902696,0.851438,0.6984178,19.378534,18.633377,16.35511,18.991701,18.068922,19.610294,18.10214,18.5854,22.77856,19.608248,17.331686,20.643614,17.11457,19.92549,19.928865,19.931955,21.334324,19.622353,19.20471,18.6163,19.916237,17.749516,18.030788,19.284994,20.84741,20.1071,18.984144,19.653696,19.628426,18.593678,19.219313,19.701515,20.991695,19.325619,19.03963,18.692854,18.657085,16.696772,16.736032,18.585485,18.590054,17.747185,16.866901,16.974068,17.774662,16.045965,16.720604,17.17435,1.3870697,2.3815475,7.5318284,0.46590763,29.232922,34.41217,37.379898,18.448582,19.61872,19.210604,19.576252,18.591383,17.245634,42.17
4446126.924,657859.7026,15.549157,1.3323122,1.4579518,27.030807,31.434952,28.681198,24.273643,22.068213,36.738976,32.96158,32.305397,46.343132,46.889183,37.390488,36.33053,38.0552,30.60514,33.70995,2.6765883,2.0646014,6.9218206,8.118767,1384.68,52.612995,0.12109375,0.30610695,0.008911133,25,20,0.47710866,0.3393914,0.24668524,0.2792854,0.36902696,0.851438,0.6984178,19.378534,18.633377,16.35511,18.991701,18.068922,19.610294,18.10214,18.5854,22.77856,19.608248,17.331686,20.643614,17.11457,19.92549,19.928865,19.931955,21.334324,19.622353,19.20471,18.6163,19.916237,17.749516,18.030788,19.284994,20.84741,20.1071,18.984144,19.653696,19.628426,18.593678,19.219313,19.701515,20.991695,19.325619,19.03963,18.692854,18.657085,16.696772,16.736032,18.585485,18.590054,17.747185,16.866901,16.974068,17.774662,16.045965,16.720604,17.17435,1.3951321,2.370595,7.5202937,0.46590763,29.23288,34.850277,36.860508,18.448582,19.61872,19.210604,19.576252,18.591383,17.245634,42.17
4446126.924,657864.7026,14.463006,1.3268087,1.4478941,26.995737,30.979046,28.591581,23.769672,21.935835,37.689648,34.302727,32.86745,47.109802,49.83873,36.26152,35.440384,37.771297,30.372696,31.393524,2.6555655,2.0541694,6.8905115,8.118668,1384.65,58.006405,0.12011719,0.54055727,0.010009766,25,20,0.47710866,0.3393914,0.24668524,0.2792854,0.36902696,0.851438,0.6984178,18.676197,18.152395,15.972189,17.899256,16.26704,19.966839,18.712358,18.077467,22.434437,19.800333,17.119404,20.38738,17.11245,19.490997,19.619183,19.734102,20.437859,20.448507,17.779255,19.845911,17.816422,19.303349,17.73277,19.300314,20.168684,19.728367,17.04443,20.790321,19.33375,18.52037,19.264212,19.463469,20.051798,19.507305,17.047827,19.68374,18.844404,16.941883,16.710651,18.433416,18.412594,17.847507,15.127802,17.869934,16.50521,16.991379,15.627577,16.983347,1.3873514,2.3548675,7.5045896,0.46590763,28.987392,35.996185,35.850952,17.949467,19.423456,19.052011,19.264303,18.39823,16.911715,42.17
4446126.924,657869.7026,12.088798,1.3249785,1.448106,26.999722,30.971897,28.447166,23.212198,21.725887,38.475468,34.59491,33.055,48.117626,52.78705,35.325626,35.128128,37.76773,30.04024,29.099302,2.6369817,2.054218,6.8678145,8.122814,1384.6,59.049957,0.07910156,0.7516714,0.00769043,10,20,0.47710866,0.3393914,0.24668524,0.2792854,0.36902696,0.851438,0.6984178,18.880194,18.29907,16.374878,17.917795,15.950529,20.368292,17.794468,18.114119,22.281315,19.780212,16.741947,19.522017,17.241617,20.102936,19.958248,19.67105,21.994059,20.024658,17.180603,18.663801,18.06459,18.39467,18.968138,19.12642,20.714977,19.305573,16.873325,20.160566,17.852648,18.239899,18.86665,19.024822,20.416374,18.531694,16.532051,18.82973,17.06522,16.18231,15.80071,17.631763,17.893253,17.980219,15.359171,17.42819,16.3662,16.007217,16.405096,16.726265,1.3865423,2.3456,7.4953146,0.46590763,28.98581,36.535187,35.226875,17.940748,19.375471,19.041502,18.85909,17.622583,16.77705,42.17
4446126.924,657874.7026,11.938715,1.3447529,1.4523604,26.67023,30.710104,28.469566,22.713358,21.790876,39.08859,34.79402,33.15474,49.151768,55.58821,34.61434,35.033764,37.415775,29.607674,26.918472,2.6265874,2.0600176,6.84959,8.122571,1384.54,60.03544,0.12109375,0.85973394,0.0078125,10,20,0.50100935,0.35309422,0.24212576,0.2801173,0.3715114,0.82503504,0.7002653,18.880194,18.29907,16.374878,17.917795,15.950529,20.368292,17.794468,18.114119,22.281315,19.780212,16.741947,19.522017,17.241617,20.102936,19.958248,19.67105,21.994059,20.024658,17.180603,18.663801,18.06459,18.39467,18.968138,19.12642,20.714977,19.305573,16.873325,20.160566,17.852648,18.239899,18.86665,19.024822,20.416374,18.531694,16.532051,18.82973,17.06522,16.18231,15.80071,17.631763,17.893253,17.980219,15.359171,17.42819,16.3662,16.007217,16.405096,16.726265,1.3985567,2.3433025,7.48608,0.4675941,28.690166,36.941307,34.82405,17.940748,19.375471,19.041502,18.85909,17.622583,16.77705,42.17
4446126.924,657879.7026,10.652122,1.356774,1.4518397,26.624163,30.775143,28.384491,22.181404,20.965954,39.752857,35.06757,33.09578,50.03517,57.886806,33.83315,34.699615,37.55516,29.443483,25.100965,2.5881739,2.0325806,6.8383913,8.126132,1384.47,64.18432,0.119140625,0.9864366,0.010009766,10,20,0.50100935,0.35309422,0.24212576,0.2801173,0.3715114,0.82503504,0.7002653,19.054266,17.852604,16.721996,17.687336,17.034159,20.605822,17.561779,18.225668,20.491123,19.607294,16.890827,19.756075,17.240679,20.057913,19.808851,19.445185,20.690107,19.16337,17.22121,18.569265,19.126497,18.734118,19.921124,19.120146,20.477901,19.022022,16.840954,20.646784,17.709232,18.645458,20.204634,19.238708,19.525906,19.152657,16.411812,18.993378,18.3226,16.167868,16.902668,17.882544,17.608646,16.62996,16.565857,17.424093,16.819912,16.442574,16.401642,16.823242,1.4043069,2.3103771,7.4822617,0.4675941,28.699654,37.410213,34.26638,18.073994,19.121824,19.060812,19.078142,17.925272,16.84181,42.17
4446126.924,657884.7026,10.159966,1.3606606,1.4397283,26.628147,30.770918,28.34502,21.993366,20.935543,40.27703,35.266613,33.217236,50.39103,59.17814,33.233387,34.507774,37.47796,29.316864,23.926155,2.5788517,2.031122,6.8284416,8.119275,1384.38,67.376,0,1.1171143,0.002197266,10,20,0.50100935,0.35309422,0.24212576,0.2801173,0.3715114,0.82503504,0.7002653,19.255642,17.088787,16.713375,18.473057,16.739977,20.802378,17.053139,18.25942,20.582478,19.912579,17.277658,19.937704,17.064117,19.930668,18.794773,19.325848,20.845331,19.332346,19.22961,18.881577,18.09932,17.96731,18.314806,19.103397,20.062115,20.028006,19.21555,20.872238,19.134556,18.959156,18.93004,19.67203,20.76738,19.66552,16.761068,18.887396,18.634039,16.672636,16.18076,18.219973,18.273256,16.630436,17.122753,16.924965,16.465214,16.04436,15.432845,16.68973,1.4001944,2.304987,7.4738584,0.4675941,28.699532,37.77182,33.870583,18.01805,19.071424,18.9529,19.600235,18.224115,16.699118,42.17
4446126.924,657889.7026,13.637905,1.361257,1.4127437,26.343777,30.18205,28.398949,22.096207,20.94272,40.63757,35.3822,33.234356,50.00733,59.221416,32.873474,34.6515,37.55413,29.589817,23.636091,2.579378,2.0483057,6.8149357,8.091488,1384.29,68.86883,0.08105469,1.1517742,0.003417969,10,20,0.50100935,0.35309422,0.24212576,0.2801173,0.3715114,0.82503504,0.7002653,19.255642,17.088787,16.713375,18.473057,16.739977,20.802378,17.053139,18.25942,20.582478,19.912579,17.277658,19.937704,17.064117,19.930668,18.794773,19.325848,20.845331,19.332346,19.22961,18.881577,18.09932,17.96731,18.314806,19.103397,20.062115,20.028006,19.21555,20.872238,19.134556,18.959156,18.93004,19.67203,20.76738,19.66552,16.761068,18.887396,18.634039,16.672636,16.18076,18.219973,18.273256,16.630436,17.122753,16.924965,16.465214,16.04436,15.432845,16.68973,1.3870003,2.3138418,7.453212,0.4675941,28.262913,38.009884,33.76249,18.01805,19.071424,18.9529,19.600235,18.224115,16.699118,42.17
4446126.924,657894.7026,18.417952,1.3677022,1.370082,26.33874,30.180185,28.623423,22.48841,21.12386,40.889812,35.452396,33.201023,48.9697,58.22796,32.63973,34.577442,37.380062,30.10494,24.075354,2.585468,2.0477002,6.800227,8.0580015,1384.19,70.21103,-0.08105469,1.1417537,-0.003417969,10,20,0.50100935,0.35309422,0.24212576,0.2801173,0.3715114,0.82503504,0.7002653,19.255589,18.079802,16.889866,18.099283,16.780489,19.605227,18.081285,18.212175,22.053844,20.043476,17.007175,19.84868,17.349365,20.01633,18.387884,19.52755,21.645824,21.902294,18.905262,20.666567,18.619463,19.252085,16.85535,19.85402,20.888046,21.19711,19.562052,20.56152,20.513546,18.094141,18.504063,19.901299,21.422012,20.15847,18.20733,19.0832,18.55599,16.974936,15.822915,18.613766,18.181684,17.535334,17.152765,17.542685,16.87922,15.913806,15.572249,16.932487,1.3688922,2.316584,7.4291143,0.4675941,28.259462,38.171104,33.608585,18.113077,19.243822,19.692408,19.902925,18.60355,16.968248,42.17
4446126.924,657899.7026,19.172396,1.3749374,1.3175122,26.329393,30.179123,28.935476,23.046604,21.35004,41.112392,35.499256,33.142895,47.56707,56.667603,32.479877,34.509583,37.16389,30.766378,24.908531,2.595685,2.0471642,6.7807713,8.016829,1384.1,72.585945,-0.080078125,1.0053996,-0.005615234,10,20,0.50100935,0.35309422,0.24212576,0.2801173,0.3715114,0.82503504,0.7002653,19.457634,18.732565,15.723088,18.369757,15.938056,20.26806,18.675808,18.337383,22.503536,20.203913,17.551003,20.621283,17.50615,19.72238,19.918402,20.01127,23.143406,21.689892,18.30502,20.464186,18.466988,18.57611,17.942217,19.761826,20.40291,21.17271,19.48478,20.664076,19.498775,18.236032,19.010563,19.787426,19.909124,20.366087,18.490984,19.486324,18.263044,17.377943,16.21681,18.64688,17.882715,17.02008,18.187725,16.621796,17.214123,16.684317,17.040983,17.155527,1.3462248,2.3214245,7.3988,0.4675941,28.254257,38.305824,33.494728,18.166424,19.718096,19.79826,19.781406,18.587189,17.235964,42.17
4446126.924,657904.7026,17.226341,1.3598382,1.2550075,26.311653,30.184542,29.319775,23.638432,21.479494,41.379837,35.63069,32.980537,46.131615,54.898605,32.329147,34.324837,37.07358,31.368847,25.814463,2.5867186,2.0294342,6.7569404,7.980142,1384.03,79.381004,0.16064453,0.93264467,0.008911133,10,20,0.4527807,0.3335989,0.24806106,0.28506,0.35997415,0.81751674,0.7907414,19.457634,18.732565,15.723088,18.369757,15.938056,20.26806,18.675808,18.337383,22.503536,20.203913,17.551003,20.621283,17.50615,19.72238,19.918402,20.01127,23.143406,21.689892,18.30502,20.464186,18.466988,18.57611,17.942217,19.761826,20.40291,21.17271,19.48478,20.664076,19.498775,18.236032,19.010563,19.787426,19.909124,20.366087,18.490984,19.486324,18.263044,17.377943,16.21681,18.64688,17.882715,17.02008,18.187725,16.621796,17.214123,16.684317,17.040983,17.155527,1.3074229,2.3080764,7.3685412,0.46967617,28.248096,38.505264,33.326992,18.166424,19.718096,19.79826,19.781406,18.587189,17.235964,42.17
4446126.924,657909.7026,15.502734,1.3695593,1.1873181,26.362328,29.989502,29.646448,24.21613,21.351345,41.59551,35.591156,32.978584,44.616116,53.07593,32.214787,34.407383,36.960846,32.13881,26.814339,2.6032765,2.033944,6.725044,7.9339013,1383.94,81.622894,-0.08105469,0.8832692,-0.005615234,25,20,0.4527807,0.3335989,0.24806106,0.28506,0.35997415,0.81751674,0.7907414,18.539743,18.947842,14.524269,18.601355,17.220034,20.478655,18.909286,18.352667,21.921463,20.437557,17.174807,20.692785,17.332485,19.779745,19.669409,19.885942,22.72942,21.647972,19.683836,20.10373,19.68101,18.174116,18.5454,20.0306,21.142902,21.433516,19.301777,20.53905,19.198372,16.807043,18.029545,19.501995,19.45202,20.374275,18.555363,19.663023,18.038406,16.032705,15.302752,18.20224,18.246948,17.361555,17.084778,16.971758,16.105545,16.426,16.209215,16.890667,1.2784387,2.3186102,7.3294725,0.46967617,28.175915,38.59333,33.311085,18.174456,19.572607,20.080782,19.493174,18.202648,16.915113,42.17
4446121.924,657754.7026,9.262314,1.3689989,0.8067202,27.976208,33.79127,33.849705,30.347057,26.637945,31.727589,31.459393,30.003267,30.273354,31.909773,39.34165,34.532925,36.15918,39.05985,41.67166,2.785803,2.1060796,6.395812,7.833812,1384.75,90,0,0.34410626,0,10,20,0.4769843,0.33611983,0.24189124,0.27956158,0.28176245,0.8482992,0.7377971,17.760626,17.446712,14.715042,18.405556,16.489489,19.189053,18.64804,17.659706,21.566704,18.434824,16.913801,18.618523,16.071451,19.22647,20.234486,18.935364,19.255255,17.995127,15.31848,16.66372,17.23231,17.477736,16.399437,17.311798,19.165443,19.569061,16.349768,17.74985,16.630646,15.967321,17.300243,17.492844,16.990383,18.227291,15.557086,17.598808,15.263872,14.343077,14.579352,16.161339,18.607508,18.30904,19.490555,20.924088,18.869505,18.674793,16.692228,19.016535,1.0878595,2.4459414,7.114812,0.45748797,30.88374,31.59349,36.937286,17.522074,18.723751,17.191723,17.53319,16.07998,18.79539,42.17
4446121.924,657759.7026,12.612515,1.3681566,0.7896293,27.980612,33.79083,34.16772,30.681068,26.775702,31.655622,31.482204,29.991571,29.993069,31.249289,39.362354,34.506287,35.958992,39.020912,41.859043,2.7894666,2.1050305,6.390302,7.8256125,1384.72,93.36646,-0.080078125,0.24416472,-0.005615234,10,20,0.4769843,0.33611983,0.24189124,0.27956158,0.28176245,0.8482992,0.7377971,18.188562,17.840857,15.102907,18.782753,16.809841,19.602774,19.076923,18.056316,22.593388,20.102665,17.536066,20.002508,16.566319,20.09766,20.809692,19.916931,20.85467,19.48531,16.510952,17.917841,18.2526,18.1224,17.374706,18.462383,20.52473,20.419094,18.187912,20.362745,18.466156,17.074886,18.55871,19.077068,17.692123,19.166473,17.075436,18.586262,16.842213,15.699752,15.252249,17.273775,18.607508,18.30904,19.490555,20.924088,18.869505,18.674793,16.692228,19.016535,1.078893,2.4472485,7.1079574,0.45748797,30.88572,31.568913,36.93432,17.914946,19.672613,18.359783,19.08489,17.187786,18.79539,42.17
4446121.924,657764.7026,19.283356,1.3672024,0.7711799,27.981346,33.790577,34.51341,31.204699,26.9595,31.568115,31.487434,29.994644,29.628601,30.600574,39.413708,34.497883,35.728947,38.89311,41.877506,2.7944572,2.1039524,6.3812943,7.811903,1384.71,104.03625,0.040039062,0.11823346,0.001098633,10,20,0.4769843,0.33611983,0.24189124,0.27956158,0.28176245,0.8482992,0.7377971,17.836102,17.004574,15.808847,18.86062,16.885681,19.59105,19.016478,18.080751,23.074894,21.105587,17.593761,20.03982,16.30149,20.774374,20.231031,20.21427,22.15654,19.357227,18.81052,19.606703,17.238783,17.725185,18.106852,19.025234,20.95729,20.938908,20.129337,19.90201,18.288427,17.439354,18.766531,19.504515,17.632938,17.394123,16.509521,18.779835,16.974865,15.513559,15.986067,16.952068,18.751547,16.246777,19.77959,19.937681,17.715385,17.980955,19.273417,18.521313,1.0691912,2.449205,7.0965986,0.45748797,30.885962,31.527775,36.955795,17.857622,19.874422,19.00026,19.488836,16.97013,18.526478,42.17
4446121.924,657769.7026,19.929523,1.366728,0.74992275,27.922537,33.726376,34.989567,32.017498,27.336136,31.488724,31.594658,30.020391,29.113731,29.98957,39.508617,34.441113,35.262413,38.667286,41.61879,2.7995884,2.0906105,6.371485,7.7881823,1384.7,103.97448,0,0.11802149,0.002197266,10,20,0.4769843,0.33611983,0.24189124,0.27956158,0.28176245,0.8482992,0.7377971,19.34863,17.033936,16.93649,18.432701,15.469414,19.692648,18.858725,18.202024,22.503124,19.73039,18.47845,20.020357,17.99205,21.050457,20.472097,20.381964,21.404112,21.383457,19.451664,17.969042,16.857386,18.29924,16.396378,18.970865,22.25851,21.763443,20.354786,19.49817,18.136166,16.984276,18.227674,19.705065,19.25214,18.63251,17.759441,18.259075,15.539698,15.385619,16.342262,17.366987,20.331198,19.64419,17.652584,20.538767,18.630964,18.147892,18.525518,19.094265,1.0583253,2.4450994,7.079834,0.45748797,30.824455,31.54169,36.974865,17.967506,20.035275,18.82304,19.603289,17.310106,19.067303,42.17
4446121.924,657774.7026,10.078911,1.3653504,0.7297176,27.91681,33.726532,35.406254,33.012806,27.637024,31.365532,31.557964,30.064196,28.543066,29.369919,39.62318,34.474567,34.962795,38.315483,41.207012,2.807866,2.0895543,6.3521614,7.761664,1384.69,108.29452,-0.000488281,0.0902389,0,10,20,0.4769843,0.33611983,0.24189124,0.27956158,0.28176245,0.8482992,0.7377971,19.34863,17.033936,16.93649,18.432701,15.469414,19.692648,18.858725,18.202024,21.088873,18.9205,16.936998,19.116705,16.605782,19.455692,19.02527,19.04053,21.404112,21.383457,19.451664,17.969042,16.857386,18.29924,16.396378,18.970865,22.25734,21.754532,20.355335,19.48866,18.132845,16.98411,18.217106,19.700201,19.098139,18.390083,17.520796,18.086468,15.34809,15.218468,16.216017,17.183828,18.141195,16.639109,17.271694,17.449142,16.847097,16.124853,16.668207,17.042965,1.047534,2.4487102,7.0569124,0.45748797,30.82167,31.461748,37.048874,17.967506,18.73569,18.82304,19.59856,17.125439,17.020185,42.17
4446121.924,657779.7026,6.3154173,1.3638651,0.7081144,27.910608,33.726738,35.947605,34.210594,28.013842,31.231903,31.520266,30.118279,27.854862,28.629856,39.74397,34.503384,34.575096,37.892094,40.7014,2.8166695,2.0884452,6.3302097,7.7321835,1384.69,108.43495,0.118652344,0.044787582,0.006591797,10,20,0.4769843,0.33611983,0.24189124,0.27956158,0.28176245,0.8482992,0.7377971,19.018429,17.63881,16.247004,19.024683,16.842264,20.201609,18.921442,18.478163,21.690012,19.260761,16.557722,19.067492,16.928183,19.816538,19.004742,19.158966,21.810797,20.062546,18.51229,18.310675,18.267925,18.23286,16.455656,18.848104,21.837463,21.442448,20.73189,19.662664,20.708275,17.478407,18.138506,20.036356,19.158983,18.048212,17.695929,18.538923,15.534657,15.446871,16.362494,17.330666,18.305292,16.503475,17.344067,17.911444,16.705656,16.19127,16.522982,17.06612,1.0359898,2.4525573,7.0311966,0.45748797,30.818672,31.376083,37.123676,18.270605,18.903637,18.807537,19.999952,17.255152,17.06917,42.17
4446121.924,657784.7026,6.9499755,1.3623296,0.68504256,27.905968,33.72715,36.67184,35.653416,28.497818,31.067257,31.484941,30.187094,27.006887,27.64528,39.882282,34.5149,34.05645,37.394722,40.16301,2.8260434,2.0872688,6.302618,7.6986904,1384.68,90,-0.03955078,0.02832616,-0.001098633,10,20,0.4534203,0.3283289,0.24188139,0.277593,0.2724712,0.8247399,0.72763115,18.796312,17.530224,14.479558,19.419107,16.59119,20.514755,18.840445,18.275366,21.118397,19.64269,17.259369,19.084013,16.957281,19.427961,19.204742,19.198296,22.084953,20.221632,19.314869,19.144548,18.144833,17.95003,17.087458,19.203045,21.877388,21.532919,19.366154,19.64561,18.746933,17.421873,18.005634,19.618782,19.50108,17.987232,16.590229,17.864729,15.8943205,15.574797,16.38667,17.177565,18.643217,16.817831,16.569363,16.977114,18.731213,16.376421,16.017052,17.06478,1.023686,2.456656,7.000654,0.44658083,30.816559,31.2761,37.198593,18.024513,18.95635,19.135477,19.513788,17.114151,17.161745,42.17
4446121.924,657789.7026,9.667831,1.3607956,0.65954727,27.905703,33.72825,37.70226,37.50348,29.179134,30.827229,31.450172,30.28443,25.882284,26.248766,40.06716,34.491116,33.30717,36.777546,39.590855,2.8363292,2.0859756,6.2615,7.656189,1384.68,-1,0,0,0,10,20,0.4534203,0.3283289,0.24188139,0.277593,0.2724712,0.8247399,0.72763115,18.796312,17.530224,14.479558,19.419107,16.59119,20.514755,18.840445,18.275366,21.118397,19.64269,17.259369,19.084013,16.957281,19.427961,19.204742,19.198296,22.084953,20.221632,19.314869,19.144548,18.144833,17.95003,17.087458,19.203045,21.877388,21.532919,19.366154,19.64561,18.746933,17.421873,18.005634,19.618782,19.50108,17.987232,16.590229,17.864729,15.8943205,15.574797,16.38667,17.177565,18.643217,16.817831,16.569363,16.977114,18.731213,16.376421,16.017052,17.06478,1.0101714,2.4611526,6.958844,0.44658083,30.816975,31.1387,37.279137,18.024513,18.95635,19.135477,19.513788,17.114151,17.161745,42.17
4446121.924,657794.7026,12.075488,1.3592271,0.6317856,27.916498,33.73115,39.27366,40.052784,30.271597,30.431349,31.408997,30.436129,24.280687,24.265282,40.34324,34.39649,32.108177,35.933147,38.94082,2.8479054,2.0844767,6.193541,7.5941257,1384.68,45,0,0.020276899,0.001098633,10,20,0.4534203,0.3283289,0.24188139,0.277593,0.2724712,0.8247399,0.72763115,18.608568,19.353971,14.236261,17.267797,16.16103,20.693285,18.058287,17.972971,20.162205,19.676529,16.941507,19.484106,16.835262,19.874924,19.032454,19.1498,22.068623,20.597578,19.569809,18.581133,17.558344,16.872158,17.460354,18.939728,22.529076,22.02828,20.291555,19.887033,18.107204,17.827448,18.379732,19.870827,19.009953,18.581184,17.187916,17.736834,15.937597,16.285646,16.38196,17.335932,17.76246,17.524145,17.022243,17.440865,18.028606,16.174059,16.374454,17.134052,0.9955063,2.466191,6.893833,0.44658083,30.823826,30.920174,37.369865,17.768457,18.85814,18.958284,19.864334,17.303013,17.189547,42.17
4446121.924,657799.7026,9.588976,1.3575472,0.6551707,27.748558,33.854492,38.025673,38.514942,28.98419,31.226433,31.873516,30.593857,25.76752,26.183527,39.983727,34.217937,32.83312,35.85152,38.826946,2.8407657,2.0818956,6.3024874,7.6483517,1384.68,18.434948,0.040039062,0.045340516,0.002197266,10,20,0.4534203,0.3283289,0.24188139,0.277593,0.2724712,0.8247399,0.72763115,18.861267,18.70617,15.266815,17.014538,17.888262,19.931839,18.952074,18.222345,21.555061,19.978878,16.800158,19.277052,16.614214,19.892672,18.973204,19.301285,22.836689,22.65602,20.663338,18.18923,17.28617,17.718681,18.255466,19.60655,21.589571,22.049831,20.36733,19.431055,18.377813,17.7242,18.434254,19.694645,19.188206,18.226686,18.371851,18.617079,15.818826,17.005539,16.595358,17.784851,17.393414,17.21877,17.87569,16.710337,16.491943,16.781038,16.053085,16.880798,1.0063589,2.4613307,6.9754195,0.44658083,30.801525,31.549974,37.10083,18.088709,19.013033,19.657942,19.71058,17.689077,16.93204,42.17
4446121.924,657804.7026,8.656133,1.353574,0.68705857,27.764662,32.871742,36.817486,36.96767,28.146933,31.823412,32.37363,30.602085,27.190645,27.97283,39.80593,34.457718,33.6349,35.85818,39.00002,2.8391933,2.0609257,6.416846,7.698328,1384.68,341.56506,0.040039062,0.045340516,0.002197266,10,20,0.4534203,0.3283289,0.24188139,0.277593,0.2724712,0.8247399,0.72763115,18.861267,18.70617,15.266815,17.014538,17.888262,19.931839,18.952074,18.222345,21.555061,19.978878,16.800158,19.277052,16.614214,19.892672,18.973204,19.301285,22.836689,22.65602,20.663338,18.18923,17.28617,17.718681,18.255466,19.60655,21.589571,22.049831,20.36733,19.431055,18.377813,17.7242,18.434254,19.694645,19.188206,18.226686,18.371851,18.617079,15.818826,17.005539,16.595358,17.784851,17.393414,17.21877,17.87569,16.710337,16.491943,16.781038,16.053085,16.880798,1.0203164,2.4500594,7.0575867,0.44658083,30.318203,32.098522,37.131824,18.088709,19.013033,19.657942,19.71058,17.689077,16.93204,42.17
4446121.924,657809.7026,14.5084915,1.3494809,0.7153547,27.71384,32.864395,35.97969,35.90083,27.539515,32.321507,32.453423,30.677599,28.264097,29.368961,39.708515,34.564606,34.10463,35.807915,39.132893,2.839215,2.0616338,6.511077,7.736549,1384.68,315,0,0.020276899,0.001098633,10,20,0.4534203,0.3283289,0.24188139,0.277593,0.2724712,0.8247399,0.72763115,18.621002,18.777288,16.527176,18.81182,16.569126,20.787111,19.30803,18.698864,21.694145,20.074978,17.175205,19.672274,17.053127,19.6598,19.185263,19.491741,22.564869,21.210049,20.713383,18.809206,18.752308,17.620848,17.894114,19.681997,21.975521,22.057316,20.546528,19.102852,18.91922,17.850986,19.11159,19.84152,19.954817,18.723331,18.565075,17.272268,14.670919,15.711654,16.058191,17.286978,17.875668,17.181705,17.680641,17.313803,16.397598,16.397415,16.15756,17.012117,1.0324178,2.4504244,7.1238127,0.44658083,30.289118,32.387466,37.13656,18.485935,19.216398,19.652111,19.937716,17.279465,17.000628,42.17
4446121.924,657814.7026,8.827483,1.3452209,0.7456578,27.665236,32.857548,35.299515,35.044144,27.0409,32.770477,32.528763,30.77803,29.235203,30.534977,39.647476,34.65215,34.45116,35.669003,39.224506,2.8376236,2.0622382,6.5942354,7.7696257,1384.68,-1,0,0,0,25,20,0.45923138,0.32672903,0.23994415,0.2779213,0.3595664,0.8528243,0.71754265,19.212284,18.644989,17.010391,17.953218,17.544195,20.448025,19.45987,18.733526,21.702715,19.91753,17.081299,19.516665,17.06915,19.58388,19.65929,19.489977,22.53635,21.794827,20.25141,19.00149,19.936052,17.737867,17.58253,19.81619,21.598648,22.30879,20.611122,19.194954,19.947407,17.918999,19.337515,19.989065,19.815468,18.961567,17.661026,17.694115,14.819405,16.119139,16.517023,17.37854,17.787739,17.695042,17.03682,17.525497,16.733055,16.978895,16.56396,17.201216,1.0454394,2.449931,7.1819305,0.4619656,30.26139,32.64962,37.14981,18.610426,19.218647,19.834362,20.131062,17.369677,17.188715,42.17
4446121.924,657819.7026,9.475841,1.3406429,0.7821311,27.61918,32.85116,34.69637,34.2437,26.58801,33.188686,32.593548,30.888432,30.254988,31.62054,39.595932,34.734634,34.744946,35.4495,39.257423,2.8324642,2.0627227,6.66649,7.80094,1384.68,270,-0.03955078,0.02832616,-0.001098633,25,20,0.45923138,0.32672903,0.23994415,0.2779213,0.3595664,0.8528243,0.71754265,19.212284,18.644989,17.010391,17.953218,17.544195,20.448025,19.45987,18.733526,21.702715,19.91753,17.081299,19.516665,17.06915,19.58388,19.65929,19.489977,22.53635,21.794827,20.25141,19.00149,19.936052,17.737867,17.58253,19.81619,21.598648,22.30879,20.611122,19.194954,19.947407,17.918999,19.337515,19.989065,19.815468,18.961567,17.661026,17.694115,14.819405,16.119139,16.517023,17.37854,17.787739,17.695042,17.03682,17.525497,16.733055,16.978895,16.56396,17.201216,1.0613871,2.4475935,7.233715,0.4619656,30.235168,32.891117,37.165283,18.610426,19.218647,19.834362,20.131062,17.369677,17.188715,42.17
4446121.924,657824.7026,7.246817,1.3356014,0.82979125,27.577837,32.84534,34.11844,33.361954,26.134733,33.579197,32.63621,30.992538,31.476603,32.76328,39.526295,34.828808,35.03825,35.141785,39.198803,2.8215775,2.0630472,6.724004,7.833001,1384.69,270,0.118652344,0.056652304,0.005493164,25,20,0.45923138,0.32672903,0.23994415,0.2779213,0.3595664,0.8528243,0.71754265,18.743921,16.76535,16.351643,17.380072,17.385147,20.389032,19.192251,18.20363,22.021084,19.92935,16.967209,19.963163,16.960968,19.495005,19.08023,19.468483,21.907393,19.088764,19.088871,18.001234,19.9957,18.223177,17.940083,19.141607,20.749645,21.434582,19.74796,19.195421,19.925625,17.634233,18.788448,19.54588,18.632355,18.181528,16.803268,19.254217,16.239784,16.384052,16.259825,17.433302,17.476068,17.591429,17.41267,16.727968,16.931276,16.668003,16.762646,17.051502,1.0826963,2.4423122,7.2785025,0.4619656,30.21159,33.107704,37.17755,18.02963,19.202429,19.177887,19.639418,17.393576,17.081438,42.17
4446121.924,657829.7026,14.612353,1.3269964,0.888153,27.729755,32.517105,33.46045,32.29448,25.859062,33.911434,32.326077,31.109531,32.98771,34.14303,39.415222,35.278236,35.50029,34.830124,39.034508,2.8055725,2.057442,6.768709,7.8729296,1384.69,270,0,0.02832616,0.002197266,25,20,0.45923138,0.32672903,0.23994415,0.2779213,0.3595664,0.8528243,0.71754265,18.42854,18.151585,15.772367,17.500803,16.378231,19.987057,18.85708,18.034376,21.616308,19.778263,17.145828,20.172184,16.574253,19.25619,18.732498,19.319391,20.603914,19.496744,19.008617,19.285543,20.088448,17.928217,17.770214,19.10165,18.904907,19.880466,20.259434,19.96357,19.776396,17.39204,19.604778,19.34828,18.510632,18.227882,17.369072,20.100313,18.171408,15.790354,16.79649,17.826138,17.801105,17.257895,17.649029,17.90318,17.953762,16.7244,17.430637,17.525702,1.1075747,2.431507,7.3208194,0.4619656,30.12343,33.118755,37.34673,17.867952,19.039358,19.168814,19.397371,17.852308,17.53143,42.17
4446121.924,657834.7026,14.425309,1.3210675,0.965104,27.705305,32.510345,32.762615,31.017303,25.310266,34.256466,32.322216,31.209578,34.834373,35.62367,39.25467,35.454254,35.92672,34.372192,38.754486,2.782112,2.056794,6.7974973,7.912764,1384.69,251.56505,-0.040039062,0.045340516,-0.002197266,25,20,0.45923138,0.32672903,0.23994415,0.2779213,0.3595664,0.8528243,0.71754265,18.42854,18.151585,15.772367,17.500803,16.378231,19.987057,18.85708,18.034376,21.616308,19.778263,17.145828,20.172184,16.574253,19.25619,18.732498,19.319391,20.603914,19.496744,19.008617,19.285543,20.088448,17.928217,17.770214,19.10165,18.904907,19.880466,20.259434,19.96357,19.776396,17.39204,19.604778,19.34828,18.510632,18.227882,17.369072,20.100313,18.171408,15.790354,16.79649,17.826138,17.801105,17.257895,17.649029,17.90318,17.953762,16.7244,17.430637,17.525702,1.1430857,2.419453,7.3551307,0.4619656,30.107826,33.28934,37.35446,17.867952,19.039358,19.168814,19.397371,17.852308,17.53143,42.17
4446121.924,657839.7026,14.89658,1.3148515,1.0552632,27.683262,32.503105,31.979546,29.597727,24.732016,34.583344,32.308624,31.327251,36.94361,37.22928,39.08032,35.666428,36.39934,33.82123,38.399796,2.7549834,2.0560536,6.8226266,7.956472,1384.7,225,0.080078125,0.060830675,0.005615234,25,20,0.45923138,0.32672903,0.23994415,0.2779213,0.3595664,0.8528243,0.71754265,18.157825,17.690012,15.642267,17.873121,16.753265,20.248037,17.605635,17.911407,23.377275,21.011597,18.672241,21.158957,17.781204,21.056417,21.50119,20.96605,21.249924,19.315104,18.543139,18.314426,19.995499,18.859613,16.907461,19.108646,19.338146,19.772226,18.686901,18.307533,21.11382,17.401997,18.875607,19.006487,18.817266,19.067379,17.451967,18.909834,19.955292,16.280243,16.046429,17.999918,21.676083,18.202946,19.092005,19.070818,20.600025,19.306986,18.302465,19.504396,1.1850574,2.4055185,7.3895493,0.4619656,30.093184,33.445984,37.373375,17.710024,20.65127,19.026453,19.07089,18.075487,19.464476,42.17
4446121.924,657844.7026,18.265799,1.3084971,1.1582336,27.660044,32.49491,31.098253,28.081131,24.127783,34.890972,32.295902,31.476194,39.30081,38.923058,38.92194,35.917725,36.912094,33.144756,37.98564,2.725563,2.055278,6.8526063,8.005464,1384.7,198.43495,0.040039062,0.045340516,0.002197266,25,20,0.47710866,0.3393914,0.24668524,0.2792854,0.36902696,0.851438,0.6984178,18.30758,16.654812,15.9614105,18.341429,16.193512,20.382063,18.525343,18.033222,24.232733,20.37205,18.333216,21.345734,17.668272,20.7013,21.234182,20.893787,21.90718,19.613989,18.71819,19.011143,18.751661,18.525257,18.19189,19.400776,20.769009,19.10326,18.546062,19.097733,19.413147,18.44374,17.65479,19.125942,19.597021,19.4952,18.366209,18.91447,18.836367,16.85402,16.576752,18.429462,21.11282,17.916342,18.92452,18.549677,19.60135,19.851238,16.928555,19.166174,1.2333653,2.3904204,7.429035,0.46590763,30.077477,33.593437,37.41983,17.766594,20.555355,19.245617,19.003963,18.377148,18.983501,42.17
4446121.924,657849.7026,16.487877,1.2983266,1.2778215,27.17228,31.971697,30.136465,26.548561,23.474022,35.274162,32.61855,31.791195,41.90801,40.709877,38.77152,36.10788,37.368893,32.291252,37.48826,2.6978374,2.0509992,6.891617,8.057611,1384.7,135,0,0.020276899,0.003295898,25,20,0.47710866,0.3393914,0.24668524,0.2792854,0.36902696,0.851438,0.6984178,18.30758,16.654812,15.9614105,18.341429,16.193512,20.382063,18.525343,18.033222,24.232733,20.37205,18.333216,21.345734,17.668272,20.7013,21.234182,20.893787,21.90718,19.613989,18.71819,19.011143,18.751661,18.525257,18.19189,19.400776,20.769009,19.10326,18.546062,19.097733,19.413147,18.44374,17.65479,19.125942,19.597021,19.4952,18.366209,18.91447,18.836367,16.85402,16.576752,18.429462,21.11282,17.916342,18.92452,18.549677,19.60135,19.851238,16.928555,19.166174,1.288074,2.3744183,7.474614,0.46590763,29.571987,33.946358,37.439697,17.766594,20.555355,19.245617,19.003963,18.377148,18.983501,42.17
4446121.924,657854.7026,12.7290125,1.3230695,1.4012276,27.030056,31.445017,28.973454,24.889645,22.318367,35.54408,32.57062,31.951609,44.848404,42.540657,38.713417,36.728683,38.162155,31.214216,36.983307,2.6847186,2.063529,6.947831,8.1161175,1384.7,78.79787,0.12011719,0.072903745,0.006713867,25,20,0.47710866,0.3393914,0.24668524,0.2792854,0.36902696,0.851438,0.6984178,18.662457,19.233202,16.42072,18.33558,15.590411,20.250818,17.971823,18.319,22.773693,21.01648,18.58296,21.704727,17.72254,21.50592,20.806105,21.005367,21.231527,20.338642,19.615606,20.570894,17.651268,17.356997,17.67571,19.37826,20.452526,20.015469,19.513546,20.000334,18.404016,18.7619,17.257208,19.44616,19.291676,20.752491,18.680096,19.8983,18.956879,17.061207,16.62569,18.8833,19.207958,20.439266,19.927456,21.05308,18.112856,18.271444,18.335459,19.447113,1.3621485,2.3741238,7.5319743,0.46590763,29.237537,34.05735,37.72105,18.066431,20.58749,19.205807,19.200714,18.752333,19.33536,42.17
4446121.924,657859.7026,17.479595,1.3206791,1.4124824,27.041018,31.43925,28.744278,24.193848,22.1169,36.18663,32.77034,32.039646,45.7539,45.119164,37.890915,36.50607,38.28699,31.14173,35.086926,2.6645925,2.0634267,6.92107,8.115774,1384.69,65.56566,0.07910156,0.17246395,0.00769043,25,20,0.47710866,0.3393914,0.24668524,0.2792854,0.36902696,0.851438,0.6984178,18.662457,19.233202,16.42072,18.33558,15.590411,20.250818,17.971823,18.319,21.706951,19.886911,16.999018,20.862673,16.770555,19.815586,19.698029,19.753668,21.231527,20.338642,19.615606,20.570894,17.651268,17.356997,17.67571,19.37826,20.451912,20.005886,19.51029,20.000853,18.400446,18.765913,17.25936,19.445107,19.182663,20.594011,18.571323,19.7648,18.795698,16.968699,16.514769,18.761707,18.188908,18.205933,16.78625,18.371832,16.60933,16.103466,16.605257,17.340218,1.3665807,2.3640096,7.518422,0.46590763,29.240135,34.478485,37.198494,18.066431,19.391388,19.205807,19.199236,18.627422,17.267282,42.17
4446121.924,657864.7026,15.116743,1.3139479,1.3985342,27.010853,30.981844,28.57392,23.64347,22.013105,37.05168,34.129692,32.612938,46.51264,47.909172,36.79815,35.642223,38.04687,30.956022,32.845345,2.643981,2.0524604,6.895926,8.115887,1384.67,68.958885,0.12060547,0.3988498,0.012207031,25,20,0.47710866,0.3393914,0.24668524,0.2792854,0.36902696,0.851438,0.6984178,18.821402,17.821182,15.040659,17.847765,15.85524,20.445759,18.982258,18.026003,21.721352,19.314837,17.047565,20.563965,17.416775,19.864958,19.737823,19.716816,21.074936,18.58968,17.614904,20.829084,19.118975,18.26069,17.547735,19.157099,20.50632,18.564247,18.863913,20.435064,18.986782,18.007706,18.373825,19.24331,19.212036,20.668985,18.433735,20.492998,18.28933,16.237844,16.090797,18.556278,18.255365,17.18546,17.557991,17.72201,17.721159,16.144438,16.619713,17.239931,1.356241,2.3482208,7.505906,0.46590763,28.99635,35.590687,36.220184,17.830608,19.38104,19.005142,19.105408,18.48939,17.315163,42.17
4446121.924,657869.7026,13.7043705,1.3120452,1.3957573,27.019798,30.973255,28.33382,23.019548,21.833359,37.70387,34.430553,32.799038,47.58332,50.661304,35.941418,35.385723,38.108166,30.634365,30.643011,2.6261659,2.0524685,6.883548,8.12176,1384.63,72.41815,0.20019531,0.61645454,0.013305664,10,20,0.47710866,0.3393914,0.24668524,0.2792854,0.36902696,0.851438,0.6984178,18.083773,17.932545,15.1614275,18.171635,16.949053,20.321499,19.220297,18.19175,21.363644,19.985962,17.098244,20.67159,17.331774,19.992968,19.411856,19.717636,20.54148,19.465754,16.702759,19.03054,19.164295,17.854996,19.015026,18.849072,20.345516,19.618446,18.163815,19.475273,18.014235,18.059872,19.86555,19.231451,19.177404,18.119497,17.348932,19.41435,17.505909,17.122812,17.009624,17.983654,18.443527,18.255558,16.943508,17.606373,17.85487,16.27492,16.440062,17.366507,1.3539013,2.3393173,7.502654,0.46590763,28.996527,36.06721,35.66357,17.977177,19.408005,18.82498,19.07753,17.956934,17.402689,42.17
4446121.924,657874.7026,8.561029,1.3105756,1.395343,27.026073,30.963675,28.054619,22.388063,21.655428,38.286762,34.7325,32.996822,48.79435,53.233612,35.17219,35.178368,38.184982,30.191471,28.54544,2.6097796,2.052537,6.88159,8.131925,1384.57,73.62086,0.119140625,0.761392,0.011108398,10,20,0.50100935,0.35309422,0.24212576,0.2801173,0.3715114,0.82503504,0.7002653,18.083773,17.932545,15.1614275,18.171635,16.949053,20.321499,19.220297,18.19175,21.363644,19.985962,17.098244,20.67159,17.331774,19.992968,19.411856,19.717636,20.54148,19.465754,16.702759,19.03054,19.164295,17.854996,19.015026,18.849072,20.345516,19.618446,18.163815,19.475273,18.014235,18.059872,19.86555,19.231451,19.177404,18.119497,17.348932,19.41435,17.505909,17.122812,17.009624,17.983654,18.443527,18.255558,16.943508,17.606373,17.85487,16.27492,16.440062,17.366507,1.3529593,2.3311582,7.5067573,0.4675941,28.994873,36.50963,35.175278,17.977177,19.408005,18.82498,19.07753,17.956934,17.402689,42.17
4446121.924,657879.7026,5.1038375,1.3410159,1.3911623,26.657263,30.77201,28.018715,21.809847,21.169937,38.648415,34.94136,32.862473,49.83631,55.385014,34.649673,35.097713,38.065216,29.924511,26.757132,2.5814476,2.0317907,6.881063,8.132354,1384.5,73.302895,0.12011719,0.8969759,0.010009766,10,20,0.50100935,0.35309422,0.24212576,0.2801173,0.3715114,0.82503504,0.7002653,18.923874,17.816517,15.842837,18.702276,17.14095,19.62247,18.753357,18.26455,21.10735,19.523315,17.419342,20.528004,16.990116,20.076944,19.644123,19.652388,20.727718,19.425777,17.693684,20.416708,18.554123,17.358355,18.887922,19.029585,20.72157,19.19982,18.2499,20.209097,18.087864,17.13085,18.885,19.036827,19.399775,19.730291,16.645926,19.590706,18.061623,16.834917,15.799954,18.028677,18.484846,18.645037,17.181513,17.790667,17.945284,15.569717,16.129028,17.261614,1.3660891,2.3066192,7.506708,0.4675941,28.714638,36.794888,34.873695,18.11461,19.327028,19.009184,18.9263,18.009027,17.392298,42.17
4446121.924,657884.7026,6.1041627,1.3446313,1.3796797,26.665485,30.766085,27.894512,21.513172,21.146833,39.083687,35.165882,32.99752,50.414494,56.70793,34.09291,34.941498,38.03698,29.71232,25.516758,2.5714757,2.030335,6.8818774,8.1302185,1384.42,70.571266,0.16113281,1.0328122,0.008911133,10,20,0.50100935,0.35309422,0.24212576,0.2801173,0.3715114,0.82503504,0.7002653,19.281574,17.447765,15.840593,18.981855,17.387533,19.90632,18.693668,18.449144,21.461563,19.760912,17.351261,19.190025,16.921469,19.725653,19.228506,19.35513,22.391994,19.365225,19.156944,19.645937,19.498684,19.029629,19.85315,20.054157,21.717754,19.370884,19.303692,18.47922,20.614964,17.774475,18.597672,19.470638,20.317394,18.80417,17.008423,19.797714,18.567028,16.518206,16.151587,18.261177,17.404236,17.494587,16.656574,17.946829,17.230947,16.525948,16.740978,17.196268,1.3621554,2.3009052,7.506048,0.4675941,28.715786,37.124786,34.517204,18.2199,19.091341,19.848795,19.40838,18.16636,17.142872,42.17
4446121.924,657889.7026,14.787854,1.3445069,1.3631563,26.378942,30.176628,27.921846,21.583199,21.129745,39.55719,35.31399,33.074657,50.120796,56.966644,33.62984,35.043102,38.08019,29.939102,25.087568,2.571487,2.0478065,6.871842,8.106753,1384.32,67.939995,-0.12109375,1.1437228,-0.003417969,10,20,0.50100935,0.35309422,0.24212576,0.2801173,0.3715114,0.82503504,0.7002653,19.281574,17.447765,15.840593,18.981855,17.387533,19.90632,18.693668,18.449144,21.461563,19.760912,17.351261,19.190025,16.921469,19.725653,19.228506,19.35513,22.391994,19.365225,19.156944,19.645937,19.498684,19.029629,19.85315,20.054157,21.717754,19.370884,19.303692,18.47922,20.614964,17.774475,18.597672,19.470638,20.317394,18.80417,17.008423,19.797714,18.567028,16.518206,16.151587,18.261177,17.404236,17.494587,16.656574,17.946829,17.230947,16.525948,16.740978,17.196268,1.3538315,2.3096466,7.489298,0.4675941,28.277786,37.435593,34.33647,18.2199,19.091341,19.848795,19.40838,18.16636,17.142872,42.17
4446121.924,657894.7026,21.311167,1.3508388,1.3373545,26.36818,30.175571,28.177158,22.012611,21.271387,40.061592,35.41448,33.125008,49.03861,56.26766,33.19484,34.870335,37.79922,30.455627,25.377151,2.577151,2.047287,6.855062,8.076757,1384.23,68.0562,0.040039062,1.1887635,0,10,20,0.50100935,0.35309422,0.24212576,0.2801173,0.3715114,0.82503504,0.7002653,19.047623,18.736746,16.158222,17.679287,16.564451,19.711481,18.389324,18.215971,22.68109,20.166208,17.12821,19.576532,17.485212,19.886417,19.645727,19.749918,22.413525,21.538311,19.416529,19.241621,18.950253,18.727766,18.717,19.956926,21.371828,20.978735,20.809656,19.6713,19.798687,18.367046,18.495312,19.999516,20.861124,18.8269,19.070782,18.189394,17.835007,17.051664,15.867598,18.298365,17.304897,17.268337,17.553013,17.375154,15.903668,17.324293,16.75538,17.133913,1.3440967,2.3122191,7.46591,0.4675941,28.271875,37.738037,34.032585,18.04102,19.509914,19.857859,19.92751,18.243212,17.06925,42.17
4446121.924,657899.7026,23.123379,1.3579332,1.3009201,26.352596,30.175392,28.535666,22.606977,21.456892,40.54887,35.494686,33.153847,47.58666,55.00476,32.82753,34.693848,37.463528,31.121975,26.068182,2.586702,2.0468464,6.8322425,8.038954,1384.13,71.102425,-0.040039062,1.1503159,-0.005493164,10,20,0.50100935,0.35309422,0.24212576,0.2801173,0.3715114,0.82503504,0.7002653,19.403198,19.744879,16.562958,17.55333,17.267689,19.97582,19.210768,18.66015,22.359776,19.71691,16.916645,19.829939,16.870317,20.027142,18.979979,19.547037,22.435009,21.671467,19.667555,18.254723,18.80825,19.861456,18.156286,19.985098,21.346905,22.775845,21.626696,19.634161,20.496143,19.87319,18.544748,20.65777,19.54286,19.95206,18.279764,18.270067,17.66296,17.325155,15.39771,18.054771,17.803888,17.985683,18.119244,17.06175,16.729603,17.014137,16.541136,17.297718,1.3294266,2.3167744,7.4355984,0.4675941,28.263994,38.02178,33.76069,18.531235,19.242956,19.836393,20.613955,18.06151,17.322206,42.17
4446121.924,657904.7026,16.343117,1.3440956,1.2475032,26.396652,29.98589,28.8412,23.116802,21.163727,41.055847,35.5952,33.166473,46.18148,53.51645,32.464275,34.56411,37.442036,31.817383,26.825996,2.580048,2.0333676,6.805672,8.008373,1384.03,75.9729,-0.23925781,1.0632173,-0.013305664,10,20,0.4527807,0.3335989,0.24806106,0.28506,0.35997415,0.81751674,0.7907414,19.403198,19.744879,16.562958,17.55333,17.267689,19.97582,19.210768,18.66015,22.359776,19.71691,16.916645,19.829939,16.870317,20.027142,18.979979,19.547037,22.435009,21.671467,19.667555,18.254723,18.80825,19.861456,18.156286,19.985098,21.346905,22.775845,21.626696,19.634161,20.496143,19.87319,18.544748,20.65777,19.54286,19.95206,18.279764,18.270067,17.66296,17.325155,15.39771,18.054771,17.803888,17.985683,18.119244,17.06175,16.729603,17.014137,16.541136,17.297718,1.2957994,2.3067079,7.4070225,0.46967617,28.19127,38.325523,33.51419,18.531235,19.242956,19.836393,20.613955,18.06151,17.322206,42.17
4446121.924,657909.7026,14.287583,1.3541296,1.1899778,26.376656,29.98607,29.344244,23.789621,21.41076,41.433506,35.68184,33.152935,44.59786,51.879196,32.24506,34.38336,37.043636,32.511078,27.74571,2.5968122,2.0340712,6.772501,7.9639935,1383.95,77.96868,-0.12060547,0.89329106,-0.011108398,25,20,0.4527807,0.3335989,0.24806106,0.28506,0.35997415,0.81751674,0.7907414,18.837948,19.42049,15.332254,18.097342,16.692347,20.013645,18.7905,18.281572,21.995016,19.880594,17.468702,19.425482,16.868563,20.071638,19.677748,19.650229,21.8274,21.756214,19.65463,18.59878,19.098997,19.632784,18.013529,19.782063,22.26926,22.621403,20.51774,19.871382,19.92109,19.124704,18.44369,20.348515,19.687107,19.458313,18.067799,20.401237,18.89806,16.866892,15.742258,18.50934,18.192425,17.583876,17.663773,18.243246,17.598848,16.285862,16.728775,17.432447,1.2720537,2.3154416,7.368247,0.46967617,28.181362,38.55767,33.31421,18.169218,19.341106,19.797476,20.39561,18.445951,17.470972,42.17
4446116.924,657754.7026,10.723751,1.3641176,0.79865676,27.970062,33.79516,33.537193,30.5188,26.590742,31.540878,31.358482,30.033613,30.185673,32.529182,39.636387,34.57032,36.332474,39.004826,41.201645,2.7845528,2.1074836,6.358474,7.806165,1384.75,85.23636,0,0.34529898,-0.002197266,10,20,0.48682898,0.33438417,0.23970117,0.27974615,0.2731559,0.82546383,0.71226144,17.760626,17.446712,14.715042,18.405556,16.489489,19.189053,18.64804,17.659706,21.566704,18.434824,16.913801,18.618523,16.071451,19.22647,20.234486,18.935364,19.255255,17.995127,15.31848,16.66372,17.23231,17.477736,16.399437,17.311798,19.165443,19.569061,16.349768,17.74985,16.630646,15.967321,17.300243,17.492844,16.990383,18.227291,15.557086,17.598808,15.263872,14.343077,14.579352,16.161339,18.607508,18.30904,19.490555,20.924088,18.869505,18.674793,16.692228,19.016535,1.0813872,2.4460182,7.0823193,0.45022026,30.88261,31.44968,37.103355,17.522074,18.723751,17.191723,17.53319,16.07998,18.79539,42.17
4446116.924,657759.7026,14.33867,1.3632901,0.77905226,27.9721,33.795467,33.799416,30.927631,26.729145,31.404734,31.354239,30.037197,29.865934,31.842474,39.751102,34.560318,36.1524,38.937153,41.389305,2.7896156,2.1064148,6.34475,7.7893457,1384.72,83.659805,-0.080078125,0.25966924,-0.006713867,10,20,0.48682898,0.33438417,0.23970117,0.27974615,0.2731559,0.82546383,0.71226144,18.188562,17.840857,15.102907,18.782753,16.809841,19.602774,19.076923,18.056316,22.593388,20.102665,17.536066,20.002508,16.566319,20.09766,20.809692,19.916931,20.85467,19.48531,16.510952,17.917841,18.2526,18.1224,17.374706,18.462383,20.52473,20.419094,18.187912,20.362745,18.466156,17.074886,18.55871,19.077068,17.692123,19.166473,17.075436,18.586262,16.842213,15.699752,15.252249,17.273775,18.607508,18.30904,19.490555,20.924088,18.869505,18.674793,16.692228,19.016535,1.0711712,2.4480152,7.067048,0.45022026,30.883783,31.379486,37.15571,17.914946,19.672613,18.359783,19.08489,17.187786,18.79539,42.17
4446116.924,657764.7026,17.221502,1.3622235,0.75879574,27.972027,33.795715,34.11243,31.480337,26.91067,31.275166,31.342104,30.04176,29.48192,31.168034,39.856934,34.562607,35.93986,38.801605,41.43127,2.7950792,2.1053176,6.3312106,7.7706685,1384.7,90,-0.16015625,0.14337903,-0.008911133,10,20,0.48682898,0.33438417,0.23970117,0.27974615,0.2731559,0.82546383,0.71226144,17.651712,16.890493,15.615346,18.680616,16.699795,19.372547,18.749554,17.886755,23.110455,21.1543,17.624462,20.093462,16.35289,20.768072,20.235294,20.24368,22.162266,19.368534,18.778767,19.56208,17.203926,17.714554,18.072813,19.006882,20.95402,20.937077,20.123722,19.902885,18.283846,17.437962,18.766531,19.502449,17.635408,17.39891,16.513958,18.783386,16.980198,15.5170765,15.990405,16.95599,18.758554,16.256004,19.787836,19.945883,17.723843,17.988592,19.281223,18.529377,1.0605097,2.4501984,7.0509396,0.45022026,30.883871,31.308636,37.20977,17.665724,19.905563,18.98042,19.486576,16.974192,18.534563,42.17
4446116.924,657769.7026,16.533394,1.3608251,0.7381847,27.969576,33.79569,34.504124,32.198997,27.147972,31.18,31.327377,30.041983,29.029478,30.579351,39.917877,34.575375,35.682713,38.581085,41.23195,2.80035,2.1041892,6.3198686,7.752129,1384.7,104.07746,0.119628906,0.117894225,0.003295898,10,20,0.48682898,0.33438417,0.23970117,0.27974615,0.2731559,0.82546383,0.71226144,19.34863,17.033936,16.93649,18.432701,15.469414,19.692648,18.858725,18.202024,22.503124,19.73039,18.47845,20.020357,17.99205,21.050457,20.472097,20.381964,21.404112,21.383457,19.451664,17.969042,16.857386,18.29924,16.396378,18.970865,22.25851,21.763443,20.354786,19.49817,18.136166,16.984276,18.227674,19.705065,19.25214,18.63251,17.759441,18.259075,15.539698,15.385619,16.342262,17.366987,20.331198,19.64419,17.652584,20.538767,18.630964,18.147892,18.525518,19.094265,1.0495049,2.4522696,7.035999,0.45022026,30.882633,31.253689,37.246628,17.967506,20.035275,18.82304,19.603289,17.310106,19.067303,42.17
4446116.924,657774.7026,4.324649,1.3592682,0.71756667,27.91214,33.73098,35.06889,33.120598,27.573915,31.133898,31.437609,30.039877,28.469254,30.008476,39.93966,34.52543,35.188328,38.300564,40.809944,2.8039126,2.0903356,6.313367,7.731298,1384.68,108.43495,-0.1586914,0.09012804,-0.008789063,10,20,0.48682898,0.33438417,0.23970117,0.27974615,0.2731559,0.82546383,0.71226144,19.34863,17.033936,16.93649,18.432701,15.469414,19.692648,18.858725,18.202024,21.088873,18.9205,16.936998,19.116705,16.605782,19.455692,19.02527,19.04053,21.404112,21.383457,19.451664,17.969042,16.857386,18.29924,16.396378,18.970865,22.25734,21.754532,20.355335,19.48866,18.132845,16.98411,18.217106,19.700201,19.098139,18.390083,17.520796,18.086468,15.34809,15.218468,16.216017,17.183828,18.141195,16.639109,17.271694,17.449142,16.847097,16.124853,16.668207,17.042965,1.0384175,2.447124,7.022332,0.45022026,30.82156,31.285753,37.232544,17.967506,18.73569,18.82304,19.59856,17.125439,17.020185,42.17
4446116.924,657779.7026,3.3072355,1.3572221,0.69682497,27.909485,33.73074,35.652733,34.20165,27.936972,31.051203,31.415062,30.046436,27.837496,29.329998,39.964706,34.54794,34.815094,37.9247,40.327694,2.8098848,2.0892155,6.3004227,7.710157,1384.68,135,-0.03955078,0.040059235,-0.003295898,10,20,0.48682898,0.33438417,0.23970117,0.27974615,0.2731559,0.82546383,0.71226144,19.018429,17.63881,16.247004,19.024683,16.842264,20.201609,18.921442,18.478163,21.690012,19.260761,16.557722,19.067492,16.928183,19.816538,19.004742,19.158966,21.810797,20.062546,18.51229,18.310675,18.267925,18.23286,16.455656,18.848104,21.837463,21.442448,20.73189,19.662664,20.708275,17.478407,18.138506,20.036356,19.158983,18.048212,17.695929,18.538923,15.534657,15.446871,16.362494,17.330666,18.305292,16.503475,17.344067,17.911444,16.705656,16.19127,16.522982,17.06612,1.0270236,2.4495502,7.00529,0.45022026,30.820112,31.233131,37.256325,18.270605,18.903637,18.807537,19.999952,17.255152,17.06917,42.17
4446116.924,657784.7026,6.634106,1.3551203,0.67469025,27.907232,33.73083,36.397514,35.52338,28.395702,30.928299,31.3884,30.068888,27.054419,28.405136,40.02799,34.559105,34.324554,37.47207,39.833412,2.816648,2.0880368,6.2816415,7.683947,1384.68,135,0,0.02002962,-0.001098633,10,20,0.4443113,0.32751468,0.24715799,0.27672014,0.2684665,0.82246697,0.71877927,18.796312,17.530224,14.479558,19.419107,16.59119,20.514755,18.840445,18.275366,21.118397,19.64269,17.259369,19.084013,16.957281,19.427961,19.204742,19.198296,22.084953,20.221632,19.314869,19.144548,18.144833,17.95003,17.087458,19.203045,21.877388,21.532919,19.366154,19.64561,18.746933,17.421873,18.005634,19.618782,19.50108,17.987232,16.590229,17.864729,15.8943205,15.574797,16.38667,17.177565,18.643217,16.817831,16.569363,16.977114,18.731213,16.376421,16.017052,17.06478,1.0149052,2.4523425,6.9827943,0.443631,30.81903,31.158348,37.29355,18.024513,18.95635,19.135477,19.513788,17.114151,17.161745,42.17
4446116.924,657789.7026,8.409663,1.3530239,0.65118957,27.90664,33.73155,37.36957,37.161133,28.996733,30.742134,31.358149,30.116982,26.065758,27.14523,40.151215,34.545475,33.65961,36.920048,39.343666,2.8243635,2.086785,6.252896,7.650264,1384.68,-1,0,0,0,10,20,0.4443113,0.32751468,0.24715799,0.27672014,0.2684665,0.82246697,0.71877927,18.796312,17.530224,14.479558,19.419107,16.59119,20.514755,18.840445,18.275366,21.118397,19.64269,17.259369,19.084013,16.957281,19.427961,19.204742,19.198296,22.084953,20.221632,19.314869,19.144548,18.144833,17.95003,17.087458,19.203045,21.877388,21.532919,19.366154,19.64561,18.746933,17.421873,18.005634,19.618782,19.50108,17.987232,16.590229,17.864729,15.8943205,15.574797,16.38667,17.177565,18.643217,16.817831,16.569363,16.977114,18.731213,16.376421,16.017052,17.06478,1.0021067,2.4555743,6.95158,0.443631,30.819094,31.05014,37.348343,18.024513,18.95635,19.135477,19.513788,17.114151,17.161745,42.17
4446116.924,657794.7026,8.681668,1.3508285,0.6323939,27.903315,33.732365,38.363853,38.781433,29.616768,30.567263,31.331503,30.182398,25.113243,25.911036,40.306076,34.519726,32.946987,36.340416,38.92778,2.8320835,2.085617,6.228477,7.6172805,1384.68,-1,0,0,0,10,20,0.4443113,0.32751468,0.24715799,0.27672014,0.2684665,0.82246697,0.71877927,18.608568,19.353971,14.236261,17.267797,16.16103,20.693285,18.058287,17.972971,20.162205,19.676529,16.941507,19.484106,16.835262,19.874924,19.032454,19.1498,22.068623,20.597578,19.569809,18.581133,17.558344,16.872158,17.460354,18.939728,22.529076,22.02828,20.291555,19.887033,18.107204,17.827448,18.379732,19.870827,19.009953,18.581184,17.187916,17.736834,15.937597,16.285646,16.38196,17.335932,17.76246,17.524145,17.022243,17.440865,18.028606,16.174059,16.374454,17.134052,0.99161124,2.4588504,6.9228787,0.443631,30.81784,30.949383,37.412903,17.768457,18.85814,18.958284,19.864334,17.303013,17.189547,42.17
4446116.924,657799.7026,7.00326,1.3480879,0.64500535,27.863256,33.72836,37.85619,38.16779,29.199667,30.916138,31.34799,30.162989,25.773596,26.776974,40.255558,34.63768,33.294907,36.314274,39.014507,2.8350427,2.0854273,6.3045573,7.644813,1384.68,-1,0,0,0,10,20,0.4443113,0.32751468,0.24715799,0.27672014,0.2684665,0.82246697,0.71877927,18.861267,18.70617,15.266815,17.014538,17.888262,19.931839,18.952074,18.222345,21.555061,19.978878,16.800158,19.277052,16.614214,19.892672,18.973204,19.301285,22.836689,22.65602,20.663338,18.18923,17.28617,17.718681,18.255466,19.60655,21.589571,22.049831,20.36733,19.431055,18.377813,17.7242,18.434254,19.694645,19.188206,18.226686,18.371851,18.617079,15.818826,17.005539,16.595358,17.784851,17.393414,17.21877,17.87569,16.710337,16.491943,16.781038,16.053085,16.880798,0.9965466,2.460235,6.974685,0.443631,30.795807,31.132065,37.446617,18.088709,19.013033,19.657942,19.71058,17.689077,16.93204,42.17
4446116.924,657804.7026,7.382532,1.3396488,0.66908747,27.937084,33.329166,36.95156,36.981018,28.449455,31.404917,31.643837,30.179537,26.94594,28.148668,40.154846,34.79217,33.96483,36.208458,39.190746,2.8302457,2.0764165,6.4098644,7.690821,1384.68,-1,0,0,0,10,20,0.4443113,0.32751468,0.24715799,0.27672014,0.2684665,0.82246697,0.71877927,18.861267,18.70617,15.266815,17.014538,17.888262,19.931839,18.952074,18.222345,21.555061,19.978878,16.800158,19.277052,16.614214,19.892672,18.973204,19.301285,22.836689,22.65602,20.663338,18.18923,17.28617,17.718681,18.255466,19.60655,21.589571,22.049831,20.36733,19.431055,18.377813,17.7242,18.434254,19.694645,19.188206,18.226686,18.371851,18.617079,15.818826,17.005539,16.595358,17.784851,17.393414,17.21877,17.87569,16.710337,16.491943,16.781038,16.053085,16.880798,1.0043682,2.453331,7.0503426,0.443631,30.633125,31.524376,37.47351,18.088709,19.013033,19.657942,19.71058,17.689077,16.93204,42.17
4446116.924,657809.7026,3.404769,1.3409995,0.69597626,27.718306,32.87151,36.33783,36.108845,27.608786,32.07713,32.300953,30.33321,27.986784,29.30922,39.940807,34.57307,34.184242,35.907482,39.20257,2.8218021,2.061059,6.4992356,7.729653,1384.68,-1,0,0,0,10,20,0.4443113,0.32751468,0.24715799,0.27672014,0.2684665,0.82246697,0.71877927,18.621002,18.777288,16.527176,18.81182,16.569126,20.787111,19.30803,18.698864,21.694145,20.074978,17.175205,19.672274,17.053127,19.6598,19.185263,19.491741,22.564869,21.210049,20.713383,18.809206,18.752308,17.620848,17.894114,19.681997,21.975521,22.057316,20.546528,19.102852,18.91922,17.850986,19.11159,19.84152,19.954817,18.723331,18.565075,17.272268,14.670919,15.711654,16.058191,17.286978,17.875668,17.181705,17.680641,17.313803,16.397598,16.397415,16.15756,17.012117,1.0184879,2.4414306,7.1144443,0.443631,30.294907,32.18904,37.25694,18.485935,19.216398,19.652111,19.937716,17.279465,17.000628,42.17
4446116.924,657814.7026,7.3838525,1.3362837,0.72207904,27.666279,32.86582,35.88171,35.466408,27.173384,32.502754,32.364994,30.388573,28.822847,30.216389,39.94397,34.62389,34.437233,35.709118,39.32765,2.817203,2.0616007,6.5828834,7.7626805,1384.68,-1,0,0,0,10,20,0.45125878,0.3304478,0.24667795,0.277603,0.357689,0.82346356,0.7104976,19.212284,18.644989,17.010391,17.953218,17.544195,20.448025,19.45987,18.733526,21.702715,19.91753,17.081299,19.516665,17.06915,19.58388,19.65929,19.489977,22.53635,21.794827,20.25141,19.00149,19.936052,17.737867,17.58253,19.81619,21.598648,22.30879,20.611122,19.194954,19.947407,17.918999,19.337515,19.989065,19.815468,18.961567,17.661026,17.694115,14.819405,16.119139,16.517023,17.37854,17.787739,17.695042,17.03682,17.525497,16.733055,16.978895,16.56396,17.201216,1.0291814,2.4394019,7.172782,0.4568054,30.26605,32.433876,37.283928,18.610426,19.218647,19.834362,20.131062,17.369677,17.188715,42.17
4446116.924,657819.7026,6.417146,1.3312941,0.7527757,27.615122,32.860653,35.498177,34.899227,26.787333,32.904068,32.420948,30.454607,29.678696,31.023853,39.9672,34.661762,34.637363,35.435467,39.408497,2.80918,2.0620384,6.6582527,7.7935953,1384.68,225,0,0.02002962,-0.001098633,25,20,0.45125878,0.3304478,0.24667795,0.277603,0.357689,0.82346356,0.7104976,19.212284,18.644989,17.010391,17.953218,17.544195,20.448025,19.45987,18.733526,21.702715,19.91753,17.081299,19.516665,17.06915,19.58388,19.65929,19.489977,22.53635,21.794827,20.25141,19.00149,19.936052,17.737867,17.58253,19.81619,21.598648,22.30879,20.611122,19.194954,19.947407,17.918999,19.337515,19.989065,19.815468,18.961567,17.661026,17.694115,14.819405,16.119139,16.517023,17.37854,17.787739,17.695042,17.03682,17.525497,16.733055,16.978895,16.56396,17.201216,1.0420349,2.4356093,7.225924,0.4568054,30.237888,32.662506,37.314484,18.610426,19.218647,19.834362,20.131062,17.369677,17.188715,42.17
4446116.924,657824.7026,6.553793,1.3260367,0.7934094,27.56916,32.85567,35.07398,34.198467,26.386726,33.283356,32.45955,30.531622,30.731747,31.90325,39.958874,34.7207,34.86005,35.11464,39.432358,2.7970858,2.0623388,6.7188654,7.824424,1384.68,243.43495,-0.07910156,0.063339196,-0.004394531,25,20,0.45125878,0.3304478,0.24667795,0.277603,0.357689,0.82346356,0.7104976,18.743921,16.76535,16.351643,17.380072,17.385147,20.389032,19.192251,18.20363,22.021084,19.92935,16.967209,19.963163,16.960968,19.495005,19.08023,19.468483,21.907393,19.088764,19.088871,18.001234,19.9957,18.223177,17.940083,19.141607,20.749645,21.434582,19.74796,19.195421,19.925625,17.634233,18.788448,19.54588,18.632355,18.181528,16.803268,19.254217,16.239784,16.384052,16.259825,17.433302,17.476068,17.591429,17.41267,16.727968,16.931276,16.668003,16.762646,17.051502,1.059723,2.4297123,7.2716446,0.4568054,30.212416,32.871452,37.339787,18.02963,19.202429,19.177887,19.639418,17.393576,17.081438,42.17
4446116.924,657829.7026,8.9880085,1.3172163,0.8457917,27.721935,32.527187,34.412914,33.122665,26.113365,33.605198,32.145065,30.655937,32.148445,33.11293,39.852077,35.18029,35.320805,34.879086,39.400524,2.7831893,2.056644,6.7604103,7.862509,1384.69,251.56505,0.03955078,0.044787582,0.002197266,25,20,0.45125878,0.3304478,0.24667795,0.277603,0.357689,0.82346356,0.7104976,18.42854,18.151585,15.772367,17.500803,16.378231,19.987057,18.85708,18.034376,21.616308,19.778263,17.145828,20.172184,16.574253,19.25619,18.732498,19.319391,20.603914,19.496744,19.008617,19.285543,20.088448,17.928217,17.770214,19.10165,18.904907,19.880466,20.259434,19.96357,19.776396,17.39204,19.604778,19.34828,18.510632,18.227882,17.369072,20.100313,18.171408,15.790354,16.79649,17.826138,17.801105,17.257895,17.649029,17.90318,17.953762,16.7244,17.430637,17.525702,1.081504,2.4199166,7.3114595,0.4568054,30.124561,32.87513,37.516182,17.867952,19.039358,19.168814,19.397371,17.852308,17.53143,42.17
4446116.924,657834.7026,9.21472,1.3116597,0.91646796,27.702158,32.519623,33.59629,31.693575,25.526264,33.942764,32.139572,30.786692,33.95381,34.506847,39.65034,35.39223,35.798634,34.567642,39.27961,2.7635672,2.0559719,6.7806225,7.899778,1384.69,225,0,0.020276899,-0.001098633,25,20,0.45125878,0.3304478,0.24667795,0.277603,0.357689,0.82346356,0.7104976,18.42854,18.151585,15.772367,17.500803,16.378231,19.987057,18.85708,18.034376,21.616308,19.778263,17.145828,20.172184,16.574253,19.25619,18.732498,19.319391,20.603914,19.496744,19.008617,19.285543,20.088448,17.928217,17.770214,19.10165,18.904907,19.880466,20.259434,19.96357,19.776396,17.39204,19.604778,19.34828,18.510632,18.227882,17.369072,20.100313,18.171408,15.790354,16.79649,17.826138,17.801105,17.257895,17.649029,17.90318,17.953762,16.7244,17.430637,17.525702,1.1140639,2.4097695,7.3402004,0.4568054,30.11089,33.04117,37.521286,17.867952,19.039358,19.168814,19.397371,17.852308,17.53143,42.17
4446116.924,657839.7026,13.240193,1.3058611,0.9977302,27.685114,32.51169,32.684586,30.12752,24.917229,34.266453,32.12598,30.935036,35.98048,36.01466,39.42832,35.633022,36.325954,34.190136,39.087875,2.740578,2.055208,6.7969723,7.939645,1384.69,198.43495,-0.040039062,0.045340516,-0.002197266,25,20,0.45125878,0.3304478,0.24667795,0.277603,0.357689,0.82346356,0.7104976,18.157825,17.690012,15.642267,17.873121,16.753265,20.248037,17.605635,17.911407,22.51833,19.654202,17.098965,19.973822,16.465158,19.737823,19.18294,19.543282,21.249924,19.315104,18.543139,18.314426,19.995499,18.859613,16.907461,19.108646,19.336414,19.763117,18.685217,18.302008,21.111311,17.407063,18.876364,19.004513,18.709764,18.908676,17.319021,18.775545,19.791643,16.144445,15.952949,17.86998,18.17162,16.840591,16.544231,17.510077,18.358374,16.799137,16.477812,17.205095,1.1517956,2.397893,7.3683085,0.4568054,30.0984,33.196217,37.53067,17.710024,19.233034,19.026453,19.068785,17.94315,17.24312,42.17
4446116.924,657844.7026,21.138117,1.3017814,1.085825,27.37863,32.44254,31.6574,28.57253,24.200657,34.550705,31.811531,31.162132,38.14606,37.612457,39.269062,36.068718,37.038673,33.688797,38.763477,2.7171273,2.0496159,6.815625,7.978763,1384.69,225,-0.080078125,0.060830675,-0.005615234,25,20,0.44805482,0.32535535,0.2475098,0.27920672,0.35455173,0.8171374,0.6912971,18.30758,16.654812,15.9614105,18.341429,16.193512,20.382063,18.525343,18.033222,23.13178,19.532413,16.855839,20.074926,16.632912,19.21063,19.367498,19.556389,21.90718,19.613989,18.71819,19.011143,18.751661,18.525257,18.19189,19.400776,20.767727,19.096487,18.544628,19.092915,19.409887,18.448055,17.654528,19.124077,19.488773,19.277454,18.256075,18.779997,18.67494,16.76056,16.466782,18.299623,18.570131,17.077808,16.59602,17.446295,17.029263,17.025885,15.579712,17.165655,1.1938032,2.3833716,7.397194,0.4518733,29.910583,33.181118,37.66889,17.766594,19.258,19.245617,19.002031,18.243511,17.046444,42.17
4446116.924,657849.7026,20.621943,1.289454,1.1833932,27.190607,31.980696,30.75025,27.002426,23.690247,34.980885,32.448296,31.40556,40.393044,39.31376,38.95698,36.026077,37.348904,33.172714,38.328037,2.6896014,2.0500498,6.842462,8.024374,1384.7,225,0.080078125,0.020276899,0.003295898,25,20,0.44805482,0.32535535,0.2475098,0.27920672,0.35455173,0.8171374,0.6912971,18.30758,16.654812,15.9614105,18.341429,16.193512,20.382063,18.525343,18.033222,24.232733,20.37205,18.333216,21.345734,17.668272,20.7013,21.234182,20.893787,21.90718,19.613989,18.71819,19.011143,18.751661,18.525257,18.19189,19.400776,20.769009,19.10326,18.546062,19.097733,19.413147,18.44374,17.65479,19.125942,19.597021,19.4952,18.366209,18.91447,18.836367,16.85402,16.576752,18.429462,21.11282,17.916342,18.92452,18.549677,19.60135,19.851238,16.928555,19.166174,1.2364236,2.3698256,7.4334183,0.4518733,29.585651,33.714592,37.49153,17.766594,20.555355,19.245617,19.003963,18.377148,18.983501,42.17
4446116.924,657854.7026,16.271751,1.3118396,1.2634664,27.071033,31.45567,29.829618,25.616436,22.660213,35.363914,32.464405,31.513603,42.472256,41.18159,38.619938,36.44072,38.014507,32.636066,37.529514,2.6797733,2.0622125,6.8659263,8.055566,1384.69,90,-0.12011719,0.057351712,-0.005615234,25,20,0.44805482,0.32535535,0.2475098,0.27920672,0.35455173,0.8171374,0.6912971,18.662457,19.233202,16.42072,18.33558,15.590411,20.250818,17.971823,18.319,21.706951,19.886911,16.999018,20.862673,16.770555,19.815586,19.698029,19.753668,21.231527,20.338642,19.615606,20.570894,17.651268,17.356997,17.67571,19.37826,20.451912,20.005886,19.51029,20.000853,18.400446,18.765913,17.25936,19.445107,19.182663,20.594011,18.571323,19.7648,18.795698,16.968699,16.514769,18.761707,18.188908,18.205933,16.78625,18.371832,16.60933,16.103466,16.605257,17.340218,1.287653,2.370993,7.460746,0.4518733,29.263351,33.91416,37.530327,18.066431,19.391388,19.205807,19.199236,18.627422,17.267282,42.17
4446116.924,657859.7026,17.56985,1.3093898,1.3045933,27.070126,31.447187,29.220274,24.566765,22.33736,35.820095,32.6145,31.671656,44.0004,43.428776,38.060745,36.437565,38.336502,32.288197,36.10672,2.6580703,2.062129,6.871572,8.0778,1384.69,90,0.03955078,0.114003904,0.003295898,25,20,0.44805482,0.32535535,0.2475098,0.27920672,0.35455173,0.8171374,0.6912971,18.662457,19.233202,16.42072,18.33558,15.590411,20.250818,17.971823,18.319,21.706951,19.886911,16.999018,20.862673,16.770555,19.815586,19.698029,19.753668,21.231527,20.338642,19.615606,20.570894,17.651268,17.356997,17.67571,19.37826,20.451912,20.005886,19.51029,20.000853,18.400446,18.765913,17.25936,19.445107,19.182663,20.594011,18.571323,19.7648,18.795698,16.968699,16.514769,18.761707,18.188908,18.205933,16.78625,18.371832,16.60933,16.103466,16.605257,17.340218,1.3069916,2.3600998,7.4746857,0.4518733,29.258656,34.217297,37.249153,18.066431,19.391388,19.205807,19.199236,18.627422,17.267282,42.17
4446116.924,657864.7026,16.858654,1.3012912,1.3188279,27.03341,30.986547,28.733376,23.733946,22.159206,36.518215,33.96801,32.323635,45.291664,45.93223,37.173893,35.729244,38.241325,31.864449,34.225235,2.6352208,2.05065,6.877147,8.097188,1384.68,84.79409,0.24072266,0.31603557,0.013427734,10,20,0.44805482,0.32535535,0.2475098,0.27920672,0.35455173,0.8171374,0.6912971,18.821402,17.821182,15.040659,17.847765,15.85524,20.445759,18.982258,18.026003,21.721352,19.314837,17.047565,20.563965,17.416775,19.864958,19.737823,19.716816,21.074936,18.58968,17.614904,20.829084,19.118975,18.26069,17.547735,19.157099,20.50632,18.564247,18.863913,20.435064,18.986782,18.007706,18.373825,19.24331,19.212036,20.668985,18.433735,20.492998,18.28933,16.237844,16.090797,18.556278,18.255365,17.18546,17.557991,17.72201,17.721159,16.144438,16.619713,17.239931,1.3100595,2.3429353,7.4871674,0.4518733,29.00998,35.24311,36.45157,17.830608,19.38104,19.005142,19.105408,18.48939,17.315163,42.17
4446116.924,657869.7026,14.341181,1.2992901,1.3293598,27.043507,30.975956,28.31046,22.95528,21.968214,37.016,34.265034,32.528355,46.648483,48.505352,36.446663,35.578083,38.405766,31.437054,32.168613,2.6170352,2.0506437,6.8849053,8.112449,1384.63,77.47119,-0.080078125,0.52874184,-0.002197266,10,20,0.44805482,0.32535535,0.2475098,0.27920672,0.35455173,0.8171374,0.6912971,18.083773,17.932545,15.1614275,18.171635,16.949053,20.321499,19.220297,18.19175,21.363644,19.985962,17.098244,20.67159,17.331774,19.992968,19.411856,19.717636,20.54148,19.465754,16.702759,19.03054,19.164295,17.854996,19.015026,18.849072,20.345516,19.618446,18.163815,19.475273,18.014235,18.059872,19.86555,19.231451,19.177404,18.119497,17.348932,19.41435,17.505909,17.122812,17.009624,17.983654,18.443527,18.255558,16.943508,17.606373,17.85487,16.27492,16.440062,17.366507,1.3143249,2.3338394,7.4986773,0.4518733,29.009731,35.64052,36.012375,17.977177,19.408005,18.82498,19.07753,17.956934,17.402689,42.17
4446116.924,657874.7026,8.708596,1.2976719,1.335309,27.054476,30.964037,27.879288,22.172504,21.796408,37.425373,34.58043,32.73226,48.167587,50.99832,35.793636,35.460377,38.579666,30.874538,30.08538,2.5999854,2.0506792,6.9011393,8.130318,1384.58,72.28233,-0.000488281,0.7066682,-0.001098633,10,20,0.43880823,0.3295346,0.24593529,0.27918464,0.36602685,0.84900975,0.68741745,18.083773,17.932545,15.1614275,18.171635,16.949053,20.321499,19.220297,18.19175,21.363644,19.985962,17.098244,20.67159,17.331774,19.992968,19.411856,19.717636,20.54148,19.465754,16.702759,19.03054,19.164295,17.854996,19.015026,18.849072,20.345516,19.618446,18.163815,19.475273,18.014235,18.059872,19.86555,19.231451,19.177404,18.119497,17.348932,19.41435,17.505909,17.122812,17.009624,17.983654,18.443527,18.255558,16.943508,17.606373,17.85487,16.27492,16.440062,17.366507,1.3164904,2.3253322,7.5157285,0.45655957,29.009256,36.0029,35.627007,17.977177,19.408005,18.82498,19.07753,17.956934,17.402689,42.17
4446116.924,657879.7026,5.3032618,1.3135362,1.3337469,26.402998,30.047894,27.583187,21.375126,21.30842,37.62762,34.730377,32.64597,49.77905,53.24742,35.395947,35.875763,38.668915,30.250393,28.112915,2.592616,2.079345,6.920872,8.142017,1384.51,71.557686,-0.119628906,0.8605206,-0.006591797,10,20,0.43880823,0.3295346,0.24593529,0.27918464,0.36602685,0.84900975,0.68741745,18.923874,17.816517,15.842837,18.702276,17.14095,19.62247,18.753357,18.26455,21.10735,19.523315,17.419342,20.528004,16.990116,20.076944,19.644123,19.652388,20.727718,19.425777,17.693684,20.416708,18.554123,17.358355,18.887922,19.029585,20.72157,19.19982,18.2499,20.209097,18.087864,17.13085,18.885,19.036827,19.399775,19.730291,16.645926,19.590706,18.061623,16.834917,15.799954,18.028677,18.484846,18.645037,17.181513,17.790667,17.945284,15.569717,16.129028,17.261614,1.3236415,2.3359804,7.5314445,0.45655957,28.225445,36.179,35.635857,18.11461,19.327028,19.009184,18.9263,18.009027,17.392298,42.17
4446116.924,657884.7026,5.71507,1.3153131,1.3238494,26.414778,30.036036,27.28502,20.795055,21.262663,37.872383,34.996647,32.7816,51.019104,54.877476,34.94682,35.842712,38.776096,29.72167,26.556839,2.583583,2.0804024,6.9386816,8.150665,1384.44,69.34602,-0.041015625,0.9338584,-0.002319336,10,20,0.43880823,0.3295346,0.24593529,0.27918464,0.36602685,0.84900975,0.68741745,19.281574,17.447765,15.840593,18.981855,17.387533,19.90632,18.693668,18.449144,21.461563,19.760912,17.351261,19.190025,16.921469,19.725653,19.228506,19.35513,22.391994,19.365225,19.156944,19.645937,19.498684,19.029629,19.85315,20.054157,21.717754,19.370884,19.303692,18.47922,20.614964,17.774475,18.597672,19.470638,20.317394,18.80417,17.008423,19.797714,18.567028,16.518206,16.151587,18.261177,17.404236,17.494587,16.656574,17.946829,17.230947,16.525948,16.740978,17.196268,1.3195813,2.3319926,7.5446734,0.45655957,28.225407,36.434517,35.394768,18.2199,19.091341,19.848795,19.40838,18.16636,17.142872,42.17
4446116.924,657889.7026,14.345008,1.3183799,1.3190291,26.403534,30.03024,27.314402,20.899427,21.315002,38.471313,35.17537,32.94917,50.70262,55.194996,34.362617,35.67397,38.58614,29.893219,26.112389,2.585376,2.0817256,6.9361634,8.137559,1384.37,68.18308,0.20019531,1.0796407,0.012207031,10,20,0.43880823,0.3295346,0.24593529,0.27918464,0.36602685,0.84900975,0.68741745,19.281574,17.447765,15.840593,18.981855,17.387533,19.90632,18.693668,18.449144,21.461563,19.760912,17.351261,19.190025,16.921469,19.725653,19.228506,19.35513,22.391994,19.365225,19.156944,19.645937,19.498684,19.029629,19.85315,20.054157,21.717754,19.370884,19.303692,18.47922,20.614964,17.774475,18.597672,19.470638,20.317394,18.80417,17.008423,19.797714,18.567028,16.518206,16.151587,18.261177,17.404236,17.494587,16.656574,17.946829,17.230947,16.525948,16.740978,17.196268,1.3187045,2.333551,7.5368614,0.45655957,28.216887,36.82334,35.018295,18.2199,19.091341,19.848795,19.40838,18.16636,17.142872,42.17
4446116.924,657894.7026,19.468819,1.3341732,1.3136493,26.400438,30.17084,27.688023,21.513124,21.398008,39.262848,35.38084,33.062767,49.128372,54.45577,33.69428,35.15921,38.23962,30.792465,26.567432,2.5678735,2.046798,6.9124513,8.098848,1384.27,69.83014,0.040039062,1.2052163,0.004516602,10,20,0.43880823,0.3295346,0.24593529,0.27918464,0.36602685,0.84900975,0.68741745,19.047623,18.736746,16.158222,17.679287,16.564451,19.711481,18.389324,18.215971,22.68109,20.166208,17.12821,19.576532,17.485212,19.886417,19.645727,19.749918,22.413525,21.538311,19.416529,19.241621,18.950253,18.727766,18.717,19.956926,21.371828,20.978735,20.809656,19.6713,19.798687,18.367046,18.495312,19.999516,20.861124,18.8269,19.070782,18.189394,17.835007,17.051664,15.867598,18.298365,17.304897,17.268337,17.553013,17.375154,15.903668,17.324293,16.75538,17.133913,1.3239112,2.3073359,7.5056496,0.45655957,28.285639,37.321846,34.426743,18.04102,19.509914,19.857859,19.92751,18.243212,17.06925,42.17
4446116.924,657899.7026,23.09258,1.3208717,1.2916076,26.37338,30.177294,28.064686,22.150202,21.455832,40.07197,35.596752,33.109303,47.555233,53.342854,33.08524,34.75252,37.954533,31.48353,27.16479,2.561159,2.0287256,6.8904357,8.071732,1384.17,70.71969,0.041015625,1.2140813,0.003417969,10,20,0.43880823,0.3295346,0.24593529,0.27918464,0.36602685,0.84900975,0.68741745,19.403198,19.744879,16.562958,17.55333,17.267689,19.97582,19.210768,18.66015,22.359776,19.71691,16.916645,19.829939,16.870317,20.027142,18.979979,19.547037,22.435009,21.671467,19.667555,18.254723,18.80825,19.861456,18.156286,19.985098,21.346905,22.775845,21.626696,19.634161,20.496143,19.87319,18.544748,20.65777,19.54286,19.95206,18.279764,18.270067,17.66296,17.325155,15.39771,18.054771,17.803888,17.985683,18.119244,17.06175,16.729603,17.014137,16.541136,17.297718,1.3062396,2.2949424,7.481084,0.45655957,28.275337,37.834362,33.91888,18.531235,19.242956,19.836393,20.613955,18.06151,17.322206,42.17
4446116.924,657904.7026,18.221859,1.3292167,1.2528138,26.416515,29.982584,28.443932,22.75467,21.257833,40.735687,35.632156,33.280426,46.003273,52.01043,32.601463,34.636112,37.64547,32.269176,27.933254,2.5751412,2.0333183,6.8608007,8.034815,1384.07,70.6869,0.0390625,1.1687654,0,10,20,0.43333474,0.33301544,0.2525919,0.2879826,0.33724317,0.81903344,0.8418594,19.403198,19.744879,16.562958,17.55333,17.267689,19.97582,19.210768,18.66015,22.359776,19.71691,16.916645,19.829939,16.870317,20.027142,18.979979,19.547037,22.435009,21.671467,19.667555,18.254723,18.80825,19.861456,18.156286,19.985098,21.346905,22.775845,21.626696,19.634161,20.496143,19.87319,18.544748,20.65777,19.54286,19.95206,18.279764,18.270067,17.66296,17.325155,15.39771,18.054771,17.803888,17.985683,18.119244,17.06175,16.729603,17.014137,16.541136,17.297718,1.2910153,2.3042297,7.447808,0.47215152,28.19955,38.18392,33.61879,18.531235,19.242956,19.836393,20.613955,18.06151,17.322206,42.17
4446116.924,657909.7026,13.256825,1.3388177,1.203546,26.392193,29.98303,28.986273,23.401102,21.475456,41.298916,35.759956,33.341816,44.473045,50.583828,32.23692,34.363018,37.14892,32.940746,28.758982,2.5903435,2.0341067,6.826428,7.994365,1383.97,71.55233,-0.20019531,0.99617475,-0.012207031,25,20,0.43333474,0.33301544,0.2525919,0.2879826,0.33724317,0.81903344,0.8418594,18.837948,19.42049,15.332254,18.097342,16.692347,20.013645,18.7905,18.281572,21.995016,19.880594,17.468702,19.425482,16.868563,20.071638,19.677748,19.650229,21.8274,21.756214,19.65463,18.59878,19.098997,19.632784,18.013529,19.782063,22.26926,22.621403,20.51774,19.871382,19.92109,19.124704,18.44369,20.348515,19.687107,19.458313,18.067799,20.401237,18.89806,16.866892,15.742258,18.50934,18.192425,17.583876,17.663773,18.243246,17.598848,16.285862,16.728775,17.432447,1.2711818,2.312225,7.4103966,0.47215152,28.18761,38.529434,33.29997,18.169218,19.341106,19.797476,20.39561,18.445951,17.470972,42.17
4446111.924,657759.7026,8.700071,1.3582233,0.77114755,27.96458,33.80004,33.37772,31.0353,26.6391,31.172981,31.234,30.078842,29.820505,32.54789,40.1254,34.60707,36.382988,38.90557,40.96253,2.7887676,2.1078963,6.3019137,7.7565517,1384.73,77.47119,0.040039062,0.26437655,0.001098633,25,20,0.48682898,0.33438417,0.23970117,0.27974615,0.2731559,0.82546383,0.71226144,18.944479,17.951124,17.061901,16.714422,17.932764,20.370817,19.766628,18.503702,22.35261,20.514002,17.737713,20.467379,17.801369,20.707855,21.367258,20.434366,20.941,20.865068,19.444304,19.292244,18.281605,18.517492,18.114244,19.339716,21.023851,20.4594,19.065834,20.079702,20.441143,18.747852,19.613081,19.882917,16.707127,17.000845,14.113831,16.635689,15.055838,14.242739,14.372327,15.396521,18.904417,18.506708,20.718842,18.561813,19.418182,18.787104,17.998508,19.003973,1.0646855,2.4483318,7.029233,0.45022026,30.88231,31.203491,37.366234,18.391735,20.135454,19.350851,19.918695,15.446914,18.98508,42.17
4446111.924,657764.7026,16.308422,1.3570986,0.7491853,27.963888,33.80104,33.623566,31.585531,26.802237,30.971731,31.198088,30.091404,29.427626,31.783688,40.326138,34.62235,36.20307,38.78214,41.13161,2.7952423,2.1067955,6.2819424,7.7307787,1384.71,77.00539,0.040039062,0.19129118,0,10,20,0.48682898,0.33438417,0.23970117,0.27974615,0.2731559,0.82546383,0.71226144,19.49541,17.50982,16.930086,16.601696,18.025621,20.70033,19.230017,18.529991,21.93784,20.617437,17.537922,20.92285,17.968391,20.959196,21.058676,20.479418,21.973484,20.277334,19.979334,19.396536,17.884956,16.38669,18.042551,19.153473,21.91289,20.885515,20.088282,20.341946,20.217106,18.47314,20.285809,20.268822,19.157223,18.117672,17.092003,18.193535,16.438948,15.581573,16.42397,17.257395,20.538086,18.664349,19.911497,20.285372,19.416513,18.39784,17.677908,19.271343,1.053142,2.4510188,7.0063605,0.45022026,30.882465,31.08491,37.474243,18.35614,20.143187,19.134413,20.314957,17.286419,19.270222,42.17
4446111.924,657769.7026,16.866085,1.3553289,0.7286416,27.962704,33.800846,34.004158,32.221375,27.021828,30.901577,31.186815,30.063723,29.021194,31.28626,40.343292,34.637604,35.974743,38.590057,40.92352,2.7989266,2.105667,6.275155,7.71583,1384.69,76.02552,-0.16015625,0.11802149,-0.006713867,10,20,0.48682898,0.33438417,0.23970117,0.27974615,0.2731559,0.82546383,0.71226144,19.447285,16.650566,16.390598,18.159727,16.543827,19.818558,19.405085,18.249552,20.853458,19.173582,16.45961,19.259153,16.568,19.309912,18.886753,18.90123,21.99364,19.295404,19.588634,17.959822,16.75162,17.76209,19.220257,19.089373,22.750946,21.31693,21.191994,19.371828,18.823914,18.442488,18.362255,20.106798,19.290228,17.882235,18.610836,18.56537,16.615814,16.175234,16.773687,17.75755,17.667831,17.81176,18.120564,17.139719,16.921505,16.574163,17.51346,17.378002,1.0419853,2.4522967,6.9954925,0.45022026,30.881775,31.044197,37.490448,18.059378,18.644352,18.938782,20.037195,17.701916,17.392714,42.17
4446111.924,657774.7026,9.7659645,1.3528768,0.7098972,27.9065,33.735207,34.58582,32.98612,27.42572,30.946894,31.321041,30.005777,28.558935,30.942387,40.226868,34.58344,35.51129,38.352566,40.4153,2.7985518,2.09125,6.2814007,7.706194,1384.69,71.63553,0.07910156,0.08990694,0.002197266,10,20,0.48682898,0.33438417,0.23970117,0.27974615,0.2731559,0.82546383,0.71226144,19.447285,16.650566,16.390598,18.159727,16.543827,19.818558,19.405085,18.249552,20.853458,19.173582,16.45961,19.259153,16.568,19.309912,18.886753,18.90123,21.99364,19.295404,19.588634,17.959822,16.75162,17.76209,19.220257,19.089373,22.750946,21.31693,21.191994,19.371828,18.823914,18.442488,18.362255,20.106798,19.290228,17.882235,18.610836,18.56537,16.615814,16.175234,16.773687,17.75755,17.667831,17.81176,18.120564,17.139719,16.921505,16.574163,17.51346,17.378002,1.031387,2.444901,6.9937973,0.45022026,30.820854,31.133968,37.40515,18.059378,18.644352,18.938782,20.037195,17.701916,17.392714,42.17
4446111.924,657779.7026,6.3988748,1.3501745,0.6915633,27.905994,33.73424,35.14569,33.85518,27.738335,30.94889,31.314604,29.955421,28.057114,30.484037,40.12683,34.61043,35.200607,38.040203,39.919746,2.8011792,2.0901597,6.2828827,7.6963553,1384.68,71.56505,-0.03955078,0.044787582,-0.002197266,10,20,0.48682898,0.33438417,0.23970117,0.27974615,0.2731559,0.82546383,0.71226144,19.596182,16.760569,16.406422,18.087004,17.530193,20.975931,19.49774,18.63054,21.482418,19.190409,16.100437,19.30619,16.71311,18.682873,18.433355,18.812641,21.117508,20.70348,19.169834,19.670881,17.986805,18.23968,17.370955,19.408934,22.3193,22.047688,20.248194,19.450897,18.765606,17.992834,17.269196,19.860153,19.139908,18.581623,19.65947,18.607878,16.77363,16.256565,16.556208,17.99564,17.484018,18.343763,17.89333,17.344803,17.912582,16.07156,17.271168,17.38097,1.0208689,2.4456694,6.9896193,0.45022026,30.820118,31.131748,37.36863,18.407719,18.558397,19.179876,19.727674,17.939325,17.47446,42.17
4446111.924,657784.7026,8.250027,1.347415,0.6731501,27.904083,33.73364,35.77444,34.859272,28.090622,30.907173,31.296484,29.919254,27.47744,29.822266,40.08989,34.639244,34.83337,37.680176,39.505363,2.8048835,2.08906,6.281273,7.681891,1384.68,-1,0,0,0,10,20,0.4443113,0.32751468,0.24715799,0.27672014,0.2684665,0.82246697,0.71877927,19.162188,16.412012,15.517451,18.270443,17.25692,20.564478,19.655077,18.342764,21.049585,19.701944,16.894089,19.103836,16.61547,19.80859,18.921503,19.1824,21.768305,20.684334,18.369022,19.803915,18.878702,17.633831,16.98811,19.304377,21.320204,21.352352,19.780355,20.372053,18.546234,17.553099,17.66484,19.639673,19.860447,18.77644,17.504599,18.206604,16.252314,16.270632,17.085793,17.74223,17.717041,17.300613,17.542326,17.776236,17.413437,16.007687,16.938175,17.223711,1.0102825,2.446972,6.9815817,0.443631,30.818861,31.10183,37.364567,18.119795,18.870716,19.160889,19.512735,17.708118,17.242216,42.17
4446111.924,657789.7026,7.956746,1.3446468,0.6565623,27.899008,33.733257,36.433617,35.911755,28.449678,30.847363,31.272892,29.898043,26.884806,29.046978,40.112057,34.66589,34.431965,37.28998,39.19113,2.8093567,2.088001,6.2802043,7.665745,1384.68,-1,0,0,0,10,20,0.4443113,0.32751468,0.24715799,0.27672014,0.2684665,0.82246697,0.71877927,19.162188,16.412012,15.517451,18.270443,17.25692,20.564478,19.655077,18.342764,21.049585,19.701944,16.894089,19.103836,16.61547,19.80859,18.921503,19.1824,21.768305,20.684334,18.369022,19.803915,18.878702,17.633831,16.98811,19.304377,21.320204,21.352352,19.780355,20.372053,18.546234,17.553099,17.66484,19.639673,19.860447,18.77644,17.504599,18.206604,16.252314,16.270632,17.085793,17.74223,17.717041,17.300613,17.542326,17.776236,17.413437,16.007687,16.938175,17.223711,1.0006046,2.448679,6.972975,0.443631,30.816132,31.060127,37.388973,18.119795,18.870716,19.160889,19.512735,17.708118,17.242216,42.17
4446111.924,657794.7026,6.6192,1.3418084,0.647229,27.884958,33.73239,36.91692,36.67409,28.670887,30.860056,31.255194,29.88114,26.527418,28.521063,40.1571,34.70237,34.13701,36.946873,39.021034,2.8135085,2.087137,6.2951126,7.657968,1384.68,-1,0,0,0,10,20,0.4443113,0.32751468,0.24715799,0.27672014,0.2684665,0.82246697,0.71877927,18.806574,17.234205,14.957997,18.040222,17.308384,20.652025,19.552874,18.295198,21.703207,19.620342,17.035297,19.787539,17.06319,19.781588,18.853647,19.40615,22.815609,20.314228,17.655985,20.433128,19.161224,17.443516,17.275578,19.213268,21.907309,21.98907,20.332634,21.828745,18.799667,17.10519,17.672234,19.9548,18.707745,19.109394,17.513355,18.706724,16.252314,16.214718,16.775343,17.66239,18.18153,17.29926,16.9277,17.657797,16.857874,15.889952,16.562864,17.032135,0.99451876,2.4503226,6.9765406,0.443631,30.808674,31.057625,37.429733,18.078897,19.120687,19.299894,19.947836,17.61137,17.053854,42.17
4446111.924,657799.7026,5.9071207,1.3387926,0.6512548,27.854813,33.73016,36.950626,36.723103,28.56554,31.054329,31.254795,29.852444,26.7133,28.68115,40.17885,34.768986,34.14024,36.75189,39.05382,2.8159642,2.0866501,6.3452196,7.670727,1384.68,-1,0,0,0,10,20,0.4443113,0.32751468,0.24715799,0.27672014,0.2684665,0.82246697,0.71877927,19.376295,18.17786,14.88578,17.665308,17.20022,19.994604,18.733002,18.136703,21.517866,20.325436,17.386929,19.986584,16.82023,19.304049,18.720152,19.443422,22.514677,21.345755,17.847824,20.011812,19.272594,17.945963,19.103909,19.74472,20.402649,20.95025,20.786165,19.918627,19.306782,16.255001,18.17914,19.274555,18.800316,19.964943,17.282604,18.609896,15.949755,15.908544,16.245138,17.548866,17.740072,17.821589,16.429012,16.146294,15.942356,15.837683,16.591478,16.652824,0.99502367,2.4513073,7.007973,0.443631,30.792486,31.154562,37.473915,18.004725,19.151606,19.720362,19.399801,17.537313,16.644068,42.17
4446111.924,657804.7026,5.527688,1.3356267,0.6649141,27.812346,33.72721,36.730644,36.348904,28.265404,31.372337,31.268742,29.824036,27.239283,29.257717,40.203773,34.84122,34.304558,36.628796,39.213566,2.8166964,2.0864143,6.41854,7.6969233,1384.68,-1,0,0,0,10,20,0.4443113,0.32751468,0.24715799,0.27672014,0.2684665,0.82246697,0.71877927,19.376295,18.17786,14.88578,17.665308,17.20022,19.994604,18.733002,18.136703,21.517866,20.325436,17.386929,19.986584,16.82023,19.304049,18.720152,19.443422,22.514677,21.345755,17.847824,20.011812,19.272594,17.945963,19.103909,19.74472,20.402649,20.95025,20.786165,19.918627,19.306782,16.255001,18.17914,19.274555,18.800316,19.964943,17.282604,18.609896,15.949755,15.908544,16.245138,17.548866,17.740072,17.821589,16.429012,16.146294,15.942356,15.837683,16.591478,16.652824,1.0002704,2.4515553,7.0577316,0.443631,30.76978,31.32054,37.5225,18.004725,19.151606,19.720362,19.399801,17.537313,16.644068,42.17
4446111.924,657809.7026,2.106568,1.3262647,0.68168706,27.889708,33.329205,36.459137,35.92987,27.832565,31.724539,31.563425,29.852617,27.896511,29.791994,40.242138,34.90834,34.573227,36.2909,39.364628,2.8095284,2.076711,6.4992275,7.729342,1384.68,-1,0,0,0,10,20,0.4443113,0.32751468,0.24715799,0.27672014,0.2684665,0.82246697,0.71877927,17.972164,17.934242,16.74608,18.323328,17.21161,20.162436,18.69814,18.310791,21.392092,20.284632,17.22557,19.144615,16.897905,19.551298,19.635149,19.430365,21.845776,20.903599,20.99745,18.896181,17.961594,18.518337,17.862093,19.6462,20.348936,21.43605,21.087612,18.926826,18.962385,16.484787,18.26896,19.238977,19.035042,19.840477,17.864176,17.657272,15.053431,15.613244,16.484211,17.432468,17.957632,17.836596,17.6326,17.70793,17.995728,15.938436,15.986808,17.220877,1.0039759,2.4431195,7.1142845,0.443631,30.609455,31.643982,37.57524,18.149715,19.161608,19.56929,19.359365,17.36398,17.293676,42.17
4446111.924,657814.7026,5.6431723,1.3274313,0.7018145,27.667685,32.873413,36.32223,35.636562,27.216845,32.279457,32.20775,29.988514,28.549397,30.237944,40.18331,34.6199,34.516037,35.837177,39.42818,2.7980368,2.0610588,6.576514,7.759986,1384.68,-1,0,0,0,10,20,0.45125878,0.3304478,0.24667795,0.277603,0.357689,0.82346356,0.7104976,18.368135,18.512362,17.583397,18.226793,16.699442,19.98993,18.440994,18.403095,21.5526,19.841564,17.453232,19.211367,17.244287,19.843752,19.904753,19.589321,22.250881,19.767391,20.744022,19.338581,17.514065,18.2748,17.520145,19.415398,20.929182,20.952353,18.861881,19.079245,17.576118,17.216524,17.978853,18.855562,20.025002,19.227161,18.435328,17.560387,16.856358,15.715001,16.227114,17.710455,18.33483,16.766136,16.836071,17.676353,15.173384,16.737902,15.463807,16.759577,1.0146229,2.4295478,7.16825,0.4568054,30.27055,32.243603,37.401604,18.26015,19.293077,19.344269,18.942022,17.720907,16.71264,42.17
4446111.924,657819.7026,6.0659876,1.3221422,0.72226477,27.609024,32.869713,36.257515,35.478146,26.956099,32.652103,32.261894,30.013346,29.086634,30.611507,40.31751,34.588074,34.553997,35.490444,39.561985,2.7881644,2.0614488,6.656843,7.787946,1384.68,315,0,0.02002962,-0.001098633,25,20,0.45125878,0.3304478,0.24667795,0.277603,0.357689,0.82346356,0.7104976,18.368135,18.512362,17.583397,18.226793,16.699442,19.98993,18.440994,18.403095,21.5526,19.841564,17.453232,19.211367,17.244287,19.843752,19.904753,19.589321,22.250881,19.767391,20.744022,19.338581,17.514065,18.2748,17.520145,19.415398,20.929182,20.952353,18.861881,19.079245,17.576118,17.216524,17.978853,18.855562,20.025002,19.227161,18.435328,17.560387,16.856358,15.715001,16.227114,17.710455,18.33483,16.766136,16.836071,17.676353,15.173384,16.737902,15.463807,16.759577,1.0222034,2.4248066,7.222395,0.4568054,30.239368,32.457,37.45279,18.26015,19.293077,19.344269,18.942022,17.720907,16.71264,42.17
4446111.924,657824.7026,6.782549,1.3166431,0.74921304,27.550732,32.866386,36.15618,35.253532,26.702429,33.020912,32.30802,30.048222,29.73449,31.010036,40.44659,34.551533,34.60344,35.10413,39.670383,2.7745223,2.0617461,6.7307177,7.8151035,1384.68,296.56506,-0.07910156,0.063339196,-0.004394531,25,20,0.45125878,0.3304478,0.24667795,0.277603,0.357689,0.82346356,0.7104976,19.198877,17.680494,17.084473,17.350624,16.372793,19.765364,18.58629,18.155008,22.012936,20.093248,17.209854,19.883059,17.760855,19.87618,19.624819,19.792559,21.655882,19.132376,17.54573,19.96329,17.883202,16.99458,17.949669,18.75402,20.433437,19.413656,17.925343,19.206018,18.419209,17.309614,18.116581,18.641363,19.134758,18.703999,16.344776,18.904531,16.73633,15.573882,16.642656,17.409443,18.236523,17.045744,15.910771,16.841223,16.13242,16.037088,16.06623,16.564684,1.0329281,2.4181342,7.2729106,0.4568054,30.208559,32.664467,37.49906,18.00556,19.494421,18.732103,18.689121,17.43442,16.609999,42.17
4446111.924,657829.7026,8.0185,1.307647,0.79583263,27.707712,32.53774,35.48411,34.12227,26.41528,33.32376,31.984358,30.180464,31.078106,32.05579,40.31812,35.03042,35.070534,34.966167,39.768913,2.7629824,2.055926,6.7615185,7.8503017,1384.69,288.43494,0.03955078,0.044787582,0.002197266,25,20,0.45125878,0.3304478,0.24667795,0.277603,0.357689,0.82346356,0.7104976,19.107798,18.157303,16.311537,18.946947,15.237071,19.944578,18.908758,18.305649,21.963318,19.634092,17.122458,19.646364,17.672924,19.58676,19.474323,19.565765,22.454884,18.92278,19.95721,20.461355,18.92994,18.01781,18.072727,19.577576,20.947803,19.420237,19.83711,19.913498,18.948565,18.044739,18.64194,19.354559,18.719225,19.813091,17.762081,19.921614,17.1785,15.987304,16.473494,17.976442,17.468702,16.938873,16.776802,17.41572,18.294586,16.392073,17.064669,17.110546,1.0517398,2.4094543,7.30591,0.4568054,30.122726,32.65406,37.67427,18.087713,19.300034,19.545242,19.393414,17.97933,17.19306,42.17
4446111.924,657834.7026,9.356857,1.3025191,0.86162025,27.700668,32.52912,34.47668,32.374294,25.743433,33.64288,31.960432,30.346975,32.948223,33.468826,40.012943,35.31807,35.65125,34.85724,39.80064,2.747442,2.05517,6.7594366,7.8845572,1384.69,-1,0,0,0,25,20,0.45125878,0.3304478,0.24667795,0.277603,0.357689,0.82346356,0.7104976,19.107798,18.157303,16.311537,18.946947,15.237071,19.944578,18.908758,18.305649,21.963318,19.634092,17.122458,19.646364,17.672924,19.58676,19.474323,19.565765,22.454884,18.92278,19.95721,20.461355,18.92994,18.01781,18.072727,19.577576,20.947803,19.420237,19.83711,19.913498,18.948565,18.044739,18.64194,19.354559,18.719225,19.813091,17.762081,19.921614,17.1785,15.987304,16.473494,17.976442,17.468702,16.938873,16.776802,17.41572,18.294586,16.392073,17.064669,17.110546,1.0820696,2.4013062,7.3219967,0.4568054,30.114895,32.801655,37.665504,18.087713,19.300034,19.545242,19.393414,17.97933,17.19306,42.17
4446111.924,657839.7026,7.6827526,1.2971085,0.93180776,27.691082,32.52079,33.43881,30.638649,25.099842,33.9652,31.938416,30.520279,34.87746,34.881104,39.721867,35.58774,36.239876,34.685596,39.77241,2.728178,2.0543487,6.760811,7.9191127,1384.69,-1,0,0,0,25,20,0.45125878,0.3304478,0.24667795,0.277603,0.357689,0.82346356,0.7104976,18.639112,17.878952,15.621208,18.94704,16.458296,20.091097,18.077475,18.21231,21.96639,19.861244,17.074503,19.682442,17.31429,19.430328,19.279833,19.495783,22.106665,19.32569,19.132296,19.693882,18.3712,18.244572,17.715015,19.32365,20.154293,19.923199,19.013,18.802927,18.884499,17.17188,18.373978,18.865986,19.097435,20.048786,17.692772,19.237434,16.590244,15.736292,16.415127,17.867847,16.965313,18.07638,17.217953,16.702322,15.732182,16.588238,17.064005,16.942139,1.1144581,2.3912635,7.339962,0.4568054,30.105936,32.951805,37.654804,17.959026,19.22986,19.227045,18.903397,17.831156,16.906628,42.17
4446111.924,657844.7026,24.698614,1.2924517,1.0025543,27.38996,32.451454,32.3333,29.000523,24.371277,34.266483,31.625349,30.757582,36.810947,36.311596,39.495384,36.013565,37.000645,34.437134,39.619026,2.7066543,2.048729,6.7676177,7.95213,1384.69,251.56505,-0.040039062,0.045340516,-0.002197266,25,20,0.44805482,0.32535535,0.2475098,0.27920672,0.35455173,0.8171374,0.6912971,18.639112,17.878952,15.621208,18.94704,16.458296,20.091097,18.077475,18.21231,21.96639,19.861244,17.074503,19.682442,17.31429,19.430328,19.279833,19.495783,22.106665,19.32569,19.132296,19.693882,18.3712,18.244572,17.715015,19.32365,20.154293,19.923199,19.013,18.802927,18.884499,17.17188,18.373978,18.865986,19.097435,20.048786,17.692772,19.237434,16.590244,15.736292,16.415127,17.867847,16.965313,18.07638,17.217953,16.702322,15.732182,16.588238,17.064005,16.942139,1.147503,2.3776917,7.359874,0.4518733,29.920708,32.945915,37.754475,17.959026,19.22986,19.227045,18.903397,17.831156,16.906628,42.17
4446111.924,657849.7026,23.864252,1.27829,1.07441,27.441742,32.378117,31.302416,27.42983,23.768953,34.593914,31.635775,30.899137,38.73645,37.835743,39.19953,36.24221,37.68975,34.17201,39.271255,2.6788788,2.0481367,6.783367,7.9907994,1384.7,225,0.080078125,0.040553793,0.006713867,25,20,0.44805482,0.32535535,0.2475098,0.27920672,0.35455173,0.8171374,0.6912971,18.773024,17.653055,15.821619,18.637178,17.455744,20.375494,17.96475,18.308039,22.054764,21.031218,18.5185,20.750679,18.315742,21.367472,21.68859,20.866768,21.75682,20.114307,19.117502,19.70893,18.31085,17.820457,17.404085,19.308964,21.07124,19.780918,19.53999,19.08289,19.91653,16.575396,18.369904,19.1289,19.593782,20.269962,18.154093,19.124014,18.873264,15.98943,16.313519,18.275515,19.031393,18.274937,18.097347,18.30667,17.678844,17.14427,18.10008,18.149826,1.17635,2.3635077,7.387083,0.4518733,29.90993,33.114845,37.72087,18.097265,20.532423,19.176136,19.19098,18.331152,18.090506,42.17
4446111.924,657854.7026,19.76699,1.2752987,1.141586,27.200703,31.981556,30.467924,26.03534,23.389168,35.06196,32.333168,31.19601,40.521976,39.566612,38.75416,36.079544,37.83059,33.875553,38.59006,2.658048,2.0486135,6.7980027,8.020571,1384.7,90,0.12011719,0.028675864,0.005615234,25,20,0.44805482,0.32535535,0.2475098,0.27920672,0.35455173,0.8171374,0.6912971,19.115805,18.689545,16.14064,18.892689,15.890207,19.587467,18.009403,18.257502,22.284527,21.054623,18.682613,20.280382,17.953182,21.066397,21.35488,20.667137,21.876245,20.035852,20.230377,19.570925,17.582933,16.860033,17.017302,19.076046,20.844748,21.320942,19.842539,19.598654,19.657318,17.245295,18.988104,19.70651,19.501938,20.506899,18.162115,19.555647,18.222101,16.325802,16.566359,18.462887,20.207838,19.0338,19.220959,20.667398,18.39999,16.932253,19.128729,19.114004,1.2084423,2.3533306,7.4092865,0.4518733,29.59113,33.697563,37.416855,18.046537,20.382372,19.024809,19.642513,18.405838,19.084423,42.17
4446111.924,657859.7026,17.25592,1.2983867,1.1924068,27.095022,31.456165,29.667667,24.908804,22.51869,35.473446,32.41622,31.296404,42.10994,41.564026,38.248207,36.392708,38.4181,33.541515,37.368385,2.6523416,2.0608175,6.8142896,8.038476,1384.69,75.88108,-0.000488281,0.11755505,0.002197266,25,20,0.44805482,0.32535535,0.2475098,0.27920672,0.35455173,0.8171374,0.6912971,19.115805,18.689545,16.14064,18.892689,15.890207,19.587467,18.009403,18.257502,21.39095,19.623507,17.25696,19.46441,16.573425,19.076641,19.604507,19.269218,21.876245,20.035852,20.230377,19.570925,17.582933,16.860033,17.017302,19.076046,20.837818,21.310781,19.839886,19.591808,19.653435,17.247408,18.98947,19.702875,19.395147,20.348198,17.993847,19.421034,18.058973,16.23262,16.456705,18.333246,18.069674,17.70229,17.132214,16.929865,15.920074,15.528615,16.748028,16.864662,1.2453967,2.3565795,7.426383,0.4518733,29.275593,33.94483,37.320457,18.046537,18.998629,19.024809,19.638657,18.27236,16.861538,42.17
4446111.924,657864.7026,17.378456,1.2964239,1.2309818,27.10219,31.445467,29.015308,23.935143,22.265146,35.842903,32.61376,31.474127,43.632397,43.85293,37.683094,36.412525,38.75039,33.13882,35.70842,2.6333404,2.060727,6.8347826,8.063212,1384.67,81.004654,-0.079589844,0.2751027,-0.001098633,25,20,0.44805482,0.32535535,0.2475098,0.27920672,0.35455173,0.8171374,0.6912971,19.254948,18.575457,16.749287,18.435192,15.672991,20.020924,19.231924,18.456177,21.252848,19.84995,16.992352,20.34904,16.897842,18.923397,19.124462,19.305101,21.879852,20.644081,19.25909,19.95941,18.485916,17.113157,18.846727,19.63788,21.528467,21.209911,18.982233,19.795322,19.533634,17.426386,18.688715,19.69572,20.035044,20.831808,19.043756,20.146366,18.071047,15.833017,16.391119,18.678778,19.286526,17.909039,17.453167,16.939026,16.352688,15.484642,16.505926,17.176022,1.2637029,2.3470335,7.4489975,0.4518733,29.273829,34.228333,37.04781,18.277246,19.055698,19.455462,19.594952,18.621737,17.133001,42.17
4446111.924,657869.7026,12.503985,1.2951312,1.2602246,26.837866,31.11211,28.410921,23.030073,22.235493,36.433132,33.920395,32.182964,45.296577,46.307182,36.875336,35.751766,38.535004,32.45921,33.76661,2.6123753,2.0544593,6.8729734,8.09414,1384.65,74.0546,0.16015625,0.41751954,0.008911133,10,20,0.44805482,0.32535535,0.2475098,0.27920672,0.35455173,0.8171374,0.6912971,19.787086,18.440708,16.590445,17.774855,16.958174,20.142683,19.09013,18.555416,22.04482,19.757318,17.322065,19.594706,17.597986,18.964367,19.214933,19.442244,22.661825,20.147848,20.213558,19.344149,19.04963,18.350035,18.180115,19.819513,20.81578,20.76088,20.381882,18.867682,18.721718,17.989355,18.36707,19.464964,19.876913,18.794884,18.534958,19.71964,18.574366,16.692266,16.335644,18.451708,18.133314,16.73301,18.103752,17.368402,16.764437,16.620152,16.704376,17.245592,1.2776779,2.3334174,7.4835567,0.4518733,28.974987,35.176765,36.313553,18.397726,19.213743,19.706738,19.414911,18.361238,17.20392,42.17
4446111.924,657874.7026,10.250496,1.2862806,1.2817862,26.787664,31.028927,27.701536,22.074121,21.418104,36.72951,34.174984,32.37054,47.13228,48.70485,36.30292,35.808205,39.189327,31.851923,31.704313,2.591389,2.067224,6.9127207,8.126883,1384.61,68.19558,0.15966797,0.6171212,0.013305664,10,20,0.43880823,0.3295346,0.24593529,0.27918464,0.36602685,0.84900975,0.68741745,19.787086,18.440708,16.590445,17.774855,16.958174,20.142683,19.09013,18.555416,22.04482,19.757318,17.322065,19.594706,17.597986,18.964367,19.214933,19.442244,22.661825,20.147848,20.213558,19.344149,19.04963,18.350035,18.180115,19.819513,20.81578,20.76088,20.381882,18.867682,18.721718,17.989355,18.36707,19.464964,19.876913,18.794884,18.534958,19.71964,18.574366,16.692266,16.335644,18.451708,18.133314,16.73301,18.103752,17.368402,16.764437,16.620152,16.704376,17.245592,1.2840334,2.3293066,7.5198016,0.45655957,28.908295,35.452248,36.055565,18.397726,19.213743,19.706738,19.414911,18.361238,17.20392,42.17
4446111.924,657879.7026,9.423428,1.2841649,1.2867632,26.822197,30.496569,27.06008,21.060223,21.300726,36.85133,35.061066,32.677647,49.294537,51.105865,35.8342,35.68501,39.550095,30.920837,29.50947,2.5736375,2.0508716,6.957155,8.161324,1384.55,67.83777,0.16113281,0.8351992,0.011230469,10,20,0.43880823,0.3295346,0.24593529,0.27918464,0.36602685,0.84900975,0.68741745,18.317327,18.670095,16.164366,18.151909,17.691341,20.508968,19.04788,18.586637,22.270023,19.848743,17.330212,19.711294,17.11409,19.311937,18.7502,19.441368,22.878338,19.95694,19.626778,18.868036,19.413393,16.558346,17.588907,19.252325,23.19318,20.266434,19.58081,17.792442,19.325127,17.387543,18.391384,19.500458,19.038181,18.887123,17.1963,19.41759,17.954142,16.236311,16.003836,17.905,18.02706,18.19934,16.963802,17.26555,17.36535,15.568488,17.110931,17.1046,1.285464,2.3122544,7.5592394,0.45655957,28.659382,35.9562,35.759605,18.364557,19.19093,19.270107,19.41956,17.819069,17.214361,42.17
4446111.924,657884.7026,9.970488,1.3018825,1.2701689,26.649586,30.089933,26.469454,19.706211,21.348732,36.464172,35.440865,32.707226,52.357887,53.71006,35.76402,36.060913,39.734512,29.423613,26.966274,2.5614443,2.0559728,7.0099063,8.192761,1384.47,69.85513,-0.040527344,0.9153237,0.001098633,10,20,0.43880823,0.3295346,0.24593529,0.27918464,0.36602685,0.84900975,0.68741745,18.523773,18.873058,16.888456,18.813087,15.772408,20.622309,18.70732,18.51945,22.54306,19.891605,17.596643,20.394018,17.18405,19.483185,19.26086,19.76023,22.955097,20.382092,20.025341,20.37953,18.30613,18.790508,18.417105,20.039482,23.428112,21.466526,19.911148,18.838717,20.278788,17.647724,17.388203,19.810951,20.452087,18.708717,17.377266,19.336319,18.299541,15.791999,16.181753,18.063774,18.867863,18.16235,17.372639,17.956148,16.884193,15.8315115,16.685116,17.30399,1.2860258,2.3087087,7.6013336,0.45655957,28.369759,35.95252,35.912468,18.314344,19.479061,19.893686,19.851316,18.0211,17.39426,42.17
4446111.924,657889.7026,12.68904,1.3044696,1.2883765,26.456884,30.024042,26.707941,20.151114,21.414915,37.35939,35.148327,32.774532,51.29289,53.697277,35.020847,36.06787,39.224644,29.980536,26.942099,2.5691636,2.079372,6.998982,8.165416,1384.4,74.59571,0.20019531,1.0248036,0.013305664,10,20,0.43880823,0.3295346,0.24593529,0.27918464,0.36602685,0.84900975,0.68741745,18.523773,18.873058,16.888456,18.813087,15.772408,20.622309,18.70732,18.51945,22.54306,19.891605,17.596643,20.394018,17.18405,19.483185,19.26086,19.76023,22.955097,20.382092,20.025341,20.37953,18.30613,18.790508,18.417105,20.039482,23.428112,21.466526,19.911148,18.838717,20.278788,17.647724,17.388203,19.810951,20.452087,18.708717,17.377266,19.336319,18.299541,15.791999,16.181753,18.063774,18.867863,18.16235,17.372639,17.956148,16.884193,15.8315115,16.685116,17.30399,1.296423,2.3242679,7.582199,0.45655957,28.240463,36.25386,35.544357,18.314344,19.479061,19.893686,19.851316,18.0211,17.39426,42.17
4446111.924,657894.7026,18.010769,1.2974882,1.3066397,26.426466,30.17304,27.160202,21.112186,21.414516,38.668083,35.44407,32.966743,48.897266,52.6389,34.02093,35.28671,38.823284,31.254372,27.743307,2.54429,2.0281568,6.9718804,8.129294,1384.3,74.75871,0.041015625,1.1432099,0.002319336,10,20,0.43880823,0.3295346,0.24593529,0.27918464,0.36602685,0.84900975,0.68741745,19.10345,18.544085,16.583405,17.976957,15.477457,19.156713,17.50842,17.96435,23.00761,20.358212,17.230595,20.310446,17.34629,19.358591,19.751307,19.866241,22.19651,20.718533,19.770485,20.422688,18.61087,19.32202,18.130396,20.005972,23.216673,21.434628,21.308933,19.924448,19.98685,18.514212,17.851778,20.328962,20.91239,17.576855,18.67945,19.166143,18.455841,16.423634,15.900742,18.209923,18.808558,16.41475,17.983912,18.225315,17.333899,16.834827,15.750635,17.388132,1.302064,2.2862234,7.5505877,0.45655957,28.299753,37.056076,34.65382,17.764357,19.623293,19.881643,20.319647,18.159292,17.335985,42.17
4446111.924,657899.7026,21.581146,1.30737,1.3017083,26.39783,30.174145,27.598867,21.870556,21.564877,39.655167,35.584106,33.16959,47.113876,51.58137,33.282635,34.902023,38.261692,32.07134,28.43764,2.5570278,2.028176,6.9472904,8.094819,1384.2,72.45113,-0.041015625,1.1868986,0,25,20,0.43880823,0.3295346,0.24593529,0.27918464,0.36602685,0.84900975,0.68741745,18.849651,19.565062,17.30584,18.284815,16.592192,19.778463,18.517958,18.547983,22.72144,20.244192,17.031301,19.984411,17.235394,19.59016,19.27499,19.720318,20.746717,20.752563,20.299393,19.179474,20.144455,19.895971,18.151087,20.00245,21.031912,20.986305,20.546928,19.572805,20.811876,18.467808,18.346111,19.934366,19.390034,19.592754,18.089413,19.110245,20.020006,16.152872,15.9672,18.308247,17.689167,18.326975,18.127623,18.011875,18.463045,17.405802,16.669897,17.721039,1.3045392,2.292602,7.5210547,0.45655957,28.285988,37.619637,34.09233,18.413425,19.440271,19.88138,19.96625,18.331789,17.813482,42.17
4446111.924,657904.7026,15.441306,1.314702,1.2734842,26.436134,29.980152,28.011326,22.479753,21.351614,40.486122,35.649235,33.41056,45.614906,50.436485,32.672123,34.70125,37.85458,32.81809,29.116688,2.57086,2.0331898,6.919482,8.060861,1384.1,70.66505,-0.040039062,1.1685512,-0.004516602,25,20,0.43333474,0.33301544,0.2525919,0.2879826,0.33724317,0.81903344,0.8418594,18.849651,19.565062,17.30584,18.284815,16.592192,19.778463,18.517958,18.547983,22.72144,20.244192,17.031301,19.984411,17.235394,19.59016,19.27499,19.720318,20.746717,20.752563,20.299393,19.179474,20.144455,19.895971,18.151087,20.00245,21.031912,20.986305,20.546928,19.572805,20.811876,18.467808,18.346111,19.934366,19.390034,19.592754,18.089413,19.110245,20.020006,16.152872,15.9672,18.308247,17.689167,18.326975,18.127623,18.011875,18.463045,17.405802,16.669897,17.721039,1.2940931,2.3020248,7.4901714,0.47215152,28.208143,38.06768,33.686684,18.413425,19.440271,19.88138,19.96625,18.331789,17.813482,42.17
4446111.924,657909.7026,9.101056,1.3238715,1.2324842,26.408392,29.980635,28.565351,23.079723,21.54174,41.212166,35.817,33.54592,44.221596,49.23456,32.176205,34.35,37.278305,33.42191,29.8248,2.5844917,2.0340533,6.887112,8.024265,1384.01,67.186745,0,1.0718231,-0.003295898,25,20,0.43333474,0.33301544,0.2525919,0.2879826,0.33724317,0.81903344,0.8418594,18.689064,19.38278,16.11394,18.891087,15.812912,19.288622,17.825264,18.11305,21.655664,20.486498,17.585997,19.60956,16.857092,19.363499,18.972666,19.48437,23.067831,21.012182,21.195263,19.223326,20.370241,18.58499,19.604717,20.388994,20.919067,22.072826,20.499508,19.978594,21.797031,19.216059,20.106369,20.66861,18.859337,18.484266,17.226048,19.613983,18.821848,16.875349,16.609676,18.1177,17.969889,17.511898,17.803387,17.707567,17.551647,16.66668,16.329227,17.33242,1.2781779,2.3092725,7.4556885,0.47215152,28.194513,38.514584,33.2631,18.000525,19.21871,20.436935,20.655636,18.070072,17.3629,42.17
4446106.924,657759.7026,4.7111464,1.3528045,0.76641816,27.957703,33.804287,32.93014,31.011972,26.51491,30.999533,31.129433,30.111654,29.861689,33.479084,40.436523,34.642693,36.640728,38.9125,40.45489,2.785982,2.1094704,6.2646008,7.730047,1384.73,75.25644,-0.080078125,0.28169343,-0.005615234,25,20,0.48682898,0.33438417,0.23970117,0.27974615,0.2731559,0.82546383,0.71226144,18.944479,17.951124,17.061901,16.714422,17.932764,20.370817,19.766628,18.503702,22.35261,20.514002,17.737713,20.467379,17.801369,20.707855,21.367258,20.434366,20.941,20.865068,19.444304,19.292244,18.281605,18.517492,18.114244,19.339716,21.023851,20.4594,19.065834,20.079702,20.441143,18.747852,19.613081,19.882917,16.707127,17.000845,14.113831,16.635689,15.055838,14.242739,14.372327,15.396521,18.904417,18.506708,20.718842,18.561813,19.418182,18.787104,17.998508,19.003973,1.0596113,2.4477262,6.997324,0.45022026,30.880995,31.064484,37.539608,18.391735,20.135454,19.350851,19.918695,15.446914,18.98508,42.17
4446106.924,657764.7026,17.44208,1.3518304,0.7416532,27.955275,33.807426,33.012096,31.58171,26.635082,30.585636,31.031017,30.17478,29.423592,32.344402,40.924095,34.68567,36.51851,38.821537,41.05876,2.7963092,2.1083844,6.2258587,7.6837683,1384.71,68.96249,-0.080078125,0.1997035,-0.005615234,10,20,0.48682898,0.33438417,0.23970117,0.27974615,0.2731559,0.82546383,0.71226144,19.49541,17.50982,16.930086,16.601696,18.025621,20.70033,19.230017,18.529991,21.93784,20.617437,17.537922,20.92285,17.968391,20.959196,21.058676,20.479418,21.973484,20.277334,19.979334,19.396536,17.884956,16.38669,18.042551,19.153473,21.91289,20.885515,20.088282,20.341946,20.217106,18.47314,20.285809,20.268822,19.157223,18.117672,17.092003,18.193535,16.438948,15.581573,16.42397,17.257395,20.538086,18.664349,19.911497,20.285372,19.416513,18.39784,17.677908,19.271343,1.0467417,2.4523468,6.9548135,0.45022026,30.881351,30.808327,37.804882,18.35614,20.143187,19.134413,20.314957,17.286419,19.270222,42.17
4446106.924,657769.7026,14.740998,1.3495846,0.7220864,27.955524,33.806377,33.40224,32.095028,26.837809,30.611616,31.040813,30.098476,29.101168,32.110588,40.806194,34.69926,36.322613,38.655,40.69212,2.7969992,2.1072638,6.2302027,7.6790876,1384.7,60.945396,0,0.14761773,-0.001098633,10,20,0.48682898,0.33438417,0.23970117,0.27974615,0.2731559,0.82546383,0.71226144,19.447285,16.650566,16.390598,18.159727,16.543827,19.818558,19.405085,18.249552,22.037811,20.746677,17.59202,20.314375,17.445337,21.096561,20.216055,20.23285,21.99364,19.295404,19.588634,17.959822,16.75162,17.76209,19.220257,19.089373,22.751759,21.322916,21.193598,19.382238,18.825716,18.445713,18.378277,20.113186,19.42138,18.064583,18.849674,18.738163,16.88175,16.302134,17.026918,17.945993,21.3271,19.232836,19.831043,19.474842,18.435263,18.463346,18.930323,19.39677,1.0358355,2.4521315,6.954645,0.45022026,30.88095,30.826214,37.752728,18.059378,19.921263,18.938782,20.042889,17.8978,19.384966,42.17
4446106.924,657774.7026,14.22642,1.3464975,0.70565534,27.95638,33.803608,33.951,32.628113,27.090353,30.822699,31.089188,29.958593,28.809294,32.2352,40.426476,34.709682,36.08316,38.43438,39.907673,2.7933636,2.106133,6.2551827,7.691742,1384.69,66.77719,-0.000488281,0.1086433,-0.001098633,10,20,0.48682898,0.33438417,0.23970117,0.27974615,0.2731559,0.82546383,0.71226144,19.447285,16.650566,16.390598,18.159727,16.543827,19.818558,19.405085,18.249552,20.853458,19.173582,16.45961,19.259153,16.568,19.309912,18.886753,18.90123,21.99364,19.295404,19.588634,17.959822,16.75162,17.76209,19.220257,19.089373,22.750946,21.31693,21.191994,19.371828,18.823914,18.442488,18.362255,20.106798,19.290228,17.882235,18.610836,18.56537,16.615814,16.175234,16.773687,17.75755,17.667831,17.81176,18.120564,17.139719,16.921505,16.574163,17.51346,17.378002,1.0260764,2.4497483,6.973462,0.45022026,30.879993,30.955944,37.568077,18.059378,18.644352,18.938782,20.037195,17.701916,17.392714,42.17
4446106.924,657779.7026,15.5923,1.3427126,0.6911078,27.901915,33.737125,34.534786,33.28034,27.474669,30.937763,31.229343,29.845205,28.437098,32.03713,40.1938,34.675762,35.66595,38.210316,39.374275,2.789996,2.091224,6.2759266,7.6914744,1384.68,63.434948,-0.07910156,0.063339196,-0.004394531,10,20,0.48682898,0.33438417,0.23970117,0.27974615,0.2731559,0.82546383,0.71226144,19.596182,16.760569,16.406422,18.087004,17.530193,20.975931,19.49774,18.63054,21.482418,19.190409,16.100437,19.30619,16.71311,18.682873,18.433355,18.812641,21.117508,20.70348,19.169834,19.670881,17.986805,18.23968,17.370955,19.408934,22.3193,22.047688,20.248194,19.450897,18.765606,17.992834,17.269196,19.860153,19.139908,18.581623,19.65947,18.607878,16.77363,16.256565,16.556208,17.99564,17.484018,18.343763,17.89333,17.344803,17.912582,16.07156,17.271168,17.38097,1.0169102,2.44061,6.9837008,0.45022026,30.819519,31.083553,37.434784,18.407719,18.558397,19.179876,19.727674,17.939325,17.47446,42.17
4446106.924,657784.7026,10.260485,1.3393166,0.676514,27.90103,33.73592,35.01969,33.956367,27.717997,30.96011,31.212713,29.74958,28.0636,31.618225,40.067947,34.731377,35.437275,37.947857,39.07731,2.7910063,2.0902102,6.290637,7.6871176,1384.68,45,0,0.02002962,-0.001098633,10,20,0.4443113,0.32751468,0.24715799,0.27672014,0.2684665,0.82246697,0.71877927,19.162188,16.412012,15.517451,18.270443,17.25692,20.564478,19.655077,18.342764,21.049585,19.701944,16.894089,19.103836,16.61547,19.80859,18.921503,19.1824,21.768305,20.684334,18.369022,19.803915,18.878702,17.633831,16.98811,19.304377,21.320204,21.352352,19.780355,20.372053,18.546234,17.553099,17.66484,19.639673,19.860447,18.77644,17.504599,18.206604,16.252314,16.270632,17.085793,17.74223,17.717041,17.300613,17.542326,17.776236,17.413437,16.007687,16.938175,17.223711,1.0079153,2.4406083,6.9888773,0.443631,30.818474,31.08641,37.399662,18.119795,18.870716,19.160889,19.512735,17.708118,17.242216,42.17
4446106.924,657789.7026,7.9183497,1.3359392,0.6646001,27.895624,33.734924,35.466713,34.595222,27.920424,30.964722,31.185629,29.665134,27.736765,31.128845,40.016056,34.794952,35.223175,37.67969,38.94647,2.7930057,2.08927,6.3079987,7.681816,1384.68,-1,0,0,0,10,20,0.4443113,0.32751468,0.24715799,0.27672014,0.2684665,0.82246697,0.71877927,19.162188,16.412012,15.517451,18.270443,17.25692,20.564478,19.655077,18.342764,21.049585,19.701944,16.894089,19.103836,16.61547,19.80859,18.921503,19.1824,21.768305,20.684334,18.369022,19.803915,18.878702,17.633831,16.98811,19.304377,21.320204,21.352352,19.780355,20.372053,18.546234,17.553099,17.66484,19.639673,19.860447,18.77644,17.504599,18.206604,16.252314,16.270632,17.085793,17.74223,17.717041,17.300613,17.542326,17.776236,17.413437,16.007687,16.938175,17.223711,1.0002697,2.4411378,6.9949074,0.443631,30.815273,31.075176,37.405502,18.119795,18.870716,19.160889,19.512735,17.708118,17.242216,42.17
4446106.924,657794.7026,6.433225,1.3326086,0.65806174,27.881378,33.73376,35.828285,35.073467,28.027666,31.01266,31.161306,29.591843,27.559177,30.753408,40.01834,34.858833,35.05649,37.42479,38.94436,2.7951941,2.0884757,6.3354063,7.6818957,1384.68,-1,0,0,0,10,20,0.4443113,0.32751468,0.24715799,0.27672014,0.2684665,0.82246697,0.71877927,18.806574,17.234205,14.957997,18.040222,17.308384,20.652025,19.552874,18.295198,21.703207,19.620342,17.035297,19.787539,17.06319,19.781588,18.853647,19.40615,22.815609,20.314228,17.655985,20.433128,19.161224,17.443516,17.275578,19.213268,21.907309,21.98907,20.332634,21.828745,18.799667,17.10519,17.672234,19.9548,18.707745,19.109394,17.513355,18.706724,16.252314,16.214718,16.775343,17.66239,18.18153,17.29926,16.9277,17.657797,16.857874,15.889952,16.562864,17.032135,0.99533516,2.441835,7.008651,0.443631,30.80757,31.086983,37.438587,18.078897,19.120687,19.299894,19.947836,17.61137,17.053854,42.17
4446106.924,657799.7026,4.9936113,1.3293349,0.65874195,27.854485,33.732216,36.07929,35.31752,28.004885,31.14896,31.149868,29.532463,27.597,30.610456,40.06669,34.913834,34.95368,37.190964,39.03644,2.7968457,2.0878756,6.378076,7.69192,1384.68,-1,0,0,0,10,20,0.4443113,0.32751468,0.24715799,0.27672014,0.2684665,0.82246697,0.71877927,19.376295,18.17786,14.88578,17.665308,17.20022,19.994604,18.733002,18.136703,21.517866,20.325436,17.386929,19.986584,16.82023,19.304049,18.720152,19.443422,22.514677,21.345755,17.847824,20.011812,19.272594,17.945963,19.103909,19.74472,20.402649,20.95025,20.786165,19.918627,19.306782,16.255001,18.17914,19.274555,18.800316,19.964943,17.282604,18.609896,15.949755,15.908544,16.245138,17.548866,17.740072,17.821589,16.429012,16.146294,15.942356,15.837683,16.591478,16.652824,0.9940384,2.4423606,7.034998,0.443631,30.79335,31.149414,37.49026,18.004725,19.151606,19.720362,19.399801,17.537313,16.644068,42.17
4446106.924,657804.7026,5.0275397,1.3260896,0.66553706,27.81567,33.730473,36.27081,35.403114,27.88702,31.36664,31.152645,29.489014,27.797888,30.64252,40.161854,34.94909,34.88034,36.95746,39.185623,2.7974377,2.0874321,6.433585,7.710499,1384.68,-1,0,0,0,10,20,0.4443113,0.32751468,0.24715799,0.27672014,0.2684665,0.82246697,0.71877927,19.376295,18.17786,14.88578,17.665308,17.20022,19.994604,18.733002,18.136703,21.517866,20.325436,17.386929,19.986584,16.82023,19.304049,18.720152,19.443422,22.514677,21.345755,17.847824,20.011812,19.272594,17.945963,19.103909,19.74472,20.402649,20.95025,20.786165,19.918627,19.306782,16.255001,18.17914,19.274555,18.800316,19.964943,17.282604,18.609896,15.949755,15.908544,16.245138,17.548866,17.740072,17.821589,16.429012,16.146294,15.942356,15.837683,16.591478,16.652824,0.99581337,2.4424348,7.072042,0.443631,30.773071,31.259644,37.555473,18.004725,19.151606,19.720362,19.399801,17.537313,16.644068,42.17
4446106.924,657809.7026,4.6033087,1.3227799,0.67581105,27.768564,33.72891,36.462826,35.45344,27.734596,31.631927,31.164663,29.45796,28.06361,30.719315,40.302372,34.957302,34.798115,36.699753,39.37072,2.7963736,2.0870664,6.4967313,7.7330947,1384.68,-1,0,0,0,10,20,0.4443113,0.32751468,0.24715799,0.27672014,0.2684665,0.82246697,0.71877927,17.972164,17.934242,16.74608,18.323328,17.21161,20.162436,18.69814,18.310791,21.392092,20.284632,17.22557,19.144615,16.897905,19.551298,19.635149,19.430365,21.845776,20.903599,20.99745,18.896181,17.961594,18.518337,17.862093,19.6462,20.348936,21.43605,21.087612,18.926826,18.962385,16.484787,18.26896,19.238977,19.035042,19.840477,17.864176,17.657272,15.053431,15.613244,16.484211,17.432468,17.957632,17.836596,17.6326,17.70793,17.995728,15.938436,15.986808,17.220877,0.9992955,2.44172,7.114913,0.443631,30.748737,31.398296,37.629837,18.149715,19.161608,19.56929,19.359365,17.36398,17.293676,42.17
4446106.924,657814.7026,5.2308717,1.3154933,0.6885832,27.787607,32.74392,36.619648,35.509167,27.48908,31.934742,31.6883,29.454351,28.409887,30.656765,40.4551,35.034603,34.8092,36.213936,39.559814,2.7861955,2.0656319,6.567112,7.7602234,1384.68,-1,0,0,0,25,20,0.45125878,0.3304478,0.24667795,0.277603,0.357689,0.82346356,0.7104976,18.368135,18.512362,17.583397,18.226793,16.699442,19.98993,18.440994,18.403095,21.5526,19.841564,17.453232,19.211367,17.244287,19.843752,19.904753,19.589321,22.250881,19.767391,20.744022,19.338581,17.514065,18.2748,17.520145,19.415398,20.929182,20.952353,18.861881,19.079245,17.576118,17.216524,17.978853,18.855562,20.025002,19.227161,18.435328,17.560387,16.856358,15.715001,16.227114,17.710455,18.33483,16.766136,16.836071,17.676353,15.173384,16.737902,15.463807,16.759577,1.0020382,2.4259138,7.1636677,0.4568054,30.265762,31.81152,37.74485,18.26015,19.293077,19.344269,18.942022,17.720907,16.71264,42.17
4446106.924,657819.7026,6.562323,1.3091494,0.69709116,27.959146,32.614178,36.8122,35.727516,27.391375,32.254375,31.623526,29.473125,28.62956,30.568272,40.66869,35.04992,34.829178,35.889175,39.780617,2.777209,2.0493705,6.647384,7.786532,1384.68,288.43494,-0.03955078,0.044787582,-0.002197266,25,20,0.45125878,0.3304478,0.24667795,0.277603,0.357689,0.82346356,0.7104976,18.368135,18.512362,17.583397,18.226793,16.699442,19.98993,18.440994,18.403095,21.5526,19.841564,17.453232,19.211367,17.244287,19.843752,19.904753,19.589321,22.250881,19.767391,20.744022,19.338581,17.514065,18.2748,17.520145,19.415398,20.929182,20.952353,18.861881,19.079245,17.576118,17.216524,17.978853,18.855562,20.025002,19.227161,18.435328,17.560387,16.856358,15.715001,16.227114,17.710455,18.33483,16.766136,16.836071,17.676353,15.173384,16.737902,15.463807,16.759577,1.0031203,2.4132898,7.216958,0.4568054,30.286663,31.93895,37.859306,18.26015,19.293077,19.344269,18.942022,17.720907,16.71264,42.17
4446106.924,657824.7026,7.8969793,1.3026936,0.703464,27.874107,32.613613,37.314697,36.456512,27.45446,32.629475,31.694078,29.4307,28.510862,30.154743,41.070175,34.80801,34.533928,35.317017,39.985237,2.7615516,2.0491097,6.7569084,7.8079543,1384.69,296.56506,0.07910156,0.063339196,0.004394531,25,20,0.45125878,0.3304478,0.24667795,0.277603,0.357689,0.82346356,0.7104976,19.198877,17.680494,17.084473,17.350624,16.372793,19.765364,18.58629,18.155008,22.012936,20.093248,17.209854,19.883059,17.760855,19.87618,19.624819,19.792559,21.655882,19.132376,17.54573,19.96329,17.883202,16.99458,17.949669,18.75402,20.433437,19.413656,17.925343,19.206018,18.419209,17.309614,18.116581,18.641363,19.134758,18.703999,16.344776,18.904531,16.73633,15.573882,16.642656,17.409443,18.236523,17.045744,15.910771,16.841223,16.13242,16.037088,16.06623,16.564684,1.0030788,2.4053307,7.2824316,0.4568054,30.24386,32.161777,37.939095,18.00556,19.494421,18.732103,18.689121,17.43442,16.609999,42.17
4446106.924,657829.7026,10.048575,1.3052177,0.7497989,27.578405,32.545986,36.44379,34.94908,26.465652,33.062325,31.920189,29.764736,30.090511,31.223146,40.703564,34.846508,34.93145,35.09113,40.080284,2.7482846,2.049157,6.7511044,7.8353314,1384.69,315,0,0.02002962,0.001098633,25,20,0.45125878,0.3304478,0.24667795,0.277603,0.357689,0.82346356,0.7104976,19.107798,18.157303,16.311537,18.946947,15.237071,19.944578,18.908758,18.305649,21.963318,19.634092,17.122458,19.646364,17.672924,19.58676,19.474323,19.565765,22.454884,18.92278,19.95721,20.461355,18.92994,18.01781,18.072727,19.577576,20.947803,19.420237,19.83711,19.913498,18.948565,18.044739,18.64194,19.354559,18.719225,19.813091,17.762081,19.921614,17.1785,15.987304,16.473494,17.976442,17.468702,16.938873,16.776802,17.41572,18.294586,16.392073,17.064669,17.110546,1.0275083,2.3987207,7.2932177,0.4568054,30.062195,32.491257,37.775036,18.087713,19.300034,19.545242,19.393414,17.97933,17.19306,42.17
4446106.924,657834.7026,15.515698,1.2994914,0.81060493,27.589224,32.53634,35.228573,32.835175,25.699188,33.354073,31.865458,29.966337,32.04876,32.62716,40.275425,35.23794,35.629436,35.209324,40.296062,2.7365985,2.0486104,6.7218623,7.866173,1384.69,-1,0,0,0,25,20,0.45125878,0.3304478,0.24667795,0.277603,0.357689,0.82346356,0.7104976,19.107798,18.157303,16.311537,18.946947,15.237071,19.944578,18.908758,18.305649,21.963318,19.634092,17.122458,19.646364,17.672924,19.58676,19.474323,19.565765,22.454884,18.92278,19.95721,20.461355,18.92994,18.01781,18.072727,19.577576,20.947803,19.420237,19.83711,19.913498,18.948565,18.044739,18.64194,19.354559,18.719225,19.813091,17.762081,19.921614,17.1785,15.987304,16.473494,17.976442,17.468702,16.938873,16.776802,17.41572,18.294586,16.392073,17.064669,17.110546,1.0550482,2.3926044,7.294018,0.4568054,30.062782,32.609764,37.756683,18.087713,19.300034,19.545242,19.393414,17.97933,17.19306,42.17
4446106.924,657839.7026,20.430191,1.2899204,0.86617386,27.413778,32.468487,34.093067,31.020607,25.117952,33.64353,31.442694,30.160814,33.795185,33.92872,39.995018,35.744946,36.35332,35.275364,40.455105,2.7191901,2.0487058,6.71152,7.8962684,1384.69,315,0,0.020276899,-0.001098633,25,20,0.45125878,0.3304478,0.24667795,0.277603,0.357689,0.82346356,0.7104976,18.639112,17.878952,15.621208,18.94704,16.458296,20.091097,18.077475,18.21231,21.96639,19.861244,17.074503,19.682442,17.31429,19.430328,19.279833,19.495783,22.106665,19.32569,19.132296,19.693882,18.3712,18.244572,17.715015,19.32365,20.154293,19.923199,19.013,18.802927,18.884499,17.17188,18.373978,18.865986,19.097435,20.048786,17.692772,19.237434,16.590244,15.736292,16.415127,17.867847,16.965313,18.07638,17.217953,16.702322,15.732182,16.588238,17.064005,16.942139,1.0780472,2.3839478,7.303894,0.4568054,29.941132,32.543114,37.86998,17.959026,19.22986,19.227045,18.903397,17.831156,16.906628,42.17
4446106.924,657844.7026,26.771662,1.2744526,0.9215687,27.466518,32.396152,32.979244,29.326416,24.473923,33.983585,31.41883,30.299124,35.46099,35.09799,39.68699,35.98608,37.105785,35.30567,40.532112,2.6947176,2.048086,6.7105,7.926568,1384.69,315,-0.040039062,0.040553793,-0.003295898,25,20,0.44805482,0.32535535,0.2475098,0.27920672,0.35455173,0.8171374,0.6912971,18.639112,17.878952,15.621208,18.94704,16.458296,20.091097,18.077475,18.21231,21.96639,19.861244,17.074503,19.682442,17.31429,19.430328,19.279833,19.495783,22.106665,19.32569,19.132296,19.693882,18.3712,18.244572,17.715015,19.32365,20.154293,19.923199,19.013,18.802927,18.884499,17.17188,18.373978,18.865986,19.097435,20.048786,17.692772,19.237434,16.590244,15.736292,16.415127,17.867847,16.965313,18.07638,17.217953,16.702322,15.732182,16.588238,17.064005,16.942139,1.0980107,2.3714018,7.318534,0.4518733,29.931335,32.70121,37.836533,17.959026,19.22986,19.227045,18.903397,17.831156,16.906628,42.17
4446106.924,657849.7026,23.105116,1.2689564,0.9723724,27.457056,32.38912,31.888983,27.750692,23.906199,34.324806,31.408827,30.490095,37.06563,36.291096,39.383297,36.18408,37.726753,35.27035,40.442932,2.6718729,2.0474052,6.7142,7.953376,1384.69,315,-0.080078125,0.020276899,-0.005615234,25,20,0.44805482,0.32535535,0.2475098,0.27920672,0.35455173,0.8171374,0.6912971,18.773024,17.653055,15.821619,18.637178,17.455744,20.375494,17.96475,18.308039,21.155138,20.072018,17.316055,19.62848,16.887844,19.555815,19.68672,19.507116,21.75682,20.114307,19.117502,19.70893,18.31085,17.820457,17.404085,19.308964,21.061798,19.769604,19.538961,19.07628,19.914274,16.57297,18.368855,19.123762,19.425188,20.052439,17.98491,18.989725,18.71038,15.896247,16.204817,18.129742,17.54456,17.436405,16.519827,16.558744,16.831366,15.879029,16.506912,16.724335,1.1206644,2.3596392,7.333788,0.4518733,29.923088,32.866817,37.783688,18.097265,19.18601,19.176136,19.186106,18.18053,16.753836,42.17
4446106.924,657854.7026,23.65975,1.2634088,1.0229684,27.453274,32.381317,30.858194,26.32798,23.411135,34.65289,31.438227,30.681992,38.638756,37.70587,39.034405,36.352722,38.307095,35.148155,39.982494,2.6484625,2.0466926,6.7270484,7.9815645,1384.69,315,-0.12011719,0.020276899,-0.006713867,25,20,0.44805482,0.32535535,0.2475098,0.27920672,0.35455173,0.8171374,0.6912971,19.115805,18.689545,16.14064,18.892689,15.890207,19.587467,18.009403,18.257502,21.39095,19.623507,17.25696,19.46441,16.573425,19.076641,19.604507,19.269218,21.876245,20.035852,20.230377,19.570925,17.582933,16.860033,17.017302,19.076046,20.837818,21.310781,19.839886,19.591808,19.653435,17.247408,18.98947,19.702875,19.395147,20.348198,17.993847,19.421034,18.058973,16.23262,16.456705,18.333246,18.069674,17.70229,17.132214,16.929865,15.920074,15.528615,16.748028,16.864662,1.1431886,2.3475776,7.354306,0.4518733,29.917295,33.04556,37.693565,18.046537,18.998629,19.024809,19.638657,18.27236,16.861538,42.17
4446106.924,657859.7026,14.762122,1.2603762,1.0838239,27.339231,31.854343,30.006563,25.112915,22.4582,35.096096,32.093674,30.957857,40.183926,39.487167,38.50432,36.236412,38.636623,34.986523,38.966618,2.631023,2.0527637,6.7511754,8.0089,1384.7,66.65599,0.15966797,0.10855181,0.010009766,25,20,0.44805482,0.32535535,0.2475098,0.27920672,0.35455173,0.8171374,0.6912971,19.115805,18.689545,16.14064,18.892689,15.890207,19.587467,18.009403,18.257502,22.284527,21.054623,18.682613,20.280382,17.953182,21.066397,21.35488,20.667137,21.876245,20.035852,20.230377,19.570925,17.582933,16.860033,17.017302,19.076046,20.844748,21.320942,19.842539,19.598654,19.657318,17.245295,18.988104,19.70651,19.501938,20.506899,18.162115,19.555647,18.222101,16.325802,16.566359,18.462887,20.207838,19.0338,19.220959,20.667398,18.39999,16.932253,19.128729,19.114004,1.1721001,2.3418932,7.3800373,0.4518733,29.596786,33.594887,37.370365,18.046537,20.382372,19.024809,19.642513,18.405838,19.084423,42.17
4446106.924,657864.7026,18.2149,1.256303,1.1397784,27.1807,31.387981,29.201937,24.066965,22.289974,35.67246,33.397926,31.689426,41.890648,41.63135,37.73732,35.71207,38.50628,34.35752,37.406006,2.6093805,2.046395,6.8018117,8.04851,1384.68,73.565834,0.080566406,0.25339624,0.003417969,25,20,0.44805482,0.32535535,0.2475098,0.27920672,0.35455173,0.8171374,0.6912971,19.254948,18.575457,16.749287,18.435192,15.672991,20.020924,19.231924,18.456177,21.252848,19.84995,16.992352,20.34904,16.897842,18.923397,19.124462,19.305101,21.879852,20.644081,19.25909,19.95941,18.485916,17.113157,18.846727,19.63788,21.528467,21.209911,18.982233,19.795322,19.533634,17.426386,18.688715,19.69572,20.035044,20.831808,19.043756,20.146366,18.071047,15.833017,16.391119,18.678778,19.286526,17.909039,17.453167,16.939026,16.352688,15.484642,16.505926,17.176022,1.1980407,2.3278878,7.4251604,0.4518733,29.28434,34.535194,36.724693,18.277246,19.055698,19.455462,19.594952,18.621737,17.133001,42.17
4446106.924,657869.7026,17.092901,1.277422,1.1976403,26.78923,31.050634,28.36861,23.162912,21.704178,36.00052,33.61073,31.860699,43.593395,43.94562,37.181828,35.954334,39.175827,33.778435,35.514065,2.6043363,2.0664897,6.854592,8.078924,1384.65,70.01689,-0.080078125,0.33563858,-0.002197266,25,20,0.44805482,0.32535535,0.2475098,0.27920672,0.35455173,0.8171374,0.6912971,19.787086,18.440708,16.590445,17.774855,16.958174,20.142683,19.09013,18.555416,22.04482,19.757318,17.322065,19.594706,17.597986,18.964367,19.214933,19.442244,22.661825,20.147848,20.213558,19.344149,19.04963,18.350035,18.180115,19.819513,20.81578,20.76088,20.381882,18.867682,18.721718,17.989355,18.36707,19.464964,19.876913,18.794884,18.534958,19.71964,18.574366,16.692266,16.335644,18.451708,18.133314,16.73301,18.103752,17.368402,16.764437,16.620152,16.704376,17.245592,1.2375312,2.335413,7.466758,0.4518733,28.919933,34.805626,36.56808,18.397726,19.213743,19.706738,19.414911,18.361238,17.20392,42.17
4446106.924,657874.7026,11.066954,1.2747252,1.2426544,26.81336,31.035786,27.661308,22.266287,21.5852,36.23469,33.94862,32.13741,45.426662,46.27065,36.623615,35.959236,39.4522,33.05985,33.510574,2.5865586,2.0657408,6.9107494,8.114209,1384.62,70.57179,0.040039062,0.51672447,0.003295898,10,20,0.43880823,0.3295346,0.24593529,0.27918464,0.36602685,0.84900975,0.68741745,19.787086,18.440708,16.590445,17.774855,16.958174,20.142683,19.09013,18.555416,22.04482,19.757318,17.322065,19.594706,17.597986,18.964367,19.214933,19.442244,22.661825,20.147848,20.213558,19.344149,19.04963,18.350035,18.180115,19.819513,20.81578,20.76088,20.381882,18.867682,18.721718,17.989355,18.36707,19.464964,19.876913,18.794884,18.534958,19.71964,18.574366,16.692266,16.335644,18.451708,18.133314,16.73301,18.103752,17.368402,16.764437,16.620152,16.704376,17.245592,1.2586899,2.3261497,7.5124793,0.45655957,28.924572,35.091656,36.291428,18.397726,19.213743,19.706738,19.414911,18.361238,17.20392,42.17
4446106.924,657879.7026,10.688015,1.2724644,1.270397,26.84671,30.502258,26.936884,21.313147,21.478184,36.406937,34.8561,32.506954,47.458305,48.51913,36.11025,35.832893,39.813896,32.191006,31.438824,2.5698671,2.048737,6.9703517,8.155317,1384.57,70.87416,0.07910156,0.7428229,0.005493164,10,20,0.43880823,0.3295346,0.24593529,0.27918464,0.36602685,0.84900975,0.68741745,18.317327,18.670095,16.164366,18.151909,17.691341,20.508968,19.04788,18.586637,22.270023,19.848743,17.330212,19.711294,17.11409,19.311937,18.7502,19.441368,22.878338,19.95694,19.626778,18.868036,19.413393,16.558346,17.588907,19.252325,23.19318,20.266434,19.58081,17.792442,19.325127,17.387543,18.391384,19.500458,19.038181,18.887123,17.1963,19.41759,17.954142,16.236311,16.003836,17.905,18.02706,18.19934,16.963802,17.26555,17.36535,15.568488,17.110931,17.1046,1.2714307,2.309302,7.5628347,0.45655957,28.674484,35.631516,35.971573,18.364557,19.19093,19.270107,19.41956,17.819069,17.214361,42.17
4446106.924,657884.7026,12.6814,1.271914,1.2843522,26.870987,30.485733,26.3372,20.41907,21.39982,36.521645,35.230907,32.73863,49.43714,50.48868,35.68663,35.842503,40.071907,31.303326,29.549194,2.5558991,2.0480406,7.0236464,8.185464,1384.5,71.00267,0.080078125,0.9238053,0.003295898,10,20,0.43880823,0.3295346,0.24593529,0.27918464,0.36602685,0.84900975,0.68741745,18.523773,18.873058,16.888456,18.813087,15.772408,20.622309,18.70732,18.51945,22.54306,19.891605,17.596643,20.394018,17.18405,19.483185,19.26086,19.76023,22.955097,20.382092,20.025341,20.37953,18.30613,18.790508,18.417105,20.039482,23.428112,21.466526,19.911148,18.838717,20.278788,17.647724,17.388203,19.810951,20.452087,18.708717,17.377266,19.336319,18.299541,15.791999,16.181753,18.063774,18.867863,18.16235,17.372639,17.956148,16.884193,15.8315115,16.685116,17.30399,1.2781332,2.30197,7.604555,0.45655957,28.67836,35.876274,35.764565,18.314344,19.479061,19.893686,19.851316,18.0211,17.39426,42.17
4446106.924,657889.7026,11.284185,1.2795695,1.3085778,26.581514,29.89677,26.377853,20.487942,21.453865,37.287327,35.440796,32.84873,49.218212,50.9855,34.983524,35.89054,39.66372,31.398962,29.010778,2.564112,2.0605576,7.03301,8.176407,1384.41,72.5658,-0.119140625,1.0509473,-0.005493164,10,20,0.43880823,0.3295346,0.24593529,0.27918464,0.36602685,0.84900975,0.68741745,18.523773,18.873058,16.888456,18.813087,15.772408,20.622309,18.70732,18.51945,22.54306,19.891605,17.596643,20.394018,17.18405,19.483185,19.26086,19.76023,22.955097,20.382092,20.025341,20.37953,18.30613,18.790508,18.417105,20.039482,23.428112,21.466526,19.911148,18.838717,20.278788,17.647724,17.388203,19.810951,20.452087,18.708717,17.377266,19.336319,18.299541,15.791999,16.181753,18.063774,18.867863,18.16235,17.372639,17.956148,16.884193,15.8315115,16.685116,17.30399,1.2940736,2.3123348,7.6047087,0.45655957,28.239143,36.36406,35.437035,18.314344,19.479061,19.893686,19.851316,18.0211,17.39426,42.17
4446106.924,657894.7026,11.680098,1.2800678,1.3294156,26.43488,30.034744,26.776209,21.177004,21.612253,38.35593,35.24703,32.98453,47.646523,50.402603,34.176945,35.632835,38.98185,32.084362,29.403196,2.5649512,2.060557,7.0209136,8.1497345,1384.32,71.576706,-0.12109375,1.0870469,-0.0078125,10,20,0.43880823,0.3295346,0.24593529,0.27918464,0.36602685,0.84900975,0.68741745,19.10345,18.544085,16.583405,17.976957,15.477457,19.156713,17.50842,17.96435,23.00761,20.358212,17.230595,20.310446,17.34629,19.358591,19.751307,19.866241,22.19651,20.718533,19.770485,20.422688,18.61087,19.32202,18.130396,20.005972,23.216673,21.434628,21.308933,19.924448,19.98685,18.514212,17.851778,20.328962,20.91239,17.576855,18.67945,19.166143,18.455841,16.423634,15.900742,18.209923,18.808558,16.41475,17.983912,18.225315,17.333899,16.834827,15.750635,17.388132,1.3047416,2.3127542,7.5853243,0.45655957,28.234812,36.80148,34.904892,17.764357,19.623293,19.881643,20.319647,18.159292,17.335985,42.17
4446106.924,657899.7026,18.596064,1.2944841,1.3327234,26.418417,30.172928,27.149588,21.79353,21.677195,39.397755,35.539642,33.25232,46.19477,49.68017,33.359974,35.014133,38.52913,32.873795,29.87334,2.5547018,2.0275662,7.0025043,8.115526,1384.24,70.66505,0.16015625,1.1685512,0.0078125,25,20,0.43880823,0.3295346,0.24593529,0.27918464,0.36602685,0.84900975,0.68741745,18.849651,19.565062,17.30584,18.284815,16.592192,19.778463,18.517958,18.547983,22.72144,20.244192,17.031301,19.984411,17.235394,19.59016,19.27499,19.720318,20.746717,20.752563,20.299393,19.179474,20.144455,19.895971,18.151087,20.00245,21.031912,20.986305,20.546928,19.572805,20.811876,18.467808,18.346111,19.934366,19.390034,19.592754,18.089413,19.110245,20.020006,16.152872,15.9672,18.308247,17.689167,18.326975,18.127623,18.011875,18.463045,17.405802,16.669897,17.721039,1.3136038,2.2911339,7.5590153,0.45655957,28.295673,37.468697,34.187054,18.413425,19.440271,19.88138,19.96625,18.331789,17.813482,42.17
4446106.924,657904.7026,15.102019,1.3007314,1.3118598,26.45455,29.978853,27.549013,22.322485,21.443666,40.326443,35.640736,33.556236,44.964108,48.80339,32.667107,34.757496,38.064514,33.48168,30.377981,2.567709,2.0329916,6.9803696,8.085869,1384.13,70.66505,-0.16015625,1.1685512,-0.0078125,25,20,0.43333474,0.33301544,0.2525919,0.2879826,0.33724317,0.81903344,0.8418594,18.849651,19.565062,17.30584,18.284815,16.592192,19.778463,18.517958,18.547983,22.72144,20.244192,17.031301,19.984411,17.235394,19.59016,19.27499,19.720318,20.746717,20.752563,20.299393,19.179474,20.144455,19.895971,18.151087,20.00245,21.031912,20.986305,20.546928,19.572805,20.811876,18.467808,18.346111,19.934366,19.390034,19.592754,18.089413,19.110245,20.020006,16.152872,15.9672,18.308247,17.689167,18.326975,18.127623,18.011875,18.463045,17.405802,16.669897,17.721039,1.3062956,2.3003502,7.533119,0.47215152,28.216702,37.98359,33.712303,18.413425,19.440271,19.88138,19.96625,18.331789,17.813482,42.17
4446106.924,657909.7026,10.307625,1.3094678,1.2786324,26.424757,29.979029,28.082844,22.841047,21.606913,41.181545,35.848953,33.7638,43.831802,47.8653,32.060196,34.34511,37.431065,33.95193,30.921637,2.5795586,2.0339158,6.953807,8.053336,1384.05,70.09424,0.08105469,1.0511334,0.005615234,25,20,0.43333474,0.33301544,0.2525919,0.2879826,0.33724317,0.81903344,0.8418594,18.689064,19.38278,16.11394,18.891087,15.812912,19.288622,17.825264,18.11305,21.655664,20.486498,17.585997,19.60956,16.857092,19.363499,18.972666,19.48437,23.067831,21.012182,21.195263,19.223326,20.370241,18.58499,19.604717,20.388994,20.919067,22.072826,20.499508,19.978594,21.797031,19.216059,20.106369,20.66861,18.859337,18.484266,17.226048,19.613983,18.821848,16.875349,16.609676,18.1177,17.969889,17.511898,17.803387,17.707567,17.551647,16.66668,16.329227,17.33242,1.2940501,2.3067372,7.5035715,0.47215152,28.201893,38.51525,33.202652,18.000525,19.21871,20.436935,20.655636,18.070072,17.3629,42.17
4446101.924,657759.7026,4.144844,1.3466593,0.7665754,27.952297,33.806755,32.563152,30.825705,26.380974,31.049898,31.083055,30.093695,30.037464,35.02486,40.46465,34.648952,36.898354,38.935726,39.470295,2.7776089,2.1111217,6.2468796,7.7247405,1384.74,75.25644,0,0.28169343,-0.001098633,25,20,0.48682898,0.33438417,0.23970117,0.27974615,0.2731559,0.82546383,0.71226144,19.579334,16.563269,15.866666,18.366323,17.006586,19.813772,18.704178,18.126186,21.139126,18.875172,16.594547,19.848513,17.533617,20.346415,20.030853,19.418587,21.20729,20.169638,18.773746,18.95617,18.367289,17.057493,15.126342,18.498056,20.42152,20.019594,18.390339,18.645609,20.194113,16.777788,17.054548,18.601288,17.433525,17.693758,16.479311,16.67531,16.03253,15.573062,16.035503,16.560556,21.344473,17.397987,21.104746,19.82643,17.774914,18.670345,17.78342,19.279638,1.0566174,2.4443653,6.9858103,0.45022026,30.879526,31.066477,37.5568,17.985731,19.195463,18.522566,18.786215,16.560427,19.128902,42.17
4446101.924,657764.7026,19.32218,1.3455619,0.74047965,27.949127,33.810783,32.55595,31.357319,26.469952,30.562963,30.95918,30.16896,29.61071,33.851723,41.05451,34.704178,36.82107,38.87124,40.199818,2.7886972,2.1100466,6.201603,7.6710267,1384.72,63.434948,-0.040039062,0.19236283,-0.001098633,25,20,0.48682898,0.33438417,0.23970117,0.27974615,0.2731559,0.82546383,0.71226144,20.216372,18.335857,16.55875,18.158436,17.101706,19.759115,19.609089,18.647963,22.676987,20.382391,17.64394,21.241802,17.967247,20.693241,20.546389,20.406523,23.240341,21.72632,20.417915,20.647055,18.783087,17.012913,16.963713,19.798738,22.46058,21.704613,20.24953,21.194777,19.901264,18.002195,19.355078,20.319294,19.97912,18.494099,17.227419,19.041334,16.17072,16.583336,17.520132,17.919153,21.081005,17.67926,21.503143,19.131777,18.41373,18.310236,18.410488,19.246601,1.0430207,2.4493718,6.9363146,0.45022026,30.879955,30.761072,37.87934,18.534191,20.16457,19.827335,20.409718,17.859451,19.21852,42.17
4446101.924,657769.7026,16.618784,1.342938,0.72150606,27.950289,33.80924,32.927597,31.760302,26.651558,30.64694,30.979557,30.05637,29.359665,33.800682,40.855724,34.720634,36.664246,38.732704,39.75037,2.787268,2.1089416,6.213484,7.6728773,1384.71,65.556046,0.080078125,0.17324539,0.003295898,10,20,0.48682898,0.33438417,0.23970117,0.27974615,0.2731559,0.82546383,0.71226144,19.3896,18.060732,16.420681,17.981873,17.121067,19.349989,19.946302,18.473942,22.691143,20.885025,17.949581,20.795315,17.440512,21.083237,21.781864,20.723684,23.129213,18.666332,19.5628,19.252594,20.676506,17.483662,17.436077,19.438349,23.455082,21.848455,20.52064,20.65523,19.954678,18.32654,19.051264,20.520542,19.558868,18.378462,18.581524,19.724874,16.265043,16.511839,15.294503,17.872543,22.228678,17.583012,19.541359,19.811705,17.512527,19.685457,18.715036,19.337265,1.032222,2.4481049,6.9431806,0.45022026,30.879765,30.813248,37.788177,18.324322,20.37524,19.45817,20.544556,17.759302,19.296825,42.17
4446101.924,657774.7026,14.472587,1.3393881,0.706557,27.952549,33.806,33.43613,32.142822,26.870646,30.907978,31.033627,29.873331,29.159384,34.06576,40.397827,34.741894,36.482616,38.556225,38.963608,2.7813935,2.1078439,6.2482114,7.6925116,1384.69,63.469948,-0.12011719,0.12800759,-0.005615234,10,20,0.48682898,0.33438417,0.23970117,0.27974615,0.2731559,0.82546383,0.71226144,19.14954,17.912739,16.208475,17.810514,16.936634,19.115774,19.705626,18.266138,21.681923,19.444128,16.482468,19.486921,16.742807,19.250978,19.653826,19.283733,23.11681,18.650091,19.522211,19.220854,20.6312,17.482664,17.420036,19.41497,23.454517,21.842278,20.517588,20.641287,19.94984,18.331144,19.0466,20.516348,19.40892,18.200481,18.407764,19.507053,15.930787,16.390247,15.191492,17.697323,18.805752,16.64483,17.134808,17.361296,17.11789,17.255037,16.692162,17.206453,1.0229726,2.4446187,6.9703617,0.45022026,30.879274,30.970802,37.569862,18.1199,18.963293,19.43484,20.540466,17.576677,17.287395,42.17
4446101.924,657779.7026,15.853186,1.3348536,0.694191,27.898151,33.739227,33.935966,32.597984,27.203901,31.039032,31.171553,29.716843,28.898771,33.944733,40.127235,34.72704,36.140957,38.399666,38.560863,2.7757423,2.092354,6.2784567,7.6967936,1384.69,45,0.07910156,0.08036571,0.002197266,10,20,0.48682898,0.33438417,0.23970117,0.27974615,0.2731559,0.82546383,0.71226144,18.943731,17.237976,16.759573,18.13751,16.9612,19.827763,19.112003,18.323883,22.03406,19.749102,16.588455,19.280546,16.75354,19.03948,19.396519,19.268309,22.879354,18.963633,19.822218,19.74674,19.819584,16.9743,18.121706,19.44727,22.561878,22.090569,20.375559,20.813614,18.922401,18.296606,18.421202,20.335484,19.224638,18.407114,18.602165,18.853437,16.449642,16.084915,15.44658,17.670183,19.059706,16.182667,17.116129,17.179264,17.283634,16.34132,17.508806,17.194927,1.0145223,2.4340482,6.987625,0.45022026,30.81869,31.105293,37.42714,18.139965,18.977386,19.475363,20.211689,17.581213,17.238789,42.17
4446101.924,657784.7026,5.441717,1.3309425,0.68237716,27.899895,33.7378,34.2721,33.00349,27.358875,31.070456,31.142221,29.569246,28.6814,33.613663,39.9598,34.818584,36.04488,38.22846,38.468964,2.775135,2.0914097,6.304068,7.697294,1384.68,45,-0.07910156,0.06008884,-0.003295898,10,20,0.4443113,0.32751468,0.24715799,0.27672014,0.2684665,0.82246697,0.71877927,19.784252,16.863361,17.161514,18.238592,16.511864,20.744368,19.456924,18.650272,21.647877,19.663204,17.214848,19.670666,16.483128,19.64865,19.590883,19.478714,21.703442,19.631718,18.919683,18.839815,21.32605,17.46208,18.679644,19.498161,21.718815,21.912577,21.112125,20.770643,19.646507,19.4279,19.025333,20.635962,19.819345,18.337603,17.63121,18.861652,16.722029,16.116108,15.492719,17.668325,18.493734,17.375,17.74791,17.172405,17.76625,17.025106,16.33495,17.479294,1.0066599,2.4332724,7.000681,0.443631,30.818848,31.106339,37.38919,18.394411,19.13132,19.50892,20.516272,17.568666,17.41648,42.17
4446101.924,657789.7026,5.9670544,1.3270451,0.67321527,27.898222,33.73658,34.542244,33.33167,27.453688,31.078758,31.098318,29.423588,28.532852,33.23717,39.86014,34.92656,35.989468,38.067116,38.574207,2.7755578,2.0905364,6.332497,7.6966324,1384.68,45,0,0.02002962,-0.001098633,10,20,0.4443113,0.32751468,0.24715799,0.27672014,0.2684665,0.82246697,0.71877927,19.784252,16.863361,17.161514,18.238592,16.511864,20.744368,19.456924,18.650272,21.647877,19.663204,17.214848,19.670666,16.483128,19.64865,19.590883,19.478714,21.703442,19.631718,18.919683,18.839815,21.32605,17.46208,18.679644,19.498161,21.718815,21.912577,21.112125,20.770643,19.646507,19.4279,19.025333,20.635962,19.819345,18.337603,17.63121,18.861652,16.722029,16.116108,15.492719,17.668325,18.493734,17.375,17.74791,17.172405,17.76625,17.025106,16.33495,17.479294,1.0001302,2.433047,7.0145645,0.443631,30.817402,31.08854,37.39335,18.394411,19.13132,19.50892,20.516272,17.568666,17.41648,42.17
4446101.924,657794.7026,6.710856,1.3233016,0.6678219,27.888279,33.7354,34.81155,33.60612,27.489603,31.109917,31.05607,29.29247,28.462297,32.881897,39.83122,35.026466,35.928837,37.891357,38.779217,2.7765718,2.0897603,6.3657913,7.6992235,1384.68,-1,0,0,0,25,20,0.4443113,0.32751468,0.24715799,0.27672014,0.2684665,0.82246697,0.71877927,19.606226,18.775705,16.740929,17.779003,16.727146,20.495163,19.122753,18.630836,21.81757,19.55415,16.849033,19.572323,16.589844,19.98282,19.52097,19.443378,23.032965,20.2364,18.319853,18.878122,21.002972,18.678827,18.059546,19.8173,22.144419,21.690454,20.981848,20.668167,19.25813,18.84941,18.95167,20.492397,19.928509,19.113274,17.442486,19.222546,16.969908,16.677244,15.788527,18.014914,19.10059,17.946623,17.598192,17.63791,16.938608,15.507361,16.331484,17.350868,0.9955617,2.433166,7.0325074,0.443631,30.81184,31.082993,37.42884,18.463848,19.126673,19.744097,20.363443,17.8775,17.294394,42.17
4446101.924,657799.7026,5.242754,1.319866,0.6665608,27.863823,33.734325,35.21125,33.945435,27.504393,31.196898,31.032207,29.200378,28.419342,32.50647,39.90363,35.082565,35.766056,37.64738,38.973713,2.7779317,2.0890865,6.4032803,7.7081885,1384.68,-1,0,0,0,10,20,0.4443113,0.32751468,0.24715799,0.27672014,0.2684665,0.82246697,0.71877927,19.756893,18.224648,16.191586,18.556185,17.65722,20.776234,18.062298,18.671932,22.064814,19.877583,16.753006,19.360323,17.379671,19.50199,19.053196,19.40733,22.689281,20.181507,18.052097,20.314413,18.422812,19.586323,18.010572,19.818506,21.828096,19.706358,20.255766,19.892118,18.974598,17.445368,17.370747,19.292824,19.84524,20.27685,17.536743,17.90743,15.948998,16.358765,15.48245,17.705896,18.283375,18.221949,16.73087,17.928541,16.275814,16.19103,16.78959,17.153109,0.9932134,2.433509,7.0557346,0.443631,30.799074,31.114552,37.493095,18.460724,19.141512,19.608143,19.353292,17.622355,17.203024,42.17
4446101.924,657804.7026,5.4521966,1.3167012,0.66903824,27.825142,33.733418,35.752743,34.36676,27.50833,31.344303,31.028631,29.146946,28.391262,32.112453,40.069813,35.08847,35.493706,37.330357,39.132565,2.7790556,2.0885,6.4446487,7.723426,1384.68,-1,0,0,0,10,20,0.4443113,0.32751468,0.24715799,0.27672014,0.2684665,0.82246697,0.71877927,19.756893,18.224648,16.191586,18.556185,17.65722,20.776234,18.062298,18.671932,22.064814,19.877583,16.753006,19.360323,17.379671,19.50199,19.053196,19.40733,22.689281,20.181507,18.052097,20.314413,18.422812,19.586323,18.010572,19.818506,21.828096,19.706358,20.255766,19.892118,18.974598,17.445368,17.370747,19.292824,19.84524,20.27685,17.536743,17.90743,15.948998,16.358765,15.48245,17.705896,18.283375,18.221949,16.73087,17.928541,16.275814,16.19103,16.78959,17.153109,0.99286973,2.4337778,7.0840373,0.443631,30.77928,31.186466,37.57914,18.460724,19.141512,19.608143,19.353292,17.622355,17.203024,42.17
4446101.924,657809.7026,3.6538208,1.3135837,0.6744256,27.778326,33.732708,36.317593,34.767982,27.477049,31.53682,31.034195,29.107548,28.416628,31.76744,40.282246,35.06619,35.19961,36.98775,39.312187,2.7789488,2.0879755,6.491055,7.7423887,1384.68,-1,0,0,0,25,20,0.4443113,0.32751468,0.24715799,0.27672014,0.2684665,0.82246697,0.71877927,19.20272,18.31352,16.194294,17.639338,17.045425,21.101181,17.812902,18.381737,21.6208,19.799131,17.13145,19.74898,16.593817,18.966646,19.747118,19.364779,23.076235,21.079782,19.982891,18.376055,18.493414,18.996918,18.220922,19.813574,21.028498,20.715626,20.285313,17.845098,18.991352,16.946663,17.580147,18.930824,19.794544,20.655155,17.722467,17.631884,15.240513,15.492567,16.10675,17.561737,17.3394,18.05194,17.306366,16.15824,16.983515,16.228506,16.016989,16.784803,0.99400467,2.4334621,7.116722,0.443631,30.755516,31.285507,37.674217,18.187056,19.08685,19.746601,19.0561,17.520554,16.86928,42.17
4446101.924,657814.7026,4.6768126,1.3077352,0.6829353,27.798702,32.74847,36.782104,35.07499,27.322264,31.774448,31.548557,29.087313,28.559752,31.376932,40.482647,35.125683,35.037605,36.474903,39.534645,2.771016,2.0657375,6.54356,7.7654614,1384.68,315,0,0.02002962,-0.001098633,25,20,0.45125878,0.3304478,0.24667795,0.277603,0.357689,0.82346356,0.7104976,18.488579,17.639318,16.880125,17.33142,16.814026,20.678911,18.86677,18.34025,21.58313,19.560583,16.98317,19.897207,17.102226,19.316435,19.71039,19.454176,22.74231,20.905718,19.612598,18.30794,17.526747,17.537804,18.34184,19.353746,20.764368,20.70063,18.336319,18.147621,17.586506,16.700626,17.772373,18.524385,20.045517,20.15238,17.00535,17.852692,17.048136,15.576291,16.497997,17.706003,17.342234,17.096416,17.000736,16.288614,14.853527,15.654098,15.296395,16.277632,0.9953352,2.4183767,7.1545105,0.4568054,30.273586,31.661503,37.804165,18.099878,19.164736,19.282137,18.572634,17.739765,16.21886,42.17
4446101.924,657819.7026,7.3380322,1.301924,0.68865407,27.979944,32.6193,37.11995,35.328365,27.242441,32.030766,31.463634,29.101736,28.718035,31.131437,40.684868,35.160233,34.99134,36.182823,39.80904,2.764464,2.048761,6.6023364,7.788942,1384.68,296.56506,-0.07910156,0.063339196,-0.004394531,25,20,0.45125878,0.3304478,0.24667795,0.277603,0.357689,0.82346356,0.7104976,18.488579,17.639318,16.880125,17.33142,16.814026,20.678911,18.86677,18.34025,21.58313,19.560583,16.98317,19.897207,17.102226,19.316435,19.71039,19.454176,22.74231,20.905718,19.612598,18.30794,17.526747,17.537804,18.34184,19.353746,20.764368,20.70063,18.336319,18.147621,17.586506,16.700626,17.772373,18.524385,20.045517,20.15238,17.00535,17.852692,17.048136,15.576291,16.497997,17.706003,17.342234,17.096416,17.000736,16.288614,14.853527,15.654098,15.296395,16.277632,0.995289,2.4066124,7.195639,0.4568054,30.299622,31.7472,37.92255,18.099878,19.164736,19.282137,18.572634,17.739765,16.21886,42.17
4446101.924,657824.7026,9.858349,1.295992,0.7018214,27.931778,32.615944,37.2868,35.338654,27.079933,32.304775,31.470943,29.106401,29.033464,31.016188,40.86483,35.14885,34.930653,35.890053,40.126705,2.7544188,2.0482862,6.658451,7.8106613,1384.69,296.63553,0.03955078,0.06357383,0.001098633,25,20,0.45125878,0.3304478,0.24667795,0.277603,0.357689,0.82346356,0.7104976,19.240948,17.327702,17.39236,18.93174,15.699035,20.396982,18.650362,18.592436,22.414854,19.727718,16.921135,19.568657,16.895903,19.91803,19.283487,19.543297,22.394749,19.736904,17.542728,19.237318,17.614428,17.88902,16.962215,18.864357,20.180796,19.854609,18.108614,19.367002,18.10631,16.885447,17.70524,18.55305,19.051012,18.91574,16.59071,19.045559,17.917225,15.4173765,16.656002,17.606224,18.449224,18.110113,17.329065,17.764849,15.50394,16.132324,15.311737,16.9098,0.99890673,2.4013524,7.234556,0.4568054,30.27386,31.88786,38.00684,18.23416,19.247112,18.768194,18.601147,17.656233,16.943035,42.17
4446101.924,657829.7026,12.401433,1.2973682,0.73077077,27.619398,32.550713,36.791027,34.41783,26.29982,32.72528,31.714418,29.385565,30.057049,31.456251,40.67607,35.054382,35.105225,35.611343,40.39555,2.740871,2.048339,6.672738,7.832157,1384.69,0,-0.040039062,0.028675864,-0.001098633,25,20,0.45125878,0.3304478,0.24667795,0.277603,0.357689,0.82346356,0.7104976,18.531214,17.578135,17.135662,18.782063,15.5495,19.913197,18.038288,18.303072,22.39749,19.656614,17.04639,19.553734,17.175323,20.056566,19.353281,19.649357,22.2158,20.617294,19.265785,18.232702,17.29111,19.444973,17.630558,19.438515,22.23547,21.046574,20.005344,18.983074,17.788094,17.329584,17.811398,19.159994,19.024788,18.55599,16.523733,18.910677,17.791784,16.516584,15.656089,17.555704,17.887033,17.61344,17.25086,16.708126,15.504659,16.595467,15.731735,16.73913,1.0140694,2.394605,7.2524476,0.4568054,30.085056,32.21985,37.865227,17.932577,19.319914,19.242601,19.31422,17.568521,16.755903,42.17
4446101.924,657834.7026,16.40386,1.2915502,0.77194285,27.614,32.54315,35.863884,32.834705,25.708221,33.031948,31.678051,29.551926,31.462925,32.28888,40.39351,35.31148,35.627506,35.725327,40.763012,2.7284193,2.0478218,6.66261,7.8557105,1384.69,0,0,0.028675864,-0.002197266,25,20,0.45125878,0.3304478,0.24667795,0.277603,0.357689,0.82346356,0.7104976,18.531214,17.578135,17.135662,18.782063,15.5495,19.913197,18.038288,18.303072,22.39749,19.656614,17.04639,19.553734,17.175323,20.056566,19.353281,19.649357,22.2158,20.617294,19.265785,18.232702,17.29111,19.444973,17.630558,19.438515,22.23547,21.046574,20.005344,18.983074,17.788094,17.329584,17.811398,19.159994,19.024788,18.55599,16.523733,18.910677,17.791784,16.516584,15.656089,17.555704,17.887033,17.61344,17.25086,16.708126,15.504659,16.595467,15.731735,16.73913,1.0317465,2.3881207,7.25916,0.4568054,30.078575,32.355,37.852493,17.932577,19.319914,19.242601,19.31422,17.568521,16.755903,42.17
4446101.924,657839.7026,19.647488,1.2706704,0.8125095,27.495863,32.411808,34.73925,31.164343,25.14669,33.32527,31.238161,29.692396,32.865032,33.233902,40.150494,35.790276,36.47862,35.973858,41.123245,2.7072105,2.048106,6.6537404,7.881361,1384.69,315,-0.080078125,0.060830675,-0.003295898,25,20,0.45125878,0.3304478,0.24667795,0.277603,0.357689,0.82346356,0.7104976,18.191874,17.742983,17.413677,18.982265,17.474237,19.412601,18.348684,18.417765,22.39818,19.650162,17.357986,19.975973,17.040718,19.81376,20.085585,19.784437,22.215298,20.253714,19.271994,18.761824,18.282013,17.975843,18.163126,19.36381,21.29091,20.392399,19.675003,19.740938,18.728115,17.840633,18.433386,19.326246,19.001858,19.211786,16.940456,19.091078,16.763512,16.44419,16.55174,17.701057,17.808823,18.846073,17.942856,16.649439,15.88352,16.990236,15.935746,17.155504,1.04159,2.3776584,7.2675505,0.4568054,29.953835,32.281715,37.970383,18.22376,19.474623,19.27483,19.443054,17.714947,17.150957,42.17
4446101.924,657844.7026,27.729084,1.2654612,0.84743685,27.483273,32.405872,33.58127,29.523136,24.548672,33.686234,31.194374,29.89144,34.19984,33.988182,39.866848,35.990173,37.137753,36.19122,41.48802,2.6874268,2.0474322,6.64504,7.899723,1384.7,333.43494,0.080078125,0.06412116,0.004394531,25,20,0.44805482,0.32535535,0.2475098,0.27920672,0.35455173,0.8171374,0.6912971,18.191874,17.742983,17.413677,18.982265,17.474237,19.412601,18.348684,18.417765,23.371115,21.141182,18.837955,21.479471,18.06456,21.290365,22.34058,21.248552,22.215298,20.253714,19.271994,18.761824,18.282013,17.975843,18.163126,19.36381,21.288471,20.401758,19.675552,19.74901,18.72981,17.83875,18.43356,19.328888,19.109247,19.429758,17.132675,19.225204,16.926117,16.595207,16.659472,17.852377,19.367538,19.684605,18.283974,16.830288,16.74702,19.308987,17.987375,18.450651,1.056449,2.3674295,7.272382,0.4518733,29.944572,32.440304,37.928513,18.22376,20.932177,19.27483,19.445272,17.868238,18.315685,42.17
4446101.924,657849.7026,22.465805,1.259986,0.8774119,27.469748,32.40051,32.415062,27.947847,23.98797,34.062027,31.153364,30.085884,35.44133,34.72052,39.57784,36.156944,37.80073,36.431656,41.783913,2.665717,2.0467036,6.6379457,7.915755,1384.7,0,0.040039062,0.057351712,0.003295898,50,20,0.44805482,0.32535535,0.2475098,0.27920672,0.35455173,0.8171374,0.6912971,20.209995,17.848192,17.261044,18.200666,17.865559,20.102036,18.681797,18.813068,22.38877,20.919662,19.43643,21.352615,17.99134,21.522722,21.903856,21.104303,22.610518,20.355497,20.384096,18.142458,19.31079,17.682499,17.323254,19.346245,21.760242,20.539648,19.612783,19.276236,19.350655,18.2586,18.911953,19.594746,19.910885,20.00124,17.326105,18.976276,17.406029,16.4776,16.04381,18.01822,19.365215,19.713518,17.113796,16.749166,18.762556,18.558165,18.156488,18.426256,1.068699,2.3562102,7.27685,0.4518733,29.935127,32.607697,37.867393,18.595612,20.787914,19.401302,19.672873,18.020277,18.34556,42.17
4446101.924,657854.7026,20.101707,1.254461,0.91115814,27.460611,32.39453,31.283396,26.493923,23.485558,34.42013,31.140875,30.279564,36.67214,35.64127,39.258423,36.305843,38.440144,36.596333,41.773846,2.6433263,2.0459425,6.6401906,7.934086,1384.7,341.56506,0.040039062,0.045340516,0.002197266,50,20,0.44805482,0.32535535,0.2475098,0.27920672,0.35455173,0.8171374,0.6912971,20.620464,18.23145,16.385937,17.640585,16.759062,19.412304,18.648853,18.332026,22.054968,21.475086,18.84549,20.69755,18.325771,20.815199,21.173162,20.7577,20.241367,20.432102,19.866316,18.44799,19.668869,19.27621,17.582937,19.447124,19.96913,21.370085,19.983135,18.57073,19.430517,18.08714,18.548868,19.361786,20.057318,20.507904,18.134018,19.035957,17.768492,16.399612,15.585324,18.263515,21.191517,18.086103,18.629614,19.462793,19.142012,18.147192,17.808151,19.070038,1.0828096,2.3446345,7.287138,0.4518733,29.92757,32.780502,37.782135,18.242664,20.483889,19.3594,19.422802,18.212662,18.92391,42.17
4446101.924,657859.7026,16.62305,1.2518301,0.9762661,27.34868,31.867268,30.304947,25.274717,22.523071,34.82558,31.768887,30.570135,38.09972,37.178226,38.760292,36.240532,38.8448,36.519527,40.939823,2.6273232,2.0520084,6.672446,7.9626617,1384.7,71.56505,0.079589844,0.09012804,0.006591797,25,20,0.44805482,0.32535535,0.2475098,0.27920672,0.35455173,0.8171374,0.6912971,20.620464,18.23145,16.385937,17.640585,16.759062,19.412304,18.648853,18.332026,22.054968,21.475086,18.84549,20.69755,18.325771,20.815199,21.173162,20.7577,20.241367,20.432102,19.866316,18.44799,19.668869,19.27621,17.582937,19.447124,19.96913,21.370085,19.983135,18.57073,19.430517,18.08714,18.548868,19.361786,20.057318,20.507904,18.134018,19.035957,17.768492,16.399612,15.585324,18.263515,21.191517,18.086103,18.629614,19.462793,19.142012,18.147192,17.808151,19.070038,1.1140481,2.339666,7.3175535,0.4518733,29.607975,33.297234,37.500412,18.242664,20.483889,19.3594,19.422802,18.212662,18.92391,42.17
4446101.924,657864.7026,15.099608,1.2403098,1.0598937,27.136179,31.33159,29.262474,24.232183,21.74858,35.35465,33.004124,31.29863,39.899254,39.299564,37.990776,35.87148,39.158073,35.88969,39.273167,2.6034508,2.0585966,6.7519655,8.017904,1384.68,74.0943,-0.07910156,0.20799403,-0.002197266,25,20,0.44805482,0.32535535,0.2475098,0.27920672,0.35455173,0.8171374,0.6912971,19.928694,18.253782,16.60756,18.518993,16.987104,19.039003,18.628082,18.363943,22.892069,19.93595,17.2571,19.332375,17.064386,18.788103,19.69453,19.545652,21.490475,20.7016,18.999462,18.06798,17.870468,18.119162,18.015482,19.094105,20.951675,21.670135,19.565386,18.54387,19.221985,17.465422,18.082294,19.306913,20.041412,19.739527,17.79567,18.91126,17.56342,16.12181,15.688312,18.032057,18.374199,17.249424,16.90033,16.894815,16.287512,17.057009,16.762415,17.044916,1.1501018,2.3310237,7.384935,0.4518733,29.233885,34.179386,36.93113,18.28046,19.280643,19.037806,19.357252,17.9802,17.0751,42.17
4446101.924,657869.7026,14.4919195,1.2664396,1.1481179,26.811731,31.060055,28.449625,23.440311,21.849997,35.640923,33.353806,31.601114,41.594444,41.59698,37.412735,36.039955,39.386215,35.148132,37.33877,2.6005306,2.065062,6.828188,8.05611,1384.67,66.055534,0.16015625,0.28219146,0.008911133,25,20,0.44805482,0.32535535,0.2475098,0.27920672,0.35455173,0.8171374,0.6912971,19.756119,17.652992,16.234972,17.607338,17.624405,19.688107,18.409378,18.205627,22.969137,19.807787,17.69558,19.69774,17.3564,19.219387,19.859652,19.767344,22.349407,21.471992,18.759176,17.299364,17.90054,18.566235,17.82994,19.283653,21.45297,23.083372,21.39449,17.854958,18.538277,17.886923,17.879065,19.676107,19.31501,19.10963,17.71517,19.180128,17.50213,15.65938,16.292253,17.93449,18.573483,17.611185,17.212337,17.600914,17.95082,15.985127,15.990148,17.291706,1.2072787,2.3327963,7.442149,0.4518733,28.935894,34.497364,36.726345,18.139044,19.515097,19.168093,19.727152,17.824814,17.27486,42.17
4446101.924,657874.7026,10.163784,1.2638136,1.2225459,26.836025,31.044512,27.647688,22.636656,21.74807,35.90224,33.697033,31.933756,43.27925,43.76671,36.81662,36.071438,39.666584,34.475266,35.43739,2.5843253,2.0643256,6.904353,8.099583,1384.64,68.19859,0.12011719,0.4632627,0.010009766,10,20,0.43880823,0.3295346,0.24593529,0.27918464,0.36602685,0.84900975,0.68741745,19.756119,17.652992,16.234972,17.607338,17.624405,19.688107,18.409378,18.205627,22.969137,19.807787,17.69558,19.69774,17.3564,19.219387,19.859652,19.767344,22.349407,21.471992,18.759176,17.299364,17.90054,18.566235,17.82994,19.283653,21.45297,23.083372,21.39449,17.854958,18.538277,17.886923,17.879065,19.676107,19.31501,19.10963,17.71517,19.180128,17.50213,15.65938,16.292253,17.93449,18.573483,17.611185,17.212337,17.600914,17.95082,15.985127,15.990148,17.291706,1.2431798,2.3243256,7.501968,0.45655957,28.94027,34.799637,36.44403,18.139044,19.515097,19.168093,19.727152,17.824814,17.27486,42.17
4446101.924,657879.7026,9.989563,1.2615185,1.2800281,26.865078,30.51103,26.874123,21.879156,21.661724,36.226967,34.614372,32.38485,44.862835,45.713123,36.189735,35.905785,39.987297,33.81453,33.62924,2.5702515,2.0466576,6.977167,8.145685,1384.59,69.996475,0.03955078,0.67059696,0.005493164,10,20,0.43880823,0.3295346,0.24593529,0.27918464,0.36602685,0.84900975,0.68741745,18.60542,17.197063,16.626553,18.605612,16.58311,19.531103,18.08382,18.083546,22.93345,19.812025,17.426098,20.077986,16.729527,19.104279,19.036242,19.522484,21.464169,21.702305,18.992619,18.17058,18.980822,20.162685,17.525251,19.734589,21.444653,22.304197,21.074955,18.88714,19.001787,18.64686,18.259031,20.070831,18.617212,18.812405,17.752987,18.697948,17.59144,16.0082,16.48429,17.74972,18.443172,17.437008,17.546715,18.732134,17.068129,16.367067,15.77121,17.379385,1.2707733,2.3084545,7.561426,0.45655957,28.688053,35.42067,36.04776,17.890383,19.3028,19.571203,19.945517,17.709211,17.33792,42.17
4446101.924,657884.7026,17.660965,1.261198,1.3242502,26.877682,30.49831,26.327446,21.341076,21.612932,36.65509,34.954628,32.710457,46.00824,47.204014,35.563137,35.809593,40.10166,33.34303,32.21959,2.560434,2.0460095,7.033733,8.173512,1384.53,69.766045,0.12060547,0.8700154,0.008911133,25,20,0.43880823,0.3295346,0.24593529,0.27918464,0.36602685,0.84900975,0.68741745,18.830267,17.343489,16.436552,19.471783,16.600254,20.069708,17.94637,18.326252,21.733532,19.83677,17.479143,20.474207,16.866516,19.439917,19.711397,19.64114,21.490742,20.42797,20.240856,20.200655,17.990665,19.117996,19.0204,20.04203,22.447338,21.92048,21.205776,19.146696,19.45007,18.381979,17.967768,20.15749,20.091335,19.180462,18.062267,18.700434,19.021118,16.071568,16.012098,18.118076,18.062126,17.81913,17.696121,18.753717,16.672195,17.719997,15.792314,17.638239,1.2927241,2.3032217,7.6036224,0.45655957,28.687996,35.80486,35.686363,18.099775,19.36307,19.784184,20.0743,18.162754,17.502228,42.17
4446101.924,657889.7026,17.28982,1.2483534,1.3595265,26.69356,30.429956,26.238937,21.229496,21.519882,37.312904,34.833374,32.692932,46.23819,47.9159,34.919205,35.90713,39.93548,33.22318,31.47917,2.5524893,2.0532587,7.057735,8.17397,1384.45,68.05479,0.07910156,1.034819,0.005493164,25,20,0.43880823,0.3295346,0.24593529,0.27918464,0.36602685,0.84900975,0.68741745,18.830267,17.343489,16.436552,19.471783,16.600254,20.069708,17.94637,18.326252,21.733532,19.83677,17.479143,20.474207,16.866516,19.439917,19.711397,19.64114,21.490742,20.42797,20.240856,20.200655,17.990665,19.117996,19.0204,20.04203,22.447338,21.92048,21.205776,19.146696,19.45007,18.381979,17.967768,20.15749,20.091335,19.180462,18.062267,18.700434,19.021118,16.071568,16.012098,18.118076,18.062126,17.81913,17.696121,18.753717,16.672195,17.719997,15.792314,17.638239,1.3039399,2.302874,7.6158524,0.45655957,28.561758,36.07314,35.41317,18.099775,19.36307,19.784184,20.0743,18.162754,17.502228,42.17
4446101.924,657894.7026,14.340884,1.270676,1.3783903,26.454031,30.03876,26.459835,21.512938,21.762836,38.229717,35.106407,33.00579,45.673973,47.981327,34.16966,35.711903,39.178352,33.39495,31.304262,2.5645807,2.0582433,7.0633783,8.160425,1384.36,66.78452,0,1.0906188,0,25,20,0.43880823,0.3295346,0.24593529,0.27918464,0.36602685,0.84900975,0.68741745,18.892063,17.15283,16.411121,18.716393,16.559975,20.172514,17.713419,18.219553,21.811455,19.926016,17.477024,19.926878,17.146536,20.028889,18.973879,19.595074,21.369278,21.67993,18.98663,20.032112,18.542088,19.097643,19.272816,20.036373,21.423252,20.468136,19.424334,20.416725,19.96812,18.070368,18.42338,19.766571,20.325958,18.665516,18.553703,19.62079,19.166618,15.945506,16.75538,18.438686,18.274399,17.617025,18.177862,17.436296,17.094,16.884663,17.063068,17.519135,1.3245332,2.3114119,7.6119018,0.45655957,28.246395,36.66806,34.94078,17.945475,19.32724,19.854355,19.742044,18.433353,17.50676,42.17
4446101.924,657899.7026,16.097332,1.2669367,1.3825351,26.254786,29.845697,26.63341,21.86912,21.765083,39.251072,35.419212,33.506374,44.904675,47.709236,33.389977,35.309456,38.822227,33.80613,31.43215,2.5732105,2.0700662,7.057893,8.138292,1384.27,69.349434,0,1.1783521,0.003295898,25,20,0.43880823,0.3295346,0.24593529,0.27918464,0.36602685,0.84900975,0.68741745,18.47353,19.629185,16.551512,18.127234,17.180517,20.050768,18.133177,18.408173,21.640966,19.910442,17.233711,20.096848,17.146414,19.452242,18.820179,19.473814,21.43514,21.824236,19.499151,20.243593,20.329372,18.885183,18.466402,20.19374,20.968918,21.53635,19.233467,20.016932,19.896523,18.610415,19.684814,20.022305,21.17423,20.330526,17.561502,19.732565,19.419275,15.995873,16.674635,18.73144,18.385021,18.312225,17.465,17.522314,17.957035,15.660571,16.89688,17.358587,1.3247359,2.3216383,7.5980926,0.45655957,28.050241,37.335144,34.349716,18.30656,19.185827,20.097584,19.992489,18.698374,17.457006,42.17
4446101.924,657904.7026,18.22795,1.2873919,1.3666506,26.47179,29.97855,27.057232,22.27321,21.532066,40.23892,35.607094,33.709675,44.080696,47.153652,32.604473,34.811104,38.282967,34.24378,31.683502,2.565681,2.0327327,7.0420194,8.110086,1384.17,71.141235,0.041015625,1.1958536,-0.002197266,25,20,0.43333474,0.33301544,0.2525919,0.2879826,0.33724317,0.81903344,0.8418594,18.47353,19.629185,16.551512,18.127234,17.180517,20.050768,18.133177,18.408173,21.640966,19.910442,17.233711,20.096848,17.146414,19.452242,18.820179,19.473814,21.43514,21.824236,19.499151,20.243593,20.329372,18.885183,18.466402,20.19374,20.968918,21.53635,19.233467,20.016932,19.896523,18.610415,19.684814,20.022305,21.17423,20.330526,17.561502,19.732565,19.419275,15.995873,16.674635,18.73144,18.385021,18.312225,17.465,17.522314,17.957035,15.660571,16.89688,17.358587,1.3270212,2.2992067,7.5760527,0.47215152,28.22517,37.923004,33.707787,18.30656,19.185827,20.097584,19.992489,18.698374,17.457006,42.17
4446101.924,657909.7026,16.552496,1.2956964,1.3400273,26.440845,29.978163,27.548056,22.680698,21.668941,41.20093,35.858486,33.9905,43.314087,46.51082,31.899815,34.34602,37.60606,34.52473,32.024445,2.5755093,2.0337036,7.024104,8.081652,1384.07,73.45607,-0.12109375,1.1057786,-0.005615234,50,20,0.43333474,0.33301544,0.2525919,0.2879826,0.33724317,0.81903344,0.8418594,19.412579,19.162806,17.297323,18.910696,17.83556,19.40418,18.170414,18.787273,21.807209,19.920933,17.294436,19.714125,17.241268,19.50389,18.752644,19.438288,20.897717,21.230827,21.811954,20.176985,20.835714,18.754332,18.15532,20.307232,21.301739,21.554968,20.406353,20.166735,21.733557,18.653519,19.5943,20.413364,20.842365,20.714655,17.635553,20.018969,17.95337,16.438803,17.489103,18.714666,17.700571,18.467123,18.183704,17.989294,17.637234,15.660405,16.455336,17.400297,1.3178618,2.3046064,7.552878,0.47215152,28.209503,38.52971,33.122917,18.599081,19.176357,20.266123,20.487309,18.727545,17.441952,42.17
4446096.924,657759.7026,9.7389,1.3397641,0.7718176,27.948347,33.807148,32.30721,30.487856,26.246479,31.35936,31.10501,30.01963,30.34807,37.260685,40.165,34.619675,37.143063,38.96403,37.90906,2.7630575,2.1128416,6.2508574,7.743429,1384.74,73.61046,-0.12011719,0.25406715,-0.008911133,25,20,0.48682898,0.33438417,0.23970117,0.27974615,0.2731559,0.82546383,0.71226144,19.579334,16.563269,15.866666,18.366323,17.006586,19.813772,18.704178,18.126186,21.139126,18.875172,16.594547,19.848513,17.533617,20.346415,20.030853,19.418587,21.20729,20.169638,18.773746,18.95617,18.367289,17.057493,15.126342,18.498056,20.42152,20.019594,18.390339,18.645609,20.194113,16.777788,17.054548,18.601288,17.433525,17.693758,16.479311,16.67531,16.03253,15.573062,16.035503,16.560556,21.344473,17.397987,21.104746,19.82643,17.774914,18.670345,17.78342,19.279638,1.0557909,2.4379497,6.9971433,0.45022026,30.877747,31.232185,37.392338,17.985731,19.195463,18.522566,18.786215,16.560427,19.128902,42.17
4446096.924,657764.7026,20.106699,1.3379751,0.7476412,27.947273,33.808502,32.426952,30.85949,26.346346,31.170883,31.059042,29.999962,30.064114,36.854977,40.363075,34.644787,37.06542,38.898155,37.962612,2.7672122,2.111753,6.2309585,7.7175293,1384.73,63.434948,0.040039062,0.19236283,0.001098633,25,20,0.48682898,0.33438417,0.23970117,0.27974615,0.2731559,0.82546383,0.71226144,20.216372,18.335857,16.555017,18.119774,17.097038,19.755114,19.609089,18.639927,22.64033,20.295744,17.544443,21.179192,17.952967,20.6521,20.483906,20.351667,23.240341,21.72632,20.417915,20.647055,18.783087,17.012913,16.963713,19.798738,22.46058,21.704613,20.24953,21.194777,19.901264,18.002195,19.355078,20.319294,19.022398,17.228273,15.262711,17.357834,14.19487,15.014933,16.264706,16.389345,21.081005,17.67926,21.503143,19.131777,18.41373,18.310236,18.410488,19.246601,1.0428082,2.4394827,6.974244,0.45022026,30.877888,31.114964,37.50393,18.526896,20.106953,19.827335,20.409718,16.335102,19.21852,42.17
4446096.924,657769.7026,15.830184,1.3352698,0.7274645,27.94759,33.80825,32.683727,31.225939,26.492476,31.134449,31.040443,29.908184,29.81209,36.61386,40.326485,34.681316,36.96204,38.797123,37.78137,2.767317,2.1106741,6.234033,7.7084517,1384.71,63.434948,-0.080078125,0.19236283,-0.004394531,10,20,0.48682898,0.33438417,0.23970117,0.27974615,0.2731559,0.82546383,0.71226144,19.3896,18.060732,16.420681,17.981873,17.121067,19.349989,19.946302,18.473942,22.691143,20.885025,17.949581,20.795315,17.440512,21.083237,21.781864,20.723684,23.129213,18.666332,19.5628,19.252594,20.676506,17.483662,17.436077,19.438349,23.455082,21.848455,20.52064,20.65523,19.954678,18.32654,19.051264,20.520542,19.558868,18.378462,18.581524,19.724874,16.265043,16.511839,15.294503,17.872543,22.228678,17.583012,19.541359,19.811705,17.512527,19.685457,18.715036,19.337265,1.0313672,2.4389956,6.9712424,0.45022026,30.87792,31.087446,37.5039,18.324322,20.37524,19.45817,20.544556,17.759302,19.296825,42.17
4446096.924,657774.7026,10.640488,1.3317627,0.7113689,27.949108,33.80686,33.02826,31.575573,26.666428,31.196678,31.033733,29.756144,29.59217,36.429646,40.1249,34.7385,36.852543,38.672855,37.51258,2.764563,2.1096227,6.2561994,7.7114935,1384.7,53.1301,0,0.14337903,-0.002197266,10,20,0.48682898,0.33438417,0.23970117,0.27974615,0.2731559,0.82546383,0.71226144,19.14954,17.912739,16.208475,17.810514,16.936634,19.115774,19.705626,18.266138,22.731853,20.93125,17.99342,20.84717,17.479675,21.079794,21.769629,20.75206,23.11681,18.650091,19.522211,19.220854,20.6312,17.482664,17.420036,19.41497,23.455082,21.848455,20.516973,20.650646,19.94522,18.32654,19.051264,20.51828,19.56138,18.38325,18.587112,19.729239,16.270811,16.515064,15.300138,17.876966,22.236666,17.592237,19.549225,19.819908,17.521135,19.693094,18.722849,19.345425,1.0215658,2.4370928,6.9838467,0.45022026,30.877985,31.115206,37.4317,18.1199,20.404684,19.43484,20.542027,17.763857,19.305017,42.17
4446096.924,657779.7026,3.983206,1.3278548,0.69809556,27.951035,33.805515,33.341343,31.895643,26.825418,31.227312,31.005146,29.580511,29.394249,36.078617,39.937378,34.83073,36.77815,38.55198,37.458725,2.7621183,2.1086168,6.284746,7.7139864,1384.69,45,-0.080078125,0.10113712,-0.003295898,10,20,0.48682898,0.33438417,0.23970117,0.27974615,0.2731559,0.82546383,0.71226144,18.943731,17.237976,16.759573,18.13751,16.9612,19.827763,19.112003,18.323883,22.03406,19.749102,16.588455,19.280546,16.75354,19.03948,19.396519,19.268309,22.879354,18.963633,19.822218,19.74674,19.819584,16.9743,18.121706,19.44727,22.561878,22.090569,20.375559,20.813614,18.922401,18.296606,18.421202,20.335484,19.224638,18.407114,18.602165,18.853437,16.449642,16.084915,15.44658,17.670183,19.059706,16.182667,17.116129,17.179264,17.283634,16.34132,17.508806,17.194927,1.0129752,2.4353676,6.9993663,0.45022026,30.878275,31.11623,37.384056,18.139965,18.977386,19.475363,20.211689,17.581213,17.238789,42.17
4446096.924,657784.7026,2.4732845,1.3224716,0.68971115,27.89939,33.739372,33.621017,32.127327,27.05831,31.232708,31.090015,29.393534,29.251087,35.66005,39.785946,34.8859,36.592743,38.48659,37.642212,2.757611,2.0926316,6.3189087,7.7117147,1384.69,45,0.07910156,0.08036571,0.002197266,10,20,0.4443113,0.32751468,0.24715799,0.27672014,0.2684665,0.82246697,0.71877927,19.784252,16.863361,17.161514,18.238592,16.511864,20.744368,19.456924,18.650272,21.647877,19.663204,17.214848,19.670666,16.483128,19.64865,19.590883,19.478714,21.703442,19.631718,18.919683,18.839815,21.32605,17.46208,18.679644,19.498161,21.718815,21.912577,21.112125,20.770643,19.646507,19.4279,19.025333,20.635962,19.819345,18.337603,17.63121,18.861652,16.722029,16.116108,15.492719,17.668325,18.493734,17.375,17.74791,17.172405,17.76625,17.025106,16.33495,17.479294,1.0060914,2.4251213,7.0153117,0.443631,30.819382,31.161362,37.335922,18.394411,19.13132,19.50892,20.516272,17.568666,17.41648,42.17
4446096.924,657789.7026,5.322042,1.3181338,0.68228054,27.90532,33.73813,33.67634,32.155266,27.053286,31.1976,31.014826,29.181648,29.254173,35.29171,39.652523,35.05645,36.72127,38.445312,38.068764,2.7571757,2.0918045,6.3548207,7.7111616,1384.68,26.56505,-0.07910156,0.063339196,-0.004394531,25,20,0.4443113,0.32751468,0.24715799,0.27672014,0.2684665,0.82246697,0.71877927,19.784252,16.863361,17.161514,18.238592,16.511864,20.744368,19.456924,18.650272,21.647877,19.663204,17.214848,19.670666,16.483128,19.64865,19.590883,19.478714,21.703442,19.631718,18.919683,18.839815,21.32605,17.46208,18.679644,19.498161,21.718815,21.912577,21.112125,20.770643,19.646507,19.4279,19.025333,20.635962,19.819345,18.337603,17.63121,18.861652,16.722029,16.116108,15.492719,17.668325,18.493734,17.375,17.74791,17.172405,17.76625,17.025106,16.33495,17.479294,1.0002072,2.42449,7.0329914,0.443631,30.821724,31.106213,37.354485,18.394411,19.13132,19.50892,20.516272,17.568666,17.41648,42.17
4446096.924,657794.7026,6.5259695,1.3139694,0.67778987,27.906984,33.736874,33.701473,32.08971,26.970589,31.176077,30.935787,28.96598,29.34972,35.003464,39.559193,35.232872,36.881298,38.412727,38.59682,2.7573285,2.0910442,6.3940635,7.7127323,1384.68,18.434948,-0.03955078,0.044787582,-0.002197266,25,20,0.4443113,0.32751468,0.24715799,0.27672014,0.2684665,0.82246697,0.71877927,19.606226,18.775705,16.740929,17.779003,16.727146,20.495163,19.122753,18.630836,21.81757,19.55415,16.849033,19.572323,16.589844,19.98282,19.52097,19.443378,23.032965,20.2364,18.319853,18.878122,21.002972,18.678827,18.059546,19.8173,22.144419,21.690454,20.981848,20.668167,19.25813,18.84941,18.95167,20.492397,19.928509,19.113274,17.442486,19.222546,16.969908,16.677244,15.788527,18.014914,19.10059,17.946623,17.598192,17.63791,16.938608,15.507361,16.331484,17.350868,0.99587965,2.4241862,7.053398,0.443631,30.82193,31.055931,37.396034,18.463848,19.126673,19.744097,20.363443,17.8775,17.294394,42.17
4446096.924,657799.7026,6.991299,1.3104838,0.67517865,27.884735,33.736195,34.229744,32.496532,27.010801,31.208574,30.89764,28.84332,29.244232,34.40143,39.663017,35.296597,36.669056,38.16691,38.91856,2.759006,2.0903113,6.425957,7.720613,1384.68,45,0,0.02002962,-0.001098633,25,20,0.4443113,0.32751468,0.24715799,0.27672014,0.2684665,0.82246697,0.71877927,19.756893,18.224648,16.191586,18.556185,17.65722,20.776234,18.062298,18.671932,22.064814,19.877583,16.753006,19.360323,17.379671,19.50199,19.053196,19.40733,22.689281,20.181507,18.052097,20.314413,18.422812,19.586323,18.010572,19.818506,21.828096,19.706358,20.255766,19.892118,18.974598,17.445368,17.370747,19.292824,19.84524,20.27685,17.536743,17.90743,15.948998,16.358765,15.48245,17.705896,18.283375,18.221949,16.73087,17.928541,16.275814,16.19103,16.78959,17.153109,0.99283123,2.4246588,7.073285,0.443631,30.810465,31.053108,37.479805,18.460724,19.141512,19.608143,19.353292,17.622355,17.203024,42.17
4446096.924,657804.7026,6.8278275,1.3076379,0.67445177,27.8396,33.736107,35.23914,33.349667,27.16679,31.30003,30.900135,28.80948,28.951105,33.521782,39.94865,35.248272,36.101036,37.717453,39.028614,2.7616913,2.0896,6.4508276,7.7349176,1384.68,315,0,0.02002962,-0.001098633,25,20,0.4443113,0.32751468,0.24715799,0.27672014,0.2684665,0.82246697,0.71877927,19.756893,18.224648,16.191586,18.556185,17.65722,20.776234,18.062298,18.671932,22.064814,19.877583,16.753006,19.360323,17.379671,19.50199,19.053196,19.40733,22.689281,20.181507,18.052097,20.314413,18.422812,19.586323,18.010572,19.818506,21.828096,19.706358,20.255766,19.892118,18.974598,17.445368,17.370747,19.292824,19.84524,20.27685,17.536743,17.90743,15.948998,16.358765,15.48245,17.705896,18.283375,18.221949,16.73087,17.928541,16.275814,16.19103,16.78959,17.153109,0.9910449,2.4256458,7.0928726,0.443631,30.787853,31.100082,37.59846,18.460724,19.141512,19.608143,19.353292,17.622355,17.203024,42.17
4446096.924,657809.7026,5.9734516,1.3048998,0.67662126,27.79093,33.736088,36.203255,34.0853,27.245062,31.426208,30.903378,28.771544,28.76263,32.79506,40.244923,35.194763,35.571953,37.28335,39.18895,2.7635355,2.0889368,6.478898,7.752161,1384.68,341.56506,-0.03955078,0.044787582,-0.002197266,25,20,0.4443113,0.32751468,0.24715799,0.27672014,0.2684665,0.82246697,0.71877927,19.20272,18.31352,16.194294,17.639338,17.045425,21.101181,17.812902,18.381737,21.6208,19.799131,17.13145,19.74898,16.593817,18.966646,19.747118,19.364779,23.076235,21.079782,19.982891,18.376055,18.493414,18.996918,18.220922,19.813574,21.028498,20.715626,20.285313,17.845098,18.991352,16.946663,17.580147,18.930824,19.794544,20.655155,17.722467,17.631884,15.240513,15.492567,16.10675,17.561737,17.3394,18.05194,17.306366,16.15824,16.983515,16.228506,16.016989,16.784803,0.99076056,2.4262362,7.1155295,0.443631,30.763508,31.164793,37.71984,18.187056,19.08685,19.746601,19.0561,17.520554,16.86928,42.17
4446096.924,657814.7026,5.5587277,1.3020356,0.68159825,27.743206,33.73614,36.993908,34.58621,27.225176,31.579496,30.898247,28.717646,28.727615,32.28509,40.508972,35.15543,35.161297,36.91333,39.45495,2.763647,2.0883079,6.5110207,7.7704,1384.68,333.43494,-0.07910156,0.063339196,-0.004394531,25,20,0.45125878,0.3304478,0.24667795,0.277603,0.357689,0.82346356,0.7104976,18.488579,17.639318,16.880125,17.33142,16.814026,20.678911,18.86677,18.34025,21.58313,19.560583,16.98317,19.897207,17.102226,19.316435,19.71039,19.454176,22.74231,20.905718,19.612598,18.30794,17.526747,17.537804,18.34184,19.353746,20.764368,20.70063,18.336319,18.147621,17.586506,16.700626,17.772373,18.524385,20.045517,20.15238,17.00535,17.852692,17.048136,15.576291,16.497997,17.706003,17.342234,17.096416,17.000736,16.288614,14.853527,15.654098,15.296395,16.277632,0.9918169,2.4259775,7.1407104,0.4568054,30.739674,31.238873,37.8322,18.099878,19.164736,19.282137,18.572634,17.739765,16.21886,42.17
4446096.924,657819.7026,9.214637,1.2956486,0.69078606,27.7703,32.750385,37.499332,34.78302,27.023485,31.773207,31.407919,28.69287,28.93853,31.875954,40.69116,35.240883,34.99754,36.422092,39.77764,2.754677,2.0657039,6.5451174,7.792041,1384.69,315,0.07910156,0.06008884,0.003295898,25,20,0.45125878,0.3304478,0.24667795,0.277603,0.357689,0.82346356,0.7104976,18.488579,17.639318,16.880125,17.33142,16.814026,20.678911,18.86677,18.34025,21.58313,19.560583,16.98317,19.897207,17.102226,19.316435,19.71039,19.454176,22.74231,20.905718,19.612598,18.30794,17.526747,17.537804,18.34184,19.353746,20.764368,20.70063,18.336319,18.147621,17.586506,16.700626,17.772373,18.524385,20.045517,20.15238,17.00535,17.852692,17.048136,15.576291,16.497997,17.706003,17.342234,17.096416,17.000736,16.288614,14.853527,15.654098,15.296395,16.277632,0.99321735,2.4101906,7.168579,0.4568054,30.260342,31.590563,37.96602,18.099878,19.164736,19.282137,18.572634,17.739765,16.21886,42.17
4446096.924,657824.7026,10.208108,1.292491,0.6999829,27.799088,32.42255,37.562183,34.628067,26.803932,31.977018,31.170166,28.78252,29.3088,31.78415,40.79762,35.54331,35.154232,36.257614,40.1742,2.7511928,2.0533822,6.577284,7.813043,1384.69,296.49493,-0.040039062,0.06388662,-0.001098633,25,20,0.45125878,0.3304478,0.24667795,0.277603,0.357689,0.82346356,0.7104976,19.240948,17.327702,17.39236,18.93174,15.699035,20.396982,18.650362,18.592436,22.414854,19.727718,16.921135,19.568657,16.895903,19.91803,19.283487,19.543297,22.394749,19.736904,17.542728,19.237318,17.614428,17.88902,16.962215,18.864357,20.180796,19.854609,18.108614,19.367002,18.10631,16.885447,17.70524,18.55305,19.051012,18.91574,16.59071,19.045559,17.917225,15.4173765,16.656002,17.606224,18.449224,18.110113,17.329065,17.764849,15.50394,16.132324,15.311737,16.9098,0.9962369,2.4022875,7.1951637,0.4568054,30.110819,31.573593,38.170464,18.23416,19.247112,18.768194,18.601147,17.656233,16.943035,42.17
4446096.924,657829.7026,11.383879,1.28263,0.7234919,27.894629,32.813293,37.195797,33.883705,26.387098,32.176353,30.967941,28.817417,30.005754,31.944508,40.788204,35.58349,35.572876,36.355766,40.676533,2.7390788,2.0474465,6.59212,7.8294635,1384.7,341.56506,0.12011719,0.045340516,0.006713867,25,20,0.45125878,0.3304478,0.24667795,0.277603,0.357689,0.82346356,0.7104976,19.240948,17.327702,17.39236,18.93174,15.699035,20.396982,18.650362,18.592436,23.091257,21.299587,18.362604,20.788626,17.960356,21.836552,21.370607,20.986897,22.394749,19.736904,17.542728,19.237318,17.614428,17.88902,16.962215,18.864357,20.183823,19.861752,18.110418,19.3747,18.108006,16.882095,17.70643,18.55602,19.217865,19.074469,16.723015,19.229052,18.07983,15.508318,16.747557,17.743078,20.958454,17.488945,19.097431,19.098408,16.36744,18.457874,17.10228,18.548635,1.0030609,2.3932626,7.2107916,0.4568054,30.353962,31.572147,38.185844,18.23416,20.6728,18.768194,18.603891,17.79716,18.367262,42.17
4446096.924,657834.7026,10.86995,1.2769302,0.74708945,27.708384,32.75012,36.457474,32.66803,25.776356,32.597637,31.087849,29.096317,31.037453,32.336052,40.521965,35.581226,35.8044,36.31762,41.145325,2.7225704,2.0536342,6.5943913,7.8474474,1384.69,0,-0.12011719,0.057351712,-0.005615234,25,20,0.45125878,0.3304478,0.24667795,0.277603,0.357689,0.82346356,0.7104976,18.531214,17.578135,17.135662,18.782063,15.5495,19.913197,18.038288,18.303072,22.39749,19.656614,17.04639,19.553734,17.175323,20.056566,19.353281,19.649357,22.2158,20.617294,19.265785,18.232702,17.29111,19.444973,17.630558,19.438515,22.23547,21.046574,20.005344,18.983074,17.788094,17.329584,17.811398,19.159994,19.024788,18.55599,16.523733,18.910677,17.791784,16.516584,15.656089,17.555704,17.887033,17.61344,17.25086,16.708126,15.504659,16.595467,15.731735,16.73913,1.0120099,2.3881023,7.2209196,0.4568054,30.229252,31.842743,38.051598,17.932577,19.319914,19.242601,19.31422,17.568521,16.755903,42.17
4446096.924,657839.7026,14.997064,1.2623283,0.7708642,27.520931,32.419277,35.365673,31.193962,25.155613,32.976593,31.032213,29.287102,32.10145,32.77685,40.277195,35.876522,36.50098,36.620358,41.692226,2.7015684,2.047529,6.5903625,7.867445,1384.7,315,0.080078125,0.060830675,0.003295898,25,20,0.45125878,0.3304478,0.24667795,0.277603,0.357689,0.82346356,0.7104976,18.191874,17.742983,17.413677,18.982265,17.474237,19.412601,18.348684,18.417765,23.371115,21.141182,18.837955,21.479471,18.06456,21.290365,22.34058,21.248552,22.215298,20.253714,19.271994,18.761824,18.282013,17.975843,18.163126,19.36381,21.288471,20.401758,19.675552,19.74901,18.72981,17.83875,18.43356,19.328888,19.109247,19.429758,17.132675,19.225204,16.926117,16.595207,16.659472,17.852377,19.367538,19.684605,18.283974,16.830288,16.74702,19.308987,17.987375,18.450651,1.0165962,2.3745487,7.228904,0.4568054,29.970104,32.004402,38.07686,18.22376,20.932177,19.27483,19.445272,17.868238,18.315685,42.17
4446096.924,657844.7026,26.602255,1.257072,0.78977853,27.503876,32.414455,34.152653,29.638727,24.594934,33.367237,30.9784,29.501719,33.1067,33.11459,40.017735,36.036804,37.176476,37.01961,42.316944,2.6820052,2.0468366,6.5811543,7.8772435,1384.7,315,0,0.020276899,0.001098633,50,20,0.44805482,0.32535535,0.2475098,0.27920672,0.35455173,0.8171374,0.6912971,18.191874,17.742983,17.413677,18.982265,17.474237,19.412601,18.348684,18.417765,23.371115,21.141182,18.837955,21.479471,18.06456,21.290365,22.34058,21.248552,22.215298,20.253714,19.271994,18.761824,18.282013,17.975843,18.163126,19.36381,21.288471,20.401758,19.675552,19.74901,18.72981,17.83875,18.43356,19.328888,19.109247,19.429758,17.132675,19.225204,16.926117,16.595207,16.659472,17.852377,19.367538,19.684605,18.283974,16.830288,16.74702,19.308987,17.987375,18.450651,1.0234252,2.364421,7.229199,0.4518733,29.959166,32.172817,38.027267,18.22376,20.932177,19.27483,19.445272,17.868238,18.315685,42.17
4446096.924,657849.7026,22.01326,1.2515327,0.79886293,27.483269,32.411236,32.894028,28.068779,24.038336,33.790882,30.897772,29.701696,33.958504,33.306736,39.76059,36.164085,37.888767,37.55483,43.069973,2.6606107,2.0460668,6.5635934,7.8812675,1384.7,-1,0,0,0,50,20,0.44805482,0.32535535,0.2475098,0.27920672,0.35455173,0.8171374,0.6912971,20.209995,17.848192,17.261044,18.200666,17.865559,20.102036,18.681797,18.813068,22.38877,20.919662,19.43643,21.352615,17.99134,21.522722,21.903856,21.104303,22.610518,20.355497,20.384096,18.142458,19.31079,17.682499,17.323254,19.346245,21.760242,20.539648,19.612783,19.276236,19.350655,18.2586,18.911953,19.594746,19.910885,20.00124,17.326105,18.976276,17.406029,16.4776,16.04381,18.01822,19.365215,19.713518,17.113796,16.749166,18.762556,18.558165,18.156488,18.426256,1.0251977,2.3533387,7.22243,0.4518733,29.947252,32.344326,37.962337,18.595612,20.787914,19.401302,19.672873,18.020277,18.34556,42.17
4446096.924,657854.7026,21.974924,1.2458705,0.79804546,27.456427,32.410717,31.63488,26.504715,23.47666,34.24986,30.769949,29.865845,34.588142,33.32857,39.52203,36.24397,38.630573,38.291042,44.00458,2.6381574,2.045221,6.5329194,7.8768997,1384.7,315,0,0.020276899,-0.001098633,50,20,0.44805482,0.32535535,0.2475098,0.27920672,0.35455173,0.8171374,0.6912971,20.620464,18.23145,16.385937,17.640585,16.759062,19.412304,18.648853,18.332026,22.054968,21.475086,18.84549,20.69755,18.325771,20.815199,21.173162,20.7577,20.241367,20.432102,19.866316,18.44799,19.668869,19.27621,17.582937,19.447124,19.96913,21.370085,19.983135,18.57073,19.430517,18.08714,18.548868,19.361786,20.057318,20.507904,18.134018,19.035957,17.768492,16.399612,15.585324,18.263515,21.191517,18.086103,18.629614,19.462793,19.142012,18.147192,17.808151,19.070038,1.021958,2.341689,7.2049093,0.4518733,29.93357,32.509903,37.883,18.242664,20.483889,19.3594,19.422802,18.212662,18.92391,42.17
4446096.924,657859.7026,18.8693,1.2406847,0.86284083,27.462294,32.400814,30.474434,25.306257,23.099451,34.513016,30.845186,30.11116,35.887814,34.614964,39.138496,36.434246,39.23947,38.208687,43.349335,2.6175187,2.0444655,6.5750284,7.9100127,1384.7,45,0,0.080860265,0.002197266,50,20,0.44805482,0.32535535,0.2475098,0.27920672,0.35455173,0.8171374,0.6912971,20.620464,18.23145,16.385937,17.640585,16.759062,19.412304,18.648853,18.332026,22.054968,21.475086,18.84549,20.69755,18.325771,20.815199,21.173162,20.7577,20.241367,20.432102,19.866316,18.44799,19.668869,19.27621,17.582937,19.447124,19.96913,21.370085,19.983135,18.57073,19.430517,18.08714,18.548868,19.361786,20.057318,20.507904,18.134018,19.035957,17.768492,16.399612,15.585324,18.263515,21.191517,18.086103,18.629614,19.462793,19.142012,18.147192,17.808151,19.070038,1.0517628,2.3309922,7.2425203,0.4518733,29.931553,32.6791,37.78637,18.242664,20.483889,19.3594,19.422802,18.212662,18.92391,42.17
4446096.924,657864.7026,15.445343,1.2328048,0.9965532,27.152334,31.342619,29.431438,24.468855,21.868391,35.055508,32.706512,30.99005,37.88863,37.106094,38.212296,35.937218,39.358948,37.311546,41.090626,2.6017072,2.0576131,6.7006893,7.983584,1384.69,63.434948,0.0390625,0.19158088,0.001098633,50,20,0.44805482,0.32535535,0.2475098,0.27920672,0.35455173,0.8171374,0.6912971,19.928694,18.253782,16.60756,18.518993,16.987104,19.039003,18.628082,18.363943,22.892069,19.93595,17.2571,19.332375,17.064386,18.788103,19.69453,19.545652,21.490475,20.7016,18.999462,18.06798,17.870468,18.119162,18.015482,19.094105,20.951675,21.670135,19.565386,18.54387,19.221985,17.465422,18.082294,19.306913,20.041412,19.739527,17.79567,18.91126,17.56342,16.12181,15.688312,18.032057,18.374199,17.249424,16.90033,16.894815,16.287512,17.057009,16.762415,17.044916,1.114679,2.3296602,7.3421364,0.4518733,29.247477,33.881012,37.074757,18.28046,19.280643,19.037806,19.357252,17.9802,17.0751,42.17
4446096.924,657869.7026,14.756401,1.2283698,1.1160444,27.179161,31.324738,28.474686,23.712034,21.766533,35.309658,33.097668,31.419067,39.61036,39.387363,37.56561,36.009632,39.638954,36.56527,39.059376,2.5838492,2.0563366,6.807596,8.045099,1384.67,69.439156,-0.03955078,0.24445267,-0.001098633,25,20,0.44805482,0.32535535,0.2475098,0.27920672,0.35455173,0.8171374,0.6912971,19.756119,17.652992,16.234972,17.607338,17.624405,19.688107,18.409378,18.205627,22.969137,19.807787,17.69558,19.69774,17.3564,19.219387,19.859652,19.767344,22.349407,21.471992,18.759176,17.299364,17.90054,18.566235,17.82994,19.283653,21.45297,23.083372,21.39449,17.854958,18.538277,17.886923,17.879065,19.676107,19.31501,19.10963,17.71517,19.180128,17.50213,15.65938,16.292253,17.93449,18.573483,17.611185,17.212337,17.600914,17.95082,15.985127,15.990148,17.291706,1.1722071,2.320093,7.4263477,0.4518733,29.25195,34.203663,36.78762,18.139044,19.515097,19.168093,19.727152,17.824814,17.27486,42.17
4446096.924,657874.7026,9.275048,1.2534943,1.2213886,26.860008,31.053053,27.602064,23.061134,21.900501,35.614162,33.445312,31.749958,41.058273,41.422558,36.950672,36.194077,39.886246,35.909718,37.255417,2.5831513,2.0629787,6.9014287,8.088066,1384.65,67.380135,0.080078125,0.372781,0.004394531,25,20,0.43880823,0.3295346,0.24593529,0.27918464,0.36602685,0.84900975,0.68741745,19.756119,17.652992,16.234972,17.607338,17.624405,19.688107,18.409378,18.205627,22.969137,19.807787,17.69558,19.69774,17.3564,19.219387,19.859652,19.767344,22.349407,21.471992,18.759176,17.299364,17.90054,18.566235,17.82994,19.283653,21.45297,23.083372,21.39449,17.854958,18.538277,17.886923,17.879065,19.676107,19.31501,19.10963,17.71517,19.180128,17.50213,15.65938,16.292253,17.93449,18.573483,17.611185,17.212337,17.600914,17.95082,15.985127,15.990148,17.291706,1.2374414,2.323065,7.494747,0.45655957,28.956532,34.52974,36.572372,18.139044,19.515097,19.168093,19.727152,17.824814,17.27486,42.17
4446096.924,657879.7026,7.90085,1.2510787,1.3076186,26.88808,30.518744,26.728437,22.430948,21.828753,36.027122,34.374325,32.267174,42.31454,43.141994,36.243397,36.02237,40.219418,35.405098,35.63347,2.5709207,2.044592,6.9907336,8.14194,1384.61,64.64749,0.03955078,0.60230446,0.003295898,10,20,0.43880823,0.3295346,0.24593529,0.27918464,0.36602685,0.84900975,0.68741745,18.60542,17.197063,16.626553,18.605612,16.58311,19.531103,18.08382,18.083546,22.93345,19.812025,17.426098,20.077986,16.729527,19.104279,19.036242,19.522484,21.464169,21.702305,18.992619,18.17058,18.980822,20.162685,17.525251,19.734589,21.444653,22.304197,21.074955,18.88714,19.001787,18.64686,18.259031,20.070831,18.617212,18.812405,17.752987,18.697948,17.59144,16.0082,16.48429,17.74972,18.443172,17.437008,17.546715,18.732134,17.068129,16.367067,15.77121,17.379385,1.2793486,2.3077564,7.5663366,0.45655957,28.703411,35.20072,36.13288,17.890383,19.3028,19.571203,19.945517,17.709211,17.33792,42.17
4446096.924,657884.7026,14.423553,1.2508258,1.3764458,26.898691,30.506613,26.111227,21.994299,21.787954,36.547443,34.70262,32.641304,43.189537,44.45736,35.542107,35.921494,40.32771,35.073177,34.3934,2.5625691,2.043931,7.059874,8.174876,1384.55,63.88652,-0.0390625,0.8135277,-0.002197266,25,20,0.43880823,0.3295346,0.24593529,0.27918464,0.36602685,0.84900975,0.68741745,18.830267,17.343489,16.436552,19.471783,16.600254,20.069708,17.94637,18.326252,21.733532,19.83677,17.479143,20.474207,16.866516,19.439917,19.711397,19.64114,21.490742,20.42797,20.240856,20.200655,17.990665,19.117996,19.0204,20.04203,22.447338,21.92048,21.205776,19.146696,19.45007,18.381979,17.967768,20.15749,20.091335,19.180462,18.062267,18.700434,19.021118,16.071568,16.012098,18.118076,18.062126,17.81913,17.696121,18.753717,16.672195,17.719997,15.792314,17.638239,1.3136358,2.30325,7.6173754,0.45655957,28.702652,35.62503,35.7318,18.099775,19.36307,19.784184,20.0743,18.162754,17.502228,42.17
4446096.924,657889.7026,20.106628,1.2402625,1.4244553,26.715685,30.43679,25.929888,21.809393,21.687885,37.20366,34.604538,32.663765,43.597694,45.275043,34.88802,36.03307,40.184685,34.875973,33.577896,2.5558631,2.0514205,7.0954704,8.181341,1384.48,63.060173,-0.040527344,0.98019755,-0.002197266,25,20,0.43880823,0.3295346,0.24593529,0.27918464,0.36602685,0.84900975,0.68741745,18.830267,17.343489,16.436552,19.471783,16.600254,20.069708,17.94637,18.326252,21.733532,19.83677,17.479143,20.474207,16.866516,19.439917,19.711397,19.64114,21.490742,20.42797,20.240856,20.200655,17.990665,19.117996,19.0204,20.04203,22.447338,21.92048,21.205776,19.146696,19.45007,18.381979,17.967768,20.15749,20.091335,19.180462,18.062267,18.700434,19.021118,16.071568,16.012098,18.118076,18.062126,17.81913,17.696121,18.753717,16.672195,17.719997,15.792314,17.638239,1.3323588,2.3036418,7.638406,0.45655957,28.576237,35.9041,35.460545,18.099775,19.36307,19.784184,20.0743,18.162754,17.502228,42.17
4446096.924,657894.7026,17.24212,1.244203,1.4479516,26.694366,30.428917,25.887981,21.848015,21.702951,38.141235,34.925003,33.05003,43.619205,45.66712,34.08,35.685135,39.851982,34.836243,33.139584,2.5582495,2.0524855,7.112263,8.179053,1384.4,63.099323,0.000488281,1.1078482,-0.001098633,25,20,0.43880823,0.3295346,0.24593529,0.27918464,0.36602685,0.84900975,0.68741745,18.892063,17.15283,16.411121,18.716393,16.559975,20.172514,17.713419,18.219553,21.811455,19.926016,17.477024,19.926878,17.146536,20.028889,18.973879,19.595074,21.369278,21.67993,18.98663,20.032112,18.542088,19.097643,19.272816,20.036373,21.423252,20.468136,19.424334,20.416725,19.96812,18.070368,18.42338,19.766571,20.325958,18.665516,18.553703,19.62079,19.166618,15.945506,16.75538,18.438686,18.274399,17.617025,18.177862,17.436296,17.094,16.884663,17.063068,17.519135,1.3460772,2.3053675,7.6456585,0.45655957,28.561642,36.53312,34.88257,17.945475,19.32724,19.854355,19.742044,18.433353,17.50676,42.17
4446096.924,657899.7026,18.55381,1.2547152,1.44764,26.51001,29.84746,26.042381,22.009897,21.46635,39.077534,35.074398,33.556328,43.3894,45.71511,33.37032,35.570404,39.494137,35.02007,32.9877,2.56486,2.0684676,7.1117387,8.158356,1384.31,65.233955,0.041015625,1.230293,0.001220703,25,20,0.43880823,0.3295346,0.24593529,0.27918464,0.36602685,0.84900975,0.68741745,18.47353,19.629185,16.551512,18.127234,17.180517,20.050768,18.133177,18.408173,21.640966,19.910442,17.233711,20.096848,17.146414,19.452242,18.820179,19.473814,21.43514,21.824236,19.499151,20.243593,20.329372,18.885183,18.466402,20.19374,20.968918,21.53635,19.233467,20.016932,19.896523,18.610415,19.684814,20.022305,21.17423,20.330526,17.561502,19.732565,19.419275,15.995873,16.674635,18.73144,18.385021,18.312225,17.465,17.522314,17.957035,15.660571,16.89688,17.358587,1.3511776,2.3166637,7.635047,0.45655957,28.178734,37.075966,34.47036,18.30656,19.185827,20.097584,19.992489,18.698374,17.457006,42.17
4446096.924,657904.7026,19.921827,1.2746997,1.433245,26.488346,29.978857,26.536684,22.293581,21.613703,40.178738,35.5526,33.85618,43.05619,45.55838,32.52506,34.873833,38.525513,35.06194,32.972473,2.5644093,2.032425,7.1020503,8.134087,1384.2,64.90853,-0.20117188,1.2495618,-0.013427734,25,20,0.43333474,0.33301544,0.2525919,0.2879826,0.33724317,0.81903344,0.8418594,18.47353,19.629185,16.551512,18.127234,17.180517,20.050768,18.133177,18.408173,21.640966,19.910442,17.233711,20.096848,17.146414,19.452242,18.820179,19.473814,21.43514,21.824236,19.499151,20.243593,20.329372,18.885183,18.466402,20.19374,20.968918,21.53635,19.233467,20.016932,19.896523,18.610415,19.684814,20.022305,21.17423,20.330526,17.561502,19.732565,19.419275,15.995873,16.674635,18.73144,18.385021,18.312225,17.465,17.522314,17.957035,15.660571,16.89688,17.358587,1.3539723,2.298417,7.6180687,0.47215152,28.2336,37.86567,33.699448,18.30656,19.185827,20.097584,19.992489,18.698374,17.457006,42.17
4446096.924,657909.7026,14.07427,1.2825869,1.4115155,26.456186,29.977865,26.978456,22.579391,21.725515,41.245728,35.850483,34.213478,42.700268,45.2134,31.724808,34.352512,37.805244,35.128048,33.100727,2.5721338,2.033433,7.0936613,8.10926,1384.11,64.01891,0,1.242726,-0.004394531,50,20,0.43333474,0.33301544,0.2525919,0.2879826,0.33724317,0.81903344,0.8418594,19.412579,19.162806,17.297323,18.910696,17.83556,19.40418,18.170414,18.787273,21.807209,19.920933,17.294436,19.714125,17.241268,19.50389,18.752644,19.438288,20.897717,21.230827,21.811954,20.176985,20.835714,18.754332,18.15532,20.307232,21.301739,21.554968,20.406353,20.166735,21.733557,18.653519,19.5943,20.413364,20.842365,20.714655,17.635553,20.018969,17.95337,16.438803,17.489103,18.714666,17.700571,18.467123,18.183704,17.989294,17.637234,15.660405,16.455336,17.400297,1.3470511,2.3027835,7.6014605,0.47215152,28.217026,38.548103,33.03866,18.599081,19.176357,20.266123,20.487309,18.727545,17.441952,42.17
4446091.924,657759.7026,16.901443,1.3292351,0.7817843,28.15991,33.935345,32.04011,30.055779,26.138203,31.78414,31.563854,29.993053,30.653433,39.712048,39.723816,34.239532,37.348988,39.20802,36.220737,2.7329721,2.1273077,6.2542734,7.7656507,1384.75,57.094757,-0.12011719,0.29031855,-0.008911133,25,20,0.48682898,0.33438417,0.23970117,0.27974615,0.2731559,0.82546383,0.71226144,18.961332,17.14,16.21574,17.8326,16.994442,19.814133,18.102114,18.077103,20.793041,19.271069,17.669243,19.447992,17.4488,20.586645,20.710209,19.699203,21.54441,18.133657,19.177195,19.856546,20.250349,17.49873,17.20674,19.146461,19.971836,19.963343,19.303764,19.19684,20.253763,17.31877,17.884243,18.987217,17.433477,18.725704,17.597591,17.39714,16.330006,15.404245,16.41685,16.99399,20.852482,18.417517,19.739801,17.920017,17.762018,19.225708,18.151915,18.97484,1.0555097,2.43014,7.009962,0.45022026,31.047626,31.673996,36.981674,17.865767,19.418142,19.095377,19.127508,17.043573,18.867064,42.17
4446091.924,657764.7026,18.674109,1.3304297,0.75555784,27.943426,33.807632,32.202404,30.352716,26.181852,31.678238,31.13375,29.892653,30.511106,39.799156,39.83864,34.578243,37.328926,38.95104,35.860966,2.7475994,2.1135354,6.246419,7.752264,1384.74,55.304848,0.040039062,0.22670145,0.002197266,25,20,0.48682898,0.33438417,0.23970117,0.27974615,0.2731559,0.82546383,0.71226144,18.976057,17.807919,15.564812,17.639181,16.539333,20.45303,18.61165,18.136549,21.837994,19.895409,17.659937,19.969362,17.48674,20.80098,20.803514,20.079865,21.673939,20.373983,18.497639,18.672358,20.301111,17.864779,17.121538,19.149612,21.296911,20.152021,19.133175,18.728226,19.993023,17.237223,17.942732,19.041416,19.991243,17.616768,17.565378,16.55242,15.961625,16.261642,17.224207,17.300179,21.189974,20.274132,18.364271,19.257467,18.498295,18.350445,19.29092,19.286518,1.0429938,2.4305673,6.9993415,0.45022026,30.87553,31.405994,37.208443,17.941711,19.779133,19.215048,19.2119,17.310469,19.31793,42.17
4446091.924,657769.7026,17.881462,1.327563,0.7347353,27.94338,33.807648,32.423626,30.676773,26.315903,31.626898,31.107578,29.794336,30.277578,39.563995,39.82833,34.61932,37.252514,38.871006,35.705666,2.7471926,2.1124713,6.248954,7.742195,1384.72,56.309933,-0.040039062,0.20678371,-0.003295898,25,20,0.48682898,0.33438417,0.23970117,0.27974615,0.2731559,0.82546383,0.71226144,19.126888,18.730265,16.00567,18.606485,17.446218,19.377867,18.56365,18.429665,22.785437,21.978056,18.189615,20.878054,17.478073,21.630863,21.180344,20.94106,22.511438,20.539942,20.066824,18.950823,21.012764,17.850342,18.38295,19.763811,23.470798,20.864393,20.949373,20.957907,20.08967,18.23769,18.776915,20.32055,20.069387,16.539316,17.531597,17.52256,16.579683,15.9880295,16.698277,17.235004,22.188335,18.875834,20.482927,19.047892,17.581064,17.937956,18.115158,19.142073,1.0311491,2.429832,6.9955745,0.45022026,30.875515,31.367237,37.223824,18.265293,20.588634,19.902155,20.478106,17.275549,19.175594,42.17
4446091.924,657774.7026,7.122491,1.3240306,0.71823454,27.944422,33.807228,32.700123,31.024082,26.48263,31.578047,31.065348,29.649008,30.031727,39.02218,39.767242,34.70074,37.176086,38.77376,35.76447,2.745762,2.1114602,6.2668457,7.7376375,1384.71,45,0,0.16221477,0,10,20,0.48682898,0.33438417,0.23970117,0.27974615,0.2731559,0.82546383,0.71226144,19.126888,18.730265,16.00567,18.606485,17.446218,19.377867,18.56365,18.429665,22.785437,21.978056,18.189615,20.878054,17.478073,21.630863,21.180344,20.94106,22.511438,20.539942,20.066824,18.950823,21.012764,17.850342,18.38295,19.763811,23.470798,20.864393,20.949373,20.957907,20.08967,18.23769,18.776915,20.32055,20.069387,16.539316,17.531597,17.52256,16.579683,15.9880295,16.698277,17.235004,22.188335,18.875834,20.482927,19.047892,17.581064,17.937956,18.115158,19.142073,1.0211326,2.4286113,7.0022416,0.45022026,30.875824,31.321697,37.233994,18.265293,20.588634,19.902155,20.478106,17.275549,19.175594,42.17
4446091.924,657779.7026,4.9510098,1.3200289,0.70540035,27.946793,33.80664,32.955063,31.326708,26.638855,31.506256,31.001287,29.465122,29.81431,38.264023,39.693874,34.82464,37.139717,38.68491,36.077126,2.7442462,2.1105027,6.2949114,7.7348394,1384.7,45,0,0.141938,-0.001098633,10,20,0.48682898,0.33438417,0.23970117,0.27974615,0.2731559,0.82546383,0.71226144,18.220316,18.761377,15.405008,18.329351,15.707441,19.421915,18.80933,17.969305,22.951069,21.556007,18.469244,21.63339,17.650604,20.95847,21.027302,20.9243,24.453375,20.909952,17.649885,19.80429,19.571587,17.443573,17.901035,19.730526,23.53147,21.569464,19.721844,20.254082,19.957268,18.85294,18.022726,20.260544,18.992336,17.35502,17.474878,18.303068,16.904335,16.466661,15.626776,17.37768,21.794998,19.159485,19.066494,19.343983,18.779715,17.86669,18.472097,19.162043,1.0127146,2.4273744,7.0148754,0.45022026,30.876717,31.253773,37.259254,17.80782,20.606583,19.676243,20.272827,17.303297,19.211924,42.17
4446091.924,657784.7026,4.3629656,1.3157443,0.69566303,27.951494,33.805927,33.09543,31.471176,26.725704,31.412518,30.915794,29.242546,29.698334,37.50596,39.60912,34.99263,37.201756,38.64108,36.6187,2.743054,2.1095965,6.329569,7.7320056,1384.69,45,-0.080078125,0.10113712,-0.003295898,25,20,0.4443113,0.32751468,0.24715799,0.27672014,0.2684665,0.82246697,0.71877927,18.429016,18.11867,15.774327,18.553068,15.861004,20.184795,18.539614,18.102594,21.774023,20.470398,17.043352,20.610441,16.896091,19.317202,19.281265,19.672106,23.92873,20.57098,19.054243,20.021664,17.563904,18.375849,17.688248,19.763071,22.448605,21.772915,20.81223,20.453074,18.054974,19.967224,18.152775,20.296822,18.33334,17.606285,18.608128,18.072523,15.50051,16.17474,15.81465,17.287224,17.923105,18.042072,17.445267,18.053892,17.179398,17.306454,16.016895,17.3897,1.0057037,2.4263253,7.0307875,0.443631,30.878712,31.164156,37.300873,17.922928,19.341825,19.600515,20.237398,17.158598,17.42387,42.17
4446091.924,657789.7026,6.305965,1.3095458,0.6913692,27.909002,33.73979,33.057995,31.303078,26.795527,31.328104,30.949179,28.981714,29.772646,37.02091,39.471592,35.144314,37.274994,38.731144,37.36268,2.7386012,2.0930734,6.372246,7.7265286,1384.69,26.635525,0.03955078,0.06357383,0.001098633,25,20,0.4443113,0.32751468,0.24715799,0.27672014,0.2684665,0.82246697,0.71877927,18.429016,18.11867,15.774327,18.553068,15.861004,20.184795,18.539614,18.102594,21.774023,20.470398,17.043352,20.610441,16.896091,19.317202,19.281265,19.672106,23.92873,20.57098,19.054243,20.021664,17.563904,18.375849,17.688248,19.763071,22.448605,21.772915,20.81223,20.453074,18.054974,19.967224,18.152775,20.296822,18.33334,17.606285,18.608128,18.072523,15.50051,16.17474,15.81465,17.287224,17.923105,18.042072,17.445267,18.053892,17.179398,17.306454,16.016895,17.3897,1.0004575,2.4158373,7.049387,0.443631,30.824398,31.138641,37.307953,17.922928,19.341825,19.600515,20.237398,17.158598,17.42387,42.17
4446091.924,657794.7026,10.189845,1.3048586,0.68817574,27.93947,33.737953,32.41788,30.47731,26.423992,31.217447,30.794239,28.602825,30.248085,37.056503,39.194916,35.4984,37.99479,39.024364,38.437576,2.7374535,2.092358,6.424288,7.723106,1384.69,26.56505,0.07910156,0.063339196,0.004394531,25,20,0.4443113,0.32751468,0.24715799,0.27672014,0.2684665,0.82246697,0.71877927,18.686996,18.846817,16.38338,17.97115,15.807356,20.650717,17.654657,18.202812,21.936312,20.116724,17.310623,19.26405,17.234995,19.403286,18.928436,19.391546,22.56449,19.520023,19.106668,19.347483,17.566807,17.986773,18.20751,19.358362,22.56471,19.27261,20.424164,20.221308,17.980095,18.891562,18.395102,19.816133,20.099987,18.508207,17.52691,19.28662,15.50051,16.05907,16.026854,17.73336,18.445284,17.973766,16.814663,17.751844,17.654789,16.015135,16.183382,17.230103,0.9965172,2.4149058,7.073697,0.443631,30.83871,31.005844,37.346657,18.000154,19.170633,19.185678,19.678507,17.572596,17.262695,42.17
4446091.924,657799.7026,7.669772,1.3014379,0.6843419,27.917582,33.737694,33.106197,30.986847,26.505121,31.191732,30.744175,28.460508,30.061617,36.192375,39.351013,35.563854,37.701965,38.76129,38.878635,2.7400105,2.0915701,6.44915,7.7297063,1384.68,26.56505,-0.07910156,0.063339196,-0.004394531,25,20,0.4443113,0.32751468,0.24715799,0.27672014,0.2684665,0.82246697,0.71877927,18.83725,18.142536,16.86489,18.936062,16.971323,20.475698,18.497099,18.526316,21.54387,19.609104,17.126614,19.507126,17.472881,19.15008,19.753569,19.395758,22.178665,19.158497,18.239893,19.079966,17.59483,17.807138,19.216766,19.056372,22.080471,17.203222,19.202343,19.77771,18.195362,17.278774,18.42744,18.945942,20.201443,20.708406,16.9104,17.671806,14.807575,15.982059,16.04001,17.585598,18.606432,17.662169,18.40821,17.035332,16.608938,15.752297,16.557499,17.171717,0.9928899,2.4157903,7.089428,0.443631,30.827637,30.967953,37.457436,18.389265,19.166178,19.039394,18.880762,17.47453,17.232983,42.17
4446091.924,657804.7026,7.2869678,1.2991791,0.68046945,27.850792,33.738808,34.93861,32.629047,26.957706,31.24552,30.784119,28.519135,29.322176,34.58643,39.876255,35.380493,36.545128,38.023327,38.771214,2.7455852,2.0907218,6.450215,7.745658,1384.68,333.43494,-0.07910156,0.063339196,-0.004394531,25,20,0.4443113,0.32751468,0.24715799,0.27672014,0.2684665,0.82246697,0.71877927,18.83725,18.142536,16.86489,18.936062,16.971323,20.475698,18.497099,18.526316,21.54387,19.609104,17.126614,19.507126,17.472881,19.15008,19.753569,19.395758,22.178665,19.158497,18.239893,19.079966,17.59483,17.807138,19.216766,19.056372,22.080471,17.203222,19.202343,19.77771,18.195362,17.278774,18.42744,18.945942,20.201443,20.708406,16.9104,17.671806,14.807575,15.982059,16.04001,17.585598,18.606432,17.662169,18.40821,17.035332,16.608938,15.752297,16.557499,17.171717,0.9898243,2.4181535,7.0979366,0.443631,30.7948,31.01482,37.628372,18.389265,19.166178,19.039394,18.880762,17.47453,17.232983,42.17
4446091.924,657809.7026,7.938202,1.2968549,0.68058336,27.80075,33.739307,36.26184,33.621845,27.112736,31.30594,30.784046,28.473993,28.974054,33.57673,40.247784,35.306362,35.810535,37.514984,38.93912,2.749866,2.089942,6.461174,7.762079,1384.69,333.43494,0.07910156,0.063339196,0.004394531,25,20,0.4443113,0.32751468,0.24715799,0.27672014,0.2684665,0.82246697,0.71877927,18.881008,18.65506,15.989314,17.532763,17.41331,21.053589,18.412205,18.459702,22.187683,19.519855,17.36684,20.97767,17.020525,18.70122,18.964298,19.515099,22.751022,22.087381,18.3277,20.260046,17.41362,17.873953,19.666185,19.86845,22.157831,19.055382,18.279324,19.709011,18.691372,16.920395,18.54521,19.037567,21.058243,20.164814,16.644516,18.608585,14.8166065,15.5071125,16.152103,17.690323,17.300522,17.579086,17.353443,16.803896,17.153774,15.916266,16.355534,16.91265,0.9887191,2.419904,7.1116266,0.443631,30.77003,31.044994,37.777073,18.276749,19.248297,19.768559,19.051218,17.56457,16.923218,42.17
4446091.924,657814.7026,7.7131023,1.2944,0.6842187,27.757582,33.73965,37.304802,34.219448,27.10385,31.382738,30.76479,28.385256,28.872059,32.954895,40.536076,35.279236,35.284035,37.12805,39.26696,2.7528393,2.0891936,6.4755535,7.7794127,1384.69,341.56506,0.03955078,0.044787582,0.002197266,25,20,0.45125878,0.3304478,0.24667795,0.277603,0.357689,0.82346356,0.7104976,19.020664,19.243942,17.35816,17.626413,17.77476,20.787577,18.653616,18.812668,22.777536,20.734661,17.042683,20.798399,17.31593,19.704716,19.185486,19.96064,20.88017,21.435068,19.185713,21.42955,18.825546,18.595188,19.680262,20.098766,20.269234,20.773565,19.164566,20.435137,21.001669,17.612682,19.694763,19.774107,19.673992,20.581203,17.662796,18.78711,16.687948,16.223127,16.710253,18.120792,16.187836,17.831562,16.823162,17.508465,16.35009,15.623868,16.598871,16.696945,0.9893093,2.4210165,7.1274834,0.4568054,30.748615,31.073765,37.907654,18.637875,19.651342,20.004501,19.850231,18.046633,16.70341,42.17
4446091.924,657819.7026,8.930136,1.2915096,0.6843185,27.791658,33.410454,37.93231,34.48236,26.951183,31.484337,30.532316,28.399225,28.964659,32.591984,40.73203,35.585228,35.19023,36.860004,39.688805,2.7552884,2.0763533,6.4927397,7.8007174,1384.69,315,0,0.02002962,0.001098633,25,20,0.45125878,0.3304478,0.24667795,0.277603,0.357689,0.82346356,0.7104976,19.020664,19.243942,17.35816,17.626413,17.77476,20.787577,18.653616,18.812668,22.777536,20.734661,17.042683,20.798399,17.31593,19.704716,19.185486,19.96064,20.88017,21.435068,19.185713,21.42955,18.825546,18.595188,19.680262,20.098766,20.269234,20.773565,19.164566,20.435137,21.001669,17.612682,19.694763,19.774107,19.673992,20.581203,17.662796,18.78711,16.687948,16.223127,16.710253,18.120792,16.187836,17.831562,16.823162,17.508465,16.35009,15.623868,16.598871,16.696945,0.9879141,2.4158208,7.1467285,0.4568054,30.601055,31.008327,38.15863,18.637875,19.651342,20.004501,19.850231,18.046633,16.70341,42.17
4446091.924,657824.7026,10.595777,1.286136,0.6990981,27.829933,32.425797,38.240017,34.2857,26.646393,31.646015,31.014828,28.367407,29.378912,32.403343,40.802174,35.718334,35.13128,36.53618,40.15977,2.7466493,2.0533888,6.507858,7.821084,1384.69,270,-0.040039062,0.057351712,-0.003295898,25,20,0.45125878,0.3304478,0.24667795,0.277603,0.357689,0.82346356,0.7104976,19.228529,18.29713,17.497707,18.091244,17.740295,20.324448,18.703129,18.712242,21.987162,20.690489,16.804401,20.65259,16.675032,19.198298,19.3063,19.609055,22.199833,20.014303,17.815426,20.519312,18.098473,19.426355,19.405748,19.728546,20.292707,21.599203,20.534796,20.720266,19.597023,19.812412,19.454697,20.35974,19.344828,19.724533,15.933668,18.673323,16.949923,16.600119,17.65071,17.906734,17.638773,17.935333,15.590349,17.480902,17.1872,17.149252,17.010925,17.139898,0.9926171,2.4000192,7.1644707,0.4568054,30.127865,31.330421,38.260254,18.55464,19.33061,19.639921,20.287302,17.839586,17.141819,42.17
4446091.924,657829.7026,9.421022,1.275551,0.7165768,27.929367,32.818462,37.952003,33.637383,26.242254,31.809769,30.798588,28.385778,29.917738,32.405804,40.810352,35.7307,35.536484,36.6926,40.75331,2.7349741,2.0470936,6.5177965,7.8332396,1384.7,288.43494,0.040039062,0.045340516,0.004394531,25,20,0.45125878,0.3304478,0.24667795,0.277603,0.357689,0.82346356,0.7104976,19.228529,18.29713,17.497707,18.091244,17.740295,20.324448,18.703129,18.712242,22.848265,21.963558,18.659641,22.013107,18.270658,20.832317,21.253317,21.139717,22.199833,20.014303,17.815426,20.519312,18.098473,19.426355,19.405748,19.728546,20.29183,21.595606,20.5331,20.719795,19.592245,19.808828,19.459728,20.358917,19.511822,19.884295,16.067036,18.857164,17.11225,16.752247,17.804564,18.059256,19.40557,19.35446,16.47029,18.215746,17.823933,19.579851,18.835173,18.689783,0.9960639,2.391034,7.175518,0.4568054,30.373915,31.304178,38.270527,18.55464,20.83441,19.639921,20.285877,17.998484,18.52643,42.17
4446091.924,657834.7026,7.823832,1.2615219,0.7316383,27.738707,32.48839,37.141235,32.56581,25.722687,32.11986,30.749409,28.536804,30.634407,32.440903,40.683456,35.995094,36.100456,36.972916,41.41253,2.7175927,2.0409453,6.527537,7.8505197,1384.7,0,0.040039062,0.028675864,0.001098633,25,20,0.45125878,0.3304478,0.24667795,0.277603,0.357689,0.82346356,0.7104976,19.305822,17.057753,16.456766,16.681438,18.08219,19.105604,18.896835,18.021978,22.93448,22.158993,18.226343,21.784195,18.567005,21.17792,21.101385,21.128172,23.603662,19.31164,19.720114,18.985378,17.94517,18.571985,19.095646,19.643705,22.009787,22.40879,20.769186,20.31341,18.816532,19.30485,21.323421,20.641651,19.257017,18.79388,18.594986,18.3837,17.191423,16.431705,17.09843,17.932314,19.946238,19.289972,18.106848,19.310877,18.487432,18.574274,18.308884,18.820759,0.9965801,2.3792691,7.1890283,0.4568054,30.113548,31.434635,38.339275,17.940916,20.850046,19.604797,20.706568,17.964449,18.860645,42.17
4446091.924,657839.7026,10.228796,1.2546359,0.74488574,27.549545,32.42552,36.02887,31.219282,25.157389,32.59755,30.845686,28.891365,31.485237,32.565575,40.388866,35.991833,36.49227,37.16567,42.06859,2.6980267,2.0470278,6.5317926,7.858528,1384.7,315,0,0.020276899,0.001098633,50,20,0.45125878,0.3304478,0.24667795,0.277603,0.357689,0.82346356,0.7104976,18.622454,19.21946,16.47572,17.122583,17.313154,19.632689,18.86378,18.396967,23.486584,21.592163,18.232061,22.624533,18.023512,21.416157,20.852427,21.207888,22.781864,19.15036,20.36801,18.97918,18.659386,18.783346,17.453625,19.568691,21.42104,20.700367,20.65762,20.39255,18.13695,18.610487,20.076883,19.988886,19.045864,18.052376,17.943867,19.100843,17.61571,16.535374,16.801836,17.832172,20.49403,16.392626,21.455708,18.587488,19.81767,17.122463,18.882658,18.922548,0.99976087,2.3725271,7.1951604,0.4568054,29.987534,31.721619,38.19035,18.178549,20.889635,19.45368,19.999414,17.870838,18.964664,42.17
4446091.924,657844.7026,20.366972,1.249333,0.75597215,27.53016,32.42092,34.709774,29.744087,24.64302,33.01161,30.798622,29.144009,32.25423,32.595425,40.13608,36.125893,37.196964,37.681557,42.827896,2.6781683,2.0463376,6.5298877,7.8624854,1384.7,-1,0,0,0,50,20,0.44805482,0.32535535,0.2475098,0.27920672,0.35455173,0.8171374,0.6912971,18.622454,19.21946,16.47572,17.122583,17.313154,19.632689,18.86378,18.396967,23.486584,21.592163,18.232061,22.624533,18.023512,21.416157,20.852427,21.207888,22.781864,19.15036,20.36801,18.97918,18.659386,18.783346,17.453625,19.568691,21.42104,20.700367,20.65762,20.39255,18.13695,18.610487,20.076883,19.988886,19.045864,18.052376,17.943867,19.100843,17.61571,16.535374,16.801836,17.832172,20.49403,16.392626,21.455708,18.587488,19.81767,17.122463,18.882658,18.922548,1.0026526,2.362253,7.1961865,0.4518733,29.97554,31.905115,38.13099,18.178549,20.889635,19.45368,19.999414,17.870838,18.964664,42.17
4446091.924,657849.7026,21.154612,1.2437869,0.75963354,27.507929,32.41794,33.34789,28.231997,24.12001,33.453682,30.718746,29.37753,32.88397,32.492836,39.88216,36.237434,37.940968,38.34026,43.738857,2.6569014,2.0455606,6.5177627,7.8618226,1384.7,315,0,0.020276899,-0.001098633,50,20,0.44805482,0.32535535,0.2475098,0.27920672,0.35455173,0.8171374,0.6912971,18.416159,18.247572,16.871258,17.324003,16.410275,20.093517,18.166874,18.199848,23.109058,21.565632,18.238499,22.414017,18.562193,21.32799,21.257153,21.243011,23.738522,19.546652,20.34498,18.709742,17.52435,19.828129,17.85301,19.821835,21.301403,20.90476,20.364704,20.049517,18.827995,18.628897,17.977087,19.63215,18.452147,19.37023,17.737305,19.721987,17.067358,17.02056,16.064516,18.00351,19.938807,17.26266,20.281775,17.94883,18.240501,17.39559,19.6861,18.738789,1.0017102,2.351231,7.1897926,0.4518733,29.962933,32.086212,38.0598,17.93281,20.924936,19.64934,19.722052,17.919157,18.67918,42.17
4446091.924,657854.7026,22.20119,1.2381406,0.75440115,27.477888,32.41822,31.986597,26.69868,23.572672,33.93434,30.57408,29.564444,33.26734,32.172405,39.65712,36.305283,38.72353,39.244522,44.9279,2.6348302,2.0446956,6.488238,7.8524556,1384.7,315,-0.080078125,0.040553793,-0.002197266,50,20,0.44805482,0.32535535,0.2475098,0.27920672,0.35455173,0.8171374,0.6912971,19.114647,17.054007,15.391466,17.474075,16.574436,20.168642,18.952488,17.990822,22.683075,21.688616,19.096872,22.10663,17.997711,21.412592,21.109447,21.167902,22.024021,19.79337,19.754017,19.039984,19.238197,18.184977,18.560171,19.579681,19.933868,21.086498,20.15277,18.740667,18.203474,18.608946,17.831886,19.211075,19.608906,19.908253,18.869066,19.276316,17.602623,16.986372,15.348529,18.333136,21.656183,16.245853,18.142986,18.312708,17.146364,17.388554,19.111698,18.343687,0.9962709,2.339763,7.1703467,0.4518733,29.948055,32.25421,37.9812,17.818537,20.870707,19.513533,19.222586,18.22858,18.286335,42.17
4446091.924,657859.7026,19.791529,1.2330261,0.8238833,27.482887,32.40834,30.726994,25.545012,23.212872,34.20043,30.642368,29.836267,34.383957,33.205376,39.281994,36.504585,39.368153,39.26469,44.44431,2.6149626,2.0439267,6.537228,7.885458,1384.71,45,0.16015625,0.040553793,0.008911133,50,20,0.44805482,0.32535535,0.2475098,0.27920672,0.35455173,0.8171374,0.6912971,19.341532,17.256159,15.627289,17.698122,16.758463,20.388567,19.1892,18.213322,22.634247,21.631184,19.064056,22.063025,17.960754,21.421097,21.123709,21.1412,22.023724,19.782064,19.78175,19.030561,19.250578,18.202482,18.591257,19.591616,19.937536,21.091995,20.158382,18.745249,18.208202,18.610338,17.833279,19.214855,19.606745,19.903461,18.865078,19.272585,17.599072,16.983051,15.344857,18.329647,21.650034,16.236628,18.134377,18.30389,17.137905,17.380657,19.103975,18.33556,1.0284548,2.3294446,7.211343,0.4518733,29.945614,32.421402,37.893288,18.037046,20.84258,19.523203,19.226427,18.22498,18.27821,42.17
4446091.924,657864.7026,16.998455,1.2258967,0.97230303,27.17787,31.349491,29.580292,24.774405,21.999533,34.724648,32.500935,30.752943,36.26428,35.536297,38.35232,36.04387,39.515278,38.394524,42.26703,2.6006258,2.056783,6.677285,7.964157,1384.7,68.1865,0.079589844,0.15387192,0.006591797,50,20,0.44805482,0.32535535,0.2475098,0.27920672,0.35455173,0.8171374,0.6912971,19.17028,17.930988,17.344576,18.504374,15.807442,19.256195,19.092794,18.315453,22.98473,21.319,18.84238,20.688353,17.81646,21.11942,21.516178,20.90428,21.424263,19.679205,20.209967,20.616812,19.196892,18.58272,17.17388,19.67212,20.285791,20.86338,19.169737,19.575663,18.20631,18.502028,17.949186,19.227774,19.539503,18.117527,16.62717,18.81029,17.57827,16.436245,14.929389,17.528458,18.91854,17.622625,18.447678,19.800417,17.381989,17.395937,18.698175,18.44146,1.0990999,2.3287044,7.320721,0.4518733,29.26368,33.612793,37.198097,18.158092,20.61236,19.554821,19.221727,17.434057,18.323624,42.17
4446091.924,657869.7026,16.661383,1.2215459,1.1092553,27.204313,31.331482,28.505886,24.074139,21.909437,34.984547,32.878567,31.210907,37.790092,37.59167,37.703503,36.145523,39.841557,37.749783,40.411064,2.5839078,2.0554893,6.7965484,8.030685,1384.68,60.24433,0.000976563,0.23041023,0,25,20,0.44805482,0.32535535,0.2475098,0.27920672,0.35455173,0.8171374,0.6912971,19.190744,18.337696,17.479498,18.820982,16.536926,19.78796,18.70075,18.560555,22.353054,19.808317,17.824371,19.195734,17.006823,19.308834,19.50667,19.5124,22.924046,20.260487,19.305943,19.651525,18.96482,18.513182,18.261213,19.758844,21.397842,21.495823,18.967398,19.736128,18.207066,18.109226,18.425476,19.541847,18.607346,19.022633,16.377798,18.598057,16.617687,15.399388,16.344698,17.345568,17.692045,16.940702,16.909542,17.659945,17.499235,16.175814,17.332254,17.087427,1.1654006,2.3196986,7.413617,0.4518733,29.267899,33.931557,36.924515,18.407793,19.286257,19.697315,19.476994,17.281088,17.17279,42.17
4446091.924,657874.7026,11.557719,1.2278466,1.2339326,27.000902,30.926258,27.45492,23.394888,21.903532,35.324974,33.63972,31.686314,39.06238,39.402424,37.031826,36.113228,40.16584,37.275772,38.749397,2.5729413,2.0437074,6.9106193,8.097615,1384.66,56.318897,-0.040039062,0.30993143,0.001098633,25,20,0.43880823,0.3295346,0.24593529,0.27918464,0.36602685,0.84900975,0.68741745,19.190744,18.337696,17.479498,18.820982,16.536926,19.78796,18.70075,18.560555,22.353054,19.808317,17.824371,19.195734,17.006823,19.308834,19.50667,19.5124,22.924046,20.260487,19.305943,19.651525,18.96482,18.513182,18.261213,19.758844,21.397842,21.495823,18.967398,19.736128,18.207066,18.109226,18.425476,19.541847,18.607346,19.022633,16.377798,18.598057,16.617687,15.399388,16.344698,17.345568,17.692045,16.940702,16.909542,17.659945,17.499235,16.175814,17.332254,17.087427,1.2308896,2.3083243,7.504117,0.45655957,28.963581,34.482346,36.572525,18.407793,19.286257,19.697315,19.476994,17.281088,17.17279,42.17
4446091.924,657879.7026,9.791931,1.2303678,1.3483903,26.904453,31.048077,26.532305,22.888474,21.897343,35.71904,33.641193,31.897165,40.007298,40.894783,36.352726,36.315147,40.58868,36.87768,37.350685,2.5631835,2.0437407,7.012021,8.1430435,1384.64,59.0431,0.20019531,0.50137013,0.012207031,10,20,0.43880823,0.3295346,0.24593529,0.27918464,0.36602685,0.84900975,0.68741745,18.23909,17.857895,16.898441,19.01206,17.266342,20.231201,18.525711,18.431084,22.127527,20.004847,17.151913,19.301025,17.074432,19.160343,19.967268,19.506762,22.607098,20.560007,20.585262,19.268833,17.8193,17.914024,18.035742,19.607697,21.28032,21.426205,19.835241,19.999304,18.7322,18.147259,17.547245,19.61725,18.821812,18.990261,17.709345,18.018045,16.646265,16.759888,16.125202,17.753628,18.362116,16.732027,17.91734,17.988691,16.061537,16.715948,15.903024,17.136106,1.2893791,2.303462,7.5775323,0.45655957,28.976265,34.680115,36.33394,18.290104,19.255337,19.541468,19.566824,17.581545,17.09724,42.17
4446091.924,657884.7026,15.066113,1.2317917,1.4429808,26.918581,31.034122,25.753035,22.485106,21.867155,36.249077,33.97358,32.326363,40.699986,42.085003,35.608414,36.25589,40.762466,36.66389,36.22371,2.5574756,2.0429845,7.1008677,8.185798,1384.59,59.41649,0.07910156,0.73195934,0.008789063,25,20,0.43880823,0.3295346,0.24593529,0.27918464,0.36602685,0.84900975,0.68741745,18.79165,18.015377,16.080526,19.29825,16.76465,19.67422,18.822477,18.359447,21.973705,20.01759,17.278128,19.51967,17.240877,19.49946,19.304647,19.497004,22.966318,20.752422,20.045254,19.198689,17.31161,18.839355,18.178661,19.74511,20.767254,21.657331,20.508873,20.504116,18.1853,17.63085,18.491411,19.773844,19.02988,19.254482,19.057531,17.63335,17.70548,16.605473,16.624481,18.11701,17.409565,16.765598,17.524544,17.646328,15.903381,15.944624,16.824306,16.914595,1.3373863,2.30023,7.6433325,0.45655957,28.976353,35.11133,35.93215,18.206736,19.26201,19.613188,19.677877,17.987242,16.859766,42.17
4446091.924,657889.7026,21.922203,1.2241071,1.5014819,27.15383,30.633255,25.229212,22.243,21.879816,36.99512,34.476078,32.81525,41.215965,42.976624,34.780334,36.07379,40.844463,36.4664,35.400154,2.5273325,2.0554333,7.161932,8.216041,1384.53,61.458355,0.16064453,0.92944676,0.012207031,25,20,0.43880823,0.3295346,0.24593529,0.27918464,0.36602685,0.84900975,0.68741745,18.79165,18.015377,16.080526,19.29825,16.76465,19.67422,18.822477,18.359447,21.973705,20.01759,17.278128,19.51967,17.240877,19.49946,19.304647,19.497004,22.966318,20.752422,20.045254,19.198689,17.31161,18.839355,18.178661,19.74511,20.767254,21.657331,20.508873,20.504116,18.1853,17.63085,18.491411,19.773844,19.02988,19.254482,19.057531,17.63335,17.70548,16.605473,16.624481,18.11701,17.409565,16.765598,17.524544,17.646328,15.903381,15.944624,16.824306,16.914595,1.3627945,2.2913828,7.6889863,0.45655957,28.893543,35.7356,35.427063,18.206736,19.26201,19.613188,19.677877,17.987242,16.859766,42.17
4446091.924,657894.7026,17.250137,1.2361249,1.5271757,26.72413,30.43275,25.371902,22.176857,21.82791,37.895855,34.72779,33.03031,41.61016,43.601288,34.11204,35.891087,40.24327,36.191124,34.78048,2.5581806,2.050606,7.1652026,8.199773,1384.45,64.80432,0.119140625,1.0764002,0.009887695,25,20,0.43880823,0.3295346,0.24593529,0.27918464,0.36602685,0.84900975,0.68741745,18.706942,18.595505,16.06101,19.250792,17.155327,19.475916,18.056307,18.406496,22.557234,19.803188,16.728506,19.853025,16.998383,19.822168,18.645815,19.455019,21.649323,21.005291,18.8449,19.749685,17.818768,16.985266,18.37438,19.286201,22.366726,21.030212,20.73718,21.06958,18.756021,17.430647,18.527832,20.031563,19.819523,19.641958,18.52945,19.459475,18.554148,16.545275,17.029932,18.586552,17.666674,17.129498,18.33678,18.207584,15.693689,15.822161,17.081787,17.15628,1.3816502,2.3043933,7.6824875,0.45655957,28.578442,36.31182,35.001564,18.18597,19.201189,19.203945,19.988314,18.511395,17.134024,42.17
4446091.924,657899.7026,20.522211,1.2443659,1.521182,26.53475,29.851141,25.523443,22.192408,21.562706,38.892014,34.933964,33.588676,41.852432,43.94214,33.386963,35.697227,39.84312,36.12513,34.427876,2.562245,2.066654,7.162533,8.17942,1384.36,64.06596,0.119628906,1.178484,0.0078125,25,20,0.43880823,0.3295346,0.24593529,0.27918464,0.36602685,0.84900975,0.68741745,19.272692,17.947323,16.717081,18.368074,16.061504,19.093372,18.43771,18.169048,22.830627,19.77744,17.238628,19.573507,16.900558,19.59866,19.096647,19.565462,21.07661,22.035633,18.46109,19.304682,18.888145,18.702772,17.435472,19.481987,21.662283,22.198391,21.044453,19.835226,18.539865,17.792618,19.264105,20.050827,18.998362,20.808636,17.118757,20.205978,17.648039,16.228104,16.883232,18.329336,16.869663,18.58981,16.938303,17.921736,16.131859,16.289547,16.405567,17.049479,1.3827739,2.3144493,7.6709766,0.45655957,28.192945,36.912987,34.542095,17.985394,19.28801,19.414915,20.048132,18.270159,17.020926,42.17
4446091.924,657904.7026,22.421497,1.248586,1.502263,26.622526,29.452967,25.880009,22.338205,21.72218,40.051693,35.353886,33.98626,41.961258,44.0486,32.47674,35.31803,39.140396,35.915497,34.266296,2.5402915,2.0872948,7.1630754,8.165494,1384.26,60.176846,-0.03955078,1.2380965,0,25,20,0.43333474,0.33301544,0.2525919,0.2879826,0.33724317,0.81903344,0.8418594,19.272692,17.947323,16.717081,18.368074,16.061504,19.093372,18.43771,18.169048,22.830627,19.77744,17.238628,19.573507,16.900558,19.59866,19.096647,19.565462,21.07661,22.035633,18.46109,19.304682,18.888145,18.702772,17.435472,19.481987,21.662283,22.198391,21.044453,19.835226,18.539865,17.792618,19.264105,20.050827,18.998362,20.808636,17.118757,20.205978,17.648039,16.228104,16.883232,18.329336,16.869663,18.58981,16.938303,17.921736,16.131859,16.289547,16.405567,17.049479,1.3754245,2.3137932,7.6642847,0.47215152,28.037746,37.70279,33.897385,17.985394,19.28801,19.414915,20.048132,18.270159,17.020926,42.17
4446091.924,657909.7026,16.706263,1.255086,1.4835408,26.585516,29.450346,26.272852,22.507145,21.809416,41.232002,35.70791,34.436317,42.00787,43.981236,31.581432,34.7443,38.37507,35.760864,34.192142,2.548577,2.089347,7.163663,8.143827,1384.17,59.473366,0.08105469,1.2968746,0.006713867,50,20,0.43333474,0.33301544,0.2525919,0.2879826,0.33724317,0.81903344,0.8418594,19.477108,18.436737,17.137917,19.032557,15.874822,19.603308,18.17636,18.484724,23.091866,19.821543,17.218184,19.61706,17.237,19.542135,18.874773,19.594826,22.376041,22.118427,21.194645,20.349531,20.322836,18.549303,18.780516,20.468323,20.745436,21.919775,21.33754,21.262802,19.04052,18.452894,18.281193,20.147743,18.730848,20.725803,17.483093,19.961084,17.498077,16.264477,17.289371,18.317312,16.817043,18.57819,17.350819,17.700443,15.578617,16.628391,16.39851,17.069958,1.3693134,2.318962,7.653745,0.47215152,28.017931,38.469955,33.162865,18.248402,19.343222,20.527328,20.148594,18.278963,17.007431,42.17
4446086.924,657759.7026,17.345034,1.3206948,0.7925068,28.154974,33.93422,31.765667,29.600971,25.945648,32.194695,31.637856,29.948841,31.058043,42.27252,39.337402,34.163643,37.604313,39.26256,34.44069,2.712391,2.1299758,6.2607217,7.7919884,1384.77,55.619656,-0.040039062,0.33008036,-0.002197266,25,20,0.48633078,0.33638403,0.24367413,0.28001103,0.35754222,0.85140043,0.7104185,18.961332,17.14,16.21574,17.8326,16.994442,19.814133,18.102114,18.077103,20.793041,19.271069,17.669243,19.447992,17.4488,20.586645,20.710209,19.699203,21.54441,18.133657,19.177195,19.856546,20.250349,17.49873,17.20674,19.146461,19.971836,19.963343,19.303764,19.19684,20.253763,17.31877,17.884243,18.987217,17.433477,18.725704,17.597591,17.39714,16.330006,15.404245,16.41685,16.99399,20.852482,18.417517,19.739801,17.920017,17.762018,19.225708,18.151915,18.97484,1.0566008,2.4211833,7.026355,0.4665373,31.044598,31.916275,36.750523,17.865767,19.418142,19.095377,19.127508,17.043573,18.867064,42.17
4446086.924,657764.7026,16.778439,1.3187199,0.7668176,28.152891,33.934746,31.901003,29.791718,26.014147,32.20831,31.630571,29.872004,30.947897,42.818535,39.31704,34.167526,37.56768,39.193043,33.75323,2.714188,2.1287549,6.2493267,7.7808475,1384.75,53.746162,0,0.26669905,-0.001098633,25,20,0.48633078,0.33638403,0.24367413,0.28001103,0.35754222,0.85140043,0.7104185,18.976057,17.807919,15.564812,17.639181,16.539333,20.45303,18.61165,18.136549,21.837994,19.895409,17.659937,19.969362,17.48674,20.80098,20.803514,20.079865,21.673939,20.373983,18.497639,18.672358,20.301111,17.864779,17.121538,19.149612,21.296911,20.152021,19.133175,18.728226,19.993023,17.237223,17.942732,19.041416,19.991243,17.616768,17.565378,16.55242,15.961625,16.261642,17.224207,17.300179,21.189974,20.274132,18.364271,19.257467,18.498295,18.350445,19.29092,19.286518,1.0427687,2.4214716,7.015087,0.4665373,31.04382,31.919441,36.742283,17.941711,19.779133,19.215048,19.2119,17.310469,19.31793,42.17
4446086.924,657769.7026,16.590752,1.3161007,0.74577904,28.152056,33.93541,32.12355,30.104788,26.157658,32.153847,31.5902,29.758003,30.73904,42.642536,39.326183,34.21872,37.4993,39.10082,33.52706,2.7154872,2.127626,6.252605,7.771319,1384.73,50.194427,-0.080078125,0.22396454,-0.004394531,25,20,0.48633078,0.33638403,0.24367413,0.28001103,0.35754222,0.85140043,0.7104185,19.126888,18.707968,16.003803,18.603374,17.441551,19.3752,18.56365,18.424887,22.685991,21.871927,18.084408,20.810846,17.466976,21.544039,21.116514,20.859192,22.511438,20.539942,20.066824,18.950823,21.012764,17.850342,18.38295,19.763811,23.470798,20.864393,20.949373,20.957907,20.08967,18.23769,18.776915,20.32055,18.943409,15.204941,15.8837,16.158375,14.497387,14.882731,15.422844,15.884512,22.188335,18.875834,20.482927,19.047892,17.581064,17.937956,18.115158,19.142073,1.0309398,2.4215565,7.011962,0.4665373,31.043732,31.872025,36.772453,18.260347,20.51153,19.902155,20.478106,15.856199,19.175594,42.17
4446086.924,657774.7026,7.4766374,1.316839,0.7293223,28.157516,34.06593,32.448708,30.539852,26.488295,31.992947,31.146175,29.551973,30.437489,41.708397,39.40057,34.52239,37.392742,38.94593,33.829155,2.7273257,2.1082218,6.273182,7.7611613,1384.72,45,0,0.18249148,-0.001098633,25,20,0.48633078,0.33638403,0.24367413,0.28001103,0.35754222,0.85140043,0.7104185,19.126888,18.730265,16.00567,18.606485,17.446218,19.377867,18.56365,18.429665,22.785437,21.978056,18.189615,20.878054,17.478073,21.630863,21.180344,20.94106,22.511438,20.539942,20.066824,18.950823,21.012764,17.850342,18.38295,19.763811,23.470798,20.864393,20.949373,20.957907,20.08967,18.23769,18.776915,20.32055,20.069387,16.539316,17.531597,17.52256,16.579683,15.9880295,16.698277,17.235004,22.188335,18.875834,20.482927,19.047892,17.581064,17.937956,18.115158,19.142073,1.0230806,2.4177737,7.017172,0.4665373,31.111723,31.569561,36.96148,18.265293,20.588634,19.902155,20.478106,17.275549,19.175594,42.17
4446086.924,657779.7026,2.510401,1.3127629,0.71755415,28.161144,34.066555,32.741436,30.949488,26.706472,31.811632,31.046967,29.365576,30.124031,40.320824,39.45642,34.66875,37.328083,38.857,34.533783,2.7268772,2.1069953,6.302624,7.7538233,1384.71,45,0,0.16221477,0,25,20,0.48633078,0.33638403,0.24367413,0.28001103,0.35754222,0.85140043,0.7104185,18.469875,18.927542,15.622805,18.540276,15.904107,19.657145,19.05665,18.190672,22.911688,21.509787,18.436867,21.589859,17.601887,20.955252,21.033417,20.895548,24.488983,20.935993,17.687185,19.821367,19.632996,17.44457,17.91358,19.755909,23.53147,21.571413,19.723675,20.253202,19.953663,18.85294,18.022726,20.260523,18.990625,17.350193,17.470093,18.299372,16.900566,16.464008,15.623399,17.3743,21.787008,19.150257,19.057886,19.335062,18.771881,17.85888,18.46429,19.15372,1.0151585,2.4169364,7.028224,0.4665373,31.11385,31.429298,37.062584,18.025484,20.576965,19.703524,20.272724,17.29975,19.20361,42.17
4446086.924,657784.7026,5.876048,1.3084329,0.7080664,28.16714,34.066982,32.95175,31.214214,26.862434,31.623892,30.933653,29.138092,29.900934,38.981754,39.484165,34.850044,37.345078,38.811646,35.397705,2.7266264,2.1057835,6.3374214,7.747186,1384.7,45,0,0.141938,-0.001098633,25,20,0.44942346,0.32370487,0.23580445,0.27494925,0.3511353,0.81849074,0.7230969,18.429016,18.11867,15.774327,18.553068,15.861004,20.184795,18.539614,18.102594,22.599476,21.635391,18.580414,21.905487,17.70906,21.262903,21.394827,21.089441,23.92873,20.57098,19.054243,20.021664,17.563904,18.375849,17.688248,19.763071,22.450829,21.769192,20.81326,20.450342,18.056305,19.963627,18.15378,20.295753,18.46299,17.848095,18.741713,18.27535,15.766203,16.301798,15.906168,17.45159,21.80157,19.673624,19.023457,19.07191,17.788593,18.64887,17.456202,19.038084,1.0082496,2.416205,7.042304,0.4538007,31.117062,31.278772,37.167107,17.922928,20.726793,19.600515,20.236761,17.328901,19.066319,42.17
4446086.924,657789.7026,9.612907,1.304025,0.70053303,28.177023,34.06704,32.997803,31.20805,26.890348,31.449104,30.80956,28.86145,29.852673,37.964836,39.454983,35.070236,37.50586,38.846943,36.35781,2.7265875,2.1045856,6.3757277,7.7414484,1384.69,30.963757,-0.080078125,0.08360374,-0.005615234,25,20,0.44942346,0.32370487,0.23580445,0.27494925,0.3511353,0.81849074,0.7230969,18.429016,18.11867,15.774327,18.553068,15.861004,20.184795,18.539614,18.102594,21.774023,20.470398,17.043352,20.610441,16.896091,19.317202,19.281265,19.672106,23.92873,20.57098,19.054243,20.021664,17.563904,18.375849,17.688248,19.763071,22.448605,21.772915,20.81223,20.453074,18.054974,19.967224,18.152775,20.296822,18.33334,17.606285,18.608128,18.072523,15.50051,16.17474,15.81465,17.287224,17.923105,18.042072,17.445267,18.053892,17.179398,17.306454,16.016895,17.3897,1.002279,2.4155865,7.058588,0.4538007,31.122032,31.129333,37.26261,17.922928,19.341825,19.600515,20.237398,17.158598,17.42387,42.17
4446086.924,657794.7026,13.522393,1.2973144,0.6945664,27.909637,33.74121,32.928753,30.917881,26.684982,31.319328,30.788607,28.58495,30.011503,37.33851,39.378643,35.38336,37.704906,38.870293,37.366062,2.7215564,2.0935535,6.417736,7.7407465,1384.69,26.49492,-0.040039062,0.06388662,-0.001098633,25,20,0.44942346,0.32370487,0.23580445,0.27494925,0.3511353,0.81849074,0.7230969,18.686996,18.846817,16.38338,17.97115,15.807356,20.650717,17.654657,18.202812,21.936312,20.116724,17.310623,19.26405,17.234995,19.403286,18.928436,19.391546,22.56449,19.520023,19.106668,19.347483,17.566807,17.986773,18.20751,19.358362,22.56471,19.27261,20.424164,20.221308,17.980095,18.891562,18.395102,19.816133,20.099987,18.508207,17.52691,19.28662,15.50051,16.05907,16.026854,17.73336,18.445284,17.973766,16.814663,17.751844,17.654789,16.015135,16.183382,17.230103,0.99594045,2.407555,7.0792413,0.4538007,30.825424,31.053967,37.381004,18.000154,19.170633,19.185678,19.678507,17.572596,17.262695,42.17
4446086.924,657799.7026,6.1769695,1.2939745,0.6895887,27.891909,33.741188,33.661865,31.41716,26.763344,31.230057,30.71839,28.406162,29.8022,36.296856,39.558697,35.475616,37.419186,38.63753,37.969055,2.7249973,2.0927236,6.437442,7.7450113,1384.69,26.635525,0.03955078,0.06357383,0.001098633,25,20,0.44942346,0.32370487,0.23580445,0.27494925,0.3511353,0.81849074,0.7230969,18.83725,18.142536,16.86489,18.936062,16.971323,20.475698,18.497099,18.526316,21.54387,19.609104,17.126614,19.507126,17.472881,19.15008,19.753569,19.395758,22.178665,19.158497,18.239893,19.079966,17.59483,17.807138,19.216766,19.056372,22.080471,17.203222,19.202343,19.77771,18.195362,17.278774,18.42744,18.945942,20.201443,20.708406,16.9104,17.671806,14.807575,15.982059,16.04001,17.585598,18.606432,17.662169,18.40821,17.035332,16.608938,15.752297,16.557499,17.171717,0.9917816,2.4088604,7.0912266,0.4538007,30.816547,30.974224,37.51716,18.389265,19.166178,19.039394,18.880762,17.47453,17.232983,42.17
4446086.924,657804.7026,7.516151,1.2916465,0.6854805,27.844362,33.741993,35.19736,32.63763,27.041382,31.201979,30.70954,28.350838,29.264475,34.895306,39.97995,35.40295,36.553223,38.090622,38.188633,2.7311752,2.0918465,6.4382143,7.756966,1384.69,341.56506,0.03955078,0.044787582,0.002197266,25,20,0.44942346,0.32370487,0.23580445,0.27494925,0.3511353,0.81849074,0.7230969,18.83725,18.142536,16.86489,18.936062,16.971323,20.475698,18.497099,18.526316,21.54387,19.609104,17.126614,19.507126,17.472881,19.15008,19.753569,19.395758,22.178665,19.158497,18.239893,19.079966,17.59483,17.807138,19.216766,19.056372,22.080471,17.203222,19.202343,19.77771,18.195362,17.278774,18.42744,18.945942,20.201443,20.708406,16.9104,17.671806,14.807575,15.982059,16.04001,17.585598,18.606432,17.662169,18.40821,17.035332,16.608938,15.752297,16.557499,17.171717,0.9885635,2.411511,7.0975904,0.4538007,30.793179,30.95576,37.691452,18.389265,19.166178,19.039394,18.880762,17.47453,17.232983,42.17
4446086.924,657809.7026,8.950048,1.2895114,0.6849202,27.802423,33.742554,36.58005,33.537884,27.14157,31.188148,30.686588,28.243052,28.951847,33.917583,40.33864,35.37028,35.83923,37.63206,38.519676,2.737482,2.0909946,6.4395065,7.771661,1384.69,315,0,0.040306512,0,25,20,0.44942346,0.32370487,0.23580445,0.27494925,0.3511353,0.81849074,0.7230969,18.881008,18.65506,15.989314,17.532763,17.41331,21.053589,18.412205,18.459702,22.187683,19.519855,17.36684,20.97767,17.020525,18.70122,18.964298,19.515099,22.751022,22.087381,18.3277,20.260046,17.41362,17.873953,19.666185,19.86845,22.157831,19.055382,18.279324,19.709011,18.691372,16.920395,18.54521,19.037567,21.058243,20.164814,16.644516,18.608585,14.8166065,15.5071125,16.152103,17.690323,17.300522,17.579086,17.353443,16.803896,17.153774,15.916266,16.355534,16.91265,0.9872158,2.4142385,7.1055837,0.4538007,30.772488,30.937368,37.85446,18.276749,19.248297,19.768559,19.051218,17.56457,16.923218,42.17
4446086.924,657814.7026,9.877097,1.2873665,0.6879435,27.766773,33.743004,37.79255,34.106674,27.08543,31.18248,30.647802,28.08691,28.86352,33.347572,40.624992,35.37609,35.27083,37.261696,38.971893,2.7433934,2.0901527,6.4403906,7.7886095,1384.69,341.56506,-0.040039062,0.045340516,-0.002197266,25,20,0.44750848,0.3174376,0.23544742,0.27731073,0.34746435,0.81191736,0.7214086,18.881008,18.65506,15.989314,17.532763,17.41331,21.053589,18.412205,18.459702,22.187683,19.519855,17.36684,20.97767,17.020525,18.70122,18.964298,19.515099,22.751022,22.087381,18.3277,20.260046,17.41362,17.873953,19.666185,19.86845,22.157831,19.055382,18.279324,19.709011,18.691372,16.920395,18.54521,19.037567,21.058243,20.164814,16.644516,18.608585,14.8166065,15.5071125,16.152103,17.690323,17.300522,17.579086,17.353443,16.803896,17.153774,15.916266,16.355534,16.91265,0.98765504,2.416773,7.1145,0.4512135,30.754889,30.915142,38.00054,18.276749,19.248297,19.768559,19.051218,17.56457,16.923218,42.17
4446086.924,657819.7026,10.564902,1.2809076,0.6952656,27.68567,33.94009,38.718147,34.371784,26.782629,31.144318,30.321228,27.92098,28.952559,33.07764,40.88764,35.490192,35.134544,37.033546,39.521347,2.7453144,2.0890129,6.4381843,7.8042707,1384.69,0,-0.040039062,0.057351712,-0.003295898,25,20,0.44750848,0.3174376,0.23544742,0.27731073,0.34746435,0.81191736,0.7214086,19.020664,19.243942,17.35816,17.626413,17.77476,20.787577,18.653616,18.812668,22.777536,20.734661,17.042683,20.798399,17.31593,19.704716,19.185486,19.96064,20.88017,21.435068,19.185713,21.42955,18.825546,18.595188,19.680262,20.098766,20.269234,20.773565,19.164566,20.435137,21.001669,17.612682,19.694763,19.774107,19.673992,20.581203,17.662796,18.78711,16.687948,16.223127,16.710253,18.120792,16.187836,17.831562,16.823162,17.508465,16.35009,15.623868,16.598871,16.696945,0.9880866,2.4171636,7.1212273,0.4512135,30.812881,30.732773,38.18892,18.637875,19.651342,20.004501,19.850231,18.046633,16.70341,42.17
4446086.924,657824.7026,10.483922,1.2792009,0.7002692,27.853056,33.21728,39.280884,34.290955,26.54772,31.217764,30.420515,27.822891,29.206932,32.959053,40.94869,35.797783,35.08363,36.95285,40.117245,2.7456253,2.0591464,6.441128,7.83022,1384.69,315,-0.080078125,0.060830675,-0.005615234,25,20,0.44750848,0.3174376,0.23544742,0.27731073,0.34746435,0.81191736,0.7214086,19.228529,18.29713,17.497707,18.091244,17.740295,20.324448,18.703129,18.712242,21.987162,20.690489,16.804401,20.65259,16.675032,19.198298,19.3063,19.609055,22.199833,20.014303,17.815426,20.519312,18.098473,19.426355,19.405748,19.728546,20.292707,21.599203,20.534796,20.720266,19.597023,19.812412,19.454697,20.35974,19.344828,19.724533,15.933668,18.673323,16.949923,16.600119,17.65071,17.906734,17.638773,17.935333,15.590349,17.480902,17.1872,17.149252,17.010925,17.139898,0.98973507,2.4023857,7.135674,0.4512135,30.535168,30.81914,38.373238,18.55464,19.33061,19.639921,20.287302,17.839586,17.141819,42.17
4446086.924,657829.7026,9.18778,1.2623352,0.71253884,27.903162,32.363003,39.146812,33.67299,26.10443,31.426102,30.818699,27.852163,29.764013,32.883476,40.87944,35.963337,35.27872,36.82779,40.703342,2.7306647,2.0529032,6.451654,7.8507543,1384.7,296.56506,0.040039062,0.06412116,0.001098633,25,20,0.44750848,0.3174376,0.23544742,0.27731073,0.34746435,0.81191736,0.7214086,19.228529,18.29713,17.497707,18.091244,17.740295,20.324448,18.703129,18.712242,22.848265,21.963558,18.659641,22.013107,18.270658,20.832317,21.253317,21.139717,22.199833,20.014303,17.815426,20.519312,18.098473,19.426355,19.405748,19.728546,20.29183,21.595606,20.5331,20.719795,19.592245,19.808828,19.459728,20.358917,19.511822,19.884295,16.067036,18.857164,17.11225,16.752247,17.804564,18.059256,19.40557,19.35446,16.47029,18.215746,17.823933,19.579851,18.835173,18.689783,0.987437,2.391784,7.151204,0.4512135,30.133083,31.1224,38.421387,18.55464,20.83441,19.639921,20.285877,17.998484,18.52643,42.17
4446086.924,657834.7026,7.640953,1.2512747,0.7224354,27.709993,32.296917,38.146435,32.6269,25.87496,31.683666,30.374584,28.07741,30.314678,32.7667,40.82227,36.36838,35.85308,37.21338,41.518303,2.7177,2.0532804,6.468249,7.855514,1384.7,341.56506,-0.040039062,0.045340516,-0.002197266,50,20,0.44750848,0.3174376,0.23544742,0.27731073,0.34746435,0.81191736,0.7214086,19.305822,17.057753,16.456766,16.681438,18.08219,19.105604,18.896835,18.021978,22.93448,22.158993,18.226343,21.784195,18.567005,21.17792,21.101385,21.128172,23.603662,19.31164,19.720114,18.985378,17.94517,18.571985,19.095646,19.643705,22.009787,22.40879,20.769186,20.31341,18.816532,19.30485,21.323421,20.641651,19.257017,18.79388,18.594986,18.3837,17.191423,16.431705,17.09843,17.932314,19.946238,19.289972,18.106848,19.310877,18.487432,18.574274,18.308884,18.820759,0.98685503,2.3854902,7.1618814,0.4512135,30.003456,31.029125,38.595325,17.940916,20.850046,19.604797,20.706568,17.964449,18.860645,42.17
4446086.924,657839.7026,4.828074,1.2457649,0.733575,27.692766,32.29187,36.72966,31.280401,25.454601,32.07399,30.340149,28.379305,30.951746,32.612698,40.605827,36.509087,36.58224,37.75147,42.27143,2.6996863,2.052216,6.4841104,7.8553367,1384.7,0,-0.040039062,0.057351712,-0.003295898,50,20,0.44750848,0.3174376,0.23544742,0.27731073,0.34746435,0.81191736,0.7214086,18.622454,19.21946,16.47572,17.122583,17.313154,19.632689,18.86378,18.396967,23.486584,21.592163,18.232061,22.624533,18.023512,21.416157,20.852427,21.207888,22.781864,19.15036,20.36801,18.97918,18.659386,18.783346,17.453625,19.568691,21.42104,20.700367,20.65762,20.39255,18.13695,18.610487,20.076883,19.988886,19.045864,18.052376,17.943867,19.100843,17.61571,16.535374,16.801836,17.832172,20.49403,16.392626,21.455708,18.587488,19.81767,17.122463,18.882658,18.922548,0.9896699,2.3759513,7.1697235,0.4512135,29.992317,31.20707,38.557457,18.178549,20.889635,19.45368,19.999414,17.870838,18.964664,42.17
4446086.924,657844.7026,15.432787,1.2421759,0.7443154,27.56085,32.425247,35.227745,29.856739,24.706324,32.6283,30.661701,28.827816,31.632578,32.399654,40.229122,36.24624,37.203793,38.17008,43.003895,2.6751828,2.0459569,6.494464,7.8542724,1384.7,0,-0.040039062,0.057351712,-0.003295898,50,20,0.44967544,0.32721883,0.2420715,0.27404177,0.35584196,0.8181164,0.71810067,18.622454,19.21946,16.47572,17.122583,17.313154,19.632689,18.86378,18.396967,23.486584,21.592163,18.232061,22.624533,18.023512,21.416157,20.852427,21.207888,22.781864,19.15036,20.36801,18.97918,18.659386,18.783346,17.453625,19.568691,21.42104,20.700367,20.65762,20.39255,18.13695,18.610487,20.076883,19.988886,19.045864,18.052376,17.943867,19.100843,17.61571,16.535374,16.801836,17.832172,20.49403,16.392626,21.455708,18.587488,19.81767,17.122463,18.882658,18.922548,0.99324566,2.36057,7.174368,0.45500952,29.99305,31.645,38.23768,18.178549,20.889635,19.45368,19.999414,17.870838,18.964664,42.17
4446086.924,657849.7026,19.812689,1.2367162,0.7588263,27.543947,32.420322,33.759857,28.45177,24.246916,33.05356,30.628134,29.124222,32.235878,32.297585,39.93954,36.369755,37.956436,38.762623,43.73056,2.654095,2.0452054,6.5038934,7.8569326,1384.7,333.43494,-0.080078125,0.06412116,-0.004394531,50,20,0.44967544,0.32721883,0.2420715,0.27404177,0.35584196,0.8181164,0.71810067,18.416159,18.247572,16.871258,17.324003,16.410275,20.093517,18.166874,18.199848,23.109058,21.565632,18.238499,22.414017,18.562193,21.32799,21.257153,21.243011,23.738522,19.546652,20.34498,18.709742,17.52435,19.828129,17.85301,19.821835,21.301403,20.90476,20.364704,20.049517,18.827995,18.628897,17.977087,19.63215,18.452147,19.37023,17.737305,19.721987,17.067358,17.02056,16.064516,18.00351,19.938807,17.26266,20.281775,17.94883,18.240501,17.39559,19.6861,18.738789,0.99777126,2.3496501,7.1804132,0.45500952,29.982136,31.840847,38.154648,17.93281,20.924936,19.64934,19.722052,17.919157,18.67918,42.17
4446086.924,657854.7026,22.93971,1.2313119,0.7887837,27.532038,32.414726,32.343876,27.136915,23.81575,33.43921,30.606827,29.404327,32.877735,32.416985,39.63147,36.508205,38.688763,39.265392,44.210495,2.633298,2.044406,6.521558,7.8673425,1384.71,341.56506,0.12011719,0.045340516,0.004394531,50,20,0.44967544,0.32721883,0.2420715,0.27404177,0.35584196,0.8181164,0.71810067,19.341532,17.256159,15.627289,17.698122,16.758463,20.388567,19.1892,18.213322,22.634247,21.631184,19.064056,22.063025,17.960754,21.421097,21.123709,21.1412,22.023724,19.782064,19.78175,19.030561,19.250578,18.202482,18.591257,19.591616,19.937536,21.091995,20.158382,18.745249,18.208202,18.610338,17.833279,19.214855,19.606745,19.903461,18.865078,19.272585,17.599072,16.983051,15.344857,18.329647,21.650034,16.236628,18.134377,18.30389,17.137905,17.380657,19.103975,18.33556,1.0100478,2.338852,7.1944504,0.45500952,29.973381,32.023018,38.06984,18.037046,20.84258,19.523203,19.226427,18.22498,18.27821,42.17
4446086.924,657859.7026,21.36196,1.2262484,0.8626864,27.53652,32.404774,31.000221,26.039352,23.475203,33.70889,30.6732,29.703487,33.831898,33.232693,39.26171,36.712982,39.359097,39.363087,43.863697,2.613984,2.0436265,6.5771036,7.9006453,1384.7,45,-0.12011719,0.040553793,-0.005615234,50,20,0.44967544,0.32721883,0.2420715,0.27404177,0.35584196,0.8181164,0.71810067,19.114647,17.054007,15.391466,17.474075,16.574436,20.168642,18.952488,17.990822,22.683075,21.688616,19.096872,22.10663,17.997711,21.412592,21.109447,21.167902,22.024021,19.79337,19.754017,19.039984,19.238197,18.184977,18.560171,19.579681,19.933868,21.086498,20.15277,18.740667,18.203474,18.608946,17.831886,19.211075,19.608906,19.908253,18.869066,19.276316,17.602623,16.986372,15.348529,18.333136,21.656183,16.245853,18.142986,18.312708,17.146364,17.388554,19.111698,18.343687,1.0444674,2.3288054,7.2388744,0.45500952,29.970646,32.191044,37.987347,17.818537,20.870707,19.513533,19.222586,18.22858,18.286335,42.17
4446086.924,657864.7026,18.10139,1.2195725,0.98384506,27.213192,31.351765,29.71457,25.139915,22.146719,34.352623,32.402626,30.593296,35.109924,34.651344,38.416172,36.18545,39.617935,39.08308,42.726414,2.5997667,2.056129,6.68223,7.9591823,1384.7,56.33687,0,0.10314973,0,50,20,0.44967544,0.32721883,0.2420715,0.27404177,0.35584196,0.8181164,0.71810067,19.17028,17.930988,17.344576,18.504374,15.807442,19.256195,19.092794,18.315453,22.98473,21.319,18.84238,20.688353,17.81646,21.11942,21.516178,20.90428,21.424263,19.679205,20.209967,20.616812,19.196892,18.58272,17.17388,19.67212,20.285791,20.86338,19.169737,19.575663,18.20631,18.502028,17.949186,19.227774,19.539503,18.117527,16.62717,18.81029,17.57827,16.436245,14.929389,17.528458,18.91854,17.622625,18.447678,19.800417,17.381989,17.395937,18.698175,18.44146,1.1017088,2.3279479,7.3207064,0.45500952,29.282478,33.377625,37.30081,18.158092,20.61236,19.554821,19.221727,17.434057,18.323624,42.17
4446086.924,657869.7026,17.915586,1.2163874,1.117427,27.23582,31.07541,28.511011,24.429493,22.164156,34.621758,32.711952,30.994986,36.278667,36.269424,37.82011,36.412354,40.078392,38.729862,41.374435,2.5593865,2.074698,6.797894,8.0280485,1384.69,51.365856,-0.000976563,0.18287723,0,50,20,0.44967544,0.32721883,0.2420715,0.27404177,0.35584196,0.8181164,0.71810067,19.190744,18.337696,17.479498,18.820982,16.536926,19.78796,18.70075,18.560555,22.353054,19.808317,17.824371,19.195734,17.006823,19.308834,19.50667,19.5124,22.924046,20.260487,19.305943,19.651525,18.96482,18.513182,18.261213,19.758844,21.397842,21.495823,18.967398,19.736128,18.207066,18.109226,18.425476,19.541847,18.607346,19.022633,16.377798,18.598057,16.617687,15.399388,16.344698,17.345568,17.692045,16.940702,16.909542,17.659945,17.499235,16.175814,17.332254,17.087427,1.1669072,2.3170424,7.4129715,0.45500952,29.155617,33.666855,37.116234,18.407793,19.286257,19.697315,19.476994,17.281088,17.17279,42.17
4446086.924,657874.7026,13.587396,1.1987123,1.2552227,27.25311,31.063946,27.306774,23.762024,21.985731,34.959766,33.110218,31.339842,37.285824,37.739563,37.155445,36.443813,40.641205,38.422123,40.003395,2.5386736,2.0551796,6.9192047,8.099692,1384.68,53.770462,0.12109375,0.26596588,0.006713867,25,20,0.4593907,0.33155045,0.24771458,0.2791817,0.3641057,0.84464556,0.6882554,19.190744,18.337696,17.479498,18.820982,16.536926,19.78796,18.70075,18.560555,22.353054,19.808317,17.824371,19.195734,17.006823,19.308834,19.50667,19.5124,22.924046,20.260487,19.305943,19.651525,18.96482,18.513182,18.261213,19.758844,21.397842,21.495823,18.967398,19.736128,18.207066,18.109226,18.425476,19.541847,18.607346,19.022633,16.377798,18.598057,16.617687,15.399388,16.344698,17.345568,17.692045,16.940702,16.909542,17.659945,17.499235,16.175814,17.332254,17.087427,1.2269676,2.2969265,7.5094485,0.45926347,29.158527,34.034992,36.79963,18.407793,19.286257,19.697315,19.476994,17.281088,17.17279,42.17
4446086.924,657879.7026,12.527682,1.1965082,1.3967878,27.28219,31.047249,26.14135,23.225733,21.929844,35.31111,33.40625,31.774849,37.980183,39.012447,36.451744,36.560635,41.074028,38.31226,38.831264,2.5274217,2.0541115,7.045341,8.165618,1384.65,59.75262,-0.040039062,0.39813232,0.001098633,25,20,0.4593907,0.33155045,0.24771458,0.2791817,0.3641057,0.84464556,0.6882554,18.23909,17.857895,16.898441,19.01206,17.266342,20.231201,18.525711,18.431084,22.127527,20.004847,17.151913,19.301025,17.074432,19.160343,19.967268,19.506762,22.607098,20.560007,20.585262,19.268833,17.8193,17.914024,18.035742,19.607697,21.28032,21.426205,19.835241,19.999304,18.7322,18.147259,17.547245,19.61725,18.821812,18.990261,17.709345,18.018045,16.646265,16.759888,16.125202,17.753628,18.362116,16.732027,17.91734,17.988691,16.061537,16.715948,15.903024,17.136106,1.296648,2.2907667,7.6054792,0.45926347,29.164719,34.35868,36.506187,18.290104,19.255337,19.541468,19.566824,17.581545,17.09724,42.17
4446086.924,657884.7026,16.828415,1.1945628,1.5278835,27.309752,31.03177,25.083132,22.804186,21.899733,35.75901,33.69749,32.220444,38.42608,40.055386,35.67641,36.630005,41.42872,38.312874,37.82536,2.5182667,2.0530682,7.1695514,8.227638,1384.62,64.64749,0.15966797,0.60230446,0.011108398,25,20,0.4593907,0.33155045,0.24771458,0.2791817,0.3641057,0.84464556,0.6882554,18.79165,18.015377,16.080526,19.29825,16.76465,19.67422,18.822477,18.359447,21.973705,20.01759,17.278128,19.51967,17.240877,19.49946,19.304647,19.497004,22.966318,20.752422,20.045254,19.198689,17.31161,18.839355,18.178661,19.74511,20.767254,21.657331,20.508873,20.504116,18.1853,17.63085,18.491411,19.773844,19.02988,19.254482,19.057531,17.63335,17.70548,16.605473,16.624481,18.11701,17.409565,16.765598,17.524544,17.646328,15.903381,15.944624,16.824306,16.914595,1.3612232,2.2856674,7.698595,0.45926347,29.170761,34.72825,36.153206,18.206736,19.26201,19.613188,19.677877,17.987242,16.859766,42.17
4446086.924,657889.7026,20.785963,1.2155282,1.6041688,27.205873,30.634409,24.470219,22.595465,22.02225,36.51513,34.184956,32.700676,38.906353,40.937244,34.8632,36.529896,41.516636,38.06617,36.979153,2.5225399,2.0549536,7.2389717,8.251038,1384.56,67.83777,0.12109375,0.8351992,0.0078125,25,20,0.4593907,0.33155045,0.24771458,0.2791817,0.3641057,0.84464556,0.6882554,18.79165,18.015377,16.080526,19.29825,16.76465,19.67422,18.822477,18.359447,21.973705,20.01759,17.278128,19.51967,17.240877,19.49946,19.304647,19.497004,22.966318,20.752422,20.045254,19.198689,17.31161,18.839355,18.178661,19.74511,20.767254,21.657331,20.508873,20.504116,18.1853,17.63085,18.491411,19.773844,19.02988,19.254482,19.057531,17.63335,17.70548,16.605473,16.624481,18.11701,17.409565,16.765598,17.524544,17.646328,15.903381,15.944624,16.824306,16.914595,1.4098485,2.2887468,7.7450047,0.45926347,28.920141,35.350044,35.69655,18.206736,19.26201,19.613188,19.677877,17.987242,16.859766,42.17
4446086.924,657894.7026,10.025017,1.2241623,1.609655,27.11323,30.043459,24.656956,22.417091,21.681202,37.50961,34.337822,32.91123,39.721474,41.720722,34.173378,36.479073,41.07627,37.59469,36.30636,2.523781,2.068212,7.226308,8.232302,1384.48,66.37292,-0.000488281,1.0007223,0,25,20,0.4593907,0.33155045,0.24771458,0.2791817,0.3641057,0.84464556,0.6882554,18.706942,18.595505,16.06101,19.250792,17.155327,19.475916,18.056307,18.406496,22.557234,19.803188,16.728506,19.853025,16.998383,19.822168,18.645815,19.455019,21.649323,21.005291,18.8449,19.749685,17.818768,16.985266,18.37438,19.286201,22.366726,21.030212,20.73718,21.06958,18.756021,17.430647,18.527832,20.031563,19.819523,19.641958,18.52945,19.459475,18.554148,16.545275,17.029932,18.586552,17.666674,17.129498,18.33678,18.207584,15.693689,15.822161,17.081787,17.15628,1.4169087,2.2959967,7.729305,0.45926347,28.578344,35.923714,35.326225,18.18597,19.201189,19.203945,19.988314,18.511395,17.134024,42.17
4446086.924,657899.7026,17.374973,1.218735,1.5926298,26.901766,29.848757,24.864033,22.332235,21.561138,38.674786,34.802013,33.553444,40.403378,42.31395,33.38237,35.88927,40.60425,37.24013,35.818382,2.5236635,2.0805185,7.2116394,8.209637,1384.39,62.421154,-0.19921875,1.0826721,-0.008911133,25,20,0.4593907,0.33155045,0.24771458,0.2791817,0.3641057,0.84464556,0.6882554,19.272692,17.947323,16.717081,18.368074,16.061504,19.093372,18.43771,18.169048,22.830627,19.77744,17.238628,19.573507,16.900558,19.59866,19.096647,19.565462,21.07661,22.035633,18.46109,19.304682,18.888145,18.702772,17.435472,19.481987,21.662283,22.198391,21.044453,19.835226,18.539865,17.792618,19.264105,20.050827,18.998362,20.808636,17.118757,20.205978,17.648039,16.228104,16.883232,18.329336,16.869663,18.58981,16.938303,17.921736,16.131859,16.289547,16.405567,17.049479,1.4056823,2.3020911,7.710638,0.45926347,28.375261,36.7384,34.63582,17.985394,19.28801,19.414915,20.048132,18.270159,17.020926,42.17
4446086.924,657904.7026,22.727852,1.2232912,1.574594,26.86098,29.845078,25.213043,22.358301,21.59701,39.91415,35.215687,34.039818,40.909584,42.688282,32.473602,35.257153,39.849358,36.839573,35.43867,2.5272985,2.0822544,7.2068844,8.190094,1384.32,62.182236,0.19921875,1.1658722,0.010009766,25,20,0.44091025,0.33471614,0.2510498,0.28725192,0.34045073,0.8236248,0.82579684,19.272692,17.947323,16.717081,18.368074,16.061504,19.093372,18.43771,18.169048,22.830627,19.77744,17.238628,19.573507,16.900558,19.59866,19.096647,19.565462,21.07661,22.035633,18.46109,19.304682,18.888145,18.702772,17.435472,19.481987,21.662283,22.198391,21.044453,19.835226,18.539865,17.792618,19.264105,20.050827,18.998362,20.808636,17.118757,20.205978,17.648039,16.228104,16.883232,18.329336,16.869663,18.58981,16.938303,17.921736,16.131859,16.289547,16.405567,17.049479,1.3989426,2.3047764,7.698489,0.4719715,28.353027,37.56492,33.86538,17.985394,19.28801,19.414915,20.048132,18.270159,17.020926,42.17
4446086.924,657909.7026,20.02688,1.2440591,1.5537896,26.607574,29.451984,25.724678,22.462057,21.852495,41.15436,35.640446,34.52854,41.282654,42.89628,31.546572,34.797955,38.68479,36.426125,35.160606,2.5325663,2.0888202,7.2125864,8.167694,1384.22,64.901726,0.03955078,1.2492452,0.004394531,50,20,0.44091025,0.33471614,0.2510498,0.28725192,0.34045073,0.8236248,0.82579684,19.477108,18.436737,17.137917,19.032557,15.874822,19.603308,18.17636,18.484724,23.091866,19.821543,17.218184,19.61706,17.237,19.542135,18.874773,19.594826,22.376041,22.118427,21.194645,20.349531,20.322836,18.549303,18.780516,20.468323,20.745436,21.919775,21.33754,21.262802,19.04052,18.452894,18.281193,20.147743,18.730848,20.725803,17.483093,19.961084,17.498077,16.264477,17.289371,18.317312,16.817043,18.57819,17.350819,17.700443,15.578617,16.628391,16.39851,17.069958,1.3989244,2.3106933,7.6901402,0.4719715,28.02978,38.397404,33.172264,18.248402,19.343222,20.527328,20.148594,18.278963,17.007431,42.17
4446081.924,657759.7026,16.120361,1.3084801,0.80634224,28.256205,33.804306,31.448946,29.127195,25.760166,32.57215,31.751308,29.928894,31.47381,44.681423,38.99811,34.096,37.889236,39.310852,32.76617,2.6886704,2.1349542,6.264355,7.8177133,1384.79,64.66965,0.12011719,0.30120215,0.004516602,25,20,0.48633078,0.33638403,0.24367413,0.28001103,0.35754222,0.85140043,0.7104185,18.852085,17.369995,15.7181425,17.271368,15.955549,19.70424,18.81653,17.859463,20.45986,19.829678,17.23729,19.418333,17.451214,20.8008,21.278551,19.85522,20.73539,18.702286,18.8803,18.11025,18.781782,18.187815,18.381403,18.962353,19.515848,19.357584,19.803207,19.665222,20.458689,16.96921,18.757542,19.111382,18.069374,18.926817,15.888196,16.6385,16.31577,15.584335,15.844871,16.717941,21.299103,18.72158,19.534027,17.885044,18.72971,18.107077,18.535135,18.823153,1.0574112,2.4118123,7.041034,0.4665373,31.030254,32.161728,36.54706,17.669703,19.496532,18.825605,19.218185,16.752552,18.973097,42.17
4446081.924,657764.7026,16.085497,1.3080947,0.77623415,28.253286,33.80382,31.546553,29.17207,25.768421,32.73408,31.797873,29.84934,31.48179,46.086582,38.84698,34.048054,37.88512,39.267345,31.434908,2.6893294,2.1338513,6.2460775,7.811113,1384.76,53.746162,-0.12011719,0.26669905,-0.004394531,25,20,0.48633078,0.33638403,0.24367413,0.28001103,0.35754222,0.85140043,0.7104185,19.20898,17.944584,15.921518,17.545624,16.53043,20.089329,19.027493,18.217594,20.757519,19.812023,17.601864,19.174791,17.757412,20.71073,20.760427,19.787556,19.765005,20.227253,17.334274,18.392893,18.945751,18.184975,16.760895,18.581512,18.787642,19.592571,19.575954,18.634554,19.824863,16.99178,17.970442,18.65378,19.57052,16.42718,17.432058,16.810188,15.782599,15.91118,15.815231,16.831139,21.294245,18.13479,19.78667,17.35847,17.713062,18.015232,19.26414,18.680079,1.0421644,2.4115903,7.028595,0.4665373,31.028553,32.265976,36.447517,18.03828,19.510681,18.515865,18.76826,16.82128,18.795229,42.17
4446081.924,657769.7026,16.274883,1.3074491,0.7532746,28.143673,33.933605,31.797733,29.481434,25.882116,32.730618,31.728455,29.73322,31.277758,46.134274,38.82797,34.06635,37.79271,39.19177,30.9883,2.6919692,2.1303108,6.2487173,7.802962,1384.75,49.76364,0.080078125,0.24416472,0.003295898,25,20,0.48633078,0.33638403,0.24367413,0.28001103,0.35754222,0.85140043,0.7104185,19.000721,16.490704,14.257538,18.903837,16.466652,19.89114,18.64812,17.889906,20.704845,19.723597,17.627846,19.176832,17.708572,20.579409,20.80196,19.757393,20.141384,18.498682,16.671688,18.51113,17.238735,17.355188,16.646196,17.892857,19.223047,19.039482,17.97868,18.113512,20.082281,16.54162,16.52585,18.087118,20.195583,17.338102,16.823679,16.638313,16.1017,15.573861,16.511206,17.067608,22.148869,18.507498,18.029934,17.926743,17.716993,18.306767,19.029406,18.857208,1.0303619,2.41114,7.02584,0.4665373,31.03864,32.229538,36.44716,17.66553,19.474722,17.866142,18.214924,17.026064,18.809458,42.17
4446081.924,657774.7026,13.313828,1.3040881,0.74004835,28.14321,33.93536,32.18744,30.098509,26.196047,32.46141,31.601015,29.577717,30.819515,44.275417,39.027534,34.21257,37.641296,39.05038,31.834438,2.6935828,2.1294098,6.274627,7.7916784,1384.73,56.309933,-0.040039062,0.20678371,-0.001098633,25,20,0.48633078,0.33638403,0.24367413,0.28001103,0.35754222,0.85140043,0.7104185,19.433386,16.80442,14.655212,19.297579,16.85335,20.311102,19.115475,18.293856,21.68544,21.082752,18.095316,20.445744,18.293793,20.886274,21.005417,20.488997,21.871326,19.827581,18.157549,20.016352,18.709972,18.260756,17.311064,19.155342,22.380987,21.117748,19.918001,19.281546,21.336435,17.220028,18.276602,19.7301,19.436466,16.795355,16.265266,16.011042,15.297048,15.077552,15.73173,16.420185,22.148869,18.507498,18.029934,17.926743,17.716993,18.306767,19.029406,18.857208,1.0220683,2.4114962,7.0331526,0.4665373,31.039284,32.03121,36.620052,18.067217,20.213533,19.164944,19.933048,16.373493,18.809458,42.17
4446081.924,657779.7026,8.314526,1.3051128,0.72869223,28.148613,34.067192,32.64056,30.768744,26.662455,32.114212,31.071589,29.337234,30.317636,41.961266,39.278366,34.605545,37.4722,38.862724,33.01782,2.708781,2.1089683,6.310198,7.7783213,1384.72,60.945396,0.040039062,0.14761773,0.002197266,25,20,0.48633078,0.33638403,0.24367413,0.28001103,0.35754222,0.85140043,0.7104185,19.116718,17.627285,14.744165,18.056248,15.710979,20.381367,19.338879,18.078638,22.359669,20.233887,18.469143,20.879974,17.849766,21.308498,20.305223,20.532024,20.844666,21.453932,18.391392,19.496422,18.976316,18.364843,16.513332,19.19788,20.708736,22.38776,19.841988,19.087137,20.423828,17.23806,17.573654,19.476185,20.173565,18.48237,16.901165,17.83687,16.966793,15.387911,16.891447,17.492178,20.326395,19.370037,18.645443,19.535734,18.819286,17.677332,19.224216,19.035612,1.0169026,2.4088745,7.0442595,0.4665373,31.107903,31.5929,36.941956,17.853664,20.20088,19.1487,19.608738,17.520018,19.085493,42.17
4446081.924,657784.7026,9.721983,1.3008819,0.71876895,28.150888,34.068447,33.028614,31.304783,26.945065,31.825792,30.931139,29.122072,29.899218,39.839344,39.454586,34.793438,37.369617,38.757393,34.17654,2.7093651,2.1077745,6.344452,7.76833,1384.71,63.434948,0.040039062,0.12824216,0.003295898,25,20,0.44942346,0.32370487,0.23580445,0.27494925,0.3511353,0.81849074,0.7230969,19.878504,18.08163,15.322406,18.311207,16.939905,20.605438,18.643723,18.405334,22.763113,21.1747,19.270021,21.59545,17.594862,21.238571,20.473972,20.928492,21.243816,22.098078,18.626446,19.95752,17.669975,18.863575,16.70611,19.441742,20.646519,22.1321,19.6087,19.61466,18.010729,18.144476,18.584425,19.591742,19.677292,17.980387,16.70149,17.283632,16.064846,15.592809,16.983303,17.199217,20.126749,19.201672,17.649776,18.936329,18.480404,20.31627,19.337418,19.29651,1.0098255,2.4085698,7.056391,0.4538007,31.109669,31.378466,37.124012,18.254688,20.58724,19.30936,19.534515,17.183393,19.149801,42.17
4446081.924,657789.7026,10.6008005,1.2967395,0.7091618,28.153133,34.06936,33.38358,31.681221,27.137135,31.584352,30.801489,28.878351,29.602144,38.139133,39.581223,34.980488,37.316536,38.68722,35.213234,2.710271,2.1065435,6.3761234,7.760297,1384.7,45,0,0.08110754,0,25,20,0.44942346,0.32370487,0.23580445,0.27494925,0.3511353,0.81849074,0.7230969,19.651506,17.848331,15.1392765,18.129053,16.77813,20.38356,18.382004,18.192192,22.805647,21.221363,19.295685,21.631838,17.636457,21.230871,20.478237,20.9527,21.229418,22.067263,18.63033,19.953766,17.68392,18.87012,16.686817,19.435339,20.646519,22.12637,19.605429,19.615538,18.006147,18.144476,18.590498,19.591322,19.68136,17.984823,16.706104,17.287476,16.06918,15.595908,16.986528,17.202976,20.133139,19.2109,17.659008,18.945665,18.48871,20.32391,19.345228,19.304787,1.0029507,2.4084072,7.06821,0.4538007,31.111246,31.19292,37.280853,18.044552,20.6143,19.30309,19.53357,17.18734,19.158081,42.17
4446081.924,657794.7026,9.694082,1.2929957,0.7008061,28.151499,34.070133,33.83022,31.998188,27.25339,31.389563,30.687819,28.625513,29.382744,36.794693,39.704918,35.145973,37.227253,38.611256,36.123703,2.7124271,2.105294,6.4020557,7.755407,1384.7,45,0.080078125,0.060830675,0.005615234,25,20,0.44942346,0.32370487,0.23580445,0.27494925,0.3511353,0.81849074,0.7230969,19.808506,18.75408,16.882854,17.803888,15.440875,18.795315,17.506012,18.01756,23.266119,20.43985,17.916922,20.732431,18.50963,21.151516,21.067825,20.73914,22.62067,21.532562,19.802444,19.487497,17.823038,19.839022,16.759151,19.87627,21.924736,20.533485,19.138893,18.024647,18.252625,19.376413,17.966625,19.411963,20.441843,19.388046,17.912188,18.721956,15.437942,15.808215,15.794752,17.721405,19.56566,19.636625,19.178387,18.566565,17.115433,18.525179,17.747213,18.739737,0.9969009,2.4088607,7.0787315,0.4538007,31.110817,31.03869,37.425446,17.855932,20.440613,19.694912,19.316774,17.643562,18.619293,42.17
4446081.924,657799.7026,6.9388995,1.2873199,0.6935187,27.852474,33.745163,34.663548,32.510593,27.293455,31.27162,30.72282,28.459976,29.137867,35.581985,39.92028,35.299046,36.787647,38.314907,36.817024,2.7108529,2.093888,6.418663,7.7597203,1384.69,71.56505,-0.040039062,0.045340516,-0.002197266,25,20,0.44942346,0.32370487,0.23580445,0.27494925,0.3511353,0.81849074,0.7230969,19.211515,17.920444,15.865828,18.892233,16.305262,19.26363,17.40637,17.966185,21.626198,19.69043,16.878544,20.46974,17.320587,19.425175,19.466837,19.551157,21.793423,21.460247,18.557652,19.307135,18.288925,17.556702,17.905468,19.374304,20.513035,18.69879,18.213646,18.021362,18.476706,17.775457,18.199451,18.581877,20.121502,19.47961,16.656172,19.294783,15.094509,16.039316,16.11667,17.661976,17.83725,17.40038,16.36907,17.699694,16.406935,15.930762,16.118086,16.82056,0.99041927,2.4023705,7.0891914,0.4538007,30.798819,30.99722,37.609665,17.837896,19.268217,19.267078,18.556921,17.543222,16.823168,42.17
4446081.924,657804.7026,7.5290236,1.2848346,0.68957275,27.825232,33.745483,35.801285,33.19326,27.364271,31.168343,30.664078,28.28447,28.865051,34.51708,40.214447,35.34877,36.270035,37.994816,37.394993,2.7174695,2.093003,6.421655,7.767164,1384.69,-1,0,0,0,25,20,0.44942346,0.32370487,0.23580445,0.27494925,0.3511353,0.81849074,0.7230969,19.211515,17.920444,15.865828,18.892233,16.305262,19.26363,17.40637,17.966185,21.626198,19.69043,16.878544,20.46974,17.320587,19.425175,19.466837,19.551157,21.793423,21.460247,18.557652,19.307135,18.288925,17.556702,17.905468,19.374304,20.513035,18.69879,18.213646,18.021362,18.476706,17.775457,18.199451,18.581877,20.121502,19.47961,16.656172,19.294783,15.094509,16.039316,16.11667,17.661976,17.83725,17.40038,16.36907,17.699694,16.406935,15.930762,16.118086,16.82056,0.9872037,2.4052362,7.09441,0.4538007,30.785358,30.91621,37.78161,17.837896,19.268217,19.267078,18.556921,17.543222,16.823168,42.17
4446081.924,657809.7026,10.40916,1.2879488,0.69102645,27.621181,34.073883,36.96871,33.778107,27.190582,31.031708,30.282028,28.134878,28.709028,33.770157,40.586067,35.442837,35.890472,37.65986,37.976936,2.7312644,2.0912502,6.415602,7.772723,1384.69,270,-0.040039062,0.028675864,-0.001098633,25,20,0.44942346,0.32370487,0.23580445,0.27494925,0.3511353,0.81849074,0.7230969,18.812738,17.5906,15.203992,17.769922,17.551445,20.47616,17.788687,18.007607,22.13435,20.536175,17.121298,20.39445,17.151731,19.926645,19.462137,19.846872,21.781235,20.946907,18.767237,21.022215,18.772335,18.21593,18.100935,19.676088,20.483212,20.863115,17.060823,21.40149,20.263197,18.499882,18.434393,19.648746,19.522728,19.911673,16.582844,19.846668,16.351164,17.397331,16.862707,18.21516,17.714853,17.168673,16.827717,18.62727,17.056993,15.856504,16.723476,17.134405,0.98948765,2.4112573,7.094163,0.4538007,30.847532,30.656868,38.01445,17.884792,19.532398,19.658113,19.5723,18.067875,17.139357,42.17
4446081.924,657814.7026,11.1040535,1.2765207,0.69341904,27.718454,33.942787,38.205635,34.17578,27.038305,30.95403,30.273636,27.86086,28.699137,33.394413,40.8172,35.527534,35.49849,37.41747,38.618202,2.730853,2.0909173,6.4094467,7.793478,1384.7,288.43494,0.12011719,0.045340516,0.006713867,25,20,0.44750848,0.3174376,0.23544742,0.27731073,0.34746435,0.81191736,0.7214086,18.812738,17.5906,15.203992,17.769922,17.551445,20.47616,17.788687,18.007607,23.207859,21.178722,18.115963,21.344591,18.2919,21.710476,20.965866,21.047333,21.781235,20.946907,18.767237,21.022215,18.772335,18.21593,18.100935,19.676088,20.492138,20.867779,17.062628,21.40418,20.26027,18.496622,18.435507,19.650183,19.713947,20.070988,16.774616,19.981283,16.5889,17.507086,17.014936,18.370655,18.299961,20.112076,18.22329,22.251526,18.207693,17.893991,18.859846,19.234894,0.98496985,2.4108853,7.1014624,0.4512135,30.83062,30.613832,38.172367,17.884792,20.687912,19.658113,19.57416,18.235966,19.121199,42.17
4446081.924,657819.7026,11.900674,1.273147,0.6992296,27.701468,33.943256,39.531853,34.438454,26.771053,30.848818,30.205658,27.556587,28.832424,33.325638,41.035168,35.59291,34.99152,37.123196,39.28832,2.7383146,2.090021,6.3939304,7.8155165,1384.7,341.56506,0.040039062,0.045340516,0.004394531,50,20,0.44750848,0.3174376,0.23544742,0.27731073,0.34746435,0.81191736,0.7214086,18.791447,19.064495,15.691328,17.619486,16.093971,19.657223,18.656464,18.132658,24.233059,21.348347,18.625813,21.810205,18.669327,21.623701,20.940199,21.376465,21.178349,21.932268,19.104998,21.088297,18.623228,19.373043,18.600836,19.997927,21.03372,21.113409,18.519274,22.054993,20.216022,18.787266,19.552704,20.21823,19.696379,19.183863,17.72484,19.66035,17.873316,17.087597,17.151463,18.42165,19.97499,21.154411,15.851946,21.202784,19.033983,18.521118,19.284578,19.270609,0.9861883,2.414168,7.1047235,0.4512135,30.822361,30.527237,38.31404,17.939203,21.035807,19.985859,20.182484,18.339685,19.289114,42.17
4446081.924,657824.7026,11.663742,1.2724648,0.7043,27.878952,33.22061,40.783173,34.564953,26.466885,30.757437,30.290125,27.257872,29.074818,33.468483,41.14135,35.9167,34.662827,36.876965,39.9243,2.744686,2.0593543,6.3756213,7.8485146,1384.7,333.43494,0.040039062,0.06412116,0.001098633,25,20,0.44750848,0.3174376,0.23544742,0.27731073,0.34746435,0.81191736,0.7214086,19.010836,19.238304,15.54215,18.456686,16.054134,19.186731,18.59839,18.229036,23.745758,21.705612,18.941624,22.257416,18.783844,21.339857,21.108082,21.474758,23.88593,20.808323,18.568995,20.905102,20.127447,19.20155,19.153866,20.33884,22.635376,22.533804,20.33607,21.650747,21.002544,19.036972,19.239975,20.890705,20.033054,18.597757,17.461128,18.546219,18.024439,17.243141,16.863487,18.186888,21.071735,20.725983,18.590616,18.692732,18.00814,18.27445,18.749067,19.04314,0.98838234,2.40202,7.112068,0.4512135,30.549782,30.52378,38.529022,18.01246,21.126026,20.378744,20.919355,18.10989,19.158962,42.17
4446081.924,657829.7026,8.873817,1.2566793,0.71432805,27.933435,32.368916,40.921307,34.057896,26.002872,30.87999,30.65475,27.207699,29.540266,33.44322,41.09667,36.082478,34.740868,36.75794,40.608204,2.7338986,2.053205,6.3782134,7.869122,1384.7,315,-0.080078125,0.08110754,-0.002197266,25,20,0.44750848,0.3174376,0.23544742,0.27731073,0.34746435,0.81191736,0.7214086,19.010836,19.238304,15.54215,18.456686,16.054134,19.186731,18.59839,18.229036,23.745758,21.705612,18.941624,22.257416,18.783844,21.339857,21.108082,21.474758,23.88593,20.808323,18.568995,20.905102,20.127447,19.20155,19.153866,20.33884,22.635376,22.533804,20.33607,21.650747,21.002544,19.036972,19.239975,20.890705,20.033054,18.597757,17.461128,18.546219,18.024439,17.243141,16.863487,18.186888,21.071735,20.725983,18.590616,18.692732,18.00814,18.27445,18.749067,19.04314,0.9855037,2.3935518,7.1236677,0.4512135,30.151176,30.76737,38.589573,18.01246,21.126026,20.378744,20.919355,18.10989,19.158962,42.17
4446081.924,657834.7026,9.135372,1.245245,0.7209766,27.73514,32.301235,39.170742,32.747387,25.805563,31.263693,30.238342,27.62937,30.023966,33.046318,40.964027,36.486732,35.644897,37.41648,41.518894,2.7164655,2.053596,6.4130898,7.860578,1384.71,333.43494,0.080078125,0.06412116,0.004394531,25,20,0.44750848,0.3174376,0.23544742,0.27731073,0.34746435,0.81191736,0.7214086,19.563612,18.505575,15.985167,19.225653,16.335146,20.101698,18.998213,18.627077,23.7333,22.166967,18.027544,22.696001,18.208418,21.320892,21.607782,21.462996,24.157135,19.026218,19.430664,19.15087,20.092686,18.652777,17.826107,19.821707,22.47443,21.947128,20.525719,20.68452,19.788578,18.061445,18.70873,20.292933,19.093159,18.63139,17.67862,19.383503,18.112457,17.135422,16.988834,18.204735,21.08398,18.147655,19.153927,17.980055,17.606045,18.113693,17.699417,18.537867,0.9831108,2.3850307,7.136834,0.4512135,30.018188,30.751019,38.72538,18.387865,21.108702,19.76235,20.312937,18.146196,18.540682,42.17
4446081.924,657839.7026,9.400216,1.2396476,0.730564,27.716614,32.29509,37.3155,31.301949,25.431158,31.723131,30.229578,28.057606,30.574642,32.68953,40.69588,36.621094,36.545597,38.103672,42.30586,2.6958778,2.052572,6.4450245,7.852137,1384.71,0,0.040039062,0.057351712,0.003295898,50,20,0.44750848,0.3174376,0.23544742,0.27731073,0.34746435,0.81191736,0.7214086,19.266558,18.831697,15.484042,19.60523,16.611383,20.033827,18.979376,18.636114,23.079165,20.982864,19.071276,21.893831,18.04868,21.502111,21.174988,21.113142,23.81379,20.990927,19.264807,18.890154,20.344091,17.22661,18.062868,19.723797,21.450655,20.693691,19.245884,19.650345,20.1438,17.561634,18.518194,19.475147,19.845287,19.651657,17.254251,18.004866,17.679043,16.559086,16.733967,18.006731,19.616074,18.450592,17.036686,18.72172,20.259209,16.22291,17.95072,18.207811,0.9851058,2.374225,7.1485806,0.4512135,30.005852,30.976355,38.658485,18.401731,20.821842,19.799036,19.60917,17.961164,18.322557,42.17
4446081.924,657844.7026,16.37584,1.2374841,0.74719644,27.703222,32.816463,35.59169,29.910555,24.96594,32.09349,29.986166,28.440397,31.12505,32.438187,40.456367,36.63206,37.469692,38.772522,43.03152,2.681041,2.0455658,6.467087,7.8424563,1384.71,0,0.040039062,0.057351712,0.003295898,50,20,0.44967544,0.32721883,0.2420715,0.27404177,0.35584196,0.8181164,0.71810067,19.266558,18.831697,15.484042,19.60523,16.611383,20.033827,18.979376,18.636114,23.079165,20.982864,19.071276,21.893831,18.04868,21.502111,21.174988,21.113142,23.81379,20.990927,19.264807,18.890154,20.344091,17.22661,18.062868,19.723797,21.450655,20.693691,19.245884,19.650345,20.1438,17.561634,18.518194,19.475147,19.845287,19.651657,17.254251,18.004866,17.679043,16.559086,16.733967,18.006731,19.616074,18.450592,17.036686,18.72172,20.259209,16.22291,17.95072,18.207811,0.99234027,2.3633034,7.154772,0.45500952,30.259842,31.03983,38.544212,18.401731,20.821842,19.799036,19.60917,17.961164,18.322557,42.17
4446081.924,657849.7026,20.59883,1.2314954,0.77098083,27.694149,32.80969,34.0342,28.609003,24.591396,32.486,29.978022,28.785746,31.691061,32.32066,40.14126,36.786682,38.231953,39.33021,43.620888,2.660501,2.0446503,6.4952416,7.8469224,1384.71,341.56506,0.040039062,0.045340516,0.002197266,50,20,0.44967544,0.32721883,0.2420715,0.27404177,0.35584196,0.8181164,0.71810067,19.126522,19.181713,16.376987,18.122454,15.654903,20.263351,18.96087,18.468534,22.9256,20.442669,18.850538,22.530252,18.75789,21.486639,21.196579,21.157867,23.704538,21.892324,19.066324,19.522486,18.12358,17.886309,17.519436,19.753195,21.420124,21.234108,18.94846,19.556133,18.621655,18.018583,17.982172,19.406347,20.612617,19.479061,16.88656,17.848625,17.38311,16.365158,15.937567,17.79292,19.922932,18.150839,16.75806,17.95284,17.08476,16.202143,17.29488,17.622105,1.0012381,2.3525758,7.171082,0.45500952,30.251919,31.23201,38.46397,18.240973,20.88431,19.67357,19.397322,17.787529,17.62378,42.17
4446081.924,657854.7026,21.419958,1.2254502,0.81106806,27.397326,32.479324,32.519924,27.370592,23.35329,33.019085,30.453665,29.242165,32.417046,32.405678,39.666378,36.708218,39.013737,39.585102,43.84588,2.6335764,2.0562406,6.5336623,7.8699155,1384.71,45,0,0.020276899,0.003295898,50,20,0.44967544,0.32721883,0.2420715,0.27404177,0.35584196,0.8181164,0.71810067,19.385462,19.274954,17.743383,18.190825,17.701477,19.92068,18.822042,18.88154,23.37878,20.419283,19.266508,22.150742,17.711132,21.610615,20.931028,21.109293,21.9231,21.475098,20.523941,20.42746,18.605143,18.251331,18.298906,20.119427,20.915874,21.256329,20.245373,20.504482,19.067858,18.35577,17.74227,19.831888,20.625294,18.723236,17.913902,18.471113,17.659494,16.639849,16.26659,18.079403,20.998304,19.24554,17.746435,18.196032,17.27216,17.218796,18.714724,18.465696,1.018259,2.3449085,7.201789,0.45500952,29.938324,31.736374,38.187298,18.719831,20.781157,19.929281,19.72685,18.042782,18.48457,42.17
4446081.924,657859.7026,19.778635,1.2110896,0.88362485,27.64834,31.946198,31.132969,26.354994,23.21628,33.325035,30.63929,29.504871,33.193977,33.02485,39.223896,37.05957,39.751644,39.782787,43.660774,2.5810213,2.0755615,6.5966406,7.907905,1384.71,45,0.080078125,0.020276899,0.003295898,50,20,0.44967544,0.32721883,0.2420715,0.27404177,0.35584196,0.8181164,0.71810067,19.385462,19.274954,17.743383,18.190825,17.701477,19.92068,18.822042,18.88154,23.37878,20.419283,19.266508,22.150742,17.711132,21.610615,20.931028,21.109293,21.9231,21.475098,20.523941,20.42746,18.605143,18.251331,18.298906,20.119427,20.915874,21.256329,20.245373,20.504482,19.067858,18.35577,17.74227,19.831888,20.625294,18.723236,17.913902,18.471113,17.659494,16.639849,16.26659,18.079403,20.998304,19.24554,17.746435,18.196032,17.27216,17.218796,18.714724,18.465696,1.0473572,2.3282914,7.2522726,0.45500952,29.797268,31.982162,38.14173,18.719831,20.781157,19.929281,19.72685,18.042782,18.48457,42.17
4446081.924,657864.7026,18.082932,1.2072002,0.9933534,27.603466,31.348469,29.71561,25.428862,22.263432,33.936775,31.839806,30.380766,34.212627,34.00897,38.459496,36.67579,40.055874,39.64952,43.021404,2.5647602,2.0750737,6.6935477,7.9617705,1384.71,45,0.080078125,0.060830675,0.0078125,50,20,0.44967544,0.32721883,0.2420715,0.27404177,0.35584196,0.8181164,0.71810067,19.510668,17.437,16.309841,19.536535,18.187763,18.814482,19.263882,18.541235,21.915754,21.23932,18.572973,21.137833,17.75024,21.197765,21.038649,20.713587,20.562044,19.751772,20.565084,19.56723,18.887403,16.91317,18.59225,19.124285,20.44327,21.239967,20.711884,21.293093,18.997608,18.142101,17.662893,19.79022,19.296864,17.013094,17.192526,18.491873,17.54256,16.301813,16.05793,17.41009,19.167477,17.791704,19.061766,19.51818,17.761147,17.311512,18.115713,18.380833,1.1002768,2.319917,7.327659,0.45500952,29.475967,32.88829,37.567642,18.437168,20.407505,19.262709,19.784403,17.413809,18.389643,42.17
4446081.924,657869.7026,19.10658,1.1974952,1.1262231,27.25796,31.083036,28.502039,24.70592,22.199709,34.304314,32.67257,30.758272,35.08516,35.192997,37.922546,36.47882,40.38585,39.48996,42.04225,2.5466287,2.057058,6.795577,8.026149,1384.7,54.481243,0.040039062,0.12309547,0.002197266,50,20,0.44967544,0.32721883,0.2420715,0.27404177,0.35584196,0.8181164,0.71810067,19.012897,18.47728,16.069698,18.841093,17.172865,20.407145,19.00006,18.666306,21.797897,21.364746,19.554483,20.584784,17.338408,20.689693,20.309967,20.518324,21.804264,19.426468,18.10455,19.582676,17.512108,18.295376,18.302418,19.083113,20.90749,20.883333,19.039825,20.204744,18.019733,17.739536,18.564528,19.250221,19.12684,18.321903,15.8059025,19.121422,18.389212,16.082607,16.032612,17.526598,18.459843,17.008419,16.995398,21.055573,17.464117,18.373507,20.331892,18.574585,1.1618592,2.3018434,7.410863,0.45500952,29.170498,33.48844,37.200684,18.425861,20.234283,19.003979,19.337027,17.554356,18.526964,42.17
4446081.924,657874.7026,14.916737,1.1949049,1.2738409,27.281958,31.066692,27.177176,24.075998,22.10703,34.611202,32.940155,31.189346,35.826286,36.381813,37.32365,36.627644,40.921223,39.402695,41.041836,2.5326972,2.0559776,6.9158726,8.094334,1384.69,56.282955,0.0390625,0.20600782,0.005493164,25,20,0.4593907,0.33155045,0.24771458,0.2791817,0.3641057,0.84464556,0.6882554,19.012897,18.47728,16.069698,18.841093,17.172865,20.407145,19.00006,18.666306,20.765005,19.814232,17.743586,19.697325,16.822178,19.05347,18.841475,19.224249,21.804264,19.426468,18.10455,19.582676,17.512108,18.295376,18.302418,19.083113,20.899092,20.878593,19.046434,20.202806,18.021236,17.739567,18.564802,19.248558,18.959719,18.162533,15.696379,18.937952,18.152279,15.9046335,15.897787,17.360006,17.130276,17.266476,16.724283,18.650166,16.141329,16.241964,17.48366,17.032238,1.2343729,2.2943373,7.505103,0.45926347,29.174324,33.77568,36.975647,18.425861,18.962467,19.003979,19.336075,17.387325,17.091164,42.17
4446081.924,657879.7026,13.688661,1.1925957,1.4338018,27.312801,31.049961,25.836973,23.550394,22.049253,34.924686,33.19025,31.6186,36.29332,37.44302,36.645596,36.82032,41.47672,39.45612,40.07883,2.521894,2.054825,7.0548162,8.168729,1384.67,62.33908,0.080566406,0.33935302,0.005615234,25,20,0.4593907,0.33155045,0.24771458,0.2791817,0.3641057,0.84464556,0.6882554,18.606129,18.280666,16.106514,18.469604,16.445133,20.182234,18.822628,18.310108,20.591719,20.22837,17.337675,19.982635,16.949165,19.561142,19.361517,19.426758,23.398397,19.455914,18.31712,20.950556,19.42261,17.432692,20.619196,19.975801,21.271582,20.6703,20.487156,21.390839,19.594088,17.103605,17.712473,19.677578,19.78236,18.331892,17.84166,19.154505,17.90623,16.27488,15.871284,17.859097,17.738615,17.177464,16.521223,17.078022,17.564297,15.743936,16.542805,16.792212,1.3131988,2.2883596,7.6117725,0.45926347,29.181381,34.05747,36.732956,18.130417,19.144604,19.942354,19.747149,17.880402,16.909481,42.17
4446081.924,657884.7026,12.271102,1.1905779,1.6120565,27.361609,31.031736,24.339592,23.13818,22.048086,35.187267,33.38248,32.040516,36.299038,38.276764,35.847977,37.16612,42.17106,39.815628,39.203213,2.5155165,2.0535257,7.2318225,8.25703,1384.64,67.6302,0.16015625,0.52695626,0.011108398,25,20,0.4593907,0.33155045,0.24771458,0.2791817,0.3641057,0.84464556,0.6882554,19.453556,16.93259,16.980658,18.80116,16.089016,20.673029,18.471003,18.37702,22.106129,20.015556,17.39531,19.771765,17.230312,19.228603,19.273287,19.518581,22.003418,19.66592,19.715322,20.440062,19.723541,17.30514,19.657284,19.761358,21.663502,20.856503,20.054522,20.448862,19.06387,16.743681,19.080301,19.59664,21.27831,19.399408,17.837364,18.676392,18.875498,16.239721,16.612478,18.29551,18.727484,17.59909,16.777002,17.146645,16.79014,16.318832,16.847229,17.106031,1.4013171,2.284521,7.744426,0.45926347,29.196672,34.284874,36.50705,18.200146,19.28871,19.787241,19.701605,18.417025,17.172346,42.17
4446081.924,657889.7026,16.08372,1.1888833,1.7261705,27.387293,31.017275,23.35139,22.812006,22.0388,35.75989,33.662243,32.51158,36.564037,39.088413,35.001846,37.20105,42.470688,39.9128,38.402298,2.5074682,2.0525286,7.35388,8.317295,1384.58,65.92714,-0.041015625,0.7372684,0,25,20,0.4593907,0.33155045,0.24771458,0.2791817,0.3641057,0.84464556,0.6882554,19.453556,16.93259,16.980658,18.80116,16.089016,20.673029,18.471003,18.37702,22.106129,20.015556,17.39531,19.771765,17.230312,19.228603,19.273287,19.518581,22.003418,19.66592,19.715322,20.440062,19.723541,17.30514,19.657284,19.761358,21.663502,20.856503,20.054522,20.448862,19.06387,16.743681,19.080301,19.59664,21.27831,19.399408,17.837364,18.676392,18.875498,16.239721,16.612478,18.29551,18.727484,17.59909,16.777002,17.146645,16.79014,16.318832,16.847229,17.106031,1.4575269,2.2799983,7.8355875,0.45926347,29.202284,34.711067,36.101448,18.200146,19.28871,19.787241,19.701605,18.417025,17.172346,42.17
4446081.924,657894.7026,15.042552,1.1952717,1.6767646,27.20184,30.24469,24.161407,22.535297,21.62026,37.033356,34.12489,32.87276,38.174572,40.170006,34.452755,36.62397,41.40994,38.84358,37.68464,2.5087826,2.06753,7.258758,8.262738,1384.52,61.820023,0.040527344,0.91002387,0.005615234,25,20,0.4593907,0.33155045,0.24771458,0.2791817,0.3641057,0.84464556,0.6882554,19.807703,17.966137,15.799884,18.286695,17.643757,19.30426,17.9888,18.139793,22.562817,20.050386,17.342945,19.595375,16.91116,20.150753,18.491276,19.584848,22.876356,21.649166,20.362225,19.864908,18.686132,18.242834,17.693726,20.018467,22.115274,22.76549,21.288765,21.066435,18.258244,18.347778,19.616772,20.505182,20.12108,19.076998,17.037884,18.607359,18.562439,16.49679,16.004074,17.992857,17.774006,17.883183,16.782919,17.858606,15.373814,16.421967,16.51064,17.01772,1.4360182,2.2881563,7.760748,0.45926347,28.723265,35.579124,35.53836,18.113892,19.300674,19.910763,20.494108,17.98666,16.94359,42.17
4446081.924,657899.7026,19.520538,1.2096727,1.647203,26.924248,29.852228,24.414661,22.46634,21.625956,38.35599,34.630043,33.479115,39.147533,40.94664,33.610485,36.062195,41.012947,38.181988,37.034214,2.5100946,2.0804546,7.2290854,8.225183,1384.45,63.083183,0.19921875,1.0442975,0.011108398,25,20,0.4593907,0.33155045,0.24771458,0.2791817,0.3641057,0.84464556,0.6882554,19.657688,17.670055,15.588402,18.449293,18.258352,19.762003,18.078196,18.382706,22.721783,19.484348,17.316586,19.792934,16.797419,20.116037,19.634655,19.731445,21.618685,22.0268,18.078617,19.2351,19.901447,18.62161,16.475458,19.452219,21.838146,20.887012,21.081383,21.590612,19.6527,18.729921,19.438826,20.445198,19.3474,20.718552,18.236149,19.388597,19.383997,16.852198,15.5627985,18.558483,17.582157,18.57257,17.277018,17.385744,16.892826,15.739791,16.115786,17.107431,1.4284378,2.2952747,7.7271338,0.45926347,28.388237,36.49302,34.83634,18.20914,19.409107,19.422531,20.459799,18.498526,17.080841,42.17
4446081.924,657904.7026,26.356232,1.2141124,1.6288695,26.880955,29.84838,24.767128,22.410028,21.644915,39.634583,35.06961,33.98865,39.921192,41.536175,32.68251,35.392265,40.22959,37.639263,36.495438,2.5123863,2.0821803,7.225663,8.205901,1384.36,66.97511,0.080078125,1.135791,0.0078125,25,20,0.44091025,0.33471614,0.2510498,0.28725192,0.34045073,0.8236248,0.82579684,19.657688,17.670055,15.588402,18.449293,18.258352,19.762003,18.078196,18.382706,22.721783,19.484348,17.316586,19.792934,16.797419,20.116037,19.634655,19.731445,21.618685,22.0268,18.078617,19.2351,19.901447,18.62161,16.475458,19.452219,21.838146,20.887012,21.081383,21.590612,19.6527,18.729921,19.438826,20.445198,19.3474,20.718552,18.236149,19.388597,19.383997,16.852198,15.5627985,18.558483,17.582157,18.57257,17.277018,17.385744,16.892826,15.739791,16.115786,17.107431,1.4214909,2.2972832,7.715782,0.4719715,28.364666,37.352097,34.037388,18.20914,19.409107,19.422531,20.459799,18.498526,17.080841,42.17
4446081.924,657909.7026,17.42658,1.213811,1.621397,26.95553,29.845438,25.02722,22.402433,21.803095,41.18787,36.014523,35.150673,40.70367,41.946266,31.424454,34.312477,38.921143,36.984505,35.99768,2.514398,2.0824006,7.239723,8.184363,1384.26,67.67943,0,1.2074387,0,50,20,0.44091025,0.33471614,0.2510498,0.28725192,0.34045073,0.8236248,0.82579684,19.838924,17.924046,16.277617,17.90657,17.45026,19.919739,18.588696,18.479324,22.984785,19.314907,17.563736,20.737183,16.898819,20.055935,18.968077,19.796396,21.478064,21.945948,19.015465,21.96341,19.21083,20.415781,18.07852,20.479507,21.20202,21.119436,21.748915,23.717453,20.03529,19.080692,18.826437,20.845844,19.687746,20.915518,18.368092,19.573938,18.661892,16.693323,16.60156,18.620775,18.2,18.309933,17.450686,17.71344,16.229523,16.972944,17.319319,17.51178,1.417604,2.2983994,7.7120433,0.4719715,28.400484,38.601196,32.868465,18.272264,19.503347,20.301146,20.818605,18.643152,17.456549,42.17
4446076.924,657759.7026,14.629735,1.2999597,0.8264361,28.249136,33.804386,31.164644,28.729092,25.557278,32.903027,31.800415,29.925398,31.827217,46.545006,38.717205,34.02885,38.134712,39.36877,31.487873,2.6698074,2.1376638,6.274385,7.842811,1384.79,73.61492,-0.119628906,0.2535146,-0.004394531,10,20,0.48633078,0.33638403,0.24367413,0.28001103,0.35754222,0.85140043,0.7104185,18.852085,17.369995,15.7181425,17.271368,15.955549,19.70424,18.81653,17.859463,20.45986,19.829678,17.23729,19.418333,17.451214,20.8008,21.278551,19.85522,20.73539,18.702286,18.8803,18.11025,18.781782,18.187815,18.381403,18.962353,19.515848,19.357584,19.803207,19.665222,20.458689,16.96921,18.757542,19.111382,18.069374,18.926817,15.888196,16.6385,16.31577,15.584335,15.844871,16.717941,21.299103,18.72158,19.534027,17.885044,18.72971,18.107077,18.535135,18.823153,1.0631979,2.4037356,7.058598,0.4665373,31.02676,32.351723,36.373028,17.669703,19.496532,18.825605,19.218185,16.752552,18.973097,42.17
4446076.924,657764.7026,14.88072,1.2996576,0.78770494,28.243286,33.80243,31.147213,28.464981,25.40294,33.35178,31.95778,29.855764,32.08709,49.701984,38.315933,33.86661,38.217537,39.38207,28.851263,2.6673539,2.1363328,6.236933,7.8425336,1384.78,66.80141,0.12011719,0.21838784,0.005615234,25,20,0.48633078,0.33638403,0.24367413,0.28001103,0.35754222,0.85140043,0.7104185,19.20898,17.944584,15.921518,17.545624,16.53043,20.089329,19.027493,18.217594,20.757519,19.812023,17.601864,19.174791,17.757412,20.71073,20.760427,19.787556,19.765005,20.227253,17.334274,18.392893,18.945751,18.184975,16.760895,18.581512,18.787642,19.592571,19.575954,18.634554,19.824863,16.99178,17.970442,18.65378,19.57052,16.42718,17.432058,16.810188,15.782599,15.91118,15.815231,16.831139,21.294245,18.13479,19.78667,17.35847,17.713062,18.015232,19.26414,18.680079,1.0436813,2.4018433,7.0397334,0.4665373,31.022858,32.65478,36.09127,18.03828,19.510681,18.515865,18.76826,16.82128,18.795229,42.17
4446076.924,657769.7026,15.544615,1.2987163,0.759851,28.239613,33.80196,31.347473,28.649343,25.484407,33.471447,31.991165,29.748615,31.985487,50.478348,38.202522,33.837673,38.17439,39.31476,27.773478,2.6671453,2.1352963,6.2277327,7.837007,1384.76,71.56505,0.040039062,0.22670145,0.004394531,25,20,0.48633078,0.33638403,0.24367413,0.28001103,0.35754222,0.85140043,0.7104185,19.000721,16.490704,14.257538,18.903837,16.466652,19.89114,18.64812,17.889906,20.704845,19.723597,17.627846,19.176832,17.708572,20.579409,20.80196,19.757393,20.141384,18.498682,16.671688,18.51113,17.238735,17.355188,16.646196,17.892857,19.223047,19.039482,17.97868,18.113512,20.082281,16.54162,16.52585,18.087118,20.195583,17.338102,16.823679,16.638313,16.1017,15.573861,16.511206,17.067608,22.148869,18.507498,18.029934,17.926743,17.716993,18.306767,19.029406,18.857208,1.0292836,2.4012208,7.0323696,0.4665373,31.020786,32.731308,36.020096,17.66553,19.474722,17.866142,18.214924,17.026064,18.809458,42.17
4446076.924,657774.7026,12.615295,1.296901,0.75505143,28.241009,33.80547,31.979073,29.77148,26.079824,32.840572,31.726202,29.584919,31.127752,46.30396,38.761192,34.114994,37.854687,39.07397,30.133427,2.6724145,2.1349556,6.278569,7.819223,1384.74,74.0546,0.040039062,0.20876254,0.001098633,25,20,0.48633078,0.33638403,0.24367413,0.28001103,0.35754222,0.85140043,0.7104185,19.000721,16.490704,14.257538,18.903837,16.466652,19.89114,18.64812,17.889906,20.704845,19.723597,17.627846,19.176832,17.708572,20.579409,20.80196,19.757393,20.141384,18.498682,16.671688,18.51113,17.238735,17.355188,16.646196,17.892857,19.223047,19.039482,17.97868,18.113512,20.082281,16.54162,16.52585,18.087118,20.195583,17.338102,16.823679,16.638313,16.1017,15.573861,16.511206,17.067608,22.148869,18.507498,18.029934,17.926743,17.716993,18.306767,19.029406,18.857208,1.0259762,2.403685,7.048896,0.4665373,31.02324,32.283386,36.438095,17.66553,19.474722,17.866142,18.214924,17.026064,18.809458,42.17
4446076.924,657779.7026,16.33767,1.2949525,0.74734575,28.241474,33.80795,32.590214,30.770578,26.600485,32.335014,31.518536,29.398779,30.369125,42.71738,39.19671,34.343582,37.577023,38.858208,31.982689,2.6767435,2.1344814,6.3212304,7.803787,1384.72,68.19859,-0.080078125,0.15442389,-0.004394531,25,20,0.48633078,0.33638403,0.24367413,0.28001103,0.35754222,0.85140043,0.7104185,19.116718,17.627285,14.744165,18.056248,15.710979,20.381367,19.338879,18.078638,22.359669,20.233887,18.469143,20.879974,17.849766,21.308498,20.305223,20.532024,20.844666,21.453932,18.391392,19.496422,18.976316,18.364843,16.513332,19.19788,20.708736,22.38776,19.841988,19.087137,20.423828,17.23806,17.573654,19.476185,20.173565,18.48237,16.901165,17.83687,16.966793,15.387911,16.891447,17.492178,20.326395,19.370037,18.645443,19.535734,18.819286,17.677332,19.224216,19.035612,1.0211492,2.4056125,7.0625086,0.4665373,31.024712,31.926775,36.770145,17.853664,20.20088,19.1487,19.608738,17.520018,19.085493,42.17
4446076.924,657784.7026,9.288218,1.2936019,0.73370135,28.132856,34.0703,33.213757,31.631563,27.133686,31.967924,30.915283,29.143646,29.73155,39.969322,39.510754,34.738148,37.30027,38.648464,33.235657,2.6932702,2.1098964,6.355967,7.78842,1384.71,71.56505,-0.040039062,0.13602132,-0.002197266,25,20,0.44942346,0.32370487,0.23580445,0.27494925,0.3511353,0.81849074,0.7230969,19.878504,18.08163,15.322406,18.311207,16.939905,20.605438,18.643723,18.405334,22.763113,21.1747,19.270021,21.59545,17.594862,21.238571,20.473972,20.928492,21.243816,22.098078,18.626446,19.95752,17.669975,18.863575,16.70611,19.441742,20.646519,22.1321,19.6087,19.61466,18.010729,18.144476,18.584425,19.591742,19.677292,17.980387,16.70149,17.283632,16.064846,15.592809,16.983303,17.199217,20.126749,19.201672,17.649776,18.936329,18.480404,20.31627,19.337418,19.29651,1.0136516,2.4015832,7.0721936,0.4538007,31.101578,31.441605,37.12445,18.254688,20.58724,19.30936,19.534515,17.183393,19.149801,42.17
4446076.924,657789.7026,8.932154,1.2897186,0.7202776,28.129208,34.071907,33.818245,32.35642,27.492142,31.675013,30.783047,28.927904,29.197815,37.69416,39.760807,34.894814,37.073112,38.490192,34.24838,2.6944056,2.108603,6.3810573,7.7773013,1384.7,90,-0.040039062,0.08602753,-0.003295898,25,20,0.44942346,0.32370487,0.23580445,0.27494925,0.3511353,0.81849074,0.7230969,19.651506,17.848331,15.1392765,18.129053,16.77813,20.38356,18.382004,18.192192,22.805647,21.221363,19.295685,21.631838,17.636457,21.230871,20.478237,20.9527,21.229418,22.067263,18.63033,19.953766,17.68392,18.87012,16.686817,19.435339,20.646519,22.12637,19.605429,19.615538,18.006147,18.144476,18.590498,19.591322,19.68136,17.984823,16.706104,17.287476,16.06918,15.595908,16.986528,17.202976,20.133139,19.2109,17.659008,18.945665,18.48871,20.32391,19.345228,19.304787,1.0049981,2.4015043,7.0791793,0.4538007,31.100557,31.22903,37.327812,18.044552,20.6143,19.30309,19.53357,17.18734,19.158081,42.17
4446076.924,657794.7026,12.9420595,1.2862631,0.7077804,28.121996,34.073273,34.511383,32.985394,27.757633,31.441427,30.672129,28.7001,28.765816,35.9097,39.989475,35.026127,36.813736,38.33476,35.077034,2.696899,2.1072733,6.3983502,7.769505,1384.7,116.56505,0.080078125,0.06412116,0.004394531,25,20,0.44942346,0.32370487,0.23580445,0.27494925,0.3511353,0.81849074,0.7230969,19.808506,18.75408,16.882854,17.803888,15.440875,18.795315,17.506012,18.01756,23.266119,20.43985,17.916922,20.732431,18.50963,21.151516,21.067825,20.73914,22.62067,21.532562,19.802444,19.487497,17.823038,19.839022,16.759151,19.87627,21.924736,20.533485,19.138893,18.024647,18.252625,19.376413,17.966625,19.411963,20.441843,19.388046,17.912188,18.721956,15.437942,15.808215,15.794752,17.721405,19.56566,19.636625,19.178387,18.566565,17.115433,18.525179,17.747213,18.739737,0.9970218,2.4020863,7.0839276,0.4538007,31.097633,31.056778,37.5078,17.855932,20.440613,19.694912,19.316774,17.643562,18.619293,42.17
4446076.924,657799.7026,10.016199,1.2846391,0.7031545,27.930338,34.27187,35.3768,33.522823,27.874216,31.228624,30.552319,28.465084,28.437038,34.57668,40.2819,35.035698,36.421993,38.21901,35.826763,2.7008767,2.0937493,6.406495,7.7637024,1384.69,108.43495,-0.040039062,0.045340516,-0.002197266,25,20,0.44942346,0.32370487,0.23580445,0.27494925,0.3511353,0.81849074,0.7230969,19.211515,17.920444,15.865828,18.892233,16.305262,19.26363,17.40637,17.966185,21.626198,19.69043,16.878544,20.46974,17.320587,19.425175,19.466837,19.551157,21.793423,21.460247,18.557652,19.307135,18.288925,17.556702,17.905468,19.374304,20.513035,18.69879,18.213646,18.021362,18.476706,17.775457,18.199451,18.581877,20.121502,19.47961,16.656172,19.294783,15.094509,16.039316,16.11667,17.661976,17.83725,17.40038,16.36907,17.699694,16.406935,15.930762,16.118086,16.82056,0.99389684,2.397313,7.0850987,0.4538007,31.101105,30.890472,37.6588,17.837896,19.268217,19.267078,18.556921,17.543222,16.823168,42.17
4446076.924,657804.7026,6.815778,1.2838798,0.6952731,27.628632,34.07766,36.28329,33.91828,27.661379,31.071968,30.28989,28.321959,28.315062,33.679543,40.569077,35.332073,36.15293,37.880558,36.591297,2.7093759,2.0933282,6.4064507,7.7670083,1384.69,-1,0,0,0,25,20,0.44942346,0.32370487,0.23580445,0.27494925,0.3511353,0.81849074,0.7230969,19.211515,17.920444,15.865828,18.892233,16.305262,19.26363,17.40637,17.966185,21.626198,19.69043,16.878544,20.46974,17.320587,19.425175,19.466837,19.551157,21.793423,21.460247,18.557652,19.307135,18.288925,17.556702,17.905468,19.374304,20.513035,18.69879,18.213646,18.021362,18.476706,17.775457,18.199451,18.581877,20.121502,19.47961,16.656172,19.294783,15.094509,16.039316,16.11667,17.661976,17.83725,17.40038,16.36907,17.699694,16.406935,15.930762,16.118086,16.82056,0.98957646,2.401352,7.0867295,0.4538007,30.853146,30.68093,37.950577,17.837896,19.268217,19.267078,18.556921,17.543222,16.823168,42.17
4446076.924,657809.7026,11.149105,1.2816173,0.69533277,27.610891,34.077526,37.359573,34.15859,27.468262,30.936888,30.216028,28.054668,28.326084,33.22208,40.811916,35.433956,35.76173,37.697914,37.419823,2.7189631,2.0924644,6.399336,7.7769957,1384.69,270,0,0.028675864,-0.002197266,25,20,0.44942346,0.32370487,0.23580445,0.27494925,0.3511353,0.81849074,0.7230969,18.812738,17.5906,15.203992,17.769922,17.551445,20.47616,17.788687,18.007607,22.13435,20.536175,17.121298,20.39445,17.151731,19.926645,19.462137,19.846872,21.781235,20.946907,18.767237,21.022215,18.772335,18.21593,18.100935,19.676088,20.483212,20.863115,17.060823,21.40149,20.263197,18.499882,18.434393,19.648746,19.522728,19.911673,16.582844,19.846668,16.351164,17.397331,16.862707,18.21516,17.714853,17.168673,16.827717,18.62727,17.056993,15.856504,16.723476,17.134405,0.988475,2.4057138,7.0881658,0.4538007,30.844208,30.576458,38.122936,17.884792,19.532398,19.658113,19.5723,18.067875,17.139357,42.17
4446076.924,657814.7026,12.441533,1.2796298,0.6986987,27.59485,34.077488,38.557835,34.303513,27.17619,30.798788,30.139881,27.744162,28.455324,33.10247,41.03569,35.53735,35.33283,37.498177,38.258152,2.7298934,2.0915751,6.3847733,7.791823,1384.69,270,-0.12011719,0.057351712,-0.005615234,50,20,0.44750848,0.3174376,0.23544742,0.27731073,0.34746435,0.81191736,0.7214086,18.812738,17.5906,15.203992,17.769922,17.551445,20.47616,17.788687,18.007607,22.13435,20.536175,17.121298,20.39445,17.151731,19.926645,19.462137,19.846872,21.781235,20.946907,18.767237,21.022215,18.772335,18.21593,18.100935,19.676088,20.483212,20.863115,17.060823,21.40149,20.263197,18.499882,18.434393,19.648746,19.522728,19.911673,16.582844,19.846668,16.351164,17.397331,16.862707,18.21516,17.714853,17.168673,16.827717,18.62727,17.056993,15.856504,16.723476,17.134405,0.98916423,2.4107342,7.088298,0.4512135,30.83617,30.469334,38.286522,17.884792,19.532398,19.658113,19.5723,18.067875,17.139357,42.17
4446076.924,657819.7026,12.796356,1.251667,0.70393586,27.703999,34.6034,39.96057,34.412857,26.727026,30.549088,29.663357,27.192797,28.666279,33.24888,41.289574,35.647675,35.104866,37.306812,39.097137,2.7203321,2.0830324,6.359222,7.81596,1384.7,270,0.040039062,0.028675864,0.001098633,50,20,0.44750848,0.3174376,0.23544742,0.27731073,0.34746435,0.81191736,0.7214086,18.791447,19.064495,15.691328,17.619486,16.093971,19.657223,18.656464,18.132658,24.233059,21.348347,18.625813,21.810205,18.669327,21.623701,20.940199,21.376465,21.178349,21.932268,19.104998,21.088297,18.623228,19.373043,18.600836,19.997927,21.03372,21.113409,18.519274,22.054993,20.216022,18.787266,19.552704,20.21823,19.696379,19.183863,17.72484,19.66035,17.873316,17.087597,17.151463,18.42165,19.97499,21.154411,15.851946,21.202784,19.033983,18.521118,19.284578,19.270609,0.97780144,2.4016824,7.087591,0.4512135,31.1537,30.106222,38.468624,17.939203,21.035807,19.985859,20.182484,18.339685,19.289114,42.17
4446076.924,657824.7026,13.733548,1.2635597,0.70972025,27.838346,33.290104,41.838078,34.69163,26.309402,30.365911,30.128649,26.779152,28.916351,33.706497,41.36734,35.999355,34.493984,36.92701,39.74206,2.7441344,2.0594032,6.3248434,7.8593445,1384.7,288.43494,-0.040039062,0.045340516,-0.002197266,50,20,0.44750848,0.3174376,0.23544742,0.27731073,0.34746435,0.81191736,0.7214086,19.010836,19.238304,15.54215,18.456686,16.054134,19.186731,18.59839,18.229036,23.745758,21.705612,18.941624,22.257416,18.783844,21.339857,21.108082,21.474758,23.88593,20.808323,18.568995,20.905102,20.127447,19.20155,19.153866,20.33884,22.635376,22.533804,20.33607,21.650747,21.002544,19.036972,19.239975,20.890705,20.033054,18.597757,17.461128,18.546219,18.024439,17.243141,16.863487,18.186888,21.071735,20.725983,18.590616,18.692732,18.00814,18.27445,18.749067,19.04314,0.98664,2.4017687,7.092094,0.4512135,30.564224,30.24728,38.68335,18.01246,21.126026,20.378744,20.919355,18.10989,19.158962,42.17
4446076.924,657829.7026,14.626881,1.2597313,0.71804464,27.839891,33.29103,42.79804,34.51049,25.88757,30.261967,30.020391,26.486217,29.232283,33.90762,41.438843,36.12247,34.15196,36.794342,40.561783,2.7485383,2.0588403,6.3062444,7.883268,1384.71,296.56506,0.080078125,0.06412116,0.004394531,50,20,0.44750848,0.3174376,0.23544742,0.27731073,0.34746435,0.81191736,0.7214086,19.284304,19.49086,15.807978,18.66972,16.249306,19.423048,18.850286,18.471884,23.708431,21.645233,18.917528,22.213629,18.743134,21.338106,21.121733,21.4479,23.919394,20.835424,18.606297,20.908052,20.155704,19.21759,19.18405,20.36171,22.635376,22.533804,20.338017,21.652275,21.004341,19.038364,19.235294,20.891672,20.029785,18.593727,17.45634,18.54153,18.019451,17.240236,16.858929,18.182762,21.065346,20.717999,18.581387,18.684229,18.000156,18.266468,18.74117,19.035118,0.98888797,2.4036894,7.094756,0.4512135,30.56546,30.141178,38.780655,18.253643,21.098255,20.403788,20.919638,18.105715,19.150965,42.17
4446076.924,657834.7026,14.108037,1.2481745,0.7215558,27.629192,33.221886,39.638065,32.68581,25.743095,30.879278,29.630552,27.286514,29.634825,33.113255,41.1875,36.52151,35.705513,38.00965,41.644188,2.7237158,2.0590997,6.3706784,7.850479,1384.71,315,0,0.020276899,0.001098633,50,20,0.44750848,0.3174376,0.23544742,0.27731073,0.34746435,0.81191736,0.7214086,19.563612,18.505575,15.985167,19.225653,16.335146,20.101698,18.998213,18.627077,23.7333,22.166967,18.027544,22.696001,18.208418,21.320892,21.607782,21.462996,24.157135,19.026218,19.430664,19.15087,20.092686,18.652777,17.826107,19.821707,22.47443,21.947128,20.525719,20.68452,19.788578,18.061445,18.70873,20.292933,19.093159,18.63139,17.67862,19.383503,18.112457,17.135422,16.988834,18.204735,21.08398,18.147655,19.153927,17.980055,17.606045,18.113693,17.699417,18.537867,0.9848652,2.3914077,7.1105785,0.4512135,30.425539,30.254915,38.854507,18.387865,21.108702,19.76235,20.312937,18.146196,18.540682,42.17
4446076.924,657839.7026,15.962503,1.2194681,0.7312538,27.733221,32.954803,37.55526,31.14902,25.315336,31.338577,29.699339,27.703651,30.286922,32.69279,40.88257,36.698933,36.771446,38.50386,42.339634,2.6825027,2.0458524,6.412139,7.841565,1384.71,-1,0,0,0,50,20,0.44750848,0.3174376,0.23544742,0.27731073,0.34746435,0.81191736,0.7214086,19.266558,18.831697,15.484042,19.60523,16.611383,20.033827,18.979376,18.636114,23.079165,20.982864,19.071276,21.893831,18.04868,21.502111,21.174988,21.113142,23.81379,20.990927,19.264807,18.890154,20.344091,17.22661,18.062868,19.723797,21.450655,20.693691,19.245884,19.650345,20.1438,17.561634,18.518194,19.475147,19.845287,19.651657,17.254251,18.004866,17.679043,16.559086,16.733967,18.006731,19.616074,18.450592,17.036686,18.72172,20.259209,16.22291,17.95072,18.207811,0.975361,2.3641777,7.126852,0.4512135,30.344013,30.518959,38.79075,18.401731,20.821842,19.799036,19.60917,17.961164,18.322557,42.17
4446076.924,657844.7026,20.399506,1.2275428,0.7462721,27.545671,32.35664,35.661777,29.754286,24.37041,31.835274,29.99797,28.232368,30.801702,32.37113,40.51168,36.921047,37.853863,39.248455,43.028923,2.6736848,2.0640612,6.4523063,7.841357,1384.71,-1,0,0,0,50,20,0.44967544,0.32721883,0.2420715,0.27404177,0.35584196,0.8181164,0.71810067,19.266558,18.831697,15.484042,19.60523,16.611383,20.033827,18.979376,18.636114,23.079165,20.982864,19.071276,21.893831,18.04868,21.502111,21.174988,21.113142,23.81379,20.990927,19.264807,18.890154,20.344091,17.22661,18.062868,19.723797,21.450655,20.693691,19.245884,19.650345,20.1438,17.561634,18.518194,19.475147,19.845287,19.651657,17.254251,18.004866,17.679043,16.559086,16.733967,18.006731,19.616074,18.450592,17.036686,18.72172,20.259209,16.22291,17.95072,18.207811,0.9869074,2.3688731,7.1468315,0.45500952,29.951157,30.916622,38.716362,18.401731,20.821842,19.799036,19.60917,17.961164,18.322557,42.17
4446076.924,657849.7026,21.438795,1.2223868,0.7729936,27.544214,32.35032,34.120502,28.582283,24.086475,32.213543,30.01295,28.62339,31.286736,32.19765,40.15726,37.04756,38.545555,39.777325,43.543484,2.6537752,2.0623426,6.4878964,7.8431587,1384.71,135,0,0.020276899,0.001098633,50,20,0.44967544,0.32721883,0.2420715,0.27404177,0.35584196,0.8181164,0.71810067,19.126522,19.181713,16.376987,18.122454,15.654903,20.263351,18.96087,18.468534,22.9256,20.442669,18.850538,22.530252,18.75789,21.486639,21.196579,21.157867,23.704538,21.892324,19.066324,19.522486,18.12358,17.886309,17.519436,19.753195,21.420124,21.234108,18.94846,19.556133,18.621655,18.018583,17.982172,19.406347,20.612617,19.479061,16.88656,17.848625,17.38311,16.365158,15.937567,17.79292,19.922932,18.150839,16.75806,17.95284,17.08476,16.202143,17.29488,17.622105,0.9976902,2.358059,7.1655273,0.45500952,29.947266,31.113247,38.60241,18.240973,20.88431,19.67357,19.397322,17.787529,17.62378,42.17
4446076.924,657854.7026,19.275423,1.2111003,0.81786734,27.78874,32.34487,32.654583,27.519682,23.86342,32.534527,29.956123,28.931993,31.815153,32.27014,39.75933,37.240475,39.367092,40.241035,43.840733,2.607589,2.0755134,6.5333323,7.8571634,1384.71,135,0.080078125,0.060830675,0.003295898,50,20,0.44967544,0.32721883,0.2420715,0.27404177,0.35584196,0.8181164,0.71810067,19.385462,19.274954,17.743383,18.190825,17.701477,19.92068,18.822042,18.88154,23.37878,20.419283,19.266508,22.150742,17.711132,21.610615,20.931028,21.109293,21.9231,21.475098,20.523941,20.42746,18.605143,18.251331,18.298906,20.119427,20.915874,21.256329,20.245373,20.504482,19.067858,18.35577,17.74227,19.831888,20.625294,18.723236,17.913902,18.471113,17.659494,16.639849,16.26659,18.079403,20.998304,19.24554,17.746435,18.196032,17.27216,17.218796,18.714724,18.465696,1.0144838,2.3415513,7.1952477,0.45500952,30.066807,31.245325,38.4999,18.719831,20.781157,19.929281,19.72685,18.042782,18.48457,42.17
4446076.924,657859.7026,19.193892,1.1939116,0.8887438,27.673662,32.60074,31.274336,26.544655,23.201447,32.949467,30.205566,29.308353,32.539898,32.61457,39.286858,37.1222,39.913944,40.243027,43.720413,2.5684104,2.0693305,6.592253,7.893385,1384.7,180,-0.12011719,0.057351712,-0.005615234,50,20,0.44967544,0.32721883,0.2420715,0.27404177,0.35584196,0.8181164,0.71810067,19.171227,19.049953,17.517962,17.972673,17.52892,19.706083,18.592117,18.663677,23.414108,20.46809,19.282478,22.192032,17.748886,21.59665,20.916767,21.1294,21.923546,21.43158,20.469685,20.415983,18.579563,18.256536,18.280388,20.09838,20.912603,21.249159,20.248142,20.498604,19.060839,18.35577,17.740877,19.828876,20.630121,18.727673,17.919315,18.474178,17.663826,16.643742,16.269272,18.083427,21.005194,19.254648,17.756287,18.204954,17.280617,17.226692,18.722534,18.474123,1.0413277,2.3188705,7.242819,0.45500952,30.1372,31.577517,38.20453,18.505564,20.802715,19.908184,19.723713,18.046875,18.49299,42.17
4446076.924,657864.7026,17.430618,1.1925082,0.9951935,27.38114,32.265915,29.882504,25.717901,23.196918,33.57457,31.489464,30.262413,33.347584,33.360672,38.615417,36.521706,39.916355,40.105457,43.341362,2.548639,2.0625284,6.682384,7.947459,1384.71,161.56505,0.12011719,0.045340516,0.006713867,50,20,0.44967544,0.32721883,0.2420715,0.27404177,0.35584196,0.8181164,0.71810067,19.510668,17.437,16.309841,19.536535,18.187763,18.814482,19.263882,18.541235,21.915754,21.23932,18.572973,21.137833,17.75024,21.197765,21.038649,20.713587,20.562044,19.751772,20.565084,19.56723,18.887403,16.91317,18.59225,19.124285,20.44327,21.239967,20.711884,21.293093,18.997608,18.142101,17.662893,19.79022,19.296864,17.013094,17.192526,18.491873,17.54256,16.301813,16.05793,17.41009,19.167477,17.791704,19.061766,19.51818,17.761147,17.311512,18.115713,18.380833,1.0938509,2.3055837,7.3149214,0.45500952,29.823528,32.532017,37.56856,18.437168,20.407505,19.262709,19.784403,17.413809,18.389643,42.17
4446076.924,657869.7026,12.835544,1.193817,1.1271691,27.286106,31.084934,28.496223,24.932652,22.306166,33.976048,32.563095,30.627222,34.092724,34.29028,38.077736,36.599422,40.56808,40.200417,42.69571,2.5371506,2.0580814,6.779274,8.0129385,1384.7,90,-0.040039062,0.057351712,-0.001098633,50,20,0.44967544,0.32721883,0.2420715,0.27404177,0.35584196,0.8181164,0.71810067,19.012897,18.47728,16.069698,18.841093,17.172865,20.407145,19.00006,18.666306,21.797897,21.364746,19.554483,20.584784,17.338408,20.689693,20.309967,20.518324,21.804264,19.426468,18.10455,19.582676,17.512108,18.295376,18.302418,19.083113,20.90749,20.883333,19.039825,20.204744,18.019733,17.739536,18.564528,19.250221,19.12684,18.321903,15.8059025,19.121422,18.389212,16.082607,16.032612,17.526598,18.459843,17.008419,16.995398,21.055573,17.464117,18.373507,20.331892,18.574585,1.1604931,2.297616,7.3961062,0.45500952,29.18552,33.26957,37.338577,18.425861,20.234283,19.003979,19.337027,17.554356,18.526964,42.17
4446076.924,657874.7026,8.609916,1.191079,1.2735202,27.30242,31.069756,27.116154,24.306309,22.19127,34.295467,32.803703,31.04831,34.727818,35.27846,37.557865,36.740574,41.145535,40.1803,41.95245,2.5220213,2.0570145,6.8899775,8.082356,1384.7,63.399864,0.119628906,0.12769482,0.0078125,25,20,0.4593907,0.33155045,0.24771458,0.2791817,0.3641057,0.84464556,0.6882554,19.012897,18.47728,16.069698,18.841093,17.172865,20.407145,19.00006,18.666306,21.797897,21.364746,19.554483,20.584784,17.338408,20.689693,20.309967,20.518324,21.804264,19.426468,18.10455,19.582676,17.512108,18.295376,18.302418,19.083113,20.90749,20.883333,19.039825,20.204744,18.019733,17.739536,18.564528,19.250221,19.12684,18.321903,15.8059025,19.121422,18.389212,16.082607,16.032612,17.526598,18.459843,17.008419,16.995398,21.055573,17.464117,18.373507,20.331892,18.574585,1.2322996,2.2895179,7.486167,0.45926347,29.186089,33.549583,37.14922,18.425861,20.234283,19.003979,19.337027,17.554356,18.526964,42.17
4446076.924,657879.7026,14.702363,1.1886697,1.4297642,27.324516,31.054152,25.76967,23.780382,22.110983,34.63942,33.042183,31.474817,35.17438,36.21118,36.950203,36.902683,41.70222,40.238342,41.179222,2.5098839,2.0558944,7.016068,8.155814,1384.68,66.04473,0.041015625,0.2816411,0.003417969,25,20,0.4593907,0.33155045,0.24771458,0.2791817,0.3641057,0.84464556,0.6882554,18.606129,18.280666,16.106514,18.469604,16.445133,20.182234,18.822628,18.310108,20.591719,20.22837,17.337675,19.982635,16.949165,19.561142,19.361517,19.426758,23.398397,19.455914,18.31712,20.950556,19.42261,17.432692,20.619196,19.975801,21.271582,20.6703,20.487156,21.390839,19.594088,17.103605,17.712473,19.677578,19.78236,18.331892,17.84166,19.154505,17.90623,16.27488,15.871284,17.859097,17.738615,17.177464,16.521223,17.078022,17.564297,15.743936,16.542805,16.792212,1.309217,2.2828891,7.5859413,0.45926347,29.189335,33.8408,36.926445,18.130417,19.144604,19.942354,19.747149,17.880402,16.909481,42.17
4446076.924,657884.7026,13.790307,1.1865988,1.5862447,27.352968,31.038378,24.47164,23.352432,22.070103,35.031887,33.275814,31.912136,35.417027,37.04608,36.23261,37.077133,42.226925,40.397053,40.409294,2.5006852,2.0547397,7.1560693,8.230874,1384.65,63.444935,0,0.44860455,0.002197266,25,20,0.4593907,0.33155045,0.24771458,0.2791817,0.3641057,0.84464556,0.6882554,19.453556,16.93259,16.980658,18.80116,16.089016,20.673029,18.471003,18.37702,22.106129,20.015556,17.39531,19.771765,17.230312,19.228603,19.273287,19.518581,22.003418,19.66592,19.715322,20.440062,19.723541,17.30514,19.657284,19.761358,21.663502,20.856503,20.054522,20.448862,19.06387,16.743681,19.080301,19.59664,21.27831,19.399408,17.837364,18.676392,18.875498,16.239721,16.612478,18.29551,18.727484,17.59909,16.777002,17.146645,16.79014,16.318832,16.847229,17.106031,1.3864217,2.2777123,7.693472,0.45926347,29.195673,34.15385,36.65487,18.200146,19.28871,19.787241,19.701605,18.417025,17.172346,42.17
4446076.924,657889.7026,13.570041,1.1848868,1.6806928,27.356827,31.026463,23.720625,22.99767,22.020252,35.74711,33.614838,32.402863,35.994503,37.934788,35.452427,36.910797,42.31752,40.231068,39.631992,2.4898407,2.0538886,7.241108,8.275753,1384.61,61.69069,0.03955078,0.6345205,0.004394531,25,20,0.4593907,0.33155045,0.24771458,0.2791817,0.3641057,0.84464556,0.6882554,19.453556,16.93259,16.980658,18.80116,16.089016,20.673029,18.471003,18.37702,22.106129,20.015556,17.39531,19.771765,17.230312,19.228603,19.273287,19.518581,22.003418,19.66592,19.715322,20.440062,19.723541,17.30514,19.657284,19.761358,21.663502,20.856503,20.054522,20.448862,19.06387,16.743681,19.080301,19.59664,21.27831,19.399408,17.837364,18.676392,18.875498,16.239721,16.612478,18.29551,18.727484,17.59909,16.777002,17.146645,16.79014,16.318832,16.847229,17.106031,1.4327898,2.2718647,7.7584305,0.45926347,29.191645,34.680973,36.18161,18.200146,19.28871,19.787241,19.701605,18.417025,17.172346,42.17
4446076.924,657894.7026,10.918796,1.1798043,1.6821519,27.370235,30.444616,23.798182,22.69435,21.690145,36.971153,34.540012,33.535046,37.322464,38.943974,34.621872,36.11662,41.305553,39.316544,38.862186,2.4863155,2.0553625,7.2264895,8.266794,1384.56,65.22656,0.20117188,0.8203142,0.012329102,25,20,0.4593907,0.33155045,0.24771458,0.2791817,0.3641057,0.84464556,0.6882554,19.807703,17.966137,15.799884,18.286695,17.643757,19.30426,17.9888,18.139793,22.562817,20.050386,17.342945,19.595375,16.91116,20.150753,18.491276,19.584848,22.876356,21.649166,20.362225,19.864908,18.686132,18.242834,17.693726,20.018467,22.115274,22.76549,21.288765,21.066435,18.258244,18.347778,19.616772,20.505182,20.12108,19.076998,17.037884,18.607359,18.562439,16.49679,16.004074,17.992857,17.774006,17.883183,16.782919,17.858606,15.373814,16.421967,16.51064,17.01772,1.4309781,2.270839,7.746642,0.45926347,28.907425,35.755585,35.369247,18.113892,19.300674,19.910763,20.494108,17.98666,16.94359,42.17
4446076.924,657899.7026,19.916676,1.1804851,1.672019,27.037453,29.854172,24.069534,22.493135,21.543304,38.183754,34.941505,34.025482,38.42697,39.85642,33.831367,35.79351,40.79757,38.6709,38.112427,2.481371,2.0742388,7.209547,8.239237,1384.48,67.894066,0.03955078,0.9895816,0.003295898,25,20,0.4593907,0.33155045,0.24771458,0.2791817,0.3641057,0.84464556,0.6882554,19.657688,17.670055,15.588402,18.449293,18.258352,19.762003,18.078196,18.382706,22.721783,19.484348,17.316586,19.792934,16.797419,20.116037,19.634655,19.731445,21.618685,22.0268,18.078617,19.2351,19.901447,18.62161,16.475458,19.452219,21.838146,20.887012,21.081383,21.590612,19.6527,18.729921,19.438826,20.445198,19.3474,20.718552,18.236149,19.388597,19.383997,16.852198,15.5627985,18.558483,17.582157,18.57257,17.277018,17.385744,16.892826,15.739791,16.115786,17.107431,1.4262521,2.2778049,7.724392,0.45926347,28.445812,36.56263,34.81244,18.20914,19.409107,19.422531,20.459799,18.498526,17.080841,42.17
4446076.924,657904.7026,18.642752,1.1829642,1.6640955,26.999002,29.84967,24.357866,22.36658,21.552834,39.466534,35.411407,34.616104,39.359493,40.622368,32.860546,35.11531,39.983334,38.04497,37.414474,2.482061,2.0757186,7.217707,8.2261095,1384.39,66.412506,-0.079589844,1.1093264,-0.003295898,25,20,0.44091025,0.33471614,0.2510498,0.28725192,0.34045073,0.8236248,0.82579684,19.657688,17.670055,15.588402,18.449293,18.258352,19.762003,18.078196,18.382706,22.721783,19.484348,17.316586,19.792934,16.797419,20.116037,19.634655,19.731445,21.618685,22.0268,18.078617,19.2351,19.901447,18.62161,16.475458,19.452219,21.838146,20.887012,21.081383,21.590612,19.6527,18.729921,19.438826,20.445198,19.3474,20.718552,18.236149,19.388597,19.383997,16.852198,15.5627985,18.558483,17.582157,18.57257,17.277018,17.385744,16.892826,15.739791,16.115786,17.107431,1.4235299,2.2788897,7.7219086,0.4719715,28.424335,37.438972,33.98793,18.20914,19.409107,19.422531,20.459799,18.498526,17.080841,42.17
4446076.924,657909.7026,16.947575,1.2129273,1.6646007,27.032566,29.914616,24.585026,22.43891,22.361351,40.632183,35.524727,34.960423,39.894207,41.027077,31.93133,34.711414,39.49398,37.766087,36.96388,2.5088203,2.092976,7.2467284,8.190621,1384.3,64.992294,-0.0390625,1.1852596,-0.002197266,50,20,0.44091025,0.33471614,0.2510498,0.28725192,0.34045073,0.8236248,0.82579684,19.838924,17.924046,16.277617,17.90657,17.45026,19.919739,18.588696,18.479324,22.984785,19.314907,17.563736,20.737183,16.898819,20.055935,18.968077,19.796396,21.478064,21.945948,19.015465,21.96341,19.21083,20.415781,18.07852,20.479507,21.20202,21.119436,21.748915,23.717453,20.03529,19.080692,18.826437,20.845844,19.687746,20.915518,18.368092,19.573938,18.661892,16.693323,16.60156,18.620775,18.2,18.309933,17.450686,17.71344,16.229523,16.972944,17.319319,17.51178,1.4387641,2.300898,7.7186747,0.4719715,28.47359,38.078453,33.321373,18.272264,19.503347,20.301146,20.818605,18.643152,17.456549,42.17
4446076.924,657914.7026,15.287075,1.2190262,1.6645085,26.995476,29.910454,24.829256,22.382984,22.410835,42.040493,36.000397,35.630703,40.65101,41.536472,30.765118,34.01377,38.636845,37.201145,36.38464,2.5160515,2.095253,7.2874923,8.181048,1384.21,66.30712,0.119140625,1.2825698,0.00769043,50,20,0.44091025,0.33471614,0.2510498,0.28725192,0.34045073,0.8236248,0.82579684,19.583057,19.435482,17.050287,17.425356,17.201023,19.44107,18.602049,18.548536,22.307364,19.32303,17.754313,21.004877,16.905848,19.979605,19.077225,19.784159,21.463427,22.626068,19.898567,21.922468,19.888844,21.763119,16.93288,20.86238,20.331436,22.57298,22.998346,23.452353,21.558657,19.497458,17.844608,21.211054,18.989492,20.000881,18.547405,19.430851,18.82054,16.477877,16.566006,18.376644,17.43076,17.69951,18.153513,17.626627,17.789383,17.306425,17.279617,17.603798,1.4417673,2.3056521,7.73427,0.4719715,28.452965,39.020447,32.389442,18.39119,19.478895,20.642197,21.179403,18.404722,17.612263,42.17
4446071.924,657759.7026,13.306695,1.2912748,0.85943717,28.243372,33.80578,30.971571,28.599388,25.472094,32.988907,31.76193,29.932522,31.95961,46.643948,38.668137,34.04655,38.30868,39.38506,31.461166,2.653573,2.1407373,6.303607,7.864473,1384.8,71.50899,0.000488281,0.22603804,-0.001098633,10,20,0.48633078,0.33638403,0.24367413,0.28001103,0.35754222,0.85140043,0.7104185,18.750132,18.28363,16.819817,17.178936,16.094,19.909992,18.726673,18.172085,20.732737,19.547565,17.193394,19.352047,17.060896,20.370909,21.187994,19.658161,19.666178,20.00692,20.07963,16.96295,17.203245,18.3547,16.976255,18.576517,19.193647,19.712118,20.093178,18.464155,19.36581,16.757618,17.846333,18.713655,18.823078,17.904247,15.638525,17.336452,16.492899,14.761202,15.000761,16.504572,20.21854,18.729568,20.33591,18.961847,19.051083,18.638836,18.77536,19.199024,1.075356,2.3971553,7.0840397,0.4665373,31.024574,32.37542,36.357346,17.96617,19.349363,18.464268,18.776121,16.56531,19.24445,42.17
4446071.924,657764.7026,14.461577,1.2909002,0.81970245,28.235937,33.803654,30.953068,28.303385,25.299435,33.495247,31.939781,29.868292,32.248177,50.063244,38.228703,33.858997,38.39709,39.404423,28.574333,2.6499245,2.1394117,6.2646766,7.866636,1384.78,71.56505,-0.040039062,0.22670145,-0.002197266,25,20,0.48633078,0.33638403,0.24367413,0.28001103,0.35754222,0.85140043,0.7104185,18.857077,18.361935,16.103085,17.255646,15.852112,19.55153,18.273514,18.03286,21.91158,19.365047,17.610981,18.455507,16.91491,20.771181,20.645624,19.660309,20.403206,18.871042,18.058678,16.866598,16.530294,18.58691,17.27823,18.313221,20.451923,18.333485,18.661327,17.353382,18.304565,17.291698,17.542835,18.295479,19.102188,17.312422,16.35917,16.701921,16.599487,15.72045,14.338831,16.569103,18.963863,19.475718,19.386196,19.195265,18.796135,18.358843,18.934126,19.043137,1.0553013,2.394668,7.065656,0.4665373,31.019794,32.717514,36.04385,17.7507,19.38212,18.084993,18.277029,16.59064,19.015734,42.17
4446071.924,657769.7026,10.290345,1.289964,0.78966266,28.230183,33.80298,31.164305,28.475666,25.370163,33.67315,31.99849,29.769218,32.16066,51.090084,38.08381,33.798668,38.35109,39.340008,27.206402,2.6486073,2.1383467,6.2516823,7.86265,1384.76,75.96375,-0.040039062,0.23646592,-0.003295898,25,20,0.48633078,0.33638403,0.24367413,0.28001103,0.35754222,0.85140043,0.7104185,18.341442,17.663898,14.341394,18.68088,15.944745,19.035715,18.184168,17.655159,21.614841,20.091763,17.791746,19.117153,17.297318,20.845066,20.048946,19.898523,19.514929,19.37704,16.358288,17.642527,19.78759,17.904007,18.144476,18.378025,19.904207,19.076218,18.083506,17.806454,19.57514,16.981146,17.544958,18.373034,19.5952,17.23547,16.565582,16.998259,15.97744,15.707812,16.671644,17.052794,19.652842,17.904297,16.773129,17.122818,19.607533,17.279518,19.10779,18.240286,1.0398133,2.393477,7.057166,0.4665373,31.01658,32.83582,35.94124,17.456034,19.543835,18.389835,18.424517,16.964487,18.206844,42.17
4446071.924,657774.7026,3.0541942,1.2881535,0.78533167,28.23004,33.807274,31.911446,29.8099,26.084335,32.93634,31.69319,29.610437,31.14029,46.1925,38.76944,34.10679,37.952194,39.057446,29.934723,2.6540022,2.1380882,6.308258,7.8425584,1384.74,68.96249,-0.080078125,0.1997035,-0.005615234,25,20,0.48633078,0.33638403,0.24367413,0.28001103,0.35754222,0.85140043,0.7104185,18.341442,17.663898,14.341394,18.68088,15.944745,19.035715,18.184168,17.655159,21.614841,20.091763,17.791746,19.117153,17.297318,20.845066,20.048946,19.898523,19.514929,19.37704,16.358288,17.642527,19.78759,17.904007,18.144476,18.378025,19.904207,19.076218,18.083506,17.806454,19.57514,16.981146,17.544958,18.373034,19.5952,17.23547,16.565582,16.998259,15.97744,15.707812,16.671644,17.052794,19.652842,17.904297,16.773129,17.122818,19.607533,17.279518,19.10779,18.240286,1.0367426,2.3960452,7.075408,0.4665373,31.018658,32.314766,36.438114,17.456034,19.543835,18.389835,18.424517,16.964487,18.206844,42.17
4446071.924,657779.7026,15.75602,1.286334,0.774419,28.227617,33.81011,32.63091,30.982866,26.697676,32.40292,31.482885,29.437475,30.255692,42.30754,39.2713,34.324024,37.600475,38.804783,31.747198,2.6578805,2.1375813,6.3480797,7.825087,1384.73,59.036243,0,0.16720712,0,25,20,0.48633078,0.33638403,0.24367413,0.28001103,0.35754222,0.85140043,0.7104185,19.441813,17.826115,14.915052,17.856464,16.20914,21.344393,18.761631,18.273748,22.281864,20.860264,18.78516,20.157663,17.669746,21.384905,20.510342,20.580133,21.289778,21.873331,18.303164,19.119244,20.325953,19.049166,18.244633,19.852985,19.812897,20.866749,18.692768,18.922495,20.910984,18.215454,18.49306,19.375008,18.721924,16.774193,16.075663,15.3532095,14.282562,14.335897,15.000748,15.860855,19.947617,18.095728,16.690304,18.152664,20.086515,17.751911,19.088007,18.525003,1.0303766,2.3977308,7.086583,0.4665373,31.018864,31.942902,36.79766,18.050657,20.235706,19.743608,19.416342,15.792028,18.544678,42.17
4446071.924,657784.7026,5.864296,1.2723291,0.7585757,28.34373,34.20524,33.396534,32.07018,27.334625,31.98705,31.097134,29.172783,29.448784,39.218533,39.662323,34.453716,37.23106,38.590816,32.91306,2.6541731,2.124205,6.3746886,7.806997,1384.72,65.556046,0.080078125,0.17324539,0.003295898,25,20,0.44942346,0.32370487,0.23580445,0.27494925,0.3511353,0.81849074,0.7230969,19.512585,17.500782,17.171469,18.246021,16.36093,21.141567,17.996264,18.472004,22.546038,21.971577,18.96389,20.533236,18.250196,21.345036,21.01982,20.931423,22.122509,22.204586,19.552027,18.856722,18.920877,18.29841,17.698572,19.678253,19.929937,20.82431,19.50045,19.929108,18.479336,18.314972,19.499329,19.483606,19.824858,19.184715,17.866077,16.998549,15.682516,16.161694,16.37565,17.490509,20.04782,19.709986,19.884205,18.937338,17.343075,18.006752,19.699282,19.120876,1.0154524,2.3891892,7.0908427,0.4538007,31.274485,31.542091,37.05802,18.275661,20.661398,19.664814,19.496778,17.442009,19.08978,42.17
4446071.924,657789.7026,7.224089,1.2734097,0.7379005,28.106943,34.72923,34.18837,33.11002,27.83129,31.64871,30.357801,28.905188,28.702763,36.63555,40.034843,34.78435,36.95247,38.327293,33.648346,2.6744244,2.1028094,6.392363,7.7900195,1384.7,71.56505,-0.080078125,0.13602132,-0.005615234,25,20,0.44942346,0.32370487,0.23580445,0.27494925,0.3511353,0.81849074,0.7230969,19.29852,17.275167,16.976803,18.05498,16.200247,20.920044,17.741955,18.260118,22.592281,22.023167,19.002125,20.577784,18.289108,21.336672,21.0185,20.959406,22.09644,22.17377,19.552622,18.847982,18.901897,18.29364,17.693695,19.6646,19.933216,20.816862,19.496784,19.9229,18.472315,18.314972,19.499329,19.480782,19.827152,19.189327,17.870556,17.002764,15.687067,16.165365,16.379002,17.494228,20.054708,19.718351,19.892574,18.946157,17.351534,18.014477,19.70718,19.128933,1.005655,2.388617,7.0911913,0.4538007,31.418087,31.003256,37.4096,18.066816,20.691376,19.651434,19.493769,17.44589,19.097855,42.17
4446071.924,657794.7026,12.305527,1.2692474,0.7185219,28.096111,34.73185,35.042862,34.018288,28.264257,31.387356,30.24439,28.693686,28.059763,34.53537,40.336903,34.87853,36.581787,38.114815,34.248993,2.675354,2.101171,6.400883,7.7776027,1384.69,78.69007,-0.12011719,0.07310936,-0.006713867,25,20,0.44942346,0.32370487,0.23580445,0.27494925,0.3511353,0.81849074,0.7230969,19.26774,19.172586,15.998138,17.703808,17.504248,20.512848,17.362005,18.44721,22.39174,21.121515,17.256136,20.18853,17.188293,19.974741,18.816036,19.833632,22.22048,21.473904,18.31824,19.94602,19.159794,19.82448,18.64104,20.099506,21.783216,20.733809,20.228825,19.020388,19.10784,19.222017,18.962738,19.858444,20.447857,19.316639,18.66027,19.49267,15.81718,16.142023,16.18961,18.136892,17.842855,19.093191,17.357992,18.054949,17.89498,16.510715,17.076775,17.633284,0.9938847,2.3882625,7.089243,0.4538007,31.41398,30.815872,37.607716,18.21734,19.562428,19.940565,19.86555,18.009462,17.690208,42.17
4446071.924,657799.7026,13.148138,1.2821716,0.70464087,27.909285,34.406193,35.842148,34.608456,28.418507,31.176878,30.222275,28.597137,27.67647,33.112846,40.62296,35.078136,36.291378,37.928425,34.917015,2.6910694,2.1065006,6.402903,7.7657814,1384.69,90,0,0.028675864,-0.002197266,25,20,0.44942346,0.32370487,0.23580445,0.27494925,0.3511353,0.81849074,0.7230969,19.26774,19.172586,15.998138,17.703808,17.504248,20.512848,17.362005,18.44721,22.39174,21.121515,17.256136,20.18853,17.188293,19.974741,18.816036,19.833632,22.22048,21.473904,18.31824,19.94602,19.159794,19.82448,18.64104,20.099506,21.783216,20.733809,20.228825,19.020388,19.10784,19.222017,18.962738,19.858444,20.447857,19.316639,18.66027,19.49267,15.81718,16.142023,16.18961,18.136892,17.842855,19.093191,17.357992,18.054949,17.89498,16.510715,17.076775,17.633284,0.99340624,2.398785,7.084342,0.4538007,31.157738,30.699577,37.850548,18.21734,19.562428,19.940565,19.86555,18.009462,17.690208,42.17
4446071.924,657804.7026,15.875457,1.2574493,0.7015488,28.017706,34.93265,36.691383,34.711235,28.223001,30.939123,29.75905,28.155447,27.634922,32.51138,40.88559,35.1951,36.229,37.959137,35.89709,2.6845174,2.097124,6.3982286,7.7669415,1384.69,-1,0,0,0,25,20,0.44942346,0.32370487,0.23580445,0.27494925,0.3511353,0.81849074,0.7230969,19.307886,18.979122,16.083305,18.499376,17.171785,19.809984,17.605167,18.432453,21.17109,19.898153,17.15807,20.56308,17.097353,19.482653,19.21845,19.489399,20.614689,21.40489,18.889927,19.679085,18.90683,19.277699,18.59878,19.804897,22.289083,20.037853,19.687254,19.773996,19.908047,18.75799,19.258844,19.895443,20.220907,19.30016,18.87841,19.856886,16.92158,16.625355,16.891733,18.420488,17.931906,17.02863,17.181904,17.76539,17.243235,16.521023,16.666265,17.105774,0.97949904,2.3908207,7.0825853,0.4538007,31.475178,30.349087,38.040344,18.208088,19.226976,19.624557,19.95901,18.385006,17.191195,42.17
4446071.924,657809.7026,18.268267,1.2704029,0.7050123,27.83007,34.472294,37.52206,34.54798,27.893694,30.81122,30.057907,27.955198,27.821684,32.39297,41.075756,35.313877,35.884113,37.99696,36.952076,2.702766,2.0928895,6.3912196,7.7731857,1384.69,288.43494,-0.040039062,0.045340516,-0.002197266,25,20,0.44942346,0.32370487,0.23580445,0.27494925,0.3511353,0.81849074,0.7230969,19.462584,18.993906,16.123646,18.493788,16.795269,19.007113,18.364058,18.3875,21.174765,19.542257,16.746403,21.244675,17.183182,19.570011,18.858368,19.480326,20.062439,21.933224,19.05962,21.503042,20.388657,17.22723,18.090574,19.884022,21.08075,20.609499,19.309166,20.904448,22.161026,18.28692,18.561373,20.033567,18.941736,19.4362,18.841078,19.845217,18.995369,16.408493,16.902472,18.431952,17.51332,17.688478,18.616543,18.333609,18.36267,15.737776,15.862473,17.384798,0.9877076,2.3978276,7.082203,0.4538007,31.151182,30.434563,38.194817,18.177195,19.188522,19.752111,20.130453,18.481508,17.44498,42.17
4446071.924,657814.7026,16.156586,1.267866,0.7091585,27.823359,34.472794,38.460915,34.31846,27.451311,30.641895,29.959244,27.60335,28.089458,32.557503,41.26359,35.463024,35.66301,38.005825,38.02938,2.7147987,2.091989,6.3744373,7.782925,1384.7,296.56506,0.080078125,0.06412116,0.004394531,50,20,0.44750848,0.3174376,0.23544742,0.27731073,0.34746435,0.81191736,0.7214086,19.462584,18.993906,16.123646,18.493788,16.795269,19.007113,18.364058,18.3875,22.611376,20.694546,18.023306,21.947975,17.995045,21.369993,20.780426,20.793295,20.062439,21.933224,19.05962,21.503042,20.388657,17.22723,18.090574,19.884022,21.086216,20.616924,19.309696,20.90693,22.161037,18.283155,18.56499,20.035225,19.072548,19.592207,18.973997,19.976059,19.159264,16.517277,17.010443,18.56174,20.078878,20.439144,21.250141,21.474241,21.011003,17.82275,18.44778,20.020996,0.9885123,2.4033937,7.078681,0.4512135,31.148075,30.30057,38.363308,18.177195,20.488953,19.752111,20.132708,18.614542,20.074848,42.17
4446071.924,657819.7026,11.754905,1.2483035,0.70912975,27.699583,34.603893,39.502506,34.07781,26.79977,30.466578,29.595661,27.195385,28.471615,32.849304,41.45039,35.738075,35.45707,37.769283,39.014565,2.7113414,2.0849297,6.352448,7.804028,1384.7,315,0,0.020276899,0.001098633,50,20,0.44750848,0.3174376,0.23544742,0.27731073,0.34746435,0.81191736,0.7214086,19.184048,19.080002,16.285006,19.049875,16.730474,19.687542,17.697401,18.509615,22.902485,20.743881,18.915533,22.078903,17.93149,20.859144,21.456244,21.021282,22.103619,20.23972,19.467827,22.106918,20.103334,18.176226,19.271818,20.368982,20.859974,20.618662,20.185423,21.81002,21.440096,18.683521,18.227926,20.179543,18.402489,19.518156,17.506954,19.615002,18.026384,16.298384,16.662539,18.056799,19.439447,20.035501,19.243937,21.448843,19.530884,19.125107,19.161587,19.81052,0.9787166,2.3981357,7.078238,0.4512135,31.151737,30.03112,38.59423,18.244907,20.69824,20.20992,20.260803,18.004272,19.712187,42.17
4446071.924,657824.7026,14.201039,1.2360158,0.71012866,27.886442,34.01244,40.438942,33.83598,26.32711,30.3682,29.592527,26.89066,28.796307,33.171944,41.479294,36.096447,35.355785,37.737957,39.89036,2.7161155,2.0720067,6.3342857,7.8333273,1384.7,270,-0.040039062,0.057351712,-0.003295898,50,20,0.44750848,0.3174376,0.23544742,0.27731073,0.34746435,0.81191736,0.7214086,17.987915,18.796206,16.363667,18.936916,16.60725,19.3966,18.065693,18.296228,24.315271,21.438274,19.040127,21.903784,18.51159,21.226072,21.920101,21.500433,23.575558,19.932734,19.912928,21.09848,20.3293,18.679108,18.718382,20.403093,23.248154,21.454145,21.186098,22.308004,21.056822,19.069204,18.218,20.94737,19.45377,18.968994,17.399435,19.52196,18.088215,16.925682,16.158575,18.175003,21.104374,18.970654,19.295862,21.242567,18.7902,18.209335,19.664644,19.649738,0.97307223,2.394061,7.0838065,0.4512135,30.94944,29.980364,38.787872,18.022036,21.193604,20.320927,20.934347,18.073805,19.61109,42.17
4446071.924,657829.7026,18.395775,1.2352197,0.71698385,27.70215,33.552444,40.350018,33.213394,25.831928,30.429636,29.609983,26.846952,29.134563,33.226578,41.479057,36.36255,35.614346,38.005043,40.7744,2.7126727,2.047401,6.329811,7.8405585,1384.71,270,0.040039062,0.057351712,0.003295898,50,20,0.44750848,0.3174376,0.23544742,0.27731073,0.34746435,0.81191736,0.7214086,18.252205,19.020905,16.608343,19.159105,16.803185,19.627712,18.307829,18.531115,24.275455,21.377895,19.009315,21.851835,18.460169,21.218866,21.928295,21.467787,23.587963,19.941702,19.930462,21.104168,20.360235,18.709654,18.723257,20.419361,23.249989,21.455584,21.186098,22.31073,21.058619,19.069204,18.218,20.94845,19.450542,18.964966,17.393848,19.518051,18.08323,16.922777,16.15421,18.170912,21.097984,18.96267,19.287254,21.234682,18.782219,18.201353,19.656921,19.641922,0.97610176,2.3800368,7.085185,0.4512135,30.627296,30.01981,38.920803,18.254183,21.160261,20.336777,20.93546,18.06966,19.603298,42.17
4446071.924,657834.7026,13.087314,1.2227061,0.7240259,27.752499,32.962826,38.903893,32.0277,25.641672,30.706127,29.604595,27.190687,29.58732,32.906853,41.310696,36.70658,36.323166,38.440475,41.699944,2.6975985,2.048207,6.3621135,7.8323507,1384.71,-1,0,0,0,50,20,0.44750848,0.3174376,0.23544742,0.27731073,0.34746435,0.81191736,0.7214086,18.586895,18.240768,16.178288,18.455423,16.873024,19.941954,18.833368,18.301336,23.936298,20.76809,18.545687,21.764364,17.994884,22.010937,21.095402,21.222332,24.92339,21.12912,18.304506,20.646832,20.942715,19.20187,17.83145,20.486872,22.165455,20.536852,20.333164,22.137146,21.658693,18.25529,19.651627,20.653816,18.4538,19.397837,17.505169,19.770859,18.946949,17.825228,15.8812275,18.40119,21.284668,16.454403,19.510061,20.47505,20.974495,18.227123,18.04478,19.386295,0.973366,2.3729029,7.097232,0.4512135,30.357662,30.155361,39.008636,18.158531,20.873667,20.4257,20.67689,18.254438,19.281511,42.17
4446071.924,657839.7026,11.840545,1.2179544,0.7325616,27.741947,32.956066,37.19099,30.752502,25.280733,31.10717,29.621515,27.614767,30.021898,32.560204,41.00977,36.818768,37.13545,39.097847,42.465538,2.678975,2.0472405,6.39792,7.823922,1384.71,-1,0,0,0,50,20,0.44750848,0.3174376,0.23544742,0.27731073,0.34746435,0.81191736,0.7214086,18.17097,18.638443,16.441067,19.420145,17.82119,19.508307,17.772043,18.370892,23.734192,20.642231,18.47801,21.346504,17.931293,21.757715,20.94288,21.062006,24.627115,22.12222,20.851398,19.008627,19.642553,18.083899,19.08836,20.394447,22.197037,21.261555,20.222687,19.341589,20.123993,18.424366,18.764486,19.919973,19.749615,19.134148,17.375235,19.668657,17.968876,17.093506,16.489801,18.325577,21.810093,18.36073,19.34522,19.176111,18.62387,18.25679,18.810013,19.048662,0.975258,2.3631077,7.110921,0.4512135,30.349007,30.364342,38.91427,18.253166,20.690403,20.489168,20.047958,18.211405,19.197546,42.17
4446071.924,657844.7026,21.136166,1.223297,0.7465725,27.562689,32.360092,35.50146,29.529528,24.402405,31.554256,29.914547,28.11497,30.46111,32.219193,40.62421,37.01296,38.087944,39.769783,43.117435,2.6678076,2.0644166,6.437022,7.823652,1384.71,135,0,0.020276899,0.001098633,50,20,0.44967544,0.32721883,0.2420715,0.27404177,0.35584196,0.8181164,0.71810067,18.17097,18.638443,16.441067,19.420145,17.82119,19.508307,17.772043,18.370892,23.734192,20.642231,18.47801,21.346504,17.931293,21.757715,20.94288,21.062006,24.627115,22.12222,20.851398,19.008627,19.642553,18.083899,19.08836,20.394447,22.197037,21.261555,20.222687,19.341589,20.123993,18.424366,18.764486,19.919973,19.749615,19.134148,17.375235,19.668657,17.968876,17.093506,16.489801,18.325577,21.810093,18.36073,19.34522,19.176111,18.62387,18.25679,18.810013,19.048662,0.98493475,2.3661122,7.1303368,0.45500952,29.961391,30.734402,38.818584,18.253166,20.690403,20.489168,20.047958,18.211405,19.197546,42.17
4446071.924,657849.7026,22.575796,1.1940501,0.76620686,27.80194,32.483864,34.086514,28.463114,24.126095,31.927488,29.677961,28.36127,30.873735,31.994995,40.18586,37.244408,38.89222,40.290672,43.624844,2.6105146,2.075624,6.4761014,7.8295374,1384.71,135,0.080078125,0.040553793,0.002197266,50,20,0.44967544,0.32721883,0.2420715,0.27404177,0.35584196,0.8181164,0.71810067,17.633038,19.025858,16.634167,18.969887,15.918619,20.54385,18.38563,18.428173,22.764166,20.2636,18.123417,21.574272,18.316837,21.81925,21.652924,20.999119,23.363886,21.434042,20.379827,20.401764,17.887987,18.242144,17.314062,19.947222,21.756096,22.0595,19.99564,20.150032,17.71858,18.503572,18.421556,19.972496,19.152096,19.517796,17.1082,18.905973,17.093296,16.418634,16.491995,17.905098,20.602648,19.502182,19.77512,19.768074,17.94856,17.995653,17.841043,19.10332,0.98012847,2.3430693,7.1528196,0.45500952,30.142902,30.802725,38.715134,18.15872,20.644924,19.86053,19.80071,17.81257,19.0619,42.17
4446071.924,657854.7026,19.211052,1.1858845,0.80657214,27.807957,32.60874,32.732536,27.523712,23.984327,32.296295,29.65402,28.816132,31.27291,31.898907,39.734432,37.335896,39.469383,40.78788,43.949493,2.5905192,2.0745673,6.5234036,7.836781,1384.7,108.43495,-0.12011719,0.045340516,-0.004394531,50,20,0.44967544,0.32721883,0.2420715,0.27404177,0.35584196,0.8181164,0.71810067,17.791279,19.00669,16.77163,18.797546,16.600536,20.422983,17.9977,18.426903,21.634804,20.266727,18.431856,22.055376,17.319382,22.279049,21.872646,20.988367,21.672178,20.3802,18.913082,19.699598,19.131165,18.665556,17.646807,19.540825,21.564459,21.55842,20.127726,20.200611,18.12239,18.267076,18.207127,19.863392,18.43582,18.68642,16.136017,18.164015,17.557943,16.376276,16.623318,17.511135,20.67028,20.355913,18.179024,18.786818,19.594536,17.2128,18.179356,18.946445,0.99622834,2.3325434,7.1800923,0.45500952,30.20835,30.975159,38.535164,18.198338,20.551407,19.444082,19.721115,17.425688,18.996962,42.17
4446071.924,657859.7026,20.683826,1.1812955,0.87667024,27.818336,32.597893,31.36512,26.655376,23.756319,32.56881,29.71707,29.170908,31.790625,32.09943,39.369816,37.533695,40.091682,41.074104,44.04284,2.5666213,2.0742989,6.581799,7.8645205,1384.7,135,0,0.020276899,-0.003295898,50,20,0.44967544,0.32721883,0.2420715,0.27404177,0.35584196,0.8181164,0.71810067,17.791279,19.00669,16.77163,18.797546,16.600536,20.422983,17.9977,18.426903,21.634804,20.266727,18.431856,22.055376,17.319382,22.279049,21.872646,20.988367,21.672178,20.3802,18.913082,19.699598,19.131165,18.665556,17.646807,19.540825,21.564459,21.55842,20.127726,20.200611,18.12239,18.267076,18.207127,19.863392,18.43582,18.68642,16.136017,18.164015,17.557943,16.376276,16.623318,17.511135,20.67028,20.355913,18.179024,18.786818,19.594536,17.2128,18.179356,18.946445,1.0289829,2.32046,7.22316,0.45500952,30.208115,31.14294,38.451756,18.198338,20.551407,19.444082,19.721115,17.425688,18.996962,42.17
4446071.924,657864.7026,19.280012,1.1800909,0.9835025,27.518965,32.263336,29.902044,25.85618,23.72166,33.167416,30.992752,30.10353,32.524498,32.70958,38.79724,36.9223,40.155617,40.958897,43.851948,2.5448947,2.0673842,6.66648,7.924368,1384.7,225,-0.040039062,0.020276899,-0.002197266,50,20,0.44967544,0.32721883,0.2420715,0.27404177,0.35584196,0.8181164,0.71810067,18.758102,18.76982,17.462759,18.063786,17.104486,20.497053,19.023792,18.647207,22.040329,21.852787,18.228472,22.13737,17.573029,20.502903,21.189802,20.813078,20.410316,20.643328,18.683681,19.219248,19.586884,18.976297,18.378218,19.424143,21.253054,21.385271,21.132124,21.502722,18.47195,17.423815,17.56241,19.779642,19.031036,16.933071,16.206541,18.279352,17.48077,15.268195,16.022646,17.030128,19.859188,20.195652,19.617205,19.83371,17.41225,17.53434,18.678484,18.992039,1.0817966,2.3061395,7.295424,0.45500952,29.891151,32.080086,37.85977,18.525686,20.503527,19.413996,19.818762,17.031658,19.01869,42.17
4446071.924,657869.7026,13.12418,1.1840171,1.1130041,27.52254,31.600819,28.337513,25.056408,22.693697,33.48973,31.499468,30.46828,33.273426,33.54281,38.42637,37.133682,41.090126,41.008575,43.38594,2.534992,2.0606616,6.757951,7.998945,1384.7,0,-0.040039062,0.028675864,-0.003295898,50,20,0.44967544,0.32721883,0.2420715,0.27404177,0.35584196,0.8181164,0.71810067,19.033264,18.365543,15.896153,18.221674,17.048271,20.454998,18.67293,18.497034,22.000986,20.565392,18.255625,22.48327,17.332699,20.75211,21.716175,20.801208,20.73028,21.861254,18.51482,20.424173,19.48904,18.844381,18.416004,19.78385,22.219658,23.249836,20.226826,20.37255,18.298649,17.725262,18.139168,20.011127,18.525034,19.446247,16.559832,18.93205,17.87047,15.582593,16.009241,17.502134,21.171528,20.5578,18.831547,18.061949,16.3344,18.517536,17.451975,18.780304,1.1485106,2.2978268,7.378448,0.45500952,29.56168,32.4946,37.780025,18.241833,20.44375,19.754278,20.033138,17.560781,18.703821,42.17
4446071.924,657874.7026,13.530932,1.1793259,1.2563882,27.415648,31.069265,27.044485,24.461855,22.653938,33.900475,32.278038,30.867678,33.84917,34.397636,37.9603,37.096096,41.459225,41.037605,42.864513,2.5151432,2.0626194,6.851177,8.06741,1384.7,45,0,0.10113712,0.001098633,25,20,0.4593907,0.33155045,0.24771458,0.2791817,0.3641057,0.84464556,0.6882554,19.033264,18.365543,15.896153,18.221674,17.048271,20.454998,18.67293,18.497034,22.000986,20.565392,18.255625,22.48327,17.332699,20.75211,21.716175,20.801208,20.73028,21.861254,18.51482,20.424173,19.48904,18.844381,18.416004,19.78385,22.219658,23.249836,20.226826,20.37255,18.298649,17.725262,18.139168,20.011127,18.525034,19.446247,16.559832,18.93205,17.87047,15.582593,16.009241,17.502134,21.171528,20.5578,18.831547,18.061949,16.3344,18.517536,17.451975,18.780304,1.2178571,2.2888813,7.459294,0.45926347,29.242456,33.089256,37.5282,18.241833,20.44375,19.754278,20.033138,17.560781,18.703821,42.17
4446071.924,657879.7026,16.472353,1.1846825,1.397389,27.323086,31.05921,25.811836,23.92133,22.122608,34.397167,32.930286,31.33141,34.4584,35.220818,37.364315,36.885426,41.851986,40.784782,42.20244,2.4922361,2.0572455,6.9437685,8.134175,1384.69,55.338493,0.0390625,0.22597162,0.002197266,25,20,0.4593907,0.33155045,0.24771458,0.2791817,0.3641057,0.84464556,0.6882554,18.682283,17.620117,16.750536,19.06803,17.539755,20.529116,18.466906,18.560867,20.775562,19.839195,17.235806,20.795172,16.966167,19.489698,18.875135,19.41245,20.939758,21.180805,20.58379,20.272259,19.324095,19.446835,17.451725,20.01759,20.88915,23.02553,21.665585,19.90155,19.662848,18.080713,17.58275,20.05709,18.984507,19.028385,18.546955,19.39722,19.142756,16.881203,15.297104,18.187311,18.423532,17.619587,17.66411,17.602587,16.367622,16.929533,15.460956,17.172247,1.2910358,2.2747407,7.538972,0.45926347,29.191147,33.663727,37.12487,18.379534,19.139536,19.885609,20.115446,18.18259,17.152561,42.17
4446071.924,657884.7026,18.697521,1.1825715,1.5244215,27.329659,31.046011,24.752802,23.481043,22.03825,34.92071,33.206417,31.778673,34.977055,36.07319,36.75033,36.88011,42.19071,40.717274,41.540257,2.4798176,2.0562625,7.039169,8.19434,1384.67,54.481243,0.041015625,0.36928186,0.004516602,25,20,0.4593907,0.33155045,0.24771458,0.2791817,0.3641057,0.84464556,0.6882554,19.640894,18.253948,15.780452,18.777733,16.37363,20.886583,18.63428,18.56929,22.231491,20.201912,17.335424,21.015509,17.103024,19.90957,18.565136,19.771381,21.44287,21.373251,19.521511,21.123209,18.25881,19.150173,17.85433,20.028564,21.42257,22.63464,21.49644,20.459887,19.381397,18.456024,18.313486,20.228676,19.397125,19.466587,17.867767,19.622236,18.144087,16.65293,15.29392,18.042059,18.81816,17.770645,17.476519,18.156548,17.775272,16.800314,16.16994,17.500988,1.3534966,2.2680402,7.6167545,0.45926347,29.187836,34.063564,36.815224,18.33536,19.480295,19.817736,20.309206,18.063522,17.566772,42.17
4446071.924,657889.7026,18.55661,1.1790534,1.6105164,27.428947,30.646732,24.004488,23.104303,21.737371,35.804924,33.85608,32.829185,35.813507,36.977142,35.903522,36.562847,41.8633,40.224533,40.768017,2.4694188,2.0557053,7.105757,8.233273,1384.64,59.54704,0.16015625,0.56507945,0.008911133,25,20,0.4593907,0.33155045,0.24771458,0.2791817,0.3641057,0.84464556,0.6882554,19.640894,18.253948,15.780452,18.777733,16.37363,20.886583,18.63428,18.56929,22.231491,20.201912,17.335424,21.015509,17.103024,19.90957,18.565136,19.771381,21.44287,21.373251,19.521511,21.123209,18.25881,19.150173,17.85433,20.028564,21.42257,22.63464,21.49644,20.459887,19.381397,18.456024,18.313486,20.228676,19.397125,19.466587,17.867767,19.622236,18.144087,16.65293,15.29392,18.042059,18.81816,17.770645,17.476519,18.156548,17.775272,16.800314,16.16994,17.500988,1.3947849,2.262562,7.6695147,0.45926347,29.03784,34.8305,36.233185,18.33536,19.480295,19.817736,20.309206,18.063522,17.566772,42.17
4446071.924,657894.7026,19.738214,1.174865,1.6552229,27.464035,30.707008,23.844156,22.823978,22.02812,36.583076,33.811443,33.212044,36.656696,37.87444,35.293594,36.425594,41.526222,39.97997,40.13813,2.476082,2.061726,7.1396194,8.238586,1384.58,62.968678,-0.041015625,0.78788507,0,25,20,0.4593907,0.33155045,0.24771458,0.2791817,0.3641057,0.84464556,0.6882554,19.189678,18.857864,15.799044,19.055817,15.98915,20.162157,18.647125,18.532736,23.088717,20.141796,17.361145,19.661015,16.78594,19.898844,19.134714,19.744503,21.00661,19.926414,18.874908,19.797611,17.639654,19.186426,17.896852,19.384287,22.911419,20.56886,21.907581,20.311584,18.791225,19.54762,18.501774,20.43252,19.943594,19.130548,17.73442,19.000988,18.04463,17.02331,16.075123,18.142317,18.887228,17.168808,17.328669,16.6095,16.930458,17.431879,16.629509,17.259705,1.415044,2.2689042,7.689103,0.45926347,29.085522,35.197258,35.859596,18.242977,19.438883,19.189783,20.362867,18.13609,17.28372,42.17
4446071.924,657899.7026,15.930407,1.1746529,1.6717154,27.036613,29.858662,23.863672,22.577045,21.55225,37.882397,34.80798,33.960823,37.747166,38.90568,34.29684,35.849045,41.04855,39.19632,39.1414,2.462362,2.0750914,7.155044,8.233298,1384.51,61.111507,-0.079589844,0.948905,-0.004394531,25,20,0.4593907,0.33155045,0.24771458,0.2791817,0.3641057,0.84464556,0.6882554,19.394945,18.545773,14.931119,19.452383,16.405294,20.200405,19.038832,18.427286,22.910809,19.359753,17.197657,19.8076,16.840483,19.968054,19.248331,19.6605,20.804512,21.32495,19.252148,19.044804,18.2449,18.092838,17.739758,19.331537,21.985224,20.750723,20.624208,19.504925,19.493973,19.293415,20.335642,20.34378,19.563635,19.945503,16.955547,18.991705,18.370514,16.981094,17.014029,18.325304,18.182026,16.935894,16.981117,17.209696,16.057,17.850058,16.629057,17.257977,1.4231842,2.2687268,7.694171,0.45926347,28.447638,36.34519,35.072945,18.28125,19.33324,19.214844,20.284016,18.26029,17.120693,42.17
4446071.924,657904.7026,18.513556,1.1851275,1.682121,27.065708,30.053768,24.054066,22.440369,21.785875,39.11405,35.381897,34.50469,38.671516,39.77734,33.288216,35.027985,40.351418,38.602333,38.24595,2.4667795,2.0864818,7.186723,8.225017,1384.44,60.069454,0.07910156,1.0907933,0.004394531,50,20,0.44091025,0.33471614,0.2510498,0.28725192,0.34045073,0.8236248,0.82579684,19.394945,18.545773,14.931119,19.452383,16.405294,20.200405,19.038832,18.427286,22.910809,19.359753,17.197657,19.8076,16.840483,19.968054,19.248331,19.6605,20.804512,21.32495,19.252148,19.044804,18.2449,18.092838,17.739758,19.331537,21.985224,20.750723,20.624208,19.504925,19.493973,19.293415,20.335642,20.34378,19.563635,19.945503,16.955547,18.991705,18.370514,16.981094,17.014029,18.325304,18.182026,16.935894,16.981117,17.209696,16.057,17.850058,16.629057,17.257977,1.4336243,2.2766306,7.7058697,0.4719715,28.559738,37.247974,34.1581,18.28125,19.33324,19.214844,20.284016,18.26029,17.120693,42.17
4446071.924,657909.7026,10.159472,1.2053965,1.6943036,27.039951,29.918453,24.2388,22.409216,22.331844,40.240406,35.388927,34.896378,39.36964,40.538616,32.356335,34.827896,39.83459,38.21334,37.538513,2.4884665,2.093765,7.2243104,8.201388,1384.35,62.52087,0.03955078,1.210535,0.002197266,50,20,0.44091025,0.33471614,0.2510498,0.28725192,0.34045073,0.8236248,0.82579684,20.00501,18.317402,15.951286,17.33407,17.090105,20.542063,18.306269,18.439426,23.006443,20.07703,17.091738,20.825966,16.941769,19.975668,19.243425,19.906164,21.624502,20.890617,20.426239,19.744423,17.950008,18.486118,17.486164,19.65805,21.86333,21.824417,20.816189,20.640663,20.072025,20.012075,18.150827,20.565023,19.537342,19.541922,16.420208,19.495071,18.434109,18.330366,16.222687,18.444586,18.497952,17.408783,16.593548,17.872253,15.899895,17.309778,16.666592,17.275028,1.4498501,2.2911158,7.7128496,0.4719715,28.479202,37.814667,33.592117,18.220884,19.594578,19.515438,20.48279,18.2831,17.1784,42.17
4446071.924,657914.7026,14.512472,1.2115953,1.7017031,27.006525,29.91395,24.454046,22.310999,22.38534,41.538513,35.84238,35.51104,40.164845,41.280716,31.256536,34.18714,39.05154,37.647034,36.74108,2.497587,2.0959618,7.2695274,8.194319,1384.25,65.96875,0,1.3016142,0.001098633,50,20,0.44091025,0.33471614,0.2510498,0.28725192,0.34045073,0.8236248,0.82579684,20.346632,17.950073,17.432505,17.10412,16.526106,20.058578,18.740606,18.523085,21.944462,21.13015,17.088537,20.947258,17.016489,19.84678,19.106459,19.898363,21.483768,21.356441,18.543457,20.0577,18.904968,18.60283,17.670338,19.661268,21.02613,20.782606,20.143314,20.895096,20.191202,19.84616,17.566135,20.167837,19.213583,19.181452,16.9732,19.383585,19.363766,16.818743,15.985805,18.17508,17.734821,17.073597,17.31213,17.617903,16.659317,17.466925,16.572157,17.33055,1.4566492,2.2967744,7.731923,0.4719715,28.460238,38.690445,32.72184,18.308374,19.582874,19.517073,20.064379,18.131447,17.205265,42.17
4446066.924,657759.7026,13.577101,1.2824205,0.90641856,28.239412,33.80859,30.870558,28.74953,25.511055,32.808403,31.62641,29.94763,31.860056,44.84513,38.86507,34.159897,38.410664,39.357944,32.805653,2.640193,2.1441956,6.3542967,7.8826284,1384.81,86.173515,0.12060547,0.21484753,0.006713867,10,20,0.48633078,0.33638403,0.24367413,0.28001103,0.35754222,0.85140043,0.7104185,18.750132,18.28363,16.819817,17.178936,16.094,19.909992,18.726673,18.172085,17.878149,17.424385,14.938406,15.641307,14.559596,17.620062,17.481056,16.768257,19.472225,19.940369,20.109623,16.919462,17.230703,18.314713,16.893028,18.516487,19.098564,19.742355,20.067394,18.46443,19.362865,16.793037,17.862783,18.711933,19.1544,18.230204,16.047031,17.877424,16.879402,15.29728,15.396468,16.92841,20.21854,18.729568,20.33591,18.961847,19.051083,18.638836,18.77536,19.199024,1.0944195,2.3921943,7.1184626,0.4665373,31.024002,32.217407,36.51248,17.96617,16.506138,18.411448,18.770205,16.983173,19.24445,42.17
4446066.924,657764.7026,9.536442,1.2817202,0.87719285,28.232738,33.80835,31.023544,28.837173,25.543802,33.01801,31.681486,29.878372,31.841316,46.274277,38.7113,34.089043,38.38157,39.30672,31.295935,2.6381748,2.1432354,6.3418846,7.881565,1384.79,86.18593,0.080078125,0.21554539,0.005615234,25,20,0.48633078,0.33638403,0.24367413,0.28001103,0.35754222,0.85140043,0.7104185,18.857077,18.361935,16.103085,17.255646,15.852112,19.55153,18.273514,18.03286,21.91158,19.365047,17.610981,18.455507,16.91491,20.771181,20.645624,19.660309,20.403206,18.871042,18.058678,16.866598,16.530294,18.58691,17.27823,18.313221,20.451923,18.333485,18.661327,17.353382,18.304565,17.291698,17.542835,18.295479,19.102188,17.312422,16.35917,16.701921,16.599487,15.72045,14.338831,16.569103,18.963863,19.475718,19.386196,19.195265,18.796135,18.358843,18.934126,19.043137,1.0794566,2.390705,7.111725,0.4665373,31.020544,32.349747,36.40017,17.7507,19.38212,18.084993,18.277029,16.59064,19.015734,42.17
4446066.924,657769.7026,6.7538576,1.2806566,0.85212845,28.226755,33.808945,31.366028,29.280483,25.767673,33.003864,31.659712,29.778961,31.538853,46.058514,38.76184,34.103317,38.243942,39.191208,30.75666,2.6376152,2.14239,6.3446817,7.8750973,1384.77,74.0546,0.040039062,0.20876254,0.003295898,25,20,0.48633078,0.33638403,0.24367413,0.28001103,0.35754222,0.85140043,0.7104185,18.341442,17.663898,14.341394,18.68088,15.944745,19.035715,18.184168,17.655159,21.614841,20.091763,17.791746,19.117153,17.297318,20.845066,20.048946,19.898523,19.514929,19.37704,16.358288,17.642527,19.78759,17.904007,18.144476,18.378025,19.904207,19.076218,18.083506,17.806454,19.57514,16.981146,17.544958,18.373034,19.5952,17.23547,16.565582,16.998259,15.97744,15.707812,16.671644,17.052794,19.652842,17.904297,16.773129,17.122818,19.607533,17.279518,19.10779,18.240286,1.0663925,2.3900027,7.1098895,0.4665373,31.017849,32.331787,36.43258,17.456034,19.543835,18.389835,18.424517,16.964487,18.206844,42.17
4446066.924,657774.7026,5.103513,1.273202,0.834054,28.33855,34.201786,31.97319,30.196144,26.302164,32.675114,31.320528,29.5792,30.86212,43.6916,39.095047,34.205082,37.942738,39.008755,31.531984,2.6368752,2.1305068,6.36719,7.8601093,1384.75,63.434948,-0.040039062,0.19236283,-0.001098633,25,20,0.48633078,0.33638403,0.24367413,0.28001103,0.35754222,0.85140043,0.7104185,18.341442,17.663898,14.341394,18.68088,15.944745,19.035715,18.184168,17.655159,21.614841,20.091763,17.791746,19.117153,17.297318,20.845066,20.048946,19.898523,19.514929,19.37704,16.358288,17.642527,19.78759,17.904007,18.144476,18.378025,19.904207,19.076218,18.083506,17.806454,19.57514,16.981146,17.544958,18.373034,19.5952,17.23547,16.565582,16.998259,15.97744,15.707812,16.671644,17.052794,19.652842,17.904297,16.773129,17.122818,19.607533,17.279518,19.10779,18.240286,1.053628,2.3836908,7.1136494,0.4665373,31.270168,31.997822,36.650063,17.456034,19.543835,18.389835,18.424517,16.964487,18.206844,42.17
4446066.924,657779.7026,15.507494,1.2697073,0.81395984,28.333744,34.204052,32.69067,31.304443,26.891827,32.29325,31.17401,29.425678,30.037283,40.70318,39.491444,34.34857,37.58884,38.770443,32.50225,2.6375802,2.129246,6.391225,7.843137,1384.74,65.556046,0.080078125,0.17324539,0.003295898,25,20,0.48633078,0.33638403,0.24367413,0.28001103,0.35754222,0.85140043,0.7104185,19.040138,17.492554,14.50469,17.476812,15.826281,20.929228,18.323124,17.874226,21.266043,19.557545,18.28307,18.86301,17.137844,21.164255,19.974798,19.796307,19.676357,20.305561,16.987988,17.698294,18.869034,18.253828,17.508343,18.596228,18.48695,19.890947,18.074581,17.594994,19.343445,17.255367,16.959547,18.232773,19.475628,17.605402,16.752703,16.140568,15.019927,15.051085,15.812452,16.618793,19.947617,18.095728,16.690304,18.152664,20.086515,17.751911,19.088007,18.525003,1.0418336,2.383413,7.117181,0.4665373,31.268898,31.733631,36.920006,17.656118,19.463795,18.471344,18.229404,16.551111,18.544678,42.17
4446066.924,657784.7026,12.74511,1.2662598,0.78883594,28.326818,34.206257,33.512356,32.515446,27.547504,31.945803,31.047258,29.260414,29.145596,37.813618,39.87362,34.46141,37.18033,38.502304,33.16619,2.6376276,2.1278226,6.4075403,7.8247547,1384.72,71.56505,-0.080078125,0.1813615,-0.002197266,25,20,0.44942346,0.32370487,0.23580445,0.27494925,0.3511353,0.81849074,0.7230969,19.512585,17.500782,17.171469,18.246021,16.36093,21.141567,17.996264,18.472004,22.546038,21.971577,18.96389,20.533236,18.250196,21.345036,21.01982,20.931423,22.122509,22.204586,19.552027,18.856722,18.920877,18.29841,17.698572,19.678253,19.929937,20.82431,19.50045,19.929108,18.479336,18.314972,19.499329,19.483606,19.824858,19.184715,17.866077,16.998549,15.682516,16.161694,16.37565,17.490509,20.04782,19.709986,19.884205,18.937338,17.343075,18.006752,19.699282,19.120876,1.0275478,2.3827252,7.1161475,0.4538007,31.266537,31.49653,37.167515,18.275661,20.661398,19.664814,19.496778,17.442009,19.08978,42.17
4446066.924,657789.7026,10.67231,1.2630073,0.7591738,28.316973,34.208675,34.456676,33.84349,28.279943,31.639273,30.940168,29.091003,28.182922,35.093853,40.24554,34.532486,36.69973,38.19359,33.476097,2.6371596,2.126253,6.4149485,7.805388,1384.71,68.19859,0.040039062,0.15442389,0.001098633,25,20,0.44942346,0.32370487,0.23580445,0.27494925,0.3511353,0.81849074,0.7230969,19.512585,17.500782,17.171469,18.246021,16.36093,21.141567,17.996264,18.472004,22.546038,21.971577,18.96389,20.533236,18.250196,21.345036,21.01982,20.931423,22.122509,22.204586,19.552027,18.856722,18.920877,18.29841,17.698572,19.678253,19.929937,20.82431,19.50045,19.929108,18.479336,18.314972,19.499329,19.483606,19.824858,19.184715,17.866077,16.998549,15.682516,16.161694,16.37565,17.490509,20.04782,19.709986,19.884205,18.937338,17.343075,18.006752,19.699282,19.120876,1.0110905,2.3817062,7.1101685,0.4538007,31.262825,31.28972,37.389015,18.275661,20.661398,19.664814,19.496778,17.442009,19.08978,42.17
4446066.924,657794.7026,8.086548,1.2573738,0.7293415,28.013706,34.670338,35.458683,35.21523,28.921074,31.37013,30.459272,28.945316,27.202902,32.618553,40.64309,34.610294,36.26612,37.86528,33.544403,2.6374416,2.118886,6.4123607,7.7797,1384.7,56.309933,0.040039062,0.10339219,0.001098633,25,20,0.44942346,0.32370487,0.23580445,0.27494925,0.3511353,0.81849074,0.7230969,19.26774,19.172586,15.998138,17.703808,17.504248,20.512848,17.362005,18.44721,23.134043,22.456692,18.686802,20.953377,18.540195,21.591818,20.85818,21.156109,22.22048,21.473904,18.31824,19.94602,19.159794,19.82448,18.64104,20.099506,21.779295,20.738255,20.230305,19.028673,19.105122,19.220263,18.964172,19.859516,20.637913,19.533247,18.793411,19.695496,16.054394,16.292982,16.341026,18.318707,20.86711,20.51546,20.985233,20.026134,18.531713,18.891768,18.981678,19.880575,0.99335766,2.3781638,7.09603,0.4538007,31.342022,30.914701,37.626694,18.21734,20.888731,19.940565,19.866583,18.192638,19.828444,42.17
4446066.924,657799.7026,13.8169565,1.2540482,0.7081873,28.001547,34.672424,36.389442,35.97102,29.271791,31.147373,30.366438,28.70978,26.655416,31.04692,40.939175,34.687286,35.872524,37.699127,33.969242,2.6408315,2.1171691,6.407082,7.7677894,1384.69,45,-0.080078125,0.060830675,-0.003295898,25,20,0.44942346,0.32370487,0.23580445,0.27494925,0.3511353,0.81849074,0.7230969,19.26774,19.172586,15.998138,17.703808,17.504248,20.512848,17.362005,18.44721,22.39174,21.121515,17.256136,20.18853,17.188293,19.974741,18.816036,19.833632,22.22048,21.473904,18.31824,19.94602,19.159794,19.82448,18.64104,20.099506,21.783216,20.733809,20.228825,19.020388,19.10784,19.222017,18.962738,19.858444,20.447857,19.316639,18.66027,19.49267,15.81718,16.142023,16.18961,18.136892,17.842855,19.093191,17.357992,18.054949,17.89498,16.510715,17.076775,17.633284,0.9811177,2.3790002,7.0874357,0.4538007,31.336987,30.756905,37.813232,18.21734,19.562428,19.940565,19.86555,18.009462,17.690208,42.17
4446066.924,657804.7026,18.623192,1.2537566,0.7051193,27.998499,34.93336,36.93106,35.55593,28.82057,30.891413,29.735819,28.270199,26.925074,30.979193,41.180614,35.150578,36.062237,37.854576,35.205532,2.6706512,2.0996017,6.4025187,7.7681203,1384.69,45,0,0.020276899,-0.001098633,25,20,0.44942346,0.32370487,0.23580445,0.27494925,0.3511353,0.81849074,0.7230969,19.307886,18.979122,16.083305,18.499376,17.171785,19.809984,17.605167,18.432453,21.17109,19.898153,17.15807,20.56308,17.097353,19.482653,19.21845,19.489399,20.614689,21.40489,18.889927,19.679085,18.90683,19.277699,18.59878,19.804897,22.289083,20.037853,19.687254,19.773996,19.908047,18.75799,19.258844,19.895443,20.220907,19.30016,18.87841,19.856886,16.92158,16.625355,16.891733,18.420488,17.931906,17.02863,17.181904,17.76539,17.243235,16.521023,16.666265,17.105774,0.97943795,2.3851266,7.0853195,0.4538007,31.46593,30.313616,38.165596,18.208088,19.226976,19.624557,19.95901,18.385006,17.191195,42.17
4446066.924,657809.7026,19.492907,1.2503779,0.7100904,27.994444,34.933197,37.469494,34.80751,28.147524,30.70805,29.613153,27.885674,27.431381,31.457012,41.338535,35.383286,36.110954,38.098484,36.63707,2.6833637,2.0983043,6.3916907,7.7720346,1384.69,270,-0.040039062,0.057351712,-0.003295898,25,20,0.44942346,0.32370487,0.23580445,0.27494925,0.3511353,0.81849074,0.7230969,19.462584,18.993906,16.123646,18.493788,16.795269,19.007113,18.364058,18.3875,21.174765,19.542257,16.746403,21.244675,17.183182,19.570011,18.858368,19.480326,20.062439,21.933224,19.05962,21.503042,20.388657,17.22723,18.090574,19.884022,21.08075,20.609499,19.309166,20.904448,22.161026,18.28692,18.561373,20.033567,18.941736,19.4362,18.841078,19.845217,18.995369,16.408493,16.902472,18.431952,17.51332,17.688478,18.616543,18.333609,18.36267,15.737776,15.862473,17.384798,0.98023415,2.3908339,7.0818624,0.4538007,31.463821,30.160603,38.36091,18.177195,19.188522,19.752111,20.130453,18.481508,17.44498,42.17
4446066.924,657814.7026,12.030452,1.238934,0.7192049,27.931189,34.736725,38.11471,34.127747,27.5128,30.595697,30.055506,27.593252,27.87224,31.960299,41.44412,35.265667,35.928566,38.40411,37.948967,2.667612,2.103275,6.374372,7.7765756,1384.7,270,0.040039062,0.057351712,0.003295898,50,20,0.44750848,0.3174376,0.23544742,0.27731073,0.34746435,0.81191736,0.7214086,19.462584,18.993906,16.123646,18.493788,16.795269,19.007113,18.364058,18.3875,22.611376,20.694546,18.023306,21.947975,17.995045,21.369993,20.780426,20.793295,20.062439,21.933224,19.05962,21.503042,20.388657,17.22723,18.090574,19.884022,21.086216,20.616924,19.309696,20.90693,22.161037,18.283155,18.56499,20.035225,19.072548,19.592207,18.973997,19.976059,19.159264,16.517277,17.010443,18.56174,20.078878,20.439144,21.250141,21.474241,21.011003,17.82275,18.44778,20.020996,0.9790695,2.3854437,7.075474,0.4512135,31.333958,30.325602,38.354893,18.177195,20.488953,19.752111,20.132708,18.614542,20.074848,42.17
4446066.924,657819.7026,9.204965,1.2448834,0.7164217,27.690325,34.604065,38.67675,33.540737,26.84916,30.426039,29.525124,27.26591,28.325846,32.351254,41.63009,35.845615,35.9715,38.34606,39.076996,2.7007475,2.0869768,6.356859,7.7861104,1384.7,-1,0,0,0,50,20,0.44750848,0.3174376,0.23544742,0.27731073,0.34746435,0.81191736,0.7214086,19.184048,19.080002,16.285006,19.049875,16.730474,19.687542,17.697401,18.509615,22.902485,20.743881,18.915533,22.078903,17.93149,20.859144,21.456244,21.021282,22.103619,20.23972,19.467827,22.106918,20.103334,18.176226,19.271818,20.368982,20.859974,20.618662,20.185423,21.81002,21.440096,18.683521,18.227926,20.179543,18.402489,19.518156,17.506954,19.615002,18.026384,16.298384,16.662539,18.056799,19.439447,20.035501,19.243937,21.448843,19.530884,19.125107,19.161587,19.81052,0.9806526,2.3938622,7.0714846,0.4512135,31.147194,29.975582,38.737854,18.244907,20.69824,20.20992,20.260803,18.004272,19.712187,42.17
4446066.924,657824.7026,8.375998,1.2334799,0.7146036,27.876228,34.012413,38.982624,32.922516,26.335205,30.38683,29.516119,27.067642,28.700195,32.65169,41.616386,36.230347,36.185642,38.580715,40.09007,2.7035067,2.07425,6.34649,7.802722,1384.7,270,-0.040039062,0.057351712,-0.003295898,50,20,0.44750848,0.3174376,0.23544742,0.27731073,0.34746435,0.81191736,0.7214086,17.987915,18.796206,16.363667,18.936916,16.60725,19.3966,18.065693,18.296228,24.315271,21.438274,19.040127,21.903784,18.51159,21.226072,21.920101,21.500433,23.575558,19.932734,19.912928,21.09848,20.3293,18.679108,18.718382,20.403093,23.248154,21.454145,21.186098,22.308004,21.056822,19.069204,18.218,20.94737,19.45377,18.968994,17.399435,19.52196,18.088215,16.925682,16.158575,18.175003,21.104374,18.970654,19.295862,21.242567,18.7902,18.209335,19.664644,19.649738,0.9740417,2.3888783,7.074606,0.4512135,30.94432,29.951473,38.923367,18.022036,21.193604,20.320927,20.934347,18.073805,19.61109,42.17
4446066.924,657829.7026,16.262175,1.2329912,0.71991307,27.690987,33.551086,38.68338,32.159954,25.811861,30.450068,29.540728,27.041265,29.047945,32.747757,41.60239,36.51731,36.5722,38.95645,41.013374,2.6993966,2.0490193,6.341993,7.804766,1384.71,270,0.040039062,0.057351712,0.003295898,50,20,0.44750848,0.3174376,0.23544742,0.27731073,0.34746435,0.81191736,0.7214086,18.252205,19.020905,16.608343,19.159105,16.803185,19.627712,18.307829,18.531115,24.275455,21.377895,19.009315,21.851835,18.460169,21.218866,21.928295,21.467787,23.587963,19.941702,19.930462,21.104168,20.360235,18.709654,18.723257,20.419361,23.249989,21.455584,21.186098,22.31073,21.058619,19.069204,18.218,20.94845,19.450542,18.964966,17.393848,19.518051,18.08323,16.922777,16.15421,18.170912,21.097984,18.96267,19.287254,21.234682,18.782219,18.201353,19.656921,19.641922,0.9764521,2.374208,7.0733795,0.4512135,30.621037,29.995398,39.059853,18.254183,21.160261,20.336777,20.93546,18.06966,19.603298,42.17
4446066.924,657834.7026,14.012419,1.2281655,0.72508657,27.683748,33.548428,37.758102,31.214632,25.429504,30.642515,29.485691,27.233063,29.388395,32.58636,41.445576,36.649616,37.07495,39.455456,41.927883,2.6902423,2.048376,6.359559,7.802939,1384.71,-1,0,0,0,50,20,0.44750848,0.3174376,0.23544742,0.27731073,0.34746435,0.81191736,0.7214086,18.586895,18.240768,16.178288,18.455423,16.873024,19.941954,18.833368,18.301336,23.936298,20.76809,18.545687,21.764364,17.994884,22.010937,21.095402,21.222332,24.92339,21.12912,18.304506,20.646832,20.942715,19.20187,17.83145,20.486872,22.165455,20.536852,20.333164,22.137146,21.658693,18.25529,19.651627,20.653816,18.4538,19.397837,17.505169,19.770859,18.946949,17.825228,15.8812275,18.40119,21.284668,16.454403,19.510061,20.47505,20.974495,18.227123,18.04478,19.386295,0.97662604,2.3693092,7.081249,0.4512135,30.616089,30.064102,39.047596,18.158531,20.873667,20.4257,20.67689,18.254438,19.281511,42.17
4446066.924,657839.7026,9.64505,1.2030226,0.72925955,27.565271,32.62926,36.419926,30.11912,24.726297,30.97328,29.523443,27.590216,29.834148,32.349888,41.145008,37.113663,37.953335,39.888264,42.674572,2.667845,2.0667598,6.3981156,7.8142242,1384.71,-1,0,0,0,50,20,0.44750848,0.3174376,0.23544742,0.27731073,0.34746435,0.81191736,0.7214086,18.17097,18.638443,16.441067,19.420145,17.82119,19.508307,17.772043,18.370892,23.734192,20.642231,18.47801,21.346504,17.931293,21.757715,20.94288,21.062006,24.627115,22.12222,20.851398,19.008627,19.642553,18.083899,19.08836,20.394447,22.197037,21.261555,20.222687,19.341589,20.123993,18.424366,18.764486,19.919973,19.749615,19.134148,17.375235,19.668657,17.968876,17.093506,16.489801,18.325577,21.810093,18.36073,19.34522,19.176111,18.62387,18.25679,18.810013,19.048662,0.9661411,2.3673024,7.1061697,0.4512135,30.097267,30.248362,39.129333,18.253166,20.690403,20.489168,20.047958,18.211405,19.197546,42.17
4446066.924,657844.7026,20.087898,1.1991615,0.7417252,27.567167,32.62268,35.07234,29.133371,24.445189,31.32419,29.56942,27.996191,30.17629,32.058544,40.76914,37.187527,38.520775,40.40443,43.291004,2.6504538,2.0653412,6.432599,7.812686,1384.71,90,0.040039062,0.028675864,0.001098633,50,20,0.44967544,0.32721883,0.2420715,0.27404177,0.35584196,0.8181164,0.71810067,18.17097,18.638443,16.441067,19.420145,17.82119,19.508307,17.772043,18.370892,23.734192,20.642231,18.47801,21.346504,17.931293,21.757715,20.94288,21.062006,24.627115,22.12222,20.851398,19.008627,19.642553,18.083899,19.08836,20.394447,22.197037,21.261555,20.222687,19.341589,20.123993,18.424366,18.764486,19.919973,19.749615,19.134148,17.375235,19.668657,17.968876,17.093506,16.489801,18.325577,21.810093,18.36073,19.34522,19.176111,18.62387,18.25679,18.810013,19.048662,0.97044337,2.3578975,7.1226425,0.45500952,30.094925,30.446804,38.978333,18.253166,20.690403,20.489168,20.047958,18.211405,19.197546,42.17
4446066.924,657849.7026,23.381159,1.192796,0.76149243,27.820349,32.485283,33.796284,28.219885,24.148964,31.664343,29.628311,28.300041,30.505339,31.748953,40.290276,37.313625,39.164806,40.864834,43.820293,2.6006188,2.0775545,6.4645667,7.8085384,1384.7,45,-0.16015625,0.020276899,-0.0078125,50,20,0.44967544,0.32721883,0.2420715,0.27404177,0.35584196,0.8181164,0.71810067,17.36123,18.792557,16.398369,18.720608,15.756845,20.337496,18.146221,18.197647,22.793852,20.31026,18.141531,21.613482,18.358433,21.810745,21.646057,21.020855,23.33039,21.379084,20.325571,20.362001,17.901932,18.231403,17.31826,19.921003,21.762646,22.053766,19.998407,20.145256,17.713997,18.50218,18.421556,19.971445,19.154568,19.521433,17.112463,18.909037,17.096628,16.4231,16.495916,17.908752,20.609657,19.51141,19.784851,19.776995,17.956867,18.003464,17.848938,19.11173,0.97714424,2.3390865,7.136553,0.45500952,30.152817,30.646328,38.80195,17.930475,20.667767,19.83552,19.799686,17.816164,19.070312,42.17
4446066.924,657854.7026,23.252668,1.1837869,0.78857523,27.832184,32.61068,32.66734,27.424875,24.060663,32.09984,29.635374,28.813663,30.73389,31.41634,39.700626,37.335247,39.544777,41.4201,44.213387,2.5816998,2.0765193,6.5084753,7.801754,1384.71,18.434948,0.12011719,0.045340516,0.004394531,50,20,0.44967544,0.32721883,0.2420715,0.27404177,0.35584196,0.8181164,0.71810067,18.053585,19.249165,17.00623,19.050875,16.774185,20.628859,18.22221,18.658588,21.605118,20.221632,18.416525,22.019257,17.278944,22.29301,21.881449,20.969252,21.702206,20.440586,18.938826,19.713913,19.143547,18.664875,17.64638,19.560726,21.56641,21.562319,20.129675,20.203432,18.129408,18.268467,18.207127,19.865925,18.43259,18.68354,16.131754,18.160172,17.55383,16.370794,16.61994,17.507177,20.663269,20.346687,18.169172,18.777796,19.586227,17.204548,18.17146,18.937918,0.986181,2.3291097,7.1551147,0.45500952,30.221432,30.867607,38.517937,18.426443,20.53085,19.464334,19.723833,17.421803,18.988451,42.17
4446066.924,657859.7026,21.366137,1.1790614,0.8424832,27.848724,32.60044,31.545837,26.680548,23.88056,32.462147,29.734602,29.230846,31.066841,31.310518,39.181656,37.450058,39.93826,41.78847,44.445602,2.5573504,2.0761647,6.5566754,7.809318,1384.7,11.309932,-0.080078125,0.07310936,-0.005615234,50,20,0.44967544,0.32721883,0.2420715,0.27404177,0.35584196,0.8181164,0.71810067,17.791279,19.00669,16.77163,18.797546,16.600536,20.422983,17.9977,18.426903,21.634804,20.266727,18.431856,22.055376,17.319382,22.279049,21.872646,20.988367,21.672178,20.3802,18.913082,19.699598,19.131165,18.665556,17.646807,19.540825,21.564459,21.55842,20.127726,20.200611,18.12239,18.267076,18.207127,19.863392,18.43582,18.68642,16.136017,18.164015,17.557943,16.376276,16.623318,17.511135,20.67028,20.355913,18.179024,18.786818,19.594536,17.2128,18.179356,18.946445,1.0107723,2.3167577,7.1829967,0.45500952,30.224583,31.098373,38.315857,18.198338,20.551407,19.444082,19.721115,17.425688,18.996962,42.17
4446066.924,657864.7026,17.28635,1.1773312,0.9626741,27.54028,32.26656,29.85153,25.87251,23.763494,32.90786,30.92179,30.032623,31.881823,32.0634,38.902798,36.95534,40.300343,41.586628,44.329765,2.5321512,2.069557,6.640135,7.896676,1384.7,336.80142,-0.12011719,0.109194316,-0.006713867,50,20,0.44967544,0.32721883,0.2420715,0.27404177,0.35584196,0.8181164,0.71810067,18.758102,18.76982,17.462759,18.063786,17.104486,20.497053,19.023792,18.647207,22.040329,21.852787,18.228472,22.13737,17.573029,20.502903,21.189802,20.813078,20.410316,20.643328,18.683681,19.219248,19.586884,18.976297,18.378218,19.424143,21.253054,21.385271,21.132124,21.502722,18.47195,17.423815,17.56241,19.779642,19.031036,16.933071,16.206541,18.279352,17.48077,15.268195,16.022646,17.030128,19.859188,20.195652,19.617205,19.83371,17.41225,17.53434,18.678484,18.992039,1.0700027,2.3008542,7.2684054,0.45500952,29.90342,31.914825,37.92907,18.525686,20.503527,19.413996,19.818762,17.031658,19.01869,42.17
4446066.924,657869.7026,12.168659,1.1813864,1.0948145,27.532938,31.604406,28.213165,25.089396,22.70339,33.201427,31.413652,30.365198,32.650303,32.89345,38.686253,37.168877,41.31691,41.58361,43.99185,2.520151,2.0628405,6.72182,7.982664,1384.71,345.96375,0.040039062,0.11823346,0.001098633,50,20,0.44967544,0.32721883,0.2420715,0.27404177,0.35584196,0.8181164,0.71810067,19.277538,18.624014,16.130753,18.454899,17.262585,20.672445,18.888159,18.729652,21.9713,20.505014,18.240294,22.438179,17.294945,20.76541,21.72498,20.77964,20.767729,21.936518,18.547985,20.427902,19.51462,18.852774,18.419458,19.80919,22.219658,23.243284,20.228775,20.377228,18.305666,17.725262,18.139168,20.012022,18.52038,19.442259,16.554592,18.928175,17.867136,15.579076,16.005863,17.498074,21.164516,20.549192,18.821695,18.052927,16.325941,18.509457,17.443546,18.771793,1.1381004,2.2914958,7.352242,0.45500952,29.568672,32.30754,37.927567,18.472914,20.420017,19.780996,20.03415,17.556782,18.695324,42.17
4446066.924,657874.7026,15.377867,1.1774318,1.2299784,27.533108,31.590097,26.80637,24.482153,22.537014,33.529324,31.61262,30.755598,33.303543,33.665287,38.39077,37.29399,41.947296,41.512817,43.640236,2.499139,2.0615778,6.8021154,8.056399,1384.71,18.434948,0.040039062,0.13602132,0.002197266,25,20,0.4593907,0.33155045,0.24771458,0.2791817,0.3641057,0.84464556,0.6882554,19.277538,18.624014,16.130753,18.454899,17.262585,20.672445,18.888159,18.729652,21.9713,20.505014,18.240294,22.438179,17.294945,20.76541,21.72498,20.77964,20.767729,21.936518,18.547985,20.427902,19.51462,18.852774,18.419458,19.80919,22.219658,23.243284,20.228775,20.377228,18.305666,17.725262,18.139168,20.012022,18.52038,19.442259,16.554592,18.928175,17.867136,15.579076,16.005863,17.498074,21.164516,20.549192,18.821695,18.052927,16.325941,18.509457,17.443546,18.771793,1.2037051,2.2803583,7.4292574,0.45926347,29.561604,32.570972,37.84238,18.472914,20.420017,19.780996,20.03415,17.556782,18.695324,42.17
4446066.924,657879.7026,17.609158,1.173071,1.3621271,27.416544,31.059633,25.71795,23.99625,22.50088,34.035328,32.411594,31.157198,33.842087,34.42236,37.941074,37.178577,42.177677,41.49153,43.225853,2.4798465,2.0636303,6.874614,8.119435,1384.7,33.676613,-0.040039062,0.20654124,-0.001098633,25,20,0.4593907,0.33155045,0.24771458,0.2791817,0.3641057,0.84464556,0.6882554,18.682283,17.620117,16.750536,19.06803,17.539755,20.529116,18.466906,18.560867,21.568707,20.959713,19.14548,21.75992,17.88581,21.083487,20.94967,20.767956,20.939758,21.180805,20.58379,20.272259,19.324095,19.446835,17.451725,20.01759,20.891638,23.037342,21.666119,19.9018,19.662498,18.079351,17.579784,20.05832,19.093868,19.247608,18.65773,19.531487,19.37969,16.973413,15.372011,18.318815,21.050613,19.81728,19.706879,19.657175,17.455883,18.996138,17.55567,19.205254,1.2675991,2.2717385,7.4970245,0.45926347,29.238089,33.22346,37.559826,18.379534,20.47897,19.885609,20.116932,18.32226,19.177092,42.17
4446066.924,657884.7026,20.70803,1.169762,1.4750887,27.522192,30.659187,24.672344,23.537052,22.137623,34.690334,32.967274,32.09929,34.585247,35.21643,37.328915,37.059814,42.161648,41.13922,42.674538,2.466318,2.0621283,6.9392376,8.173107,1384.69,45,0.07910156,0.3236851,0.004394531,25,20,0.4593907,0.33155045,0.24771458,0.2791817,0.3641057,0.84464556,0.6882554,19.640894,18.253948,15.780452,18.777733,16.37363,20.886583,18.63428,18.56929,22.231491,20.201912,17.335424,21.015509,17.103024,19.90957,18.565136,19.771381,21.44287,21.373251,19.521511,21.123209,18.25881,19.150173,17.85433,20.028564,21.42257,22.63464,21.49644,20.459887,19.381397,18.456024,18.313486,20.228676,19.397125,19.466587,17.867767,19.622236,18.144087,16.65293,15.29392,18.042059,18.81816,17.770645,17.476519,18.156548,17.775272,16.800314,16.16994,17.500988,1.3224254,2.264223,7.5561724,0.45926347,29.09069,33.828804,37.194366,18.33536,19.480295,19.817736,20.309206,18.063522,17.566772,42.17
4446066.924,657889.7026,18.49828,1.1672735,1.5626519,27.51108,30.648413,24.000957,23.189236,22.089577,35.45667,33.33489,32.664276,35.334476,36.07587,36.64432,36.805378,42.11184,40.802143,42.00299,2.453908,2.0613973,6.9991913,8.21187,1384.66,49.580597,0.000976563,0.5077893,0.001098633,25,20,0.4593907,0.33155045,0.24771458,0.2791817,0.3641057,0.84464556,0.6882554,19.640894,18.253948,15.780452,18.777733,16.37363,20.886583,18.63428,18.56929,22.231491,20.201912,17.335424,21.015509,17.103024,19.90957,18.565136,19.771381,21.44287,21.373251,19.521511,21.123209,18.25881,19.150173,17.85433,20.028564,21.42257,22.63464,21.49644,20.459887,19.381397,18.456024,18.313486,20.228676,19.397125,19.466587,17.867767,19.622236,18.144087,16.65293,15.29392,18.042059,18.81816,17.770645,17.476519,18.156548,17.775272,16.800314,16.16994,17.500988,1.3649627,2.2576528,7.6055307,0.45926347,29.079746,34.39578,36.72485,18.33536,19.480295,19.817736,20.309206,18.063522,17.566772,42.17
4446066.924,657894.7026,18.911,1.1711062,1.6249319,27.44632,30.712696,23.783823,22.888926,21.9612,36.305824,33.69127,33.110996,36.19899,37.021156,35.90148,36.413387,41.70254,40.34723,41.20922,2.4525075,2.0635753,7.042325,8.222948,1384.62,51.15755,0.03955078,0.75380915,0.004394531,25,20,0.4593907,0.33155045,0.24771458,0.2791817,0.3641057,0.84464556,0.6882554,19.189678,18.857864,15.799044,19.055817,15.98915,20.162157,18.647125,18.532736,23.088717,20.141796,17.361145,19.661015,16.78594,19.898844,19.134714,19.744503,21.00661,19.926414,18.874908,19.797611,17.639654,19.186426,17.896852,19.384287,22.911419,20.56886,21.907581,20.311584,18.791225,19.54762,18.501774,20.43252,19.943594,19.130548,17.73442,19.000988,18.04463,17.02331,16.075123,18.142317,18.887228,17.168808,17.328669,16.6095,16.930458,17.431879,16.629509,17.259705,1.3980191,2.2580414,7.6326365,0.45926347,29.079508,34.998547,36.157433,18.242977,19.438883,19.189783,20.362867,18.13609,17.28372,42.17
4446066.924,657899.7026,18.21109,1.1752046,1.6610628,27.089518,29.929394,23.653994,22.656404,21.97309,37.383804,34.350964,33.74734,37.148735,38.04778,34.992535,36.129272,41.49668,39.745583,40.20247,2.4466662,2.0864072,7.090947,8.224801,1384.56,52.42231,0.041015625,0.9397865,0.001220703,50,20,0.4593907,0.33155045,0.24771458,0.2791817,0.3641057,0.84464556,0.6882554,19.394945,18.545773,14.931119,19.452383,16.405294,20.200405,19.038832,18.427286,22.910809,19.359753,17.197657,19.8076,16.840483,19.968054,19.248331,19.6605,20.804512,21.32495,19.252148,19.044804,18.2449,18.092838,17.739758,19.331537,21.985224,20.750723,20.624208,19.504925,19.493973,19.293415,20.335642,20.34378,19.563635,19.945503,16.955547,18.991705,18.370514,16.981094,17.014029,18.325304,18.182026,16.935894,16.981117,17.209696,16.057,17.850058,16.629057,17.257977,1.4181337,2.2665367,7.657874,0.45926347,28.509457,35.867386,35.560905,18.28125,19.33324,19.214844,20.284016,18.26029,17.120693,42.17
4446066.924,657904.7026,20.39682,1.1739153,1.6899337,27.17458,30.05348,23.76838,22.49091,22.241655,38.549206,34.77589,34.28611,38.022198,39.088398,33.955544,35.516117,40.835876,39.363113,39.16564,2.455452,2.0923545,7.1423554,8.22281,1384.49,55.679382,0.03955078,1.0927302,0.004394531,50,20,0.44091025,0.33471614,0.2510498,0.28725192,0.34045073,0.8236248,0.82579684,19.394945,18.545773,14.931119,19.452383,16.405294,20.200405,19.038832,18.427286,22.910809,19.359753,17.197657,19.8076,16.840483,19.968054,19.248331,19.6605,20.804512,21.32495,19.252148,19.044804,18.2449,18.092838,17.739758,19.331537,21.985224,20.750723,20.624208,19.504925,19.493973,19.293415,20.335642,20.34378,19.563635,19.945503,16.955547,18.991705,18.370514,16.981094,17.014029,18.325304,18.182026,16.935894,16.981117,17.209696,16.057,17.850058,16.629057,17.257977,1.4319245,2.2739034,7.682583,0.4719715,28.614029,36.662548,34.735832,18.28125,19.33324,19.214844,20.284016,18.26029,17.120693,42.17
4446066.924,657909.7026,16.831516,1.1981349,1.7114868,27.045757,29.922312,23.942482,22.382902,22.298252,39.777805,35.24061,34.78893,38.89825,40.11981,32.87408,34.965195,40.189545,38.619648,38.070724,2.4658675,2.0947294,7.1866574,8.208372,1384.4,59.028015,0.000488281,1.252538,-0.001098633,25,20,0.44091025,0.33471614,0.2510498,0.28725192,0.34045073,0.8236248,0.82579684,20.00501,18.317402,15.951286,17.33407,17.090105,20.542063,18.306269,18.439426,23.006443,20.07703,17.091738,20.825966,16.941769,19.975668,19.243425,19.906164,21.624502,20.890617,20.426239,19.744423,17.950008,18.486118,17.486164,19.65805,21.86333,21.824417,20.816189,20.640663,20.072025,20.012075,18.150827,20.565023,19.537342,19.541922,16.420208,19.495071,18.434109,18.330366,16.222687,18.444586,18.497952,17.408783,16.593548,17.872253,15.899895,17.309778,16.666592,17.275028,1.4548109,2.2802985,7.6975145,0.4719715,28.484035,37.50921,33.91964,18.220884,19.594578,19.515438,20.48279,18.2831,17.1784,42.17
4446066.924,657914.7026,16.167894,1.2044683,1.7271783,27.016598,29.917427,24.128677,22.250015,22.358894,40.96218,35.67092,35.34415,39.701023,41.10534,31.836279,34.38503,39.48485,38.06693,37.03464,2.477385,2.0968251,7.2370157,8.204028,1384.3,59.65985,-0.0390625,1.3608154,-0.003295898,25,20,0.44091025,0.33471614,0.2510498,0.28725192,0.34045073,0.8236248,0.82579684,20.346632,17.950073,17.432505,17.10412,16.526106,20.058578,18.740606,18.523085,21.944462,21.13015,17.088537,20.947258,17.016489,19.84678,19.106459,19.898363,21.483768,21.356441,18.543457,20.0577,18.904968,18.60283,17.670338,19.661268,21.02613,20.782606,20.143314,20.895096,20.191202,19.84616,17.566135,20.167837,19.213583,19.181452,16.9732,19.383585,19.363766,16.818743,15.985805,18.17508,17.734821,17.073597,17.31213,17.617903,16.659317,17.466925,16.572157,17.33055,1.4658233,2.287105,7.720522,0.4719715,28.467012,38.31655,33.110653,18.308374,19.582874,19.517073,20.064379,18.131447,17.205265,42.17
4446061.924,657759.7026,16.171547,1.27478,0.961564,28.352165,34.202374,30.816217,28.972115,25.62186,32.513412,31.247356,29.892927,31.696665,42.360065,39.154655,34.273838,38.482662,39.34321,34.70957,2.6289427,2.138367,6.4107766,7.898711,1384.8,86.62387,-0.119628906,0.24346654,-0.006591797,25,20,0.48633078,0.33638403,0.24367413,0.28001103,0.35754222,0.85140043,0.7104185,18.152473,17.56062,16.233303,18.144587,15.993874,19.462103,19.206394,17.983648,21.39898,18.34737,17.5932,18.79065,17.377466,20.869596,20.016054,19.528322,18.559887,18.233387,17.810078,19.314735,17.387785,16.28616,18.717451,18.103287,18.696835,17.652216,18.829647,18.411142,18.596085,16.506351,18.162895,18.008606,17.71716,18.674496,15.58412,17.1793,15.410495,14.924165,15.091136,16.423985,19.63737,17.486353,18.377216,18.83091,19.524231,17.870512,18.305082,18.637478,1.118172,2.3836548,7.154744,0.4665373,31.27727,31.880384,36.71425,17.821909,19.199047,18.044214,18.122168,16.368694,18.575954,42.17
4446061.924,657764.7026,17.085577,1.2721994,0.9397958,28.344929,34.20275,31.033098,29.238583,25.737572,32.585308,31.247337,29.838898,31.534245,42.729504,39.143475,34.260338,38.40289,39.260334,33.9374,2.6271403,2.1372252,6.415489,7.89778,1384.78,85.601295,-0.12011719,0.18694311,-0.008911133,10,20,0.48633078,0.33638403,0.24367413,0.28001103,0.35754222,0.85140043,0.7104185,18.820393,17.212938,15.795866,17.941301,16.207724,19.119894,18.651308,17.827534,21.622263,18.337292,17.533764,18.938112,17.379793,20.292816,19.955963,19.488178,16.92864,17.734776,17.641405,18.14607,17.41521,17.758429,18.530386,17.740469,17.867304,17.374655,19.104422,17.857147,18.715107,17.53669,18.23152,18.024588,18.916203,18.722431,16.53937,16.494997,15.410495,16.341282,16.20019,16.907784,19.685299,18.472446,18.839748,18.271181,19.332386,18.153326,19.64038,18.822933,1.1059976,2.3821826,7.1566343,0.4665373,31.27384,31.916323,36.701904,17.67849,19.151428,17.736418,18.098122,16.946423,18.91354,42.17
4446061.924,657769.7026,14.083706,1.2693728,0.91656685,28.337915,34.20338,31.400103,29.741665,25.98921,32.539623,31.21378,29.754892,31.183504,42.20446,39.241783,34.28932,38.24312,39.137066,33.584545,2.6257005,2.1360111,6.4242177,7.8919673,1384.77,68.19859,-0.040039062,0.15442389,-0.003295898,25,20,0.48633078,0.33638403,0.24367413,0.28001103,0.35754222,0.85140043,0.7104185,18.570877,17.276247,16.222916,18.293568,16.679672,18.91299,17.806929,17.859417,22.051083,18.601036,17.590143,18.68181,17.873001,20.519444,20.088596,19.631145,18.045376,19.389841,17.530788,18.419825,19.093897,16.431364,17.940042,18.07469,19.18179,17.975002,18.460403,18.596817,19.524073,17.485685,17.634127,18.311293,19.162106,17.95641,16.436329,17.012215,14.501004,16.354202,15.822207,16.82397,18.18613,17.90085,18.917387,18.53455,17.592037,16.692438,19.45167,18.171387,1.0929699,2.3808558,7.1580925,0.4665373,31.270649,31.876701,36.765553,17.680456,19.343586,18.121592,18.40827,16.74921,18.182154,42.17
4446061.924,657774.7026,8.752566,1.2663405,0.89158887,28.331074,34.204327,31.943085,30.524736,26.404161,32.359158,31.142883,29.638191,30.611761,40.66639,39.467514,34.363976,37.987316,38.964252,33.68878,2.6247878,2.1347096,6.436089,7.8801923,1384.76,57.52881,0.040039062,0.18694311,0,25,20,0.48633078,0.33638403,0.24367413,0.28001103,0.35754222,0.85140043,0.7104185,18.570877,17.276247,16.222916,18.293568,16.679672,18.91299,17.806929,17.859417,22.051083,18.601036,17.590143,18.68181,17.873001,20.519444,20.088596,19.631145,18.045376,19.389841,17.530788,18.419825,19.093897,16.431364,17.940042,18.07469,19.18179,17.975002,18.460403,18.596817,19.524073,17.485685,17.634127,18.311293,19.162106,17.95641,16.436329,17.012215,14.501004,16.354202,15.822207,16.82397,18.18613,17.90085,18.917387,18.53455,17.592037,16.692438,19.45167,18.171387,1.0789647,2.3797488,7.1581407,0.4665373,31.2677,31.75102,36.915745,17.680456,19.343586,18.121592,18.40827,16.74921,18.182154,42.17
4446061.924,657779.7026,17.508068,1.2632277,0.86277217,28.323355,34.205456,32.643547,31.538832,26.958483,32.107605,31.05717,29.4973,29.86319,38.52713,39.76965,34.453304,37.64462,38.745804,33.933167,2.6239042,2.1332717,6.4460664,7.863657,1384.74,56.309933,-0.12011719,0.20678371,-0.005615234,25,20,0.48633078,0.33638403,0.24367413,0.28001103,0.35754222,0.85140043,0.7104185,19.592989,17.160345,16.155771,18.79519,17.357332,20.568491,17.790745,18.349545,21.991287,18.503746,17.08264,19.222849,17.675879,21.299086,19.378366,19.630835,19.253765,17.958384,16.889013,17.444084,19.132887,18.474855,17.652803,18.170582,19.241983,17.29767,17.270943,18.648958,20.082277,17.299711,17.36343,18.19954,18.509499,19.377842,17.718782,16.91404,16.297462,16.443598,14.855711,17.288116,19.560669,17.486639,19.621716,17.57741,17.376328,17.68543,18.91568,18.256054,1.063,2.378588,7.1548615,0.4665373,31.264404,31.582388,37.111477,18.202978,19.307693,18.115114,18.172138,17.159563,18.317698,42.17
4446061.924,657784.7026,17.293308,1.2601571,0.8287868,28.313438,34.206917,33.49193,32.76249,27.64423,31.841112,30.973473,29.345982,28.962881,36.131065,40.10819,34.524464,37.21383,38.476933,34.03455,2.622531,2.1316757,6.450548,7.8437753,1384.73,56.309933,0.040039062,0.20678371,-0.001098633,25,20,0.44942346,0.32370487,0.23580445,0.27494925,0.3511353,0.81849074,0.7230969,19.141129,18.2029,16.232742,18.084623,16.785685,20.902727,18.340885,18.408087,22.823008,20.60209,18.1561,20.57971,18.0754,21.145788,20.899094,20.710064,20.715542,21.294752,19.209145,18.10536,19.973433,18.556807,17.447624,19.2793,20.680048,19.50963,18.342804,19.83168,19.688477,17.576311,18.25729,19.177208,18.328588,18.429409,15.810827,18.22608,15.203267,15.650619,14.626039,16.842281,20.313248,19.281084,19.613758,19.507153,18.222118,18.128506,18.447924,19.034801,1.044472,2.3771033,7.1471615,0.4538007,31.260178,31.407291,37.316326,18.241528,20.325884,19.328953,19.126606,16.610691,19.073399,42.17
4446061.924,657789.7026,15.340447,1.255706,0.7901957,28.01446,34.66662,34.48286,34.29063,28.41606,31.569277,30.526564,29.226921,27.856476,33.541348,40.514133,34.591408,36.75048,38.119907,33.807777,2.6213207,2.1245425,6.446319,7.8142114,1384.71,51.34019,-0.12011719,0.1836145,-0.0078125,25,20,0.44942346,0.32370487,0.23580445,0.27494925,0.3511353,0.81849074,0.7230969,19.185654,18.249294,16.256905,18.124842,16.78802,20.906727,18.359476,18.431421,22.898214,20.615088,18.23277,20.622578,18.1426,21.21922,20.962738,20.77203,20.715542,21.294752,19.209145,18.10536,19.973433,18.556807,17.447624,19.2793,20.680048,19.50963,18.342804,19.83168,19.688477,17.576311,18.25729,19.177208,19.48954,20.036629,17.902576,20.00613,16.714928,17.3548,16.14014,18.411148,20.313248,19.281084,19.613758,19.507153,18.222118,18.128506,18.447924,19.034801,1.0229509,2.3729315,7.130265,0.4538007,31.340538,31.04792,37.552773,18.267275,20.384745,19.328953,19.126606,18.234964,19.073399,42.17
4446061.924,657794.7026,13.234891,1.252019,0.7437908,27.99481,34.670723,35.77053,36.284523,29.649025,31.323355,30.464972,29.115564,26.41832,30.554996,40.935684,34.519333,35.987682,37.632053,33.14679,2.6162484,2.1224196,6.434239,7.7871075,1384.7,36.869896,-0.12011719,0.14337903,-0.0078125,25,20,0.44942346,0.32370487,0.23580445,0.27494925,0.3511353,0.81849074,0.7230969,19.521397,19.358368,16.831915,18.178833,16.018019,20.137682,18.739582,18.537424,23.81446,20.667309,18.222235,20.385551,18.50696,21.71114,20.964293,20.973757,21.896763,21.184246,20.491476,19.42235,18.474468,18.38292,18.510107,19.778189,21.37947,21.430285,19.572758,20.173065,20.560425,18.359318,17.633518,19.922506,20.114117,19.262121,18.380741,20.096655,16.508371,17.304262,16.435581,18.481823,20.369865,20.275242,20.330015,21.503992,18.289312,19.755817,18.537989,19.99495,0.9979049,2.369334,7.110673,0.4538007,31.332767,30.894163,37.72751,18.39797,20.610277,19.766047,19.87269,18.300262,19.866034,42.17
4446061.924,657799.7026,16.129595,1.248789,0.7014483,27.97112,34.676125,37.17859,38.339336,31.05132,31.084133,30.405697,29.012932,24.943398,27.773348,41.382206,34.39301,35.112736,37.088364,32.388344,2.6124227,2.1202574,6.4144063,7.757896,1384.7,35.537678,0.040039062,0.12333938,0,25,20,0.44942346,0.32370487,0.23580445,0.27494925,0.3511353,0.81849074,0.7230969,19.521397,19.358368,16.831915,18.178833,16.018019,20.137682,18.739582,18.537424,23.81446,20.667309,18.222235,20.385551,18.50696,21.71114,20.964293,20.973757,21.896763,21.184246,20.491476,19.42235,18.474468,18.38292,18.510107,19.778189,21.37947,21.430285,19.572758,20.173065,20.560425,18.359318,17.633518,19.922506,20.114117,19.262121,18.380741,20.096655,16.508371,17.304262,16.435581,18.481823,20.369865,20.275242,20.330015,21.503992,18.289312,19.755817,18.537989,19.99495,0.97511864,2.3663402,7.086151,0.4538007,31.323624,30.744915,37.887608,18.39797,20.610277,19.766047,19.87269,18.300262,19.866034,42.17
4446061.924,657804.7026,18.159233,1.2467778,0.7154432,27.97864,34.671383,37.028625,36.136723,29.309599,30.928978,30.26447,28.500647,26.377497,29.575134,41.372856,34.8568,35.740875,37.827763,34.840828,2.6325758,2.119281,6.41333,7.7692146,1384.69,30.963757,-0.080078125,0.08360374,-0.005615234,25,20,0.44942346,0.32370487,0.23580445,0.27494925,0.3511353,0.81849074,0.7230969,19.940704,18.501423,16.97098,18.702377,17.63797,19.22177,18.099827,18.5341,22.19212,19.937,17.254524,20.711452,17.033215,19.456255,19.239218,19.689777,22.37166,20.401089,20.01583,20.442068,18.653833,18.38663,18.669846,19.87547,21.20203,20.442478,19.591108,19.924631,21.270458,18.133081,17.99376,19.69207,19.434988,19.932209,17.410637,19.69093,16.68352,16.957838,16.505444,18.186243,17.773293,16.581787,16.886341,18.684835,17.974138,17.478241,16.099709,17.369879,0.98111045,2.3759284,7.0912724,0.4538007,31.325012,30.596724,38.11483,18.439295,19.403397,19.848707,19.793936,18.087938,17.354048,42.17
4446061.924,657809.7026,22.148035,1.2470864,0.72303355,27.981663,34.932068,37.151344,34.74379,28.274176,30.65153,29.561964,27.953691,27.24551,30.713367,41.565372,35.470295,36.334576,38.30907,36.62546,2.6742606,2.10101,6.403644,7.7721815,1384.69,315,-0.080078125,0.060830675,-0.005615234,25,20,0.44942346,0.32370487,0.23580445,0.27494925,0.3511353,0.81849074,0.7230969,19.559566,18.100271,17.319086,18.97386,17.247377,19.721945,18.541656,18.693243,22.613909,19.70223,17.313765,20.681135,17.18775,19.454958,18.764513,19.644175,20.043842,19.682838,20.62347,19.962954,20.381493,18.778528,18.379885,19.739714,20.414433,19.190557,20.268162,19.931856,20.961462,17.76564,17.84111,19.432291,18.565151,19.20314,18.124844,18.93963,16.215729,16.58203,16.994734,17.8503,17.605646,17.217402,17.254288,17.597921,18.075958,16.127651,16.64913,17.184523,0.98506,2.3876352,7.0879126,0.4538007,31.456865,30.106747,38.517834,18.494823,19.388323,19.693287,19.48189,17.803608,17.218285,42.17
4446061.924,657814.7026,19.093279,1.2339675,0.7312739,27.919502,34.734215,37.525227,33.699917,27.496794,30.561092,30.037155,27.664864,27.805573,31.482618,41.631363,35.3502,36.31035,38.822285,38.09704,2.6493862,2.1065502,6.3837986,7.770569,1384.7,288.43494,0.040039062,0.045340516,0.002197266,50,20,0.44750848,0.3174376,0.23544742,0.27731073,0.34746435,0.81191736,0.7214086,19.559566,18.100271,17.319086,18.97386,17.247377,19.721945,18.541656,18.693243,24.047714,21.048264,18.974316,21.892908,18.330017,21.324461,20.348898,21.137352,20.043842,19.682838,20.62347,19.962954,20.381493,18.778528,18.379885,19.739714,20.413418,19.201107,20.271414,19.932274,20.961563,17.763063,17.84559,19.433964,18.695742,19.359066,18.25521,19.070473,16.377155,16.67339,17.101591,17.976141,19.873806,19.808617,20.732676,20.61321,20.016644,17.399134,19.234415,19.638088,0.9826207,2.3779683,7.0771837,0.4512135,31.326859,30.299124,38.490784,18.494823,20.85237,19.693287,19.48406,17.933231,19.668356,42.17
4446061.924,657819.7026,13.03373,1.2256833,0.7317612,28.037762,34.605667,37.844437,32.835987,26.820232,30.411482,29.843733,27.27058,28.26276,32.02014,41.73997,35.64981,36.59542,39.14578,39.362587,2.6665971,2.1141558,6.3606286,7.769035,1384.7,315,0,0.020276899,-0.001098633,50,20,0.44750848,0.3174376,0.23544742,0.27731073,0.34746435,0.81191736,0.7214086,19.45948,18.201035,16.990677,18.05414,16.052668,19.907923,18.604239,18.399057,24.211414,21.303427,18.821564,21.739555,17.915379,21.106445,20.793344,21.112152,19.708694,19.084738,20.543026,20.350689,20.356697,17.956905,18.28957,19.392332,20.828684,19.357456,20.041683,20.021954,21.565285,18.318722,17.634724,19.56733,18.967869,19.585392,17.960613,18.448133,18.857132,16.517282,16.123081,18.0283,20.007044,18.244144,20.216135,20.46217,19.513163,17.822903,18.653654,19.2129,0.9787223,2.3903766,7.0648317,0.4512135,31.321714,30.127607,38.694893,18.181452,20.841589,19.470045,19.681215,18.065643,19.274172,42.17
4446061.924,657824.7026,9.8481865,1.2191188,0.7301315,27.73473,34.40678,37.89834,32.02971,26.195807,30.336868,29.758364,27.098282,28.616913,32.351273,41.859005,35.92408,36.841682,39.571102,40.488083,2.66457,2.0976522,6.341973,7.7688236,1384.7,296.56506,-0.080078125,0.06412116,-0.004394531,50,20,0.44750848,0.3174376,0.23544742,0.27731073,0.34746435,0.81191736,0.7214086,19.742996,17.674843,16.991428,18.358328,16.848091,20.310638,18.779272,18.53035,22.791958,21.435047,18.210352,21.768808,18.510021,21.381363,21.801289,21.151676,22.191315,20.043427,19.26834,19.406279,20.544825,18.71571,17.588564,19.647583,21.795956,19.841078,20.551275,20.185484,22.108276,18.572525,19.040842,20.196432,20.701193,19.243288,18.665384,20.178507,17.93691,17.498837,16.482199,18.76715,22.214565,19.026503,20.646635,20.576502,19.28768,17.703043,18.43948,19.667273,0.9746252,2.3811111,7.055398,0.4512135,31.070755,30.047615,38.89154,18.386515,20.842691,19.67978,20.299349,18.67233,19.699202,42.17
4446061.924,657829.7026,15.090954,1.2108732,0.7235481,27.678717,33.815098,37.453503,31.15362,25.337658,30.390587,29.21397,27.025145,28.967817,32.47068,41.79888,36.70324,37.632812,40.06665,41.42885,2.6856241,2.0857408,6.351345,7.784577,1384.71,296.56506,0.040039062,0.06412116,0.001098633,50,20,0.44750848,0.3174376,0.23544742,0.27731073,0.34746435,0.81191736,0.7214086,20.01766,17.888533,17.262035,18.57287,17.055496,20.53782,19.020906,18.766497,22.75092,21.364752,18.175823,21.714254,18.457802,21.38507,21.804026,21.118582,22.217386,20.032272,19.280598,19.406515,20.570627,18.72201,17.59344,19.656948,21.789288,19.846577,20.55311,20.190065,22.099941,18.572525,19.040842,20.196365,20.69734,19.24041,18.66149,20.173964,17.931923,17.494917,16.47825,18.763248,22.206694,19.018139,20.638147,20.568615,19.279696,17.695147,18.431583,19.65922,0.96721065,2.3856826,7.0679607,0.4512135,30.746906,29.802279,39.25106,18.622189,20.807522,19.688978,20.298906,18.66833,19.691145,42.17
4446061.924,657834.7026,18.56406,1.2039633,0.72198606,27.502054,33.616,36.68589,30.322927,25.0071,30.504923,28.912655,27.249748,29.319916,32.409264,41.68564,37.10249,38.02334,40.316013,42.322075,2.67836,2.0927851,6.368356,7.7906723,1384.71,341.56506,-0.040039062,0.045340516,-0.002197266,50,20,0.44750848,0.3174376,0.23544742,0.27731073,0.34746435,0.81191736,0.7214086,19.633036,16.905514,15.206499,18.041702,17.271557,19.925861,18.947046,18.13115,24.035044,21.064121,18.397547,22.08406,18.636719,21.982431,21.490978,21.446291,24.08958,19.565054,18.812237,20.906218,20.676748,18.018452,18.223146,20.11966,22.991308,19.289219,20.357922,21.125769,22.23516,18.560125,19.79826,20.598417,20.080427,19.801708,17.11147,19.385082,17.725168,16.724434,17.322906,18.331778,21.437252,17.46359,20.826406,20.267508,19.409245,17.226637,18.73695,19.376133,0.96297467,2.3855724,7.0795145,0.4512135,30.559029,29.70879,39.394066,17.990171,21.0987,20.041632,20.622538,18.307312,19.338228,42.17
4446061.924,657839.7026,10.981632,1.1987567,0.73078066,27.681944,33.02331,35.61747,29.478004,24.78585,30.755562,29.089766,27.460394,29.609318,32.235764,41.367638,37.313694,38.621006,40.800774,43.010544,2.6433482,2.0909915,6.3948793,7.7946157,1384.71,0,-0.040039062,0.057351712,-0.003295898,50,20,0.44750848,0.3174376,0.23544742,0.27731073,0.34746435,0.81191736,0.7214086,19.084639,16.594374,16.950249,19.008072,17.544474,20.552433,17.874372,18.381756,23.369274,21.351648,18.26926,21.953749,18.441792,21.47679,21.373999,21.242853,23.90398,19.98935,19.787502,20.837465,18.829874,18.562143,18.583725,20.127518,24.83868,21.05334,20.695562,21.42304,19.128534,19.152206,19.831844,20.859003,21.23173,18.220778,16.939667,19.259855,16.946894,16.881763,17.093721,18.089113,22.267492,18.017715,19.690754,20.727354,18.454487,19.429201,18.583395,19.661112,0.96476865,2.3671699,7.0947475,0.4512135,30.352627,29.922665,39.340668,18.229801,20.89093,20.070576,20.874744,18.082058,19.59577,42.17
4446061.924,657844.7026,21.310831,1.1941729,0.7423059,27.689814,33.01779,34.421055,28.662464,24.521454,31.059414,29.131441,27.842457,29.874195,31.955439,40.986877,37.369038,39.12016,41.27035,43.623207,2.620898,2.0905375,6.429298,7.7997227,1384.71,11.309932,-0.040039062,0.07310936,-0.002197266,50,20,0.44967544,0.32721883,0.2420715,0.27404177,0.35584196,0.8181164,0.71810067,19.084639,16.594374,16.950249,19.008072,17.544474,20.552433,17.874372,18.381756,23.369274,21.351648,18.26926,21.953749,18.441792,21.47679,21.373999,21.242853,23.90398,19.98935,19.787502,20.837465,18.829874,18.562143,18.583725,20.127518,24.83868,21.05334,20.695562,21.42304,19.128534,19.152206,19.831844,20.859003,21.23173,18.220778,16.939667,19.259855,16.946894,16.881763,17.093721,18.089113,22.267492,18.017715,19.690754,20.727354,18.454487,19.429201,18.583395,19.661112,0.96823937,2.3557177,7.1145105,0.45500952,30.353802,30.095428,39.177956,18.229801,20.89093,20.070576,20.874744,18.082058,19.59577,42.17
4446061.924,657849.7026,26.077715,1.183441,0.7645208,27.944061,32.617035,33.268375,27.869373,24.371101,31.388033,29.553104,28.21849,30.167109,31.630413,40.493107,37.34496,39.59246,41.63517,44.05693,2.593439,2.083386,6.4658365,7.7999854,1384.71,0,0,0.08602753,-0.002197266,50,20,0.44967544,0.32721883,0.2420715,0.27404177,0.35584196,0.8181164,0.71810067,19.275347,18.375042,17.584864,19.170403,16.05962,20.061329,18.3559,18.568638,23.136465,21.864002,17.942886,21.569086,18.233559,21.32928,21.952534,21.200712,23.760782,20.365261,19.560114,19.553444,17.825268,20.041677,18.231764,19.979145,21.261393,21.19234,19.745073,21.108725,17.771948,19.343004,18.559658,19.970997,19.73975,17.448895,17.314684,18.94761,18.327162,16.692259,16.079483,17.852163,21.169392,18.500223,18.782215,20.868193,18.336258,18.911495,17.73565,19.294632,0.9739809,2.3384125,7.1329107,0.45500952,30.280548,30.47057,38.919033,18.411785,20.861115,19.905472,19.854593,17.792835,19.186205,42.17
4446061.924,657854.7026,24.619019,1.1858072,0.78657717,27.602001,32.349808,32.253586,27.181755,24.205833,31.8108,29.725044,28.790392,30.431623,31.254215,39.95825,37.428017,39.754826,41.8825,44.474678,2.5682285,2.0836854,6.5056167,7.8019614,1384.71,0,-0.040039062,0.08602753,-0.001098633,50,20,0.44967544,0.32721883,0.2420715,0.27404177,0.35584196,0.8181164,0.71810067,19.092213,19.199396,17.675085,19.13154,16.401321,20.645445,19.453043,19.016195,23.190113,21.769928,18.608715,21.830725,18.125725,21.350742,21.906536,21.311354,22.797073,20.002823,19.625475,19.514278,20.207901,19.005999,18.238836,19.865398,21.124279,21.304272,20.70226,21.466644,20.308022,18.73936,18.386547,20.2822,18.341028,16.576061,16.814304,18.566576,18.006666,15.740941,15.889574,17.165234,19.966667,19.420444,20.211964,20.752117,16.6534,18.37612,18.707777,19.331541,0.9861922,2.3259568,7.153789,0.45500952,29.975904,30.767921,38.69313,18.799723,20.968927,19.913197,20.290197,17.133595,19.155499,42.17
4446061.924,657859.7026,22.805185,1.1799682,0.83619094,27.625359,32.340984,31.180367,26.507208,24.008787,32.16535,29.815142,29.19993,30.695026,31.052923,39.43193,37.517437,40.146496,42.270535,44.78586,2.542399,2.083108,6.5472674,7.806674,1384.71,345.96375,-0.040039062,0.11823346,-0.003295898,50,20,0.44967544,0.32721883,0.2420715,0.27404177,0.35584196,0.8181164,0.71810067,19.092213,19.199396,17.675085,19.13154,16.401321,20.645445,19.453043,19.016195,23.190113,21.769928,18.608715,21.830725,18.125725,21.350742,21.906536,21.311354,22.797073,20.002823,19.625475,19.514278,20.207901,19.005999,18.238836,19.865398,21.124279,21.304272,20.70226,21.466644,20.308022,18.73936,18.386547,20.2822,18.341028,16.576061,16.814304,18.566576,18.006666,15.740941,15.889574,17.165234,19.966667,19.420444,20.211964,20.752117,16.6534,18.37612,18.707777,19.331541,1.0080795,2.3127534,7.1769705,0.45500952,29.983171,30.990246,38.474686,18.799723,20.968927,19.913197,20.290197,17.133595,19.155499,42.17
4446061.924,657864.7026,15.63406,1.1818234,0.9531099,27.610638,32.202656,29.455667,25.721218,23.694838,32.350307,30.249754,29.512508,31.42959,31.749302,39.404625,37.52436,41.160633,42.2437,44.68596,2.523986,2.0645716,6.61629,7.8937936,1384.72,335.55603,0.080078125,0.17324539,0.003295898,50,20,0.44967544,0.32721883,0.2420715,0.27404177,0.35584196,0.8181164,0.71810067,19.075787,18.788496,17.430239,19.21645,17.209934,20.639086,18.640673,18.943842,23.820082,21.396393,18.763306,21.308157,17.988752,20.891336,21.84476,21.151264,20.282114,21.370495,20.35368,19.893177,20.278435,18.252443,18.10012,19.780527,21.062807,21.273277,20.610014,21.376093,19.874819,17.871168,17.153612,19.895811,18.832127,18.66007,16.652065,18.482279,18.092287,15.216028,15.549598,17.310398,20.202854,20.080914,19.466955,21.154345,16.766674,16.77782,18.789968,19.007061,1.0674666,2.2942789,7.255042,0.45500952,29.906647,31.30003,38.464493,18.71438,20.858969,19.790066,19.888826,17.354921,19.034216,42.17
4446061.924,657869.7026,9.310754,1.1784766,1.0804363,27.53803,31.607822,27.90009,25.01429,22.666946,32.862213,31.317032,30.241531,32.19037,32.408787,39.05664,37.223785,41.685486,42.10451,44.58708,2.501648,2.0652099,6.6902018,7.977083,1384.72,350.5377,-0.040039062,0.17442794,-0.001098633,25,20,0.44967544,0.32721883,0.2420715,0.27404177,0.35584196,0.8181164,0.71810067,19.032164,18.41123,17.687916,18.67689,17.075525,19.819824,18.720654,18.588217,24.307756,21.12622,18.746775,21.776686,18.53403,20.980549,21.559591,21.278101,21.726967,21.28788,20.1748,21.582838,18.562742,18.346563,17.771612,20.030085,21.434858,22.676123,20.193943,21.186605,20.560825,17.999502,17.84243,20.276697,18.824877,18.573833,16.771349,18.824915,17.477722,15.904669,15.91139,17.515125,19.379877,19.350445,18.425907,21.072783,18.456913,16.38209,18.921537,18.766008,1.1294565,2.283429,7.3336425,0.45500952,29.572926,32.089622,38.140213,18.48917,21.004515,19.921915,20.270613,17.469822,18.85565,42.17
4446061.924,657874.7026,15.436751,1.1744536,1.2083682,27.531307,31.594244,26.555624,24.449331,22.487278,33.193287,31.504265,30.617989,32.82104,33.04487,38.847576,37.336685,42.291157,42.020073,44.407444,2.4786491,2.0639865,6.751676,8.049001,1384.72,4.3987045,-0.040039062,0.18694311,-0.002197266,25,20,0.4593907,0.33155045,0.24771458,0.2791817,0.3641057,0.84464556,0.6882554,19.032164,18.41123,17.687916,18.67689,17.075525,19.819824,18.720654,18.588217,24.307756,21.12622,18.746775,21.776686,18.53403,20.980549,21.559591,21.278101,21.726967,21.28788,20.1748,21.582838,18.562742,18.346563,17.771612,20.030085,21.434858,22.676123,20.193943,21.186605,20.560825,17.999502,17.84243,20.276697,18.824877,18.573833,16.771349,18.824915,17.477722,15.904669,15.91139,17.515125,19.379877,19.350445,18.425907,21.072783,18.456913,16.38209,18.921537,18.766008,1.1914109,2.271318,7.400338,0.45926347,29.562775,32.348778,38.092133,18.48917,21.004515,19.921915,20.270613,17.469822,18.85565,42.17
4446061.924,657879.7026,18.603977,1.1698991,1.3301753,27.633463,31.192806,25.316807,23.928032,22.069742,33.701485,31.996399,31.495787,33.549244,33.689137,38.473576,37.338604,42.472584,41.720657,44.145348,2.4593682,2.0623887,6.80129,8.11282,1384.72,14.0362425,0.040039062,0.23646592,0.001098633,10,20,0.4593907,0.33155045,0.24771458,0.2791817,0.3641057,0.84464556,0.6882554,19.35495,18.738657,16.272156,19.279177,16.71027,20.858908,18.107712,18.715265,22.933113,20.521872,18.77848,22.07221,17.708166,21.361324,21.414795,21.036934,22.325386,22.069542,18.380472,20.89356,21.564384,19.10055,17.02892,20.226002,21.173418,22.238285,20.91718,21.873873,21.2566,19.01246,16.540955,20.481506,19.641617,19.63147,18.26608,20.325884,18.080868,16.783825,15.510885,18.399542,19.857357,18.971367,18.526924,20.3239,19.517246,18.238476,17.683867,19.03558,1.2500372,2.2608786,7.457055,0.45926347,29.413136,32.84894,37.90609,18.474548,20.68428,20.194687,20.430395,18.32009,19.01702,42.17
4446061.924,657884.7026,19.784756,1.165225,1.4410661,27.503904,30.664333,24.480555,23.557388,22.06103,34.331543,32.82582,31.97496,34.12961,34.35584,38.032475,37.104855,42.46284,41.574203,43.81676,2.4415689,2.0645459,6.8427725,8.163444,1384.71,30.953474,0,0.3341715,0.002197266,10,20,0.4593907,0.33155045,0.24771458,0.2791817,0.3641057,0.84464556,0.6882554,20.481731,19.19626,15.198677,19.424444,15.747041,20.367018,18.774714,18.731983,22.459389,20.930712,18.847134,22.535385,18.939589,20.770514,21.498348,21.200401,22.526007,21.599804,19.320354,20.908094,18.617634,19.050354,17.842907,20.14197,20.96925,21.081944,20.803307,21.437456,19.418953,18.872416,17.989574,20.257683,19.225689,19.004826,17.275755,20.40059,18.5222,16.080622,15.8951235,18.139633,20.464613,18.02683,18.978865,20.091501,17.72836,19.782654,18.721758,19.334295,1.3031456,2.2530575,7.503108,0.45926347,29.084118,33.578682,37.568665,18.4557,20.854437,19.980738,20.081842,18.057829,19.11351,42.17
4446061.924,657889.7026,23.16984,1.1627651,1.5303193,27.489315,30.653778,23.801048,23.21479,21.996527,35.06452,33.171345,32.527992,34.877148,35.1684,37.42907,36.87706,42.434486,41.234665,43.23088,2.4288619,2.0637784,6.891508,8.202975,1384.69,39.796967,-0.000976563,0.4471835,0.002197266,25,20,0.4593907,0.33155045,0.24771458,0.2791817,0.3641057,0.84464556,0.6882554,20.218487,18.971848,14.944501,19.205324,15.532366,20.136917,18.547018,18.496378,21.721014,19.684818,17.282547,21.001558,17.392584,19.366583,19.728197,19.779861,22.52229,21.579342,19.279766,20.88938,18.609102,19.044035,17.839457,20.128107,20.967875,21.07371,20.806631,21.433397,19.413647,18.876177,17.990047,20.25633,19.12137,18.791578,17.170786,20.222284,18.362843,15.992065,15.841352,18.01295,18.205154,17.827057,17.11245,17.997766,16.580418,17.544344,16.239506,17.500124,1.3465422,2.2463202,7.5472417,0.45926347,29.071547,34.117935,37.153065,18.222351,19.453901,19.966196,20.080212,17.928896,17.358097,42.17
4446061.924,657894.7026,16.564013,1.1620135,1.6038383,27.538263,30.84675,23.564034,22.926922,22.08808,35.9199,33.511135,32.966167,35.690956,36.164047,36.617245,36.45411,42.02828,40.953102,42.34619,2.4319646,2.0696607,6.9501295,8.216326,1384.67,48.697186,0.28125,0.6288784,0.017822266,25,20,0.4593907,0.33155045,0.24771458,0.2791817,0.3641057,0.84464556,0.6882554,19.192165,18.222271,16.021427,18.598864,15.536411,20.1067,18.201117,18.175188,22.91837,20.185556,17.541271,19.511374,17.214188,19.84987,19.46462,19.870687,23.931215,21.517965,20.443438,19.749533,17.969946,18.685364,18.007715,20.112492,21.375721,21.027584,19.7914,21.168009,19.067596,18.27226,18.198206,19.948164,19.76496,19.446325,17.135921,20.73598,18.280231,16.123117,16.153887,18.256207,19.185219,16.862034,17.542358,18.211542,16.862406,15.697556,16.227564,17.216711,1.382926,2.2508125,7.5832276,0.45926347,29.192507,34.715515,36.535675,17.982708,19.526463,20.043596,19.84297,18.234346,17.226954,42.17
4446061.924,657899.7026,17.675842,1.1688133,1.6502197,27.354097,30.649431,23.379953,22.68825,22.184185,37.020973,34.071167,33.69068,36.65224,37.302788,35.55881,35.943657,41.798546,40.36815,41.14707,2.4286745,2.0875282,7.0268054,8.226464,1384.61,53.335426,0.0390625,0.8391691,0.006591797,25,20,0.4593907,0.33155045,0.24771458,0.2791817,0.3641057,0.84464556,0.6882554,19.124828,17.714207,15.775869,19.145628,16.777771,20.046282,17.83797,18.275715,23.071417,19.355955,17.657091,19.962273,16.953959,19.54562,19.661335,19.748522,23.888933,20.662436,19.944206,18.791142,18.554373,18.169638,18.921429,19.977932,22.379944,21.470144,20.579458,19.205776,19.60367,18.052608,19.042692,20.097898,19.443096,20.472248,17.479824,19.385363,18.395264,16.599194,16.386583,18.29526,18.294235,17.318806,17.097303,17.242647,16.218987,15.782899,17.2943,17.000765,1.4095166,2.2581015,7.6266346,0.45926347,29.001764,35.54607,35.751236,18.060366,19.458235,19.847452,20.047758,18.308796,17.035597,42.17
4446061.924,657904.7026,20.102728,1.1707428,1.6886524,27.171782,30.057713,23.527687,22.516476,22.213814,38.13198,34.615616,34.180935,37.582474,38.501736,34.507107,35.645878,41.15466,39.719887,39.879185,2.4322438,2.0943487,7.088404,8.223702,1384.55,55.21373,0.20117188,1.0290543,0.013427734,25,20,0.44091025,0.33471614,0.2510498,0.28725192,0.34045073,0.8236248,0.82579684,19.124828,17.714207,15.775869,19.145628,16.777771,20.046282,17.83797,18.275715,23.071417,19.355955,17.657091,19.962273,16.953959,19.54562,19.661335,19.748522,23.888933,20.662436,19.944206,18.791142,18.554373,18.169638,18.921429,19.977932,22.379944,21.470144,20.579458,19.205776,19.60367,18.052608,19.042692,20.097898,19.443096,20.472248,17.479824,19.385363,18.395264,16.599194,16.386583,18.29526,18.294235,17.318806,17.097303,17.242647,16.218987,15.782899,17.2943,17.000765,1.4296975,2.2632961,7.6560535,0.4719715,28.614746,36.3738,35.076492,18.060366,19.458235,19.847452,20.047758,18.308796,17.035597,42.17
4446061.924,657909.7026,16.892355,1.1763822,1.7171824,27.14971,30.051886,23.672422,22.347847,22.281376,39.270866,35.05529,34.733418,38.473522,39.713474,33.437893,35.09752,40.47872,39.115334,38.602295,2.4412577,2.0960336,7.1498237,8.222994,1384.46,56.496758,-0.000976563,1.219386,0.003295898,25,20,0.44091025,0.33471614,0.2510498,0.28725192,0.34045073,0.8236248,0.82579684,18.701628,17.66935,15.886746,19.377157,18.239868,20.07941,18.164837,18.452314,22.048834,19.867777,17.289654,20.82855,16.401682,19.313955,19.735224,19.685364,23.122349,21.31873,20.217144,18.731108,18.071627,17.353716,18.043442,19.57363,22.28772,20.934097,19.550749,19.189322,18.593224,18.123476,17.11408,19.472334,19.063856,19.24621,18.557005,19.57907,19.602446,16.937704,16.167969,18.468151,18.130579,17.952572,17.880413,17.0859,17.281254,15.880345,16.603193,17.197582,1.4467824,2.2686458,7.686409,0.4719715,28.600798,37.16308,34.267708,18.302715,19.355097,19.551159,19.398952,18.45061,17.25918,42.17
4446061.924,657914.7026,15.999695,1.1961808,1.7375953,27.200336,29.983902,23.829227,22.18058,22.16833,40.339268,35.71164,35.278835,39.308105,40.95059,32.43564,34.42511,39.80716,38.496387,37.338528,2.4476755,2.089893,7.2038307,8.221313,1384.37,54.603596,0.079589844,1.3352363,0.004394531,50,20,0.44091025,0.33471614,0.2510498,0.28725192,0.34045073,0.8236248,0.82579684,18.701628,17.66935,15.886746,19.377157,18.239868,20.07941,18.164837,18.452314,22.048834,19.867777,17.289654,20.82855,16.401682,19.313955,19.735224,19.685364,23.122349,21.31873,20.217144,18.731108,18.071627,17.353716,18.043442,19.57363,22.28772,20.934097,19.550749,19.189322,18.593224,18.123476,17.11408,19.472334,19.063856,19.24621,18.557005,19.57907,19.602446,16.937704,16.167969,18.468151,18.130579,17.952572,17.880413,17.0859,17.281254,15.880345,16.603193,17.197582,1.4668881,2.2687843,7.712572,0.4719715,28.59212,38.02545,33.430374,18.302715,19.355097,19.551159,19.398952,18.45061,17.25918,42.17
4446056.924,657759.7026,17.478874,1.2679373,1.0201918,28.349327,34.204628,30.645481,29.102179,25.61537,32.242725,31.089254,29.941244,31.598732,39.85357,39.42602,34.418556,38.611385,39.332245,36.73156,2.6185663,2.1424067,6.4694405,7.917345,1384.81,62.09894,0.000976563,0.27501178,-0.003295898,10,20,0.46679598,0.32714584,0.24061948,0.2793939,0.35997942,0.82645077,0.6873623,18.152473,17.56062,16.233303,18.144587,15.993874,19.462103,19.206394,17.983648,18.330435,16.445974,14.724144,16.67496,14.923803,17.170153,17.078442,16.738314,18.443375,18.22504,17.840073,19.255402,17.415243,16.22452,18.600498,18.048546,18.749296,17.7132,18.882229,18.44267,18.563774,16.549726,18.151735,18.035362,18.187706,19.071136,16.216532,17.65251,15.98853,15.460242,15.499084,16.918646,19.63737,17.486353,18.377216,18.83091,19.524231,17.870512,18.305082,18.637478,1.1440645,2.3804865,7.1933928,0.45539257,31.276978,31.665989,36.922287,17.821909,16.478273,18.000593,18.150375,16.867964,18.575954,42.17
4446056.924,657764.7026,20.114798,1.2651867,1.0051668,28.341438,34.205833,30.886194,29.444857,25.753593,32.242455,31.051392,29.90007,31.373346,39.61896,39.49555,34.431805,38.51198,39.23772,36.427406,2.6168587,2.141509,6.487825,7.9187784,1384.79,45,-0.080078125,0.2227975,-0.005493164,10,20,0.46679598,0.32714584,0.24061948,0.2793939,0.35997942,0.82645077,0.6873623,18.820393,17.212938,15.795866,17.941301,16.207724,19.119894,18.651308,17.827534,21.622263,18.337292,17.533764,18.938112,17.379793,20.292816,19.955963,19.488178,16.92864,17.734776,17.641405,18.14607,17.41521,17.758429,18.530386,17.740469,17.867304,17.374655,19.104422,17.857147,18.715107,17.53669,18.23152,18.024588,18.916203,18.722431,16.53937,16.494997,15.410495,16.341282,16.20019,16.907784,19.685299,18.472446,18.839748,18.271181,19.332386,18.153326,19.64038,18.822933,1.1351767,2.3791838,7.2033014,0.45539257,31.273636,31.646923,36.963676,17.67849,19.151428,17.736418,18.098122,16.946423,18.91354,42.17
4446056.924,657769.7026,15.219677,1.2623672,0.98425025,28.33333,34.206627,31.257938,29.9549,26.001087,32.183083,31.008852,29.826807,31.013481,38.93717,39.621586,34.46765,38.347195,39.117294,36.21126,2.6150582,2.1404185,6.5023236,7.9148316,1384.78,33.690067,-0.040039062,0.20678371,-0.003295898,10,20,0.46679598,0.32714584,0.24061948,0.2793939,0.35997942,0.82645077,0.6873623,18.570877,17.276247,16.222916,18.293568,16.679672,18.91299,17.806929,17.859417,22.051083,18.601036,17.590143,18.68181,17.873001,20.519444,20.088596,19.631145,18.045376,19.389841,17.530788,18.419825,19.093897,16.431364,17.940042,18.07469,19.18179,17.975002,18.460403,18.596817,19.524073,17.485685,17.634127,18.311293,19.162106,17.95641,16.436329,17.012215,14.501004,16.354202,15.822207,16.82397,18.18613,17.90085,18.917387,18.53455,17.592037,16.692438,19.45167,18.171387,1.1233088,2.3777385,7.2085776,0.45539257,31.269978,31.595966,37.044617,17.680456,19.343586,18.121592,18.40827,16.74921,18.182154,42.17
4446056.924,657774.7026,14.427347,1.2595662,0.9554212,28.32503,34.206715,31.782337,30.65466,26.38088,32.064987,30.969524,29.714281,30.502527,37.835186,39.80327,34.524517,38.10628,38.966892,36.00139,2.6132457,2.139062,6.5081673,7.9036393,1384.77,39.805573,-0.040039062,0.22396454,-0.001098633,25,20,0.46679598,0.32714584,0.24061948,0.2793939,0.35997942,0.82645077,0.6873623,18.570877,17.276247,16.222916,18.293568,16.679672,18.91299,17.806929,17.859417,22.051083,18.601036,17.590143,18.68181,17.873001,20.519444,20.088596,19.631145,18.045376,19.389841,17.530788,18.419825,19.093897,16.431364,17.940042,18.07469,19.18179,17.975002,18.460403,18.596817,19.524073,17.485685,17.634127,18.311293,19.162106,17.95641,16.436329,17.012215,14.501004,16.354202,15.822207,16.82397,18.18613,17.90085,18.917387,18.53455,17.592037,16.692438,19.45167,18.171387,1.1074936,2.376154,7.205903,0.45539257,31.265873,31.517256,37.163895,17.680456,19.343586,18.121592,18.40827,16.74921,18.182154,42.17
4446056.924,657779.7026,17.338034,1.256823,0.9194457,28.315748,34.20648,32.45692,31.54683,26.88963,31.903223,30.932106,29.572643,29.841845,36.37827,40.03531,34.589214,37.785755,38.781418,35.746983,2.6113396,2.137475,6.50656,7.8865724,1384.76,45,0.080078125,0.24332133,0.002197266,25,20,0.46679598,0.32714584,0.24061948,0.2793939,0.35997942,0.82645077,0.6873623,19.592989,17.160345,16.155771,18.79519,17.357332,20.568491,17.790745,18.349545,21.991287,18.503746,17.08264,19.222849,17.675879,21.299086,19.378366,19.630835,19.253765,17.958384,16.889013,17.444084,19.132887,18.474855,17.652803,18.170582,19.241983,17.29767,17.270943,18.648958,20.082277,17.299711,17.36343,18.19954,18.509499,19.377842,17.718782,16.91404,16.297462,16.443598,14.855711,17.288116,19.560669,17.486639,19.621716,17.57741,17.376328,17.68543,18.91568,18.256054,1.0881343,2.3744073,7.196566,0.45539257,31.261112,31.417664,37.312263,18.202978,19.307693,18.115114,18.172138,17.159563,18.317698,42.17
4446056.924,657784.7026,18.04001,1.2526736,0.8788864,28.247116,34.40441,33.239635,32.67397,27.472208,31.67316,30.609758,29.431028,29.01186,34.6234,40.36231,34.72358,37.554848,38.54592,35.399395,2.6100912,2.1340196,6.4992533,7.860228,1384.74,40.23636,-0.080078125,0.24416472,-0.003295898,25,20,0.44192716,0.3272877,0.24138801,0.27975446,0.3526514,0.82567066,0.69834304,19.592989,17.160345,16.155771,18.79519,17.357332,20.568491,17.790745,18.349545,21.991287,18.503746,17.08264,19.222849,17.675879,21.299086,19.378366,19.630835,19.253765,17.958384,16.889013,17.444084,19.132887,18.474855,17.652803,18.170582,19.241983,17.29767,17.270943,18.648958,20.082277,17.299711,17.36343,18.19954,18.509499,19.377842,17.718782,16.91404,16.297462,16.443598,14.855711,17.288116,19.560669,17.486639,19.621716,17.57741,17.376328,17.68543,18.91568,18.256054,1.06578,2.3720555,7.179741,0.45243177,31.325764,31.14146,37.542946,18.202978,19.307693,18.115114,18.172138,17.159563,18.317698,42.17
4446056.924,657789.7026,16.551481,1.2489308,0.83373797,28.235205,34.40516,34.202446,33.985275,28.248318,31.47365,30.57026,29.276184,28.03008,32.584457,40.679153,34.744774,37.06475,38.272972,34.940617,2.6063876,2.1321404,6.4898295,7.838125,1384.73,35.537678,0,0.2466776,0,25,20,0.44192716,0.3272877,0.24138801,0.27975446,0.3526514,0.82567066,0.69834304,19.141129,18.2029,16.232742,18.084623,16.785685,20.902727,18.340885,18.408087,22.823008,20.60209,18.1561,20.57971,18.0754,21.145788,20.899094,20.710064,20.715542,21.294752,19.209145,18.10536,19.973433,18.556807,17.447624,19.2793,20.680048,19.50963,18.342804,19.83168,19.688477,17.576311,18.25729,19.177208,18.328588,18.429409,15.810827,18.22608,15.203267,15.650619,14.626039,16.842281,20.313248,19.281084,19.613758,19.507153,18.222118,18.128506,18.447924,19.034801,1.0413344,2.3692641,7.1639776,0.45243177,31.320183,31.021954,37.711964,18.241528,20.325884,19.328953,19.126606,16.610691,19.073399,42.17
4446056.924,657794.7026,11.710259,1.2453499,0.78584784,28.21962,34.407352,35.324932,35.570236,29.226736,31.259333,30.524895,29.134335,26.8464,30.290817,41.050026,34.716537,36.45294,37.924206,34.290905,2.6022837,2.130165,6.474085,7.812378,1384.72,33.690067,0.040039062,0.20678371,0.001098633,25,20,0.44192716,0.3272877,0.24138801,0.27975446,0.3526514,0.82567066,0.69834304,19.732233,19.593767,17.054495,18.378029,16.203173,20.372358,18.992727,18.760126,23.772875,20.600088,18.178503,20.334803,18.450104,21.714045,20.976528,20.940596,21.901745,21.216148,20.512476,19.423664,18.489788,18.393534,18.547834,19.793676,21.383137,21.437733,19.576422,20.177649,20.565008,18.359318,17.634912,19.925743,20.110806,19.258266,18.377605,20.093737,16.504602,17.300465,16.431938,18.47831,20.361876,20.267376,20.322147,21.49579,18.281479,19.748093,18.530264,19.987041,1.0155989,2.3662243,7.1432314,0.45243177,31.313486,30.892113,37.88328,18.618113,20.575277,19.783598,19.876312,18.296774,19.858145,42.17
4446056.924,657799.7026,11.763342,1.2422333,0.7493943,28.2073,34.40902,36.274925,36.55504,29.83812,31.04169,30.45985,28.930391,26.05824,28.737038,41.383327,34.745934,36.01362,37.747585,34.11496,2.6028645,2.1283684,6.4556828,7.7905464,1384.71,37.874985,0,0.16347715,0.001098633,25,20,0.44192716,0.3272877,0.24138801,0.27975446,0.3526514,0.82567066,0.69834304,19.732233,19.593767,17.054495,18.378029,16.203173,20.372358,18.992727,18.760126,23.772875,20.600088,18.178503,20.334803,18.450104,21.714045,20.976528,20.940596,21.901745,21.216148,20.512476,19.423664,18.489788,18.393534,18.547834,19.793676,21.383137,21.437733,19.576422,20.177649,20.565008,18.359318,17.634912,19.925743,20.110806,19.258266,18.377605,20.093737,16.504602,17.300465,16.431938,18.47831,20.361876,20.267376,20.322147,21.49579,18.281479,19.748093,18.530264,19.987041,0.9958138,2.3656163,7.1231146,0.45243177,31.308159,30.75077,38.06463,18.618113,20.575277,19.783598,19.876312,18.296774,19.858145,42.17
4446056.924,657804.7026,17.776562,1.2399216,0.7452087,28.211872,34.405945,36.451748,35.400475,28.98192,30.840893,30.349459,28.5189,26.714668,29.551767,41.51196,35.049274,36.308777,38.207317,35.586346,2.616493,2.1272128,6.4433413,7.787023,1384.7,26.56505,-0.040039062,0.12824216,-0.003295898,25,20,0.44192716,0.3272877,0.24138801,0.27975446,0.3526514,0.82567066,0.69834304,19.940704,18.501423,16.97098,18.702377,17.63797,19.22177,18.099827,18.5341,23.658762,21.390146,18.693493,21.90721,18.619993,21.304264,20.627987,21.210787,22.37166,20.401089,20.01583,20.442068,18.653833,18.38663,18.669846,19.87547,21.201014,20.448952,19.591839,19.927153,21.272806,18.12811,17.998594,19.693012,19.54138,20.088135,17.539593,19.823069,16.846891,17.06537,16.656721,18.312286,20.151028,18.15322,19.653004,21.991865,20.304344,19.102757,18.53652,19.715313,0.99256516,2.3718529,7.115182,0.45243177,31.308908,30.595177,38.280617,18.439295,20.88598,19.848707,19.795496,18.223024,19.698961,42.17
4446056.924,657809.7026,24.475914,1.2278744,0.74603033,27.914751,34.60144,36.477577,33.988045,27.357595,30.712166,29.997242,28.066187,27.490208,30.568274,41.632607,35.397873,36.983917,38.847343,37.199715,2.626566,2.1322868,6.424814,7.7851768,1384.7,351.8699,0,0.101384394,-0.001098633,50,20,0.44192716,0.3272877,0.24138801,0.27975446,0.3526514,0.82567066,0.69834304,19.559566,18.100271,17.319086,18.97386,17.247377,19.721945,18.541656,18.693243,24.047714,21.048264,18.974316,21.892908,18.330017,21.324461,20.348898,21.137352,20.043842,19.682838,20.62347,19.962954,20.381493,18.778528,18.379885,19.739714,20.413418,19.201107,20.271414,19.932274,20.961563,17.763063,17.84559,19.433964,18.695742,19.359066,18.25521,19.070473,16.377155,16.67339,17.101591,17.976141,19.873806,19.808617,20.732676,20.61321,20.016644,17.399134,19.234415,19.638088,0.98695236,2.3794265,7.1049957,0.45243177,31.258095,30.354704,38.51524,18.494823,20.85237,19.693287,19.48406,17.933231,19.668356,42.17
4446056.924,657814.7026,22.778046,1.2238153,0.74636215,28.035091,34.601223,36.77302,32.96268,27.206654,30.51903,29.950981,27.67391,27.988195,31.316324,41.772243,35.577927,36.969753,39.256943,38.565086,2.6399636,2.119414,6.397269,7.7727766,1384.7,348.69006,-0.040039062,0.07310936,-0.002197266,50,20,0.4417699,0.31903172,0.23411357,0.27654135,0.34326345,0.82376,0.7168067,19.559566,18.100271,17.319086,18.97386,17.247377,19.721945,18.541656,18.693243,24.047714,21.048264,18.974316,21.892908,18.330017,21.324461,20.348898,21.137352,20.043842,19.682838,20.62347,19.962954,20.381493,18.778528,18.379885,19.739714,20.413418,19.201107,20.271414,19.932274,20.961563,17.763063,17.84559,19.433964,18.695742,19.359066,18.25521,19.070473,16.377155,16.67339,17.101591,17.976141,19.873806,19.808617,20.732676,20.61321,20.016644,17.399134,19.234415,19.638088,0.9850887,2.3796887,7.085023,0.4507552,31.318157,30.235004,38.675087,18.494823,20.85237,19.693287,19.48406,17.933231,19.668356,42.17
4446056.924,657819.7026,16.773388,1.2103423,0.73952997,27.848333,34.275223,36.89197,31.910694,26.073595,30.40253,29.758991,27.299871,28.416231,31.86756,41.917446,35.98715,37.52563,39.87331,39.83283,2.6500547,2.134188,6.373037,7.7689905,1384.7,329.03625,-0.080078125,0.08360374,-0.005615234,50,20,0.4417699,0.31903172,0.23411357,0.27654135,0.34326345,0.82376,0.7168067,19.45948,18.201035,16.990677,18.05414,16.052668,19.907923,18.604239,18.399057,24.211414,21.303427,18.821564,21.739555,17.915379,21.106445,20.793344,21.112152,19.708694,19.084738,20.543026,20.350689,20.356697,17.956905,18.28957,19.392332,20.828684,19.357456,20.041683,20.021954,21.565285,18.318722,17.634724,19.56733,18.967869,19.585392,17.960613,18.448133,18.857132,16.517282,16.123081,18.0283,20.007044,18.244144,20.216135,20.46217,19.513163,17.822903,18.653654,19.2129,0.9749361,2.3921213,7.0710135,0.4507552,31.061779,30.080761,38.952297,18.181452,20.841589,19.470045,19.681215,18.065643,19.274172,42.17
4446056.924,657824.7026,14.007694,1.204524,0.7371667,27.547438,34.07763,36.88791,30.997469,25.4877,30.28814,29.649223,27.06642,28.717726,32.21711,42.0829,36.279556,37.818394,40.419685,40.96537,2.6493742,2.1175585,6.3487983,7.757135,1384.71,326.30994,0.040039062,0.10339219,0.001098633,50,20,0.4417699,0.31903172,0.23411357,0.27654135,0.34326345,0.82376,0.7168067,20.01766,17.888533,17.262035,18.57287,17.055496,20.53782,19.020906,18.766497,22.75092,21.364752,18.175823,21.714254,18.457802,21.38507,21.804026,21.118582,22.217386,20.032272,19.280598,19.406515,20.570627,18.72201,17.59344,19.656948,21.789288,19.846577,20.55311,20.190065,22.099941,18.572525,19.040842,20.196365,20.69734,19.24041,18.66149,20.173964,17.931923,17.494917,16.47825,18.763248,22.206694,19.018139,20.638147,20.568615,19.279696,17.695147,18.431583,19.65922,0.97084534,2.3834662,7.0529666,0.4507552,30.812534,29.968681,39.18123,18.622189,20.807522,19.688978,20.298906,18.66833,19.691145,42.17
4446056.924,657829.7026,18.354706,1.1942971,0.7331244,27.731447,33.75059,36.54769,30.170828,25.279686,30.207293,29.230549,26.991507,28.977894,32.352226,42.110565,36.828888,38.261913,40.897003,42.032707,2.6539397,2.112662,6.345936,7.75534,1384.71,329.03625,-0.080078125,0.08360374,-0.003295898,50,20,0.4417699,0.31903172,0.23411357,0.27654135,0.34326345,0.82376,0.7168067,20.01766,17.888533,17.262035,18.57287,17.055496,20.53782,19.020906,18.766497,22.75092,21.364752,18.175823,21.714254,18.457802,21.38507,21.804026,21.118582,22.217386,20.032272,19.280598,19.406515,20.570627,18.72201,17.59344,19.656948,21.789288,19.846577,20.55311,20.190065,22.099941,18.572525,19.040842,20.196365,20.69734,19.24041,18.66149,20.173964,17.931923,17.494917,16.47825,18.763248,22.206694,19.018139,20.638147,20.568615,19.279696,17.695147,18.431583,19.65922,0.9637107,2.3833008,7.050638,0.4507552,30.74102,29.718922,39.469727,18.622189,20.807522,19.688978,20.298906,18.66833,19.691145,42.17
4446056.924,657834.7026,22.355854,1.1925634,0.73555547,27.7331,33.746994,35.81036,29.425344,24.93651,30.318233,29.215147,27.148697,29.250528,32.384594,41.946815,36.91671,38.66248,41.301826,42.74553,2.6496165,2.1097207,6.3590913,7.7607727,1384.72,333.43494,0.080078125,0.06412116,0.004394531,50,20,0.4417699,0.31903172,0.23411357,0.27654135,0.34326345,0.82376,0.7168067,19.633036,16.905514,15.206499,18.041702,17.271557,19.925861,18.947046,18.13115,24.035044,21.064121,18.397547,22.08406,18.636719,21.982431,21.490978,21.446291,24.08958,19.565054,18.812237,20.906218,20.676748,18.018452,18.223146,20.11966,22.991308,19.289219,20.357922,21.125769,22.23516,18.560125,19.79826,20.598417,20.080427,19.801708,17.11147,19.385082,17.725168,16.724434,17.322906,18.331778,21.437252,17.46359,20.826406,20.267508,19.409245,17.226637,18.73695,19.376133,0.9640595,2.3796687,7.0599318,0.4507552,30.740047,29.76669,39.431763,17.990171,21.0987,20.041632,20.622538,18.307312,19.338228,42.17
4446056.924,657839.7026,16.352325,1.1862575,0.74315584,27.920485,33.15506,34.776314,28.739834,24.737326,30.531038,29.41305,27.387928,29.508749,32.24045,41.611675,37.086525,39.22735,41.697132,43.35139,2.6110873,2.1090083,6.3902597,7.775047,1384.72,0,0.040039062,0.057351712,0.003295898,50,20,0.4417699,0.31903172,0.23411357,0.27654135,0.34326345,0.82376,0.7168067,19.084639,16.594374,16.950249,19.008072,17.544474,20.552433,17.874372,18.381756,23.369274,21.351648,18.26926,21.953749,18.441792,21.47679,21.373999,21.242853,23.90398,19.98935,19.787502,20.837465,18.829874,18.562143,18.583725,20.127518,24.83868,21.05334,20.695562,21.42304,19.128534,19.152206,19.831844,20.859003,21.23173,18.220778,16.939667,19.259855,16.946894,16.881763,17.093721,18.089113,22.267492,18.017715,19.690754,20.727354,18.454487,19.429201,18.583395,19.661112,0.96470666,2.3600478,7.082653,0.4507552,30.537773,29.972044,39.3491,18.229801,20.89093,20.070576,20.874744,18.082058,19.59577,42.17
4446056.924,657844.7026,20.509708,1.1916746,0.7493338,27.69381,33.016846,33.592087,28.060698,24.43198,30.770765,29.06001,27.784073,29.812115,31.97981,41.292538,37.503887,39.733994,41.83875,43.8782,2.6088037,2.0929258,6.4318504,7.794096,1384.72,0,0.040039062,0.057351712,0.003295898,50,20,0.44145235,0.3264026,0.24245547,0.27615798,0.3492549,0.8235812,0.71498764,19.084639,16.594374,16.950249,19.008072,17.544474,20.552433,17.874372,18.381756,23.369274,21.351648,18.26926,21.953749,18.441792,21.47679,21.373999,21.242853,23.90398,19.98935,19.787502,20.837465,18.829874,18.562143,18.583725,20.127518,24.83868,21.05334,20.695562,21.42304,19.128534,19.152206,19.831844,20.859003,21.23173,18.220778,16.939667,19.259855,16.946894,16.881763,17.093721,18.089113,22.267492,18.017715,19.690754,20.727354,18.454487,19.429201,18.583395,19.661112,0.97050416,2.350865,7.112973,0.4534703,30.355328,29.915388,39.398212,18.229801,20.89093,20.070576,20.874744,18.082058,19.59577,42.17
4446056.924,657849.7026,28.538687,1.1817198,0.7742679,27.94292,32.617283,32.439777,27.378315,24.268766,31.046059,29.462257,28.150198,30.082502,31.688126,40.859314,37.484615,40.22349,42.1353,44.31889,2.5797029,2.0861514,6.4714227,7.8065615,1384.72,348.69006,0.040039062,0.07310936,0.002197266,50,20,0.44145235,0.3264026,0.24245547,0.27615798,0.3492549,0.8235812,0.71498764,19.275347,18.375042,17.584864,19.170403,16.05962,20.061329,18.3559,18.568638,23.136465,21.864002,17.942886,21.569086,18.233559,21.32928,21.952534,21.200712,23.760782,20.365261,19.560114,19.553444,17.825268,20.041677,18.231764,19.979145,21.261393,21.19234,19.745073,21.108725,17.771948,19.343004,18.559658,19.970997,19.73975,17.448895,17.314684,18.94761,18.327162,16.692259,16.079483,17.852163,21.169392,18.500223,18.782215,20.868193,18.336258,18.911495,17.73565,19.294632,0.97799385,2.3329272,7.1389923,0.4534703,30.280102,30.254158,39.171967,18.411785,20.861115,19.905472,19.854593,17.792835,19.186205,42.17
4446056.924,657854.7026,24.14065,1.1762636,0.8078758,27.956606,32.60903,31.304613,26.737259,24.062908,31.34156,29.541857,28.540401,30.337902,31.446068,40.44126,37.555996,40.676872,42.471497,44.723682,2.5515325,2.0855334,6.51264,7.822142,1384.72,345.96375,0,0.11823346,0,50,20,0.44145235,0.3264026,0.24245547,0.27615798,0.3492549,0.8235812,0.71498764,19.092213,19.199396,17.675085,19.13154,16.401321,20.645445,19.453043,19.016195,23.190113,21.769928,18.608715,21.830725,18.125725,21.350742,21.906536,21.311354,22.797073,20.002823,19.625475,19.514278,20.207901,19.005999,18.238836,19.865398,21.124279,21.304272,20.70226,21.466644,20.308022,18.73936,18.386547,20.2822,18.341028,16.576061,16.814304,18.566576,18.006666,15.740941,15.889574,17.165234,19.966667,19.420444,20.211964,20.752117,16.6534,18.37612,18.707777,19.331541,0.9920697,2.318533,7.167391,0.4534703,30.282818,30.441708,38.998627,18.799723,20.968927,19.913197,20.290197,17.133595,19.155499,42.17
4446056.924,657859.7026,22.20083,1.1766632,0.86508274,27.615345,32.341904,30.119497,26.114178,23.853394,31.607721,29.668636,28.97539,30.706482,31.400177,40.15174,37.73564,41.093655,42.578136,45.024208,2.522052,2.086045,6.558662,7.857703,1384.72,338.19858,-0.080078125,0.15442389,-0.004394531,50,20,0.44145235,0.3264026,0.24245547,0.27615798,0.3492549,0.8235812,0.71498764,19.092213,19.199396,17.675085,19.13154,16.401321,20.645445,19.453043,19.016195,23.190113,21.769928,18.608715,21.830725,18.125725,21.350742,21.906536,21.311354,22.797073,20.002823,19.625475,19.514278,20.207901,19.005999,18.238836,19.865398,21.124279,21.304272,20.70226,21.466644,20.308022,18.73936,18.386547,20.2822,18.341028,16.576061,16.814304,18.566576,18.006666,15.740941,15.889574,17.165234,19.966667,19.420444,20.211964,20.752117,16.6534,18.37612,18.707777,19.331541,1.020873,2.3040485,7.2081823,0.4534703,29.978624,30.63818,38.94369,18.799723,20.968927,19.913197,20.290197,17.133595,19.155499,42.17
4446056.924,657864.7026,12.255596,1.1707879,0.95864606,27.619186,32.331863,28.786682,25.495806,23.599344,31.764141,29.69381,29.227808,31.183283,31.638603,40.03439,37.97301,41.812443,42.68939,45.20948,2.491543,2.0858033,6.6084023,7.912954,1384.73,329.03625,0,0.16720712,0,50,20,0.44145235,0.3264026,0.24245547,0.27615798,0.3492549,0.8235812,0.71498764,19.075787,18.743969,17.36335,19.19787,17.205267,20.603277,18.636675,18.917988,23.714926,21.292074,18.685886,21.23395,17.972406,20.876104,21.742567,21.081383,20.282114,21.370495,20.35368,19.893177,20.278435,18.252443,18.10012,19.780527,21.062807,21.273277,20.610014,21.376093,19.874819,17.871168,17.153612,19.895811,17.625832,17.156748,14.340937,16.991007,16.255684,13.8673725,13.953057,15.720337,20.202854,20.080914,19.466955,21.154345,16.766674,16.77782,18.789968,19.007061,1.064717,2.2886732,7.2606783,0.4534703,29.975525,30.728975,39.0037,18.689457,20.788273,19.790066,19.888826,15.741518,19.034216,42.17
4446056.924,657869.7026,15.255847,1.175304,1.0726308,27.53997,31.610922,27.399986,24.844872,22.593025,32.477093,31.213266,30.099245,31.868023,32.094284,39.50197,37.298477,42.19229,42.576614,45.1366,2.4796667,2.0677493,6.6703076,7.983446,1384.74,341.56506,0.080078125,0.1813615,0.004394531,25,20,0.44145235,0.3264026,0.24245547,0.27615798,0.3492549,0.8235812,0.71498764,18.606853,17.964628,17.226248,18.220835,16.640026,19.395414,18.28234,18.145842,23.014908,19.532278,18.104769,20.284592,17.987593,20.199331,21.147512,20.291143,19.957897,19.666916,18.792019,20.16762,17.159048,17.340002,17.025644,18.713818,19.282978,19.363916,18.233696,19.244715,19.51979,16.98906,16.269884,18.402443,18.640072,17.902992,15.580927,17.89772,16.422253,15.217865,15.170477,16.757814,19.379877,19.350445,18.425907,21.072783,18.456913,16.38209,18.921537,18.766008,1.1239674,2.2737079,7.3268766,0.4534703,29.575447,31.84518,38.400223,18.048048,20.038712,18.58702,18.414862,16.69033,18.85565,42.17
4446056.924,657874.7026,14.65214,1.1657743,1.1959357,27.639488,31.601133,26.183912,24.36723,22.586893,32.91249,31.795465,30.860775,32.477257,32.56228,39.237213,37.07504,42.29193,42.39739,45.088936,2.4557486,2.0655375,6.709584,8.043407,1384.74,356.1859,0,0.21554539,0.001098633,25,20,0.45299396,0.32698172,0.24492033,0.27784446,0.35848206,0.82559055,0.6889477,18.606853,17.964628,17.226248,18.220835,16.640026,19.395414,18.28234,18.145842,23.014908,19.532278,18.104769,20.284592,17.987593,20.199331,21.147512,20.291143,19.957897,19.666916,18.792019,20.16762,17.159048,17.340002,17.025644,18.713818,19.282978,19.363916,18.233696,19.244715,19.51979,16.98906,16.269884,18.402443,18.640072,17.902992,15.580927,17.89772,16.422253,15.217865,15.170477,16.757814,19.379877,19.350445,18.425907,21.072783,18.456913,16.38209,18.921537,18.766008,1.180855,2.260643,7.376496,0.4536801,29.620312,32.353977,38.156128,18.048048,20.038712,18.58702,18.414862,16.69033,18.85565,42.17
4446056.924,657879.7026,15.517179,1.166084,1.3091335,27.622236,31.1974,24.997002,23.886873,22.009642,33.314728,31.874264,31.361801,33.118572,33.003773,39.07359,37.39727,42.851578,42.185154,45.068214,2.434063,2.0651183,6.738671,8.110185,1384.74,3.3664598,0,0.24416472,0.001098633,10,20,0.45299396,0.32698172,0.24492033,0.27784446,0.35848206,0.82559055,0.6889477,18.855413,18.31071,15.825071,18.792467,16.252022,20.451405,17.669397,18.263123,21.618477,18.921055,18.166653,20.715319,17.10185,20.722273,21.195784,20.123425,20.58491,20.51711,16.94957,19.453959,20.155428,18.142727,16.393042,18.939497,19.468815,20.206045,17.955276,19.43124,19.532587,17.366232,15.238553,18.481796,19.178247,18.908472,17.468153,19.409777,16.717037,16.116308,14.873339,17.636686,19.857357,18.971367,18.526924,20.3239,19.517246,18.238476,17.683867,19.03558,1.2376088,2.2495906,7.424428,0.4536801,29.409817,32.594498,38.235428,18.022356,19.777344,18.885248,18.456964,17.524477,19.01702,42.17
4446056.924,657884.7026,9.324895,1.1627198,1.4248071,27.597212,31.189579,24.083061,23.529236,21.997042,33.801376,32.518784,31.754524,33.642105,33.496265,38.900063,37.09218,42.985733,42.174522,45.028263,2.4201734,2.0646698,6.7458963,8.157653,1384.74,25.346176,0.12011719,0.301435,0.008911133,10,20,0.45299396,0.32698172,0.24492033,0.27784446,0.35848206,0.82559055,0.6889477,19.980173,18.772837,14.747072,18.949514,15.313917,19.93284,18.348118,18.276936,21.46685,19.32717,18.23021,21.207865,18.349468,20.339458,21.240814,20.364634,20.987942,20.027267,17.986313,19.485014,17.122149,18.154516,17.338522,18.909784,19.688114,20.499939,18.446272,19.532326,18.053415,17.582697,16.426401,18.738014,18.82301,18.558584,16.56987,19.45328,17.54499,15.265584,15.271135,17.446209,20.464613,18.02683,18.978865,20.091501,17.72836,19.782654,18.721758,19.334295,1.2937634,2.2424216,7.4517746,0.4536801,29.393394,33.16008,37.99612,18.006353,20.023119,18.728817,18.604166,17.355207,19.11351,42.17
4446056.924,657889.7026,21.038849,1.159888,1.5164838,27.5747,31.177608,23.342674,23.198404,21.89309,34.44632,32.82095,32.279213,34.33989,34.17598,38.492107,36.951668,43.04058,41.871788,44.668766,2.406462,2.0638945,6.7711067,8.200999,1384.72,45,0.080078125,0.385008,0.005493164,25,20,0.45299396,0.32698172,0.24492033,0.27784446,0.35848206,0.82559055,0.6889477,20.481731,19.19626,15.198677,19.424444,15.747041,20.367018,18.774714,18.731983,22.459389,20.930712,18.847134,22.535385,18.939589,20.770514,21.498348,21.200401,22.526007,21.599804,19.320354,20.908094,18.617634,19.050354,17.842907,20.14197,20.96925,21.081944,20.803307,21.437456,19.418953,18.872416,17.989574,20.257683,19.225689,19.004826,17.275755,20.40059,18.5222,16.080622,15.8951235,18.139633,20.464613,18.02683,18.978865,20.091501,17.72836,19.782654,18.721758,19.334295,1.3381859,2.2351782,7.486053,0.4536801,29.376154,33.633636,37.721886,18.4557,20.854437,19.980738,20.081842,18.057829,19.11351,42.17
4446056.924,657894.7026,12.9102955,1.1578048,1.5866888,27.517656,30.850431,23.217197,22.927227,21.973286,35.415665,33.298695,32.809246,35.230953,35.25921,37.46768,36.65699,42.48937,41.39149,43.57696,2.403622,2.0721972,6.8537545,8.218065,1384.69,56.75781,0.0390625,0.49630523,0.006591797,25,20,0.45299396,0.32698172,0.24492033,0.27784446,0.35848206,0.82559055,0.6889477,19.192165,18.222271,16.021427,18.598864,15.536411,20.1067,18.201117,18.175188,22.91837,20.185556,17.541271,19.511374,17.214188,19.84987,19.46462,19.870687,23.931215,21.517965,20.443438,19.749533,17.969946,18.685364,18.007715,20.112492,21.375721,21.027584,19.7914,21.168009,19.067596,18.27226,18.198206,19.948164,19.76496,19.446325,17.135921,20.73598,18.280231,16.123117,16.153887,18.256207,19.185219,16.862034,17.542358,18.211542,16.862406,15.697556,16.227564,17.216711,1.3722467,2.2379096,7.5359097,0.4536801,29.184044,34.357178,37.062336,17.982708,19.526463,20.043596,19.84297,18.234346,17.226954,42.17
4446056.924,657899.7026,17.739912,1.1662097,1.6386513,27.344429,30.653208,23.157482,22.717789,22.13241,36.57939,33.888813,33.547104,36.241463,36.56121,36.19901,36.1085,42.129803,40.71707,42.06393,2.401629,2.0902395,6.9586816,8.225517,1384.65,55.610416,0.16064453,0.6593642,0.006713867,25,20,0.45299396,0.32698172,0.24492033,0.27784446,0.35848206,0.82559055,0.6889477,19.124828,17.714207,15.775869,19.145628,16.777771,20.046282,17.83797,18.275715,23.071417,19.355955,17.657091,19.962273,16.953959,19.54562,19.661335,19.748522,23.888933,20.662436,19.944206,18.791142,18.554373,18.169638,18.921429,19.977932,22.379944,21.470144,20.579458,19.205776,19.60367,18.052608,19.042692,20.097898,19.443096,20.472248,17.479824,19.385363,18.395264,16.599194,16.386583,18.29526,18.294235,17.318806,17.097303,17.242647,16.218987,15.782899,17.2943,17.000765,1.4024305,2.2459342,7.592099,0.4536801,28.998817,35.2341,36.153755,18.060366,19.458235,19.847452,20.047758,18.308796,17.035597,42.17
4446056.924,657904.7026,18.678364,1.1674247,1.6840994,27.171555,30.061605,23.313644,22.542799,22.194899,37.711338,34.45895,34.080257,37.207676,37.909485,35.026157,35.782837,41.452087,40.029446,40.566364,2.4053595,2.0965047,7.0396414,8.224333,1384.59,52.77155,-0.041015625,0.8996315,0.003295898,25,20,0.44996914,0.33211008,0.25004017,0.28470957,0.38693386,0.84786874,0.7940837,19.124828,17.714207,15.775869,19.145628,16.777771,20.046282,17.83797,18.275715,23.071417,19.355955,17.657091,19.962273,16.953959,19.54562,19.661335,19.748522,23.888933,20.662436,19.944206,18.791142,18.554373,18.169638,18.921429,19.977932,22.379944,21.470144,20.579458,19.205776,19.60367,18.052608,19.042692,20.097898,19.443096,20.472248,17.479824,19.385363,18.395264,16.599194,16.386583,18.29526,18.294235,17.318806,17.097303,17.242647,16.218987,15.782899,17.2943,17.000765,1.425762,2.2509322,7.631987,0.4779593,28.616581,36.085144,35.404495,18.060366,19.458235,19.847452,20.047758,18.308796,17.035597,42.17
4446056.924,657909.7026,12.255713,1.1732178,1.7199209,27.154078,30.055445,23.452642,22.36647,22.278965,38.81858,34.895386,34.630016,38.121,39.285408,33.926918,35.256706,40.781536,39.4041,39.08995,2.4164398,2.0980897,7.1106944,8.224838,1384.52,53.126606,0.080566406,1.145623,0.002197266,25,20,0.44996914,0.33211008,0.25004017,0.28470957,0.38693386,0.84786874,0.7940837,18.701628,17.66935,15.886746,19.377157,18.239868,20.07941,18.164837,18.452314,22.048834,19.867777,17.289654,20.82855,16.401682,19.313955,19.735224,19.685364,23.122349,21.31873,20.217144,18.731108,18.071627,17.353716,18.043442,19.57363,22.28772,20.934097,19.550749,19.189322,18.593224,18.123476,17.11408,19.472334,19.063856,19.24621,18.557005,19.57907,19.602446,16.937704,16.167969,18.468151,18.130579,17.952572,17.880413,17.0859,17.281254,15.880345,16.603193,17.197582,1.4465693,2.2572646,7.6677666,0.4779593,28.604761,36.856983,34.591812,18.302715,19.355097,19.551159,19.398952,18.45061,17.25918,42.17
4446056.924,657914.7026,13.74445,1.1955308,1.7477994,27.209938,29.986992,23.583536,22.176481,22.15662,39.819103,35.555656,35.15984,38.986713,40.717022,32.940712,34.60156,40.14253,38.76171,37.642113,2.4232123,2.0913928,7.167526,8.22514,1384.43,51.43675,-0.119140625,1.2636938,-0.004394531,50,20,0.44996914,0.33211008,0.25004017,0.28470957,0.38693386,0.84786874,0.7940837,18.701628,17.66935,15.886746,19.377157,18.239868,20.07941,18.164837,18.452314,22.048834,19.867777,17.289654,20.82855,16.401682,19.313955,19.735224,19.685364,23.122349,21.31873,20.217144,18.731108,18.071627,17.353716,18.043442,19.57363,22.28772,20.934097,19.550749,19.189322,18.593224,18.123476,17.11408,19.472334,19.063856,19.24621,18.557005,19.57907,19.602446,16.937704,16.167969,18.468151,18.130579,17.952572,17.880413,17.0859,17.281254,15.880345,16.603193,17.197582,1.4716651,2.2573025,7.696333,0.4779593,28.598465,37.687378,33.771133,18.302715,19.355097,19.551159,19.398952,18.45061,17.25918,42.17
4446051.924,657759.7026,17.109884,1.2613015,1.0800879,28.347466,34.20667,30.405228,29.132921,25.5536,31.993223,30.942026,29.9993,31.574043,37.55028,39.66664,34.555374,38.777935,39.34295,38.716526,2.6084569,2.1464417,6.523806,7.9365005,1384.82,53.15112,-0.12109375,0.28602192,-0.005615234,10,20,0.46679598,0.32714584,0.24061948,0.2793939,0.35997942,0.82645077,0.6873623,18.570007,16.42803,15.506195,18.626053,17.867096,19.71523,18.18355,18.079409,18.577099,16.12421,14.153567,15.886874,14.91146,17.813484,18.034216,16.808355,19.027115,17.132084,17.33791,18.303726,18.051167,17.288519,18.171066,18.075802,18.318378,17.5571,18.70363,17.7926,18.436111,16.629023,17.562717,17.763264,19.841272,18.496044,14.997228,17.767794,14.846053,15.825536,16.380255,16.967787,18.987652,17.717987,18.40941,19.205835,18.0868,18.153875,18.594112,18.623146,1.1706947,2.3774493,7.230153,0.45539257,31.277067,31.467625,37.111008,17.84231,16.500132,17.901655,17.85708,16.87917,18.45081,42.17
4446051.924,657764.7026,16.405315,1.2583654,1.0737808,28.33857,34.20909,30.631924,29.50031,25.67318,31.940887,30.862864,29.98373,31.325998,36.822556,39.801075,34.586914,38.677784,39.244656,38.885674,2.606691,2.1458662,6.559951,7.943128,1384.81,39.78833,0.041015625,0.22322577,0.001098633,10,20,0.46679598,0.32714584,0.24061948,0.2793939,0.35997942,0.82645077,0.6873623,18.845957,15.892743,15.62659,18.177439,16.552895,19.918427,19.102436,17.912127,18.522387,15.27474,14.807081,16.335936,14.645773,16.711325,17.286404,16.477795,18.395344,16.551952,17.020412,16.793129,18.73827,16.714035,18.935013,17.627848,17.948795,17.714252,17.82747,18.281755,17.634398,18.086458,17.910507,17.917063,19.104641,19.146593,17.111406,18.20414,14.543364,16.197378,16.929422,17.430304,19.954517,17.264715,17.254961,19.205803,18.85074,17.714443,19.5484,18.573797,1.1660731,2.3762784,7.251539,0.45539257,31.27383,31.401875,37.193993,17.730927,16.226236,17.592592,17.914804,17.319563,18.54194,42.17
4446051.924,657769.7026,16.254105,1.2555149,1.0576245,28.32932,34.210453,30.981224,29.984818,25.887024,31.866745,30.801056,29.9303,30.980421,35.96342,39.956364,34.631145,38.521038,39.13296,38.909462,2.6045246,2.1449878,6.585551,7.9433002,1384.8,33.676613,0.040039062,0.20654124,0.003295898,10,20,0.46679598,0.32714584,0.24061948,0.2793939,0.35997942,0.82645077,0.6873623,19.188238,15.77245,15.7037525,18.46601,15.610451,19.584534,18.340624,17.81187,21.023165,18.442919,18.129879,18.841578,17.197853,20.364197,20.015394,19.368397,18.017275,18.544254,16.970413,17.681084,18.800444,17.648075,18.359482,18.049843,19.127838,19.404453,17.324064,18.402819,18.158491,18.089972,17.82895,18.367712,19.083961,18.642094,16.250423,15.988132,13.5092,15.204885,16.603346,16.505793,19.25687,16.308271,19.257421,18.859453,18.9336,17.370947,18.755096,18.441141,1.1565697,2.3747563,7.2644253,0.45539257,31.269886,31.3339,37.293755,17.523724,19.144999,18.003004,18.3338,16.468864,18.391666,42.17
4446051.924,657774.7026,13.980977,1.2529547,1.0246269,28.320522,34.209183,31.48422,30.58086,26.231024,31.79695,30.796535,29.809805,30.540798,35.27228,40.09627,34.684307,38.30158,39.013943,38.43686,2.602014,2.143543,6.583277,7.931054,1384.79,39.805573,0.080078125,0.22396454,0.004394531,10,20,0.46679598,0.32714584,0.24061948,0.2793939,0.35997942,0.82645077,0.6873623,19.188238,15.77245,15.7037525,18.46601,15.610451,19.584534,18.340624,17.81187,21.023165,18.442919,18.129879,18.841578,17.197853,20.364197,20.015394,19.368397,18.017275,18.544254,16.970413,17.681084,18.800444,17.648075,18.359482,18.049843,19.127838,19.404453,17.324064,18.402819,18.158491,18.089972,17.82895,18.367712,19.083961,18.642094,16.250423,15.988132,13.5092,15.204885,16.603346,16.505793,19.25687,16.308271,19.257421,18.859453,18.9336,17.370947,18.755096,18.441141,1.1387908,2.3727784,7.257166,0.45539257,31.264853,31.296741,37.39029,17.523724,19.144999,18.003004,18.3338,16.468864,18.391666,42.17
4446051.924,657779.7026,15.260936,1.2497392,0.98137015,28.253561,34.40452,32.089676,31.353048,26.633072,31.668015,30.532667,29.663845,29.971684,34.517365,40.308613,34.82428,38.18446,38.86648,37.709457,2.6008449,2.1400123,6.566095,7.9054418,1384.77,40.23636,-0.080078125,0.24416472,-0.003295898,25,20,0.46679598,0.32714584,0.24061948,0.2793939,0.35997942,0.82645077,0.6873623,19.24886,15.690846,15.686079,18.448717,17.24164,19.80816,18.619135,17.957706,21.245071,19.089136,18.113142,19.543997,17.034388,21.105572,19.904572,19.804485,19.346115,18.522121,15.287611,19.143406,18.42327,17.388905,18.006596,18.17779,19.866463,19.115011,15.731573,18.647602,18.670288,16.712608,17.553396,18.09546,19.174435,17.854652,17.298578,16.28583,13.820633,14.512265,16.084742,16.461315,20.354807,17.564182,18.158403,19.006039,19.93866,18.406557,19.43037,18.905973,1.1155547,2.3704286,7.2357683,0.45539257,31.32904,31.100342,37.566444,17.82049,19.433697,18.016861,18.042421,16.43302,18.97986,42.17
4446051.924,657784.7026,17.375988,1.2463266,0.9345027,28.244255,34.402428,32.836025,32.189754,27.146688,31.55689,30.541471,29.490234,29.326815,33.474003,40.508564,34.881615,37.85444,38.721508,37.073864,2.597313,2.1381245,6.5517187,7.8857827,1384.76,30.963757,0,0.2508098,-0.001098633,25,20,0.44192716,0.3272877,0.24138801,0.27975446,0.3526514,0.82567066,0.69834304,19.24886,15.690846,15.686079,18.448717,17.24164,19.80816,18.619135,17.957706,21.245071,19.089136,18.113142,19.543997,17.034388,21.105572,19.904572,19.804485,19.346115,18.522121,15.287611,19.143406,18.42327,17.388905,18.006596,18.17779,19.866463,19.115011,15.731573,18.647602,18.670288,16.712608,17.553396,18.09546,19.174435,17.854652,17.298578,16.28583,13.820633,14.512265,16.084742,16.461315,20.354807,17.564182,18.158403,19.006039,19.93866,18.406557,19.43037,18.905973,1.0904146,2.3677187,7.218751,0.45243177,31.323341,31.049181,37.69509,17.82049,19.433697,18.016861,18.042421,16.43302,18.97986,42.17
4446051.924,657789.7026,16.962696,1.2429965,0.8870424,28.233093,34.401287,33.6634,33.122658,27.71112,31.414684,30.530005,29.311283,28.597374,32.20382,40.760345,34.933514,37.478962,38.56159,36.520947,2.5944114,2.13622,6.538385,7.8652115,1384.75,36.253838,0.040039062,0.26669905,0.002197266,25,20,0.44192716,0.3272877,0.24138801,0.27975446,0.3526514,0.82567066,0.69834304,19.45567,17.405888,16.02331,18.38936,17.735819,19.751709,18.718327,18.304348,22.615404,19.27029,17.635468,19.749716,18.237803,20.876963,20.04018,20.096195,20.28131,20.075556,16.557995,20.075682,17.611479,17.650637,17.289186,18.635834,19.120548,19.99728,17.058947,19.769161,18.779621,16.165174,17.189362,18.304726,19.419651,19.279219,18.079407,18.577526,15.892607,15.723732,15.107324,17.432783,19.556717,18.222939,21.335522,19.522943,16.960121,18.816986,18.651031,19.054523,1.0650194,2.3653157,7.2017984,0.45243177,31.31719,30.972343,37.84693,18.21144,19.775118,18.505978,18.297155,17.439924,19.009464,42.17
4446051.924,657794.7026,12.160777,1.239855,0.84248096,28.221401,34.400974,34.50078,33.98397,28.231443,31.246435,30.496504,29.115103,27.893251,30.944427,41.043198,34.988983,37.114124,38.434483,36.13576,2.5932267,2.1343546,6.523332,7.84428,1384.73,45,-0.080078125,0.24332133,-0.004394531,25,20,0.44192716,0.3272877,0.24138801,0.27975446,0.3526514,0.82567066,0.69834304,20.021397,18.66621,16.858036,18.139292,17.712042,20.23308,19.44634,18.788088,22.191616,21.262913,18.129986,21.361574,18.040401,21.065887,20.266275,20.6757,22.891006,21.037935,19.405424,18.996256,19.443726,18.044952,18.992727,19.767658,21.518047,21.956509,19.806353,20.622305,19.858004,17.864965,18.224106,20.038446,18.689281,17.983858,16.34326,18.52072,16.081623,14.61279,14.295107,16.762339,20.656858,18.27897,20.103859,17.183376,18.982395,18.790514,19.26335,18.9487,1.041168,2.3637905,7.183806,0.45243177,31.311188,30.87147,38.01609,18.7252,20.331238,19.83029,19.978611,16.646664,19.037046,42.17
4446051.924,657799.7026,11.243397,1.2370775,0.8079919,28.212933,34.400646,35.1706,34.330074,28.427715,31.057775,30.43439,28.86328,27.510406,30.221945,41.30803,35.09542,36.913208,38.47034,36.22431,2.596298,2.132658,6.5049534,7.8256345,1384.72,45,0,0.18249148,-0.001098633,25,20,0.44192716,0.3272877,0.24138801,0.27975446,0.3526514,0.82567066,0.69834304,20.021397,18.73303,16.859905,18.139292,17.71671,20.237082,19.480862,18.801897,22.23086,21.33627,18.173664,21.388243,18.06876,21.099411,20.298517,20.716217,22.891006,21.037935,19.405424,18.996256,19.443726,18.044952,18.992727,19.767658,21.518047,21.956509,19.806353,20.622305,19.858004,17.864965,18.224106,20.038446,19.522903,19.524994,17.993946,19.725916,17.779497,16.163555,16.216593,18.193121,20.656858,18.27897,20.103859,17.183376,18.982395,18.790514,19.26335,18.9487,1.0225347,2.364478,7.1652937,0.45243177,31.30679,30.746082,38.201725,18.741182,20.37082,19.83029,19.978611,18.132486,19.037046,42.17
4446051.924,657804.7026,18.024214,1.2267215,0.78771675,27.91807,34.595898,35.47467,33.811127,27.458668,30.901678,30.136297,28.50515,27.664007,30.345127,41.513123,35.332993,37.27552,38.854877,37.000328,2.6014657,2.1373107,6.482575,7.8135185,1384.71,35.537678,-0.040039062,0.12333938,-0.002197266,25,20,0.44192716,0.3272877,0.24138801,0.27975446,0.3526514,0.82567066,0.69834304,18.905865,18.5327,16.892452,18.088255,16.001207,20.462612,18.741634,18.441893,22.069094,21.47829,17.779448,21.52208,18.006588,21.395853,20.83009,20.791931,22.824213,21.17402,19.810253,19.881405,18.493355,17.963272,17.663982,19.769989,21.988123,21.237589,19.988815,21.897789,19.194035,18.77246,17.07041,20.014648,19.537807,19.986458,18.77059,19.188818,17.788706,16.735226,16.30718,18.355043,21.50181,19.975956,20.187832,19.697004,19.829376,18.2811,18.330168,19.608793,1.0072191,2.369388,7.1480465,0.45243177,31.256985,30.518988,38.423058,18.232103,20.440205,19.687214,20.021317,18.330683,19.686176,42.17
4446051.924,657809.7026,25.339613,1.2243156,0.77609533,27.91411,34.596424,35.694622,32.936,26.902761,30.692045,29.999363,28.128033,28.021503,30.890253,41.71217,35.55894,37.492756,39.299683,38.10305,2.6131978,2.1355972,6.4526567,7.797517,1384.71,0,0.040039062,0.08602753,0.001098633,50,20,0.44192716,0.3272877,0.24138801,0.27975446,0.3526514,0.82567066,0.69834304,19.187805,18.534014,17.300182,17.835127,16.065973,19.591518,19.365982,18.435097,23.561232,20.731853,17.433393,22.074709,18.39113,21.38616,20.895483,20.958525,22.839767,20.773575,19.703983,19.371302,18.585665,18.037104,17.786968,19.595707,22.747787,19.647825,19.84007,20.450445,18.565405,18.474854,16.933071,19.586134,19.819958,19.570896,18.913885,19.88895,18.198511,17.348589,16.180788,18.621708,20.316957,20.426737,22.254818,20.44406,18.750175,18.214624,18.835999,19.914827,1.0002055,2.3743975,7.125087,0.45243177,31.255268,30.345703,38.635555,18.268658,20.639135,19.58548,19.522781,18.560226,19.89191,42.17
4446051.924,657814.7026,24.269281,1.2093664,0.76230335,27.850582,34.269714,35.871063,31.962334,26.343206,30.536518,29.90753,27.74967,28.368614,31.43905,41.875805,35.89917,37.81784,39.87035,39.27777,2.6235652,2.1390426,6.422014,7.7881813,1384.71,351.8699,0,0.101384394,0.001098633,50,20,0.4417699,0.31903172,0.23411357,0.27654135,0.34326345,0.82376,0.7168067,19.187805,18.534014,17.300182,17.835127,16.065973,19.591518,19.365982,18.435097,23.561232,20.731853,17.433393,22.074709,18.39113,21.38616,20.895483,20.958525,22.839767,20.773575,19.703983,19.371302,18.585665,18.037104,17.786968,19.595707,22.747787,19.647825,19.84007,20.450445,18.565405,18.474854,16.933071,19.586134,19.819958,19.570896,18.913885,19.88895,18.198511,17.348589,16.180788,18.621708,20.316957,20.426737,22.254818,20.44406,18.750175,18.214624,18.835999,19.914827,0.9858349,2.3813038,7.105098,0.4507552,31.060148,30.222023,38.88749,18.268658,20.639135,19.58548,19.522781,18.560226,19.89191,42.17
4446051.924,657819.7026,20.381233,1.208031,0.75593156,27.843863,34.271378,36.025894,30.988785,25.824978,30.313728,29.71603,27.338718,28.653988,31.915016,42.114197,36.155678,38.092533,40.44389,40.43396,2.6377969,2.1374824,6.383444,7.7620516,1384.71,336.80142,-0.040039062,0.109194316,-0.002197266,50,20,0.4417699,0.31903172,0.23411357,0.27654135,0.34326345,0.82376,0.7168067,19.772118,18.225992,16.533455,18.973757,17.30755,20.585554,18.813795,18.814425,23.399685,20.405643,18.566975,22.339691,18.574324,21.110285,20.804409,21.040121,21.376629,20.870312,19.88241,20.87729,20.092545,17.485334,17.811018,19.686604,21.851658,20.210524,20.20471,21.081314,21.000982,17.723833,18.3379,19.982204,18.98753,20.569523,18.327188,19.603138,18.625175,15.638292,16.590906,18.369076,20.667074,21.6996,19.896063,19.347548,19.65781,17.356796,19.118917,19.58236,0.9819813,2.3876395,7.0727477,0.4507552,31.057621,30.01488,39.134937,18.601746,20.743,19.770792,20.058702,18.334536,19.677687,42.17
4446051.924,657824.7026,18.394995,1.2020016,0.75019073,27.539518,34.07476,36.090485,29.975441,25.245619,30.124992,29.550573,26.965635,28.867292,32.282776,42.38661,36.507587,38.442398,41.138145,41.5659,2.6387327,2.1206198,6.3451066,7.7343116,1384.72,326.30994,0.080078125,0.10339219,0.004394531,50,20,0.4417699,0.31903172,0.23411357,0.27654135,0.34326345,0.82376,0.7168067,19.941051,19.266123,16.058325,18.337732,17.059395,20.179117,19.26262,18.750319,22.432804,20.188564,18.5789,22.027628,18.389664,21.583164,21.083422,21.00797,21.791512,20.434048,20.495007,20.37914,20.57351,17.638819,20.112715,20.233427,21.001158,20.35444,19.88249,20.843689,22.174831,18.283457,19.82583,20.276276,20.298237,21.443674,16.710876,18.923477,18.956879,16.591715,17.383549,18.55249,19.923717,21.663874,19.6453,19.058722,21.34774,17.777113,19.915598,19.7073,0.97609615,2.3796763,7.039709,0.4507552,30.80714,29.837784,39.447098,18.586338,20.61202,20.203535,20.337984,18.615488,19.904583,42.17
4446051.924,657829.7026,20.790823,1.1925286,0.7452887,27.718082,33.749687,35.88978,29.032608,24.99373,29.94906,29.069258,26.69627,29.062834,32.484314,42.550148,37.11446,38.94011,41.760464,42.65719,2.6479113,2.1159267,6.3238707,7.714707,1384.72,341.56506,0,0.09068098,0,50,20,0.4417699,0.31903172,0.23411357,0.27654135,0.34326345,0.82376,0.7168067,19.941051,19.266123,16.058325,18.337732,17.059395,20.179117,19.26262,18.750319,22.432804,20.188564,18.5789,22.027628,18.389664,21.583164,21.083422,21.00797,21.791512,20.434048,20.495007,20.37914,20.57351,17.638819,20.112715,20.233427,21.001158,20.35444,19.88249,20.843689,22.174831,18.283457,19.82583,20.276276,20.298237,21.443674,16.710876,18.923477,18.956879,16.591715,17.383549,18.55249,19.923717,21.663874,19.6453,19.058722,21.34774,17.777113,19.915598,19.7073,0.96890867,2.381919,7.019289,0.4507552,30.733885,29.50916,39.832306,18.586338,20.61202,20.203535,20.337984,18.615488,19.904583,42.17
4446051.924,657834.7026,25.703796,1.1873829,0.74695003,27.904135,33.157772,35.006756,28.46196,24.788765,30.083057,29.285435,26.910875,29.316414,32.47993,42.278767,37.244976,39.437122,42.059853,43.219353,2.614846,2.1136792,6.348943,7.735204,1384.72,348.69006,-0.040039062,0.07310936,-0.002197266,50,20,0.4417699,0.31903172,0.23411357,0.27654135,0.34326345,0.82376,0.7168067,18.897623,17.503094,16.040903,18.30406,16.837122,20.86551,19.329832,18.465223,23.404516,20.923168,18.082619,22.032137,18.622616,21.593126,21.257673,21.172085,23.325853,20.704586,19.79113,20.733387,20.74759,18.553562,20.157202,20.742819,23.701687,21.26965,19.612387,21.237257,22.28585,18.876123,20.349209,21.021326,20.607876,20.218655,18.900007,19.427229,18.7866,17.129568,17.509764,18.932352,20.784496,20.078592,20.095242,20.813454,19.347633,17.90817,18.618313,19.72871,0.9671665,2.3642626,7.0420737,0.4507552,30.530952,29.684246,39.76187,18.25402,20.845121,20.57333,21.047453,18.939957,19.6637,42.17
4446051.924,657839.7026,19.14554,1.1833429,0.7516033,27.917686,33.152725,33.85877,27.970703,24.561193,30.289373,29.360332,27.355062,29.565248,32.31981,41.923252,37.21974,39.875305,42.285614,43.698914,2.594404,2.1124566,6.392321,7.7664557,1384.72,0,-0.040039062,0.057351712,-0.003295898,50,20,0.4417699,0.31903172,0.23411357,0.27654135,0.34326345,0.82376,0.7168067,18.65531,18.353703,17.172081,19.044302,15.591287,20.440111,17.769196,18.40916,23.082478,21.482586,18.921234,20.753626,18.935507,21.48985,21.441416,21.110098,23.03104,19.766953,20.448902,19.532976,18.99229,18.981024,18.573503,19.947899,24.044277,20.720938,19.934128,21.026611,19.578447,20.401476,19.407042,20.823797,20.511562,18.623825,17.749912,19.476,17.32711,16.824036,16.664154,18.156586,21.875355,18.964561,19.308023,19.262043,18.086123,19.158731,18.243748,19.385956,0.96747315,2.3534303,7.0793886,0.4507552,30.535206,29.824852,39.571495,18.14657,20.872387,19.903812,20.730417,18.168085,19.271227,42.17
4446051.924,657844.7026,22.824411,1.1788944,0.7627641,27.930494,33.14746,32.679832,27.430305,24.346107,30.50388,29.415363,27.759783,29.785194,32.10234,41.56879,37.237587,40.35499,42.578026,44.17122,2.5713747,2.1112897,6.436296,7.7926397,1384.72,348.69006,-0.040039062,0.07310936,-0.004394531,50,20,0.44145235,0.3264026,0.24245547,0.27615798,0.3492549,0.8235812,0.71498764,18.65531,18.353703,17.172081,19.044302,15.591287,20.440111,17.769196,18.40916,23.082478,21.482586,18.921234,20.753626,18.935507,21.48985,21.441416,21.110098,23.03104,19.766953,20.448902,19.532976,18.99229,18.981024,18.573503,19.947899,24.044277,20.720938,19.934128,21.026611,19.578447,20.401476,19.407042,20.823797,20.511562,18.623825,17.749912,19.476,17.32711,16.824036,16.664154,18.156586,21.875355,18.964561,19.308023,19.262043,18.086123,19.158731,18.243748,19.385956,0.97082925,2.3413322,7.1144676,0.4534703,30.538979,29.959621,39.40319,18.14657,20.872387,19.903812,20.730417,18.168085,19.271227,42.17
4446051.924,657849.7026,30.646528,1.1742336,0.7836987,27.942581,33.14185,31.49974,26.864271,24.14211,30.720726,29.45606,28.127853,29.991049,31.866402,41.223618,37.29491,40.859947,42.90304,44.627636,2.5463886,2.1101904,6.479794,7.8164997,1384.72,336.80142,-0.12011719,0.109194316,-0.006713867,50,20,0.44145235,0.3264026,0.24245547,0.27615798,0.3492549,0.8235812,0.71498764,18.578388,18.57458,17.008509,18.882687,18.081938,20.205166,18.902386,18.739609,23.344254,21.108938,18.398785,20.525743,17.946886,21.390879,22.322315,21.034536,22.907505,19.997313,20.622366,20.624887,18.057747,19.75726,19.799356,20.484505,21.414587,20.927685,20.388796,21.793991,19.747143,20.426664,18.711353,20.611012,19.76058,18.27747,16.801668,17.897907,17.705072,16.766104,16.077158,17.636509,22.041431,19.247509,18.693995,20.543854,19.787004,18.417446,18.18727,19.565006,0.9789661,2.3282895,7.1481466,0.4534703,30.542215,30.088394,39.259262,18.604809,20.719685,20.252348,20.487173,17.61228,19.559786,42.17
4446051.924,657854.7026,24.367733,1.1739323,0.82012457,27.9531,32.60976,30.316511,26.268814,23.928946,30.9139,29.44137,28.443388,30.308672,31.6283,40.926956,37.68847,41.44044,42.905495,44.989204,2.5334294,2.0884404,6.526005,7.8457513,1384.73,330.9454,0,0.14761773,-0.001098633,50,20,0.44145235,0.3264026,0.24245547,0.27615798,0.3492549,0.8235812,0.71498764,18.868282,18.261532,17.111233,18.587442,18.057106,19.336563,19.452806,18.631325,22.767508,20.559216,18.333912,20.853193,18.096668,21.625042,21.652021,20.885601,22.385853,19.866146,21.18036,19.962269,19.923136,18.288137,19.161894,20.161003,22.160702,21.424688,21.063446,21.337412,22.000242,19.285397,18.042576,20.703653,17.565815,17.136572,15.503229,16.243612,16.291515,15.089669,14.421179,16.05819,19.805182,19.555225,18.708242,19.373037,19.047945,17.484621,17.82324,18.799597,0.99702847,2.310935,7.185878,0.4534703,30.28143,30.177635,39.307713,18.524996,20.555365,20.109684,20.759207,16.03594,18.828213,42.17
4446051.924,657859.7026,24.164991,1.1731147,0.8763433,27.615196,32.343723,29.156158,25.707336,23.727335,31.14098,29.56062,28.836624,30.63983,31.56551,40.681763,37.858852,41.8819,43.00149,45.323364,2.5010715,2.0889163,6.5703783,7.8861303,1384.74,338.19858,0.080078125,0.15442389,0.004394531,50,20,0.44145235,0.3264026,0.24245547,0.27615798,0.3492549,0.8235812,0.71498764,18.445168,17.847599,16.661497,18.158329,17.668594,18.919302,19.006073,18.20644,21.707142,18.9125,17.791798,19.634638,17.493961,21.03821,21.314276,20.022152,20.39809,18.128452,19.784473,18.485907,18.518696,17.217573,18.525465,18.7974,19.564356,18.466156,18.226341,18.701792,20.019154,17.904585,17.027395,18.51933,18.293993,17.679321,16.513012,16.88138,17.241913,15.601412,15.074989,16.765736,19.805182,19.555225,18.708242,19.373037,19.047945,17.484621,17.82324,18.799597,1.024729,2.2949939,7.2282543,0.4534703,29.97946,30.3508,39.27031,18.100939,19.69893,18.722666,18.558538,16.755146,18.828213,42.17
4446051.924,657864.7026,12.886115,1.1735486,0.9633109,27.724983,32.20149,27.971495,25.151787,23.626347,31.51744,30.156311,29.198046,31.061949,31.69037,40.341476,37.676548,42.43179,43.163193,45.445988,2.480419,2.0736032,6.617325,7.935444,1384.74,330.9454,-0.040039062,0.14761773,-0.002197266,25,20,0.44145235,0.3264026,0.24245547,0.27615798,0.3492549,0.8235812,0.71498764,18.104183,16.733404,16.518137,17.388865,17.537281,19.278975,19.024858,17.909702,22.592072,20.131632,17.923382,21.24742,18.053923,20.307981,20.803722,20.412111,21.86523,19.561533,18.746786,17.670286,18.648907,18.203,18.888592,19.183325,20.90376,19.643839,18.178432,19.194351,20.12981,17.967573,17.126144,18.982967,18.566528,17.852005,18.023884,17.43514,16.515524,16.112162,15.865203,17.274187,20.705074,19.206005,19.20872,18.423855,18.717571,17.330816,18.187397,18.785156,1.0684297,2.277011,7.2763844,0.4534703,29.963236,30.836876,39.00901,17.797956,20.151447,19.083479,19.020557,17.195778,18.825636,42.17
4446051.924,657869.7026,11.04325,1.1678919,1.0701267,27.655613,32.132378,26.84535,24.664946,23.45158,32.081104,31.178791,29.956264,31.583452,31.903772,39.92089,37.115814,42.5712,43.048145,45.600803,2.451575,2.0629249,6.665253,7.9902987,1384.75,322.12503,0,0.16347715,0.001098633,25,20,0.44145235,0.3264026,0.24245547,0.27615798,0.3492549,0.8235812,0.71498764,18.92214,17.44861,16.289595,16.926598,16.346392,18.536581,18.411312,17.653543,22.963108,19.123846,17.892786,21.510012,17.861475,20.550007,21.22092,20.458323,20.68016,18.299744,16.643543,18.226871,17.087381,17.980782,18.089119,18.299143,20.763294,19.883417,18.666334,19.595732,20.342709,17.642788,16.449474,19.019962,19.042768,18.487183,17.787548,17.546808,17.141127,16.012365,15.459943,17.448812,21.475931,19.301657,20.484419,16.851782,17.879425,17.90772,18.960836,18.897669,1.1190093,2.2572498,7.327776,0.4534703,29.893995,31.629948,38.518353,17.55446,20.160307,18.143942,19.049109,17.353964,18.980253,42.17
4446051.924,657874.7026,11.360017,1.1626897,1.1842121,27.638277,31.60354,25.72851,24.211708,22.5132,32.564983,31.69933,30.761356,32.2083,32.166843,39.641205,37.142326,42.73266,42.7941,45.67778,2.4284143,2.0684886,6.6936026,8.048879,1384.76,344.74487,0.080078125,0.16347715,0.005615234,25,20,0.45299396,0.32698172,0.24492033,0.27784446,0.35848206,0.82559055,0.6889477,18.92214,17.44861,16.289595,16.926598,16.346392,18.536581,18.411312,17.653543,22.963108,19.123846,17.892786,21.510012,17.861475,20.550007,21.22092,20.458323,20.68016,18.299744,16.643543,18.226871,17.087381,17.980782,18.089119,18.299143,20.763294,19.883417,18.666334,19.595732,20.342709,17.642788,16.449474,19.019962,19.042768,18.487183,17.787548,17.546808,17.141127,16.012365,15.459943,17.448812,21.475931,19.301657,20.484419,16.851782,17.879425,17.90772,18.960836,18.897669,1.173451,2.2484515,7.3712406,0.4536801,29.620909,32.132156,38.391766,17.55446,20.160307,18.143942,19.049109,17.353964,18.980253,42.17
4446051.924,657879.7026,8.641509,1.1621428,1.294383,27.618057,31.201305,24.650969,23.808596,21.969955,32.958324,31.76972,31.238167,32.76947,32.428375,39.53868,37.453697,43.233875,42.603374,45.817287,2.4047725,2.067987,6.7051697,8.111416,1384.76,0,0.040039062,0.17205468,0.003295898,10,20,0.45299396,0.32698172,0.24492033,0.27784446,0.35848206,0.82559055,0.6889477,18.203566,17.71694,15.155332,18.064034,16.844534,18.686447,17.443491,17.579657,21.905178,19.378025,17.980389,20.621565,17.907824,20.685482,21.128256,20.232273,20.273401,17.701054,18.893091,20.62265,18.837288,18.59826,19.202188,19.319323,19.796686,19.791666,18.077578,20.121782,20.115448,18.184414,16.627016,19.044353,19.510603,19.322887,18.00052,18.9825,18.500078,16.43183,15.765893,18.170614,20.509762,19.434456,20.924072,21.93264,17.453379,18.654453,19.38997,19.849499,1.2282629,2.2363796,7.408293,0.4536801,29.409681,32.36402,38.49619,17.444906,19.943815,19.161133,18.959227,18.073473,19.756962,42.17
4446051.924,657884.7026,21.945389,1.158855,1.4100022,27.581339,31.1934,23.65222,23.46924,21.889288,33.314713,32.321335,31.594643,33.23681,32.699654,39.647068,37.281513,43.501106,42.625767,46.12285,2.389488,2.0674927,6.6782603,8.163522,1384.76,28.300755,0.12011719,0.21169609,0.008911133,10,20,0.45299396,0.32698172,0.24492033,0.27784446,0.35848206,0.82559055,0.6889477,19.0592,17.450357,16.071133,18.130518,16.367348,19.334076,17.498661,17.890596,22.265263,19.442656,17.432564,20.890251,18.428782,20.916607,20.238577,20.203863,20.062916,17.96895,20.379536,20.338186,18.805067,17.938208,18.847809,19.262047,20.506079,18.914616,18.79468,20.038317,18.6705,17.388157,17.022348,18.853823,19.106937,19.001059,18.033792,19.068491,18.212248,15.79367,15.550504,17.895735,20.208237,21.06328,19.73125,21.74687,19.439568,18.108517,20.342657,20.082361,1.2844286,2.2284904,7.420891,0.4536801,29.38737,32.818024,38.46429,17.701614,19.944956,19.191525,18.7621,17.823814,20.09148,42.17
4446051.924,657889.7026,18.693275,1.1559284,1.510394,27.511484,31.181417,22.350365,23.11459,21.516928,33.393208,32.32276,31.919857,33.618702,32.839466,40.390564,37.58662,44.24183,42.711094,46.901962,2.3796299,2.0663786,6.5847054,8.229802,1384.74,48.36646,0.040039062,0.34529898,0.003295898,25,20,0.45299396,0.32698172,0.24492033,0.27784446,0.35848206,0.82559055,0.6889477,19.0592,17.450357,16.071133,18.130518,16.367348,19.334076,17.498661,17.890596,22.265263,19.442656,17.432564,20.890251,18.428782,20.916607,20.238577,20.203863,20.062916,17.96895,20.379536,20.338186,18.805067,17.938208,18.847809,19.262047,20.506079,18.914616,18.79468,20.038317,18.6705,17.388157,17.022348,18.853823,19.106937,19.001059,18.033792,19.068491,18.212248,15.79367,15.550504,17.895735,20.208237,21.06328,19.73125,21.74687,19.439568,18.108517,20.342657,20.082361,1.3331611,2.2230043,7.4072537,0.4536801,29.34645,32.857986,38.988594,17.701614,19.944956,19.191525,18.7621,17.823814,20.09148,42.17
4446051.924,657894.7026,15.965961,1.1606303,1.5735888,27.333813,30.66396,22.789549,22.925623,21.933569,34.924637,33.18752,32.734802,34.827236,34.403606,38.2249,36.882538,43.239933,41.796535,44.64589,2.3716192,2.0924726,6.7862787,8.221342,1384.71,54.846554,-0.000488281,0.47282866,0.001098633,25,20,0.45299396,0.32698172,0.24492033,0.27784446,0.35848206,0.82559055,0.6889477,19.50474,19.363602,17.024147,18.902771,17.49034,20.102417,18.387121,18.782179,22.261765,20.452732,18.338598,21.8255,17.87415,21.314543,20.616455,20.70792,23.270702,21.264652,22.54832,21.135622,20.272041,19.924282,19.618435,21.203539,20.726175,20.584597,21.437939,21.566843,19.847118,19.241816,18.98754,20.460428,20.011112,19.693823,18.766962,20.844175,20.25952,16.217793,16.959528,18.96532,20.536179,20.159267,19.975544,20.601282,20.133694,18.686888,20.519243,20.085186,1.3671095,2.232046,7.5038104,0.4536801,28.998886,34.056076,37.55372,18.682161,20.383392,21.147722,20.341719,18.964703,20.087442,42.17
4446051.924,657899.7026,4.4974833,1.1634885,1.62823,27.342556,30.65639,22.991484,22.749186,22.114971,36.187206,33.731533,33.42172,35.90256,35.85633,36.677277,36.256863,42.402775,41.004704,42.83672,2.3700058,2.093126,6.914779,8.224374,1384.67,53.732006,-0.119140625,0.53261584,-0.003295898,25,20,0.45299396,0.32698172,0.24492033,0.27784446,0.35848206,0.82559055,0.6889477,19.361914,18.76369,17.251148,18.878735,17.478466,19.965643,18.982367,18.881495,21.531391,19.879366,17.205467,20.880447,16.557919,19.404034,19.65863,19.6041,23.399105,20.914825,19.743553,20.356066,18.82692,19.180096,17.83097,20.199282,21.321148,20.715551,21.171383,21.274042,20.212639,18.565817,19.229008,20.449448,19.345531,18.257166,17.126404,19.60208,19.864208,15.890229,16.475336,18.032566,17.583958,17.261942,17.60282,17.403585,17.901852,16.65983,16.767918,17.304201,1.3958592,2.231566,7.5695763,0.4536801,28.999474,34.95937,36.46707,18.668852,19.302465,20.035933,20.355656,18.080135,17.311703,42.17
4446051.924,657904.7026,18.45301,1.1639804,1.6776916,27.176445,30.065037,23.158745,22.579834,22.200912,37.335934,34.32161,34.003693,36.907433,37.305683,35.422985,35.905064,41.68441,40.272648,41.180607,2.37433,2.0988393,7.0066795,8.22373,1384.65,53.371807,0.40039062,0.6963059,0.02331543,25,20,0.44996914,0.33211008,0.25004017,0.28470957,0.38693386,0.84786874,0.7940837,19.361914,18.76369,17.251148,18.878735,17.478466,19.965643,18.982367,18.881495,21.531391,19.879366,17.205467,20.880447,16.557919,19.404034,19.65863,19.6041,23.399105,20.914825,19.743553,20.356066,18.82692,19.180096,17.83097,20.199282,21.321148,20.715551,21.171383,21.274042,20.212639,18.565817,19.229008,20.449448,19.345531,18.257166,17.126404,19.60208,19.864208,15.890229,16.475336,18.032566,17.583958,17.261942,17.60282,17.403585,17.901852,16.65983,16.767918,17.304201,1.420836,2.2365847,7.615205,0.4779593,28.62074,35.828773,35.664024,18.668852,19.302465,20.035933,20.355656,18.080135,17.311703,42.17
4446051.924,657909.7026,12.23444,1.1698931,1.7182406,27.16157,30.058752,23.293911,22.407509,22.294779,38.417786,34.75172,34.567104,37.848953,38.787174,34.316025,35.39698,41.002956,39.616543,39.577312,2.387797,2.100321,7.0810957,8.2245455,1384.58,54.655277,0.07910156,0.96561325,0.012207031,25,20,0.44996914,0.33211008,0.25004017,0.28470957,0.38693386,0.84786874,0.7940837,18.872578,18.75093,16.659386,17.698853,17.058714,19.909103,18.791666,18.48036,21.625921,19.733637,17.626019,20.223791,16.638002,19.70638,19.673513,19.629583,23.214981,22.199211,19.645996,18.896841,17.935139,18.378115,17.793018,19.830153,22.142958,21.570366,20.286985,18.592207,18.480688,18.144447,17.471354,19.574224,19.799883,19.2058,18.751448,18.783796,18.574772,17.529718,16.49629,18.504082,17.901203,17.053358,17.629696,17.369177,16.279266,16.296312,16.228468,17.00705,1.4440669,2.244059,7.6528206,0.4779593,28.61016,36.584755,34.856503,18.248747,19.31818,19.723328,19.527002,18.448816,16.965353,42.17
4446051.924,657914.7026,11.975945,1.191729,1.7459096,27.336618,29.46252,23.355669,22.219013,22.326809,39.37813,35.617085,35.194412,38.72612,40.28636,33.330036,34.905216,40.399277,38.97446,38.01536,2.4017568,2.1040537,7.1499257,8.235625,1384.51,54.291058,0.2397461,1.1286559,0.01550293,50,20,0.44996914,0.33211008,0.25004017,0.28470957,0.38693386,0.84786874,0.7940837,18.872578,18.75093,16.659386,17.698853,17.058714,19.909103,18.791666,18.48036,21.625921,19.733637,17.626019,20.223791,16.638002,19.70638,19.673513,19.629583,23.214981,22.199211,19.645996,18.896841,17.935139,18.378115,17.793018,19.830153,22.142958,21.570366,20.286985,18.592207,18.480688,18.144447,17.471354,19.574224,19.799883,19.2058,18.751448,18.783796,18.574772,17.529718,16.49629,18.504082,17.901203,17.053358,17.629696,17.369177,16.279266,16.296312,16.228468,17.00705,1.4688193,2.2529054,7.6927757,0.4779593,28.39957,37.49761,34.117626,18.248747,19.31818,19.723328,19.527002,18.448816,16.965353,42.17
4446046.924,657759.7026,15.588573,1.2550163,1.137157,28.347174,34.20792,30.102972,29.058567,25.451681,31.77764,30.820902,30.054281,31.627937,35.627705,39.856064,34.682816,38.983097,39.376896,40.485897,2.5985227,2.150328,6.565629,7.953662,1384.84,58.006405,0.040039062,0.27028462,0.001098633,10,20,0.46679598,0.32714584,0.24061948,0.2793939,0.35997942,0.82645077,0.6873623,18.570007,16.42803,15.506195,18.626053,17.867096,19.71523,18.18355,18.079409,18.577099,16.12421,14.153567,15.886874,14.91146,17.813484,18.034216,16.808355,19.027115,17.132084,17.33791,18.303726,18.051167,17.288519,18.171066,18.075802,18.318378,17.5571,18.70363,17.7926,18.436111,16.629023,17.562717,17.763264,19.841272,18.496044,14.997228,17.767794,14.846053,15.825536,16.380255,16.967787,18.987652,17.717987,18.40941,19.205835,18.0868,18.153875,18.594112,18.623146,1.1960866,2.3744254,7.2596455,0.45539257,31.277546,31.29927,37.26944,17.84231,16.500132,17.901655,17.85708,16.87917,18.45081,42.17
4446046.924,657764.7026,15.790255,1.2518632,1.1426401,28.33689,34.21238,30.283762,29.426561,25.519787,31.67141,30.68242,30.0815,31.376575,34.36325,40.061626,34.73064,38.894592,39.27613,41.25586,2.5966544,2.1501987,6.627115,7.9689493,1384.82,50.731422,-0.041015625,0.20304133,-0.002319336,10,20,0.46679598,0.32714584,0.24061948,0.2793939,0.35997942,0.82645077,0.6873623,18.845957,15.892743,15.62659,18.177439,16.552895,19.918427,19.102436,17.912127,18.522387,15.27474,14.807081,16.335936,14.645773,16.711325,17.286404,16.477795,18.395344,16.551952,17.020412,16.793129,18.73827,16.714035,18.935013,17.627848,17.948795,17.714252,17.82747,18.281755,17.634398,18.086458,17.910507,17.917063,19.104641,19.146593,17.111406,18.20414,14.543364,16.197378,16.929422,17.430304,19.954517,17.264715,17.254961,19.205803,18.85074,17.714443,19.5484,18.573797,1.1972517,2.3734264,7.298032,0.45539257,31.274635,31.176914,37.396133,17.730927,16.226236,17.592592,17.914804,17.319563,18.54194,42.17
4446046.924,657769.7026,16.802608,1.2488201,1.1403531,28.325024,34.21711,30.562708,29.891556,25.64164,31.539543,30.532211,30.096498,31.041256,32.90643,40.30565,34.78892,38.75371,39.163113,42.05036,2.5941494,2.1499221,6.689741,7.9828196,1384.81,37.928986,0.000976563,0.16271044,-0.001098633,10,20,0.46679598,0.32714584,0.24061948,0.2793939,0.35997942,0.82645077,0.6873623,19.188238,15.77245,15.7037525,18.46601,15.610451,19.584534,18.340624,17.81187,17.57056,15.454065,15.355112,15.871263,14.701311,17.2006,16.653746,16.377663,17.962137,18.50011,16.99787,17.56849,18.821037,17.57496,18.25627,17.988922,19.120626,19.466217,17.31442,18.46734,18.135303,18.147284,17.797398,18.384283,19.49033,19.038733,16.882833,16.715693,14.0872345,15.571028,16.927479,16.99457,19.25687,16.308271,19.257421,18.859453,18.9336,17.370947,18.755096,18.441141,1.1945865,2.3720357,7.3362803,0.45539257,31.271067,31.035877,37.547287,17.523724,16.115236,17.95441,18.349798,16.959047,18.391666,42.17
4446046.924,657774.7026,12.569142,1.2463553,1.0956028,28.260616,34.409122,31.031372,30.391748,25.939974,31.512945,30.351215,29.934566,30.676023,33.049095,40.39439,34.920403,38.720222,39.081875,40.831238,2.5927787,2.1462379,6.654423,7.954264,1384.8,33.730484,-0.03955078,0.20625032,-0.001098633,10,20,0.46679598,0.32714584,0.24061948,0.2793939,0.35997942,0.82645077,0.6873623,19.188238,15.77245,15.7037525,18.46601,15.610451,19.584534,18.340624,17.81187,21.023165,18.442919,18.129879,18.841578,17.197853,20.364197,20.015394,19.368397,18.017275,18.544254,16.970413,17.681084,18.800444,17.648075,18.359482,18.049843,19.127838,19.404453,17.324064,18.402819,18.158491,18.089972,17.82895,18.367712,19.083961,18.642094,16.250423,15.988132,13.5092,15.204885,16.603346,16.505793,19.25687,16.308271,19.257421,18.859453,18.9336,17.370947,18.755096,18.441141,1.170979,2.3695083,7.3043437,0.45539257,31.33487,30.93208,37.657394,17.523724,19.144999,18.003004,18.3338,16.468864,18.391666,42.17
4446046.924,657779.7026,13.950781,1.2432854,1.0423219,28.253641,34.40337,31.638065,30.904335,26.32621,31.513584,30.44637,29.735027,30.270727,33.08108,40.45574,34.980988,38.49529,39.019386,39.620583,2.5882854,2.1441512,6.618349,7.930786,1384.79,30.950043,0,0.2505699,-0.001098633,10,20,0.46679598,0.32714584,0.24061948,0.2793939,0.35997942,0.82645077,0.6873623,19.24886,15.690846,15.686079,18.448717,17.24164,19.80816,18.619135,17.957706,21.245071,19.089136,18.113142,19.543997,17.034388,21.105572,19.904572,19.804485,19.346115,18.522121,15.287611,19.143406,18.42327,17.388905,18.006596,18.17779,19.866463,19.115011,15.731573,18.647602,18.670288,16.712608,17.553396,18.09546,19.174435,17.854652,17.298578,16.28583,13.820633,14.512265,16.084742,16.461315,20.354807,17.564182,18.158403,19.006039,19.93866,18.406557,19.43037,18.905973,1.1428037,2.3662183,7.2745676,0.45539257,31.328506,30.979977,37.718365,17.82049,19.433697,18.016861,18.042421,16.43302,18.97986,42.17
4446046.924,657784.7026,17.85313,1.2402207,0.9904826,28.244194,34.399258,32.313328,31.498617,26.725077,31.464825,30.495445,29.544413,29.791412,32.696438,40.59458,35.052803,38.227154,38.944363,38.748158,2.5843947,2.1421716,6.5977507,7.910951,1384.78,30.963757,0,0.2508098,0.001098633,10,20,0.44192716,0.3272877,0.24138801,0.27975446,0.3526514,0.82567066,0.69834304,19.24886,15.690846,15.686079,18.448717,17.24164,19.80816,18.619135,17.957706,21.245071,19.089136,18.113142,19.543997,17.034388,21.105572,19.904572,19.804485,19.346115,18.522121,15.287611,19.143406,18.42327,17.388905,18.006596,18.17779,19.866463,19.115011,15.731573,18.647602,18.670288,16.712608,17.553396,18.09546,19.174435,17.854652,17.298578,16.28583,13.820633,14.512265,16.084742,16.461315,20.354807,17.564182,18.158403,19.006039,19.93866,18.406557,19.43037,18.905973,1.1153517,2.3632832,7.2543507,0.45243177,31.321726,30.980135,37.823692,17.82049,19.433697,18.016861,18.042421,16.43302,18.97986,42.17
4446046.924,657789.7026,18.242249,1.2372216,0.94115615,28.233175,34.396263,33.025562,32.0984,27.106518,31.376692,30.510477,29.348759,29.288723,32.08881,40.790623,35.13633,37.94506,38.87903,38.14006,2.5818899,2.1402683,6.585443,7.892884,1384.77,40.601295,0.080078125,0.26437655,0.004394531,10,20,0.44192716,0.3272877,0.24138801,0.27975446,0.3526514,0.82567066,0.69834304,19.45567,17.405888,16.02331,18.38936,17.735819,19.751709,18.718327,18.304348,22.615404,19.27029,17.635468,19.749716,18.237803,20.876963,20.04018,20.096195,20.28131,20.075556,16.557995,20.075682,17.611479,17.650637,17.289186,18.635834,19.120548,19.99728,17.058947,19.769161,18.779621,16.165174,17.189362,18.304726,19.419651,19.279219,18.079407,18.577526,15.892607,15.723732,15.107324,17.432783,19.556717,18.222939,21.335522,19.522943,16.960121,18.816986,18.651031,19.054523,1.0891888,2.3610792,7.2391634,0.45243177,31.31472,30.943584,37.963478,18.21144,19.775118,18.505978,18.297155,17.439924,19.009464,42.17
4446046.924,657794.7026,12.441038,1.2343876,0.8963684,28.222193,34.39417,33.708252,32.561863,27.39564,31.25231,30.494215,29.132746,28.850964,31.490374,41.021908,35.236237,37.703392,38.868477,37.81491,2.5817425,2.1384478,6.574223,7.8753395,1384.75,45,0,0.28387427,0,25,20,0.44192716,0.3272877,0.24138801,0.27975446,0.3526514,0.82567066,0.69834304,19.593254,18.2495,16.434414,17.747488,17.324245,19.800663,19.03117,18.368399,21.25535,19.709263,17.597889,19.923323,17.574177,20.549824,19.75775,19.800356,21.090424,19.481472,18.208347,17.541948,17.98748,17.307705,18.272842,18.511639,19.851574,20.769802,17.819345,19.333199,18.64248,16.723223,17.175741,18.664886,19.380741,18.886724,17.473125,19.25988,16.853931,15.263939,15.092363,17.55959,20.656858,18.27897,20.103859,17.183376,18.982395,18.790514,19.26335,18.9487,1.065378,2.360095,7.224781,0.45243177,31.308182,30.873262,38.129074,18.311535,19.481081,18.555744,18.61648,17.458672,19.037046,42.17
4446046.924,657799.7026,12.903845,1.2318158,0.85891443,28.213533,34.392952,34.267372,32.69682,27.482283,31.089434,30.443426,28.878729,28.59239,31.146801,41.26442,35.36015,37.577362,38.97859,37.86774,2.5849118,2.1367452,6.5567265,7.8572536,1384.73,45,-0.080078125,0.24332133,-0.004394531,25,20,0.44192716,0.3272877,0.24138801,0.27975446,0.3526514,0.82567066,0.69834304,20.021397,18.66621,16.858036,18.139292,17.712042,20.23308,19.44634,18.788088,22.191616,21.262913,18.129986,21.361574,18.040401,21.065887,20.266275,20.6757,22.891006,21.037935,19.405424,18.996256,19.443726,18.044952,18.992727,19.767658,21.518047,21.956509,19.806353,20.622305,19.858004,17.864965,18.224106,20.038446,18.689281,17.983858,16.34326,18.52072,16.081623,14.61279,14.295107,16.762339,20.656858,18.27897,20.103859,17.183376,18.982395,18.790514,19.26335,18.9487,1.0453651,2.3608284,7.2069902,0.45243177,31.303242,30.76643,38.312286,18.7252,20.331238,19.83029,19.978611,16.646664,19.037046,42.17
4446046.924,657804.7026,18.151272,1.2229913,0.8298222,27.920622,34.58862,34.592205,32.373413,26.711086,30.924927,30.16115,28.556736,28.573938,31.144571,41.498085,35.551052,37.86592,39.32895,38.34512,2.588901,2.1408024,6.527726,7.8394947,1384.72,45,0,0.16221477,-0.002197266,25,20,0.44192716,0.3272877,0.24138801,0.27975446,0.3526514,0.82567066,0.69834304,18.905865,18.5327,16.892452,18.088255,16.001207,20.462612,18.741634,18.441893,22.069094,21.47829,17.779448,21.52208,18.006588,21.395853,20.83009,20.791931,22.824213,21.17402,19.810253,19.881405,18.493355,17.963272,17.663982,19.769989,21.988123,21.237589,19.988815,21.897789,19.194035,18.77246,17.07041,20.014648,19.537807,19.986458,18.77059,19.188818,17.788706,16.735226,16.30718,18.355043,21.50181,19.975956,20.187832,19.697004,19.829376,18.2811,18.330168,19.608793,1.0264068,2.3648517,7.1836104,0.45243177,31.25462,30.543037,38.524567,18.232103,20.440205,19.687214,20.021317,18.330683,19.686176,42.17
4446046.924,657809.7026,25.14978,1.207966,0.80274427,27.855854,34.262154,34.81203,31.748001,26.371647,30.763441,30.097668,28.2442,28.683823,31.390955,41.689472,35.827637,38.10168,39.80507,39.12961,2.5958707,2.1440773,6.494337,7.8271794,1384.71,11.309932,-0.12011719,0.07310936,-0.006713867,50,20,0.44192716,0.3272877,0.24138801,0.27975446,0.3526514,0.82567066,0.69834304,19.187805,18.534014,17.300182,17.835127,16.065973,19.591518,19.365982,18.435097,23.561232,20.731853,17.433393,22.074709,18.39113,21.38616,20.895483,20.958525,22.839767,20.773575,19.703983,19.371302,18.585665,18.037104,17.786968,19.595707,22.747787,19.647825,19.84007,20.450445,18.565405,18.474854,16.933071,19.586134,19.819958,19.570896,18.913885,19.88895,18.198511,17.348589,16.180788,18.621708,20.316957,20.426737,22.254818,20.44406,18.750175,18.214624,18.835999,19.914827,1.0053551,2.3699741,7.160758,0.45243177,31.059004,30.430553,38.758553,18.268658,20.639135,19.58548,19.522781,18.560226,19.89191,42.17
4446046.924,657814.7026,26.721785,1.2066844,0.78590226,27.849499,34.264324,34.95842,30.964237,25.956768,30.516306,29.925568,27.879639,28.848377,31.745956,41.951286,36.03053,38.343666,40.321438,40.06189,2.6085877,2.142374,6.4494386,7.8000646,1384.72,333.43494,0.080078125,0.06412116,0.004394531,50,20,0.4417699,0.31903172,0.23411357,0.27654135,0.34326345,0.82376,0.7168067,19.187805,18.534014,17.300182,17.835127,16.065973,19.591518,19.365982,18.435097,23.561232,20.731853,17.433393,22.074709,18.39113,21.38616,20.895483,20.958525,22.839767,20.773575,19.703983,19.371302,18.585665,18.037104,17.786968,19.595707,22.747787,19.647825,19.84007,20.450445,18.565405,18.474854,16.933071,19.586134,19.819958,19.570896,18.913885,19.88895,18.198511,17.348589,16.180788,18.621708,20.316957,20.426737,22.254818,20.44406,18.750175,18.214624,18.835999,19.914827,0.9962933,2.375481,7.1247516,0.4507552,31.056911,30.220936,38.990906,18.268658,20.639135,19.58548,19.522781,18.560226,19.89191,42.17
4446046.924,657819.7026,24.38346,1.2053005,0.77339023,27.842018,34.266968,35.07275,30.073376,25.52177,30.25632,29.718924,27.46438,29.007437,32.10781,42.24015,36.271408,38.640858,40.92454,41.065205,2.6227353,2.1407433,6.4018197,7.767049,1384.72,333.43494,0.040039062,0.06412116,0.001098633,50,20,0.4417699,0.31903172,0.23411357,0.27654135,0.34326345,0.82376,0.7168067,19.772118,18.225992,16.533455,18.973757,17.30755,20.585554,18.813795,18.814425,23.399685,20.405643,18.566975,22.339691,18.574324,21.110285,20.804409,21.040121,21.376629,20.870312,19.88241,20.87729,20.092545,17.485334,17.811018,19.686604,21.851658,20.210524,20.20471,21.081314,21.000982,17.723833,18.3379,19.982204,18.98753,20.569523,18.327188,19.603138,18.625175,15.638292,16.590906,18.369076,20.667074,21.6996,19.896063,19.347548,19.65781,17.356796,19.118917,19.58236,0.9893453,2.3817391,7.0844345,0.4507552,31.054493,29.987621,39.25578,18.601746,20.743,19.770792,20.058702,18.334536,19.677687,42.17
4446046.924,657824.7026,25.413273,1.2037259,0.7648945,27.831821,34.26997,35.21256,29.059063,25.073156,29.973738,29.45542,26.937185,29.130184,32.443928,42.584557,36.59027,39.00092,41.65823,42.13646,2.638418,2.1392245,6.350584,7.723036,1384.72,315,-0.080078125,0.101384394,-0.003295898,50,20,0.4417699,0.31903172,0.23411357,0.27654135,0.34326345,0.82376,0.7168067,19.941051,19.266123,16.058325,18.337732,17.059395,20.179117,19.26262,18.750319,22.432804,20.188564,18.5789,22.027628,18.389664,21.583164,21.083422,21.00797,21.791512,20.434048,20.495007,20.37914,20.57351,17.638819,20.112715,20.233427,21.001158,20.35444,19.88249,20.843689,22.174831,18.283457,19.82583,20.276276,20.298237,21.443674,16.710876,18.923477,18.956879,16.591715,17.383549,18.55249,19.923717,21.663874,19.6453,19.058722,21.34774,17.777113,19.915598,19.7073,0.9843102,2.3888211,7.03681,0.4507552,31.050896,29.714579,39.587414,18.586338,20.61202,20.203535,20.337984,18.615488,19.904583,42.17
4446046.924,657829.7026,24.229261,1.194226,0.75873566,27.636242,34.20696,35.51821,27.769207,24.51567,29.567686,28.676786,26.059694,29.190315,32.768322,43.161095,37.426105,39.648743,42.717888,43.436897,2.6542919,2.1386323,6.2818513,7.6542826,1384.73,336.80142,0.040039062,0.109194316,0.002197266,50,20,0.4417699,0.31903172,0.23411357,0.27654135,0.34326345,0.82376,0.7168067,19.941051,19.19743,16.054594,18.28049,17.05706,20.177782,19.261288,18.730747,22.420712,20.175297,18.444921,21.976286,18.267029,21.527159,21.053473,20.949097,21.791512,20.434048,20.495007,20.37914,20.57351,17.638819,20.112715,20.233427,21.001158,20.35444,19.88249,20.843689,22.174831,18.283457,19.82583,20.276276,19.263678,19.406666,14.878815,17.462908,17.312502,15.424776,15.91982,17.079136,19.923717,21.663874,19.6453,19.058722,21.34774,17.777113,19.915598,19.7073,0.97648084,2.396462,6.968067,0.4507552,30.9216,29.122236,40.293602,18.567099,20.552126,20.203535,20.337984,17.095594,19.904583,42.17
4446046.924,657834.7026,26.864065,1.184269,0.7566566,27.899439,33.155537,34.092888,27.64401,24.567965,29.884384,29.240791,26.904184,29.452953,32.6144,42.565002,37.363594,40.050865,42.633465,43.63113,2.5978262,2.1171298,6.351189,7.7268724,1384.73,353.65982,0,0.12983528,-0.001098633,50,20,0.4417699,0.31903172,0.23411357,0.27654135,0.34326345,0.82376,0.7168067,18.895756,17.45483,16.037169,18.283924,16.837122,20.864178,19.329832,18.454426,23.379398,20.844328,18.005472,21.98452,18.499151,21.55752,21.202732,21.110352,23.325853,20.704586,19.79113,20.733387,20.74759,18.553562,20.157202,20.742819,23.701687,21.26965,19.612387,21.237257,22.28585,18.876123,20.349209,21.021326,19.288177,18.144226,17.060535,17.845037,17.429855,16.084984,16.216045,17.447588,20.784496,20.078592,20.095242,20.813454,19.347633,17.90817,18.618313,19.72871,0.9704628,2.3574781,7.039031,0.4507552,30.527489,29.562588,39.9643,18.243258,20.781874,20.57333,21.047453,17.43841,19.6637,42.17
4446046.924,657839.7026,20.163586,1.1799496,0.7601367,27.916307,33.15018,32.861153,27.296234,24.38704,30.081154,29.348528,27.422695,29.669737,32.42965,42.18265,37.288982,40.488987,42.76867,44.002735,2.574478,2.1158524,6.4039226,7.769587,1384.73,354.80557,-0.040039062,0.15836725,-0.002197266,50,20,0.4417699,0.31903172,0.23411357,0.27654135,0.34326345,0.82376,0.7168067,18.65531,18.264652,17.147917,19.025723,15.586618,20.422852,17.767862,18.386824,23.011154,21.410654,18.86202,20.687807,18.917282,21.431747,21.364435,21.049438,23.03104,19.766953,20.448902,19.532976,18.99229,18.981024,18.573503,19.947899,24.044277,20.720938,19.934128,21.026611,19.578447,20.401476,19.407042,20.823797,19.399487,17.342283,15.869731,17.91697,15.862661,15.271558,15.362905,16.681698,21.875355,18.964561,19.308023,19.262043,18.086123,19.158731,18.243748,19.385956,0.9700432,2.3451653,7.086755,0.4507552,30.533245,29.71484,39.735817,18.124418,20.812159,19.903812,20.730417,16.717943,19.271227,42.17
4446046.924,657844.7026,23.283339,1.1752944,0.7702833,27.930714,33.145096,31.67016,26.834671,24.187431,30.24765,29.403988,27.814322,29.85325,32.221973,41.858345,37.297016,40.993412,43.027737,44.4314,2.5499642,2.1147,6.4518094,7.8021035,1384.73,350.5377,-0.080078125,0.17442794,-0.004394531,50,20,0.44145235,0.3264026,0.24245547,0.27615798,0.3492549,0.8235812,0.71498764,18.65531,18.264652,17.147917,19.025723,15.586618,20.422852,17.767862,18.386824,23.011154,21.410654,18.86202,20.687807,18.917282,21.431747,21.364435,21.049438,23.03104,19.766953,20.448902,19.532976,18.99229,18.981024,18.573503,19.947899,24.044277,20.720938,19.934128,21.026611,19.578447,20.401476,19.407042,20.823797,19.399487,17.342283,15.869731,17.91697,15.862661,15.271558,15.362905,16.681698,21.875355,18.964561,19.308023,19.262043,18.086123,19.158731,18.243748,19.385956,0.9727888,2.3323321,7.1269565,0.4534703,30.537905,29.825819,39.577682,18.124418,20.812159,19.903812,20.730417,16.717943,19.271227,42.17
4446046.924,657849.7026,29.604898,1.1704304,0.7893642,27.9439,33.139847,30.475323,26.320854,23.985641,30.39805,29.43587,28.144096,30.025415,32.008396,41.56792,37.35354,41.547108,43.339046,44.874313,2.523388,2.1136432,6.497423,7.8316813,1384.74,344.74487,0.080078125,0.16347715,0.003295898,50,20,0.44145235,0.3264026,0.24245547,0.27615798,0.3492549,0.8235812,0.71498764,18.138939,18.098343,16.569597,18.443695,17.667778,19.755077,18.452986,18.294476,22.356821,19.346869,17.799246,19.088242,17.34251,20.682528,21.97872,20.10271,21.194698,18.301083,19.287083,19.21029,16.58319,18.431227,19.17192,19.131145,18.85636,18.836746,18.475796,18.592054,18.423393,18.313578,17.837484,18.51535,19.297272,17.47202,15.60506,16.7632,16.664883,15.816454,15.559843,16.74899,22.041431,19.247509,18.693995,20.543854,19.787004,18.417446,18.18727,19.565006,0.9798973,2.3185155,7.164552,0.4534703,30.541874,29.91696,39.46073,18.160917,19.799274,18.882786,18.476486,16.739819,19.559786,42.17
4446046.924,657854.7026,20.111202,1.1661121,0.82301813,27.83855,32.481354,29.29636,25.77532,23.827965,30.554314,29.869787,28.511406,30.270128,31.791681,41.31298,37.43454,42.032158,43.404636,45.274784,2.4910748,2.107964,6.542099,7.867555,1384.74,330.9454,-0.040039062,0.14761773,-0.002197266,50,20,0.44145235,0.3264026,0.24245547,0.27615798,0.3492549,0.8235812,0.71498764,18.445168,17.847599,16.661497,18.158329,17.668594,18.919302,19.006073,18.20644,21.707142,18.9125,17.791798,19.634638,17.493961,21.03821,21.314276,20.022152,20.39809,18.128452,19.784473,18.485907,18.518696,17.217573,18.525465,18.7974,19.564356,18.466156,18.226341,18.701792,20.019154,17.904585,17.027395,18.51933,18.293993,17.679321,16.513012,16.88138,17.241913,15.601412,15.074989,16.765736,19.805182,19.555225,18.708242,19.373037,19.047945,17.484621,17.82324,18.799597,0.9945651,2.2995195,7.2048273,0.4534703,30.159952,30.212051,39.37376,18.100939,19.69893,18.722666,18.558538,16.755146,18.828213,42.17
4446046.924,657859.7026,20.689533,1.1606833,0.87802297,27.850264,32.4733,28.155138,25.261076,23.614862,30.721727,29.894384,28.770374,30.539263,31.678856,41.077805,37.589027,42.623478,43.621426,45.637012,2.4601786,2.1069992,6.585535,7.9043975,1384.75,330.9454,0.040039062,0.14761773,0.002197266,50,20,0.44145235,0.3264026,0.24245547,0.27615798,0.3492549,0.8235812,0.71498764,18.445168,17.847599,16.661497,18.158329,17.668594,18.919302,19.006073,18.20644,21.707142,18.9125,17.791798,19.634638,17.493961,21.03821,21.314276,20.022152,20.39809,18.128452,19.784473,18.485907,18.518696,17.217573,18.525465,18.7974,19.564356,18.466156,18.226341,18.701792,20.019154,17.904585,17.027395,18.51933,18.293993,17.679321,16.513012,16.88138,17.241913,15.601412,15.074989,16.765736,19.805182,19.555225,18.708242,19.373037,19.047945,17.484621,17.82324,18.799597,1.0193532,2.283589,7.2449665,0.4534703,30.161781,30.308056,39.333416,18.100939,19.69893,18.722666,18.558538,16.755146,18.828213,42.17
4446046.924,657864.7026,14.610382,1.1705099,0.95804554,27.728287,32.203255,27.123045,24.792109,23.51084,31.109766,30.07666,29.103596,30.927979,31.672504,40.738197,37.734634,43.11293,43.614162,45.795963,2.4560828,2.0765903,6.633959,7.9529557,1384.75,338.19858,-0.080078125,0.15442389,-0.004394531,25,20,0.44145235,0.3264026,0.24245547,0.27615798,0.3492549,0.8235812,0.71498764,18.104183,16.733404,16.518137,17.388865,17.537281,19.278975,19.024858,17.909702,22.592072,20.131632,17.923382,21.24742,18.053923,20.307981,20.803722,20.412111,21.86523,19.561533,18.746786,17.670286,18.648907,18.203,18.888592,19.183325,20.90376,19.643839,18.178432,19.194351,20.12981,17.967573,17.126144,18.982967,18.566528,17.852005,18.023884,17.43514,16.515524,16.112162,15.865203,17.274187,20.705074,19.206005,19.20872,18.423855,18.717571,17.330816,18.187397,18.785156,1.0642778,2.2663364,7.293457,0.4534703,29.96577,30.593212,39.236416,17.797956,20.151447,19.083479,19.020557,17.195778,18.825636,42.17
4446046.924,657869.7026,14.198066,1.1638478,1.0612123,27.834106,31.804379,26.155079,24.390524,23.144573,31.593475,30.54103,29.914663,31.453415,31.747095,40.354958,37.73438,43.166916,43.38658,45.92797,2.4247077,2.0750918,6.6701503,8.003112,1384.76,322.12503,0,0.16347715,-0.001098633,25,20,0.44145235,0.3264026,0.24245547,0.27615798,0.3492549,0.8235812,0.71498764,18.92214,17.44861,16.289595,16.926598,16.346392,18.536581,18.411312,17.653543,22.963108,19.123846,17.892786,21.510012,17.861475,20.550007,21.22092,20.458323,20.68016,18.299744,16.643543,18.226871,17.087381,17.980782,18.089119,18.299143,20.763294,19.883417,18.666334,19.595732,20.342709,17.642788,16.449474,19.019962,19.042768,18.487183,17.787548,17.546808,17.141127,16.012365,15.459943,17.448812,21.475931,19.301657,20.484419,16.851782,17.879425,17.90772,18.960836,18.897669,1.11253,2.2498999,7.336631,0.4534703,29.819242,31.067253,39.04467,17.55446,20.160307,18.143942,19.049109,17.353964,18.980253,42.17
4446046.924,657874.7026,9.90967,1.1607513,1.1732622,27.75848,31.21154,25.258902,24.033257,22.292282,32.27859,31.614809,30.6807,32.001904,31.846416,39.87734,37.36217,43.21117,43.16126,46.07807,2.3964233,2.0758126,6.7047625,8.059261,1384.77,333.43494,0.040039062,0.12824216,0.003295898,25,20,0.45299396,0.32698172,0.24492033,0.27784446,0.35848206,0.82559055,0.6889477,18.92214,17.44861,16.289595,16.926598,16.346392,18.536581,18.411312,17.653543,22.963108,19.123846,17.892786,21.510012,17.861475,20.550007,21.22092,20.458323,20.68016,18.299744,16.643543,18.226871,17.087381,17.980782,18.089119,18.299143,20.763294,19.883417,18.666334,19.595732,20.342709,17.642788,16.449474,19.019962,19.042768,18.487183,17.787548,17.546808,17.141127,16.012365,15.459943,17.448812,21.475931,19.301657,20.484419,16.851782,17.879425,17.90772,18.960836,18.897669,1.1670067,2.2361178,7.382012,0.4536801,29.48501,31.946701,38.619755,17.55446,20.160307,18.143942,19.049109,17.353964,18.980253,42.17
4446046.924,657879.7026,9.610725,1.1555673,1.28764,27.626081,31.592226,24.422556,23.723625,22.327864,32.724667,31.82898,31.116133,32.52963,32.032063,39.69628,37.246746,43.391476,42.95759,46.242893,2.3711789,2.070512,6.717233,8.109124,1384.77,0,0,0.11470331,0,10,20,0.45299396,0.32698172,0.24492033,0.27784446,0.35848206,0.82559055,0.6889477,18.203566,17.71694,15.155332,18.064034,16.844534,18.686447,17.443491,17.579657,21.905178,19.378025,17.980389,20.621565,17.907824,20.685482,21.128256,20.232273,20.273401,17.701054,18.893091,20.62265,18.837288,18.59826,19.202188,19.319323,19.796686,19.791666,18.077578,20.121782,20.115448,18.184414,16.627016,19.044353,19.510603,19.322887,18.00052,18.9825,18.500078,16.43183,15.765893,18.170614,20.509762,19.434456,20.924072,21.93264,17.453379,18.654453,19.38997,19.849499,1.2216036,2.2208455,7.4131784,0.4536801,29.609154,32.276825,38.47151,17.444906,19.943815,19.161133,18.959227,18.073473,19.756962,42.17
4446046.924,657884.7026,20.183727,1.15503,1.3960952,27.59669,31.196514,23.585663,23.428537,21.95113,33.18027,32.29066,31.541136,33.056778,32.260998,39.60314,37.247173,43.623352,42.82798,46.407272,2.3513787,2.0706356,6.7061706,8.158793,1384.77,21.801409,0.040039062,0.15442389,0.003295898,10,20,0.45299396,0.32698172,0.24492033,0.27784446,0.35848206,0.82559055,0.6889477,19.0592,17.450357,16.071133,18.130518,16.367348,19.334076,17.498661,17.890596,22.265263,19.442656,17.432564,20.890251,18.428782,20.916607,20.238577,20.203863,20.062916,17.96895,20.379536,20.338186,18.805067,17.938208,18.847809,19.262047,20.506079,18.914616,18.79468,20.038317,18.6705,17.388157,17.022348,18.853823,19.106937,19.001059,18.033792,19.068491,18.212248,15.79367,15.550504,17.895735,20.208237,21.06328,19.73125,21.74687,19.439568,18.108517,20.342657,20.082361,1.2755625,2.211007,7.432482,0.4536801,29.396603,32.735466,38.425156,17.701614,19.944956,19.191525,18.7621,17.823814,20.09148,42.17
4446046.924,657889.7026,19.0057,1.1664884,1.4866778,27.626608,31.381645,22.861595,23.166595,21.943054,33.675102,32.183117,31.982155,33.719795,32.753643,39.40231,37.344826,43.86252,42.44115,46.22978,2.3425484,2.0820959,6.71258,8.203555,1384.76,40.914383,0.040039062,0.28459752,0.004394531,25,20,0.45299396,0.32698172,0.24492033,0.27784446,0.35848206,0.82559055,0.6889477,19.0592,17.450357,16.071133,18.130518,16.367348,19.334076,17.498661,17.890596,22.265263,19.442656,17.432564,20.890251,18.428782,20.916607,20.238577,20.203863,20.062916,17.96895,20.379536,20.338186,18.805067,17.938208,18.847809,19.262047,20.506079,18.914616,18.79468,20.038317,18.6705,17.388157,17.022348,18.853823,19.106937,19.001059,18.033792,19.068491,18.212248,15.79367,15.550504,17.895735,20.208237,21.06328,19.73125,21.74687,19.439568,18.108517,20.342657,20.082361,1.3265831,2.2123222,7.458068,0.4536801,29.504128,32.929108,38.373566,17.701614,19.944956,19.191525,18.7621,17.823814,20.09148,42.17
4446046.924,657894.7026,18.038355,1.1624808,1.5602326,27.461313,31.184614,22.761911,22.93886,21.939875,34.682545,32.603962,32.65358,34.676212,33.874447,38.25159,37.009247,43.467342,41.902977,44.948547,2.3378198,2.0938768,6.807593,8.213723,1384.74,52.76942,0.12011719,0.44996598,0.008911133,25,20,0.45299396,0.32698172,0.24492033,0.27784446,0.35848206,0.82559055,0.6889477,19.07159,18.885162,16.567118,18.450129,17.079374,19.67769,17.937141,18.336004,21.224064,19.20274,17.726238,20.444128,17.411745,20.650238,20.189518,19.85208,21.427156,19.744835,21.304934,19.744257,19.08978,18.903418,18.726446,19.909626,19.472395,19.41456,19.786724,19.42182,18.184958,17.579031,17.426487,18.817455,19.565077,19.077803,18.039953,20.187513,19.250628,15.438612,16.230234,18.278557,20.536179,20.159267,19.975544,20.601282,20.133694,18.686888,20.519243,20.085186,1.3613567,2.2158484,7.5106583,0.4536801,29.322964,33.643253,37.630417,18.238316,19.549809,19.84869,18.75514,18.255688,20.087442,42.17
4446046.924,657899.7026,5.2945776,1.160709,1.6181265,27.353617,30.658907,22.970587,22.79382,22.165934,35.92915,33.63413,33.338005,35.66937,35.23801,36.8315,36.33617,42.52933,41.18645,43.322697,2.3329139,2.0962353,6.912336,8.219742,1384.7,59.02938,0.0390625,0.50083035,0.001098633,25,20,0.45299396,0.32698172,0.24492033,0.27784446,0.35848206,0.82559055,0.6889477,19.269522,19.128202,16.763119,18.66066,17.25046,19.88722,18.149101,18.542356,22.302805,20.51995,18.379055,21.878748,17.933691,21.311497,20.613111,20.741997,23.26572,21.23257,22.488056,21.12206,20.259214,19.900068,19.613453,21.181255,20.722904,20.587597,21.430374,21.563787,19.842537,19.241816,18.98754,20.45838,20.013447,19.696878,18.770231,20.848719,20.26507,16.22127,16.962238,18.968801,20.542448,20.167131,19.984152,20.609169,20.141376,18.695227,20.527054,20.093012,1.3894178,2.2145746,7.566039,0.4536801,29.006262,34.78164,36.583836,18.44404,20.419836,21.125875,20.339508,18.968264,20.095224,42.17
4446046.924,657904.7026,21.507484,1.1721174,1.6642733,27.419102,30.327383,23.011337,22.627949,22.17134,37.026546,34.524494,34.198406,36.679016,36.67607,35.6128,35.655033,41.824284,40.44802,41.75351,2.3333151,2.0884056,7.002549,8.233605,1384.66,62.735535,-0.03955078,0.53168285,0.002197266,25,20,0.44996914,0.33211008,0.25004017,0.28470957,0.38693386,0.84786874,0.7940837,19.361914,18.76369,17.251148,18.878735,17.478466,19.965643,18.982367,18.881495,21.531391,19.879366,17.205467,20.880447,16.557919,19.404034,19.65863,19.6041,23.399105,20.914825,19.743553,20.356066,18.82692,19.180096,17.83097,20.199282,21.321148,20.715551,21.171383,21.274042,20.212639,18.565817,19.229008,20.449448,19.345531,18.257166,17.126404,19.60208,19.864208,15.890229,16.475336,18.032566,17.583958,17.261942,17.60282,17.403585,17.901852,16.65983,16.767918,17.304201,1.4181952,2.2108603,7.6180773,0.4779593,28.873241,35.77552,35.63392,18.668852,19.302465,20.035933,20.355656,18.080135,17.311703,42.17
4446046.924,657909.7026,11.186148,1.1793786,1.7069399,27.408436,30.321918,23.11382,22.467466,22.254652,38.07367,34.962086,34.822998,37.64686,38.17482,34.543148,35.136772,41.129196,39.761337,40.153553,2.348741,2.0891128,7.073159,8.236582,1384.62,64.434654,0.19970703,0.73050576,0.012207031,25,20,0.44996914,0.33211008,0.25004017,0.28470957,0.38693386,0.84786874,0.7940837,18.872578,18.75093,16.659386,17.698853,17.058714,19.909103,18.791666,18.48036,21.625921,19.733637,17.626019,20.223791,16.638002,19.70638,19.673513,19.629583,23.214981,22.199211,19.645996,18.896841,17.935139,18.378115,17.793018,19.830153,22.142958,21.570366,20.286985,18.592207,18.480688,18.144447,17.471354,19.574224,19.799883,19.2058,18.751448,18.783796,18.574772,17.529718,16.49629,18.504082,17.901203,17.053358,17.629696,17.369177,16.279266,16.296312,16.228468,17.00705,1.4431593,2.218927,7.6548705,0.4779593,28.865177,36.517876,34.83996,18.248747,19.31818,19.723328,19.527002,18.448816,16.965353,42.17
4446046.924,657914.7026,12.035129,1.1906921,1.74475,27.347404,29.467022,23.263693,22.30807,22.35119,39.00222,35.469364,35.2113,38.55591,39.70366,33.637573,35.029327,40.492535,39.075157,38.526596,2.3720343,2.106086,7.129251,8.233085,1384.55,64.98949,0.08105469,0.94823945,0.008911133,50,20,0.44996914,0.33211008,0.25004017,0.28470957,0.38693386,0.84786874,0.7940837,18.872578,18.75093,16.659386,17.698853,17.058714,19.909103,18.791666,18.48036,21.625921,19.733637,17.626019,20.223791,16.638002,19.70638,19.673513,19.629583,23.214981,22.199211,19.645996,18.896841,17.935139,18.378115,17.793018,19.830153,22.142958,21.570366,20.286985,18.592207,18.480688,18.144447,17.471354,19.574224,19.799883,19.2058,18.751448,18.783796,18.574772,17.529718,16.49629,18.504082,17.901203,17.053358,17.629696,17.369177,16.279266,16.296312,16.228468,17.00705,1.467721,2.2390602,7.6811676,0.4779593,28.407213,37.235794,34.33345,18.248747,19.31818,19.723328,19.527002,18.448816,16.965353,42.17
4446041.924,657759.7026,12.148275,1.2498118,1.1855494,28.350965,34.337215,29.69228,28.860123,25.24231,31.591202,30.641123,30.060001,31.762938,34.325592,39.983097,34.823193,39.40178,39.47599,41.760723,2.5888271,2.1569674,6.5828395,7.9665456,1384.85,54.462322,-0.040039062,0.2466776,-0.001098633,10,20,0.46679598,0.32714584,0.24061948,0.2793939,0.35997942,0.82645077,0.6873623,17.59459,16.0658,15.949971,19.420458,17.026007,19.82448,18.30896,18.017416,17.957766,15.359564,15.052564,14.960915,14.495767,18.479162,17.563047,16.623829,18.81746,16.41038,19.154575,15.890735,16.593033,17.56883,17.361984,17.50996,20.06798,17.488014,17.829067,17.347246,16.93055,17.707182,17.703264,17.933577,19.324934,18.943087,16.522444,17.068401,14.5607605,15.431098,16.440315,17.072071,21.332462,16.7738,18.31948,18.632929,17.803925,18.91707,18.100323,18.77988,1.2176806,2.3728971,7.2746925,0.45539257,31.34409,31.116161,37.403145,17.741467,16.26697,17.39957,17.867615,16.898722,18.554285,42.17
4446041.924,657764.7026,12.081662,1.2458973,1.1955209,28.340857,34.34194,29.846853,29.188303,25.28085,31.475248,30.49211,30.101795,31.542837,32.95837,40.198612,34.88139,39.322746,39.380505,42.70901,2.5865774,2.1572175,6.6495967,7.983861,1384.83,45,-0.080078125,0.24307406,-0.006713867,10,20,0.46679598,0.32714584,0.24061948,0.2793939,0.35997942,0.82645077,0.6873623,17.935522,18.447535,17.021595,19.321978,15.823538,19.72439,18.348837,18.38393,16.821627,15.705508,14.987062,15.906265,14.470901,17.702942,18.189695,16.646868,19.045698,18.161108,18.30837,17.799185,16.456,17.421364,18.59846,18.073467,19.170969,17.498701,17.283588,17.71319,16.029253,17.569199,18.273905,17.696285,19.879528,19.548527,17.140202,16.886175,14.474752,15.616704,16.812435,17.236526,20.891518,20.05958,18.6071,18.212778,16.075077,18.499207,18.54706,18.82863,1.2207091,2.3718975,7.3167286,0.45539257,31.3414,30.983679,37.54,18.089056,16.254858,17.970026,17.648401,17.194046,18.698902,42.17
4446041.924,657769.7026,11.554378,1.2420373,1.2002401,28.327965,34.348373,30.079052,29.600594,25.335587,31.323719,30.299543,30.157608,31.244717,31.282042,40.47641,34.949196,39.192284,39.27353,43.89335,2.5833013,2.1575093,6.7303576,8.004917,1384.82,26.588408,-0.080566406,0.19181548,-0.004516602,10,20,0.46679598,0.32714584,0.24061948,0.2793939,0.35997942,0.82645077,0.6873623,17.935522,18.447535,17.021595,19.321978,15.823538,19.72439,18.348837,18.38393,16.821627,15.705508,14.987062,15.906265,14.470901,17.702942,18.189695,16.646868,19.045698,18.161108,18.30837,17.799185,16.456,17.421364,18.59846,18.073467,19.170969,17.498701,17.283588,17.71319,16.029253,17.569199,18.273905,17.696285,19.879528,19.548527,17.140202,16.886175,14.474752,15.616704,16.812435,17.236526,20.891518,20.05958,18.6071,18.212778,16.075077,18.499207,18.54706,18.82863,1.2211387,2.3704052,7.3676376,0.45539257,31.33817,30.81163,37.712803,18.089056,16.254858,17.970026,17.648401,17.194046,18.698902,42.17
4446041.924,657774.7026,10.432505,1.2401855,1.1505741,28.2643,34.407238,30.55134,29.966106,25.684307,31.367508,30.294079,29.985924,30.969625,31.87417,40.486866,35.06026,39.050613,39.2205,42.387547,2.580642,2.1500382,6.6803837,7.9718366,1384.82,26.56505,0.07910156,0.19158088,0.004394531,10,20,0.46679598,0.32714584,0.24061948,0.2793939,0.35997942,0.82645077,0.6873623,17.872646,18.176731,15.782614,19.02007,16.317457,19.404266,19.006527,18.130981,17.926743,16.768726,14.800876,15.937443,14.261816,17.17506,18.337017,16.813488,18.216911,20.068993,16.796429,17.8985,16.449364,17.450832,18.208424,17.959156,18.719795,18.438622,16.70799,17.973785,15.862846,16.53056,16.879171,17.402264,19.168802,20.30129,16.881557,17.782503,14.4189005,15.447497,15.772845,17.217155,21.236067,20.273235,18.633854,18.180899,16.784912,17.05871,19.374638,18.76932,1.1953797,2.3653402,7.32611,0.45539257,31.33577,30.830793,37.773563,17.940046,16.45824,17.86992,17.301825,17.110485,18.79176,42.17
4446041.924,657779.7026,10.093354,1.2372793,1.0949743,28.256865,34.40025,31.110106,30.323797,25.996162,31.410017,30.41495,29.784855,30.66626,32.26794,40.511738,35.12726,38.860073,39.20476,41.086655,2.5749867,2.1479554,6.6438966,7.949393,1384.81,33.649612,0.041015625,0.20605634,0.003417969,10,20,0.46679598,0.32714584,0.24061948,0.2793939,0.35997942,0.82645077,0.6873623,18.224703,17.6964,15.939184,18.680964,15.470286,19.6662,18.3526,17.995928,18.392052,16.43552,15.196938,16.61923,14.486025,17.03449,16.31526,16.627577,18.618935,18.651714,17.566383,19.067743,16.544003,17.303473,17.128233,17.942595,18.1827,18.074863,16.202265,18.79902,16.655296,16.781473,16.301,17.438692,18.607094,19.273132,16.588957,17.177858,14.389051,14.994733,14.996458,16.640676,20.444988,20.777262,17.354551,18.243097,17.09762,17.225445,19.082798,18.597696,1.1661267,2.3614712,7.2966447,0.45539257,31.328556,30.912483,37.819496,17.718618,16.354216,17.840069,17.28523,16.575327,18.60368,42.17
4446041.924,657784.7026,12.507658,1.2343894,1.0414783,28.246555,34.39489,31.72406,30.720594,26.289608,31.407501,30.485655,29.595608,30.32038,32.282406,40.614265,35.213505,38.634186,39.185215,40.184433,2.5701303,2.1460187,6.6284175,7.932594,1384.8,39.799835,0.080078125,0.22371827,0.004516602,10,20,0.44192716,0.3272877,0.24138801,0.27975446,0.3526514,0.82567066,0.69834304,18.224703,17.6964,15.939184,18.680964,15.470286,19.6662,18.3526,17.995928,21.1328,18.957098,18.074596,18.99119,17.249441,19.958948,20.118,19.491817,18.674068,18.660057,17.549908,19.074697,16.530275,17.357199,17.247295,17.982365,18.122458,18.071274,16.169128,18.740192,16.58186,16.718294,16.262283,17.391161,17.823593,18.487497,15.886769,16.577986,13.722666,14.409694,14.4029455,15.978418,20.444988,20.777262,17.354551,18.243097,17.09762,17.225445,19.082798,18.597696,1.1379339,2.3580747,7.2805057,0.45243177,31.320723,30.946579,37.913887,17.718618,19.211725,17.8705,17.237928,15.901591,18.60368,42.17
4446041.924,657789.7026,14.197679,1.2315793,0.9909038,28.23439,34.390347,32.36378,31.087204,26.54195,31.368683,30.521898,29.39963,29.982307,32.120438,40.77375,35.324245,38.403652,39.179886,39.57391,2.567203,2.1441686,6.625279,7.9188466,1384.78,45,-0.080078125,0.24332133,-0.002197266,10,20,0.44192716,0.3272877,0.24138801,0.27975446,0.3526514,0.82567066,0.69834304,17.584908,17.128477,13.972165,17.970528,15.843037,19.094799,18.620808,17.44041,21.47446,19.05827,18.588497,19.23815,18.25271,20.195446,20.492949,19.818584,20.492151,18.618834,16.799858,18.05665,17.172895,18.11983,15.672546,17.884323,18.469479,17.111008,17.105053,18.861826,17.581114,17.11174,15.829363,17.521332,19.13934,17.331568,15.776583,17.653952,14.559029,14.571734,14.3956175,16.267561,21.643322,18.450481,16.265087,18.910952,16.600016,19.978985,18.142384,18.764091,1.1112416,2.3556857,7.272063,0.45243177,31.312368,30.94529,38.048996,17.173532,19.614353,17.847538,17.43851,16.203974,18.570175,42.17
4446041.924,657794.7026,9.148398,1.2226074,0.9400714,28.048597,34.06098,32.929974,31.304277,26.297745,31.329887,30.499275,29.21219,29.70997,31.942608,40.95652,35.606655,38.433,39.30756,39.25246,2.5664058,2.1568856,6.629239,7.9138293,1384.77,49.398705,0.080078125,0.26437655,0.004394531,25,20,0.44192716,0.3272877,0.24138801,0.27975446,0.3526514,0.82567066,0.69834304,18.102741,17.98553,15.77068,18.49312,16.208023,19.297754,18.486624,18.015722,21.216408,19.120026,17.885096,19.288073,17.82499,20.904999,20.005419,19.70404,20.265478,19.115963,17.315546,18.204569,18.437624,18.502752,16.810377,18.458546,19.49554,18.491047,17.232124,18.868166,17.654137,17.105394,16.123947,17.916033,19.224737,17.432194,15.843478,17.628542,15.237767,14.5333185,14.5524435,16.34582,20.34901,19.410784,19.543016,18.63863,17.042013,19.632172,18.250528,19.117159,1.0813394,2.3616457,7.271534,0.45243177,31.05479,30.914581,38.281586,17.763496,19.463573,18.3789,17.852907,16.350355,18.980879,42.17
4446041.924,657799.7026,8.637596,1.2199075,0.89907944,28.03811,34.05825,33.4341,31.336727,26.350435,31.201904,30.463507,28.97627,29.518147,31.848957,41.184135,35.75059,38.327465,39.45033,39.231094,2.5695648,2.1551642,6.6201525,7.8986354,1384.75,49.398705,0.040039062,0.26437655,0.001098633,25,20,0.44192716,0.3272877,0.24138801,0.27975446,0.3526514,0.82567066,0.69834304,18.102741,17.98553,15.77068,18.49312,16.208023,19.297754,18.486624,18.015722,21.216408,19.120026,17.885096,19.288073,17.82499,20.904999,20.005419,19.70404,20.265478,19.115963,17.315546,18.204569,18.437624,18.502752,16.810377,18.458546,19.49554,18.491047,17.232124,18.868166,17.654137,17.105394,16.123947,17.916033,19.224737,17.432194,15.843478,17.628542,15.237767,14.5333185,14.5524435,16.34582,20.34901,19.410784,19.543016,18.63863,17.042013,19.632172,18.250528,19.117159,1.0594935,2.3623645,7.2593937,0.45243177,31.04818,30.832706,38.46736,17.763496,19.463573,18.3789,17.852907,16.350355,18.980879,42.17
4446041.924,657804.7026,13.811725,1.2173609,0.8632566,28.031418,34.058052,33.761127,31.108128,26.254377,31.007717,30.37995,28.713295,29.405497,31.860697,41.431465,35.87405,38.359917,39.739384,39.530293,2.5750544,2.153525,6.5878773,7.876795,1384.73,39.805573,-0.080078125,0.22396454,-0.004394531,25,20,0.44192716,0.3272877,0.24138801,0.27975446,0.3526514,0.82567066,0.69834304,19.298641,17.018118,16.804592,18.708069,16.252094,19.7278,18.213148,18.264318,22.631027,21.471395,17.446987,20.774977,17.893175,21.766466,21.029419,20.759418,22.785107,19.49251,18.10685,20.82866,18.231949,17.849669,17.46748,19.32957,22.589783,20.628815,18.558283,20.45892,17.975708,18.356144,18.443752,19.548986,18.34581,17.05195,15.766441,17.214485,14.270685,15.858668,14.673407,16.23821,21.119467,16.702452,20.011013,19.026325,17.572996,17.396364,18.5006,18.642422,1.0403087,2.3642898,7.232336,0.45243177,31.044735,30.693832,38.652756,18.003208,20.430492,19.251745,19.573057,16.168777,18.618458,42.17
4446041.924,657809.7026,23.443132,1.2050254,0.8330254,27.856415,34.254833,33.91448,30.631676,25.86232,30.804039,30.155228,28.397728,29.367832,31.930271,41.67351,35.971462,38.60084,40.19515,40.10168,2.5790377,2.1474733,6.537164,7.851328,1384.72,21.801409,-0.080078125,0.15442389,-0.006713867,50,20,0.44192716,0.3272877,0.24138801,0.27975446,0.3526514,0.82567066,0.69834304,19.220776,16.940022,17.098259,19.114971,16.567347,19.870392,18.770727,18.406855,22.962744,21.280228,18.151455,21.08403,17.875778,21.993292,21.739443,21.06327,22.520449,19.497705,18.41403,20.485157,17.897873,18.275326,18.55073,19.453411,23.096214,20.040197,19.316181,20.628916,18.737225,19.205599,17.962074,19.850735,18.766327,19.050364,18.225582,19.286245,18.103973,16.568476,15.625533,17.950375,20.769096,15.564634,18.789663,19.008791,19.76054,18.128145,18.445858,18.668953,1.0190254,2.3632555,7.1942463,0.45243177,31.055624,30.479633,38.822487,18.22607,20.726711,19.377325,19.855204,17.946642,18.638105,42.17
4446041.924,657814.7026,27.01614,1.2036066,0.8085356,27.850262,34.258503,33.985844,30.002447,25.557455,30.5302,29.983719,28.081692,29.384102,32.121273,41.963566,36.113014,38.843216,40.702694,40.827816,2.5900977,2.1456509,6.4813147,7.8196526,1384.72,351.8699,-0.040039062,0.101384394,-0.004394531,50,20,0.4417699,0.31903172,0.23411357,0.27654135,0.34326345,0.82376,0.7168067,19.220776,16.940022,17.098259,19.114971,16.567347,19.870392,18.770727,18.406855,22.962744,21.280228,18.151455,21.08403,17.875778,21.993292,21.739443,21.06327,22.520449,19.497705,18.41403,20.485157,17.897873,18.275326,18.55073,19.453411,23.096214,20.040197,19.316181,20.628916,18.737225,19.205599,17.962074,19.850735,18.766327,19.050364,18.225582,19.286245,18.103973,16.568476,15.625533,17.950375,20.769096,15.564634,18.789663,19.008791,19.76054,18.128145,18.445858,18.668953,1.0060711,2.3678741,7.1504836,0.4507552,31.054382,30.256958,39.038292,18.22607,20.726711,19.377325,19.855204,17.946642,18.638105,42.17
4446041.924,657819.7026,25.072395,1.2020606,0.7899182,27.843464,34.262188,33.99942,29.260225,25.215462,30.250784,29.787155,27.733797,29.432816,32.355045,42.266697,36.294342,39.143547,41.27315,41.63768,2.6029723,2.1438932,6.428725,7.785907,1384.72,336.80142,-0.12011719,0.109194316,-0.006713867,25,20,0.4417699,0.31903172,0.23411357,0.27654135,0.34326345,0.82376,0.7168067,19.505371,17.559315,17.101358,19.206533,15.690306,20.152195,18.547647,18.409376,22.990091,21.24309,18.702316,21.364832,17.63522,22.018572,20.82155,20.997814,22.438004,19.68337,19.056355,20.991055,17.741768,18.098377,18.404669,19.506073,22.721592,20.403353,20.434656,21.185926,20.242266,17.759624,19.69403,20.306147,18.922676,19.277035,17.758886,19.032402,19.236694,16.913252,17.954483,18.386591,20.754982,16.628273,18.934351,18.919247,19.779062,18.516949,19.379019,19.005901,0.9959894,2.3734326,7.107316,0.4507552,31.052826,30.01897,39.280518,18.25182,20.682238,19.487656,20.34878,18.442204,18.98741,42.17
4446041.924,657824.7026,24.880913,1.2002182,0.7770562,27.836088,34.265617,33.9524,28.450703,24.865423,29.986824,29.57522,27.368391,29.488277,32.57763,42.56122,36.510612,39.487984,41.893085,42.481792,2.6158113,2.1421952,6.384345,7.7513013,1384.73,323.1301,0,0.14337903,-0.002197266,25,20,0.4417699,0.31903172,0.23411357,0.27654135,0.34326345,0.82376,0.7168067,19.79382,18.232424,15.777014,18.649332,16.972206,20.86492,19.07695,18.64209,22.152058,21.413849,18.371357,22.294573,17.896069,21.54067,21.111246,21.01627,22.81365,19.675272,19.658932,20.954939,18.40918,20.015821,19.14766,20.206793,20.827854,20.824266,20.317036,21.14822,20.975857,18.638609,19.367308,20.268507,17.552547,17.901226,15.141864,18.156523,16.726316,15.824044,16.50255,16.830433,20.253813,18.392221,18.034288,19.453346,20.244087,17.345171,19.39982,18.97405,0.9886372,2.3790033,7.0678234,0.4507552,31.050854,29.781021,39.535915,18.480953,20.68283,20.096493,20.29988,16.829296,19.017534,42.17
4446041.924,657829.7026,22.123531,1.1862112,0.7653791,28.015648,33.811058,33.566353,27.647957,24.296015,29.77212,28.910336,27.0955,29.58453,32.710884,42.748684,37.2455,40.33091,42.54869,43.33751,2.5945206,2.1589816,6.360257,7.7409825,1384.74,333.43494,0.040039062,0.12824216,0.003295898,25,20,0.4417699,0.31903172,0.23411357,0.27654135,0.34326345,0.82376,0.7168067,19.327747,17.790342,15.327275,18.236382,16.562187,20.437765,18.602982,18.200874,21.02326,19.788877,17.953217,20.923443,17.409443,20.912497,20.945705,20.173086,21.146599,17.968708,18.401295,19.477665,16.943405,18.756124,18.296326,18.819077,19.19932,19.089878,18.537031,19.562717,18.10276,17.461489,17.716282,18.492289,18.248154,18.427853,15.832194,18.965494,17.458534,16.515911,17.226385,17.52383,20.253813,18.392221,18.034288,19.453346,20.244087,17.345171,19.39982,18.97405,0.97579515,2.376751,7.05062,0.4507552,30.913353,29.341228,39.997093,18.040668,19.85092,18.712873,18.524212,17.524931,19.017534,42.17
4446041.924,657834.7026,26.124584,1.178094,0.7659694,27.72376,33.871754,32.851063,27.201115,24.375273,29.817524,29.171303,27.295969,29.678223,32.680733,42.64877,37.06115,40.453503,42.82716,43.83194,2.5717592,2.1487,6.382281,7.753576,1384.74,345.96375,-0.040039062,0.11823346,-0.001098633,50,20,0.4417699,0.31903172,0.23411357,0.27654135,0.34326345,0.82376,0.7168067,18.515762,16.955053,14.272441,18.588728,16.33283,18.898977,18.033323,17.591742,21.556934,19.621906,18.545258,20.550142,17.499245,20.315653,20.933308,20.18566,21.327978,18.76543,17.345142,18.468489,17.153542,18.870499,18.387257,18.724129,19.118832,18.370268,16.782232,18.861643,18.24091,17.66524,18.130514,18.138008,18.385113,18.730642,16.8259,17.57199,18.141684,15.968404,16.761091,17.478737,20.928001,19.267984,18.066109,18.53301,18.879871,18.753443,19.018633,19.14023,0.9720317,2.3602295,7.0679283,0.4507552,30.797756,29.494413,39.854958,17.371017,19.86035,18.616903,18.167091,17.483547,19.063864,42.17
4446041.924,657839.7026,18.592775,1.1760505,0.76891357,27.917526,33.147114,31.758781,26.774946,24.23967,29.940132,29.399487,27.649982,29.821157,32.53555,42.341362,37.26743,41.036686,43.102142,44.209522,2.550363,2.1191196,6.428679,7.787336,1384.75,341.56506,0.12011719,0.13602132,0.006713867,25,20,0.4417699,0.31903172,0.23411357,0.27654135,0.34326345,0.82376,0.7168067,17.979,17.651714,14.363424,18.610926,17.222319,19.231287,17.901606,17.633718,23.10925,19.63316,18.911533,19.823683,17.131435,21.184706,20.725054,20.4314,21.64129,17.5454,16.960514,17.392242,19.697092,18.706034,18.215746,18.613354,20.98804,18.979837,16.646885,18.223577,18.67725,18.492807,18.328726,18.599173,18.813528,17.813408,15.833563,17.3387,17.721819,15.813438,15.968436,17.006975,20.46922,17.656614,17.836767,16.212227,17.52336,18.856745,18.907919,18.334854,0.9724821,2.3347414,7.1080074,0.4507552,30.53232,29.66981,39.804398,17.565754,20.074116,18.594044,18.619589,17.04327,18.208979,42.17
4446041.924,657844.7026,19.244001,1.1713502,0.7782925,27.932014,33.14263,30.630068,26.32317,24.040668,30.042585,29.425882,27.955685,29.945345,32.334866,42.08092,37.302956,41.576603,43.398483,44.645237,2.526521,2.1180458,6.476552,7.8184133,1384.75,348.69006,0.040039062,0.14621848,0.003295898,25,20,0.44145235,0.3264026,0.24245547,0.27615798,0.3492549,0.8235812,0.71498764,17.979,17.651714,14.363424,18.610926,17.222319,19.231287,17.901606,17.633718,23.10925,19.63316,18.911533,19.823683,17.131435,21.184706,20.725054,20.4314,21.64129,17.5454,16.960514,17.392242,19.697092,18.706034,18.215746,18.613354,20.98804,18.979837,16.646885,18.223577,18.67725,18.492807,18.328726,18.599173,18.813528,17.813408,15.833563,17.3387,17.721819,15.813438,15.968436,17.006975,20.46922,17.656614,17.836767,16.212227,17.52336,18.856745,18.907919,18.334854,0.9748213,2.3222833,7.147483,0.4534703,30.537323,29.734234,39.69194,17.565754,20.074116,18.594044,18.619589,17.04327,18.208979,42.17
4446041.924,657849.7026,28.846735,1.1663527,0.79337174,27.9465,33.13796,29.440147,25.822361,23.836899,30.119808,29.437918,28.22034,30.063063,32.12505,41.8489,37.369656,42.188587,43.74307,45.099155,2.4992518,2.117051,6.523313,7.8489356,1384.75,348.69006,0,0.14621848,0,25,20,0.44145235,0.3264026,0.24245547,0.27615798,0.3492549,0.8235812,0.71498764,18.219326,17.473064,14.536375,18.774624,16.886532,19.70954,18.175335,17.83681,22.484453,19.787943,18.935053,19.395601,17.701183,21.014591,20.841036,20.336517,21.128672,17.439217,17.00441,17.764238,16.508497,18.40032,18.43258,18.23488,21.092388,19.590775,17.432896,18.591337,18.04859,18.096434,17.515635,18.591074,19.686115,17.944271,15.573778,16.22652,16.464182,15.761862,16.314772,16.783453,21.495106,16.708187,17.318714,18.843164,17.53804,16.036407,19.21886,18.101215,0.9798622,2.3081512,7.1861243,0.4534703,30.542229,29.778862,39.609276,17.682114,20.022837,18.096848,18.624008,16.853071,18.165497,42.17
4446041.924,657854.7026,21.143772,1.1612449,0.81725025,27.960403,33.133118,28.208134,25.292206,23.627342,30.166775,29.436775,28.445642,30.191223,31.931303,41.659737,37.465557,42.86253,44.107292,45.56174,2.4690783,2.1161454,6.566204,7.880337,1384.75,338.19858,-0.080078125,0.15442389,-0.004394531,50,20,0.44145235,0.3264026,0.24245547,0.27615798,0.3492549,0.8235812,0.71498764,18.313225,17.750706,15.489143,18.795153,16.741795,19.769588,17.450811,17.891409,22.089396,20.358288,18.100723,19.433443,17.063828,20.79819,20.82001,20.153423,22.021305,19.072227,17.694057,17.386644,19.668715,18.490948,17.539541,18.785097,20.769047,19.766756,18.368656,18.299175,19.259077,19.237848,17.029245,18.937666,18.603067,17.588173,15.633298,16.238409,16.767317,16.623775,15.866272,16.804592,20.451515,16.99384,18.728888,18.686472,18.481113,18.262022,19.412018,18.581387,0.98924756,2.2926118,7.2232704,0.4534703,30.54676,29.801775,39.562645,17.758633,19.809126,18.839062,18.961401,16.760044,18.716553,42.17
4446041.924,657859.7026,20.996672,1.1561549,0.86286753,27.859457,32.475567,27.05817,24.77156,23.449759,30.266693,29.834934,28.722118,30.433167,31.74802,41.46774,37.593246,43.43029,44.178104,45.957375,2.4332583,2.1107213,6.6085415,7.9197664,1384.76,329.03625,0,0.16720712,0,50,20,0.44145235,0.3264026,0.24245547,0.27615798,0.3492549,0.8235812,0.71498764,18.313225,17.750706,15.489143,18.795153,16.741795,19.769588,17.450811,17.891409,22.089396,20.358288,18.100723,19.433443,17.063828,20.79819,20.82001,20.153423,22.021305,19.072227,17.694057,17.386644,19.668715,18.490948,17.539541,18.785097,20.769047,19.766756,18.368656,18.299175,19.259077,19.237848,17.029245,18.937666,18.603067,17.588173,15.633298,16.238409,16.767317,16.623775,15.866272,16.804592,20.451515,16.99384,18.728888,18.686472,18.481113,18.262022,19.412018,18.581387,1.0095112,2.2719898,7.264154,0.4534703,30.167511,30.050814,39.530495,17.758633,19.809126,18.839062,18.961401,16.760044,18.716553,42.17
4446041.924,657864.7026,15.173359,1.1646075,0.9450824,27.842945,31.819996,26.178665,24.394407,23.2251,30.814209,30.343824,29.501091,30.865889,31.653074,40.965153,37.606052,43.469604,43.939484,46.08362,2.431132,2.0790594,6.6585655,7.965602,1384.77,338.19858,0.080078125,0.15442389,0.004394531,25,20,0.44145235,0.3264026,0.24245547,0.27615798,0.3492549,0.8235812,0.71498764,18.611761,17.885687,16.06566,18.795599,16.56293,19.91179,17.841013,18.095001,21.796871,19.629572,18.581923,19.462997,16.933458,20.175383,20.962337,19.951311,22.036747,18.196938,17.503359,18.949661,19.493214,19.309788,17.354507,18.997358,21.419987,19.127415,18.031641,19.1028,19.000324,18.568895,17.234316,18.911901,19.180563,17.696798,15.968313,17.584436,17.084356,17.095644,15.548187,17.305014,20.575315,18.188066,18.72195,19.25093,18.645372,18.030228,18.927744,18.837173,1.054845,2.2550957,7.3120837,0.4534703,29.83147,30.579018,39.285603,17.953491,19.648935,18.977743,18.926481,17.16547,18.905659,42.17
4446041.924,657869.7026,11.357508,1.1602136,1.054957,27.839008,31.806429,25.525711,24.135864,23.099918,31.315842,30.507908,29.882816,31.299915,31.58987,40.554497,37.725307,43.633617,43.759727,46.227467,2.3963368,2.0783496,6.704014,8.014281,1384.77,330.9454,-0.040039062,0.14761773,-0.002197266,25,20,0.44145235,0.3264026,0.24245547,0.27615798,0.3492549,0.8235812,0.71498764,19.106913,16.72993,15.600873,19.063662,16.622551,19.854794,18.183332,18.11385,22.18266,19.31125,18.712032,20.509481,17.514767,20.4319,20.816885,20.211903,21.193718,18.351799,16.719696,20.004538,18.454472,18.607046,18.29385,18.970526,20.484802,20.135452,18.195328,19.923681,18.975473,18.566067,16.167166,19.064821,19.782772,18.777468,16.489628,18.588615,17.288864,16.809568,15.6332035,17.787676,20.32627,18.15301,17.025644,19.485218,18.385252,16.7564,19.08633,18.436558,1.1075853,2.2373433,7.3591475,0.4534703,29.82272,30.911875,39.1399,17.880295,19.925568,18.803589,18.921139,17.624304,18.459732,42.17
4446041.924,657874.7026,9.53321,1.1571774,1.1696899,27.76687,31.213633,24.871983,23.878805,22.307446,32.065594,31.573303,30.626297,31.831097,31.575232,39.968857,37.371162,43.539833,43.461174,46.34649,2.3635066,2.079196,6.743744,8.066396,1384.78,333.43494,0.040039062,0.12824216,0.003295898,25,20,0.45299396,0.32698172,0.24492033,0.27784446,0.35848206,0.82559055,0.6889477,19.106913,16.72993,15.600873,19.063662,16.622551,19.854794,18.183332,18.11385,22.18266,19.31125,18.712032,20.509481,17.514767,20.4319,20.816885,20.211903,21.193718,18.351799,16.719696,20.004538,18.454472,18.607046,18.29385,18.970526,20.484802,20.135452,18.195328,19.923681,18.975473,18.566067,16.167166,19.064821,19.782772,18.777468,16.489628,18.588615,17.288864,16.809568,15.6332035,17.787676,20.32627,18.15301,17.025644,19.485218,18.385252,16.7564,19.08633,18.436558,1.1634337,2.2213511,7.40507,0.4536801,29.490252,31.819448,38.67001,17.880295,19.925568,18.803589,18.921139,17.624304,18.459732,42.17
4446041.924,657879.7026,5.9855633,1.1531245,1.2807635,27.754122,31.20094,24.230312,23.640318,22.22245,32.60268,31.801926,31.06514,32.36692,31.68019,39.60396,37.38624,43.63581,43.192654,46.413433,2.331868,2.078036,6.765934,8.113767,1384.78,0,0,0.11470331,0,10,20,0.45299396,0.32698172,0.24492033,0.27784446,0.35848206,0.82559055,0.6889477,19.15246,16.57214,17.241413,18.538198,16.51868,19.953587,18.14118,18.25529,22.714651,19.377995,18.54399,20.430378,18.310337,20.597168,21.136507,20.432268,20.00313,18.197292,16.55701,20.049934,17.568218,17.839628,19.324068,18.74416,19.759909,19.106384,18.482237,19.494333,19.558302,17.432613,17.14469,18.773645,19.03241,18.053873,16.505116,18.177965,16.75042,15.682976,17.117008,17.403555,20.423931,18.843807,17.864956,19.273272,15.673419,18.432234,19.732906,18.751556,1.216944,2.204952,7.4398503,0.4536801,29.477531,32.2023,38.4951,18.016808,20.158718,18.505613,18.71121,17.331394,18.60636,42.17
4446041.924,657884.7026,7.6188293,1.164262,1.3843625,27.680363,31.395159,23.649126,23.416006,22.196543,33.131153,31.986477,31.469471,32.96816,31.93229,39.270306,37.289482,43.751316,42.85202,46.344036,2.3143072,2.0858693,6.785369,8.153592,1384.78,6.340191,0,0.12983528,0.001098633,10,20,0.45299396,0.32698172,0.24492033,0.27784446,0.35848206,0.82559055,0.6889477,19.23209,17.281137,17.688892,18.627573,14.956116,18.755962,17.927452,18.02215,21.999805,20.160355,18.429394,20.767412,17.69906,20.413288,20.588318,20.298693,20.56882,18.262417,17.71537,19.347944,16.337288,18.336214,18.331425,18.550854,20.394783,19.342413,18.540888,18.94332,17.804718,17.890541,18.036182,18.755308,19.503595,18.069382,15.183322,17.92957,17.531557,15.910048,16.626215,17.28646,20.570332,18.466393,17.024582,20.122921,18.228676,19.535929,19.764557,19.169203,1.2743123,2.2000883,7.4694805,0.4536801,29.537762,32.558815,38.279892,17.781319,20.008234,18.414211,18.70755,17.250526,19.101912,42.17
4446041.924,657889.7026,16.195957,1.1639535,1.4732256,27.666233,31.384062,23.193094,23.198343,22.164991,33.814907,32.279724,31.985357,33.693195,32.48589,38.71367,37.144978,43.628155,42.41487,45.91184,2.2965422,2.0859616,6.8149033,8.187817,1384.78,39.289406,0.12011719,0.20377946,0.008911133,25,20,0.45299396,0.32698172,0.24492033,0.27784446,0.35848206,0.82559055,0.6889477,19.23209,17.281137,17.688892,18.627573,14.956116,18.755962,17.927452,18.02215,21.999805,20.160355,18.429394,20.767412,17.69906,20.413288,20.588318,20.298693,20.56882,18.262417,17.71537,19.347944,16.337288,18.336214,18.331425,18.550854,20.394783,19.342413,18.540888,18.94332,17.804718,17.890541,18.036182,18.755308,19.503595,18.069382,15.183322,17.92957,17.531557,15.910048,16.626215,17.28646,20.570332,18.466393,17.024582,20.122921,18.228676,19.535929,19.764557,19.169203,1.3185896,2.1912518,7.50136,0.4536801,29.525146,33.047318,37.92932,17.781319,20.008234,18.414211,18.70755,17.250526,19.101912,42.17
4446041.924,657894.7026,18.162455,1.1605239,1.5489849,27.489616,31.187157,22.983019,22.991486,22.096197,34.662376,32.622627,32.608562,34.559204,33.425095,37.87926,36.925217,43.369522,41.961853,44.964542,2.2932532,2.0974305,6.8706617,8.202158,1384.76,60.52411,0.12011719,0.37879822,0.008911133,25,20,0.45299396,0.32698172,0.24492033,0.27784446,0.35848206,0.82559055,0.6889477,18.608215,17.509813,16.1162,19.442299,15.456164,18.246855,18.250574,17.84328,20.662357,20.057041,18.334257,21.906267,17.14597,20.38351,21.215044,20.296955,20.804037,18.302296,17.492666,19.293386,16.720205,16.889507,17.750269,18.34193,19.106876,19.033716,18.50655,19.420488,16.553623,17.745386,17.981367,18.443695,20.07568,17.93842,18.257318,18.760643,18.644724,16.267088,15.371607,18.027546,21.403782,18.288197,19.219456,20.614962,19.94305,17.798466,19.069508,19.530926,1.3547544,2.1953418,7.53641,0.4536801,29.338387,33.6425,37.402237,17.661446,19.957779,18.178911,18.33543,17.90221,19.476774,42.17
4446041.924,657899.7026,8.522465,1.1626321,1.609227,27.484432,31.179035,22.96557,22.832048,22.179539,35.668575,33.037594,33.265694,35.54524,34.650936,36.82154,36.501633,42.745537,41.25365,43.61908,2.2962847,2.0977461,6.942158,8.213025,1384.72,64.17075,-0.000488281,0.49321425,0.001098633,25,20,0.45299396,0.32698172,0.24492033,0.27784446,0.35848206,0.82559055,0.6889477,19.072508,17.947372,16.563614,19.89567,15.908052,18.667345,18.694506,18.290209,21.699703,21.786472,19.00361,23.128248,17.657692,21.20059,21.749666,21.252491,22.60809,20.007143,18.918446,20.656652,18.202234,18.006977,18.775366,19.744099,21.1229,21.500895,20.987057,21.043173,18.754086,19.390259,19.886099,20.52476,20.629766,18.41534,18.783598,19.475176,19.64935,16.632896,16.079924,18.58399,21.403782,18.288197,19.219456,20.614962,19.94305,17.798466,19.069508,19.530926,1.3859296,2.1970153,7.577592,0.4536801,29.331734,34.353085,36.661587,18.107008,20.889425,19.596415,20.383495,18.523722,19.476774,42.17
4446041.924,657904.7026,20.81899,1.1789399,1.656889,27.545958,30.717674,23.025362,22.684258,22.225624,36.697773,33.7828,33.995018,36.540382,36.005844,35.74111,36.025074,41.976112,40.5365,42.226513,2.2997282,2.0970147,7.0172772,8.227461,1384.68,65.55924,0.000976563,0.5189421,0.001220703,25,20,0.44996914,0.33211008,0.25004017,0.28470957,0.38693386,0.84786874,0.7940837,19.328777,19.418772,15.501289,18.870207,16.078182,19.378016,19.242874,18.499132,21.383497,19.731522,17.367321,20.690739,16.605944,19.45635,19.968857,19.623507,23.28001,21.484915,19.45266,20.06658,18.545872,19.45483,18.584507,20.277346,21.81326,21.817408,20.39896,20.531473,18.670778,19.623093,18.643171,20.357273,21.138607,18.743969,17.999413,18.256163,19.390335,16.632732,16.310131,18.35285,17.495825,17.911764,16.848312,17.193148,18.13839,17.239819,16.088493,17.35334,1.4179144,2.1983714,7.622369,0.4779593,29.131817,35.240288,35.883095,18.259731,19.31489,20.124195,20.21402,18.353052,17.273678,42.17
4446041.924,657909.7026,11.462663,1.1786715,1.7023911,27.422186,30.32409,23.11337,22.563375,22.302046,37.784832,34.851826,34.824837,37.50209,37.492794,34.70061,35.2475,41.16389,39.83376,40.6735,2.313818,2.09198,7.0704713,8.231937,1384.64,71.58503,0.12011719,0.63429916,0.010009766,25,20,0.44996914,0.33211008,0.25004017,0.28470957,0.38693386,0.84786874,0.7940837,18.405317,18.840956,15.413818,19.130579,15.954196,19.944843,18.853395,18.38067,22.747614,19.829563,17.414448,20.647415,16.923504,19.783525,19.129974,19.773142,21.775358,21.367996,21.692593,19.901312,17.050169,19.1564,17.140211,19.876562,21.808475,21.79694,20.651613,20.008142,18.126686,17.943592,18.461504,19.807535,18.547974,19.643728,17.635153,19.336523,18.156988,16.141823,17.506023,18.135948,17.451475,18.101376,17.817953,17.279663,16.63096,16.588144,16.541767,17.284607,1.4405313,2.202899,7.651204,0.4779593,28.873138,36.31833,34.974056,18.077587,19.496578,19.726292,19.828136,18.138317,17.201618,42.17
4446041.924,657914.7026,12.45383,1.1896418,1.7401288,27.36033,29.471252,23.239449,22.432392,22.389788,38.698795,35.34095,35.292545,38.45944,38.976677,33.838043,35.12751,40.476868,39.094288,39.112846,2.3398113,2.108248,7.1171966,8.228005,1384.58,74.0645,0.15917969,0.8342263,0.011108398,25,20,0.44996914,0.33211008,0.25004017,0.28470957,0.38693386,0.84786874,0.7940837,18.405317,18.840956,15.413818,19.130579,15.954196,19.944843,18.853395,18.38067,22.747614,19.829563,17.414448,20.647415,16.923504,19.783525,19.129974,19.773142,21.775358,21.367996,21.692593,19.901312,17.050169,19.1564,17.140211,19.876562,21.808475,21.79694,20.651613,20.008142,18.126686,17.943592,18.461504,19.807535,18.547974,19.643728,17.635153,19.336523,18.156988,16.141823,17.506023,18.135948,17.451475,18.101376,17.817953,17.279663,16.63096,16.588144,16.541767,17.284607,1.4648852,2.2240295,7.6726007,0.4779593,28.41579,37.019875,34.482777,18.077587,19.496578,19.726292,19.828136,18.138317,17.201618,42.17
4446036.924,657759.7026,9.248659,1.2442538,1.2237008,28.35606,34.334602,29.299374,28.58163,25.123486,31.474712,30.626915,30.057434,31.968964,33.66109,40.012352,34.930164,39.695473,39.56455,42.50506,2.578946,2.1600215,6.570265,7.9700413,1384.87,51.34019,0.16015625,0.1836145,0.008911133,10,20,0.46679598,0.32714584,0.24061948,0.2793939,0.35997942,0.82645077,0.6873623,17.917603,16.299732,16.224508,19.644577,17.253407,20.12598,18.617126,18.28987,17.981592,15.37232,15.069574,14.971546,14.506398,18.502735,17.586142,16.64162,19.023838,16.518608,19.264584,15.959622,16.693146,17.738794,17.554272,17.652067,20.06798,17.488014,17.829067,17.35805,16.93055,17.707182,17.703264,17.93533,19.283512,18.943087,16.460396,17.054117,14.539332,15.380693,16.389912,17.034386,20.77768,16.666378,18.172913,18.500713,17.697021,18.846807,18.043606,18.618006,1.2339773,2.369484,7.270153,0.45539257,31.345331,31.050814,37.47126,18.011847,16.284328,17.536123,17.869158,16.864435,18.386446,42.17
4446036.924,657764.7026,9.957644,1.2405543,1.228438,28.348114,34.336784,29.42381,28.819721,25.163881,31.392649,30.533413,30.06451,31.815807,32.717464,40.16811,34.99487,39.65751,39.497868,43.079445,2.5764265,2.1600256,6.6142344,7.9808664,1384.85,45,0,0.22304477,0.001098633,10,20,0.46679598,0.32714584,0.24061948,0.2793939,0.35997942,0.82645077,0.6873623,17.935522,18.447535,17.021595,19.321978,15.823538,19.72439,18.348837,18.38393,16.821627,15.705508,14.987062,15.906265,14.470901,17.702942,18.189695,16.646868,19.045698,18.161108,18.30837,17.799185,16.456,17.421364,18.59846,18.073467,19.170969,17.498701,17.283588,17.71319,16.029253,17.569199,18.273905,17.696285,19.879528,19.548527,17.140202,16.886175,14.474752,15.616704,16.812435,17.236526,20.891518,20.05958,18.6071,18.212778,16.075077,18.499207,18.54706,18.82863,1.2344961,2.368226,7.29755,0.45539257,31.34245,30.963032,37.58149,18.089056,16.254858,17.970026,17.648401,17.194046,18.698902,42.17
4446036.924,657769.7026,9.551242,1.2381338,1.217991,28.280384,34.404377,29.654343,29.185118,25.305626,31.298151,30.313469,30.07421,31.567587,31.981112,40.36733,35.121487,39.572075,39.39699,43.288322,2.5748355,2.1543539,6.6428595,7.976455,1384.84,32.47119,0.040039062,0.18694311,0.002197266,10,20,0.46679598,0.32714584,0.24061948,0.2793939,0.35997942,0.82645077,0.6873623,17.935522,18.447535,17.021595,19.321978,15.823538,19.72439,18.348837,18.38393,16.821627,15.705508,14.987062,15.906265,14.470901,17.702942,18.189695,16.646868,19.045698,18.161108,18.30837,17.799185,16.456,17.421364,18.59846,18.073467,19.170969,17.498701,17.283588,17.71319,16.029253,17.569199,18.273905,17.696285,19.879528,19.548527,17.140202,16.886175,14.474752,15.616704,16.812435,17.236526,20.891518,20.05958,18.6071,18.212778,16.075077,18.499207,18.54706,18.82863,1.2280624,2.3645947,7.309657,0.45539257,31.34238,30.805809,37.744408,18.089056,16.254858,17.970026,17.648401,17.194046,18.698902,42.17
4446036.924,657774.7026,6.989981,1.2347759,1.1851001,28.272856,34.400723,30.032177,29.416,25.47125,31.315283,30.359135,29.964092,31.359112,31.872686,40.424545,35.181736,39.44187,39.396008,42.824654,2.5680504,2.1530418,6.645597,7.971015,1384.83,37.864216,0,0.16323179,0.001098633,10,20,0.46679598,0.32714584,0.24061948,0.2793939,0.35997942,0.82645077,0.6873623,17.872646,18.176731,15.782614,19.02007,16.317457,19.404266,19.006527,18.130981,17.926743,16.768726,14.800876,15.937443,14.261816,17.17506,18.337017,16.813488,18.216911,20.068993,16.796429,17.8985,16.449364,17.450832,18.208424,17.959156,18.719795,18.438622,16.70799,17.973785,15.862846,16.53056,16.879171,17.402264,19.168802,20.30129,16.881557,17.782503,14.4189005,15.447497,15.772845,17.217155,21.236067,20.273235,18.633854,18.180899,16.784912,17.05871,19.374638,18.76932,1.209938,2.360546,7.3083057,0.45539257,31.336788,30.837208,37.80314,17.940046,16.45824,17.86992,17.301825,17.110485,18.79176,42.17
4446036.924,657779.7026,5.213576,1.2317203,1.1372706,28.263483,34.395336,30.524237,29.667,25.678425,31.354485,30.44069,29.812979,31.114822,32.03908,40.47714,35.25146,39.26609,39.41204,42.029102,2.560445,2.1513634,6.6373944,7.9594,1384.82,45,-0.000976563,0.16147293,0,10,20,0.46679598,0.32714584,0.24061948,0.2793939,0.35997942,0.82645077,0.6873623,18.224703,17.6964,15.939184,18.680964,15.470286,19.6662,18.3526,17.995928,18.392052,16.43552,15.196938,16.61923,14.486025,17.03449,16.31526,16.627577,18.618935,18.651714,17.566383,19.067743,16.544003,17.303473,17.128233,17.942595,18.1827,18.074863,16.202265,18.79902,16.655296,16.781473,16.301,17.438692,18.607094,19.273132,16.588957,17.177858,14.389051,14.994733,14.996458,16.640676,20.444988,20.777262,17.354551,18.243097,17.09762,17.225445,19.082798,18.597696,1.1844954,2.355904,7.298397,0.45539257,31.32941,30.897587,37.8643,17.718618,16.354216,17.840069,17.28523,16.575327,18.60368,42.17
4446036.924,657784.7026,7.8585706,1.2288104,1.0851748,28.251514,34.389755,31.089375,29.92138,25.878849,31.382635,30.51277,29.647404,30.856838,32.164917,40.568733,35.344418,39.05812,39.43531,41.312263,2.55355,2.1496146,6.638143,7.948872,1384.81,45,0.000976563,0.18174964,0.001098633,10,20,0.44192716,0.3272877,0.24138801,0.27975446,0.3526514,0.82567066,0.69834304,18.224703,17.6964,15.939184,18.680964,15.470286,19.6662,18.3526,17.995928,18.392052,16.43552,15.196938,16.61923,14.486025,17.03449,16.31526,16.627577,18.618935,18.651714,17.566383,19.067743,16.544003,17.303473,17.128233,17.942595,18.1827,18.074863,16.202265,18.79902,16.655296,16.781473,16.301,17.438692,18.607094,19.273132,16.588957,17.177858,14.389051,14.994733,14.996458,16.640676,20.444988,20.777262,17.354551,18.243097,17.09762,17.225445,19.082798,18.597696,1.1569927,2.3515823,7.2935076,0.45243177,31.320635,30.947702,37.956573,17.718618,16.354216,17.840069,17.28523,16.575327,18.60368,42.17
4446036.924,657789.7026,7.7709923,1.2204559,1.0297289,28.064413,34.05847,31.641167,30.108376,25.650017,31.433245,30.539352,29.501305,30.63234,32.246986,40.68443,35.624702,39.05476,39.5535,40.773193,2.5488353,2.1618948,6.6570506,7.9494286,1384.8,45,0.080078125,0.2227975,0.003295898,10,20,0.44192716,0.3272877,0.24138801,0.27975446,0.3526514,0.82567066,0.69834304,17.584908,17.128477,13.972165,17.970528,15.843037,19.094799,18.620808,17.44041,21.47446,19.05827,18.588497,19.23815,18.25271,20.195446,20.492949,19.818584,20.492151,18.618834,16.799858,18.05665,17.172895,18.11983,15.672546,17.884323,18.469479,17.111008,17.105053,18.861826,17.581114,17.11174,15.829363,17.521332,19.13934,17.331568,15.776583,17.653952,14.559029,14.571734,14.3956175,16.267561,21.643322,18.450481,16.265087,18.910952,16.600016,19.978985,18.142384,18.764091,1.1250924,2.355365,7.30324,0.45243177,31.061443,30.986298,38.154564,17.173532,19.614353,17.847538,17.43851,16.203974,18.570175,42.17
4446036.924,657794.7026,7.502645,1.2176534,0.98251224,28.048666,34.051945,32.249046,30.227396,25.760368,31.413963,30.568474,29.302528,30.478317,32.360264,40.86629,35.809254,38.85089,39.597866,40.43241,2.5487647,2.1601596,6.681495,7.9448185,1384.78,45,-0.040039062,0.26359785,-0.002197266,25,20,0.44192716,0.3272877,0.24138801,0.27975446,0.3526514,0.82567066,0.69834304,18.102741,17.98553,15.77068,18.49312,16.208023,19.297754,18.486624,18.015722,21.216408,19.120026,17.885096,19.288073,17.82499,20.904999,20.005419,19.70404,20.265478,19.115963,17.315546,18.204569,18.437624,18.502752,16.810377,18.458546,19.49554,18.491047,17.232124,18.868166,17.654137,17.105394,16.123947,17.916033,19.224737,17.432194,15.843478,17.628542,15.237767,14.5333185,14.5524435,16.34582,20.34901,19.410784,19.543016,18.63863,17.042013,19.632172,18.250528,19.117159,1.1000829,2.3544621,7.313157,0.45243177,31.050304,30.991219,38.337772,17.763496,19.463573,18.3789,17.852907,16.350355,18.980879,42.17
4446036.924,657799.7026,6.712497,1.2149929,0.9395921,28.034145,34.04678,32.758976,30.195276,25.779839,31.337954,30.558765,29.082502,30.379627,32.500713,41.08788,36.002552,38.727848,39.716522,40.32915,2.5521872,2.1584625,6.696525,7.937438,1384.76,40.914383,-0.12011719,0.28459752,-0.006713867,25,20,0.44192716,0.3272877,0.24138801,0.27975446,0.3526514,0.82567066,0.69834304,18.102741,17.98553,15.77068,18.49312,16.208023,19.297754,18.486624,18.015722,21.216408,19.120026,17.885096,19.288073,17.82499,20.904999,20.005419,19.70404,20.265478,19.115963,17.315546,18.204569,18.437624,18.502752,16.810377,18.458546,19.49554,18.491047,17.232124,18.868166,17.654137,17.105394,16.123947,17.916033,19.224737,17.432194,15.843478,17.628542,15.237767,14.5333185,14.5524435,16.34582,20.34901,19.410784,19.543016,18.63863,17.042013,19.632172,18.250528,19.117159,1.0772924,2.3553247,7.3169813,0.45243177,31.040462,30.94836,38.545216,17.763496,19.463573,18.3789,17.852907,16.350355,18.980879,42.17
4446036.924,657804.7026,8.420518,1.2124047,0.8976739,28.028025,34.048073,32.995907,29.991879,25.71248,31.132597,30.47496,28.857132,30.198183,32.496372,41.34283,36.06875,38.78416,40.041237,40.533783,2.5554783,2.156771,6.6534667,7.9117746,1384.75,32.005383,0,0.27052557,-0.002197266,25,20,0.44192716,0.3272877,0.24138801,0.27975446,0.3526514,0.82567066,0.69834304,18.837091,16.617746,16.445498,18.311768,15.90797,19.28591,17.753452,17.851337,21.391369,19.737932,16.994425,19.498621,17.392485,21.290499,20.541111,19.867792,20.492579,17.919086,16.969393,19.445868,16.972284,16.882437,16.617405,18.0044,19.788464,19.338299,16.429825,19.22854,16.443544,17.23741,16.69096,17.91072,19.109587,17.861164,16.750353,18.03333,15.053699,16.372385,15.171641,16.963516,21.119467,16.702452,20.011013,19.026325,17.572996,17.396364,18.5006,18.642422,1.0550393,2.3561246,7.2826204,0.45243177,31.038048,30.80378,38.705788,17.594206,19.54949,17.899866,17.879578,16.90745,18.618458,42.17
4446036.924,657809.7026,19.878723,1.201738,0.85956776,27.857668,34.247272,33.02911,29.617521,25.402637,30.877626,30.244984,28.596165,30.01361,32.423103,41.610985,36.070744,39.047073,40.53064,40.98016,2.557778,2.1507883,6.5793056,7.878087,1384.74,25.016893,0,0.23733367,-0.001098633,50,20,0.44192716,0.3272877,0.24138801,0.27975446,0.3526514,0.82567066,0.69834304,18.759226,16.506573,16.6334,18.682253,16.216223,19.43047,18.308365,17.968315,21.734491,19.604603,17.57596,19.751276,17.344273,21.621098,21.25651,20.175938,20.48193,17.888195,17.026852,19.159689,16.544918,17.321842,17.852655,18.145153,20.193884,19.470617,17.47424,18.641481,17.158384,17.589725,17.081184,18.185879,18.396872,18.265745,17.278524,18.311432,16.881287,16.02569,14.917181,17.160995,20.769096,15.564634,18.789663,19.008791,19.76054,18.128145,18.445858,18.668953,1.0306529,2.354283,7.2286963,0.45243177,31.052471,30.561306,38.840866,17.79093,19.841173,18.039438,18.22993,17.153818,18.638105,42.17
4446036.924,657814.7026,24.645735,1.2001693,0.828146,27.852583,34.252842,32.991787,29.117676,25.177084,30.570068,30.073318,28.340519,29.91103,32.482952,41.92478,36.13733,39.304115,41.030434,41.540993,2.5674675,2.1488469,6.510129,7.842811,1384.73,4.3987045,-0.12011719,0.18694311,-0.006713867,25,20,0.4417699,0.31903172,0.23411357,0.27654135,0.34326345,0.82376,0.7168067,19.220776,16.91586,17.074097,19.059286,16.560345,19.867723,18.768063,18.389528,22.88763,21.238321,18.124115,21.044014,17.82119,21.918974,21.63725,21.00288,22.520449,19.497705,18.41403,20.485157,17.897873,18.275326,18.55073,19.453411,23.096214,20.040197,19.316181,20.628916,18.737225,19.205599,17.962074,19.850735,17.797596,17.702528,16.396366,17.417902,16.19231,15.456807,14.264226,16.465765,20.769096,15.564634,18.789663,19.008791,19.76054,18.128145,18.445858,18.668953,1.0141577,2.3581572,7.17647,0.4507552,31.052711,30.321693,39.031055,18.209452,20.667356,19.377325,19.855204,16.461105,18.638105,42.17
4446036.924,657819.7026,25.721111,1.1984545,0.80392224,27.846718,34.25765,32.885994,28.528795,24.91493,30.26875,29.890463,28.078028,29.875399,32.61419,42.241024,36.250454,39.606205,41.54751,42.16223,2.5796604,2.1469486,6.453569,7.8103843,1384.74,344.74487,0.080078125,0.16347715,0.003295898,25,20,0.4417699,0.31903172,0.23411357,0.27654135,0.34326345,0.82376,0.7168067,19.039297,17.111729,16.64433,18.776834,15.280177,19.72175,18.073677,17.963076,21.75192,19.56409,18.11665,19.926355,17.084152,21.467224,20.530111,20.092733,20.379595,18.08015,17.683472,19.513287,16.28528,17.19087,17.788435,18.175898,19.991825,19.16175,18.221386,18.864397,17.953953,16.839804,18.049053,18.382843,18.611614,18.419353,17.182299,18.271002,18.200768,16.233427,17.558,17.731161,20.754982,16.628273,18.934351,18.919247,19.779062,18.516949,19.379019,19.005901,1.0011884,2.3633046,7.1319766,0.4507552,31.052183,30.079605,39.24574,17.806828,19.777216,18.131586,18.44031,17.782352,18.98741,42.17
4446036.924,657824.7026,25.51621,1.195615,0.78296936,27.834284,33.999977,32.581768,27.863901,24.248335,30.002316,29.507843,27.880861,29.897259,32.73896,42.531315,36.65642,40.25162,42.13629,42.81558,2.587451,2.1381066,6.4122586,7.790755,1384.74,330.9454,-0.040039062,0.14761773,-0.002197266,25,20,0.4417699,0.31903172,0.23411357,0.27654135,0.34326345,0.82376,0.7168067,19.327747,17.790342,15.327275,18.236382,16.562187,20.437765,18.602982,18.200874,21.02326,19.788877,17.953217,20.923443,17.409443,20.912497,20.945705,20.173086,21.146599,17.968708,18.401295,19.477665,16.943405,18.756124,18.296326,18.819077,19.19932,19.089878,18.537031,19.562717,18.10276,17.461489,17.716282,18.492289,18.248154,18.427853,15.832194,18.965494,17.458534,16.515911,17.226385,17.52383,20.253813,18.392221,18.034288,19.453346,20.244087,17.345171,19.39982,18.97405,0.9892922,2.3627787,7.1015067,0.4507552,30.91713,29.75508,39.59387,18.040668,19.85092,18.712873,18.524212,17.524931,19.017534,42.17
4446036.924,657829.7026,21.231308,1.1821445,0.77234447,28.022036,33.806202,32.163548,27.276876,24.158167,29.799835,29.097979,27.69088,29.927454,32.825706,42.673058,37.055794,40.781498,42.61218,43.465305,2.5649354,2.1619344,6.398939,7.782664,1384.75,330.9454,0.040039062,0.14761773,0.002197266,25,20,0.4417699,0.31903172,0.23411357,0.27654135,0.34326345,0.82376,0.7168067,19.327747,17.790342,15.327275,18.236382,16.562187,20.437765,18.602982,18.200874,21.02326,19.788877,17.953217,20.923443,17.409443,20.912497,20.945705,20.173086,21.146599,17.968708,18.401295,19.477665,16.943405,18.756124,18.296326,18.819077,19.19932,19.089878,18.537031,19.562717,18.10276,17.461489,17.716282,18.492289,18.248154,18.427853,15.832194,18.965494,17.458534,16.515911,17.226385,17.52383,20.253813,18.392221,18.034288,19.453346,20.244087,17.345171,19.39982,18.97405,0.9772445,2.3634348,7.0908012,0.4507552,30.91412,29.448906,39.864426,18.040668,19.85092,18.712873,18.524212,17.524931,19.017534,42.17
4446036.924,657834.7026,23.955532,1.1784405,0.7719913,28.023418,33.80449,31.503187,26.779629,23.932579,29.754366,29.047138,27.7407,29.97331,32.78169,42.648014,37.134163,41.205456,43.000515,43.957874,2.5541587,2.1601312,6.413955,7.7886705,1384.75,348.69006,-0.040039062,0.14621848,-0.003295898,25,20,0.4417699,0.31903172,0.23411357,0.27654135,0.34326345,0.82376,0.7168067,18.515762,16.955053,14.272441,18.588728,16.33283,18.898977,18.033323,17.591742,21.556934,19.621906,18.545258,20.550142,17.499245,20.315653,20.933308,20.18566,21.327978,18.76543,17.345142,18.468489,17.153542,18.870499,18.387257,18.724129,19.118832,18.370268,16.782232,18.861643,18.24091,17.66524,18.130514,18.138008,18.385113,18.730642,16.8259,17.57199,18.141684,15.968404,16.761091,17.478737,20.928001,19.267984,18.066109,18.53301,18.879871,18.753443,19.018633,19.14023,0.9752159,2.3571448,7.1013126,0.4507552,30.913954,29.400753,39.89109,17.371017,19.86035,18.616903,18.167091,17.483547,19.063864,42.17
4446036.924,657839.7026,19.671255,1.171019,0.7764996,28.093826,33.343212,30.621195,26.336077,23.831825,29.830875,29.18281,27.97992,30.013079,32.634018,42.43908,37.291954,41.645973,43.379482,44.370937,2.5283656,2.1382446,6.458467,7.815365,1384.75,341.56506,-0.12011719,0.13602132,-0.006713867,25,20,0.4417699,0.31903172,0.23411357,0.27654135,0.34326345,0.82376,0.7168067,17.979,17.651714,14.363424,18.610926,17.222319,19.231287,17.901606,17.633718,23.10925,19.63316,18.911533,19.823683,17.131435,21.184706,20.725054,20.4314,21.64129,17.5454,16.960514,17.392242,19.697092,18.706034,18.215746,18.613354,20.98804,18.979837,16.646885,18.223577,18.67725,18.492807,18.328726,18.599173,18.813528,17.813408,15.833563,17.3387,17.721819,15.813438,15.968436,17.006975,20.46922,17.656614,17.836767,16.212227,17.52336,18.856745,18.907919,18.334854,0.9737593,2.3333051,7.136916,0.4507552,30.71852,29.506844,39.865517,17.565754,20.074116,18.594044,18.619589,17.04327,18.208979,42.17
4446036.924,657844.7026,21.347044,1.1672275,0.7907526,27.93337,33.140034,29.636513,25.904036,23.912271,29.907993,29.4748,28.167267,30.054123,32.43279,42.229164,37.27014,42.068737,43.686935,44.805748,2.5022979,2.1213212,6.5097823,7.839245,1384.76,341.56506,0.040039062,0.13602132,0,25,20,0.44145235,0.3264026,0.24245547,0.27615798,0.3492549,0.8235812,0.71498764,17.979,17.651714,14.363424,18.610926,17.222319,19.231287,17.901606,17.633718,23.10925,19.63316,18.911533,19.823683,17.131435,21.184706,20.725054,20.4314,21.64129,17.5454,16.960514,17.392242,19.697092,18.706034,18.215746,18.613354,20.98804,18.979837,16.646885,18.223577,18.67725,18.492807,18.328726,18.599173,18.813528,17.813408,15.833563,17.3387,17.721819,15.813438,15.968436,17.006975,20.46922,17.656614,17.836767,16.212227,17.52336,18.856745,18.907919,18.334854,0.9789901,2.3118095,7.174514,0.4534703,30.536701,29.691397,39.749653,17.565754,20.074116,18.594044,18.619589,17.04327,18.208979,42.17
4446036.924,657849.7026,27.894653,1.1621715,0.8035711,27.948967,33.13586,28.486671,25.406477,23.711834,29.93189,29.46443,28.357767,30.104,32.205704,42.037754,37.356003,42.723377,44.08139,45.275486,2.4747975,2.1204045,6.560346,7.86868,1384.76,344.74487,-0.080078125,0.16347715,-0.003295898,25,20,0.44145235,0.3264026,0.24245547,0.27615798,0.3492549,0.8235812,0.71498764,18.219326,17.473064,14.536375,18.774624,16.886532,19.70954,18.175335,17.83681,22.484453,19.787943,18.935053,19.395601,17.701183,21.014591,20.841036,20.336517,21.128672,17.439217,17.00441,17.764238,16.508497,18.40032,18.43258,18.23488,21.092388,19.590775,17.432896,18.591337,18.04859,18.096434,17.515635,18.591074,19.686115,17.944271,15.573778,16.22652,16.464182,15.761862,16.314772,16.783453,21.495106,16.708187,17.318714,18.843164,17.53804,16.036407,19.21886,18.101215,0.9828713,2.297601,7.214513,0.4534703,30.542414,29.69816,39.696877,17.682114,20.022837,18.096848,18.624008,16.853071,18.165497,42.17
4446036.924,657854.7026,17.466442,1.156896,0.81485516,27.96675,33.132103,27.17078,24.83387,23.482058,29.856283,29.43762,28.507563,30.159557,32.002613,41.92569,37.448383,43.529736,44.546326,45.78418,2.4435086,2.119548,6.602312,7.89785,1384.77,341.56506,0.080078125,0.1813615,0.002197266,50,20,0.44145235,0.3264026,0.24245547,0.27615798,0.3492549,0.8235812,0.71498764,18.313225,17.750706,15.489143,18.795153,16.741795,19.769588,17.450811,17.891409,22.089396,20.358288,18.100723,19.433443,17.063828,20.79819,20.82001,20.153423,22.021305,19.072227,17.694057,17.386644,19.668715,18.490948,17.539541,18.785097,20.769047,19.766756,18.368656,18.299175,19.259077,19.237848,17.029245,18.937666,18.603067,17.588173,15.633298,16.238409,16.767317,16.623775,15.866272,16.804592,20.451515,16.99384,18.728888,18.686472,18.481113,18.262022,19.412018,18.581387,0.9858756,2.2815285,7.250081,0.4534703,30.549427,29.646952,39.687035,17.758633,19.809126,18.839062,18.961401,16.760044,18.716553,42.17
4446036.924,657859.7026,17.801567,1.1580915,0.8292101,27.860481,32.35437,25.655333,24.160568,23.142916,29.855747,30.26643,29.117958,30.334925,31.871157,41.753536,37.14692,44.125385,44.87307,46.230564,2.418026,2.104427,6.632541,7.9301243,1384.77,333.43494,-0.080078125,0.19236283,-0.004394531,50,20,0.44145235,0.3264026,0.24245547,0.27615798,0.3492549,0.8235812,0.71498764,18.313225,17.750706,15.489143,18.795153,16.741795,19.769588,17.450811,17.891409,22.089396,20.358288,18.100723,19.433443,17.063828,20.79819,20.82001,20.153423,22.021305,19.072227,17.694057,17.386644,19.668715,18.490948,17.539541,18.785097,20.769047,19.766756,18.368656,18.299175,19.259077,19.237848,17.029245,18.937666,18.603067,17.588173,15.633298,16.238409,16.767317,16.623775,15.866272,16.804592,20.451515,16.99384,18.728888,18.686472,18.481113,18.262022,19.412018,18.581387,0.9936508,2.2612267,7.281333,0.4534703,30.107426,30.061089,39.450226,17.758633,19.809126,18.839062,18.961401,16.760044,18.716553,42.17
4446036.924,657864.7026,14.213679,1.1543235,0.9313186,27.856838,32.341427,25.220297,24.000467,23.089577,30.45591,30.42316,29.510607,30.67737,31.651436,41.20249,37.27105,44.113247,44.671837,46.38626,2.3842385,2.1030881,6.695619,7.9758115,1384.78,338.9625,0,0.1997035,-0.001098633,25,20,0.44145235,0.3264026,0.24245547,0.27615798,0.3492549,0.8235812,0.71498764,18.611761,17.885687,16.06566,18.795599,16.56293,19.91179,17.841013,18.095001,21.796871,19.629572,18.581923,19.462997,16.933458,20.175383,20.962337,19.951311,22.036747,18.196938,17.503359,18.949661,19.493214,19.309788,17.354507,18.997358,21.419987,19.127415,18.031641,19.1028,19.000324,18.568895,17.234316,18.911901,19.180563,17.696798,15.968313,17.584436,17.084356,17.095644,15.548187,17.305014,20.575315,18.188066,18.72195,19.25093,18.645372,18.030228,18.927744,18.837173,1.042821,2.2436633,7.3357153,0.4534703,30.099133,30.439535,39.23677,17.953491,19.648935,18.977743,18.926481,17.16547,18.905659,42.17
4446036.924,657869.7026,8.092907,1.156689,1.0582951,27.845465,31.807844,24.990719,23.925499,23.086502,31.133778,30.493551,29.889212,31.161692,31.424011,40.634903,37.710205,44.005432,44.081882,46.429333,2.368584,2.0815716,6.7574472,8.026432,1384.78,341.59302,-0.12011719,0.2264803,-0.008911133,25,20,0.44145235,0.3264026,0.24245547,0.27615798,0.3492549,0.8235812,0.71498764,19.106913,16.72993,15.600873,19.063662,16.622551,19.854794,18.183332,18.11385,22.18266,19.31125,18.712032,20.509481,17.514767,20.4319,20.816885,20.211903,21.193718,18.351799,16.719696,20.004538,18.454472,18.607046,18.29385,18.970526,20.484802,20.135452,18.195328,19.923681,18.975473,18.566067,16.167166,19.064821,19.782772,18.777468,16.489628,18.588615,17.288864,16.809568,15.6332035,17.787676,20.32627,18.15301,17.025644,19.485218,18.385252,16.7564,19.08633,18.436558,1.1074921,2.2250776,7.3919396,0.4534703,29.826654,30.813663,39.172554,17.880295,19.925568,18.803589,18.921139,17.624304,18.459732,42.17
4446036.924,657874.7026,10.123956,1.1537066,1.1765931,27.777445,31.214888,24.571346,23.760637,22.351845,31.945436,31.55296,30.60416,31.684023,31.301401,39.933296,37.377316,43.783894,43.706837,46.515907,2.3302016,2.0825737,6.804069,8.075471,1384.79,345.97406,-0.03955078,0.23591462,-0.003295898,25,20,0.45299396,0.32698172,0.24492033,0.27784446,0.35848206,0.82559055,0.6889477,19.106913,16.72993,15.600873,19.063662,16.622551,19.854794,18.183332,18.11385,22.18266,19.31125,18.712032,20.509481,17.514767,20.4319,20.816885,20.211903,21.193718,18.351799,16.719696,20.004538,18.454472,18.607046,18.29385,18.970526,20.484802,20.135452,18.195328,19.923681,18.975473,18.566067,16.167166,19.064821,19.782772,18.777468,16.489628,18.588615,17.288864,16.809568,15.6332035,17.787676,20.32627,18.15301,17.025644,19.485218,18.385252,16.7564,19.08633,18.436558,1.1651498,2.2063875,7.4397697,0.4536801,29.496166,31.749199,38.655304,17.880295,19.925568,18.803589,18.921139,17.624304,18.459732,42.17
4446036.924,657879.7026,8.410162,1.1496964,1.2859643,27.77127,31.201954,24.11478,23.579435,22.307022,32.535816,31.799797,31.025404,32.222237,31.313585,39.421627,37.375233,43.77454,43.382637,46.54488,2.2917676,2.0815692,6.834958,8.118393,1384.79,0,-0.079589844,0.2287063,-0.006591797,10,20,0.45299396,0.32698172,0.24492033,0.27784446,0.35848206,0.82559055,0.6889477,19.15246,16.57214,17.241413,18.538198,16.51868,19.953587,18.14118,18.25529,22.714651,19.377995,18.54399,20.430378,18.310337,20.597168,21.136507,20.432268,20.00313,18.197292,16.55701,20.049934,17.568218,17.839628,19.324068,18.74416,19.759909,19.106384,18.482237,19.494333,19.558302,17.432613,17.14469,18.773645,19.03241,18.053873,16.505116,18.177965,16.75042,15.682976,17.117008,17.403555,20.423931,18.843807,17.864956,19.273272,15.673419,18.432234,19.732906,18.751556,1.2178303,2.1866684,7.4766755,0.4536801,29.486612,32.16781,38.39843,18.016808,20.158718,18.505613,18.71121,17.331394,18.60636,42.17
4446036.924,657884.7026,11.7335615,1.161641,1.3860493,27.706072,31.396523,23.702597,23.40224,22.326574,33.10132,31.99983,31.40583,32.83325,31.49516,38.934753,37.249664,43.80061,42.987312,46.407005,2.268548,2.0896306,6.865217,8.152548,1384.79,3.7768812,-0.079589844,0.2150104,-0.005493164,10,20,0.45299396,0.32698172,0.24492033,0.27784446,0.35848206,0.82559055,0.6889477,19.23209,17.281137,17.688892,18.627573,14.956116,18.755962,17.927452,18.02215,21.999805,20.160355,18.429394,20.767412,17.69906,20.413288,20.588318,20.298693,20.56882,18.262417,17.71537,19.347944,16.337288,18.336214,18.331425,18.550854,20.394783,19.342413,18.540888,18.94332,17.804718,17.890541,18.036182,18.755308,19.503595,18.069382,15.183322,17.92957,17.531557,15.910048,16.626215,17.28646,20.570332,18.466393,17.024582,20.122921,18.228676,19.535929,19.764557,19.169203,1.2738452,2.1790893,7.5088825,0.4536801,29.551296,32.550575,38.09221,17.781319,20.008234,18.414211,18.70755,17.250526,19.101912,42.17
4446036.924,657889.7026,16.010717,1.161375,1.47157,27.697529,31.385487,23.35598,23.21878,22.320951,33.7955,32.298653,31.906433,33.562897,31.980263,38.293423,37.0967,43.61739,42.515247,45.960827,2.2463145,2.0898151,6.8975835,8.182814,1384.79,29.728739,0.040039062,0.23095241,0.001098633,25,20,0.45299396,0.32698172,0.24492033,0.27784446,0.35848206,0.82559055,0.6889477,19.23209,17.281137,17.688892,18.627573,14.956116,18.755962,17.927452,18.02215,21.999805,20.160355,18.429394,20.767412,17.69906,20.413288,20.588318,20.298693,20.56882,18.262417,17.71537,19.347944,16.337288,18.336214,18.331425,18.550854,20.394783,19.342413,18.540888,18.94332,17.804718,17.890541,18.036182,18.755308,19.503595,18.069382,15.183322,17.92957,17.531557,15.910048,16.626215,17.28646,20.570332,18.466393,17.024582,20.122921,18.228676,19.535929,19.764557,19.169203,1.3164725,2.1680648,7.5401983,0.4536801,29.541508,33.047077,37.69506,17.781319,20.008234,18.414211,18.70755,17.250526,19.101912,42.17
4446036.924,657894.7026,18.066553,1.1585336,1.5455035,27.518732,31.188932,23.15159,23.040226,22.238464,34.58635,32.614044,32.51695,34.407597,32.835754,37.55563,36.910812,43.363773,42.06242,45.12808,2.243549,2.1010466,6.9363747,8.196371,1384.77,51.34019,-0.040039062,0.36722523,-0.001098633,25,20,0.45299396,0.32698172,0.24492033,0.27784446,0.35848206,0.82559055,0.6889477,18.608215,17.509813,16.1162,19.442299,15.456164,18.246855,18.250574,17.84328,20.662357,20.057041,18.334257,21.906267,17.14597,20.38351,21.215044,20.296955,20.804037,18.302296,17.492666,19.293386,16.720205,16.889507,17.750269,18.34193,19.106876,19.033716,18.50655,19.420488,16.553623,17.745386,17.981367,18.443695,20.07568,17.93842,18.257318,18.760643,18.644724,16.267088,15.371607,18.027546,21.403782,18.288197,19.219456,20.614962,19.94305,17.798466,19.069508,19.530926,1.3520186,2.172298,7.566373,0.4536801,29.353832,33.600197,37.233223,17.661446,19.957779,18.178911,18.33543,17.90221,19.476774,42.17
4446036.924,657899.7026,14.4586525,1.179497,1.6046858,27.45455,31.639776,23.102861,22.94119,22.274435,35.495766,32.907116,33.228245,35.250626,33.949326,36.680202,36.373688,42.661716,41.585854,44.097206,2.2499795,2.1037598,6.9874206,8.209254,1384.74,56.774105,0,0.49683976,-0.001098633,25,20,0.45299396,0.32698172,0.24492033,0.27784446,0.35848206,0.82559055,0.6889477,18.608215,17.509813,16.1162,19.442299,15.456164,18.246855,18.250574,17.84328,20.662357,20.057041,18.334257,21.906267,17.14597,20.38351,21.215044,20.296955,20.804037,18.302296,17.492666,19.293386,16.720205,16.889507,17.750269,18.34193,19.106876,19.033716,18.50655,19.420488,16.553623,17.745386,17.981367,18.443695,20.07568,17.93842,18.257318,18.760643,18.644724,16.267088,15.371607,18.027546,21.403782,18.288197,19.219456,20.614962,19.94305,17.798466,19.069508,19.530926,1.3920914,2.1768696,7.598337,0.4536801,29.547163,34.20144,36.526947,17.661446,19.957779,18.178911,18.33543,17.90221,19.476774,42.17
4446036.924,657904.7026,14.9711485,1.1844093,1.6544967,27.441439,31.632307,23.10979,22.820599,22.32543,36.47827,33.3166,33.95965,36.26029,35.283722,35.759327,35.926464,41.95236,40.84021,42.73753,2.2669947,2.1037316,7.034769,8.215167,1384.7,61.501713,-0.000976563,0.57020235,-0.001220703,25,20,0.44996914,0.33211008,0.25004017,0.28470957,0.38693386,0.84786874,0.7940837,19.328777,19.418772,15.501289,18.870207,16.078182,19.378016,19.242874,18.499132,22.093111,20.816778,19.204475,22.199455,17.08116,21.24245,21.65295,20.955023,23.28001,21.484915,19.45266,20.06658,18.545872,19.45483,18.584507,20.277346,21.81353,21.82672,20.39681,20.533308,18.675518,19.627459,18.647064,20.360865,21.246527,18.901953,18.108633,18.387354,19.553707,16.784067,16.419924,18.485062,20.712097,20.492702,18.577824,20.225052,20.992397,18.849821,18.710388,19.953527,1.4194529,2.1853633,7.624968,0.4779593,29.536873,34.897438,35.842896,18.259731,20.612913,20.124195,20.217203,18.486023,19.794327,42.17
4446036.924,657909.7026,15.294114,1.1780351,1.69859,27.438282,30.326,23.157764,22.67353,22.361586,37.54946,34.75904,34.852917,37.393806,36.755272,34.76741,35.338905,41.142715,39.866135,41.19586,2.27755,2.0948884,7.0794206,8.226963,1384.65,68.42608,-0.03955078,0.6623831,-0.002197266,25,20,0.44996914,0.33211008,0.25004017,0.28470957,0.38693386,0.84786874,0.7940837,18.405317,18.840956,15.413818,19.130579,15.954196,19.944843,18.853395,18.38067,22.747614,19.829563,17.414448,20.647415,16.923504,19.783525,19.129974,19.773142,21.775358,21.367996,21.692593,19.901312,17.050169,19.1564,17.140211,19.876562,21.808475,21.79694,20.651613,20.008142,18.126686,17.943592,18.461504,19.807535,18.547974,19.643728,17.635153,19.336523,18.156988,16.141823,17.506023,18.135948,17.451475,18.101376,17.817953,17.279663,16.63096,16.588144,16.541767,17.284607,1.4383125,2.1862192,7.6531916,0.4779593,28.882141,36.15425,35.053158,18.077587,19.496578,19.726292,19.828136,18.138317,17.201618,42.17
4446036.924,657914.7026,14.081286,1.1886585,1.7346652,27.374517,29.475103,23.263508,22.574402,22.43746,38.458652,35.232155,35.414085,38.412216,38.179104,33.951473,35.20405,40.38809,39.06142,39.72352,2.3068783,2.1104615,7.113455,8.22179,1384.59,70.88988,-0.040527344,0.7882666,-0.003417969,25,20,0.44996914,0.33211008,0.25004017,0.28470957,0.38693386,0.84786874,0.7940837,18.405317,18.840956,15.413818,19.130579,15.954196,19.944843,18.853395,18.38067,22.747614,19.829563,17.414448,20.647415,16.923504,19.783525,19.129974,19.773142,21.775358,21.367996,21.692593,19.901312,17.050169,19.1564,17.140211,19.876562,21.808475,21.79694,20.651613,20.008142,18.126686,17.943592,18.461504,19.807535,18.547974,19.643728,17.635153,19.336523,18.156988,16.141823,17.506023,18.135948,17.451475,18.101376,17.817953,17.279663,16.63096,16.588144,16.541767,17.284607,1.4616618,2.20867,7.6676226,0.4779593,28.42481,36.845406,34.57776,18.077587,19.496578,19.726292,19.828136,18.138317,17.201618,42.17
4446031.924,657759.7026,6.1017423,1.2390703,1.2567866,28.363068,34.33125,28.864338,28.244219,24.995016,31.382244,30.636627,30.04488,32.221252,33.34036,39.996212,35.028275,40.018852,39.664066,42.9891,2.5692673,2.1628404,6.542191,7.9701257,1384.87,54.462322,-0.040039062,0.12333938,0,10,20,0.46679598,0.32714584,0.24061948,0.2793939,0.35997942,0.82645077,0.6873623,18.623875,16.550123,15.953264,19.059395,16.185566,20.03181,19.40926,18.19407,16.935598,15.57634,14.568059,15.922221,14.216973,17.018633,17.612667,16.29698,20.627504,16.718746,17.140318,16.755331,16.376303,18.31976,18.114481,17.931322,21.069475,17.653873,17.807772,16.835625,17.135782,16.65582,18.505178,17.926353,19.546156,19.157406,15.676935,17.282461,14.782731,15.494084,16.717169,17.009441,19.660992,16.43546,16.995102,18.277523,17.461077,17.803814,18.246338,17.994884,1.2479284,2.3660538,7.2561584,0.45539257,31.347158,31.009436,37.512245,17.973328,15.978642,17.721779,17.951933,16.950993,17.840044,42.17
4446031.924,657764.7026,5.5230994,1.2367871,1.2578788,28.297504,34.398987,28.9259,28.548641,25.080786,31.265162,30.403242,30.079742,32.06081,32.72194,40.193256,35.169582,40.030556,39.546574,43.22459,2.5701404,2.1577282,6.5609646,7.96363,1384.86,45,0,0.16221477,-0.002197266,10,20,0.46679598,0.32714584,0.24061948,0.2793939,0.35997942,0.82645077,0.6873623,19.298668,16.99971,14.851713,19.790112,15.946449,20.481815,19.218111,18.38452,16.933317,16.190569,14.293409,16.673689,13.919838,17.051027,18.247007,16.580517,18.924536,18.15286,15.867871,18.596338,15.923882,18.031843,17.151812,17.765774,20.42515,17.990353,16.285376,17.217005,15.919652,17.754608,17.572216,17.69047,19.951334,19.85553,16.636414,16.255007,15.513556,15.580751,16.653297,17.236444,19.28466,16.938053,18.008621,18.926966,16.478367,17.832403,18.822466,18.189108,1.2473329,2.3639343,7.2622976,0.45539257,31.348246,30.834202,37.68142,18.083797,16.18698,17.521305,17.59491,17.206554,18.041649,42.17
4446031.924,657769.7026,4.615915,1.2331057,1.2477309,28.29203,34.397686,29.105745,28.670647,25.135689,31.246239,30.390556,30.034697,31.954765,32.23551,40.26782,35.2324,39.98894,39.544838,43.37983,2.5642607,2.1570303,6.5849905,7.969627,1384.85,32.47119,-0.040039062,0.18694311,-0.002197266,10,20,0.46679598,0.32714584,0.24061948,0.2793939,0.35997942,0.82645077,0.6873623,18.989925,16.798513,14.577173,19.572546,15.728885,20.180315,18.918562,18.123247,16.908821,16.182064,14.2764,16.663057,13.909206,17.027454,18.22878,16.564127,18.763086,18.090113,15.747012,18.539965,15.854349,17.86188,16.955746,17.643415,20.412186,17.990353,16.282593,17.217005,15.919652,17.754608,17.572216,17.688341,19.976276,19.876211,16.653555,16.289476,15.513556,15.61334,16.708326,17.267092,19.568737,17.050854,18.094671,19.05878,16.600426,18.021265,18.99908,18.35529,1.2404182,2.3606455,7.2773085,0.45539257,31.344858,30.818398,37.750107,17.823702,16.170826,17.401735,17.59266,17.232964,18.199116,42.17
4446031.924,657774.7026,4.627198,1.2296585,1.2186989,28.284046,34.394638,29.426142,28.819046,25.238728,31.26754,30.424112,29.953514,31.787867,32.042004,40.327164,35.28839,39.878223,39.574013,43.171562,2.5553672,2.155943,6.598985,7.9691143,1384.84,33.690067,-0.040039062,0.20678371,-0.003295898,10,20,0.46679598,0.32714584,0.24061948,0.2793939,0.35997942,0.82645077,0.6873623,19.596151,16.613638,15.52354,18.714697,16.616066,18.877392,18.567352,17.96821,17.674185,15.806086,14.698033,16.827452,14.656704,16.251162,18.119734,16.622234,17.635406,18.112698,15.5134945,18.571627,17.321644,17.148586,16.9652,17.472284,18.358454,16.887218,16.145836,18.559404,18.210989,17.040424,17.343557,17.476034,19.858028,18.938923,16.590027,16.09215,14.743626,15.22063,16.304485,16.835442,18.943323,18.73161,19.094828,19.831217,18.590084,18.050636,18.862411,18.946278,1.2241787,2.3556552,7.28405,0.45539257,31.339342,30.845825,37.807777,17.786976,16.29048,17.324093,17.506556,16.821123,18.872013,42.17
4446031.924,657779.7026,5.652195,1.2216439,1.1711493,28.099905,34.06506,29.795786,28.939247,24.973888,31.372948,30.463217,29.88037,31.58363,32.082253,40.35737,35.497337,39.93021,39.730324,42.71115,2.5441961,2.1681752,6.61866,7.9738436,1384.83,33.676613,-0.040039062,0.20654124,-0.003295898,10,20,0.46679598,0.32714584,0.24061948,0.2793939,0.35997942,0.82645077,0.6873623,20.246777,16.378765,14.9435625,18.13698,16.751719,18.395678,18.37517,17.745392,19.689241,15.646319,14.607303,16.48728,14.964767,17.775682,18.22925,17.05799,19.125683,16.552435,16.676651,18.180779,18.338923,15.944979,17.552826,17.479828,17.439793,17.091784,16.223263,17.754114,18.84065,16.166452,16.735224,17.118877,19.06276,17.99986,16.212526,16.28417,14.683662,15.408433,16.270714,16.597193,19.853344,17.626833,18.810574,20.31695,19.914164,18.60625,18.987122,19.08694,1.1963966,2.3561857,7.296252,0.45539257,31.082481,30.918083,37.927353,17.604092,16.771406,17.481752,17.178755,16.560305,19.159319,42.17
4446031.924,657784.7026,11.492102,1.2184459,1.118403,28.08658,34.0593,30.342772,29.105686,25.12451,31.429068,30.538364,29.751423,31.357021,32.194675,40.439827,35.579487,39.704712,39.795525,42.21045,2.5337865,2.166579,6.634122,7.968579,1384.82,33.649612,-0.041015625,0.20605634,-0.003417969,10,20,0.44192716,0.3272877,0.24138801,0.27975446,0.3526514,0.82567066,0.69834304,20.246777,16.378765,14.9435625,18.13698,16.751719,18.395678,18.37517,17.745392,19.689241,15.646319,14.607303,16.48728,14.964767,17.775682,18.22925,17.05799,19.125683,16.552435,16.676651,18.180779,18.338923,15.944979,17.552826,17.479828,17.439793,17.091784,16.223263,17.754114,18.84065,16.166452,16.735224,17.118877,19.06276,17.99986,16.212526,16.28417,14.683662,15.408433,16.270714,16.597193,19.853344,17.626833,18.810574,20.31695,19.914164,18.60625,18.987122,19.08694,1.1684244,2.3501828,7.3013506,0.45243177,31.07294,30.983715,38.00966,17.604092,16.771406,17.481752,17.178755,16.560305,19.159319,42.17
4446031.924,657789.7026,9.389607,1.2154032,1.0653105,28.07052,34.05253,30.934105,29.224483,25.24298,31.478098,30.605743,29.601183,31.180492,32.377483,40.559677,35.712124,39.470505,39.85862,41.775078,2.5264254,2.1649344,6.6629453,7.966259,1384.81,29.755667,-0.0390625,0.23041023,-0.003295898,10,20,0.44192716,0.3272877,0.24138801,0.27975446,0.3526514,0.82567066,0.69834304,19.412964,16.562195,13.684866,18.462164,15.848181,19.078825,17.884241,17.454853,19.361523,15.767792,14.610083,16.238377,15.354565,17.38721,17.427464,16.83287,20.056965,17.596481,16.344463,17.803156,18.33189,16.185705,17.016424,17.655252,18.836323,16.80642,15.851338,16.882627,17.587498,15.520799,16.277231,16.804483,19.0879,18.03986,16.372364,18.159037,14.579483,15.322486,16.030094,16.868948,21.070772,18.813086,16.930714,18.975525,17.869427,17.920622,18.77835,18.649502,1.1403568,2.3456798,7.314602,0.45243177,31.061523,31.04192,38.135902,17.276205,16.592428,17.619297,16.823175,16.798748,18.622644,42.17
4446031.924,657794.7026,8.714895,1.2125548,1.016738,28.05082,34.043762,31.559576,29.260555,25.303768,31.519169,30.661926,29.422668,31.119654,32.683197,40.72613,35.937077,39.238926,39.892376,41.44127,2.5249295,2.1632895,6.713871,7.970493,1384.8,25.403206,-0.03955078,0.3008031,-0.002197266,10,20,0.44192716,0.3272877,0.24138801,0.27975446,0.3526514,0.82567066,0.69834304,18.89247,16.772594,13.724505,18.695219,15.675316,19.449434,17.729462,17.435658,22.060902,18.725084,18.072947,19.291025,18.030909,20.38312,20.88923,19.945063,20.090555,18.003,15.848264,18.016695,16.48984,18.178364,16.342924,17.677351,18.996845,16.52533,15.675446,17.2033,17.596088,17.262096,16.341694,17.174719,19.206121,16.92182,15.600866,16.830948,14.972021,16.030018,15.365255,16.47689,21.175728,18.431067,17.012213,19.103308,15.91136,17.520758,18.925356,18.418808,1.1146464,2.3441095,7.342182,0.45243177,31.04729,31.090548,38.331604,17.276999,19.636173,17.567091,17.085829,16.41815,18.297115,42.17
4446031.924,657799.7026,7.7085934,1.2099313,0.97646683,28.021444,34.02818,32.29939,29.185347,25.2789,31.596348,30.731594,29.19661,31.299007,33.255844,40.947243,36.385605,38.9611,39.79782,41.173557,2.5331087,2.161678,6.816323,7.9932694,1384.79,28.62606,0.040527344,0.35875866,0.001098633,25,20,0.44192716,0.3272877,0.24138801,0.27975446,0.3526514,0.82567066,0.69834304,18.89247,16.772594,13.724505,18.695219,15.675316,19.449434,17.729462,17.435658,22.060902,18.725084,18.072947,19.291025,18.030909,20.38312,20.88923,19.945063,20.090555,18.003,15.848264,18.016695,16.48984,18.178364,16.342924,17.677351,18.996845,16.52533,15.675446,17.2033,17.596088,17.262096,16.341694,17.174719,19.206121,16.92182,15.600866,16.830948,14.972021,16.030018,15.365255,16.47689,21.175728,18.431067,17.012213,19.103308,15.91136,17.520758,18.925356,18.418808,1.093199,2.3473935,7.404796,0.45243177,31.02481,31.16397,38.666424,17.276999,19.636173,17.567091,17.085829,16.41815,18.297115,42.17
4446031.924,657804.7026,8.999628,1.1997877,0.9258329,27.861656,34.2307,32.26664,29.000734,25.108969,31.319614,30.524372,29.011702,30.892267,32.99147,41.188618,36.200966,39.202892,40.32898,41.410583,2.5274422,2.1560776,6.7125683,7.9483824,1384.77,30.953474,-0.080078125,0.3341715,-0.004394531,25,20,0.44192716,0.3272877,0.24138801,0.27975446,0.3526514,0.82567066,0.69834304,18.467678,17.818777,15.235349,18.74881,15.094066,19.480198,18.306242,17.89562,22.587929,19.351654,17.945293,19.241999,17.780935,20.509455,21.212128,20.077793,20.364313,18.849577,15.714796,18.951677,16.093817,18.113325,16.481798,17.998407,20.21638,18.608803,15.77782,18.59516,16.891146,17.761868,16.884327,17.848742,19.958603,17.703053,14.958534,16.925581,14.75346,16.894564,15.321143,16.75904,23.300522,18.94851,19.556562,18.055595,17.39526,18.650518,19.325893,19.279753,1.0628103,2.34176,7.3304753,0.45243177,31.046179,30.921993,38.694794,17.593018,19.8042,17.795614,17.819355,16.64499,19.318981,42.17
4446031.924,657809.7026,20.44428,1.198099,0.8802075,27.86117,34.24103,32.139233,28.7042,24.996475,30.968668,30.35437,28.830677,30.552227,32.78186,41.497757,36.086666,39.45915,40.865833,41.789536,2.53014,2.1540065,6.604144,7.901494,1384.76,23.962488,0,0.28242224,-0.002197266,50,20,0.44192716,0.3272877,0.24138801,0.27975446,0.3526514,0.82567066,0.69834304,19.516989,17.891489,15.853694,17.634855,16.351858,20.57606,18.66768,18.282917,22.238373,19.510891,17.996744,20.101946,18.127895,20.867739,21.061056,20.253592,19.647205,18.279148,16.719296,19.308079,16.980522,19.414076,18.145721,18.57696,19.908642,19.310993,16.928226,19.73673,17.719307,17.763165,17.998667,18.469444,19.441917,17.48969,15.059755,16.701536,16.580873,16.35987,17.011736,16.957447,20.767738,17.766296,18.61787,18.47679,17.881493,18.936619,19.139776,18.893017,1.0391532,2.3420732,7.252819,0.45243177,31.051102,30.661518,38.792213,18.070375,19.986376,18.356293,18.48082,16.949339,18.798082,42.17
4446031.924,657814.7026,20.889334,1.1964321,0.8433631,27.856619,34.248188,32.003902,28.307749,24.825294,30.623363,30.179628,28.628426,30.373245,32.768215,41.845787,36.09523,39.73199,41.347736,42.212173,2.540059,2.1519604,6.5255065,7.864132,1384.75,10.007979,-0.080078125,0.24750957,-0.005615234,25,20,0.4417699,0.31903172,0.23411357,0.27654135,0.34326345,0.82376,0.7168067,19.516989,17.891489,15.853694,17.634855,16.351858,20.57606,18.66768,18.282917,22.238373,19.510891,17.996744,20.101946,18.127895,20.867739,21.061056,20.253592,19.647205,18.279148,16.719296,19.308079,16.980522,19.414076,18.145721,18.57696,19.908642,19.310993,16.928226,19.73673,17.719307,17.763165,17.998667,18.469444,19.441917,17.48969,15.059755,16.701536,16.580873,16.35987,17.011736,16.957447,20.767738,17.766296,18.61787,18.47679,17.881493,18.936619,19.139776,18.893017,1.0198976,2.3460097,7.1948195,0.4507552,31.052402,30.401497,38.97051,18.070375,19.986376,18.356293,18.48082,16.949339,18.798082,42.17
4446031.924,657819.7026,20.477116,1.1938546,0.8101831,27.844433,33.99335,31.731478,27.81846,24.256716,30.281765,29.805954,28.459202,30.300037,32.839443,42.216953,36.407715,40.308334,41.86914,42.679886,2.5509374,2.1433902,6.465383,7.8386397,1384.75,0,-0.040039062,0.20073025,-0.003295898,25,20,0.4417699,0.31903172,0.23411357,0.27654135,0.34326345,0.82376,0.7168067,19.49216,17.882233,14.930109,18.537659,17.282825,19.704565,18.297302,18.231682,22.172321,19.78387,17.691555,19.782866,17.58585,20.542858,20.556318,19.978207,19.582935,19.2486,16.25979,18.167746,18.859926,18.15263,17.093504,18.345451,19.33307,19.444077,16.819582,19.16879,19.804789,17.463247,18.151472,18.557598,18.419487,17.349865,16.049187,16.79385,18.110878,15.357413,16.454546,16.909752,21.715261,17.4404,16.519602,18.961233,16.832415,17.393126,18.52796,18.2653,1.0020188,2.3471637,7.1520114,0.4507552,30.918892,30.04386,39.312332,18.018122,19.730806,18.195019,18.59786,16.933603,18.198572,42.17
4446031.924,657824.7026,26.071796,1.1809826,0.7873701,28.02791,33.80243,31.404385,27.322992,24.202652,29.946554,29.348663,28.23278,30.272549,32.964622,42.52734,36.794132,40.810234,42.320667,43.22132,2.5386949,2.1667898,6.427547,7.8202925,1384.75,344.74487,-0.080078125,0.16347715,-0.005615234,25,20,0.4417699,0.31903172,0.23411357,0.27654135,0.34326345,0.82376,0.7168067,18.557047,18.446426,15.743027,18.808182,17.805058,20.12659,18.20978,18.455019,20.585318,19.611378,17.999119,19.61454,16.940128,20.406813,20.700684,19.686468,19.94012,19.697302,17.41947,19.41939,17.80198,19.130198,17.238983,18.912134,19.794737,19.937872,17.247791,18.77577,18.511887,16.76137,18.162756,18.410421,18.164059,17.258984,16.421555,17.483744,17.264929,14.217546,16.25461,16.680218,21.249134,17.988935,16.327705,19.92056,18.50643,18.198544,18.670362,18.766363,0.98417634,2.3527422,7.1239195,0.4507552,30.915169,29.64761,39.660736,18.2423,19.408281,18.66392,18.456026,16.72363,18.694525,42.17
4446031.924,657829.7026,15.308222,1.1782144,0.7776871,28.02477,33.802864,30.946545,26.832108,23.970577,29.748493,29.229282,28.147753,30.271402,33.024006,42.71352,36.906834,41.21664,42.740974,43.6616,2.540157,2.1648955,6.414699,7.8102536,1384.76,329.03625,0,0.16720712,0,25,20,0.4417699,0.31903172,0.23411357,0.27654135,0.34326345,0.82376,0.7168067,18.557047,18.446426,15.743027,18.808182,17.805058,20.12659,18.20978,18.455019,20.585318,19.611378,17.999119,19.61454,16.940128,20.406813,20.700684,19.686468,19.94012,19.697302,17.41947,19.41939,17.80198,19.130198,17.238983,18.912134,19.794737,19.937872,17.247791,18.77577,18.511887,16.76137,18.162756,18.410421,18.164059,17.258984,16.421555,17.483744,17.264929,14.217546,16.25461,16.680218,21.249134,17.988935,16.327705,19.92056,18.50643,18.198544,18.670362,18.766363,0.97795075,2.3525262,7.1124763,0.4507552,30.913818,29.488888,39.810177,18.2423,19.408281,18.66392,18.456026,16.72363,18.694525,42.17
4446031.924,657834.7026,21.40913,1.1745416,0.78023434,28.025406,33.8014,30.34998,26.389723,23.778221,29.683195,29.15882,28.157637,30.25546,32.95157,42.72127,37.00869,41.632698,43.132595,44.092876,2.531584,2.163106,6.4350004,7.815021,1384.77,344.74487,0.080078125,0.16347715,0.005615234,25,20,0.4417699,0.31903172,0.23411357,0.27654135,0.34326345,0.82376,0.7168067,17.939297,18.033882,15.313635,18.141247,17.145279,20.059263,17.720911,17.894232,22.219177,19.536531,18.3114,19.959839,16.648666,19.987024,21.055063,20.012766,20.52055,19.579721,16.61553,17.550865,17.376713,19.138502,17.516867,18.492102,19.666187,19.777758,17.25874,18.277195,17.851734,16.553272,17.545578,18.103567,18.389282,17.235626,15.199539,16.697704,17.565443,14.374727,16.427515,16.477211,21.14095,21.854267,16.62446,17.682207,17.8972,19.75877,17.737585,18.985857,0.97738796,2.3473449,7.1250105,0.4507552,30.913403,29.421007,39.864983,17.764788,19.673956,18.328394,18.132923,16.55569,18.956491,42.17
4446031.924,657839.7026,20.152168,1.17255,0.787948,28.037085,33.408215,29.59373,25.978653,23.773306,29.743275,29.183165,28.329782,30.22605,32.769405,42.5487,37.22232,42.06625,43.494038,44.50536,2.514999,2.1506119,6.4854617,7.8412137,1384.77,350.5377,0.040039062,0.17442794,0.001098633,25,20,0.4417699,0.31903172,0.23411357,0.27654135,0.34326345,0.82376,0.7168067,18.440783,18.180462,15.027893,18.262178,17.122082,20.147518,19.027134,18.21076,22.869411,19.259317,17.331486,19.643898,17.199335,19.909777,20.287262,19.75459,21.611143,17.749664,16.889297,17.659018,16.764315,18.357067,17.415352,18.308807,19.39158,18.143024,15.800171,17.721285,18.104813,16.095083,16.976841,17.365911,18.357677,16.961105,14.715744,18.20709,17.09638,14.855245,15.220734,16.475918,21.259933,18.204031,19.052328,17.549149,19.283958,18.727476,18.309683,18.878777,0.980249,2.3328054,7.1633377,0.4507552,30.722649,29.463219,39.88551,18.029722,19.50007,18.063694,17.461828,16.48771,18.912367,42.17
4446031.924,657844.7026,18.795515,1.167105,0.8077597,28.224434,33.075512,28.700697,25.557333,23.513088,29.830137,29.279154,28.41211,30.189966,32.49398,42.30197,37.409588,42.70731,43.907215,44.92465,2.4889276,2.1336384,6.5484943,7.863542,1384.77,341.56506,-0.080078125,0.1813615,-0.002197266,25,20,0.44145235,0.3264026,0.24245547,0.27615798,0.3492549,0.8235812,0.71498764,18.440783,18.180462,15.027893,18.262178,17.122082,20.147518,19.027134,18.21076,22.869411,19.259317,17.331486,19.643898,17.199335,19.909777,20.287262,19.75459,21.611143,17.749664,16.889297,17.659018,16.764315,18.357067,17.415352,18.308807,19.39158,18.143024,15.800171,17.721285,18.104813,16.095083,16.976841,17.365911,18.357677,16.961105,14.715744,18.20709,17.09638,14.855245,15.220734,16.475918,21.259933,18.204031,19.052328,17.549149,19.283958,18.727476,18.309683,18.878777,0.98743236,2.311283,7.2060184,0.4534703,30.649973,29.554646,39.85578,18.029722,19.50007,18.063694,17.461828,16.48771,18.912367,42.17
4446031.924,657849.7026,29.018894,1.1580851,0.8308308,27.948948,33.13304,27.744242,25.118761,23.63232,29.901905,29.518032,28.55484,30.149843,32.234547,42.09546,37.333458,43.066082,44.30869,45.37658,2.450833,2.1237133,6.612663,7.891556,1384.78,341.56506,0.080078125,0.1813615,0.002197266,25,20,0.44145235,0.3264026,0.24245547,0.27615798,0.3492549,0.8235812,0.71498764,19.408022,17.102795,15.10211,19.009222,16.083282,19.923552,19.469889,18.25203,22.724957,19.260605,17.713634,19.286442,17.297499,20.683512,20.47015,19.916147,20.242043,17.766357,16.289127,18.074457,16.339226,18.774149,17.315367,18.115839,19.296585,17.94549,16.20793,18.633574,16.27678,17.348368,16.167173,17.515728,19.565388,17.841305,14.692289,16.444067,16.244917,14.863292,14.711192,16.422274,22.47725,18.366184,17.523594,18.697037,18.911236,18.284624,17.996008,18.866093,0.99445796,2.2872732,7.2521095,0.4534703,30.540995,29.709969,39.71446,18.014126,19.63383,17.828676,17.410843,16.337492,18.893703,42.17
4446031.924,657854.7026,18.673267,1.1526356,0.8455155,27.730751,32.870857,26.521507,24.58206,23.56749,29.985752,30.058407,29.168013,30.230438,32.004074,41.850273,37.08473,43.306168,44.531704,45.82773,2.4228678,2.1217086,6.6639967,7.921148,1384.78,338.9625,-0.080078125,0.1997035,-0.003295898,50,20,0.44145235,0.3264026,0.24245547,0.27615798,0.3492549,0.8235812,0.71498764,19.520292,17.072079,16.105852,18.803831,15.7860365,20.091537,18.330292,18.15612,22.071814,19.289623,18.21342,19.301815,17.272346,20.541882,20.750502,19.959148,21.100376,17.869602,17.177465,18.074772,16.550676,17.582012,16.703436,18.076752,18.99245,18.234072,17.45477,18.703241,17.418922,17.053762,15.572433,17.712206,19.420723,17.63182,16.16119,16.304956,15.882932,15.839738,14.237496,16.616049,21.73465,18.279339,18.567383,18.71157,15.914058,18.387388,17.968008,18.6585,0.99907553,2.2722883,7.292572,0.4534703,30.300804,30.02208,39.4675,17.958559,19.634487,17.865477,17.632809,16.49698,18.508913,42.17
4446031.924,657859.7026,18.475786,1.1532058,0.8616857,27.860655,32.35148,25.128216,23.96737,23.116161,29.879486,30.331509,29.279953,30.306297,31.813147,41.738792,37.12351,44.35824,45.06092,46.29354,2.3926098,2.108032,6.7025523,7.951869,1384.79,335.00354,0,0.2371013,-0.001098633,50,20,0.44145235,0.3264026,0.24245547,0.27615798,0.3492549,0.8235812,0.71498764,19.520292,17.072079,16.105852,18.803831,15.7860365,20.091537,18.330292,18.15612,22.071814,19.289623,18.21342,19.301815,17.272346,20.541882,20.750502,19.959148,21.100376,17.869602,17.177465,18.074772,16.550676,17.582012,16.703436,18.076752,18.99245,18.234072,17.45477,18.703241,17.418922,17.053762,15.572433,17.712206,19.420723,17.63182,16.16119,16.304956,15.882932,15.839738,14.237496,16.616049,21.73465,18.279339,18.567383,18.71157,15.914058,18.387388,17.968008,18.6585,1.0074457,2.250321,7.3272104,0.4534703,30.106068,30.105497,39.431152,17.958559,19.634487,17.865477,17.632809,16.49698,18.508913,42.17
4446031.924,657864.7026,14.212046,1.1494715,0.96252877,27.859035,32.33864,24.806248,23.851547,23.086813,30.489609,30.487167,29.641747,30.618256,31.530827,41.147083,37.248775,44.301476,44.845432,46.447845,2.3562222,2.106776,6.7700257,7.995659,1384.8,337.61157,0.000488281,0.26304623,0.001098633,10,20,0.44145235,0.3264026,0.24245547,0.27615798,0.3492549,0.8235812,0.71498764,18.846708,17.695507,17.463467,18.44715,15.651035,19.795301,18.36575,18.228214,21.457985,18.515324,18.608566,19.433815,17.11703,20.190197,20.853796,19.773573,19.426716,16.664253,17.892197,18.816933,16.45924,18.158657,17.485607,18.007513,18.104498,16.769144,17.704962,18.454025,16.91138,16.889359,16.455557,17.418474,18.680862,17.424334,15.556341,16.419325,16.167467,15.97917,15.053134,16.46846,19.105696,19.2292,17.56558,18.873322,17.014278,18.791729,18.562414,18.557562,1.0560001,2.2314992,7.382842,0.4534703,30.098837,30.488388,39.19793,18.037846,19.453814,17.843372,17.32699,16.468662,18.448887,42.17
4446031.924,657869.7026,14.179282,1.1463077,1.0856721,27.854479,32.32459,24.66685,23.8176,23.085424,31.2052,30.670116,30.02852,31.030018,31.264774,40.48633,37.378906,44.11116,44.48209,46.530834,2.3167207,2.1056037,6.831479,8.041443,1384.81,341.5884,0.041015625,0.27126706,0.003417969,25,20,0.44145235,0.3264026,0.24245547,0.27615798,0.3492549,0.8235812,0.71498764,19.48937,17.539162,16.543785,18.862085,16.386385,20.007547,17.86828,18.327784,19.400106,15.948476,15.142256,17.318995,14.624438,17.355278,16.694618,16.923258,20.313707,18.451097,16.496784,19.414288,15.855805,18.114147,17.322922,18.170387,19.646181,17.510612,17.089663,19.093542,17.5568,17.13508,16.15481,17.896765,20.005716,18.943527,15.751467,18.297976,17.178782,16.523283,15.509347,17.54617,19.790586,17.244831,17.179495,18.837782,18.854923,19.335794,18.913252,18.68017,1.1159899,2.211162,7.436461,0.4534703,30.089535,30.937658,38.932617,18.099516,16.640594,17.995535,17.740955,17.458584,18.59381,42.17
4446031.924,657874.7026,11.244549,1.1428106,1.1992891,27.790583,31.731361,24.364702,23.695047,22.422655,31.998556,31.754631,30.705276,31.530062,31.057135,39.73044,37.01952,43.83804,44.076607,46.621532,2.2731414,2.1065311,6.87898,8.086463,1384.82,350.04376,0.119140625,0.24676013,0.008789063,25,20,0.45299396,0.32698172,0.24492033,0.27784446,0.35848206,0.82559055,0.6889477,19.48937,17.539162,16.543785,18.862085,16.386385,20.007547,17.86828,18.327784,19.400106,15.948476,15.142256,17.318995,14.624438,17.355278,16.694618,16.923258,20.313707,18.451097,16.496784,19.414288,15.855805,18.114147,17.322922,18.170387,19.646181,17.510612,17.089663,19.093542,17.5568,17.13508,16.15481,17.896765,20.005716,18.943527,15.751467,18.297976,17.178782,16.523283,15.509347,17.54617,19.790586,17.244831,17.179495,18.837782,18.854923,19.335794,18.913252,18.68017,1.1710498,2.1898363,7.4827213,0.4536801,29.760971,31.876595,38.374977,18.099516,16.640594,17.995535,17.740955,17.458584,18.59381,42.17
4446031.924,657879.7026,6.449206,1.1464293,1.3034974,27.787588,31.202024,24.050438,23.555578,22.40229,32.519394,31.80045,30.995972,32.07271,30.898117,39.200367,37.392956,43.87733,43.545475,46.67471,2.2520545,2.0850525,6.915,8.126927,1384.82,0,0.079589844,0.2287063,0.006591797,10,20,0.45299396,0.32698172,0.24492033,0.27784446,0.35848206,0.82559055,0.6889477,18.4412,17.828983,16.328363,19.306818,15.776199,19.26176,18.095526,18.100172,18.200455,15.606479,15.168787,17.03965,14.772835,17.27021,16.819033,16.714434,19.526157,17.722948,17.102705,19.146519,17.288132,16.27532,17.210835,17.90344,20.854542,17.605043,16.95364,19.111982,18.372154,16.64093,16.398285,18.073095,18.482172,17.511616,15.672465,17.53529,16.487076,15.533617,16.293499,16.828249,19.448763,16.588017,16.977966,18.51352,17.675758,17.794895,18.340773,17.98807,1.2249634,2.1685534,7.5209637,0.4536801,29.494806,32.15992,38.29666,17.862694,16.411064,17.753233,17.99094,16.787962,17.90567,42.17
4446031.924,657884.7026,12.358235,1.1591243,1.3990959,27.731026,31.39691,23.732594,23.402798,22.446108,33.04025,31.990644,31.304934,32.652863,30.925268,38.648087,37.27886,43.91549,43.15697,46.60703,2.219931,2.0933852,6.9467764,8.15745,1384.82,11.255998,0.119140625,0.21857283,0.008789063,10,20,0.45299396,0.32698172,0.24492033,0.27784446,0.35848206,0.82559055,0.6889477,18.4412,17.828983,16.328363,19.306818,15.776199,19.26176,18.095526,18.100172,18.200455,15.606479,15.168787,17.03965,14.772835,17.27021,16.819033,16.714434,19.526157,17.722948,17.102705,19.146519,17.288132,16.27532,17.210835,17.90344,20.854542,17.605043,16.95364,19.111982,18.372154,16.64093,16.398285,18.073095,18.482172,17.511616,15.672465,17.53529,16.487076,15.533617,16.293499,16.828249,19.448763,16.588017,16.977966,18.51352,17.675758,17.794895,18.340773,17.98807,1.2791101,2.1566582,7.552113,0.4536801,29.563969,32.515446,37.96347,17.862694,16.411064,17.753233,17.99094,16.787962,17.90567,42.17
4446031.924,657889.7026,18.345093,1.1588143,1.4808973,27.728798,31.385813,23.445404,23.23804,22.452616,33.683563,32.275826,31.747965,33.35321,31.260065,37.979977,37.151287,43.751736,42.698265,46.263542,2.1896431,2.093715,6.976,8.185536,1384.81,29.696358,0.041015625,0.23047537,0.005615234,10,20,0.45299396,0.32698172,0.24492033,0.27784446,0.35848206,0.82559055,0.6889477,18.636234,17.374544,16.854868,19.0225,16.334753,18.712448,18.122257,18.049992,20.112421,15.659818,15.435809,16.908638,14.685395,17.376276,17.699255,17.173567,20.080229,17.868053,18.158703,18.742636,16.227217,16.263195,16.816652,17.86514,20.507122,17.994436,17.764313,18.654478,18.061096,16.584919,16.930935,18.079964,19.195572,17.727257,15.478674,18.146753,17.000769,16.051456,16.52766,17.202211,21.134903,16.817726,17.370693,18.232918,18.473337,18.04342,20.097178,18.69148,1.3198558,2.141679,7.580768,0.4536801,29.557304,32.979694,37.56563,17.865372,16.839659,17.736668,18.071043,17.161163,18.59574,42.17
4446031.924,657894.7026,15.236531,1.1750386,1.5515244,27.498457,31.646742,23.27528,23.104918,22.345675,34.401867,32.497723,32.382996,34.124256,32.051018,37.312965,36.835938,43.390675,42.396774,45.6148,2.1846952,2.1071298,7.006657,8.199554,1384.8,48.579056,0.16015625,0.32481316,0.012207031,25,20,0.45299396,0.32698172,0.24492033,0.27784446,0.35848206,0.82559055,0.6889477,18.720625,16.734293,15.083005,17.57231,17.34421,19.29622,19.090084,17.789276,22.674938,20.00732,18.238379,21.155252,17.12229,20.703968,20.58076,20.409039,19.742397,18.200493,18.622324,19.160528,17.672426,17.20259,16.779995,18.357664,20.066956,18.700872,18.723032,17.81846,18.664162,16.642633,16.048483,18.120272,19.284801,17.961304,15.862587,17.473597,17.698229,15.577449,15.257273,17.114573,19.595608,17.640018,17.340536,19.891497,18.409676,18.328135,19.285383,18.87732,1.3632815,2.1459126,7.6031055,0.4536801,29.5726,33.449795,37.07445,17.691534,20.068987,18.19725,18.094942,17.016462,18.64155,42.17
4446031.924,657899.7026,15.530504,1.1794631,1.6078821,27.48114,31.639261,23.215977,22.997494,22.366837,35.307545,32.871044,33.111046,35.101482,33.21996,36.53464,36.44771,42.728973,41.66751,44.48148,2.200198,2.1069715,7.0358543,8.208408,1384.77,57.804264,0.12011719,0.457458,0.008911133,25,20,0.45299396,0.32698172,0.24492033,0.27784446,0.35848206,0.82559055,0.6889477,18.720625,16.734293,15.083005,17.57231,17.34421,19.29622,19.090084,17.789276,22.674938,20.00732,18.238379,21.155252,17.12229,20.703968,20.58076,20.409039,19.742397,18.200493,18.622324,19.160528,17.672426,17.20259,16.779995,18.357664,20.066956,18.700872,18.723032,17.81846,18.664162,16.642633,16.048483,18.120272,19.284801,17.961304,15.862587,17.473597,17.698229,15.577449,15.257273,17.114573,19.595608,17.640018,17.340536,19.891497,18.409676,18.328135,19.285383,18.87732,1.3936727,2.1535847,7.6221313,0.4536801,29.5602,34.089294,36.491173,17.691534,20.068987,18.19725,18.094942,17.016462,18.64155,42.17
4446031.924,657904.7026,13.881046,1.1846013,1.6546235,27.461336,31.632515,23.213377,22.90288,22.396378,36.2726,33.264984,33.90693,36.152893,34.589493,35.720947,35.99936,41.960335,40.8711,43.147755,2.2260573,2.106725,7.0645027,8.2117815,1384.73,59.52277,0.079589844,0.5650174,0.006591797,25,20,0.44996914,0.33211008,0.25004017,0.28470957,0.38693386,0.84786874,0.7940837,19.43317,17.794842,17.540466,18.20897,16.312212,19.796902,19.266806,18.473902,24.048294,21.392202,17.920593,22.298498,18.02815,21.616098,21.576656,21.349735,21.474009,19.892288,20.04774,19.223482,18.66389,20.681402,17.525776,19.852709,21.114422,21.753658,19.335196,20.471983,17.956223,19.233873,18.427084,19.891798,18.540043,17.302902,15.249039,17.508623,16.527515,15.579219,14.663353,16.627811,19.20287,20.20844,18.808273,20.273306,17.706078,20.149843,19.545803,19.594896,1.4196124,2.1663911,7.638142,0.4779593,29.546925,34.76879,35.860153,18.336195,20.982927,19.644085,19.756062,16.481527,19.413515,42.17
4446031.924,657909.7026,12.87141,1.1902508,1.6941041,27.441822,31.626028,23.240667,22.81651,22.431955,37.24238,33.66279,34.72209,37.233578,36.016605,34.898983,35.53359,41.155376,40.047394,41.748806,2.255146,2.106512,7.09084,8.212118,1384.68,60.25153,0.041015625,0.69276214,0.003417969,25,20,0.44996914,0.33211008,0.25004017,0.28470957,0.38693386,0.84786874,0.7940837,17.73964,18.243872,17.344978,18.251932,17.141285,19.096449,18.129032,18.105371,21.950764,19.765766,17.678675,20.952862,16.662664,18.972855,19.649946,19.651752,22.557474,20.708431,19.298199,21.061483,17.0728,18.902456,18.043331,19.837862,23.331196,21.362385,19.620415,20.857862,17.866018,18.791021,18.6577,20.073214,18.761503,19.62271,16.682652,19.194445,18.227634,16.654013,16.495455,17.918438,17.931446,17.689753,18.04816,17.764853,17.221008,17.538801,16.527788,17.539005,1.4421774,2.180829,7.651479,0.4779593,29.533924,35.452583,35.216286,17.992456,19.376219,19.663454,20.069515,17.948343,17.531687,42.17
4446031.924,657914.7026,12.057293,1.1794636,1.7358903,27.401737,29.999662,23.326717,22.746893,22.422699,38.20805,34.849014,35.538418,38.277523,37.396576,34.046413,35.268578,40.24175,39.291943,40.403633,2.2752302,2.1151748,7.111841,8.210305,1384.62,61.142105,-0.040527344,0.8013222,0,25,20,0.44996914,0.33211008,0.25004017,0.28470957,0.38693386,0.84786874,0.7940837,17.73964,18.243872,17.344978,18.251932,17.141285,19.096449,18.129032,18.105371,21.950764,19.765766,17.678675,20.952862,16.662664,18.972855,19.649946,19.651752,22.557474,20.708431,19.298199,21.061483,17.0728,18.902456,18.043331,19.837862,23.331196,21.362385,19.620415,20.857862,17.866018,18.791021,18.6577,20.073214,18.761503,19.62271,16.682652,19.194445,18.227634,16.654013,16.495455,17.918438,17.931446,17.689753,18.04816,17.764853,17.221008,17.538801,16.527788,17.539005,1.4576769,2.1952024,7.661073,0.4779593,28.700699,36.528534,34.657494,17.992456,19.376219,19.663454,20.069515,17.948343,17.531687,42.17
4446026.924,657759.7026,5.7578945,1.2338415,1.2890514,28.193924,34.264057,28.317598,28.08181,24.968378,31.298399,30.423254,30.159945,32.34714,33.15676,40.029613,35.304443,40.42068,39.748665,43.22649,2.5642247,2.1679046,6.521036,7.9642334,1384.88,33.690067,0.040039062,0.10339219,0.003295898,10,20,0.44970685,0.33067936,0.23703894,0.2802134,0.38313818,0.82188565,0.69263947,18.623875,16.550123,15.953264,19.059395,16.185566,20.03181,19.40926,18.19407,16.935598,15.57634,14.568059,15.922221,14.216973,17.018633,17.612667,16.29698,20.627504,16.718746,17.140318,16.755331,16.376303,18.31976,18.114481,17.931322,21.069475,17.653873,17.807772,16.835625,17.135782,16.65582,18.505178,17.926353,19.546156,19.157406,15.676935,17.282461,14.782731,15.494084,16.717169,17.009441,19.660992,16.43546,16.995102,18.277523,17.461077,17.803814,18.246338,17.994884,1.2614465,2.3660645,7.242635,0.4564717,31.22899,30.860826,37.66703,17.973328,15.978642,17.721779,17.951933,16.950993,17.840044,42.17
4446026.924,657764.7026,4.234175,1.229918,1.2943773,28.193222,34.262997,28.296598,28.088903,24.952726,31.239212,30.39114,30.12962,32.38687,32.69239,40.089664,35.382534,40.50366,39.724087,43.540154,2.5620408,2.167838,6.5332623,7.9715705,1384.87,29.054604,-0.040039062,0.14761773,-0.002197266,10,20,0.44970685,0.33067936,0.23703894,0.2802134,0.38313818,0.82188565,0.69263947,19.298668,16.99971,14.851713,19.790112,15.946449,20.481815,19.218111,18.38452,16.933317,16.190569,14.293409,16.673689,13.919838,17.051027,18.247007,16.580517,18.924536,18.15286,15.867871,18.596338,15.923882,18.031843,17.151812,17.765774,20.42515,17.990353,16.285376,17.217005,15.919652,17.754608,17.572216,17.69047,19.951334,19.85553,16.636414,16.255007,15.513556,15.580751,16.653297,17.236444,19.28466,16.938053,18.008621,18.926966,16.478367,17.832403,18.822466,18.189108,1.2621477,2.3649395,7.2524166,0.4564717,31.22811,30.815176,37.7361,18.083797,16.18698,17.521305,17.59491,17.206554,18.041649,42.17
4446026.924,657769.7026,3.3499477,1.2248242,1.2851675,28.413517,34.13281,28.386478,28.118536,24.863201,31.211063,30.328402,30.098,32.35897,32.339886,40.132988,35.515152,40.54824,39.770412,43.68813,2.555945,2.1630054,6.5450163,7.974599,1384.87,24.443954,0.080078125,0.17324539,0.005615234,10,20,0.44970685,0.33067936,0.23703894,0.2802134,0.38313818,0.82188565,0.69263947,19.298668,16.99971,14.851713,19.790112,15.946449,20.481815,19.218111,18.38452,16.933317,16.190569,14.293409,16.673689,13.919838,17.051027,18.247007,16.580517,18.924536,18.15286,15.867871,18.596338,15.923882,18.031843,17.151812,17.765774,20.42515,17.990353,16.285376,17.217005,15.919652,17.754608,17.572216,17.69047,19.951334,19.85553,16.636414,16.255007,15.513556,15.580751,16.653297,17.236444,19.28466,16.938053,18.008621,18.926966,16.478367,17.832403,18.822466,18.189108,1.2549958,2.3594751,7.2598076,0.4564717,31.273163,30.769733,37.82407,18.083797,16.18698,17.521305,17.59491,17.206554,18.041649,42.17
4446026.924,657774.7026,4.5260935,1.220429,1.2550606,28.12416,34.064423,28.616064,28.142572,24.587017,31.268261,30.439545,30.008299,32.256287,32.180107,40.182007,35.543404,40.60202,39.85387,43.608086,2.5434802,2.1720915,6.5615954,7.97956,1384.86,33.690067,0.040039062,0.20678371,0.003295898,10,20,0.44970685,0.33067936,0.23703894,0.2802134,0.38313818,0.82188565,0.69263947,19.839418,16.847574,15.765341,18.959543,16.833632,19.18451,18.857752,18.224398,17.690176,15.821405,14.710791,16.841627,14.6673355,16.274733,18.140268,16.638834,17.75126,18.179516,15.613968,18.663305,17.379225,17.341665,17.182407,17.596048,18.371418,16.88861,16.147228,18.559404,18.210989,17.040424,17.343557,17.478163,19.833086,18.918242,16.586487,16.043394,14.743626,15.202814,16.251036,16.807407,18.687504,18.641565,18.885714,19.722626,18.468025,17.870512,18.69049,18.776657,1.2377448,2.3577857,7.2705774,0.4564717,31.094292,30.853903,37.862705,18.04111,16.30662,17.444479,17.508806,16.796955,18.70949,42.17
4446026.924,657779.7026,12.3489275,1.2168947,1.206912,28.11231,34.060173,29.07351,28.257416,24.699247,31.346987,30.514643,29.934015,32.0247,32.143913,40.227406,35.56856,40.3879,39.959145,43.333023,2.5273752,2.1708035,6.5801516,7.9774384,1384.85,28.300755,0.040039062,0.21169609,0.002197266,10,20,0.44970685,0.33067936,0.23703894,0.2802134,0.38313818,0.82188565,0.69263947,20.246777,16.378765,14.9435625,18.13698,16.751719,18.395678,18.37517,17.745392,19.689241,15.646319,14.607303,16.48728,14.964767,17.775682,18.22925,17.05799,19.125683,16.552435,16.676651,18.180779,18.338923,15.944979,17.552826,17.479828,17.439793,17.091784,16.223263,17.754114,18.84065,16.166452,16.735224,17.118877,19.06276,17.99986,16.212526,16.28417,14.683662,15.408433,16.270714,16.597193,19.853344,17.626833,18.810574,20.31695,19.914164,18.60625,18.987122,19.08694,1.2119033,2.3490894,7.2787952,0.4564717,31.086243,30.930815,37.897984,17.604092,16.771406,17.481752,17.178755,16.560305,19.159319,42.17
4446026.924,657784.7026,17.173697,1.2134829,1.1498857,28.097404,34.05493,29.6123,28.354193,24.8077,31.442713,30.602247,29.84138,31.782125,32.230324,40.288586,35.609882,40.136494,40.088764,42.987812,2.5107038,2.1693566,6.604897,7.9750123,1384.84,24.996471,0,0.2371013,0.001098633,10,20,0.4340338,0.323486,0.24317828,0.27933052,0.36339235,0.8254834,0.6917922,20.246777,16.378765,14.9435625,18.13698,16.751719,18.395678,18.37517,17.745392,19.689241,15.646319,14.607303,16.48728,14.964767,17.775682,18.22925,17.05799,19.125683,16.552435,16.676651,18.180779,18.338923,15.944979,17.552826,17.479828,17.439793,17.091784,16.223263,17.754114,18.84065,16.166452,16.735224,17.118877,19.06276,17.99986,16.212526,16.28417,14.683662,15.408433,16.270714,16.597193,19.853344,17.626833,18.810574,20.31695,19.914164,18.60625,18.987122,19.08694,1.1816843,2.3400302,7.2899547,0.45152807,31.076168,31.02248,37.949234,17.604092,16.771406,17.481752,17.178755,16.560305,19.159319,42.17
4446026.924,657789.7026,16.584011,1.2102447,1.0920728,28.080496,34.048733,30.173256,28.403877,24.887983,31.527231,30.683506,29.727633,31.589853,32.414864,40.383156,35.69703,39.890812,40.21681,42.662426,2.4973304,2.1678298,6.638131,7.9742994,1384.83,16.38508,-0.040527344,0.2535146,-0.002197266,10,20,0.4340338,0.323486,0.24317828,0.27933052,0.36339235,0.8254834,0.6917922,19.412964,16.562195,13.684866,18.462164,15.848181,19.078825,17.884241,17.454853,19.361523,15.767792,14.610083,16.238377,15.354565,17.38721,17.427464,16.83287,20.056965,17.596481,16.344463,17.803156,18.33189,16.185705,17.016424,17.655252,18.836323,16.80642,15.851338,16.882627,17.587498,15.520799,16.277231,16.804483,19.0879,18.03986,16.372364,18.159037,14.579483,15.322486,16.030094,16.868948,21.070772,18.813086,16.930714,18.975525,17.869427,17.920622,18.77835,18.649502,1.1511588,2.33258,7.3062153,0.45152807,31.064613,31.10537,38.040092,17.276205,16.592428,17.619297,16.823175,16.798748,18.622644,42.17
4446026.924,657794.7026,12.330047,1.2072233,1.0383685,28.061565,34.041374,30.72744,28.386227,24.923275,31.584328,30.747183,29.588217,31.48927,32.703785,40.526493,35.855206,39.67226,40.324883,42.40031,2.490178,2.16626,6.6827974,7.976907,1384.83,14.779853,0.079589844,0.28101712,0.005493164,10,20,0.4340338,0.323486,0.24317828,0.27933052,0.36339235,0.8254834,0.6917922,18.89247,16.772594,13.724505,18.695219,15.675316,19.449434,17.729462,17.435658,19.799397,15.918773,14.728058,16.42864,14.815016,17.706337,17.226961,16.98896,20.079258,17.94787,15.87023,18.005167,16.510433,18.179949,16.33485,17.669386,18.926495,16.593704,15.742409,17.210482,17.655863,17.315836,16.296587,17.191223,19.803738,17.778408,16.148594,17.627295,15.446876,16.396162,15.990571,17.0785,21.175728,18.431067,17.012213,19.103308,15.91136,17.520758,18.925356,18.418808,1.1227958,2.328219,7.329852,0.45152807,31.05147,31.165756,38.19085,17.276999,16.660456,17.56111,17.10591,17.027378,18.297115,42.17
4446026.924,657799.7026,10.993308,1.2044125,0.98963135,28.042505,34.034344,31.20517,28.291315,24.908497,31.5779,30.774656,29.425177,31.448568,33.03284,40.730762,36.055943,39.52005,40.443745,42.243378,2.4898038,2.1646428,6.723698,7.9785542,1384.82,27.648468,0.07910156,0.339117,0.005493164,25,20,0.4340338,0.323486,0.24317828,0.27933052,0.36339235,0.8254834,0.6917922,18.89247,16.772594,13.724505,18.695219,15.675316,19.449434,17.729462,17.435658,19.799397,15.918773,14.728058,16.42864,14.815016,17.706337,17.226961,16.98896,20.079258,17.94787,15.87023,18.005167,16.510433,18.179949,16.33485,17.669386,18.926495,16.593704,15.742409,17.210482,17.655863,17.315836,16.296587,17.191223,19.803738,17.778408,16.148594,17.627295,15.446876,16.396162,15.990571,17.0785,21.175728,18.431067,17.012213,19.103308,15.91136,17.520758,18.925356,18.418808,1.0970219,2.3272233,7.351126,0.45152807,31.038425,31.176277,38.393353,17.276999,16.660456,17.56111,17.10591,17.027378,18.297115,42.17
4446026.924,657804.7026,12.96947,1.1958035,0.9397075,27.873718,34.230072,31.30901,28.121874,24.73397,31.390646,30.620392,29.251165,31.19707,33.00868,40.983334,36.029842,39.652645,40.81957,42.335964,2.4880588,2.15922,6.67591,7.953339,1384.8,32.446484,0.000976563,0.37315813,0,25,20,0.4340338,0.323486,0.24317828,0.27933052,0.36339235,0.8254834,0.6917922,18.467678,17.818777,15.235349,18.74881,15.094066,19.480198,18.306242,17.89562,22.587929,19.351654,17.945293,19.241999,17.780935,20.509455,21.212128,20.077793,20.364313,18.849577,15.714796,18.951677,16.093817,18.113325,16.481798,17.998407,20.21638,18.608803,15.77782,18.59516,16.891146,17.761868,16.884327,17.848742,19.958603,17.703053,14.958534,16.925581,14.75346,16.894564,15.321143,16.75904,23.300522,18.94851,19.556562,18.055595,17.39526,18.650518,19.325893,19.279753,1.0677555,2.3236394,7.314625,0.45152807,31.051895,31.00552,38.506588,17.593018,19.8042,17.795614,17.819355,16.64499,19.318981,42.17
4446026.924,657809.7026,22.585854,1.1905516,0.89031893,28.214354,33.588596,31.186619,27.867033,24.71532,31.054255,30.617577,29.059423,30.916952,32.905697,41.29661,36.1226,39.99599,41.26486,42.593094,2.4759095,2.1780815,6.5939384,7.9199586,1384.78,26.551065,-0.12011719,0.32036802,-0.005493164,25,20,0.4340338,0.323486,0.24317828,0.27933052,0.36339235,0.8254834,0.6917922,19.516989,17.891489,15.853694,17.634855,16.351858,20.57606,18.66768,18.282917,22.238373,19.510891,17.996744,20.101946,18.127895,20.867739,21.061056,20.253592,19.647205,18.279148,16.719296,19.308079,16.980522,19.414076,18.145721,18.57696,19.908642,19.310993,16.928226,19.73673,17.719307,17.763165,17.998667,18.469444,19.441917,17.48969,15.059755,16.701536,16.580873,16.35987,17.011736,16.957447,20.767738,17.766296,18.61787,18.47679,17.881493,18.936619,19.139776,18.893017,1.0404353,2.3269954,7.2569485,0.45152807,30.901474,30.835915,38.709606,18.070375,19.986376,18.356293,18.48082,16.949339,18.798082,42.17
4446026.924,657814.7026,11.155721,1.1882159,0.848345,28.21048,33.335983,30.97273,27.544498,24.257278,30.679356,30.267685,28.90627,30.740875,32.89615,41.69807,36.34824,40.48231,41.734005,42.884544,2.4848957,2.1703126,6.523033,7.8899555,1384.78,16.38954,0.12011719,0.25406715,0.004394531,25,20,0.4514702,0.32528058,0.24223533,0.27661046,0.35560727,0.82495356,0.71150935,19.516989,17.891489,15.853694,17.634855,16.351858,20.57606,18.66768,18.282917,22.238373,19.510891,17.996744,20.101946,18.127895,20.867739,21.061056,20.253592,19.647205,18.279148,16.719296,19.308079,16.980522,19.414076,18.145721,18.57696,19.908642,19.310993,16.928226,19.73673,17.719307,17.763165,17.998667,18.469444,19.441917,17.48969,15.059755,16.701536,16.580873,16.35987,17.011736,16.957447,20.767738,17.766296,18.61787,18.47679,17.881493,18.936619,19.139776,18.893017,1.0182804,2.3276043,7.2064943,0.45538098,30.773232,30.47352,39.023155,18.070375,19.986376,18.356293,18.48082,16.949339,18.798082,42.17
4446026.924,657819.7026,20.404663,1.185716,0.81567353,28.205425,33.33963,30.699125,27.170444,24.074354,30.2834,30.078812,28.74288,30.659088,33.008556,42.13252,36.44183,40.83563,42.13013,43.195812,2.4982297,2.1688578,6.4645057,7.8617253,1384.77,11.309932,-0.040039062,0.21932714,0,25,20,0.4514702,0.32528058,0.24223533,0.27661046,0.35560727,0.82495356,0.71150935,19.49216,17.882233,14.930109,18.537659,17.282825,19.704565,18.297302,18.231682,22.172321,19.78387,17.691555,19.782866,17.58585,20.542858,20.556318,19.978207,19.582935,19.2486,16.25979,18.167746,18.859926,18.15263,17.093504,18.345451,19.33307,19.444077,16.819582,19.16879,19.804789,17.463247,18.151472,18.557598,18.419487,17.349865,16.049187,16.79385,18.110878,15.357413,16.454546,16.909752,21.715261,17.4404,16.519602,18.961233,16.832415,17.393126,18.52796,18.2653,1.0006948,2.3335438,7.1631155,0.45538098,30.772528,30.181107,39.287174,18.018122,19.730806,18.195019,18.59786,16.933603,18.198572,42.17
4446026.924,657824.7026,25.78135,1.182874,0.79105204,28.200037,33.342464,30.318813,26.764385,23.874596,29.896671,29.892204,28.610098,30.639162,33.158688,42.557415,36.56175,41.231533,42.506004,43.51922,2.5120656,2.1674347,6.4211755,7.8395467,1384.77,355.6013,0.040039062,0.18694311,0,25,20,0.4514702,0.32528058,0.24223533,0.27661046,0.35560727,0.82495356,0.71150935,18.557047,18.446426,15.743027,18.808182,17.805058,20.12659,18.20978,18.455019,20.585318,19.611378,17.999119,19.61454,16.940128,20.406813,20.700684,19.686468,19.94012,19.697302,17.41947,19.41939,17.80198,19.130198,17.238983,18.912134,19.794737,19.937872,17.247791,18.77577,18.511887,16.76137,18.162756,18.410421,18.164059,17.258984,16.421555,17.483744,17.264929,14.217546,16.25461,16.680218,21.249134,17.988935,16.327705,19.92056,18.50643,18.198544,18.670362,18.766363,0.98696303,2.3397503,7.130361,0.45538098,30.771252,29.894438,39.55958,18.2423,19.408281,18.66392,18.456026,16.72363,18.694525,42.17
4446026.924,657829.7026,17.224531,1.1744486,0.77941734,28.024584,33.801243,29.843163,26.359892,23.748777,29.608738,29.319155,28.529715,30.625944,33.293472,42.872726,36.764225,41.63845,42.887142,43.877018,2.5202756,2.1677935,6.4058185,7.8264017,1384.77,335.55603,-0.080078125,0.17324539,-0.003295898,25,20,0.4514702,0.32528058,0.24223533,0.27661046,0.35560727,0.82495356,0.71150935,18.557047,18.446426,15.743027,18.808182,17.805058,20.12659,18.20978,18.455019,20.585318,19.611378,17.999119,19.61454,16.940128,20.406813,20.700684,19.686468,19.94012,19.697302,17.41947,19.41939,17.80198,19.130198,17.238983,18.912134,19.794737,19.937872,17.247791,18.77577,18.511887,16.76137,18.162756,18.410421,18.164059,17.258984,16.421555,17.483744,17.264929,14.217546,16.25461,16.680218,21.249134,17.988935,16.327705,19.92056,18.50643,18.198544,18.670362,18.766363,0.976933,2.3440347,7.11611,0.45538098,30.912914,29.463947,39.818474,18.2423,19.408281,18.66392,18.456026,16.72363,18.694525,42.17
4446026.924,657834.7026,24.950125,1.170817,0.787408,28.024618,33.799706,29.313616,25.992002,23.597242,29.552378,29.238178,28.52101,30.554478,33.184433,42.883873,36.887672,42.027683,43.26117,44.234497,2.5137553,2.1660166,6.437548,7.832409,1384.78,341.56506,0.040039062,0.13602132,0.002197266,25,20,0.4514702,0.32528058,0.24223533,0.27661046,0.35560727,0.82495356,0.71150935,17.939297,18.033882,15.313635,18.141247,17.145279,20.059263,17.720911,17.894232,22.219177,19.536531,18.3114,19.959839,16.648666,19.987024,21.055063,20.012766,20.52055,19.579721,16.61553,17.550865,17.376713,19.138502,17.516867,18.492102,19.666187,19.777758,17.25874,18.277195,17.851734,16.553272,17.545578,18.103567,18.389282,17.235626,15.199539,16.697704,17.565443,14.374727,16.427515,16.477211,21.14095,21.854267,16.62446,17.682207,17.8972,19.75877,17.737585,18.985857,0.9791125,2.339886,7.1349783,0.45538098,30.912163,29.395279,39.885773,17.764788,19.673956,18.328394,18.132923,16.55569,18.956491,42.17
4446026.924,657839.7026,18.679369,1.1681278,0.8071881,28.036999,33.406525,28.69703,25.650003,23.631313,29.691551,29.259567,28.646982,30.4333,32.91042,42.633698,37.13105,42.40935,43.632416,44.615364,2.4955297,2.1539435,6.5103245,7.860909,1384.78,341.56506,-0.040039062,0.13602132,-0.002197266,25,20,0.4514702,0.32528058,0.24223533,0.27661046,0.35560727,0.82495356,0.71150935,18.440783,18.180462,15.027893,18.262178,17.122082,20.147518,19.027134,18.21076,22.869411,19.259317,17.331486,19.643898,17.199335,19.909777,20.287262,19.75459,21.611143,17.749664,16.889297,17.659018,16.764315,18.357067,17.415352,18.308807,19.39158,18.143024,15.800171,17.721285,18.104813,16.095083,16.976841,17.365911,18.357677,16.961105,14.715744,18.20709,17.09638,14.855245,15.220734,16.475918,21.259933,18.204031,19.052328,17.549149,19.283958,18.727476,18.309683,18.878777,0.9876579,2.3247366,7.1856165,0.45538098,30.721762,29.47556,39.882374,18.029722,19.50007,18.063694,17.461828,16.48771,18.912367,42.17
4446026.924,657844.7026,22.135708,1.162818,0.8385957,28.048882,33.40005,27.98308,25.307549,23.529644,29.863968,29.253767,28.736732,30.308416,32.56422,42.32478,37.27668,42.854305,44.022594,45.010666,2.4690144,2.1518426,6.5960774,7.889999,1384.79,335.55603,0.080078125,0.17324539,0.003295898,25,20,0.4356366,0.32852957,0.2450876,0.27970436,0.35672688,0.82318515,0.70564574,18.440783,18.180462,15.027893,18.262178,17.122082,20.147518,19.027134,18.21076,22.869411,19.259317,17.331486,19.643898,17.199335,19.909777,20.287262,19.75459,21.611143,17.749664,16.889297,17.659018,16.764315,18.357067,17.415352,18.308807,19.39158,18.143024,15.800171,17.721285,18.104813,16.095083,16.976841,17.365911,18.357677,16.961105,14.715744,18.20709,17.09638,14.855245,15.220734,16.475918,21.259933,18.204031,19.052328,17.549149,19.283958,18.727476,18.309683,18.878777,1.0007068,2.3104286,7.243038,0.45350227,30.724466,29.558868,39.800728,18.029722,19.50007,18.063694,17.461828,16.48771,18.912367,42.17
4446026.924,657849.7026,31.656046,1.1571915,0.87233096,28.061855,33.393497,27.156908,24.942421,23.41867,30.005657,29.25067,28.83703,30.212076,32.213627,42.033463,37.41921,43.366093,44.41555,45.418255,2.4382758,2.1498337,6.679993,7.9214563,1384.79,338.99133,-0.080078125,0.19947755,-0.003295898,25,20,0.4356366,0.32852957,0.2450876,0.27970436,0.35672688,0.82318515,0.70564574,19.408022,17.102795,15.10211,19.009222,16.083282,19.923552,19.469889,18.25203,22.724957,19.260605,17.713634,19.286442,17.297499,20.683512,20.47015,19.916147,20.242043,17.766357,16.289127,18.074457,16.339226,18.774149,17.315367,18.115839,19.296585,17.94549,16.20793,18.633574,16.27678,17.348368,16.167173,17.515728,19.565388,17.841305,14.692289,16.444067,16.244917,14.863292,14.711192,16.422274,22.47725,18.366184,17.523594,18.697037,18.911236,18.284624,17.996008,18.866093,1.0147612,2.2940547,7.300725,0.45350227,30.727676,29.628162,39.726334,18.014126,19.63383,17.828676,17.410843,16.337492,18.893703,42.17
4446026.924,657854.7026,19.638252,1.1535515,0.9112349,27.831888,32.35054,26.281088,24.53909,23.411602,30.366005,30.469006,29.49046,30.285776,31.90657,41.5743,37.03018,43.333294,44.537575,45.72094,2.404152,2.1129339,6.755949,7.953167,1384.8,334.96777,0.000488281,0.2367844,-0.001098633,25,20,0.4356366,0.32852957,0.2450876,0.27970436,0.35672688,0.82318515,0.70564574,19.520292,17.072079,16.105852,18.803831,15.7860365,20.091537,18.330292,18.15612,22.071814,19.289623,18.21342,19.301815,17.272346,20.541882,20.750502,19.959148,21.100376,17.869602,17.177465,18.074772,16.550676,17.582012,16.703436,18.076752,18.99245,18.234072,17.45477,18.703241,17.418922,17.053762,15.572433,17.712206,19.420723,17.63182,16.16119,16.304956,15.882932,15.839738,14.237496,16.616049,21.73465,18.279339,18.567383,18.71157,15.914058,18.387388,17.968008,18.6585,1.0323932,2.258543,7.354558,0.45350227,30.091213,30.417505,39.30224,17.958559,19.634487,17.865477,17.632809,16.49698,18.508913,42.17
4446026.924,657859.7026,18.173355,1.1490846,0.96050406,27.844204,32.34262,25.445667,24.182917,23.278477,30.554745,30.522207,29.676195,30.375986,31.621319,41.250954,37.132366,43.797787,44.7564,46.064682,2.3702538,2.111622,6.820287,7.986791,1384.81,333.43494,0.000976563,0.2557011,0,25,20,0.4356366,0.32852957,0.2450876,0.27970436,0.35672688,0.82318515,0.70564574,19.520292,17.072079,16.105852,18.803831,15.7860365,20.091537,18.330292,18.15612,18.874697,15.6957855,15.714293,16.191298,14.824591,18.251822,18.054392,17.14508,20.998026,17.806438,17.199429,18.02671,16.564405,17.61128,16.728485,18.060581,18.923946,18.26236,17.511328,18.674204,17.4841,17.02936,15.620001,17.717129,20.062862,18.183187,16.709188,16.974867,16.549318,16.270367,14.84836,17.182587,21.73465,18.279339,18.567383,18.71157,15.914058,18.387388,17.968008,18.6585,1.0547943,2.240938,7.403539,0.45350227,30.093412,30.538475,39.191658,17.958559,16.800983,17.847826,17.643614,17.08545,18.508913,42.17
4446026.924,657864.7026,12.95456,1.1452106,1.039883,27.850761,32.332294,24.929098,23.969616,23.20433,30.951279,30.628557,29.930042,30.609705,31.329302,40.78074,37.243668,43.986137,44.72014,46.302174,2.3320131,2.1104045,6.879972,8.023986,1384.82,333.43494,-0.000976563,0.2557011,0,10,20,0.4356366,0.32852957,0.2450876,0.27970436,0.35672688,0.82318515,0.70564574,18.846708,17.695507,17.463467,18.44715,15.651035,19.795301,18.36575,18.228214,19.092478,15.275818,16.075134,17.176853,14.615105,18.027071,18.119902,17.240915,19.374125,16.595596,17.91416,18.76887,16.47297,18.154505,17.481157,17.985079,18.152431,16.77043,17.768446,18.450089,16.892542,16.92042,16.476894,17.441898,19.15791,18.21024,15.951114,16.960522,16.937035,16.486563,15.64512,17.034462,19.105696,19.2292,17.56558,18.873322,17.014278,18.791729,18.562414,18.557562,1.0925468,2.2212088,7.4519787,0.45350227,30.091528,30.789917,39.012203,18.037846,16.911766,17.823053,17.34732,17.049786,18.448887,42.17
4446026.924,657869.7026,9.427809,1.1418623,1.1379323,27.854736,32.32049,24.617105,23.84107,23.16382,31.462357,30.769949,30.214424,30.962769,31.045486,40.221073,37.35654,44.011833,44.508316,46.474495,2.2890537,2.10928,6.929794,8.062455,1384.83,339.43915,0.03955078,0.24445267,0.001098633,10,20,0.4356366,0.32852957,0.2450876,0.27970436,0.35672688,0.82318515,0.70564574,19.48937,17.539162,16.543785,18.862085,16.386385,20.007547,17.86828,18.327784,19.400106,15.948476,15.142256,17.318995,14.624438,17.355278,16.694618,16.923258,20.313707,18.451097,16.496784,19.414288,15.855805,18.114147,17.322922,18.170387,19.646181,17.510612,17.089663,19.093542,17.5568,17.13508,16.15481,17.896765,20.005716,18.943527,15.751467,18.297976,17.178782,16.523283,15.509347,17.54617,19.790586,17.244831,17.179495,18.837782,18.854923,19.335794,18.913252,18.68017,1.1398973,2.1991668,7.4961243,0.45350227,30.087614,31.116154,38.788807,18.099516,16.640594,17.995535,17.740955,17.458584,18.59381,42.17
4446026.924,657874.7026,11.013428,1.1383178,1.2370563,27.79814,31.728624,24.307026,23.69673,22.502934,32.14067,31.814198,30.801039,31.43025,30.773603,39.491,37.016106,43.82824,44.15961,46.62706,2.2400897,2.11029,6.969593,8.102155,1384.83,352.91263,-0.080078125,0.23099583,-0.004516602,10,20,0.44721437,0.3346604,0.24523781,0.27997327,0.37068257,0.8210412,0.6818613,19.48937,17.539162,16.543785,18.862085,16.386385,20.007547,17.86828,18.327784,19.400106,15.948476,15.142256,17.318995,14.624438,17.355278,16.694618,16.923258,20.313707,18.451097,16.496784,19.414288,15.855805,18.114147,17.322922,18.170387,19.646181,17.510612,17.089663,19.093542,17.5568,17.13508,16.15481,17.896765,20.005716,18.943527,15.751467,18.297976,17.178782,16.523283,15.509347,17.54617,19.790586,17.244831,17.179495,18.837782,18.854923,19.335794,18.913252,18.68017,1.187687,2.17519,7.535874,0.45438161,29.763382,31.977434,38.253555,18.099516,16.640594,17.995535,17.740955,17.458584,18.59381,42.17
4446026.924,657879.7026,10.817574,1.1351539,1.3317248,27.805244,31.71659,24.00154,23.546291,22.496723,32.627934,32.02141,31.07992,31.911926,30.537294,38.885014,37.048462,43.853878,43.86445,46.79027,2.1871865,2.1088917,6.998049,8.13725,1384.83,0,-0.080078125,0.2294057,-0.006713867,10,20,0.44721437,0.3346604,0.24523781,0.27997327,0.37068257,0.8210412,0.6818613,18.4412,17.828983,16.328363,19.306818,15.776199,19.26176,18.095526,18.100172,18.200455,15.606479,15.168787,17.03965,14.772835,17.27021,16.819033,16.714434,19.526157,17.722948,17.102705,19.146519,17.288132,16.27532,17.210835,17.90344,20.854542,17.605043,16.95364,19.111982,18.372154,16.64093,16.398285,18.073095,18.482172,17.511616,15.672465,17.53529,16.487076,15.533617,16.293499,16.828249,19.448763,16.588017,16.977966,18.51352,17.675758,17.794895,18.340773,17.98807,1.2334393,2.148039,7.5676494,0.45438161,29.760918,32.324673,37.966736,17.862694,16.411064,17.753233,17.99094,16.787962,17.90567,42.17
4446026.924,657884.7026,12.390793,1.1746596,1.4218066,27.704544,31.852034,23.777393,23.429283,22.53796,32.926514,31.88754,31.183704,32.40901,30.296822,38.421253,37.241905,43.978737,43.471527,46.959595,2.1697679,2.0995233,7.0328026,8.168591,1384.83,14.005389,-0.040039062,0.2362539,-0.003295898,10,20,0.44721437,0.3346604,0.24523781,0.27997327,0.37068257,0.8210412,0.6818613,18.4412,17.828983,16.328363,19.306818,15.776199,19.26176,18.095526,18.100172,18.200455,15.606479,15.168787,17.03965,14.772835,17.27021,16.819033,16.714434,19.526157,17.722948,17.102705,19.146519,17.288132,16.27532,17.210835,17.90344,20.854542,17.605043,16.95364,19.111982,18.372154,16.64093,16.398285,18.073095,18.482172,17.511616,15.672465,17.53529,16.487076,15.533617,16.293499,16.828249,19.448763,16.588017,16.977966,18.51352,17.675758,17.794895,18.340773,17.98807,1.298233,2.1346455,7.6006966,0.45438161,29.77829,32.40703,37.83158,17.862694,16.411064,17.753233,17.99094,16.787962,17.90567,42.17
4446026.924,657889.7026,19.95918,1.1763282,1.5014671,27.71621,31.839634,23.50684,23.262474,22.546255,33.42046,32.141342,31.470331,33.001827,30.28461,37.747864,37.19776,43.968864,43.11885,46.929142,2.1203442,2.100173,7.058954,8.198068,1384.82,30.922537,-0.08105469,0.25009018,-0.005615234,10,20,0.44721437,0.3346604,0.24523781,0.27997327,0.37068257,0.8210412,0.6818613,18.636234,17.374544,16.854868,19.0225,16.334753,18.712448,18.122257,18.049992,20.112421,15.659818,15.435809,16.908638,14.685395,17.376276,17.699255,17.173567,20.080229,17.868053,18.158703,18.742636,16.227217,16.263195,16.816652,17.86514,20.507122,17.994436,17.764313,18.654478,18.061096,16.584919,16.930935,18.079964,19.195572,17.727257,15.478674,18.146753,17.000769,16.051456,16.52766,17.202211,21.134903,16.817726,17.370693,18.232918,18.473337,18.04342,20.097178,18.69148,1.3388977,2.1102586,7.6285105,0.45438161,29.777922,32.7809,37.472813,17.865372,16.839659,17.736668,18.071043,17.161163,18.59574,42.17
4446026.924,657894.7026,18.27025,1.1749626,1.567081,27.537176,31.644327,23.347397,23.132801,22.453207,34.15158,32.443703,32.104713,33.850834,31.055676,37.0982,37.0024,43.65757,42.610744,46.21452,2.118378,2.1106446,7.075447,8.207959,1384.81,48.82337,0.041015625,0.30408558,0.001098633,25,20,0.44721437,0.3346604,0.24523781,0.27997327,0.37068257,0.8210412,0.6818613,18.720625,16.734293,15.083005,17.57231,17.34421,19.29622,19.090084,17.789276,19.70378,16.008175,16.010721,18.016891,15.17486,16.907862,16.874105,17.199005,19.642584,18.078907,18.649782,19.119158,17.69302,17.15928,16.724455,18.307528,20.033268,18.651093,18.789646,17.816525,18.731915,16.603426,15.996156,18.10368,19.57529,18.288494,16.103863,18.083357,18.17308,16.065512,15.912865,17.550714,19.595608,17.640018,17.340536,19.891497,18.409676,18.328135,19.285383,18.87732,1.3710217,2.1145113,7.641703,0.45438161,29.590752,33.29764,37.0503,17.691534,16.956627,18.152454,18.088861,17.457495,18.64155,42.17
4446026.924,657899.7026,11.603074,1.1797383,1.6164981,27.507492,31.638485,23.320429,23.059305,22.453232,35.106598,32.82435,32.966427,34.917995,32.442043,36.411877,36.547558,42.831535,41.776123,44.928383,2.1519582,2.1101089,7.086411,8.210168,1384.78,59.044468,-0.080078125,0.4177717,-0.003295898,25,20,0.44721437,0.3346604,0.24523781,0.27997327,0.37068257,0.8210412,0.6818613,18.720625,16.734293,15.083005,17.57231,17.34421,19.29622,19.090084,17.789276,22.674938,20.00732,18.238379,21.155252,17.12229,20.703968,20.58076,20.409039,19.742397,18.200493,18.622324,19.160528,17.672426,17.20259,16.779995,18.357664,20.066956,18.700872,18.723032,17.81846,18.664162,16.642633,16.048483,18.120272,19.284801,17.961304,15.862587,17.473597,17.698229,15.577449,15.257273,17.114573,19.595608,17.640018,17.340536,19.891497,18.409676,18.328135,19.285383,18.87732,1.3981183,2.1310334,7.6482897,0.45438161,29.572989,33.965473,36.479717,17.691534,20.068987,18.19725,18.094942,17.016462,18.64155,42.17
4446026.924,657904.7026,15.692814,1.1851496,1.6584162,27.479446,31.632841,23.32857,22.993248,22.463837,36.08404,33.2134,33.852062,36.028824,33.917572,35.687416,36.06918,41.961082,40.909286,43.54634,2.190105,2.1095896,7.0983944,8.2092705,1384.75,59.0431,0.040039062,0.50137013,0.001098633,25,20,0.46083537,0.3238893,0.24590327,0.275359,0.3646536,0.84697217,0.7393772,19.00786,17.357285,17.132437,17.763205,15.885408,19.368296,18.823666,18.039856,22.801031,19.781605,17.389456,21.076424,17.477213,20.99417,20.968197,20.415518,19.816345,18.111631,18.73051,17.780806,17.212166,19.419865,16.695795,18.47032,19.53331,19.36845,17.953608,18.373083,17.311443,17.194164,16.306835,18.006313,19.390337,17.844074,16.318638,18.073658,17.248468,16.292957,15.290971,17.35071,19.20287,20.20844,18.808273,20.273306,17.706078,20.149843,19.545803,19.594896,1.4217829,2.1498473,7.6538324,0.4652843,29.556145,34.64872,35.878296,17.90545,20.069729,18.252445,18.005844,17.208445,19.413515,42.17
4446026.924,657909.7026,12.170434,1.1909727,1.6947242,27.455343,31.627037,23.354074,22.931902,22.484575,37.044823,33.599586,34.729248,37.15076,35.352272,34.93665,35.59777,41.093838,40.036266,42.18154,2.2259634,2.1092062,7.110473,8.206972,1384.71,59.927063,0.0390625,0.62875855,0.005493164,25,20,0.46083537,0.3238893,0.24590327,0.275359,0.3646536,0.84697217,0.7393772,17.975498,18.469769,17.5799,18.483408,17.352575,19.317537,18.34793,18.333147,22.969067,20.915344,18.686563,22.246695,18.103924,20.788784,21.526533,21.02945,22.58551,20.73104,19.334293,21.0758,17.058855,18.907335,18.051977,19.851994,23.342167,21.3792,19.622839,20.86419,17.871231,18.7834,18.657406,20.077427,18.925293,19.776419,16.90591,19.372797,18.38497,16.743048,16.582922,18.064264,19.603802,19.372507,18.475346,19.434917,17.849289,18.92983,19.703535,19.12182,1.4428484,2.167585,7.658723,0.4652843,29.541191,35.322205,35.267212,18.218088,20.748133,19.67783,20.074347,18.098766,19.052748,42.17
4446026.924,657914.7026,8.834459,1.1814146,1.7301044,27.803337,31.502464,23.361528,22.88515,22.471273,37.832565,33.90915,35.53184,38.21137,36.70392,34.26123,35.23861,40.46218,39.38731,40.966583,2.2559032,2.105687,7.110502,8.203658,1384.66,63.434948,0.16064453,0.76862615,0.008911133,25,20,0.46083537,0.3238893,0.24590327,0.275359,0.3646536,0.84697217,0.7393772,17.73964,18.243872,17.344978,18.251932,17.141285,19.096449,18.129032,18.105371,21.950764,19.765766,17.678675,20.952862,16.662664,18.972855,19.649946,19.651752,22.557474,20.708431,19.298199,21.061483,17.0728,18.902456,18.043331,19.837862,23.331196,21.362385,19.620415,20.857862,17.866018,18.791021,18.6577,20.073214,18.761503,19.62271,16.682652,19.194445,18.227634,16.654013,16.495455,17.918438,17.931446,17.689753,18.04816,17.764853,17.221008,17.538801,16.527788,17.539005,1.4557595,2.1807952,7.6570797,0.4652843,29.6529,35.870857,34.74992,17.992456,19.376219,19.663454,20.069515,17.948343,17.531687,42.17
4446021.924,657759.7026,6.055293,1.2262735,1.3189002,28.427202,34.13212,27.82545,27.690569,24.712189,31.232399,30.378067,30.181295,32.612614,33.022354,39.95315,35.45934,40.792503,39.91783,43.615,2.5539532,2.1666877,6.489472,7.963073,1384.89,0,0.080078125,0.11470331,0.004394531,10,20,0.44970685,0.33067936,0.23703894,0.2802134,0.38313818,0.82188565,0.69263947,19.009983,17.19626,17.030447,19.66735,17.105564,19.923399,18.348715,18.515688,17.621357,15.278447,15.218187,15.95745,15.324619,17.796204,16.93558,16.537617,19.809616,17.360962,17.843363,18.061186,18.822876,17.56421,17.088312,18.217049,19.864487,18.460054,18.168095,17.05694,17.662563,16.73319,17.269575,17.91093,18.111584,19.259533,15.56866,15.766895,14.956575,15.450991,15.700608,16.441986,19.043861,18.504654,18.428755,17.913519,18.190634,18.245264,17.981014,18.28676,1.2725868,2.3603206,7.2262726,0.4564717,31.27966,30.805233,37.706245,18.32596,16.304548,18.078646,17.887844,16.40212,18.329672,42.17
4446021.924,657764.7026,6.347567,1.2226955,1.3322712,28.429037,34.13057,27.653543,27.612698,24.658075,31.147173,30.34353,30.148924,32.76063,32.649143,39.999153,35.560066,40.980923,39.874393,43.94129,2.5543349,2.1664445,6.4889073,7.970145,1384.88,15.255118,-0.080078125,0.16347715,-0.005615234,10,20,0.44970685,0.33067936,0.23703894,0.2802134,0.38313818,0.82188565,0.69263947,18.869198,18.528427,16.525274,19.247635,17.150675,19.701176,19.003937,18.583845,17.322111,16.30222,14.746233,15.699683,15.576851,17.480715,18.546843,16.798195,21.489681,18.440424,16.116062,18.110039,19.501621,16.97913,18.422382,18.493979,20.41422,18.715338,17.100164,17.383165,17.297255,18.061234,18.210491,18.259052,20.238415,18.463425,15.671008,16.556124,14.7367115,15.090552,15.8430605,16.667023,21.335016,16.557404,16.60458,17.357243,17.002274,18.015577,17.463749,17.807562,1.2774833,2.3603897,7.2295265,0.4564717,31.279804,30.745352,37.77961,18.432331,16.52495,18.437046,18.168839,16.657042,17.762264,42.17
4446021.924,657769.7026,6.912753,1.2191117,1.3314679,28.428526,34.12826,27.586975,27.553091,24.625465,31.095345,30.33332,30.108324,32.84243,32.35396,40.039402,35.64811,41.108315,39.868767,44.152485,2.5503416,2.1660113,6.49003,7.975241,1384.88,18.434948,0,0.1813615,0,10,20,0.44970685,0.33067936,0.23703894,0.2802134,0.38313818,0.82188565,0.69263947,18.869198,18.528427,16.525274,19.247635,17.150675,19.701176,19.003937,18.583845,17.322111,16.30222,14.746233,15.699683,15.576851,17.480715,18.546843,16.798195,21.489681,18.440424,16.116062,18.110039,19.501621,16.97913,18.422382,18.493979,20.41422,18.715338,17.100164,17.383165,17.297255,18.061234,18.210491,18.259052,20.238415,18.463425,15.671008,16.556124,14.7367115,15.090552,15.8430605,16.667023,21.335016,16.557404,16.60458,17.357243,17.002274,18.015577,17.463749,17.807562,1.2752898,2.3581765,7.2326355,0.4564717,31.278393,30.714333,37.843758,18.432331,16.52495,18.437046,18.168839,16.657042,17.762264,42.17
4446021.924,657774.7026,6.538962,1.2159144,1.299568,28.142036,34.060127,27.789099,27.51959,24.33767,31.174982,30.455248,30.041775,32.74268,32.21214,40.063507,35.651897,41.152622,39.994473,44.143707,2.534204,2.174587,6.506805,7.9806867,1384.87,33.690067,-0.040039062,0.20678371,-0.003295898,10,20,0.44970685,0.33067936,0.23703894,0.2802134,0.38313818,0.82188565,0.69263947,19.134684,18.090855,15.540747,18.792997,17.228722,20.123495,18.98209,18.40954,19.241003,16.550844,15.3189945,15.808721,15.453651,17.449291,18.122236,17.149426,20.232742,18.735834,18.697353,17.393667,19.500183,18.5445,17.117506,18.720629,18.852945,19.321127,16.832241,16.752687,17.977581,17.818892,17.91282,17.870987,19.752789,18.696499,15.839724,15.872395,15.347876,15.500784,16.148859,16.816767,20.761507,17.86671,18.744308,18.285717,19.663702,19.51383,18.129004,19.120869,1.2577412,2.3543954,7.243746,0.4564717,31.101082,30.815115,37.857704,18.270514,16.849249,18.603113,17.924044,16.73699,18.994968,42.17
4446021.924,657779.7026,12.990092,1.2121452,1.2413006,28.126863,34.05626,28.309887,27.597733,24.43443,31.319202,30.560846,30.002083,32.43461,32.16552,40.076572,35.611652,40.860077,40.187244,43.9427,2.5090802,2.173375,6.533592,7.979531,1384.86,21.03751,-0.080078125,0.1997035,-0.005615234,10,20,0.44970685,0.33067936,0.23703894,0.2802134,0.38313818,0.82188565,0.69263947,19.60524,17.002655,15.0097685,18.751333,16.05172,19.408155,18.407455,17.882652,20.35222,15.868721,15.231502,16.203104,14.899708,17.256954,18.080801,17.129278,18.39001,17.56079,17.167295,17.51998,18.18865,18.983456,18.314514,18.128216,18.613363,18.117771,15.841568,17.213003,18.018883,16.733543,17.758753,17.372805,19.59776,17.800505,15.542326,16.713663,15.501753,15.14929,15.782525,16.660355,21.13197,17.931604,17.853786,20.076967,18.500916,18.027697,18.118166,18.851866,1.226723,2.3412275,7.2565613,0.4564717,31.09156,30.940025,37.844112,17.748047,16.84186,18.017813,17.470984,16.583975,18.805874,42.17
4446021.924,657784.7026,17.803131,1.2084668,1.1750135,28.109837,34.051666,28.87601,27.649576,24.521955,31.472622,30.675114,29.94916,32.121555,32.220562,40.101547,35.5831,40.552307,40.405136,43.69282,2.4832656,2.1720247,6.563117,7.9777374,1384.86,18.434948,0.040039062,0.22670145,0.002197266,10,20,0.4340338,0.323486,0.24317828,0.27933052,0.36339235,0.8254834,0.6917922,19.60524,17.002655,15.0097685,18.751333,16.05172,19.408155,18.407455,17.882652,20.35222,15.868721,15.231502,16.203104,14.899708,17.256954,18.080801,17.129278,18.39001,17.56079,17.167295,17.51998,18.18865,18.983456,18.314514,18.128216,18.613363,18.117771,15.841568,17.213003,18.018883,16.733543,17.758753,17.372805,19.59776,17.800505,15.542326,16.713663,15.501753,15.14929,15.782525,16.660355,21.13197,17.931604,17.853786,20.076967,18.500916,18.027697,18.118166,18.851866,1.1917402,2.3276453,7.270427,0.45152807,31.080751,31.073868,37.842323,17.748047,16.84186,18.017813,17.470984,16.583975,18.805874,42.17
4446021.924,657789.7026,19.635508,1.2049661,1.1098658,28.092888,34.04661,29.404594,27.648018,24.579025,31.595722,30.775713,29.878523,31.865883,32.352787,40.15716,35.59287,40.288963,40.621494,43.467175,2.461409,2.1706002,6.592511,7.976027,1384.85,14.0362425,-0.040039062,0.23646592,-0.003295898,10,20,0.4340338,0.323486,0.24317828,0.27933052,0.36339235,0.8254834,0.6917922,19.12858,15.429972,14.701675,19.076582,15.491582,19.347948,18.959852,17.594578,19.603636,15.799322,15.190008,16.074614,15.005257,18.308107,18.08596,17.186615,20.342743,16.961325,16.302113,17.223894,16.470524,16.110455,16.806204,17.166761,19.289219,16.948809,16.087112,17.212965,17.947847,15.75331,17.019611,17.153181,19.81248,17.847715,16.545849,18.538103,15.52675,15.329002,15.33992,17.102463,20.739254,18.340649,18.264133,20.42661,18.493633,17.573772,18.668457,19.002052,1.1574159,2.3160048,7.2842693,0.45152807,31.06975,31.185719,37.875015,17.448027,16.866701,17.173895,17.17984,16.991404,18.929502,42.17
4446021.924,657794.7026,14.150214,1.2016956,1.0494026,28.07647,34.041706,29.86172,27.588339,24.599365,31.662264,30.846598,29.787006,31.674242,32.539513,40.263493,35.643723,40.091854,40.83513,43.299213,2.4460773,2.1691093,6.6187997,7.973524,1384.85,14.0362425,0.040039062,0.23646592,0.003295898,10,20,0.4340338,0.323486,0.24317828,0.27933052,0.36339235,0.8254834,0.6917922,18.853323,17.323618,15.31586,20.040096,15.027596,19.843752,18.683796,18.095537,20.036386,15.641205,14.512321,17.192495,14.423653,17.681555,18.31712,17.155642,19.16383,16.892628,17.128544,17.317078,16.646738,17.316126,16.38922,17.329706,17.478672,16.834864,15.929132,17.355295,17.57594,15.627429,17.041813,16.839493,20.105932,18.38543,17.141056,18.539825,16.11794,16.014837,16.77435,17.640278,21.18897,17.88293,17.52425,18.336952,18.271698,18.588696,19.23332,18.697372,1.1255491,2.3075933,7.2961617,0.45152807,31.059088,31.25443,37.953606,17.86972,16.829248,17.26488,16.834734,17.582767,18.718119,42.17
4446021.924,657799.7026,12.139468,1.1986789,0.99447453,28.062088,34.03866,30.193083,27.476467,24.585476,31.632101,30.865213,29.674274,31.508053,32.719753,40.442642,35.707344,39.99255,41.072174,43.215412,2.4386683,2.167527,6.628928,7.9657817,1384.84,23.944466,0,0.28219146,0,25,20,0.4340338,0.323486,0.24317828,0.27933052,0.36339235,0.8254834,0.6917922,18.853323,17.323618,15.31586,20.040096,15.027596,19.843752,18.683796,18.095537,20.036386,15.641205,14.512321,17.192495,14.423653,17.681555,18.31712,17.155642,19.16383,16.892628,17.128544,17.317078,16.646738,17.316126,16.38922,17.329706,17.478672,16.834864,15.929132,17.355295,17.57594,15.627429,17.041813,16.839493,20.105932,18.38543,17.141056,18.539825,16.11794,16.014837,16.77435,17.640278,21.18897,17.88293,17.52425,18.336952,18.271698,18.588696,19.23332,18.697372,1.0965767,2.3030977,7.2973547,0.45152807,31.050373,31.248657,38.074993,17.86972,16.829248,17.26488,16.834734,17.582767,18.718119,42.17
4446021.924,657804.7026,15.923557,1.1878296,0.94251335,28.230686,33.584133,30.296741,27.305452,24.475615,31.483883,30.87523,29.491625,31.32055,32.786724,40.66767,35.87435,40.217484,41.391064,43.25423,2.4207876,2.1822686,6.607023,7.953898,1384.83,31.731932,0.0390625,0.35339427,0.004394531,25,20,0.4340338,0.323486,0.24317828,0.27933052,0.36339235,0.8254834,0.6917922,18.873478,17.016415,15.649313,18.205114,15.826375,19.510336,18.331848,17.851171,20.812893,15.592359,14.91039,17.052696,14.364874,17.412413,17.469458,17.062725,20.714605,16.575628,16.742117,17.974314,16.818556,17.402882,17.001955,17.757345,20.15578,17.535744,16.128414,18.366781,17.686752,15.593041,16.547415,17.428608,20.696873,18.451656,16.893757,19.098986,15.971757,16.435888,16.466324,17.779236,22.495266,18.657413,19.63647,19.029188,19.38377,19.449217,18.893967,19.64301,1.0651715,2.301528,7.2804604,0.45152807,30.90741,31.179558,38.27101,17.630413,16.802155,17.604294,17.430561,17.716463,19.649326,42.17
4446021.924,657809.7026,20.612415,1.1852287,0.8960781,28.223206,33.330418,30.228836,27.107975,24.102558,31.183798,30.576857,29.364,31.123053,32.811756,41.039406,36.089153,40.566353,41.769592,43.37243,2.4269238,2.1749418,6.559995,7.930359,1384.81,38.275826,0.041015625,0.34634364,0,25,20,0.4340338,0.323486,0.24317828,0.27933052,0.36339235,0.8254834,0.6917922,19.433916,17.756691,16.3493,18.823347,16.295904,19.918518,18.68826,18.434387,19.753948,16.40555,15.17576,18.14649,14.486504,17.435865,18.596178,17.507542,19.62785,18.520376,16.043024,20.201302,16.570293,16.615507,18.389904,18.225153,20.1289,18.47491,16.07837,20.956022,18.01819,14.960385,18.2489,18.095644,20.54002,18.209782,16.70122,18.606276,17.935804,16.141598,16.13808,17.779795,20.66846,17.219948,17.674206,17.650122,19.9365,18.385603,19.028154,18.771273,1.0406535,2.300933,7.2451773,0.45152807,30.776812,30.880327,38.564278,18.180847,17.1429,17.995466,18.123669,17.753254,18.651857,42.17
4446021.924,657814.7026,10.152592,1.1829224,0.85746247,28.216274,33.33403,30.057259,26.862993,23.980476,30.797348,30.39883,29.210546,30.988476,32.91466,41.491966,36.171207,40.84421,42.10423,43.5252,2.4411922,2.173415,6.507142,7.9028916,1384.79,29.728739,-0.12011719,0.23095241,-0.005493164,25,20,0.4514702,0.32528058,0.24223533,0.27661046,0.35560727,0.82495356,0.71150935,19.433916,17.756691,16.3493,18.823347,16.295904,19.918518,18.68826,18.434387,22.93846,19.45288,17.497196,20.50609,17.440908,20.412334,20.728764,20.111246,19.67791,18.570013,16.021057,20.203678,16.549702,16.740307,18.36637,18.254461,20.161678,18.406538,16.084988,20.93772,18.023941,14.961577,18.298784,18.102911,20.2031,17.812872,16.223902,18.388443,17.357769,15.548085,15.539925,17.31867,20.66846,17.219948,17.674206,17.650122,19.9365,18.385603,19.028154,18.771273,1.0201924,2.3073034,7.205017,0.45538098,30.775152,30.59809,38.83159,18.180847,19.853806,18.018435,18.125032,17.296299,18.651857,42.17
4446021.924,657819.7026,23.3168,1.1805421,0.82407683,28.208153,33.33797,29.764776,26.569231,23.822515,30.342081,30.19306,29.064007,30.93428,33.10118,42.022976,36.2839,41.194458,42.42122,43.696213,2.4616048,2.1718576,6.4547534,7.8761835,1384.79,18.434948,0.080078125,0.1813615,0.002197266,25,20,0.4514702,0.32528058,0.24223533,0.27661046,0.35560727,0.82495356,0.71150935,17.909184,17.864805,16.146503,18.702229,16.922861,20.774036,18.588415,18.407635,22.854565,19.484043,17.148949,19.997633,18.443739,20.49967,20.737684,20.132812,19.180508,17.335367,17.833437,21.418646,18.504103,16.33206,17.033392,18.369574,20.388203,18.00386,16.51595,19.908903,18.489975,15.880162,17.80897,18.051922,19.26331,17.837229,16.764236,17.833994,17.563917,14.826408,16.443472,17.140226,20.57844,16.00227,17.67561,18.297216,16.233765,17.589708,18.233068,18.008749,1.0023094,2.3167312,7.165468,0.45538098,30.773062,30.26757,39.15344,18.129719,19.8809,18.23393,18.14229,17.218939,17.80144,42.17
4446021.924,657824.7026,26.389435,1.1779319,0.79470307,28.19853,33.342274,29.336864,26.230263,23.629255,29.823332,29.969774,28.942047,30.959545,33.366646,42.62868,36.41065,41.61401,42.719864,43.873005,2.485685,2.1702895,6.4025993,7.850649,1384.78,0,-0.12011719,0.17205468,-0.005615234,25,20,0.4514702,0.32528058,0.24223533,0.27661046,0.35560727,0.82495356,0.71150935,18.335838,18.765005,15.787463,18.81604,16.32203,20.776901,17.76365,18.371534,22.52573,19.114435,17.622137,20.66298,17.670471,20.017292,20.819569,20.040312,18.780111,17.271458,17.983492,20.26722,17.756294,17.849443,17.392397,18.405777,19.796848,17.470518,17.279373,19.512255,18.02297,16.503525,17.958689,17.994892,19.017546,17.319891,16.246235,17.29111,15.728727,14.872924,17.058834,16.822073,19.513054,18.53825,18.214756,18.31975,16.754549,17.704458,18.237371,18.41557,0.9863175,2.3279872,7.126624,0.45538098,30.770401,29.896553,39.519665,18.08099,19.776089,18.185772,18.07774,16.790752,18.18317,42.17
4446021.924,657829.7026,21.306973,1.1708574,0.7745126,28.020226,33.802265,28.795012,25.870142,23.482199,29.313597,29.356503,28.857622,31.01928,33.666176,43.228653,36.611298,42.07377,43.021748,44.07597,2.5076835,2.1705515,6.362878,7.8287716,1384.79,344.74487,0.080078125,0.16347715,0.003295898,25,20,0.4514702,0.32528058,0.24223533,0.27661046,0.35560727,0.82495356,0.71150935,18.335838,18.765005,15.787463,18.81604,16.32203,20.776901,17.76365,18.371534,22.52573,19.114435,17.622137,20.66298,17.670471,20.017292,20.819569,20.040312,18.780111,17.271458,17.983492,20.26722,17.756294,17.849443,17.392397,18.405777,19.796848,17.470518,17.279373,19.512255,18.02297,16.503525,17.958689,17.994892,19.017546,17.319891,16.246235,17.29111,15.728727,14.872924,17.058834,16.822073,19.513054,18.53825,18.214756,18.31975,16.754549,17.704458,18.237371,18.41557,0.972685,2.3391175,7.0958247,0.45538098,30.911245,29.335049,39.919975,18.08099,19.776089,18.185772,18.07774,16.790752,18.18317,42.17
4446021.924,657834.7026,18.908377,1.1672553,0.7920619,28.020493,33.79993,28.360254,25.592262,23.385832,29.325327,29.278608,28.840168,30.880543,33.488686,43.176178,36.762535,42.408546,43.372585,44.364197,2.5016134,2.168817,6.416727,7.839487,1384.79,348.69006,0,0.14621848,0,25,20,0.4514702,0.32528058,0.24223533,0.27661046,0.35560727,0.82495356,0.71150935,18.121077,17.85974,15.46726,17.84804,16.032774,19.677456,18.13908,17.819857,22.919231,18.614368,18.374388,19.537767,17.271225,19.198002,20.53789,19.708086,20.301683,16.591587,15.940912,19.636808,17.946133,17.835777,18.349277,18.173992,20.365597,17.079037,16.674107,18.451187,18.198088,15.458506,17.757347,17.56717,19.353481,17.467306,15.482608,17.235367,16.531982,14.239074,16.107845,16.580883,18.979736,18.563543,16.993938,18.958073,17.048483,17.664341,18.536068,18.241825,0.9796586,2.335215,7.128107,0.45538098,30.910212,29.301968,39.969357,17.592205,19.493267,18.086027,17.71198,16.631094,18.106312,42.17
4446021.924,657839.7026,22.29102,1.1637908,0.832606,28.036028,33.405094,27.935932,25.3601,23.49943,29.681538,29.330711,28.944801,30.61969,33.025074,42.68435,37.043606,42.680744,43.752083,44.72011,2.4765742,2.1572204,6.535671,7.8784475,1384.79,338.19858,-0.080078125,0.15442389,-0.004394531,25,20,0.4514702,0.32528058,0.24223533,0.27661046,0.35560727,0.82495356,0.71150935,18.134302,18.44488,16.021248,17.344147,17.717281,19.469788,17.464628,17.987059,22.793583,18.91538,17.738028,19.367998,17.178677,20.208675,19.9608,19.662828,19.347872,18.947647,16.171885,17.698668,18.4562,17.416004,16.525793,17.849262,19.268475,18.41469,15.411074,16.932413,18.157698,15.886915,15.824225,17.006224,18.87095,18.028803,14.404221,17.505127,16.465178,14.373017,14.283574,16.267162,19.606236,19.79334,18.386555,18.340195,17.475822,17.258121,18.244146,18.431976,0.9981984,2.3168974,7.2070594,0.45538098,30.720562,29.506124,39.863976,17.799469,19.451878,17.794867,17.127928,16.275839,18.443487,42.17
4446021.924,657844.7026,22.496511,1.1585283,0.88056874,28.047834,33.39729,27.403791,25.113667,23.464268,29.991703,29.33654,29.017353,30.395761,32.562664,42.24225,37.22508,43.023113,44.132618,45.073586,2.4480457,2.1552422,6.6534085,7.913671,1384.8,329.05682,0,0.16696724,0,25,20,0.4356366,0.32852957,0.2450876,0.27970436,0.35672688,0.82318515,0.70564574,18.134302,18.44488,16.021248,17.344147,17.717281,19.469788,17.464628,17.987059,22.793583,18.91538,17.738028,19.367998,17.178677,20.208675,19.9608,19.662828,19.347872,18.947647,16.171885,17.698668,18.4562,17.416004,16.525793,17.849262,19.268475,18.41469,15.411074,16.932413,18.157698,15.886915,15.824225,17.006224,18.87095,18.028803,14.404221,17.505127,16.465178,14.373017,14.283574,16.267162,19.606236,19.79334,18.386555,18.340195,17.475822,17.258121,18.244146,18.431976,1.0195485,2.3016438,7.28354,0.45350227,30.72256,29.664122,39.733665,17.799469,19.451878,17.794867,17.127928,16.275839,18.443487,42.17
4446021.924,657849.7026,29.877993,1.1530637,0.9303438,28.05916,33.38987,26.774393,24.847727,23.409714,30.24618,29.33751,29.10624,30.226261,32.13303,41.860683,37.40004,43.419197,44.4953,45.422955,2.4177876,2.153335,6.7630477,7.948957,1384.81,326.35037,0.041015625,0.20605634,0.001098633,25,20,0.4356366,0.32852957,0.2450876,0.27970436,0.35672688,0.82318515,0.70564574,19.875456,18.671198,15.441203,18.761566,16.14902,20.27315,18.193874,18.488934,19.276913,17.179462,15.1051655,16.159204,15.513418,16.439665,16.829025,16.838268,19.293926,19.985937,16.152557,18.126087,16.03216,16.951143,16.6451,17.720102,19.69228,19.294561,16.969364,18.499788,17.022423,16.43902,16.33777,17.7122,19.88709,18.122936,16.428097,17.833643,17.422422,15.755315,14.821981,17.203821,19.126686,19.747078,17.754183,17.677322,18.786182,16.704054,18.912306,18.225481,1.0417037,2.2855613,7.3560023,0.45350227,30.724514,29.791843,39.630363,18.195066,16.643265,17.59813,17.750744,17.181643,18.38683,42.17
4446021.924,657854.7026,25.361816,1.1474957,0.9844949,28.003656,32.798103,26.08857,24.56228,23.388414,30.708101,30.052132,29.809874,30.299156,31.78676,41.311466,37.225285,43.26632,44.480335,45.654095,2.3902807,2.1374276,6.860131,7.981241,1384.82,327.97888,-0.000976563,0.26974717,0,25,20,0.4356366,0.32852957,0.2450876,0.27970436,0.35672688,0.82318515,0.70564574,19.674633,18.123749,15.239737,18.944044,16.32669,20.318861,18.96425,18.520926,18.503227,15.677328,15.360672,15.763558,15.156944,17.779337,17.841898,16.913067,19.36329,18.42528,17.401966,17.219828,16.524555,16.651503,16.876717,17.60755,19.465319,18.242853,16.75762,18.616518,17.14935,16.202044,16.106426,17.53306,19.807316,18.890379,16.191133,17.627426,17.151323,16.208782,15.224258,17.40411,20.3995,17.466328,18.285618,17.1716,17.70494,17.356531,18.611603,18.10994,1.0659953,2.263854,7.420686,0.45350227,30.400879,30.380116,39.268375,18.227423,16.58328,17.494734,17.505733,17.300089,18.142302,42.17
4446021.924,657859.7026,18.8799,1.1449057,1.0476769,27.83357,32.336178,25.518457,24.303358,23.389538,31.082825,30.66887,30.021963,30.345425,31.448874,40.858437,37.120903,43.474068,44.6617,45.87708,2.3512762,2.1150537,6.943784,8.0188055,1384.83,334.64114,-0.040527344,0.30088612,-0.002197266,25,20,0.4356366,0.32852957,0.2450876,0.27970436,0.35672688,0.82318515,0.70564574,19.674633,18.123749,15.239737,18.944044,16.32669,20.318861,18.96425,18.520926,18.503227,15.677328,15.360672,15.763558,15.156944,17.779337,17.841898,16.913067,19.36329,18.42528,17.401966,17.219828,16.524555,16.651503,16.876717,17.60755,19.465319,18.242853,16.75762,18.616518,17.14935,16.202044,16.106426,17.53306,19.807316,18.890379,16.191133,17.627426,17.151323,16.208782,15.224258,17.40411,20.3995,17.466328,18.285618,17.1716,17.70494,17.356531,18.611603,18.10994,1.0962913,2.2331648,7.4812946,0.45350227,30.084873,30.875847,38.98967,18.227423,16.58328,17.494734,17.505733,17.300089,18.142302,42.17
4446021.924,657864.7026,12.41966,1.1410764,1.1203808,27.842402,32.326557,25.029333,24.095963,23.321833,31.436703,30.76182,30.235765,30.545979,31.138597,40.400616,37.23065,43.681564,44.65192,46.115368,2.3128657,2.1138766,7.0040946,8.052979,1384.84,338.21667,-0.040039062,0.30861828,-0.003295898,10,20,0.4356366,0.32852957,0.2450876,0.27970436,0.35672688,0.82318515,0.70564574,19.696127,17.305447,16.802132,19.37953,16.57192,20.300323,19.410538,18.698488,19.234867,16.678408,15.169214,16.522215,15.17132,17.154425,18.243908,17.134357,20.47503,17.750662,18.026981,17.404327,16.192019,15.851945,17.580502,17.592537,20.18495,17.485453,16.728565,18.822062,17.738277,15.18632,15.645492,17.350677,19.025036,19.107052,16.409388,18.370024,16.533146,15.274041,15.7807665,17.239513,21.856241,18.596382,17.79233,19.236517,17.97925,18.038227,18.11035,18.845852,1.1307286,2.2133713,7.528537,0.45350227,30.08448,31.099262,38.815636,18.495146,16.882051,17.611637,17.398731,17.214207,18.801329,42.17
4446021.924,657869.7026,14.7794285,1.1376797,1.2008477,27.851255,32.31614,24.661705,23.9257,23.26565,31.831524,30.881063,30.456427,30.880445,30.85411,39.89387,37.32919,43.800385,44.499313,46.32585,2.268122,2.1127768,7.042533,8.085481,1384.85,343.30075,-0.040039062,0.29938212,-0.001098633,10,20,0.4356366,0.32852957,0.2450876,0.27970436,0.35672688,0.82318515,0.70564574,18.838812,17.595541,16.669495,18.262531,16.165493,19.601252,18.130013,18.024982,17.906384,15.854345,15.428554,15.998584,14.726548,16.812544,16.138393,16.36208,19.435665,16.966043,17.702677,17.478619,16.22688,17.306704,16.822102,17.489023,19.058979,17.021145,16.496067,17.768394,17.935844,15.2528,15.194646,16.92861,19.732567,18.312155,15.691867,17.275988,16.057148,15.306303,15.222696,16.810886,19.542297,17.914774,19.204763,18.667765,16.531141,18.468428,18.235683,18.551678,1.1692637,2.1904492,7.564007,0.45350227,30.083698,31.356293,38.61153,17.894733,16.123623,17.419813,16.961126,16.799818,18.366407,42.17
4446021.924,657874.7026,11.083526,1.1341306,1.2833933,27.80037,31.725685,24.330748,23.74979,22.59444,32.398937,31.892147,30.969305,31.345009,30.56542,39.204502,36.994167,43.695168,44.188583,46.526176,2.2159405,2.1138153,7.0681877,8.119117,1384.86,354.2894,0.080078125,0.28818646,0.004394531,10,20,0.44721437,0.3346604,0.24523781,0.27997327,0.37068257,0.8210412,0.6818613,19.153957,17.796738,16.936167,18.53466,16.42398,19.860556,18.391407,18.289423,17.93021,15.862851,15.445564,16.016302,14.742496,16.831873,16.153582,16.379301,19.615864,17.009459,17.798136,17.575153,16.311438,17.426893,16.98274,17.603424,19.071943,17.023932,16.498852,17.770714,17.937584,15.2528,15.203905,16.93343,19.687605,18.312155,15.667645,17.258753,16.057148,15.258942,15.222696,16.789782,19.202732,17.832981,19.11011,18.586805,16.447948,18.3957,18.065952,18.41707,1.2087619,2.164878,7.5936522,0.45438161,29.763027,32.145542,38.099335,18.156782,16.14041,17.531384,16.965675,16.780706,18.234604,42.17
4446021.924,657879.7026,10.346289,1.1309441,1.3652359,27.813328,31.71432,24.03552,23.584494,22.584982,32.793247,32.07971,31.176275,31.818926,30.26081,38.61439,37.03346,43.778748,43.916702,46.76383,2.1572616,2.1125064,7.084561,8.149378,1384.86,357.27368,0.040039062,0.301435,0.002197266,10,20,0.44721437,0.3346604,0.24523781,0.27997327,0.37068257,0.8210412,0.6818613,18.621424,18.144682,15.500784,18.71075,16.395134,19.891445,17.8456,18.08311,18.135891,15.924578,15.822237,15.937557,15.214939,17.30759,16.502222,16.65617,20.637066,17.151281,18.042927,16.962189,17.890854,16.50637,18.086693,17.917906,19.731365,17.02291,16.038109,17.178375,18.67655,15.4874325,15.688962,17.053082,19.20799,18.019173,15.694018,16.950716,17.16082,14.684362,15.456178,16.701752,20.899673,18.112686,17.962746,18.632109,17.999584,16.47532,18.233932,18.352972,1.24809,2.1348839,7.616969,0.45438161,29.763824,32.436478,37.823925,17.872831,16.40643,17.896769,17.117672,16.739038,18.330862,42.17
4446021.924,657884.7026,11.686879,1.1743914,1.4507486,27.721607,31.85,23.845606,23.478096,22.629883,32.918316,31.888908,31.131214,32.24994,29.802347,38.208824,37.3038,44.029377,43.57031,47.13019,2.1356316,2.1026764,7.113928,8.178542,1384.86,7.4314075,0.040039062,0.33256215,0.004394531,10,20,0.44721437,0.3346604,0.24523781,0.27997327,0.37068257,0.8210412,0.6818613,18.621424,18.144682,15.500784,18.71075,16.395134,19.891445,17.8456,18.08311,18.135891,15.924578,15.822237,15.937557,15.214939,17.30759,16.502222,16.65617,20.637066,17.151281,18.042927,16.962189,17.890854,16.50637,18.086693,17.917906,19.731365,17.02291,16.038109,17.178375,18.67655,15.4874325,15.688962,17.053082,19.20799,18.019173,15.694018,16.950716,17.16082,14.684362,15.456178,16.701752,20.899673,18.112686,17.962746,18.632109,17.999584,16.47532,18.233932,18.352972,1.31257,2.119154,7.646235,0.45438161,29.785805,32.40361,37.75631,17.872831,16.40643,17.896769,17.117672,16.739038,18.330862,42.17
4446021.924,657889.7026,19.103142,1.1756788,1.5311843,27.767653,31.834187,23.509026,23.263317,22.657515,33.07796,32.04848,31.00029,32.5995,29.04319,37.50754,37.512177,44.515007,43.507538,47.787586,2.0410736,2.104193,7.142347,8.21743,1384.85,25.547056,0.040039062,0.36530888,0.002197266,10,20,0.44721437,0.3346604,0.24523781,0.27997327,0.37068257,0.8210412,0.6818613,17.92355,17.825285,15.753795,17.808714,16.623446,20.411608,18.721136,18.14127,20.262623,16.313156,15.441165,15.824657,15.421426,17.254662,16.909071,17.019619,22.402382,16.880749,17.895535,16.360594,17.876034,16.09018,17.923872,17.883432,20.999424,17.620579,17.400772,16.333752,17.953823,14.691122,16.655222,17.255484,21.78484,18.799616,15.70546,17.24527,17.439798,15.015161,15.728308,17.32354,21.53622,17.817791,17.068197,18.063162,16.441093,18.567905,19.056688,18.522715,1.3534316,2.0726333,7.6798887,0.45438161,29.800919,32.56322,37.509857,17.866789,16.775251,17.918478,17.379242,17.38835,18.364437,42.17
4446021.924,657894.7026,20.486162,1.1753746,1.5876884,27.578836,31.641129,23.400152,23.162956,22.554546,33.862236,32.36879,31.758461,33.53211,30.00827,36.918568,37.225098,44.011837,42.87602,46.908615,2.0537975,2.1140747,7.143487,8.22026,1384.83,38.979485,-0.041015625,0.386646,0,25,20,0.44721437,0.3346604,0.24523781,0.27997327,0.37068257,0.8210412,0.6818613,18.773525,17.777744,17.146423,18.036451,16.02229,20.216228,19.117199,18.351854,19.53758,16.38283,15.994779,15.6777315,15.432044,16.969584,16.925291,16.95534,21.25184,18.67417,18.663378,16.55624,16.465652,17.07775,17.171879,18.140203,19.624414,19.092838,18.448257,17.311459,17.895666,16.352104,16.305569,17.839615,21.028175,19.179996,16.410042,18.167418,17.40616,15.660802,15.280913,17.63587,20.480984,19.15692,17.643684,18.142595,18.280819,18.57663,19.007324,18.793638,1.3815315,2.0839362,7.6818733,0.45438161,29.609982,33.115513,37.07183,18.155697,16.702833,17.980131,17.861475,17.590502,18.755566,42.17
4446021.924,657899.7026,10.848488,1.1806114,1.6270255,27.525797,31.63834,23.44139,23.137669,22.526297,34.960342,32.786045,32.880463,34.76392,31.84815,36.333973,36.61306,42.85906,41.84644,45.246483,2.119244,2.1128993,7.134014,8.21079,1384.81,52.777943,0.12109375,0.449476,0.006713867,25,20,0.44721437,0.3346604,0.24523781,0.27997327,0.37068257,0.8210412,0.6818613,18.773525,17.777744,17.146423,18.036451,16.02229,20.216228,19.117199,18.351854,19.53758,16.38283,15.994779,15.6777315,15.432044,16.969584,16.925291,16.95534,21.25184,18.67417,18.663378,16.55624,16.465652,17.07775,17.171879,18.140203,19.624414,19.092838,18.448257,17.311459,17.895666,16.352104,16.305569,17.839615,21.028175,19.179996,16.410042,18.167418,17.40616,15.660802,15.280913,17.63587,20.480984,19.15692,17.643684,18.142595,18.280819,18.57663,19.007324,18.793638,1.4038184,2.1160717,7.672402,0.45438161,29.58207,33.87319,36.47352,18.155697,16.702833,17.980131,17.861475,17.590502,18.755566,42.17
4446021.924,657904.7026,14.63087,1.1862302,1.6642902,27.49161,31.633713,23.46331,23.094448,22.521797,35.93565,33.16866,33.826084,35.910084,33.392715,35.68552,36.110725,41.91403,40.93198,43.838688,2.1665666,2.1121712,7.1326904,8.206039,1384.77,61.935978,-0.040039062,0.48724142,0.001098633,25,20,0.46083537,0.3238893,0.24590327,0.275359,0.3646536,0.84697217,0.7393772,18.199123,17.281073,16.561623,17.218773,17.568085,19.390455,19.095911,18.02259,22.179377,19.87626,17.280388,20.506363,17.040083,20.639126,20.329468,20.040503,20.370655,18.03963,19.51296,17.754904,17.835608,17.713154,17.46082,18.2963,19.34141,19.127485,18.236156,17.107977,17.934258,17.159716,16.476665,17.838646,19.411242,17.744026,15.811499,16.827505,15.678252,15.520922,15.233686,16.649017,22.30104,17.916975,19.837849,17.807428,19.437963,18.489944,18.373547,19.089874,1.4252602,2.139369,7.669365,0.4652843,29.56266,34.552155,35.898125,17.90215,19.69301,18.38396,17.911953,16.603876,19.166393,42.17
4446021.924,657909.7026,16.143772,1.1837432,1.6950384,27.708847,31.112465,23.486448,23.063614,22.416075,36.74457,33.634773,34.707104,36.954304,34.729755,35.07223,35.81397,41.079235,40.16656,42.667862,2.2048109,2.1146495,7.122065,8.199087,1384.74,70.6401,0.2397461,0.5617248,0.014404297,25,20,0.46083537,0.3238893,0.24590327,0.275359,0.3646536,0.84697217,0.7393772,18.61216,16.220114,16.750086,17.72646,16.051857,19.884996,18.796326,17.933819,21.858444,19.299631,18.088657,20.608326,17.961826,20.254292,20.74494,20.146358,20.66333,17.403965,17.671618,18.80368,18.06037,18.474703,16.477444,18.35916,19.532501,18.217445,17.218388,18.302338,17.071966,17.850254,15.828787,17.86857,17.782623,18.11485,15.126523,17.421762,15.986665,15.620214,15.329628,16.53322,20.349483,17.913013,17.735397,18.251938,20.6118,18.895748,19.37324,18.901117,1.4393909,2.1597302,7.660576,0.4652843,29.410656,35.189674,35.4431,17.720285,19.830872,18.222158,17.717384,16.483181,19.018661,42.17
4446021.924,657914.7026,10.481321,1.1821171,1.7287989,27.811958,31.504997,23.489176,23.023197,22.49604,37.591526,33.81993,35.53388,38.068306,36.040813,34.400196,35.302727,40.386658,39.41103,41.468067,2.2370775,2.1078868,7.1200595,8.196522,1384.68,71.57438,0.041015625,0.679302,0.004516602,25,20,0.46083537,0.3238893,0.24590327,0.275359,0.3646536,0.84697217,0.7393772,18.798395,16.479675,16.92472,17.967733,16.289581,20.102886,19.026321,18.156403,22.295858,19.65629,17.708563,20.87357,17.172802,19.189205,19.53027,19.772552,22.386642,19.055445,18.76757,20.548037,19.51574,19.383192,17.361088,19.693752,22.290106,19.404839,18.72177,20.442734,18.121786,18.888662,18.3136,19.631277,18.150364,18.777527,16.39111,18.171652,17.409252,16.36204,16.242342,17.381433,17.489658,16.676502,16.348104,17.356709,18.618023,17.111488,16.76922,17.106794,1.4554579,2.172482,7.658291,0.4652843,29.658478,35.705727,34.851463,17.94133,19.489511,19.57396,19.454786,17.357754,17.195673,42.17
4446016.924,657759.7026,9.143878,1.2204858,1.3409477,28.432953,34.1289,27.406368,27.339714,24.581371,31.198744,30.40239,30.197771,32.81676,32.912376,39.888065,35.515556,41.07684,40.05614,43.96186,2.541089,2.1693823,6.4639983,7.963635,1384.9,341.56506,0.040039062,0.13602132,0.004394531,10,20,0.44970685,0.33067936,0.23703894,0.2802134,0.38313818,0.82188565,0.69263947,19.009983,17.19626,17.030447,19.66735,17.105564,19.923399,18.348715,18.515688,17.621357,15.278447,15.218187,15.95745,15.324619,17.796204,16.93558,16.537617,19.809616,17.360962,17.843363,18.061186,18.822876,17.56421,17.088312,18.217049,19.864487,18.460054,18.168095,17.05694,17.662563,16.73319,17.269575,17.91093,18.111584,19.259533,15.56866,15.766895,14.956575,15.450991,15.700608,16.441986,19.043861,18.504654,18.428755,17.913519,18.190634,18.245264,17.981014,18.28676,1.2807168,2.3552356,7.2138166,0.4564717,31.280926,30.800568,37.701813,18.32596,16.304548,18.078646,17.887844,16.40212,18.329672,42.17
4446016.924,657764.7026,10.148377,1.2169878,1.365336,28.439825,34.127045,27.043587,27.168116,24.476517,31.069542,30.35151,30.164703,33.093933,32.587784,39.921238,35.652637,41.40333,39.985767,44.349262,2.5452197,2.169251,6.4493637,7.9708467,1384.9,5.194428,0.040039062,0.15836725,0.002197266,10,20,0.44970685,0.33067936,0.23703894,0.2802134,0.38313818,0.82188565,0.69263947,18.869198,18.528427,16.525274,19.247635,17.150675,19.701176,19.003937,18.583845,17.322111,16.30222,14.746233,15.699683,15.576851,17.480715,18.546843,16.798195,21.489681,18.440424,16.116062,18.110039,19.501621,16.97913,18.422382,18.493979,20.41422,18.715338,17.100164,17.383165,17.297255,18.061234,18.210491,18.259052,20.238415,18.463425,15.671008,16.556124,14.7367115,15.090552,15.8430605,16.667023,21.335016,16.557404,16.60458,17.357243,17.002274,18.015577,17.463749,17.807562,1.2911619,2.3572354,7.210105,0.4564717,31.283436,30.710526,37.786938,18.432331,16.52495,18.437046,18.168839,16.657042,17.762264,42.17
4446016.924,657769.7026,11.533815,1.2152967,1.3885627,28.175104,34.059628,26.516031,26.885351,24.017498,30.924824,30.349901,30.090326,33.489212,32.33902,39.958546,35.828255,41.986965,39.91162,44.753414,2.551037,2.177989,6.428016,7.981567,1384.9,18.434948,0.080078125,0.1813615,0.006713867,10,20,0.44970685,0.33067936,0.23703894,0.2802134,0.38313818,0.82188565,0.69263947,18.869198,18.528427,16.525274,19.247635,17.150675,19.701176,19.003937,18.583845,17.322111,16.30222,14.746233,15.699683,15.576851,17.480715,18.546843,16.798195,21.489681,18.440424,16.116062,18.110039,19.501621,16.97913,18.422382,18.493979,20.41422,18.715338,17.100164,17.383165,17.297255,18.061234,18.210491,18.259052,20.238415,18.463425,15.671008,16.556124,14.7367115,15.090552,15.8430605,16.667023,21.335016,16.557404,16.60458,17.357243,17.002274,18.015577,17.463749,17.807562,1.3019297,2.364513,7.2047915,0.4564717,31.117367,30.637363,37.893402,18.432331,16.52495,18.437046,18.168839,16.657042,17.762264,42.17
4446016.924,657774.7026,9.389455,1.2114273,1.3490721,28.165098,34.05672,26.837282,26.893997,24.069857,31.034405,30.434875,30.07962,33.279945,32.17658,39.947773,35.785473,41.79964,40.08295,44.750923,2.5281842,2.1770873,6.445449,7.982485,1384.89,33.690067,0.040039062,0.20678371,0.003295898,10,20,0.44970685,0.33067936,0.23703894,0.2802134,0.38313818,0.82188565,0.69263947,19.134684,18.090855,15.540747,18.792997,17.228722,20.123495,18.98209,18.40954,19.241003,16.550844,15.3189945,15.808721,15.453651,17.449291,18.122236,17.149426,20.232742,18.735834,18.697353,17.393667,19.500183,18.5445,17.117506,18.720629,18.852945,19.321127,16.832241,16.752687,17.977581,17.818892,17.91282,17.870987,19.752789,18.696499,15.839724,15.872395,15.347876,15.500784,16.148859,16.816767,20.761507,17.86671,18.744308,18.285717,19.663702,19.51383,18.129004,19.120869,1.2802497,2.3526359,7.213967,0.4564717,31.110909,30.73464,37.866623,18.270514,16.849249,18.603113,17.924044,16.73699,18.994968,42.17
4446016.924,657779.7026,14.449495,1.2073528,1.2682754,28.140835,34.053154,27.598019,26.993408,24.195822,31.314354,30.61126,30.082546,32.76222,32.146584,39.91082,35.61778,41.285366,40.427376,44.509953,2.4874365,2.1758385,6.487872,7.980583,1384.88,18.434948,0,0.1813615,0,10,20,0.44970685,0.33067936,0.23703894,0.2802134,0.38313818,0.82188565,0.69263947,19.60524,17.002655,15.0097685,18.751333,16.05172,19.408155,18.407455,17.882652,20.35222,15.868721,15.231502,16.203104,14.899708,17.256954,18.080801,17.129278,18.39001,17.56079,17.167295,17.51998,18.18865,18.983456,18.314514,18.128216,18.613363,18.117771,15.841568,17.213003,18.018883,16.733543,17.758753,17.372805,19.59776,17.800505,15.542326,16.713663,15.501753,15.14929,15.782525,16.660355,21.13197,17.931604,17.853786,20.076967,18.500916,18.027697,18.118166,18.851866,1.2378141,2.3316374,7.2342277,0.4564717,31.096994,30.962807,37.764297,17.748047,16.84186,18.017813,17.470984,16.583975,18.805874,42.17
4446016.924,657784.7026,14.088329,1.2033868,1.1907295,28.12141,34.04911,28.212221,27.013376,24.274609,31.539192,30.763006,30.071411,32.353756,32.17029,39.886623,35.50497,40.902973,40.743862,44.31876,2.4508793,2.174562,6.519986,7.9785147,1384.88,12.9946165,0.080078125,0.19129118,0.005615234,10,20,0.4340338,0.323486,0.24317828,0.27933052,0.36339235,0.8254834,0.6917922,19.60524,17.002655,15.0097685,18.751333,16.05172,19.408155,18.407455,17.882652,20.35222,15.868721,15.231502,16.203104,14.899708,17.256954,18.080801,17.129278,18.39001,17.56079,17.167295,17.51998,18.18865,18.983456,18.314514,18.128216,18.613363,18.117771,15.841568,17.213003,18.018883,16.733543,17.758753,17.372805,19.59776,17.800505,15.542326,16.713663,15.501753,15.14929,15.782525,16.660355,21.13197,17.931604,17.853786,20.076967,18.500916,18.027697,18.118166,18.851866,1.1970582,2.3127208,7.2492504,0.45152807,31.08526,31.1511,37.695797,17.748047,16.84186,18.017813,17.470984,16.583975,18.805874,42.17
4446016.924,657789.7026,15.702448,1.1995971,1.1184795,28.10494,34.044926,28.706217,26.961834,24.31227,31.710762,30.891773,30.047152,32.033592,32.2395,39.886707,35.43262,40.621002,41.04873,44.184757,2.4194124,2.173251,6.5435476,7.975812,1384.87,11.309932,-0.040039062,0.21932714,-0.002197266,10,20,0.4340338,0.323486,0.24317828,0.27933052,0.36339235,0.8254834,0.6917922,19.39964,15.729383,14.984085,19.300703,15.790993,19.602678,19.237967,17.86759,19.623882,15.820585,15.207019,16.085247,15.02652,18.325605,18.106495,17.205166,20.517649,17.080751,16.442936,17.30143,16.584457,16.23148,16.95749,17.29928,19.302183,16.9502,16.100077,17.214127,17.949587,15.75331,17.019611,17.157251,19.770397,17.847715,16.542309,18.506582,15.5053215,15.278597,15.289515,17.072594,20.226688,18.260967,18.149519,20.228148,18.406353,17.379482,18.476276,18.796225,1.1590383,2.2963316,7.25968,0.45152807,31.074932,31.301268,37.659664,17.720778,16.885052,17.302313,17.184156,16.962917,18.732492,42.17
4446016.924,657794.7026,9.818897,1.1960475,1.0523655,28.090439,34.041267,29.090124,26.8546,24.315296,31.813723,30.986853,30.005957,31.77754,32.341007,39.93454,35.393402,40.428825,41.35019,44.107075,2.3949037,2.1718745,6.5581365,7.971173,1384.87,10.007979,0.040039062,0.24750957,0.002197266,10,20,0.4340338,0.323486,0.24317828,0.27933052,0.36339235,0.8254834,0.6917922,19.091644,17.55755,15.557663,20.26422,15.336842,20.080719,18.949768,18.34413,20.052378,15.653964,14.52508,17.203127,14.444916,17.698324,18.332308,17.17074,19.315704,16.961206,17.221588,17.395002,16.80112,17.442888,16.564377,17.451454,17.478672,16.836254,15.942096,17.356455,17.57594,15.627429,17.041813,16.84162,20.031105,18.38543,17.120373,18.52259,16.11794,15.979205,16.708658,17.608776,20.666937,17.803247,17.28017,18.142485,18.02908,18.406626,19.04844,18.459585,1.1242065,2.283389,7.2646546,0.45152807,31.065853,31.400288,37.66397,18.119772,16.8443,17.385984,16.83695,17.552185,18.482426,42.17
4446016.924,657799.7026,8.848194,1.188744,0.9925011,28.420904,33.649345,29.302969,26.705193,24.119436,31.815521,30.936827,29.908272,31.571972,32.4365,40.03254,35.592747,40.564323,41.68898,44.090622,2.363442,2.1857514,6.562095,7.9669333,1384.86,14.743562,-0.080078125,0.28169343,-0.003295898,25,20,0.4340338,0.323486,0.24317828,0.27933052,0.36339235,0.8254834,0.6917922,19.091644,17.55755,15.557663,20.26422,15.336842,20.080719,18.949768,18.34413,20.052378,15.653964,14.52508,17.203127,14.444916,17.698324,18.332308,17.17074,19.315704,16.961206,17.221588,17.395002,16.80112,17.442888,16.564377,17.451454,17.478672,16.836254,15.942096,17.356455,17.57594,15.627429,17.041813,16.84162,20.031105,18.38543,17.120373,18.52259,16.11794,15.979205,16.708658,17.608776,20.666937,17.803247,17.28017,18.142485,18.02908,18.406626,19.04844,18.459585,1.0906225,2.2745967,7.264514,0.45152807,31.035126,31.376175,37.812645,18.119772,16.8443,17.385984,16.83695,17.552185,18.482426,42.17
4446016.924,657804.7026,12.379514,1.1819792,0.9415417,28.244102,33.32731,29.40519,26.55403,23.901396,31.688318,30.881474,29.798117,31.387749,32.518936,40.28216,35.73008,40.72724,41.986874,44.09199,2.3584788,2.1795714,6.549467,7.957662,1384.86,30.953474,0.16015625,0.3341715,0.008911133,25,20,0.4340338,0.323486,0.24317828,0.27933052,0.36339235,0.8254834,0.6917922,19.177273,17.315826,15.891116,18.4838,16.094696,19.768293,18.597818,18.125858,20.837389,15.613622,14.923147,17.070414,14.380821,17.42991,17.484646,17.080841,20.917791,16.6989,16.834696,18.094221,16.938173,17.562597,17.161411,17.899668,20.15578,17.537136,16.142769,18.378748,17.686752,15.593041,16.556673,17.43443,20.60136,18.451656,16.855932,19.053179,15.971757,16.400255,16.41592,17.740885,21.994911,18.577726,19.392714,18.950157,19.141153,19.284433,18.731546,19.434425,1.0617604,2.269025,7.253565,0.45152807,30.785706,31.284897,38.00612,17.904118,16.819992,17.74397,17.435843,17.67858,19.43895,42.17
4446016.924,657809.7026,20.785763,1.1796448,0.901032,28.234222,33.328922,29.38868,26.410051,23.83573,31.397419,30.746397,29.66162,31.234196,32.640934,40.676,35.827312,40.88699,42.249798,44.112656,2.3690693,2.1780818,6.5243063,7.937894,1384.83,41.98141,-0.08105469,0.38504773,-0.004516602,25,20,0.4340338,0.323486,0.24317828,0.27933052,0.36339235,0.8254834,0.6917922,19.433916,17.756691,16.3493,18.823347,16.295904,19.918518,18.68826,18.434387,19.753948,16.40555,15.17576,18.14649,14.486504,17.435865,18.596178,17.507542,19.62785,18.520376,16.043024,20.201302,16.570293,16.615507,18.389904,18.225153,20.1289,18.47491,16.07837,20.956022,18.01819,14.960385,18.2489,18.095644,20.54002,18.209782,16.70122,18.606276,17.935804,16.141598,16.13808,17.779795,20.66846,17.219948,17.674206,17.650122,19.9365,18.385603,19.028154,18.771273,1.0403384,2.2735755,7.2311,0.45152807,30.781572,31.071907,38.251656,18.180847,17.1429,17.995466,18.123669,17.753254,18.651857,42.17
4446016.924,657814.7026,14.927353,1.1774223,0.8677186,28.224405,33.33188,29.243444,26.242992,23.74331,30.997541,30.554428,29.509592,31.134832,32.81176,41.17749,35.961895,41.143265,42.495373,44.1458,2.3899925,2.176494,6.492062,7.915608,1384.81,30.077301,-0.07910156,0.3139985,-0.00769043,25,20,0.4514702,0.32528058,0.24223533,0.27661046,0.35560727,0.82495356,0.71150935,19.433916,17.756691,16.3493,18.823347,16.295904,19.918518,18.68826,18.434387,19.753948,16.40555,15.17576,18.14649,14.486504,17.435865,18.596178,17.507542,19.62785,18.520376,16.043024,20.201302,16.570293,16.615507,18.389904,18.225153,20.1289,18.47491,16.07837,20.956022,18.01819,14.960385,18.2489,18.095644,20.54002,18.209782,16.70122,18.606276,17.935804,16.141598,16.13808,17.779795,20.66846,17.219948,17.674206,17.650122,19.9365,18.385603,19.028154,18.771273,1.0225704,2.2832432,7.203835,0.45538098,30.778141,30.775986,38.569695,18.180847,17.1429,17.995466,18.123669,17.753254,18.651857,42.17
4446016.924,657819.7026,26.746439,1.1751679,0.838599,28.21374,33.335705,28.966822,26.032759,23.615446,30.510618,30.329483,29.364689,31.103468,33.05326,41.77248,36.114353,41.480137,42.730743,44.19382,2.4175222,2.1748593,6.45383,7.892046,1384.8,16.434162,-0.119628906,0.25339624,-0.006591797,25,20,0.4514702,0.32528058,0.24223533,0.27661046,0.35560727,0.82495356,0.71150935,17.909184,17.864805,16.146503,18.702229,16.922861,20.774036,18.588415,18.407635,22.854565,19.484043,17.148949,19.997633,18.443739,20.49967,20.737684,20.132812,19.180508,17.335367,17.833437,21.418646,18.504103,16.33206,17.033392,18.369574,20.388203,18.00386,16.51595,19.908903,18.489975,15.880162,17.80897,18.051922,19.26331,17.837229,16.764236,17.833994,17.563917,14.826408,16.443472,17.140226,20.57844,16.00227,17.67561,18.297216,16.233765,17.589708,18.233068,18.008749,1.0068835,2.2961907,7.172938,0.45538098,30.774723,30.420052,38.943417,18.129719,19.8809,18.23393,18.14229,17.218939,17.80144,42.17
4446016.924,657824.7026,24.171429,1.1727556,0.81025696,28.200819,33.340744,28.535637,25.765366,23.438667,29.913328,30.07628,29.242756,31.158888,33.39653,42.496178,36.265953,41.90273,42.95526,44.246716,2.4502435,2.1731906,6.4042144,7.865921,1384.8,3.826481,0.000488281,0.21484753,-0.003295898,25,20,0.4514702,0.32528058,0.24223533,0.27661046,0.35560727,0.82495356,0.71150935,18.335838,18.765005,15.787463,18.81604,16.32203,20.776901,17.76365,18.371534,22.52573,19.114435,17.622137,20.66298,17.670471,20.017292,20.819569,20.040312,18.780111,17.271458,17.983492,20.26722,17.756294,17.849443,17.392397,18.405777,19.796848,17.470518,17.279373,19.512255,18.02297,16.503525,17.958689,17.994892,19.017546,17.319891,16.246235,17.29111,15.728727,14.872924,17.058834,16.822073,19.513054,18.53825,18.214756,18.31975,16.754549,17.704458,18.237371,18.41557,0.9915063,2.311717,7.135068,0.45538098,30.770782,29.994804,39.381065,18.08099,19.776089,18.185772,18.07774,16.790752,18.18317,42.17
4446016.924,657829.7026,19.343124,1.1671002,0.7760493,28.014448,33.804554,27.858936,25.409151,23.213024,29.00969,29.37042,29.143843,31.37544,33.985126,43.596916,36.457615,42.47946,43.15146,44.279156,2.4937994,2.1732514,6.3151646,7.825682,1384.8,355.58478,-0.03955078,0.18624578,-0.002197266,25,20,0.4514702,0.32528058,0.24223533,0.27661046,0.35560727,0.82495356,0.71150935,18.335838,18.765005,15.787463,18.81604,16.32203,20.776901,17.76365,18.371534,22.52573,19.114435,17.622137,20.66298,17.670471,20.017292,20.819569,20.040312,18.780111,17.271458,17.983492,20.26722,17.756294,17.849443,17.392397,18.405777,19.796848,17.470518,17.279373,19.512255,18.02297,16.503525,17.958689,17.994892,19.017546,17.319891,16.246235,17.29111,15.728727,14.872924,17.058834,16.822073,19.513054,18.53825,18.214756,18.31975,16.754549,17.704458,18.237371,18.41557,0.9715748,2.3335254,7.070423,0.45538098,30.9095,29.190056,40.027267,18.08099,19.776089,18.185772,18.07774,16.790752,18.18317,42.17
4446016.924,657834.7026,2.108754,1.1634676,0.80980134,28.018234,33.79947,27.586004,25.248692,23.213524,29.236105,29.332071,29.125751,31.117496,33.645607,43.303577,36.651134,42.701073,43.49221,44.526077,2.4827306,2.1716483,6.4140453,7.849203,1384.8,346.9581,-0.079589844,0.19060975,-0.005493164,25,20,0.4514702,0.32528058,0.24223533,0.27661046,0.35560727,0.82495356,0.71150935,18.121077,17.85974,15.46726,17.84804,16.032774,19.677456,18.13908,17.819857,22.919231,18.614368,18.374388,19.537767,17.271225,19.198002,20.53789,19.708086,20.301683,16.591587,15.940912,19.636808,17.946133,17.835777,18.349277,18.173992,20.365597,17.079037,16.674107,18.451187,18.198088,15.458506,17.757347,17.56717,19.353481,17.467306,15.482608,17.235367,16.531982,14.239074,16.107845,16.580883,18.979736,18.563543,16.993938,18.958073,17.048483,17.664341,18.536068,18.241825,0.9866345,2.3271894,7.131624,0.45538098,30.908852,29.284088,39.977356,17.592205,19.493267,18.086027,17.71198,16.631094,18.106312,42.17
4446016.924,657839.7026,17.021574,1.1593177,0.8707214,28.037321,33.402412,27.351768,25.131735,23.415873,29.830372,29.423513,29.222757,30.720572,32.996216,42.54649,36.971664,42.85154,43.87402,44.851086,2.4511786,2.1605065,6.5822964,7.900601,1384.81,341.509,0.040527344,0.22603804,0,25,20,0.4514702,0.32528058,0.24223533,0.27661046,0.35560727,0.82495356,0.71150935,18.134302,18.44488,16.021248,17.344147,17.717281,19.469788,17.464628,17.987059,19.704628,16.61215,15.389514,16.165958,15.425304,17.2451,15.782,16.783339,19.248058,18.939304,16.19385,17.59277,18.469929,17.317385,16.397371,17.77749,19.305302,18.483067,15.481165,17.003752,18.221382,15.919646,15.741145,17.044714,19.386023,18.88512,15.258672,18.105223,17.131563,14.990052,14.940692,16.941393,19.606236,19.79334,18.386555,18.340195,17.475822,17.258121,18.244146,18.431976,1.0150195,2.3058424,7.2414484,0.45538098,30.719868,29.626942,39.75908,17.799469,16.61781,17.736952,17.165066,16.956762,18.443487,42.17
4446016.924,657844.7026,7.937204,1.1542009,0.931426,28.047918,33.393845,26.960293,24.971155,23.431883,30.229727,29.432503,29.288963,30.426111,32.469948,42.033554,37.181095,43.10995,44.23654,45.14381,2.423983,2.1586034,6.7248197,7.939861,1384.81,339.46317,-0.119140625,0.24422757,-0.00769043,25,20,0.4356366,0.32852957,0.2450876,0.27970436,0.35672688,0.82318515,0.70564574,18.134302,18.44488,16.021248,17.344147,17.717281,19.469788,17.464628,17.987059,19.704628,16.61215,15.389514,16.165958,15.425304,17.2451,15.782,16.783339,19.248058,18.939304,16.19385,17.59277,18.469929,17.317385,16.397371,17.77749,19.305302,18.483067,15.481165,17.003752,18.221382,15.919646,15.741145,17.044714,19.386023,18.88512,15.258672,18.105223,17.131563,14.990052,14.940692,16.941393,19.606236,19.79334,18.386555,18.340195,17.475822,17.258121,18.244146,18.431976,1.0428134,2.2912931,7.3323402,0.45350227,30.720882,29.831116,39.607323,17.799469,16.61781,17.736952,17.165066,16.956762,18.443487,42.17
4446016.924,657849.7026,27.367136,1.1489434,0.99398804,28.056923,33.385906,26.47921,24.791344,23.42287,30.563805,29.432219,29.377674,30.191566,31.995768,41.603752,37.382183,43.41404,44.578873,45.42162,2.396859,2.15676,6.858179,7.9780474,1384.82,328.03003,-0.12109375,0.2698028,-0.0078125,25,20,0.4356366,0.32852957,0.2450876,0.27970436,0.35672688,0.82318515,0.70564574,19.875456,18.671198,15.441203,18.761566,16.14902,20.27315,18.193874,18.488934,19.276913,17.179462,15.1051655,16.159204,15.513418,16.439665,16.829025,16.838268,19.293926,19.985937,16.152557,18.126087,16.03216,16.951143,16.6451,17.720102,19.69228,19.294561,16.969364,18.499788,17.022423,16.43902,16.33777,17.7122,19.88709,18.122936,16.428097,17.833643,17.422422,15.755315,14.821981,17.203821,19.126686,19.747078,17.754183,17.677322,18.786182,16.704054,18.912306,18.225481,1.0714657,2.2768095,7.418113,0.45350227,30.721415,29.998013,39.492966,18.195066,16.643265,17.59813,17.750744,17.181643,18.38683,42.17
4446016.924,657854.7026,19.368944,1.1434816,1.0610557,27.997814,32.79285,25.94488,24.591417,23.44888,31.157103,30.173506,30.154348,30.24757,31.640873,40.965073,37.205784,43.101112,44.495113,45.53504,2.3741367,2.1408808,6.980042,8.012711,1384.84,322.60074,0,0.30659714,-0.001098633,25,20,0.4356366,0.32852957,0.2450876,0.27970436,0.35672688,0.82318515,0.70564574,19.674633,18.123749,15.239737,18.944044,16.32669,20.318861,18.96425,18.520926,18.503227,15.677328,15.360672,15.763558,15.156944,17.779337,17.841898,16.913067,19.36329,18.42528,17.401966,17.219828,16.524555,16.651503,16.876717,17.60755,19.465319,18.242853,16.75762,18.616518,17.14935,16.202044,16.106426,17.53306,19.807316,18.890379,16.191133,17.627426,17.151323,16.208782,15.224258,17.40411,20.3995,17.466328,18.285618,17.1716,17.70494,17.356531,18.611603,18.10994,1.1022687,2.2575088,7.496376,0.45350227,30.395332,30.665304,39.085426,18.227423,16.58328,17.494734,17.505733,17.300089,18.142302,42.17
4446016.924,657859.7026,18.50199,1.1406902,1.1310605,27.823877,32.330498,25.51315,24.405384,23.495087,31.597507,30.797735,30.363941,30.221735,31.274342,40.47566,37.108505,43.215,44.67722,45.67986,2.336575,2.1183355,7.0840473,8.051903,1384.86,329.93143,0.080078125,0.31477895,0.005615234,25,20,0.4356366,0.32852957,0.2450876,0.27970436,0.35672688,0.82318515,0.70564574,19.991241,18.357685,15.506411,19.22273,16.544256,20.595932,19.201216,18.785563,18.527054,15.690086,15.377683,15.781278,15.167576,17.799395,17.854048,16.929853,19.56795,18.49173,17.493113,17.339348,16.584217,16.78343,16.998835,17.727703,19.478283,18.244244,16.759012,18.629644,17.14935,16.203037,16.115686,17.539255,19.783035,18.869698,16.170452,17.627426,17.129896,16.169521,15.194199,17.37981,19.933048,17.381266,18.199612,17.097052,17.624384,17.277622,18.446468,17.961246,1.1358753,2.2274551,7.567975,0.45350227,30.077187,31.19762,38.792084,18.488497,16.599588,17.608374,17.51132,17.277746,17.994207,42.17
4446016.924,657864.7026,17.680336,1.1369894,1.1996167,27.833288,32.32142,25.078243,24.219225,23.439005,31.934498,30.881786,30.555683,30.403433,30.967094,40.02534,37.216503,43.40489,44.667023,45.89246,2.2999501,2.1171727,7.1452966,8.08345,1384.87,336.80142,0.040039062,0.32757977,0.002197266,25,20,0.4356366,0.32852957,0.2450876,0.27970436,0.35672688,0.82318515,0.70564574,20.004868,17.539383,17.068804,19.651659,16.789486,20.554012,19.653124,18.956575,19.258694,16.691166,15.186224,16.539934,15.1819515,17.171444,18.25606,17.150568,20.647326,17.84434,18.140575,17.51957,16.27974,15.950198,17.725733,17.711,20.18495,17.486845,16.73135,18.825544,17.740017,15.18632,15.65475,17.353745,18.980076,19.103512,16.388706,18.341452,16.511719,15.226678,15.735933,17.208567,21.515491,18.511362,17.697718,19.147581,17.898745,17.961039,17.936993,18.707666,1.168303,2.2085614,7.614373,0.45350227,30.077354,31.408142,38.620922,18.75162,16.897924,17.72964,17.401396,17.18401,18.66699,42.17
4446016.924,657869.7026,11.973763,1.1336848,1.2657653,27.844679,32.312115,24.720043,24.033148,23.374683,32.257042,30.991365,30.737917,30.768137,30.721859,39.554443,37.293247,43.543278,44.504208,46.100258,2.2551806,2.1160502,7.1657915,8.109429,1384.88,344.74487,0.040039062,0.32695162,0.003295898,10,20,0.4356366,0.32852957,0.2450876,0.27970436,0.35672688,0.82318515,0.70564574,20.004868,17.539383,17.068804,19.651659,16.789486,20.554012,19.653124,18.956575,19.258694,16.691166,15.186224,16.539934,15.1819515,17.171444,18.25606,17.150568,20.647326,17.84434,18.140575,17.51957,16.27974,15.950198,17.725733,17.711,20.18495,17.486845,16.73135,18.825544,17.740017,15.18632,15.65475,17.353745,18.980076,19.103512,16.388706,18.341452,16.511719,15.226678,15.735933,17.208567,21.515491,18.511362,17.697718,19.147581,17.898745,17.961039,17.936993,18.707666,1.199725,2.1856155,7.6376104,0.45350227,30.078396,31.624203,38.423843,18.75162,16.897924,17.72964,17.401396,17.18401,18.66699,42.17
4446016.924,657874.7026,11.964288,1.1302452,1.3313484,27.796946,31.723087,24.392683,23.830532,22.687056,32.746616,31.984253,31.21012,31.284561,30.487558,38.9027,36.94068,43.462284,44.176987,46.303574,2.2029405,2.117037,7.168662,8.13562,1384.88,354.80557,-0.040039062,0.31673208,-0.003295898,10,20,0.44721437,0.3346604,0.24523781,0.27997327,0.37068257,0.8210412,0.6818613,19.153957,17.796738,16.936167,18.53466,16.42398,19.860556,18.391407,18.289423,17.93021,15.862851,15.445564,16.016302,14.742496,16.831873,16.153582,16.379301,19.615864,17.009459,17.798136,17.575153,16.311438,17.426893,16.98274,17.603424,19.071943,17.023932,16.498852,17.770714,17.937584,15.2528,15.203905,16.93343,19.687605,18.312155,15.667645,17.258753,16.057148,15.258942,15.222696,16.789782,19.202732,17.832981,19.11011,18.586805,16.447948,18.3957,18.065952,18.41707,1.2307968,2.1599889,7.652141,0.45438161,29.760017,32.365433,37.92169,18.156782,16.14041,17.531384,16.965675,16.780706,18.234604,42.17
4446016.924,657879.7026,9.428346,1.1271616,1.3977515,27.81137,31.71285,24.112474,23.651499,22.664845,33.084846,32.16515,31.398256,31.804253,30.243425,38.34507,36.952076,43.54098,43.880333,46.523705,2.145673,2.115665,7.16497,8.158947,1384.88,352.5686,-0.12011719,0.33256215,-0.006713867,10,20,0.44721437,0.3346604,0.24523781,0.27997327,0.37068257,0.8210412,0.6818613,18.621424,18.144682,15.500784,18.71075,16.395134,19.891445,17.8456,18.08311,18.135891,15.924578,15.822237,15.937557,15.214939,17.30759,16.502222,16.65617,20.637066,17.151281,18.042927,16.962189,17.890854,16.50637,18.086693,17.917906,19.731365,17.02291,16.038109,17.178375,18.67655,15.4874325,15.688962,17.053082,19.20799,18.019173,15.694018,16.950716,17.16082,14.684362,15.456178,16.701752,20.899673,18.112686,17.962746,18.632109,17.999584,16.47532,18.233932,18.352972,1.2624565,2.130669,7.6619587,0.45438161,29.762112,32.625,37.648575,17.872831,16.40643,17.896769,17.117672,16.739038,18.330862,42.17
4446016.924,657884.7026,10.02976,1.1751673,1.4760717,27.71579,31.850332,23.99326,23.582638,22.700554,33.116665,31.94023,31.3385,32.26667,29.878716,38.059128,37.211075,43.743607,43.462067,46.829933,2.1409545,2.1049917,7.18236,8.180633,1384.89,4.763641,0.080078125,0.34529898,0.004394531,10,20,0.44721437,0.3346604,0.24523781,0.27997327,0.37068257,0.8210412,0.6818613,18.621424,18.144682,15.500784,18.71075,16.395134,19.891445,17.8456,18.08311,18.135891,15.924578,15.822237,15.937557,15.214939,17.30759,16.502222,16.65617,20.637066,17.151281,18.042927,16.962189,17.890854,16.50637,18.086693,17.917906,19.731365,17.02291,16.038109,17.178375,18.67655,15.4874325,15.688962,17.053082,19.20799,18.019173,15.694018,16.950716,17.16082,14.684362,15.456178,16.701752,20.899673,18.112686,17.962746,18.632109,17.999584,16.47532,18.233932,18.352972,1.3256195,2.122973,7.6814966,0.45438161,29.783062,32.528446,37.6351,17.872831,16.40643,17.896769,17.117672,16.739038,18.330862,42.17
4446016.924,657889.7026,17.335997,1.1769444,1.5419173,27.737982,31.838276,23.749262,23.412487,22.703327,33.434975,32.150234,31.483175,32.804134,29.636448,37.440964,37.222347,43.854095,43.170315,47.037098,2.079597,2.1058347,7.189143,8.205419,1384.88,26.56505,0.040039062,0.38472134,0.003295898,10,20,0.44721437,0.3346604,0.24523781,0.27997327,0.37068257,0.8210412,0.6818613,18.211765,18.067087,16.020466,18.02628,16.881933,20.624146,19.010492,18.39073,20.290354,16.325914,15.458176,15.835289,15.437373,17.263773,16.929605,17.035297,22.605394,16.993763,17.983564,16.417355,17.98326,16.177187,18.10346,17.999285,20.999424,17.623363,17.403555,16.336071,17.953823,14.700381,16.655222,17.258364,21.714275,18.782475,15.684778,17.24527,17.413946,14.982572,15.698245,17.294245,21.186302,17.73229,16.97892,17.9822,16.353867,18.37378,18.883495,18.362875,1.3594308,2.0927157,7.697281,0.45438161,29.788128,32.792603,37.331657,18.12031,16.791496,18.037712,17.381691,17.360224,18.21298,42.17
4446016.924,657894.7026,18.828672,1.1773461,1.5953325,27.560244,31.644438,23.614012,23.293715,22.598558,34.071796,32.425705,32.089664,33.649864,30.341675,36.884556,37.027622,43.531918,42.65187,46.422375,2.0782862,2.1157513,7.1841216,8.20915,1384.86,42.272106,0.040039062,0.42604256,0.003295898,10,20,0.44721437,0.3346604,0.24523781,0.27997327,0.37068257,0.8210412,0.6818613,19.063202,18.09289,17.445835,18.254015,16.280777,20.49434,19.405508,18.628254,19.562077,16.404093,16.01604,15.688362,15.447991,16.987808,16.943518,16.97359,21.453371,18.838842,18.792574,16.60681,16.57827,17.212034,17.321014,18.275116,19.637377,19.105803,18.44965,17.312618,17.897406,16.361364,16.305569,17.845432,20.978952,19.159313,16.351536,18.153131,17.384733,15.633784,15.236081,17.600292,19.998177,18.942049,17.549072,18.061634,18.19359,18.385271,18.91751,18.615253,1.3863393,2.0970187,7.696636,0.45438161,29.60234,33.24875,36.95609,18.433794,16.721415,18.114702,17.867113,17.556791,18.578186,42.17
4446016.924,657899.7026,11.725958,1.1823756,1.6347578,27.52492,31.640131,23.613392,23.248907,22.576435,34.96707,32.784122,32.984234,34.73365,31.741348,36.32376,36.556683,42.6471,41.779804,45.177235,2.1199894,2.114999,7.172317,8.204921,1384.83,57.254665,0.0390625,0.47647312,0.003295898,10,20,0.44721437,0.3346604,0.24523781,0.27997327,0.37068257,0.8210412,0.6818613,18.773525,17.777744,17.146423,18.036451,16.02229,20.216228,19.117199,18.351854,19.53758,16.38283,15.994779,15.6777315,15.432044,16.969584,16.925291,16.95534,21.25184,18.67417,18.663378,16.55624,16.465652,17.07775,17.171879,18.140203,19.624414,19.092838,18.448257,17.311459,17.895666,16.352104,16.305569,17.839615,21.028175,19.179996,16.410042,18.167418,17.40616,15.660802,15.280913,17.63587,20.480984,19.15692,17.643684,18.142595,18.280819,18.57663,19.007324,18.793638,1.4085667,2.117494,7.6886187,0.45438161,29.582525,33.875595,36.440224,18.155697,16.702833,17.980131,17.861475,17.590502,18.755566,42.17
4446016.924,657904.7026,15.723326,1.1879544,1.6704458,27.494696,31.635483,23.625458,23.208738,22.566483,35.84933,33.1376,33.858746,35.820854,33.113678,35.729294,36.101265,41.780914,40.915493,43.946114,2.1609523,2.1143558,7.1643414,8.200541,1384.79,65.54966,0.040527344,0.5191736,0,10,20,0.46083537,0.3238893,0.24590327,0.275359,0.3646536,0.84697217,0.7393772,18.199123,17.281073,16.561623,17.218773,17.568085,19.390455,19.095911,18.02259,22.179377,19.87626,17.280388,20.506363,17.040083,20.639126,20.329468,20.040503,20.370655,18.03963,19.51296,17.754904,17.835608,17.713154,17.46082,18.2963,19.34141,19.127485,18.236156,17.107977,17.934258,17.159716,16.476665,17.838646,19.411242,17.744026,15.811499,16.827505,15.678252,15.520922,15.233686,16.649017,22.30104,17.916975,19.837849,17.807428,19.437963,18.489944,18.373547,19.089874,1.4292002,2.137654,7.6824408,0.4652843,29.56509,34.493465,35.91528,17.90215,19.69301,18.38396,17.911953,16.603876,19.166393,42.17
4446016.924,657909.7026,17.354746,1.1845835,1.6964829,27.713657,31.115078,23.645882,23.19049,22.440474,36.555035,33.56599,34.683468,36.783134,34.29184,35.199554,35.846756,40.999207,40.21178,42.966335,2.1960368,2.1166275,7.1423936,8.1923275,1384.74,69.78537,-0.12011719,0.58039767,-0.005615234,10,20,0.46083537,0.3238893,0.24590327,0.275359,0.3646536,0.84697217,0.7393772,18.61216,16.220114,16.750086,17.72646,16.051857,19.884996,18.796326,17.933819,21.858444,19.299631,18.088657,20.608326,17.961826,20.254292,20.74494,20.146358,20.66333,17.403965,17.671618,18.80368,18.06037,18.474703,16.477444,18.35916,19.532501,18.217445,17.218388,18.302338,17.071966,17.850254,15.828787,17.86857,17.782623,18.11485,15.126523,17.421762,15.986665,15.620214,15.329628,16.53322,20.349483,17.913013,17.735397,18.251938,20.6118,18.895748,19.37324,18.901117,1.4405332,2.156332,7.6673603,0.4652843,29.414368,35.060513,35.523155,17.720285,19.830872,18.222158,17.717384,16.483181,19.018661,42.17
4446016.924,657914.7026,10.369371,1.1832186,1.7297851,27.818325,31.507904,23.636814,23.156578,22.513449,37.32217,33.726124,35.463696,37.83313,35.47704,34.598267,35.363255,40.362118,39.508053,41.907578,2.2264316,2.1098757,7.134343,8.190143,1384.69,68.20462,-0.12109375,0.61689395,-0.0078125,10,20,0.46083537,0.3238893,0.24590327,0.275359,0.3646536,0.84697217,0.7393772,18.798395,16.479675,16.92472,17.967733,16.289581,20.102886,19.026321,18.156403,22.295858,19.65629,17.708563,20.87357,17.172802,19.189205,19.53027,19.772552,22.386642,19.055445,18.76757,20.548037,19.51574,19.383192,17.361088,19.693752,22.290106,19.404839,18.72177,20.442734,18.121786,18.888662,18.3136,19.631277,18.150364,18.777527,16.39111,18.171652,17.409252,16.36204,16.242342,17.381433,17.489658,16.676502,16.348104,17.356709,18.618023,17.111488,16.76922,17.106794,1.4565018,2.1681538,7.662243,0.4652843,29.663115,35.524147,34.98076,17.94133,19.489511,19.57396,19.454786,17.357754,17.195673,42.17
4446011.924,657759.7026,13.839369,1.2147012,1.3481674,28.434872,34.12616,27.144176,27.050903,24.485641,31.219929,30.44597,30.2249,32.896057,32.828808,39.81588,35.523952,41.239857,40.23675,44.226112,2.5227194,2.1718943,6.4495034,7.9635224,1384.91,315,0.080078125,0.08110754,0.006713867,10,20,0.44970685,0.33067936,0.23703894,0.2802134,0.38313818,0.82188565,0.69263947,18.628574,17.072586,16.755478,18.928614,16.607227,19.938204,18.438643,18.34936,17.283789,16.688114,14.736681,16.256134,15.086004,18.791712,16.846012,16.86101,19.28921,19.358273,18.563984,18.455284,18.611187,18.981785,17.268969,18.762863,18.984974,19.7479,18.80346,16.573898,18.15986,17.503448,17.851175,18.18073,18.9388,18.137821,15.176773,15.567796,14.462767,14.492432,15.0815525,16.049253,18.158457,19.661102,18.694109,18.157335,17.999828,17.965887,18.84614,18.528193,1.2814343,2.3473067,7.206513,0.4564717,31.280516,30.83295,37.669914,18.052761,16.52692,18.646955,18.232101,15.979706,18.49755,42.17
4446011.924,657764.7026,14.416813,1.2111897,1.3730013,28.442865,34.124153,26.731297,26.83515,24.362522,31.095358,30.4012,30.199396,33.19654,32.544697,39.830894,35.6557,41.593826,40.183067,44.624317,2.5255256,2.1717992,6.4301023,7.970364,1384.91,348.69006,0.040039062,0.07310936,0.002197266,10,20,0.44970685,0.33067936,0.23703894,0.2802134,0.38313818,0.82188565,0.69263947,19.03368,17.475815,16.724363,18.90891,17.965126,20.30079,19.134085,18.672827,17.713192,16.777401,15.442101,15.715554,14.647782,16.88318,16.740244,16.474056,18.206842,18.692917,18.702854,16.722353,18.167088,17.907696,17.161741,17.860058,19.550821,18.922817,17.481194,17.150047,17.455488,17.315775,17.622173,17.869816,20.220972,18.271667,15.113276,16.656275,15.153263,14.878015,14.990621,16.474785,19.471354,18.639029,18.724237,17.720669,17.4221,17.655363,18.377409,18.233828,1.2920955,2.3486624,7.2002335,0.4564717,31.283508,30.74828,37.743298,18.50611,16.274206,17.937357,17.928331,16.469156,18.287167,42.17
4446011.924,657769.7026,13.739113,1.2107073,1.4015934,28.183475,34.056805,26.06477,26.47687,23.870378,30.929377,30.389175,30.133432,33.671883,32.317963,39.850925,35.846897,42.269733,40.101723,45.096848,2.532331,2.1800854,6.4000072,7.9814706,1384.91,23.19859,0.040039062,0.109194316,0.004394531,10,20,0.44970685,0.33067936,0.23703894,0.2802134,0.38313818,0.82188565,0.69263947,19.03368,17.475815,16.724363,18.90891,17.965126,20.30079,19.134085,18.672827,17.713192,16.777401,15.442101,15.715554,14.647782,16.88318,16.740244,16.474056,18.206842,18.692917,18.702854,16.722353,18.167088,17.907696,17.161741,17.860058,19.550821,18.922817,17.481194,17.150047,17.455488,17.315775,17.622173,17.869816,20.220972,18.271667,15.113276,16.656275,15.153263,14.878015,14.990621,16.474785,19.471354,18.639029,18.724237,17.720669,17.4221,17.655363,18.377409,18.233828,1.3061504,2.3562083,7.1907387,0.4564717,31.12014,30.659275,37.84891,18.50611,16.274206,17.937357,17.928331,16.469156,18.287167,42.17
4446011.924,657774.7026,20.921509,1.206717,1.3589841,28.172768,34.05399,26.381327,26.447586,23.909555,31.072788,30.494122,30.143812,33.43931,32.166325,39.809772,35.766666,42.061745,40.32232,45.12642,2.504587,2.1792412,6.4166865,7.982309,1384.9,37.874985,0,0.16347715,-0.001098633,10,20,0.44970685,0.33067936,0.23703894,0.2802134,0.38313818,0.82188565,0.69263947,18.854254,18.27566,17.281235,19.118956,18.424038,20.30376,18.937113,18.853872,19.205463,17.936384,15.4951935,16.502825,14.486016,16.511833,16.863293,16.910334,20.353512,20.592865,17.811916,20.017942,18.474823,16.457937,17.455214,18.740355,19.407816,18.956863,16.510218,19.229177,17.629135,16.956385,18.070644,18.167868,19.241604,17.921865,15.070831,16.099054,14.593796,15.51979,14.959897,16.32751,19.513876,19.176294,18.023117,21.069475,18.963806,17.607086,16.901897,18.768145,1.2828505,2.3419142,7.1994977,0.4564717,31.113379,30.783455,37.78822,18.742146,16.71443,18.737745,18.108606,16.200977,18.750793,42.17
4446011.924,657779.7026,17.02108,1.2024593,1.27334,28.147541,34.05066,27.146725,26.509508,24.023079,31.398886,30.6967,30.17619,32.878403,32.124176,39.732796,35.54568,41.51298,40.730637,44.933918,2.4570057,2.1780677,6.4588714,7.9803877,1384.89,15.255118,-0.080078125,0.16347715,-0.005615234,10,20,0.44970685,0.33067936,0.23703894,0.2802134,0.38313818,0.82188565,0.69263947,18.982607,18.65887,16.88375,18.228685,16.365925,19.948912,18.663662,18.461128,20.003933,17.503742,15.392565,17.084845,14.811054,17.118418,17.06625,17.209286,19.182047,19.874512,17.55932,18.116545,17.163128,16.282999,16.531172,17.863623,19.034765,18.94261,16.673626,18.059471,17.55634,16.197117,16.454258,17.550177,19.590078,18.946747,15.318771,18.035795,14.194299,16.099972,14.880083,16.880402,20.903309,18.954397,16.76524,18.448036,16.319271,17.771322,17.648783,18.144585,1.2378997,2.3175368,7.2196293,0.4564717,31.0991,31.047792,37.639236,18.247488,16.997257,17.815676,17.55974,16.723679,18.115767,42.17
4446011.924,657784.7026,10.922465,1.198271,1.1932402,28.12926,34.046955,27.708591,26.473146,24.07773,31.661007,30.871273,30.201477,32.449768,32.105846,39.657158,35.379948,41.133923,41.106205,44.831272,2.4134538,2.1769164,6.4861975,7.9784427,1384.89,4.3987045,-0.040039062,0.18694311,-0.002197266,10,20,0.4340338,0.323486,0.24317828,0.27933052,0.36339235,0.8254834,0.6917922,18.982607,18.65887,16.88375,18.228685,16.365925,19.948912,18.663662,18.461128,20.003933,17.503742,15.392565,17.084845,14.811054,17.118418,17.06625,17.209286,19.182047,19.874512,17.55932,18.116545,17.163128,16.282999,16.531172,17.863623,19.034765,18.94261,16.673626,18.059471,17.55634,16.197117,16.454258,17.550177,19.590078,18.946747,15.318771,18.035795,14.194299,16.099972,14.880083,16.880402,20.903309,18.954397,16.76524,18.448036,16.319271,17.771322,17.648783,18.144585,1.1957556,2.295185,7.23232,0.45152807,31.088108,31.26614,37.518555,18.247488,16.997257,17.815676,17.55974,16.723679,18.115767,42.17
4446011.924,657789.7026,6.8535166,1.1942072,1.1178472,28.114738,34.04314,28.13279,26.356255,24.088625,31.88105,31.032068,30.224802,32.102665,32.11023,39.58585,35.237633,40.858852,41.483234,44.801914,2.37295,2.17576,6.502015,7.9757257,1384.89,8.130101,0,0.20276815,0,10,20,0.4340338,0.323486,0.24317828,0.27933052,0.36339235,0.8254834,0.6917922,19.459782,17.807072,16.868994,18.88893,16.724707,19.460007,19.151129,18.523153,20.468525,16.379385,14.808764,17.088352,14.332481,17.799952,17.812353,17.24669,19.775211,18.721935,17.664398,17.761263,16.274448,16.210403,16.056026,17.585083,18.359524,17.840042,17.742472,17.175936,17.406235,15.79019,15.696202,17.173649,20.484524,19.043308,17.118776,17.86238,14.462614,15.458539,15.415985,17.182507,20.472595,19.118225,17.469193,18.531565,18.180468,18.255804,19.06719,18.767843,1.1560272,2.274355,7.2388706,0.45152807,31.07894,31.456558,37.411743,18.337233,16.955687,17.494812,17.144373,17.120876,18.727861,42.17
4446011.924,657794.7026,5.50528,1.1859244,1.0472844,28.44425,33.650085,28.377712,26.160131,23.894585,32.054283,31.088081,30.213251,31.827251,32.111904,39.49716,35.318436,40.903152,41.912346,44.8537,2.3191671,2.1894162,6.50918,7.976542,1384.89,12.9946165,0.040039062,0.19129118,0.004394531,10,20,0.4340338,0.323486,0.24317828,0.27933052,0.36339235,0.8254834,0.6917922,18.945803,17.854168,16.358135,19.27905,16.103508,19.863312,18.973818,18.429888,19.842741,16.302721,15.076614,17.484907,14.9518585,15.703386,17.679155,16.897383,19.2217,18.078182,17.751982,18.03517,16.807531,16.855526,17.803514,17.989834,19.41557,17.2152,16.383139,17.463783,18.026058,15.220252,16.5614,17.217773,20.00673,18.405386,16.911392,18.959723,16.47507,15.580358,15.852303,17.504816,19.939642,18.0135,19.094135,19.252668,19.092136,18.793474,18.84755,19.041786,1.1166043,2.2542915,7.242861,0.45152807,31.047169,31.571182,37.4078,18.196827,16.720198,17.793371,17.18363,17.455853,19.004728,42.17
4446011.924,657799.7026,8.848888,1.1818936,0.9856116,28.435392,33.647133,28.581745,25.971748,23.852758,32.11908,31.171179,30.200476,31.58337,32.16237,39.542862,35.245506,40.813705,42.273262,44.899826,2.2920585,2.1889071,6.506656,7.9690533,1384.89,18.434948,0.16015625,0.1813615,0.008911133,10,20,0.4340338,0.323486,0.24317828,0.27933052,0.36339235,0.8254834,0.6917922,18.945803,17.854168,16.358135,19.27905,16.103508,19.863312,18.973818,18.429888,19.842741,16.302721,15.076614,17.484907,14.9518585,15.703386,17.679155,16.897383,19.2217,18.078182,17.751982,18.03517,16.807531,16.855526,17.803514,17.989834,19.41557,17.2152,16.383139,17.463783,18.026058,15.220252,16.5614,17.217773,20.00673,18.405386,16.911392,18.959723,16.47507,15.580358,15.852303,17.504816,19.939642,18.0135,19.094135,19.252668,19.092136,18.793474,18.84755,19.041786,1.0837526,2.2404828,7.237855,0.45152807,31.041264,31.64513,37.394184,18.196827,16.720198,17.793371,17.18363,17.455853,19.004728,42.17
4446011.924,657804.7026,15.318285,1.1762048,0.93724287,28.257565,33.325012,28.660864,25.827759,23.63776,32.019253,31.123938,30.115627,31.4033,32.24715,39.769867,35.37785,40.971134,42.56138,44.888367,2.285857,2.182741,6.501768,7.9630237,1384.88,35.537678,0.080078125,0.2466776,0.008911133,10,20,0.4340338,0.323486,0.24317828,0.27933052,0.36339235,0.8254834,0.6917922,19.312885,19.355392,16.232738,18.172136,16.334047,20.3313,18.866032,18.561033,20.34957,16.285639,14.658304,16.902624,14.948923,17.407324,16.664572,16.949812,22.41626,17.280167,17.11652,18.5343,16.489374,18.066727,18.880907,18.547842,19.931423,17.136215,16.664675,17.407263,17.121346,16.169502,16.622257,17.307585,20.16428,18.219902,16.795134,18.290457,16.27847,16.019804,15.969078,17.474823,21.728327,19.145092,18.518332,18.773092,18.793316,19.582952,18.624252,19.364378,1.0567238,2.234299,7.232396,0.45152807,30.791288,31.571594,37.57386,18.372074,16.74528,18.39775,17.293242,17.391018,19.30934,42.17
4446011.924,657809.7026,17.801311,1.1739203,0.90483385,28.245884,33.326385,28.663578,25.759413,23.601313,31.70853,30.959507,29.966629,31.275343,32.40597,40.20719,35.536255,41.125328,42.740932,44.81722,2.303555,2.1811996,6.495892,7.947573,1384.86,38.28539,0.040039062,0.34683478,0.002197266,25,20,0.4340338,0.323486,0.24317828,0.27933052,0.36339235,0.8254834,0.6917922,19.2794,18.476412,16.167759,18.221968,17.558273,21.631659,18.50623,18.827215,19.431133,16.466347,15.295545,16.129356,15.101493,16.704206,17.903439,16.976393,21.741598,19.300823,16.476248,18.397783,18.034315,17.86347,17.710873,18.667261,20.712769,18.632687,15.810651,18.876825,17.468758,15.408529,16.887768,17.706903,19.547258,17.519705,16.958141,18.228222,17.751888,16.039717,14.926386,17.336002,20.758307,17.457918,17.349283,18.765083,19.089018,19.15813,17.976154,18.65323,1.0393771,2.2423773,7.2217326,0.45152807,30.786135,31.334019,37.871723,18.548815,16.71879,18.503588,17.685427,17.281618,18.650557,42.17
4446011.924,657814.7026,18.904453,1.1718037,0.88148904,28.234144,33.328983,28.555199,25.689833,23.548395,31.289936,30.73441,29.796133,31.197617,32.611694,40.75356,35.743183,41.369564,42.889076,44.735146,2.3330026,2.1795368,6.486563,7.9302073,1384.84,25.57073,-0.040527344,0.36499342,-0.002197266,25,20,0.4514702,0.32528058,0.24223533,0.27661046,0.35560727,0.82495356,0.71150935,18.969198,18.242477,15.885353,17.916,17.330873,21.397093,18.246922,18.559647,19.406637,16.453588,15.27597,16.108093,15.090861,16.687918,17.88642,16.95839,21.540068,19.212393,16.316898,18.258682,17.943491,17.71549,17.590696,18.526123,20.686842,18.632687,15.796295,18.866022,17.452553,15.408529,16.887768,17.697956,19.627169,17.523245,16.982418,18.245457,17.77774,16.074873,14.961545,17.369452,21.242008,17.542936,17.717272,18.95372,19.33306,19.30402,18.14569,18.892023,1.0266464,2.2562697,7.2083855,0.45538098,30.781563,31.012173,38.24837,18.283987,16.701357,18.368244,17.675814,17.313208,18.891245,42.17
4446011.924,657819.7026,21.413105,1.1696224,0.86281407,28.222435,33.332184,28.329268,25.57725,23.465424,30.81897,30.491991,29.640715,31.164333,32.852505,41.34959,35.952457,41.67967,43.045063,44.68056,2.366206,2.1778586,6.4724584,7.912214,1384.83,16.961426,-0.000488281,0.3440341,-0.001098633,25,20,0.4514702,0.32528058,0.24223533,0.27661046,0.35560727,0.82495356,0.71150935,19.17694,17.526472,17.204239,18.168869,15.038298,20.43256,18.081184,18.138693,18.199615,16.555614,15.925011,16.517569,14.816612,18.339035,17.572245,17.20759,20.057756,17.981092,17.047886,19.042952,17.589933,17.576788,17.170414,18.255976,18.6123,18.04946,17.731531,18.966112,17.082958,16.177845,16.998783,17.66987,19.866558,18.015066,17.266134,18.262321,17.371498,16.25722,15.37422,17.591051,22.03674,18.304386,18.934292,18.960745,17.501652,19.12132,17.377377,19.072054,1.0162182,2.2720323,7.192336,0.45538098,30.77731,30.65548,38.651024,17.946938,16.846529,18.06669,17.659853,17.487574,18.89093,42.17
4446011.924,657824.7026,23.522984,1.1671946,0.84805834,28.210524,33.335705,27.987297,25.413603,23.350925,30.321655,30.248447,29.516092,31.170803,33.11787,41.96969,36.14935,42.043377,43.21794,44.65955,2.3992999,2.1762152,6.455796,7.8947024,1384.82,11.336869,-0.080566406,0.2917493,-0.004516602,25,20,0.4514702,0.32528058,0.24223533,0.27661046,0.35560727,0.82495356,0.71150935,19.388395,17.989584,16.73057,17.653933,16.863821,20.065542,18.26761,18.248259,18.029127,17.065397,15.1147,15.9664545,15.209005,17.89604,17.82934,17.076868,20.053383,17.947397,17.27212,18.296999,16.428215,17.700672,17.400015,18.147131,18.922657,16.976757,17.004549,19.05121,15.403446,17.304876,17.691341,17.630484,19.341282,19.311523,15.824971,18.34429,17.455791,16.830992,15.471702,17.684772,20.717842,19.250822,19.474438,18.787546,18.867743,18.114428,18.73251,19.278751,1.0076265,2.2877574,7.175249,0.45538098,30.773113,30.285051,39.059517,18.137066,16.73001,17.871256,17.479261,17.511509,19.135046,42.17
4446011.924,657829.7026,18.110485,1.1621199,0.84434605,28.034561,33.793186,27.579374,25.231443,23.298754,29.884796,29.643166,29.425827,31.163298,33.33412,42.514233,36.411896,42.418953,43.42562,44.71228,2.4261634,2.1766422,6.4551244,7.881853,1384.82,356.97946,-0.000488281,0.2720973,-0.003417969,25,20,0.4514702,0.32528058,0.24223533,0.27661046,0.35560727,0.82495356,0.71150935,19.388395,17.989584,16.73057,17.653933,16.863821,20.065542,18.26761,18.248259,18.029127,17.065397,15.1147,15.9664545,15.209005,17.89604,17.82934,17.076868,20.053383,17.947397,17.27212,18.296999,16.428215,17.700672,17.400015,18.147131,18.922657,16.976757,17.004549,19.05121,15.403446,17.304876,17.691341,17.630484,19.341282,19.311523,15.824971,18.34429,17.455791,16.830992,15.471702,17.684772,20.717842,19.250822,19.474438,18.787546,18.867743,18.114428,18.73251,19.278751,1.003233,2.3014028,7.1684885,0.45538098,30.913874,29.76398,39.463066,18.137066,16.73001,17.871256,17.479261,17.511509,19.135046,42.17
4446011.924,657834.7026,16.0667,1.1589458,0.8704273,28.036364,33.404713,27.240425,25.081871,23.378414,29.895887,29.583242,29.45472,30.996761,33.184093,42.501255,36.698433,42.692577,43.687214,44.832027,2.4295392,2.1658754,6.530336,7.899832,1384.82,344.71255,-0.12060547,0.32627693,-0.0078125,25,20,0.4514702,0.32528058,0.24223533,0.27661046,0.35560727,0.82495356,0.71150935,18.66808,18.974216,15.833288,18.342505,16.810427,19.687593,18.56375,18.28329,19.844236,16.88704,15.513773,16.2124,15.218791,18.094337,17.472149,17.279911,20.586828,17.829367,16.790117,16.712381,16.530828,18.625631,18.894747,18.154526,18.540724,16.435785,15.9934435,16.868341,15.547392,16.491896,17.780037,16.883648,19.313124,19.038456,15.820097,17.544243,17.592804,14.861031,15.650077,17.089243,20.659903,20.298498,17.148266,15.708054,19.112673,18.001482,19.057922,18.528221,1.0146866,2.2977073,7.215084,0.45538098,30.72054,29.739565,39.599846,18.125694,17.034674,17.9957,16.808231,17.117119,18.56954,42.17
4446011.924,657839.7026,19.911812,1.1545821,0.9248917,28.043346,33.39739,26.970089,24.980434,23.407629,30.215374,29.55718,29.478155,30.697304,32.746708,42.113976,36.92411,42.904102,44.008266,45.031708,2.4144752,2.1638405,6.663116,7.9321485,1384.83,345.9363,-0.080566406,0.35401788,-0.004516602,25,20,0.4514702,0.32528058,0.24223533,0.27661046,0.35560727,0.82495356,0.71150935,18.771345,18.063715,16.464552,18.035746,17.088926,20.03302,18.729147,18.441467,20.365843,16.312016,15.409017,16.907614,15.059869,17.429905,16.42115,17.015482,19.175436,18.451605,17.000086,17.154238,17.657875,17.985197,17.063248,17.798563,18.259193,16.838022,15.637665,17.016657,17.51522,16.298494,15.844286,16.7179,19.65987,19.022617,15.660456,17.998121,16.728176,15.446643,15.024928,17.078102,19.978157,20.013771,17.589344,17.76584,17.307732,18.18598,18.588804,18.547441,1.039737,2.2891579,7.297632,0.45538098,30.720367,29.886276,39.519043,18.169493,16.84363,17.783955,16.77279,17.07726,18.489946,42.17
4446011.924,657844.7026,22.752737,1.149801,0.9885974,28.050222,33.38963,26.63904,24.871782,23.433914,30.571384,29.543007,29.539503,30.398756,32.27479,41.690765,37.145718,43.131123,44.33858,45.237736,2.3952198,2.1619189,6.8078713,7.9687176,1384.84,345.9706,-0.000488281,0.35414508,-0.002197266,25,20,0.4356366,0.32852957,0.2450876,0.27970436,0.35672688,0.82318515,0.70564574,18.771345,18.063715,16.464552,18.035746,17.088926,20.03302,18.729147,18.441467,20.365843,16.312016,15.409017,16.907614,15.059869,17.429905,16.42115,17.015482,19.175436,18.451605,17.000086,17.154238,17.657875,17.985197,17.063248,17.798563,18.259193,16.838022,15.637665,17.016657,17.51522,16.298494,15.844286,16.7179,19.65987,19.022617,15.660456,17.998121,16.728176,15.446643,15.024928,17.078102,19.978157,20.013771,17.589344,17.76584,17.307732,18.18598,18.588804,18.547441,1.0691992,2.2785692,7.388294,0.45350227,30.719925,30.057196,39.418243,18.169493,16.84363,17.783955,16.77279,17.07726,18.489946,42.17
4446011.924,657849.7026,23.92952,1.1448213,1.0587432,28.055946,33.381763,26.250723,24.757753,23.452848,30.930784,29.532066,29.63503,30.11875,31.807854,41.278603,37.36473,43.374424,44.668076,45.432278,2.3744667,2.1600912,6.9580655,8.00764,1384.85,338.64542,0,0.3538898,-0.001098633,25,20,0.4356366,0.32852957,0.2450876,0.27970436,0.35672688,0.82318515,0.70564574,19.701065,17.791876,16.366306,17.7965,17.403831,19.611685,19.60097,18.485548,20.385607,16.54223,15.705,17.009459,14.90998,17.118444,15.927649,16.999586,19.775007,17.567678,18.073374,17.520508,16.16271,16.439009,16.36085,17.532139,20.275606,16.465061,16.394405,16.685175,17.440432,15.929243,15.90986,16.976662,19.167328,19.073797,16.031477,17.7427,17.538916,15.114555,14.833078,17.094889,18.711664,19.067955,18.73878,18.111536,16.888947,17.531406,19.110092,18.305399,1.1017823,2.267279,7.482853,0.45350227,30.718855,30.231426,39.321667,18.324604,16.799768,17.414164,17.014256,17.071693,18.308624,42.17
4446011.924,657854.7026,19.995565,1.139478,1.13651,27.992294,32.787643,25.812853,24.629353,23.519331,31.637045,30.293041,30.496431,30.145802,31.47634,40.582577,37.18677,42.93133,44.549587,45.407364,2.3596144,2.1442018,7.1095405,8.045081,1384.86,329.03625,-0.080078125,0.3344114,-0.004394531,25,20,0.4356366,0.32852957,0.2450876,0.27970436,0.35672688,0.82318515,0.70564574,20.29138,18.420437,16.552263,17.729193,16.505573,20.530247,20.079256,18.779745,20.221554,16.412205,15.485388,17.215967,15.167416,17.10503,17.104975,17.19136,21.331785,16.956696,17.18787,18.493902,17.64809,17.39663,15.827266,17.977823,20.829748,17.896746,16.217937,17.03312,18.207455,16.361242,14.917481,17.319666,18.89608,17.923365,16.03377,17.969824,18.200346,14.570296,15.31813,16.887758,16.94452,18.410843,17.621975,18.962303,18.589184,16.862036,18.862837,18.04725,1.137994,2.251908,7.5773106,0.45350227,30.389969,30.965042,38.884674,18.586905,16.958933,17.834606,17.351963,16.987402,18.036243,42.17
4446011.924,657859.7026,24.73605,1.1364686,1.2145815,27.813091,32.32497,25.477888,24.518013,23.613821,32.14622,30.911947,30.716871,29.98227,31.07852,40.077908,37.112263,42.975456,44.79525,45.457706,2.3269587,2.1214755,7.2512364,8.0888815,1384.88,326.30994,0.040039062,0.3101739,0.001098633,25,20,0.4356366,0.32852957,0.2450876,0.27970436,0.35672688,0.82318515,0.70564574,20.29138,18.420437,16.552263,17.729193,16.505573,20.530247,20.079256,18.779745,20.221554,16.412205,15.485388,17.215967,15.167416,17.10503,17.104975,17.19136,21.331785,16.956696,17.18787,18.493902,17.64809,17.39663,15.827266,17.977823,20.829748,17.896746,16.217937,17.03312,18.207455,16.361242,14.917481,17.319666,18.89608,17.923365,16.03377,17.969824,18.200346,14.570296,15.31813,16.887758,16.94452,18.410843,17.621975,18.962303,18.589184,16.862036,18.862837,18.04725,1.1755251,2.224217,7.670059,0.45350227,30.06903,31.529083,38.595085,18.586905,16.958933,17.834606,17.351963,16.987402,18.036243,42.17
4446011.924,657864.7026,27.082016,1.1329522,1.2796369,27.82196,32.316467,25.095118,24.356133,23.568861,32.47237,30.986967,30.897757,30.150043,30.796106,39.644154,37.217846,43.138138,44.779263,45.627964,2.2940636,2.1203012,7.3137865,8.11801,1384.89,329.93143,-0.080078125,0.31477895,-0.003295898,25,20,0.4356366,0.32852957,0.2450876,0.27970436,0.35672688,0.82318515,0.70564574,18.767244,18.29131,16.925121,19.571442,17.980394,20.793213,19.5389,19.033558,18.480673,16.496939,15.493726,17.147888,15.227753,16.311035,18.129349,16.976881,19.222298,18.296984,19.046978,18.448534,17.603611,16.446333,18.201572,18.21113,19.7542,17.248018,16.74913,17.557896,17.94488,15.795654,15.960838,17.246225,17.618694,17.882605,15.329173,17.683786,17.39496,15.503089,15.767492,16.680704,19.983906,19.059439,19.397558,19.376831,18.020935,16.759426,18.687632,18.750372,1.2062945,2.2071824,7.715898,0.45350227,30.069214,31.729668,38.431,18.83823,16.755337,18.180902,17.287231,16.739971,18.755106,42.17
4446011.924,657869.7026,16.581656,1.1298635,1.3284955,27.835522,32.308502,24.773846,24.150244,23.48629,32.71534,31.097343,31.046167,30.629938,30.653063,39.21862,37.250183,43.262455,44.531273,45.8139,2.2493238,2.1190953,7.2949033,8.133725,1384.91,341.58502,0.12011719,0.3171593,0.006713867,10,20,0.4356366,0.32852957,0.2450876,0.27970436,0.35672688,0.82318515,0.70564574,18.767244,18.29131,16.925121,19.571442,17.980394,20.793213,19.5389,19.033558,18.480673,16.496939,15.493726,17.147888,15.227753,16.311035,18.129349,16.976881,19.222298,18.296984,19.046978,18.448534,17.603611,16.446333,18.201572,18.21113,19.7542,17.248018,16.74913,17.557896,17.94488,15.795654,15.960838,17.246225,17.618694,17.882605,15.329173,17.683786,17.39496,15.503089,15.767492,16.680704,19.983906,19.059439,19.397558,19.376831,18.020935,16.759426,18.687632,18.750372,1.2291795,2.1842096,7.7143145,0.45350227,30.072012,31.906342,38.2344,18.83823,16.755337,18.180902,17.287231,16.739971,18.755106,42.17
4446011.924,657874.7026,17.320444,1.1270905,1.3755935,27.850416,32.30028,24.491894,23.945614,23.404362,32.95866,31.222929,31.19523,31.205914,30.547033,38.769875,37.26677,43.358856,44.21011,45.986725,2.1997871,2.117938,7.2581625,8.147277,1384.91,352.5868,-0.03955078,0.33201942,0,10,20,0.44721437,0.3346604,0.24523781,0.27997327,0.37068257,0.8210412,0.6818613,18.961872,17.592794,17.191818,19.451357,17.839766,19.902588,19.775269,18.833961,18.67033,16.40186,15.9509535,16.342707,15.409172,16.074116,17.15751,16.725016,20.26049,18.077229,19.200294,17.143385,17.470238,15.994596,17.172554,17.887423,19.341793,16.686563,16.631618,16.761255,17.94018,15.12642,15.699598,16.831701,19.370518,17.879648,14.961139,17.554522,16.393145,15.355352,14.744376,16.600084,20.945612,18.781387,17.66357,18.243933,17.640572,17.686245,19.057142,18.516495,1.251342,2.1588626,7.7027197,0.45438161,30.075348,32.090794,38.018322,18.673635,16.572378,17.902683,16.883919,16.608387,18.574066,42.17
4446011.924,657879.7026,14.14095,1.1571404,1.4390234,27.922976,31.841845,24.286438,23.779133,22.619457,33.13045,31.568972,31.361319,31.762821,30.326704,38.367645,37.262344,43.442825,43.870445,46.312313,2.1552608,2.12293,7.2477508,8.1688795,1384.92,350.51877,0.12060547,0.3481628,0.005615234,10,20,0.44721437,0.3346604,0.24523781,0.27997327,0.37068257,0.8210412,0.6818613,17.969522,17.727907,15.953728,18.515917,16.50445,19.61881,18.440868,18.029587,20.13412,16.558125,15.4835205,16.049028,14.808943,17.066538,17.848652,17.15489,21.936016,17.71677,17.701843,16.020006,16.520163,17.39395,18.29848,18.050552,20.698767,16.817541,16.003714,15.873024,17.976576,16.94081,15.567758,17.10383,19.542429,17.73302,15.522902,17.362522,16.715214,15.048608,15.596651,16.731073,20.600372,17.807978,17.062654,17.096191,16.609974,18.171162,18.862062,18.064196,1.2980819,2.1390953,7.708315,0.45438161,29.88241,32.349712,37.814995,17.818743,16.849848,17.941032,17.125456,16.788763,18.030056,42.17
4446011.924,657884.7026,10.367729,1.165289,1.4925082,27.816319,30.935356,24.057037,23.645844,22.740362,33.55734,32.84718,31.902636,32.384285,30.272394,37.77448,36.787006,43.37377,43.3611,46.34186,2.1143153,2.1408174,7.2339516,8.184961,1384.92,7.413195,0.040527344,0.33201942,0.006713867,10,20,0.44721437,0.3346604,0.24523781,0.27997327,0.37068257,0.8210412,0.6818613,17.969522,17.727907,15.953728,18.515917,16.50445,19.61881,18.440868,18.029587,20.13412,16.558125,15.4835205,16.049028,14.808943,17.066538,17.848652,17.15489,21.936016,17.71677,17.701843,16.020006,16.520163,17.39395,18.29848,18.050552,20.698767,16.817541,16.003714,15.873024,17.976576,16.94081,15.567758,17.10383,19.542429,17.73302,15.522902,17.362522,16.715214,15.048608,15.596651,16.731073,20.600372,17.807978,17.062654,17.096191,16.609974,18.171162,18.862062,18.064196,1.3288987,2.1275663,7.7094564,0.45438161,29.375837,33.20226,37.280743,17.818743,16.849848,17.941032,17.125456,16.788763,18.030056,42.17
4446011.924,657889.7026,11.67691,1.1665853,1.5505601,27.712446,31.580868,23.87236,23.491045,22.590675,33.956566,32.827423,32.198654,33.043957,30.398191,37.236614,36.5616,43.295296,42.983032,46.25786,2.0797472,2.1319723,7.220748,8.194578,1384.91,31.750309,0.080078125,0.35387564,0.005615234,10,20,0.44721437,0.3346604,0.24523781,0.27997327,0.37068257,0.8210412,0.6818613,18.278952,17.402824,15.96474,19.257093,17.294569,20.776546,18.084217,18.406614,20.109196,16.686407,15.590918,16.152964,15.137758,17.247484,17.431934,17.178453,21.04937,17.342613,17.665583,16.4255,17.763285,17.200165,19.797314,18.233414,20.312862,17.546247,16.474377,16.758612,17.901194,15.904561,17.056461,17.379807,21.138805,18.12625,15.831802,17.192867,17.699318,15.593508,14.779225,17.060806,20.409924,18.622187,17.133219,17.874987,18.838089,19.22092,18.560606,18.674921,1.3585727,2.1058598,7.707663,0.45438161,29.646656,33.391994,36.89911,18.151278,16.908094,18.177689,17.422045,17.194538,18.665705,42.17
4446011.924,657894.7026,10.052207,1.1801027,1.6004229,27.530994,31.648718,23.85656,23.443253,22.625154,34.365753,32.50078,32.519966,33.84973,30.999659,36.902145,36.766933,42.925594,42.347775,45.701763,2.125507,2.1169288,7.2149844,8.194231,1384.89,47.72631,0.12011719,0.42628953,0.0078125,10,20,0.44721437,0.3346604,0.24523781,0.27997327,0.37068257,0.8210412,0.6818613,18.69879,17.39737,16.343704,18.89268,16.281029,20.18852,19.576519,18.450644,19.794764,15.936406,15.375177,15.895501,14.827886,17.411913,17.16221,16.857306,22.68922,17.52817,17.837976,16.7442,17.324356,17.097795,16.70719,17.988874,19.356573,18.159418,17.163515,16.751207,17.736465,15.011124,15.904153,17.071093,18.858028,18.609716,16.602139,17.62584,17.345127,14.861994,13.874159,16.78957,19.180328,17.532043,17.061714,16.964102,18.02428,18.733416,17.457706,17.87388,1.3902628,2.121218,7.704608,0.45438161,29.589855,33.433266,36.83454,18.196945,16.629122,17.989843,17.154636,16.825285,17.850512,42.17
4446011.924,657899.7026,18.56983,1.1848487,1.6405622,27.512293,31.64307,23.816614,23.377449,22.609415,35.061543,32.80307,33.19041,34.775726,31.954441,36.364746,36.428745,42.30152,41.635647,44.866142,2.1428874,2.1166086,7.202808,8.195121,1384.85,56.293793,-0.040527344,0.5164141,-0.001098633,10,20,0.44721437,0.3346604,0.24523781,0.27997327,0.37068257,0.8210412,0.6818613,18.415516,17.097958,16.036427,18.647831,16.012705,19.971409,19.318253,18.187918,19.767033,15.915143,15.353915,15.881326,14.811938,17.4028,17.147022,16.840342,22.48255,17.40921,17.694088,16.662872,17.205326,17.00514,16.612614,17.86933,19.356573,18.156633,17.15055,16.748888,17.736465,15.001864,15.904153,17.066837,18.907913,18.609716,16.622822,17.62584,17.345127,14.89411,13.906274,16.81126,19.653828,17.609058,17.137918,17.040579,18.088497,18.919342,17.55443,18.026962,1.4127054,2.1297479,7.698964,0.45438161,29.577682,33.932304,36.396744,17.928585,16.611311,17.8674,17.150732,16.844543,18.00052,42.17
4446011.924,657904.7026,17.213312,1.1812189,1.6657512,27.733727,31.122429,23.809671,23.34995,22.473091,35.643578,33.202133,33.89999,35.61303,32.921925,35.918884,36.23039,41.648594,41.032726,44.11885,2.1686866,2.1189196,7.1725655,8.188863,1384.81,55.48034,-0.0390625,0.5559927,-0.003295898,10,20,0.46083537,0.3238893,0.24590327,0.275359,0.3646536,0.84697217,0.7393772,18.62888,16.841183,15.835202,18.847567,16.986382,20.132616,18.62381,18.219915,18.579931,15.450467,15.82059,16.584602,14.798396,17.167856,17.877514,16.85629,21.375893,17.429182,17.969814,16.843073,16.90086,17.43445,16.851755,17.893812,18.85682,18.353348,17.929567,17.498653,18.094013,15.520678,15.7051935,17.33194,18.942543,18.580845,16.74358,17.844893,17.25032,15.141213,14.632384,16.961008,20.280256,16.858654,17.534061,19.08698,18.217932,19.82622,17.90721,18.510479,1.423485,2.1438031,7.680714,0.4652843,29.428078,34.422855,36.07464,17.98509,16.611338,17.82929,17.42261,17.019398,18.530186,42.17
4446011.924,657909.7026,16.468437,1.18587,1.6979945,27.714417,31.117966,23.821592,23.318068,22.45517,36.37592,33.502422,34.650314,36.58648,33.99523,35.368732,35.861397,40.911312,40.271988,43.168667,2.1976638,2.1183498,7.1619663,8.184976,1384.77,54.16589,0,0.63643724,0,10,20,0.46083537,0.3238893,0.24590327,0.275359,0.3646536,0.84697217,0.7393772,18.566462,17.995735,16.206442,17.599512,16.519037,19.238752,18.676485,17.951504,22.118835,19.39846,18.458063,19.634516,17.887056,20.886938,21.01465,20.263416,20.49886,17.699024,17.666128,17.96538,16.988895,15.8854475,18.158392,17.901793,18.885597,18.099638,17.483862,18.318436,18.052633,15.537607,16.000572,17.446894,18.429182,17.689173,15.823848,17.159285,16.051962,14.977773,14.919832,16.353134,21.501293,16.89483,17.57107,17.018087,17.241888,18.095762,17.801168,17.953314,1.4419322,2.1580067,7.673471,0.4652843,29.416191,34.93917,35.615067,17.828917,19.914074,17.837446,17.482622,16.435865,18.017729,42.17
4446011.924,657914.7026,12.3697,1.184674,1.7318437,27.822374,31.511118,23.79896,23.28392,22.523727,37.03322,33.629974,35.337112,37.527367,35.017643,34.847397,35.41843,40.377583,39.662025,42.280247,2.2235181,2.1116552,7.1509175,8.184203,1384.72,55.291794,-0.040527344,0.6795452,-0.004516602,10,20,0.46083537,0.3238893,0.24590327,0.275359,0.3646536,0.84697217,0.7393772,19.06874,18.418318,16.643244,18.000647,16.888077,19.61583,19.092209,18.368353,23.471363,20.973892,18.998352,20.906187,18.367664,21.68749,21.553066,21.233612,22.226124,19.172316,18.970549,19.39097,18.413883,16.570332,18.85787,19.116817,20.788538,19.156622,19.094015,19.646553,18.809542,17.462442,16.935507,18.86314,19.186367,18.883343,17.040691,18.410591,16.935276,16.086622,16.010931,17.445513,21.501293,16.89483,17.57107,17.018087,17.241888,18.095762,17.801168,17.953314,1.4582589,2.1675868,7.6675606,0.4652843,29.666746,35.331596,35.13291,18.246723,20.851145,19.086004,18.841888,17.507689,18.017729,42.17
4446006.924,657759.7026,17.999292,1.2089216,1.340035,28.432583,34.123863,27.054565,26.833965,24.430206,31.296633,30.509148,30.260376,32.84282,32.769135,39.740383,35.485493,41.27267,40.458332,44.39767,2.4990292,2.1742096,6.447117,7.9626493,1384.91,270,0.040039062,0.057351712,0.003295898,10,20,0.44970685,0.33067936,0.23703894,0.2802134,0.38313818,0.82188565,0.69263947,18.628574,17.072586,16.755478,18.928614,16.607227,19.938204,18.438643,18.34936,17.283789,16.688114,14.736681,16.256134,15.086004,18.791712,16.846012,16.86101,19.28921,19.358273,18.563984,18.455284,18.611187,18.981785,17.268969,18.762863,18.984974,19.7479,18.80346,16.573898,18.15986,17.503448,17.851175,18.18073,18.9388,18.137821,15.176773,15.567796,14.462767,14.492432,15.0815525,16.049253,18.158457,19.661102,18.694109,18.157335,17.999828,17.965887,18.84614,18.528193,1.2744782,2.3366194,7.204883,0.4564717,31.278223,30.90289,37.612938,18.052761,16.52692,18.646955,18.232101,15.979706,18.49755,42.17
4446006.924,657764.7026,20.77371,1.2053013,1.3524004,28.436827,34.12181,26.765953,26.633686,24.32917,31.236595,30.49908,30.250908,33.03928,32.530033,39.73089,35.56212,41.51802,40.474644,44.73267,2.4945245,2.1740496,6.434055,7.9683456,1384.91,288.43494,-0.040039062,0.045340516,-0.002197266,10,20,0.44970685,0.33067936,0.23703894,0.2802134,0.38313818,0.82188565,0.69263947,19.03368,17.475815,16.724363,18.90891,17.965126,20.30079,19.134085,18.672827,17.713192,16.777401,15.442101,15.715554,14.647782,16.88318,16.740244,16.474056,18.206842,18.692917,18.702854,16.722353,18.167088,17.907696,17.161741,17.860058,19.550821,18.922817,17.481194,17.150047,17.455488,17.315775,17.622173,17.869816,20.220972,18.271667,15.113276,16.656275,15.153263,14.878015,14.990621,16.474785,19.471354,18.639029,18.724237,17.720669,17.4221,17.655363,18.377409,18.233828,1.2788508,2.3342872,7.2012005,0.4564717,31.27932,30.867838,37.646503,18.50611,16.274206,17.937357,17.928331,16.469156,18.287167,42.17
4446006.924,657769.7026,25.566978,1.2057995,1.3520721,28.163443,34.054504,26.47484,26.346327,23.904299,31.246368,30.579895,30.215918,33.23394,32.385395,39.70894,35.604416,41.873623,40.568146,45.038048,2.4846275,2.1816416,6.4275584,7.977857,1384.92,348.69006,0.12011719,0.07310936,0.006713867,10,20,0.44970685,0.33067936,0.23703894,0.2802134,0.38313818,0.82188565,0.69263947,19.03368,17.475815,16.724363,18.90891,17.965126,20.30079,19.134085,18.672827,17.713192,16.777401,15.442101,15.715554,14.647782,16.88318,16.740244,16.474056,18.206842,18.692917,18.702854,16.722353,18.167088,17.907696,17.161741,17.860058,19.550821,18.922817,17.481194,17.150047,17.455488,17.315775,17.622173,17.869816,20.220972,18.271667,15.113276,16.656275,15.153263,14.878015,14.990621,16.474785,19.471354,18.639029,18.724237,17.720669,17.4221,17.655363,18.377409,18.233828,1.2789358,2.3331347,7.202708,0.4564717,31.108974,30.913132,37.656677,18.50611,16.274206,17.937357,17.928331,16.469156,18.287167,42.17
4446006.924,657774.7026,26.496803,1.2017708,1.3182784,28.158558,34.051807,26.608791,26.23878,23.896748,31.35064,30.664652,30.235498,33.103027,32.219143,39.650875,35.55037,41.79484,40.764877,45.17025,2.4588962,2.180933,6.4328303,7.979394,1384.91,15.255118,-0.080078125,0.16347715,-0.003295898,10,20,0.44970685,0.33067936,0.23703894,0.2802134,0.38313818,0.82188565,0.69263947,18.854254,18.27566,17.281235,19.118956,18.424038,20.30376,18.937113,18.853872,19.205463,17.936384,15.4951935,16.502825,14.486016,16.511833,16.863293,16.910334,20.353512,20.592865,17.811916,20.017942,18.474823,16.457937,17.455214,18.740355,19.407816,18.956863,16.510218,19.229177,17.629135,16.956385,18.070644,18.167868,19.241604,17.921865,15.070831,16.099054,14.593796,15.51979,14.959897,16.32751,19.513876,19.176294,18.023117,21.069475,18.963806,17.607086,16.901897,18.768145,1.2600245,2.3199146,7.206112,0.4564717,31.105183,31.007645,37.600624,18.742146,16.71443,18.737745,18.108606,16.200977,18.750793,42.17
4446006.924,657779.7026,26.644032,1.1975287,1.255844,28.145596,34.048676,26.99604,26.164867,23.924437,31.571821,30.81441,30.274275,32.774452,32.11936,39.558754,35.404575,41.521904,41.09013,45.185265,2.4192538,2.1800203,6.451271,7.979125,1384.91,3.814074,0,0.21554539,-0.001098633,10,20,0.44970685,0.33067936,0.23703894,0.2802134,0.38313818,0.82188565,0.69263947,18.982607,18.65887,16.88375,18.228685,16.365925,19.948912,18.663662,18.461128,20.003933,17.503742,15.392565,17.084845,14.811054,17.118418,17.06625,17.209286,19.182047,19.874512,17.55932,18.116545,17.163128,16.282999,16.531172,17.863623,19.034765,18.94261,16.673626,18.059471,17.55634,16.197117,16.454258,17.550177,19.590078,18.946747,15.318771,18.035795,14.194299,16.099972,14.880083,16.880402,20.903309,18.954397,16.76524,18.448036,16.319271,17.771322,17.648783,18.144585,1.2266864,2.299637,7.215198,0.4564717,31.097136,31.193115,37.481667,18.247488,16.997257,17.815676,17.55974,16.723679,18.115767,42.17
4446006.924,657784.7026,19.130913,1.1889281,1.186134,28.472858,33.6562,27.293846,26.006493,23.761784,31.82666,30.900545,30.291552,32.45067,32.016415,39.380123,35.441765,41.49542,41.524437,45.25082,2.3571017,2.19266,6.468303,7.984503,1384.91,3.814074,0,0.21554539,0.001098633,10,20,0.4340338,0.323486,0.24317828,0.27933052,0.36339235,0.8254834,0.6917922,18.982607,18.65887,16.88375,18.228685,16.365925,19.948912,18.663662,18.461128,20.003933,17.503742,15.392565,17.084845,14.811054,17.118418,17.06625,17.209286,19.182047,19.874512,17.55932,18.116545,17.163128,16.282999,16.531172,17.863623,19.034765,18.94261,16.673626,18.059471,17.55634,16.197117,16.454258,17.550177,19.590078,18.946747,15.318771,18.035795,14.194299,16.099972,14.880083,16.880402,20.903309,18.954397,16.76524,18.448036,16.319271,17.771322,17.648783,18.144585,1.187531,2.274881,7.226403,0.45152807,31.06453,31.363602,37.410942,18.247488,16.997257,17.815676,17.55974,16.723679,18.115767,42.17
4446006.924,657789.7026,11.953026,1.1841562,1.1121583,28.462921,33.651737,27.614286,25.816864,23.739975,32.086666,31.093904,30.361197,32.116814,31.958158,39.23365,35.250843,41.259415,41.947865,45.336327,2.3068273,2.192464,6.474752,7.982551,1384.91,12.9946165,0.080078125,0.19129118,0.003295898,10,20,0.4340338,0.323486,0.24317828,0.27933052,0.36339235,0.8254834,0.6917922,19.459782,17.807072,16.868994,18.88893,16.724707,19.460007,19.151129,18.523153,20.468525,16.379385,14.808764,17.088352,14.332481,17.799952,17.812353,17.24669,19.775211,18.721935,17.664398,17.761263,16.274448,16.210403,16.056026,17.585083,18.359524,17.840042,17.742472,17.175936,17.406235,15.79019,15.696202,17.173649,20.484524,19.043308,17.118776,17.86238,14.462614,15.458539,15.415985,17.182507,20.472595,19.118225,17.469193,18.531565,18.180468,18.255804,19.06719,18.767843,1.1481572,2.2496457,7.2286515,0.45152807,31.05733,31.590286,37.24225,18.337233,16.955687,17.494812,17.144373,17.120876,18.727861,42.17
4446006.924,657794.7026,22.973885,1.1794488,1.0386196,28.455292,33.64714,27.838295,25.544235,23.679121,32.35058,31.306187,30.453518,31.807959,31.89969,39.05659,35.029434,41.073654,42.42495,45.50174,2.2545638,2.192304,6.4698963,7.979461,1384.9,24.443954,-0.040039062,0.17324539,-0.002197266,10,20,0.4340338,0.323486,0.24317828,0.27933052,0.36339235,0.8254834,0.6917922,18.945803,17.854168,16.358135,19.27905,16.103508,19.863312,18.973818,18.429888,19.842741,16.302721,15.076614,17.484907,14.9518585,15.703386,17.679155,16.897383,19.2217,18.078182,17.751982,18.03517,16.807531,16.855526,17.803514,17.989834,19.41557,17.2152,16.383139,17.463783,18.026058,15.220252,16.5614,17.217773,20.00673,18.405386,16.911392,18.959723,16.47507,15.580358,15.852303,17.504816,19.939642,18.0135,19.094135,19.252668,19.092136,18.793474,18.84755,19.041786,1.1090343,2.223434,7.224679,0.45152807,31.051216,31.828382,37.043015,18.196827,16.720198,17.793371,17.18363,17.455853,19.004728,42.17
4446006.924,657799.7026,27.721115,1.1731626,0.9701791,28.282152,33.321842,27.937279,25.21288,23.41702,32.593204,31.494862,30.539125,31.544968,31.86621,38.896088,34.90394,41.081272,42.93355,45.685036,2.2065766,2.1871657,6.4576864,7.9807997,1384.89,21.801409,-0.12011719,0.15442389,-0.0078125,10,20,0.4340338,0.323486,0.24317828,0.27933052,0.36339235,0.8254834,0.6917922,18.945803,17.854168,16.358135,19.27905,16.103508,19.863312,18.973818,18.429888,19.842741,16.302721,15.076614,17.484907,14.9518585,15.703386,17.679155,16.897383,19.2217,18.078182,17.751982,18.03517,16.807531,16.855526,17.803514,17.989834,19.41557,17.2152,16.383139,17.463783,18.026058,15.220252,16.5614,17.217773,20.00673,18.405386,16.911392,18.959723,16.47507,15.580358,15.852303,17.504816,19.939642,18.0135,19.094135,19.252668,19.092136,18.793474,18.84755,19.041786,1.0716708,2.1968713,7.219243,0.45152807,30.801998,32.044033,36.900013,18.196827,16.720198,17.793371,17.18363,17.455853,19.004728,42.17
4446006.924,657804.7026,28.447525,1.1703259,0.9265577,28.271671,33.32086,28.018978,25.086885,23.379244,32.502903,31.468,30.485977,31.355167,31.92973,39.096966,34.933163,41.10634,43.203625,45.697975,2.1996126,2.1859672,6.4582677,7.971479,1384.89,26.56505,0,0.19236283,0,25,20,0.4340338,0.323486,0.24317828,0.27933052,0.36339235,0.8254834,0.6917922,19.312885,19.355392,16.232738,18.172136,16.334047,20.3313,18.866032,18.561033,20.34957,16.285639,14.658304,16.902624,14.948923,17.407324,16.664572,16.949812,22.41626,17.280167,17.11652,18.5343,16.489374,18.066727,18.880907,18.547842,19.931423,17.136215,16.664675,17.407263,17.121346,16.169502,16.622257,17.307585,20.16428,18.219902,16.795134,18.290457,16.27847,16.019804,15.969078,17.474823,21.728327,19.145092,18.518332,18.773092,18.793316,19.582952,18.624252,19.364378,1.0484418,2.19279,7.2148733,0.45152807,30.796267,31.98545,37.015064,18.372074,16.74528,18.39775,17.293242,17.391018,19.30934,42.17
4446006.924,657809.7026,26.771181,1.1682311,0.9091573,28.257618,33.322952,28.053633,25.162642,23.39703,32.091766,31.20338,30.268677,31.26509,32.136482,39.66655,35.232307,41.290264,43.227108,45.472927,2.2344398,2.1842508,6.476412,7.9591827,1384.88,32.005383,0,0.27052557,0,25,20,0.4340338,0.323486,0.24317828,0.27933052,0.36339235,0.8254834,0.6917922,19.2794,18.476412,16.167759,18.221968,17.558273,21.631659,18.50623,18.827215,19.431133,16.466347,15.295545,16.129356,15.101493,16.704206,17.903439,16.976393,21.741598,19.300823,16.476248,18.397783,18.034315,17.86347,17.710873,18.667261,20.712769,18.632687,15.810651,18.876825,17.468758,15.408529,16.887768,17.706903,19.547258,17.519705,16.958141,18.228222,17.751888,16.039717,14.926386,17.336002,20.758307,17.457918,17.349283,18.765083,19.089018,19.15813,17.976154,18.65323,1.0386941,2.2093453,7.2177973,0.45152807,30.790285,31.647573,37.44943,18.548815,16.71879,18.503588,17.685427,17.281618,18.650557,42.17
4446006.924,657814.7026,19.989225,1.1662631,0.8999582,28.244291,33.3256,27.991148,25.218168,23.39507,31.629347,30.915838,30.053564,31.206673,32.363472,40.280064,35.54421,41.53724,43.253017,45.26222,2.276011,2.182474,6.492225,7.946258,1384.87,21.801409,0.040039062,0.30884555,0.001098633,50,20,0.4514702,0.32528058,0.24223533,0.27661046,0.35560727,0.82495356,0.71150935,19.2794,18.476412,16.167759,18.221968,17.558273,21.631659,18.50623,18.827215,19.431133,16.466347,15.295545,16.129356,15.101493,16.704206,17.903439,16.976393,21.741598,19.300823,16.476248,18.397783,18.034315,17.86347,17.710873,18.667261,20.712769,18.632687,15.810651,18.876825,17.468758,15.408529,16.887768,17.706903,19.547258,17.519705,16.958141,18.228222,17.751888,16.039717,14.926386,17.336002,20.758307,17.457918,17.349283,18.765083,19.089018,19.15813,17.976154,18.65323,1.0331106,2.2292423,7.2192416,0.45538098,30.784946,31.272593,37.912136,18.548815,16.71879,18.503588,17.685427,17.281618,18.650557,42.17
4446006.924,657819.7026,26.033346,1.1641212,0.8943425,28.232391,33.328083,27.827461,25.205648,23.361347,31.19055,30.654238,29.88007,31.160912,32.5745,40.851456,35.8165,41.819046,43.332603,45.121815,2.31409,2.1807704,6.504569,7.934321,1384.86,16.927513,0,0.34470314,0.001098633,50,20,0.4514702,0.32528058,0.24223533,0.27661046,0.35560727,0.82495356,0.71150935,19.501417,17.793148,17.503649,18.447556,15.265697,20.712854,18.36492,18.419342,18.224112,16.575188,15.948837,16.535288,14.827244,18.35957,17.59278,17.227407,20.284863,18.092924,17.180103,19.161472,17.66837,17.736677,17.327925,18.401588,18.625263,18.04946,17.734314,18.966112,17.082958,16.177845,16.998783,17.671999,19.820934,17.994385,17.22477,18.242136,17.345646,16.188997,15.338587,17.550785,21.564299,18.224642,18.813503,18.886198,17.413769,18.951578,17.212387,18.900629,1.0292318,2.2474303,7.219445,0.45538098,30.780237,30.922394,38.333977,18.227034,16.866146,18.207476,17.662104,17.450779,18.723768,42.17
4446006.924,657824.7026,28.550072,1.1616341,0.89434975,28.22204,33.330017,27.580645,25.137999,23.307257,30.806833,30.423311,29.750551,31.11461,32.743935,41.34727,36.057,42.12209,43.460747,45.047554,2.3461523,2.1791768,6.5211935,7.9255548,1384.85,11.309932,0,0.36554205,-0.003295898,50,20,0.4514702,0.32528058,0.24223533,0.27661046,0.35560727,0.82495356,0.71150935,19.388395,17.989584,16.73057,17.653933,16.863821,20.065542,18.26761,18.248259,18.029127,17.065397,15.1147,15.9664545,15.209005,17.89604,17.82934,17.076868,20.053383,17.947397,17.27212,18.296999,16.428215,17.700672,17.400015,18.147131,18.922657,16.976757,17.004549,19.05121,15.403446,17.304876,17.691341,17.630484,19.341282,19.311523,15.824971,18.34429,17.455791,16.830992,15.471702,17.684772,20.717842,19.250822,19.474438,18.787546,18.867743,18.114428,18.73251,19.278751,1.0279919,2.2626646,7.2233744,0.45538098,30.776028,30.615072,38.702133,18.137066,16.73001,17.871256,17.479261,17.511509,19.135046,42.17
4446006.924,657829.7026,24.015305,1.1586158,0.9060506,28.21438,33.330524,27.291634,25.043999,23.25778,30.54898,30.234991,29.66559,31.032347,32.80606,41.684933,36.28009,42.419014,43.63509,45.038773,2.3685727,2.177745,6.5578322,7.9243174,1384.84,353.65982,-0.24023438,0.38950053,-0.012207031,50,20,0.4514702,0.32528058,0.24223533,0.27661046,0.35560727,0.82495356,0.71150935,19.388395,17.989584,16.73057,17.653933,16.863821,20.065542,18.26761,18.248259,18.029127,17.065397,15.1147,15.9664545,15.209005,17.89604,17.82934,17.076868,20.053383,17.947397,17.27212,18.296999,16.428215,17.700672,17.400015,18.147131,18.922657,16.976757,17.004549,19.05121,15.403446,17.304876,17.691341,17.630484,19.341282,19.311523,15.824971,18.34429,17.455791,16.830992,15.471702,17.684772,20.717842,19.250822,19.474438,18.787546,18.867743,18.114428,18.73251,19.278751,1.0323333,2.273159,7.2410746,0.45538098,30.772453,30.391987,38.982513,18.137066,16.73001,17.871256,17.479261,17.511509,19.135046,42.17
4446006.924,657834.7026,19.389805,1.1537597,0.93461657,28.049433,33.397133,26.988441,24.953217,23.42558,30.507633,29.766031,29.686295,30.868538,32.703026,41.753845,36.664703,42.672802,43.860382,45.128334,2.3772798,2.1692305,6.636347,7.9407463,1384.86,344.0546,0.080078125,0.41751954,0.002197266,50,20,0.4514702,0.32528058,0.24223533,0.27661046,0.35560727,0.82495356,0.71150935,18.937677,19.183279,16.09996,18.560068,17.068914,19.970282,18.875443,18.54244,19.86448,16.900671,15.530783,16.223032,15.237943,18.114872,17.495722,17.297777,20.732967,17.909,16.887709,16.765549,16.625721,18.764307,19.1042,18.272144,18.555079,16.435785,15.996226,16.87066,15.547392,16.491896,17.780037,16.88634,19.267498,18.993496,15.799414,17.544243,17.5411,14.811098,15.6027155,17.053007,20.318775,20.087753,17.064367,15.631577,19.027454,17.933836,18.89833,18.380365,1.0441881,2.273255,7.2885466,0.45538098,30.723282,30.136833,39.209274,18.385088,17.0525,18.11278,16.81101,17.079937,18.423157,42.17
4446006.924,657839.7026,24.132866,1.1498262,0.9834843,28.051483,33.391865,26.708632,24.872707,23.431068,30.6723,29.697336,29.698578,30.630693,32.40833,41.579082,36.888863,42.90287,44.12848,45.233376,2.3736699,2.1671095,6.749402,7.964894,1384.87,347.90524,0.080078125,0.4105689,0.004394531,50,20,0.4514702,0.32528058,0.24223533,0.27661046,0.35560727,0.82495356,0.71150935,19.073683,18.305517,16.665747,18.253313,17.347414,20.292326,18.988455,18.687346,20.390339,16.327337,15.417521,16.918245,15.075816,17.445093,16.436338,17.030056,19.35417,18.556034,17.067617,17.214981,17.752302,18.119774,17.18435,17.907932,18.260586,16.838022,15.639056,17.018976,17.51522,16.298494,15.853546,16.720404,19.609985,18.977655,15.639773,17.980886,16.702324,15.39928,14.997911,17.045624,19.62739,19.800016,17.50549,17.683123,17.220451,18.116083,18.42337,18.396881,1.0666553,2.2703896,7.357148,0.45538098,30.721674,30.184818,39.23397,18.418064,16.85867,17.892748,16.774843,17.043972,18.339417,42.17
4446006.924,657844.7026,28.359886,1.1454359,1.0454232,28.054579,33.385307,26.40751,24.797892,23.45361,30.946682,29.656406,29.7538,30.354559,32.0253,41.28379,37.11389,43.117653,44.422455,45.357525,2.3632498,2.1651425,6.886809,7.9967575,1384.87,349.5085,-0.080078125,0.39369997,-0.003295898,25,20,0.4356366,0.32852957,0.2450876,0.27970436,0.35672688,0.82318515,0.70564574,19.073683,18.305517,16.665747,18.253313,17.347414,20.292326,18.988455,18.687346,20.390339,16.327337,15.417521,16.918245,15.075816,17.445093,16.436338,17.030056,19.35417,18.556034,17.067617,17.214981,17.752302,18.119774,17.18435,17.907932,18.260586,16.838022,15.639056,17.018976,17.51522,16.298494,15.853546,16.720404,19.609985,18.977655,15.639773,17.980886,16.702324,15.39928,14.997911,17.045624,19.62739,19.800016,17.50549,17.683123,17.220451,18.116083,18.42337,18.396881,1.0954295,2.2641962,7.441783,0.45350227,30.719944,30.301544,39.19884,18.418064,16.85867,17.892748,16.774843,17.043972,18.339417,42.17
4446006.924,657849.7026,25.184013,1.1408826,1.1200302,27.989405,32.791046,26.054008,24.709362,23.54373,31.67066,30.403816,30.616596,30.41163,31.794846,40.602146,36.945564,42.615383,44.261192,45.201817,2.3575535,2.1484222,7.0395246,8.029575,1384.88,344.35776,0,0.37222916,-0.001098633,25,20,0.4356366,0.32852957,0.2450876,0.27970436,0.35672688,0.82318515,0.70564574,20.009806,18.066418,16.567501,18.02062,17.66232,19.847607,19.841465,18.729792,20.410103,16.561804,15.713506,17.02009,14.9291315,17.130596,15.939798,17.013935,19.969753,17.699451,18.136126,17.604235,16.261496,16.543325,16.469957,17.64293,20.276997,16.466452,16.395798,16.687494,17.442171,15.930238,15.90986,16.977978,19.117443,19.049519,15.990114,17.725464,17.513062,15.084494,14.818306,17.067522,18.358831,18.859577,18.649546,18.041468,16.803726,17.462381,18.94614,18.157282,1.1304564,2.2529879,7.5345497,0.45350227,30.390224,31.03724,38.773857,18.573675,16.815004,17.526335,17.015572,17.04263,18.160236,42.17
4446006.924,657854.7026,19.438557,1.1355836,1.2035866,27.988325,32.782864,25.700335,24.659565,23.586197,32.104313,30.411737,30.819162,30.079937,31.335243,40.18825,37.1549,42.7565,44.581875,45.288494,2.3443198,2.147363,7.222688,8.073957,1384.89,338.62936,0,0.35411632,-0.001098633,25,20,0.4356366,0.32852957,0.2450876,0.27970436,0.35672688,0.82318515,0.70564574,20.29138,18.420437,16.552263,17.729193,16.505573,20.530247,20.079256,18.779745,20.221554,16.412205,15.485388,17.215967,15.167416,17.10503,17.104975,17.19136,21.331785,16.956696,17.18787,18.493902,17.64809,17.39663,15.827266,17.977823,20.829748,17.896746,16.217937,17.03312,18.207455,16.361242,14.917481,17.319666,18.89608,17.923365,16.03377,17.969824,18.200346,14.570296,15.31813,16.887758,16.94452,18.410843,17.621975,18.962303,18.589184,16.862036,18.862837,18.04725,1.1695851,2.2458415,7.648323,0.45350227,30.385593,31.258026,38.671577,18.586905,16.958933,17.834606,17.351963,16.987402,18.036243,42.17
4446006.924,657859.7026,25.634659,1.1323107,1.2978512,27.799799,32.319206,25.42872,24.65395,23.757961,32.74793,31.008156,31.08766,29.611221,30.851526,39.659523,37.149944,42.74272,45.029045,45.20983,2.3224268,2.1244807,7.450955,8.132006,1384.9,332.36646,-0.080078125,0.3396628,-0.003295898,25,20,0.4356366,0.32852957,0.2450876,0.27970436,0.35672688,0.82318515,0.70564574,20.29138,18.420437,16.552263,17.729193,16.505573,20.530247,20.079256,18.779745,20.221554,16.412205,15.485388,17.215967,15.167416,17.10503,17.104975,17.19136,21.331785,16.956696,17.18787,18.493902,17.64809,17.39663,15.827266,17.977823,20.829748,17.896746,16.217937,17.03312,18.207455,16.361242,14.917481,17.319666,18.89608,17.923365,16.03377,17.969824,18.200346,14.570296,15.31813,16.887758,16.94452,18.410843,17.621975,18.962303,18.589184,16.862036,18.862837,18.04725,1.215081,2.2234538,7.79148,0.45350227,30.059502,31.878042,38.40473,18.586905,16.958933,17.834606,17.351963,16.987402,18.036243,42.17
4446006.924,657864.7026,25.631617,1.1290028,1.361635,27.806635,32.311157,25.086645,24.523567,23.729574,33.079372,31.069874,31.271915,29.733091,30.593437,39.246418,37.263645,42.877365,45.034603,45.324913,2.2956052,2.12329,7.525178,8.160979,1384.92,329.01566,0.080566406,0.33387166,0.002197266,25,20,0.4356366,0.32852957,0.2450876,0.27970436,0.35672688,0.82318515,0.70564574,18.767244,18.29131,16.925121,19.571442,17.980394,20.793213,19.5389,19.033558,18.480673,16.496939,15.493726,17.147888,15.227753,16.311035,18.129349,16.976881,19.222298,18.296984,19.046978,18.448534,17.603611,16.446333,18.201572,18.21113,19.7542,17.248018,16.74913,17.557896,17.94488,15.795654,15.960838,17.246225,17.618694,17.882605,15.329173,17.683786,17.39496,15.503089,15.767492,16.680704,19.983906,19.059439,19.397558,19.376831,18.020935,16.759426,18.687632,18.750372,1.2453189,2.2094476,7.8430786,0.45350227,30.058895,32.074623,38.25503,18.83823,16.755337,18.180902,17.287231,16.739971,18.755106,42.17
4446006.924,657869.7026,20.820595,1.1262606,1.3812399,27.825891,32.30548,24.826967,24.254868,23.586987,33.159054,31.20279,31.353237,30.54008,30.665632,38.901768,37.18718,42.972702,44.533142,45.50206,2.2460747,2.1219084,7.4051123,8.154407,1384.93,336.80945,-0.0390625,0.32679918,0,25,20,0.4356366,0.32852957,0.2450876,0.27970436,0.35672688,0.82318515,0.70564574,18.767244,18.29131,16.925121,19.571442,17.980394,20.793213,19.5389,19.033558,18.480673,16.496939,15.493726,17.147888,15.227753,16.311035,18.129349,16.976881,19.222298,18.296984,19.046978,18.448534,17.603611,16.446333,18.201572,18.21113,19.7542,17.248018,16.74913,17.557896,17.94488,15.795654,15.960838,17.246225,17.618694,17.882605,15.329173,17.683786,17.39496,15.503089,15.767492,16.680704,19.983906,19.059439,19.397558,19.376831,18.020935,16.759426,18.687632,18.750372,1.2537503,2.1839914,7.7797594,0.45350227,30.065685,32.180923,38.04447,18.83823,16.755337,18.180902,17.287231,16.739971,18.755106,42.17
4446006.924,657874.7026,17.956255,1.1555736,1.4264215,27.899506,31.848568,24.631258,24.044542,22.727465,33.23212,31.540943,31.491129,31.213633,30.565657,38.589256,37.138996,43.057217,44.117607,45.84121,2.2062528,2.1268713,7.3495,8.164432,1384.94,349.73438,0.0390625,0.319852,0.001098633,10,20,0.44721437,0.3346604,0.24523781,0.27997327,0.37068257,0.8210412,0.6818613,18.961872,17.592794,17.191818,19.451357,17.839766,19.902588,19.775269,18.833961,18.67033,16.40186,15.9509535,16.342707,15.409172,16.074116,17.15751,16.725016,20.26049,18.077229,19.200294,17.143385,17.470238,15.994596,17.172554,17.887423,19.341793,16.686563,16.631618,16.761255,17.94018,15.12642,15.699598,16.831701,19.370518,17.879648,14.961139,17.554522,16.393145,15.355352,14.744376,16.600084,20.945612,18.781387,17.66357,18.243933,17.640572,17.686245,19.057142,18.516495,1.2909975,2.166562,7.7569656,0.45438161,29.874037,32.38653,37.86413,18.673635,16.572378,17.902683,16.883919,16.608387,18.574066,42.17
4446006.924,657879.7026,14.994241,1.1567873,1.4680305,27.912567,31.841122,24.420553,23.86361,22.660236,33.455143,31.689745,31.669235,31.856369,30.571396,38.173496,37.09761,43.064293,43.722393,45.94617,2.1634598,2.1253834,7.3024225,8.173211,1384.94,351.85123,-0.080566406,0.3034583,-0.003417969,10,20,0.44721437,0.3346604,0.24523781,0.27997327,0.37068257,0.8210412,0.6818613,17.969522,17.727907,15.953728,18.515917,16.50445,19.61881,18.440868,18.029587,20.13412,16.558125,15.4835205,16.049028,14.808943,17.066538,17.848652,17.15489,21.936016,17.71677,17.701843,16.020006,16.520163,17.39395,18.29848,18.050552,20.698767,16.817541,16.003714,15.873024,17.976576,16.94081,15.567758,17.10383,19.542429,17.73302,15.522902,17.362522,16.715214,15.048608,15.596651,16.731073,20.600372,17.807978,17.062654,17.096191,16.609974,18.171162,18.862062,18.064196,1.3124089,2.1444216,7.737817,0.45438161,29.876844,32.572445,37.63555,17.818743,16.849848,17.941032,17.125456,16.788763,18.030056,42.17
4446006.924,657884.7026,9.414635,1.1665702,1.5108695,27.80014,30.936813,24.230518,23.750074,22.776697,33.874767,32.960926,32.244076,32.524998,30.678595,37.643364,36.57669,42.92063,43.149914,45.852276,2.1351578,2.1428533,7.27551,8.182664,1384.95,8.0834055,0.15917969,0.30340892,0.00769043,10,20,0.44721437,0.3346604,0.24523781,0.27997327,0.37068257,0.8210412,0.6818613,17.969522,17.727907,15.953728,18.515917,16.50445,19.61881,18.440868,18.029587,20.13412,16.558125,15.4835205,16.049028,14.808943,17.066538,17.848652,17.15489,21.936016,17.71677,17.701843,16.020006,16.520163,17.39395,18.29848,18.050552,20.698767,16.817541,16.003714,15.873024,17.976576,16.94081,15.567758,17.10383,19.542429,17.73302,15.522902,17.362522,16.715214,15.048608,15.596651,16.731073,20.600372,17.807978,17.062654,17.096191,16.609974,18.171162,18.862062,18.064196,1.3387198,2.1390057,7.729087,0.45438161,29.368477,33.417847,37.110027,17.818743,16.849848,17.941032,17.125456,16.788763,18.030056,42.17
4446006.924,657889.7026,11.783113,1.1702884,1.5556797,27.802345,30.929956,24.087915,23.627478,22.75308,34.265945,33.170757,32.57848,33.21457,30.931059,37.163536,36.438595,42.724205,42.66772,45.66624,2.1117458,2.1416023,7.254131,8.191753,1384.93,29.481907,-0.07910156,0.3780173,-0.003295898,10,20,0.44721437,0.3346604,0.24523781,0.27997327,0.37068257,0.8210412,0.6818613,18.278952,17.402824,15.96474,19.257093,17.294569,20.776546,18.084217,18.406614,20.109196,16.686407,15.590918,16.152964,15.137758,17.247484,17.431934,17.178453,21.04937,17.342613,17.665583,16.4255,17.763285,17.200165,19.797314,18.233414,20.312862,17.546247,16.474377,16.758612,17.901194,15.904561,17.056461,17.379807,21.138805,18.12625,15.831802,17.192867,17.699318,15.593508,14.779225,17.060806,20.409924,18.622187,17.133219,17.874987,18.838089,19.22092,18.560606,18.674921,1.3629841,2.1266742,7.7229424,0.45438161,29.36615,33.718353,36.801064,18.151278,16.908094,18.177689,17.422045,17.194538,18.665705,42.17
4446006.924,657894.7026,16.477448,1.1721163,1.6022946,27.748957,31.127745,24.007753,23.499086,22.612843,34.716553,33.30238,32.982082,33.961353,31.414759,36.71249,36.198483,42.39373,42.239925,45.29803,2.105944,2.1426873,7.2313976,8.189717,1384.91,40.055195,-0.03955078,0.46760413,-0.002197266,10,20,0.44721437,0.3346604,0.24523781,0.27997327,0.37068257,0.8210412,0.6818613,18.69879,17.39737,16.343704,18.89268,16.281029,20.18852,19.576519,18.450644,19.794764,15.936406,15.375177,15.895501,14.827886,17.411913,17.16221,16.857306,22.68922,17.52817,17.837976,16.7442,17.324356,17.097795,16.70719,17.988874,19.356573,18.159418,17.163515,16.751207,17.736465,15.011124,15.904153,17.071093,18.858028,18.609716,16.602139,17.62584,17.345127,14.861994,13.874159,16.78957,19.180328,17.532043,17.061714,16.964102,18.02428,18.733416,17.457706,17.87388,1.3872054,2.1243157,7.7105575,0.45438161,29.43835,34.009468,36.455486,18.196945,16.629122,17.989843,17.154636,16.825285,17.850512,42.17
4446006.924,657899.7026,18.150196,1.1876953,1.6466129,27.498545,31.646004,24.020327,23.501966,22.633799,35.14948,32.81995,33.375706,34.81244,32.219822,36.431515,36.303806,41.974293,41.500084,44.540802,2.1703105,2.1180453,7.2285256,8.185414,1384.88,47.04719,0,0.56760234,-0.001098633,10,20,0.44721437,0.3346604,0.24523781,0.27997327,0.37068257,0.8210412,0.6818613,18.69879,17.39737,16.343704,18.89268,16.281029,20.18852,19.576519,18.450644,19.794764,15.936406,15.375177,15.895501,14.827886,17.411913,17.16221,16.857306,22.68922,17.52817,17.837976,16.7442,17.324356,17.097795,16.70719,17.988874,19.356573,18.159418,17.163515,16.751207,17.736465,15.011124,15.904153,17.071093,18.858028,18.609716,16.602139,17.62584,17.345127,14.861994,13.874159,16.78957,19.180328,17.532043,17.061714,16.964102,18.02428,18.733416,17.457706,17.87388,1.4171541,2.144178,7.70697,0.45438161,29.572273,33.984715,36.36766,18.196945,16.629122,17.989843,17.154636,16.825285,17.850512,42.17
4446006.924,657904.7026,18.103886,1.1829723,1.6665831,27.727543,31.125418,24.001253,23.474945,22.483097,35.577953,33.174664,33.95863,35.504154,32.917923,36.057003,36.18185,41.45499,41.01964,44.070873,2.1851075,2.1203225,7.1913266,8.179822,1384.84,45,-0.08105469,0.5872677,-0.005615234,10,20,0.46083537,0.3238893,0.24590327,0.275359,0.3646536,0.84697217,0.7393772,18.62888,16.841183,15.835202,18.847567,16.986382,20.132616,18.62381,18.219915,18.579931,15.450467,15.82059,16.584602,14.798396,17.167856,17.877514,16.85629,21.375893,17.429182,17.969814,16.843073,16.90086,17.43445,16.851755,17.893812,18.85682,18.353348,17.929567,17.498653,18.094013,15.520678,15.7051935,17.33194,18.942543,18.580845,16.74358,17.844893,17.25032,15.141213,14.632384,16.961008,20.280256,16.858654,17.534061,19.08698,18.217932,19.82622,17.90721,18.510479,1.4247777,2.152715,7.6855745,0.4652843,29.42648,34.37631,36.119427,17.98509,16.611338,17.82929,17.42261,17.019398,18.530186,42.17
4446006.924,657909.7026,18.422832,1.1874869,1.6989809,27.71263,31.120945,24.004963,23.44176,22.462112,36.202435,33.44295,34.603912,36.37252,33.800537,35.565845,35.865803,40.827198,40.345192,43.305706,2.2063086,2.1198728,7.179509,8.177347,1384.81,45,0.08105469,0.6480913,0.004516602,10,20,0.46083537,0.3238893,0.24590327,0.275359,0.3646536,0.84697217,0.7393772,18.566462,17.995735,16.206442,17.599512,16.519037,19.238752,18.676485,17.951504,18.741133,15.8038845,15.747568,17.119051,14.671164,17.024588,18.799013,17.160137,20.401583,17.649384,17.693588,17.949274,17.00949,15.76518,18.148504,17.858812,18.910778,18.164883,17.553953,18.375284,18.11781,15.506762,16.064934,17.488214,19.026798,18.392262,16.371578,17.759155,16.526814,15.652242,15.398542,16.932737,21.501293,16.89483,17.57107,17.018087,17.241888,18.095762,17.801168,17.953314,1.443234,2.1630907,7.678428,0.4652843,29.416786,34.822693,35.715824,17.828917,16.843771,17.80243,17.527773,17.018198,18.017729,42.17
4446006.924,657914.7026,19.74441,1.1863807,1.7335619,27.82454,31.514463,23.967003,23.403223,22.528374,36.741684,33.53586,35.180767,37.18642,34.651062,35.124294,35.466263,40.41472,39.84645,42.591286,2.2265797,2.113253,7.1671333,8.178433,1384.76,49.638508,-0.040039062,0.7521712,-0.001098633,10,20,0.46083537,0.3238893,0.24590327,0.275359,0.3646536,0.84697217,0.7393772,18.566462,17.995735,16.206442,17.599512,16.519037,19.238752,18.676485,17.951504,22.118835,19.39846,18.458063,19.634516,17.887056,20.886938,21.01465,20.263416,20.49886,17.699024,17.666128,17.96538,16.988895,15.8854475,18.158392,17.901793,18.885597,18.099638,17.483862,18.318436,18.052633,15.537607,16.000572,17.446894,18.429182,17.689173,15.823848,17.159285,16.051962,14.977773,14.919832,16.353134,21.501293,16.89483,17.57107,17.018087,17.241888,18.095762,17.801168,17.953314,1.4599713,2.1699164,7.6727834,0.4652843,29.669502,35.13877,35.29528,17.828917,19.914074,17.837446,17.482622,16.435865,18.017729,42.17
4446001.924,657759.7026,17.9549,1.203215,1.3237956,28.428211,34.12196,27.060535,26.668703,24.399786,31.39683,30.576574,30.297596,32.71752,32.723877,39.669735,35.42699,41.23685,40.690403,44.509094,2.4736962,2.1763728,6.452189,7.961394,1384.91,300.96375,0,0.08360374,0.001098633,10,20,0.44970685,0.33067936,0.23703894,0.2802134,0.38313818,0.82188565,0.69263947,19.890236,16.508978,16.84961,18.345335,17.737906,20.072088,18.680761,18.483274,17.435886,16.234196,14.894374,16.42867,14.510254,17.915325,16.672678,16.59615,19.240208,18.794401,16.721918,18.794516,17.086853,18.207825,17.302114,18.240822,20.043493,18.684494,16.705631,18.445402,17.878792,18.202122,17.72756,18.284676,19.238298,18.205204,14.966736,17.109724,14.837717,15.378306,14.862714,16.340433,19.750332,18.151667,16.831911,20.10258,18.204264,17.65492,18.193178,18.449644,1.2635052,2.3250346,7.2067914,0.4564717,31.275085,30.986702,37.548363,18.297846,16.298769,18.02112,18.24107,16.371243,18.412693,42.17
4446001.924,657764.7026,18.802958,1.2049518,1.3255196,28.150284,34.054893,26.761776,26.352293,23.945692,31.437212,30.664732,30.263983,32.91783,32.627472,39.644997,35.449196,41.59139,40.804787,44.8101,2.4633944,2.1837056,6.4518285,7.9726253,1384.91,315,-0.080078125,0.08110754,-0.006713867,10,20,0.44970685,0.33067936,0.23703894,0.2802134,0.38313818,0.82188565,0.69263947,18.518692,16.848257,16.6899,18.663868,15.336522,19.878803,18.846502,18.05976,16.914938,16.346638,15.2841215,16.490665,13.978546,16.915813,16.295778,16.291996,18.229858,17.37302,16.95141,17.62924,16.239183,17.333838,17.390789,17.516754,18.021128,16.800154,16.138645,17.964613,17.137156,16.673391,18.157232,17.363852,19.773256,18.872993,15.645224,16.98746,15.051396,15.194252,15.600388,16.74072,20.134851,19.157618,17.717701,19.63838,16.5922,19.16774,17.960627,18.805574,1.2652357,2.32355,7.212227,0.4564717,31.102589,31.050972,37.547096,17.826078,16.032358,17.306763,17.27033,16.732138,18.62416,42.17
4446001.924,657769.7026,14.6168995,1.2010626,1.313945,28.151594,34.052708,26.684887,26.19891,23.90278,31.464994,30.706259,30.28036,32.93185,32.419563,39.59799,35.44777,41.659092,40.924007,45.04821,2.446746,2.1831956,6.4461584,7.975473,1384.92,315,-0.040039062,0.12141394,-0.001098633,10,20,0.44970685,0.33067936,0.23703894,0.2802134,0.38313818,0.82188565,0.69263947,18.518692,16.848257,16.6899,18.663868,15.336522,19.878803,18.846502,18.05976,16.914938,16.346638,15.2841215,16.490665,13.978546,16.915813,16.295778,16.291996,18.229858,17.37302,16.95141,17.62924,16.239183,17.333838,17.390789,17.516754,18.021128,16.800154,16.138645,17.964613,17.137156,16.673391,18.157232,17.363852,19.773256,18.872993,15.645224,16.98746,15.051396,15.194252,15.600388,16.74072,20.134851,19.157618,17.717701,19.63838,16.5922,19.16774,17.960627,18.805574,1.2575037,2.314971,7.2108154,0.4564717,31.10215,31.085627,37.52288,17.826078,16.032358,17.306763,17.27033,16.732138,18.62416,42.17
4446001.924,657774.7026,12.352262,1.1969919,1.282759,28.148237,34.050148,26.758148,26.05742,23.878168,31.56823,30.790588,30.310434,32.82277,32.252434,39.524334,35.388393,41.612637,41.12917,45.21866,2.4203355,2.1825469,6.4477673,7.977141,1384.93,348.71704,0.080566406,0.14566985,0.004516602,10,20,0.44970685,0.33067936,0.23703894,0.2802134,0.38313818,0.82188565,0.69263947,18.906536,17.556543,17.41825,18.511114,15.339818,20.03964,18.037333,18.193182,18.113888,15.96964,15.737417,16.069605,14.056206,17.131372,15.88058,16.402523,18.921902,17.948238,18.981028,16.78522,16.061504,17.125282,17.125202,17.733868,17.643837,16.79136,17.153296,18.21683,16.789415,17.00777,17.75956,17.46665,20.532028,18.383718,15.298849,16.758867,14.955598,15.185122,14.785652,16.613503,19.726797,17.987907,18.362207,19.948395,17.093433,18.69325,18.483747,18.68247,1.2398754,2.3014412,7.212454,0.4564717,31.099194,31.179409,37.456364,17.97275,16.136957,17.564054,17.337439,16.55712,18.613678,42.17
4446001.924,657779.7026,10.705587,1.18808,1.2372587,28.483114,33.657925,26.833115,25.850533,23.683138,31.74952,30.828867,30.315655,32.648315,32.073612,39.337418,35.495358,41.753548,41.489346,45.403374,2.36403,2.1949775,6.4565935,7.985876,1384.93,0,0.040527344,0.17135528,0.003417969,10,20,0.44970685,0.33067936,0.23703894,0.2802134,0.38313818,0.82188565,0.69263947,18.247993,17.370552,16.337606,17.55591,16.152155,20.620022,19.315233,18.171698,19.374128,16.292387,15.506453,16.543837,14.881832,17.448915,16.32478,16.796467,20.858469,17.761456,18.668114,16.472368,17.168493,17.651033,17.875772,18.026724,18.565487,18.06992,17.341843,16.720812,17.012226,16.952883,16.882076,17.429804,19.25759,19.752422,15.2253895,17.813972,14.873142,15.43161,14.601725,16.789608,20.887762,18.866089,19.076084,20.135756,17.835375,18.462057,18.6284,19.13259,1.2126694,2.2795038,7.221235,0.4564717,31.070518,31.289192,37.41639,17.942781,16.624619,18.0651,17.363605,16.70798,19.127361,42.17
4446001.924,657784.7026,17.875198,1.1832601,1.1755294,28.475239,33.65403,27.078232,25.676373,23.66287,31.98036,30.99656,30.385075,32.367752,31.966171,39.194973,35.33006,41.564304,41.853924,45.524117,2.3177862,2.1949022,6.4627104,7.9854827,1384.93,9.50024,0.080566406,0.17373809,0.004516602,10,20,0.4340338,0.323486,0.24317828,0.27933052,0.36339235,0.8254834,0.6917922,18.247993,17.370552,16.337606,17.55591,16.152155,20.620022,19.315233,18.171698,19.374128,16.292387,15.506453,16.543837,14.881832,17.448915,16.32478,16.796467,20.858469,17.761456,18.668114,16.472368,17.168493,17.651033,17.875772,18.026724,18.565487,18.06992,17.341843,16.720812,17.012226,16.952883,16.882076,17.429804,19.25759,19.752422,15.2253895,17.813972,14.873142,15.43161,14.601725,16.789608,20.887762,18.866089,19.076084,20.135756,17.835375,18.462057,18.6284,19.13259,1.1793947,2.2563443,7.2240963,0.45152807,31.064634,31.48846,37.262516,17.942781,16.624619,18.0651,17.363605,16.70798,19.127361,42.17
4446001.924,657789.7026,18.072445,1.1783575,1.1073835,28.468288,33.64966,27.289885,25.430029,23.614483,32.25434,31.20265,30.48456,32.07061,31.860859,38.998093,35.115086,41.37731,42.293186,45.700443,2.264568,2.194857,6.4617686,7.9844556,1384.92,13.04189,-0.079589844,0.19060975,-0.003295898,10,20,0.4340338,0.323486,0.24317828,0.27933052,0.36339235,0.8254834,0.6917922,19.208666,17.91029,16.95975,19.876535,15.806595,21.080288,19.223133,18.84907,19.486118,16.138695,15.783012,17.6545,14.580779,18.500757,17.310848,17.35444,20.806335,17.60948,18.736444,18.839293,16.114468,17.241627,17.34315,18.287807,18.337889,17.171635,17.638515,17.372719,16.777493,16.72071,16.41905,17.30366,20.7841,19.077457,15.690234,17.772736,15.046402,16.076855,15.61057,17.156256,22.573353,18.175129,19.948994,19.619196,19.14485,18.242743,18.665142,19.470718,1.1428704,2.2297125,7.223112,0.45152807,31.058973,31.728497,37.056587,18.58075,17.064959,18.098684,17.205431,17.151194,19.481344,42.17
4446001.924,657794.7026,20.135386,1.173397,1.0344114,28.463564,33.644554,27.426756,25.072828,23.52009,32.596123,31.473444,30.638922,31.764896,31.733564,38.70555,34.81571,41.201,42.838654,45.98425,2.2018654,2.1949127,6.448589,7.98302,1384.92,6.357279,0.040527344,0.25897413,-0.001098633,10,20,0.4340338,0.323486,0.24317828,0.27933052,0.36339235,0.8254834,0.6917922,18.347591,18.64048,15.922567,19.044638,17.78369,20.600142,19.535093,18.73824,20.192987,16.287457,15.192757,18.41312,15.540177,17.826303,18.352297,17.686472,19.323595,17.98869,16.47236,18.149069,18.657202,17.193394,16.876202,17.89822,18.250786,17.276745,16.52868,17.62042,17.187366,15.918447,16.413832,17.087824,20.270115,19.004047,16.142803,18.046833,14.880976,15.176097,15.582297,16.988836,22.072374,17.639652,15.65289,18.60428,19.718487,18.397465,18.432764,18.632843,1.1039042,2.198389,7.215804,0.45152807,31.054058,32.034782,36.760628,18.553457,17.400728,17.808645,17.02804,17.014738,18.645416,42.17
4446001.924,657799.7026,11.075139,1.1676414,0.953925,28.295826,33.316536,27.410252,24.483562,23.16115,33.146732,31.9072,30.926489,31.448221,31.566269,38.162525,34.393112,41.131092,43.62632,46.457943,2.1174295,2.1902704,6.41384,7.988637,1384.91,4.7732983,-0.15966797,0.34460202,-0.008911133,10,20,0.4340338,0.323486,0.24317828,0.27933052,0.36339235,0.8254834,0.6917922,18.347591,18.64048,15.922567,19.044638,17.78369,20.600142,19.535093,18.73824,20.192987,16.287457,15.192757,18.41312,15.540177,17.826303,18.352297,17.686472,19.323595,17.98869,16.47236,18.149069,18.657202,17.193394,16.876202,17.89822,18.250786,17.276745,16.52868,17.62042,17.187366,15.918447,16.413832,17.087824,20.270115,19.004047,16.142803,18.046833,14.880976,15.176097,15.582297,16.988836,22.072374,17.639652,15.65289,18.60428,19.718487,18.397465,18.432764,18.632843,1.0607831,2.15385,7.2012386,0.45152807,30.806181,32.526966,36.277817,18.553457,17.400728,17.808645,17.02804,17.014738,18.645416,42.17
4446001.924,657804.7026,11.35682,1.1646224,0.9126193,28.28732,33.314796,27.458632,24.318476,23.10982,33.13826,31.937494,30.926596,31.249554,31.574736,38.26019,34.35963,41.135574,43.94129,46.534775,2.102609,2.1892369,6.4155097,7.982145,1384.91,8.762347,-0.03955078,0.37647545,-0.005493164,25,20,0.4340338,0.323486,0.24317828,0.27933052,0.36339235,0.8254834,0.6917922,18.039515,19.25441,17.3438,18.85386,17.64832,20.06506,19.573816,18.829922,20.493267,17.06539,15.048993,16.275032,15.644556,17.370401,17.392824,17.260593,20.656637,18.817581,16.620512,17.81754,18.540318,16.641201,16.54555,17.952185,20.467533,16.947681,16.91869,17.550238,17.368752,15.512115,15.697074,17.212688,20.851236,17.832283,16.653818,18.50357,17.437765,15.655616,15.804519,17.467022,21.797497,19.71545,18.024586,17.150965,19.947866,18.335108,18.9653,19.008575,1.0386208,2.145923,7.1988273,0.45152807,30.801058,32.537876,36.30991,18.682684,17.041492,17.948477,17.208868,17.534115,19.133823,42.17
4446001.924,657809.7026,15.301631,1.1629559,0.92131144,28.267485,33.319733,27.564217,24.699827,23.244093,32.425518,31.394577,30.506216,31.244509,31.901901,39.201603,35.010826,41.426517,43.61201,45.981636,2.1776035,2.1870399,6.4719286,7.9712667,1384.9,14.559644,-0.119628906,0.3992395,-0.008911133,25,20,0.4340338,0.323486,0.24317828,0.27933052,0.36339235,0.8254834,0.6917922,17.672861,18.350363,17.12643,18.379726,16.657236,20.580181,19.546328,18.542358,20.396933,16.683643,15.519656,17.009148,15.456809,17.956377,16.799686,17.326862,21.277903,18.67331,16.454327,18.43448,17.179853,18.09036,16.679913,18.30806,21.529406,17.927706,16.564768,18.041307,17.208931,15.756988,16.209728,17.620369,20.735332,17.566875,16.626793,18.217215,17.376532,15.832702,15.142288,17.41557,22.331837,18.479967,17.539972,17.726961,18.80798,18.677992,18.54917,18.847258,1.0421337,2.1823215,7.2215977,0.45152807,30.79361,31.910048,37.106216,18.330446,17.117464,18.112879,17.605547,17.356821,18.873411,42.17
4446001.924,657814.7026,14.764388,1.1610811,0.9252495,28.25319,33.3225,27.54168,24.863901,23.287504,31.927797,31.05022,30.249409,31.200617,32.132942,39.86559,35.415546,41.678005,43.530956,45.668922,2.2290883,2.1851811,6.5090184,7.9621034,1384.89,12.086224,-0.15966797,0.41001937,-0.011108398,50,20,0.4514702,0.32528058,0.24223533,0.27661046,0.35560727,0.82495356,0.71150935,17.672861,18.350363,17.12643,18.379726,16.657236,20.580181,19.546328,18.542358,20.396933,16.683643,15.519656,17.009148,15.456809,17.956377,16.799686,17.326862,21.277903,18.67331,16.454327,18.43448,17.179853,18.09036,16.679913,18.30806,21.529406,17.927706,16.564768,18.041307,17.208931,15.756988,16.209728,17.620369,20.735332,17.566875,16.626793,18.217215,17.376532,15.832702,15.142288,17.41557,22.331837,18.479967,17.539972,17.726961,18.80798,18.677992,18.54917,18.847258,1.0431653,2.2071347,7.235561,0.45538098,30.787844,31.48901,37.640568,18.330446,17.117464,18.112879,17.605547,17.356821,18.873411,42.17
4446001.924,657819.7026,20.357485,1.1589236,0.9301779,28.241577,33.324345,27.428032,24.92314,23.290768,31.528858,30.78142,30.066826,31.142237,32.305748,40.397633,35.727997,41.932774,43.55715,45.47649,2.2691503,2.183493,6.5414367,7.9550996,1384.89,9.763033,0,0.42172533,-0.003295898,50,20,0.4514702,0.32528058,0.24223533,0.27661046,0.35560727,0.82495356,0.71150935,17.87635,17.615805,16.21188,18.96341,17.564785,20.386364,18.438566,18.278965,20.697865,16.78046,15.307486,18.205084,15.481295,18.397448,16.98695,17.69181,21.511026,19.8222,17.138065,19.398815,16.83487,18.555086,17.323345,18.852293,20.736753,18.671337,16.148418,18.27817,16.278687,15.312541,17.573383,17.643923,20.41405,17.604345,15.828036,18.639019,17.713171,15.639029,14.822127,17.27166,21.12511,19.425697,18.291485,20.347944,18.758905,19.33421,17.26532,19.205704,1.0445508,2.2263217,7.248268,0.45538098,30.78296,31.15514,38.062813,18.151026,17.408083,18.654772,17.571325,17.237112,19.22124,42.17
4446001.924,657824.7026,23.134064,1.1563914,0.9402331,28.232145,33.325302,27.247072,24.92003,23.275372,31.219925,30.560902,29.936565,31.066158,32.41245,40.812386,35.992847,42.191998,43.65058,45.366894,2.3001173,2.1819503,6.579034,7.9519286,1384.88,1.7575068,-0.16015625,0.4731888,-0.010009766,50,20,0.4514702,0.32528058,0.24223533,0.27661046,0.35560727,0.82495356,0.71150935,19.724377,18.124962,16.323257,18.831305,17.162996,20.400442,19.810427,18.778912,19.705462,16.73935,15.309969,17.921038,15.009748,18.448513,17.095318,17.525444,21.767593,19.416626,17.076859,19.4476,15.473717,18.614689,16.386213,18.613197,19.657028,19.158375,15.939183,19.019976,16.058598,16.217787,17.434544,17.752102,19.400673,18.458954,15.383992,18.53131,17.074213,15.602592,15.264831,17.134705,21.674213,18.568838,17.071808,19.52522,18.209314,18.211256,17.082659,18.789255,1.0483122,2.2410338,7.265481,0.45538098,30.778725,30.890413,38.40262,18.625395,17.175629,18.311901,17.640783,17.102365,18.620472,42.17
4446001.924,657829.7026,18.154463,1.153385,0.9597851,28.225143,33.324997,27.025726,24.883558,23.25976,31.027391,30.384092,29.851366,30.956188,32.423283,41.08144,36.232014,42.443817,43.795578,45.324326,2.321538,2.180566,6.6322327,7.9550314,1384.89,356.63113,0.040527344,0.4879715,0.001098633,50,20,0.4514702,0.32528058,0.24223533,0.27661046,0.35560727,0.82495356,0.71150935,19.724377,18.124962,16.323257,18.831305,17.162996,20.400442,19.810427,18.778912,19.705462,16.73935,15.309969,17.921038,15.009748,18.448513,17.095318,17.525444,21.767593,19.416626,17.076859,19.4476,15.473717,18.614689,16.386213,18.613197,19.657028,19.158375,15.939183,19.019976,16.058598,16.217787,17.434544,17.752102,19.400673,18.458954,15.383992,18.53131,17.074213,15.602592,15.264831,17.134705,21.674213,18.568838,17.071808,19.52522,18.209314,18.211256,17.082659,18.789255,1.0565851,2.251052,7.293632,0.45538098,30.77507,30.705742,38.656727,18.625395,17.175629,18.311901,17.640783,17.102365,18.620472,42.17
4446001.924,657834.7026,19.115208,1.1489125,0.9907323,28.06,33.391556,26.75984,24.836979,23.450045,30.975592,29.904074,29.871605,30.793886,32.31389,41.17219,36.633915,42.675236,43.98483,45.38561,2.3326955,2.1723692,6.7148848,7.9722114,1384.89,350.2095,-0.040039062,0.42158273,-0.004394531,25,20,0.4514702,0.32528058,0.24223533,0.27661046,0.35560727,0.82495356,0.71150935,18.340393,18.677402,16.278835,19.67971,17.316355,20.019505,19.323278,18.737213,19.177967,16.745392,15.134905,16.56132,14.292786,17.810646,17.603321,17.092808,20.085537,18.357851,15.731592,17.592054,15.623635,17.626314,16.96183,17.686693,18.895674,16.622871,15.772143,18.30918,16.299557,16.119059,17.113783,17.078796,19.655415,18.425077,15.938255,17.529543,16.210136,15.295556,15.9221325,16.94637,20.481413,20.239632,17.383001,19.958876,17.953968,18.332043,16.687458,18.860466,1.0698224,2.2525325,7.343548,0.45538098,30.725777,30.439833,38.903053,18.519352,16.760906,17.425545,17.018896,16.996588,18.719484,42.17
4446001.924,657839.7026,23.302,1.145288,1.036959,28.059687,33.38721,26.503546,24.782856,23.452946,31.07349,29.817839,29.875233,30.58644,32.089844,41.09257,36.85753,42.896305,44.212807,45.431778,2.3348527,2.170224,6.8185916,7.99259,1384.9,345.47095,-0.03955078,0.39936486,0,25,20,0.4514702,0.32528058,0.24223533,0.27661046,0.35560727,0.82495356,0.71150935,18.114002,20.02901,16.739277,18.738325,16.990883,20.83592,18.844345,18.891155,20.502548,16.785488,15.461943,17.378576,14.821217,18.16155,16.856646,17.445423,21.19791,18.62138,17.272577,18.271166,16.95322,18.9333,15.706312,18.292744,18.963066,16.86678,15.469223,17.423613,17.12859,17.124523,16.413889,17.123108,20.039707,18.556046,16.725574,17.632992,17.13276,15.546461,14.853636,17.196442,20.628323,18.236145,15.713913,17.927818,18.048763,18.551746,18.049221,18.300808,1.0911236,2.2525382,7.405591,0.45538098,30.72345,30.445663,38.97505,18.61311,17.13828,18.136553,17.05567,17.212454,18.165133,42.17
4446001.924,657844.7026,22.794598,1.139052,1.0950391,28.160992,32.7312,26.18313,24.700157,23.551075,31.723888,30.53801,30.780134,30.805666,32.041283,40.50725,36.682636,42.331886,43.909523,45.180805,2.3395035,2.1710346,6.9414444,8.018265,1384.91,350.20142,0.080566406,0.42123812,0.001098633,25,20,0.4356366,0.32852957,0.2450876,0.27970436,0.35672688,0.82318515,0.70564574,18.114002,20.02901,16.739277,18.738325,16.990883,20.83592,18.844345,18.891155,20.502548,16.785488,15.461943,17.378576,14.821217,18.16155,16.856646,17.445423,21.19791,18.62138,17.272577,18.271166,16.95322,18.9333,15.706312,18.292744,18.963066,16.86678,15.469223,17.423613,17.12859,17.124523,16.413889,17.123108,20.039707,18.556046,16.725574,17.632992,17.13276,15.546461,14.853636,17.196442,20.628323,18.236145,15.713913,17.927818,18.048763,18.551746,18.049221,18.300808,1.1170456,2.255269,7.4798546,0.45350227,30.446096,31.130949,38.594944,18.61311,17.13828,18.136553,17.05567,17.212454,18.165133,42.17
4446001.924,657849.7026,22.11647,1.1346163,1.1645833,28.160398,32.72328,25.893465,24.657248,23.584463,32.04686,30.532555,30.928839,30.553513,31.693796,40.201218,36.87727,42.461082,44.151917,45.22508,2.3324313,2.1691363,7.090225,8.051763,1384.91,348.67212,-0.119628906,0.43796206,-0.005493164,25,20,0.4356366,0.32852957,0.2450876,0.27970436,0.35672688,0.82318515,0.70564574,17.863602,19.082937,17.696007,18.890335,16.213959,19.87363,19.233023,18.66298,19.62228,16.41633,15.830576,17.02333,15.669246,18.371592,16.537626,17.281557,20.102747,17.673977,18.481287,18.144815,19.315508,19.07368,17.28254,18.713354,18.51441,16.431906,15.878514,17.080198,18.935944,16.301455,16.817738,17.087181,20.270592,18.690022,16.769947,18.028244,18.60277,15.06829,15.252206,17.469664,19.490438,19.349802,17.16784,18.682037,18.763031,18.581549,18.360798,18.668085,1.1495998,2.250784,7.570994,0.45350227,30.441841,31.289707,38.539246,18.40764,17.067282,18.582079,17.137165,17.52601,18.627928,42.17
4446001.924,657854.7026,23.677614,1.1319594,1.2477231,27.989588,32.779587,25.614296,24.639658,23.612692,32.457104,30.534002,31.084738,30.242472,31.308867,39.832363,37.070114,42.582966,44.454044,45.21847,2.3229268,2.1503143,7.2616396,8.088701,1384.92,347.88477,-0.03955078,0.40988508,-0.003295898,25,20,0.4356366,0.32852957,0.2450876,0.27970436,0.35672688,0.82318515,0.70564574,17.863602,19.082937,17.696007,18.890335,16.213959,19.87363,19.233023,18.66298,19.62228,16.41633,15.830576,17.02333,15.669246,18.371592,16.537626,17.281557,20.102747,17.673977,18.481287,18.144815,19.315508,19.07368,17.28254,18.713354,18.51441,16.431906,15.878514,17.080198,18.935944,16.301455,16.817738,17.087181,20.270592,18.690022,16.769947,18.028244,18.60277,15.06829,15.252206,17.469664,19.490438,19.349802,17.16784,18.682037,18.763031,18.581549,18.360798,18.668085,1.1898413,2.2366204,7.6751704,0.45350227,30.384586,31.495552,38.45124,18.40764,17.067282,18.582079,17.137165,17.52601,18.627928,42.17
4446001.924,657859.7026,22.206446,1.1317838,1.3353735,28.090271,31.994455,25.278252,24.60141,23.719254,33.029297,31.118124,31.337584,29.88733,30.92893,39.343685,37.169975,42.751686,44.792294,45.11358,2.319538,2.1407368,7.4728107,8.143586,1384.93,343.0943,0.000976563,0.34393227,-0.001098633,25,20,0.4356366,0.32852957,0.2450876,0.27970436,0.35672688,0.82318515,0.70564574,18.014215,17.910053,16.73805,18.665815,16.232391,19.855228,19.565609,18.372793,19.44354,15.696284,15.513327,16.796131,15.378398,18.408321,17.239372,17.207247,19.684807,16.806768,17.972027,17.919947,18.432266,18.922194,17.078327,18.234093,17.899021,16.749302,16.016766,16.613466,17.369364,15.9123335,16.687761,16.725914,19.591654,17.970005,16.343048,17.982515,17.060736,15.388032,14.632021,16.999628,19.37536,19.750053,17.076694,17.913025,19.122816,18.403738,18.820562,18.667149,1.2335787,2.2301373,7.8081985,0.45350227,30.042362,32.07371,38.25683,18.140196,16.925053,18.116621,16.749716,16.99543,18.637465,42.17
4446001.924,657864.7026,21.183582,1.1255343,1.3907328,27.80376,32.308914,25.132383,24.540207,23.768126,33.39981,31.203922,31.515177,29.942533,30.724712,38.955074,37.126217,42.615578,44.837975,45.099945,2.2791805,2.125874,7.541898,8.166862,1384.94,330.93878,-0.041015625,0.2944523,-0.001220703,25,20,0.4356366,0.32852957,0.2450876,0.27970436,0.35672688,0.82318515,0.70564574,18.360426,18.498356,15.900357,18.464293,17.39762,19.7785,19.551514,18.442207,17.67095,16.51429,16.114271,16.810434,16.120312,17.533438,18.147123,17.26162,18.810633,18.320387,19.432293,18.016657,20.193527,18.76755,17.978495,18.774837,18.933624,17.495533,16.538534,16.265352,18.956684,16.714891,16.441427,17.332747,18.940052,18.254934,15.486386,17.957317,17.535505,15.261484,15.839265,16.975695,17.439386,18.930187,18.585648,18.4088,18.309963,17.9853,19.424992,18.46539,1.2581335,2.2025273,7.8543797,0.45350227,30.056337,32.301865,38.040646,18.278723,16.98726,18.788507,17.33515,17.039278,18.44061,42.17
4446001.924,657869.7026,18.801949,1.1229858,1.4077623,27.820543,32.303783,24.897764,24.296614,23.638927,33.485336,31.323814,31.606781,30.702494,30.835938,38.63682,37.054104,42.68545,44.364918,45.21783,2.2367907,2.1244488,7.4332924,8.160162,1384.96,329.0088,0.119628906,0.25027007,0.008911133,25,20,0.4356366,0.32852957,0.2450876,0.27970436,0.35672688,0.82318515,0.70564574,18.360426,18.498356,15.900357,18.464293,17.39762,19.7785,19.551514,18.442207,17.67095,16.51429,16.114271,16.810434,16.120312,17.533438,18.147123,17.26162,18.810633,18.320387,19.432293,18.016657,20.193527,18.76755,17.978495,18.774837,18.933624,17.495533,16.538534,16.265352,18.956684,16.714891,16.441427,17.332747,18.940052,18.254934,15.486386,17.957317,17.535505,15.261484,15.839265,16.975695,17.439386,18.930187,18.585648,18.4088,18.309963,17.9853,19.424992,18.46539,1.2653741,2.1806197,7.796727,0.45350227,30.062164,32.404575,37.845463,18.278723,16.98726,18.788507,17.33515,17.039278,18.44061,42.17
4446001.924,657874.7026,17.567556,1.1552697,1.4545043,27.892836,31.847141,24.744516,24.097324,22.749022,33.5208,31.666052,31.751436,31.363485,30.759487,38.382107,36.986927,42.737,43.946583,45.57546,2.2051806,2.12928,7.3823957,8.168666,1384.97,347.04468,0.16015625,0.19108154,0.012207031,10,20,0.44721437,0.3346604,0.24523781,0.27997327,0.37068257,0.8210412,0.6818613,18.390644,17.996685,17.151453,19.394323,17.499958,20.607832,19.37138,18.796076,18.466198,16.49728,15.711001,16.956493,15.248985,17.871187,17.080957,17.09609,20.061607,18.93689,17.33822,18.187338,18.529633,18.340641,17.477774,18.514719,18.664446,18.082754,15.775378,17.209059,17.74091,17.238672,16.305159,17.356968,18.483007,17.88404,16.272991,16.876392,16.726717,14.908803,16.186008,16.650059,17.648672,17.967672,17.237349,18.626245,16.715288,18.212051,17.9216,17.815248,1.304887,2.1672304,7.775531,0.45438161,29.869987,32.593426,37.684517,18.630325,16.833157,18.4103,17.288054,16.762568,17.761267,42.17
4446001.924,657879.7026,14.699777,1.163064,1.4876927,27.95197,31.39439,24.575495,23.959705,22.889746,33.733112,32.035908,31.921047,32.026196,30.852156,38.034058,36.89595,42.704834,43.41285,45.53832,2.1760123,2.1449885,7.3370104,8.172606,1384.97,0,0.12011719,0.14337903,0.010009766,10,20,0.44721437,0.3346604,0.24523781,0.27997327,0.37068257,0.8210412,0.6818613,19.710983,18.58687,15.979731,19.693531,16.740492,20.649508,18.502607,18.773014,20.243143,16.497925,15.7837925,17.41635,15.177863,17.144478,17.993658,17.434599,21.34615,18.382902,17.59665,19.528616,17.991674,17.96131,18.738558,18.94585,19.118938,17.321741,16.684076,18.202126,18.497162,17.271397,17.443523,17.891308,17.895964,18.02914,16.529161,17.143782,16.861925,15.127478,15.040611,16.613161,20.303335,18.24834,18.62785,19.953304,15.989793,17.08362,19.121553,18.510199,1.3253784,2.1605005,7.7548084,0.45438161,29.67318,32.88451,37.465004,18.55196,17.179602,18.792267,17.79128,16.661152,18.475399,42.17
4446001.924,657884.7026,10.528614,1.1680689,1.5259882,27.787136,30.937902,24.393322,23.83601,22.800373,34.13996,33.068764,32.529068,32.676834,31.038145,37.527546,36.384388,42.52878,42.94615,45.448322,2.1512675,2.1448395,7.302025,8.179735,1384.97,23.150301,0.12011719,0.10896476,0.013305664,10,20,0.44721437,0.3346604,0.24523781,0.27997327,0.37068257,0.8210412,0.6818613,19.710983,18.58687,15.979731,19.693531,16.740492,20.649508,18.502607,18.773014,20.243143,16.497925,15.7837925,17.41635,15.177863,17.144478,17.993658,17.434599,21.34615,18.382902,17.59665,19.528616,17.991674,17.96131,18.738558,18.94585,19.118938,17.321741,16.684076,18.202126,18.497162,17.271397,17.443523,17.891308,17.895964,18.02914,16.529161,17.143782,16.861925,15.127478,15.040611,16.613161,20.303335,18.24834,18.62785,19.953304,15.989793,17.08362,19.121553,18.510199,1.3470285,2.1480536,7.74088,0.45438161,29.362518,33.604362,36.955967,18.55196,17.179602,18.792267,17.79128,16.661152,18.475399,42.17
4446001.924,657889.7026,12.198321,1.1719718,1.5654773,27.787811,30.931757,24.26646,23.723255,22.773428,34.50575,33.26898,32.86235,33.35176,31.327927,37.09424,36.237946,42.31844,42.468243,45.240265,2.1332462,2.1435103,7.277107,8.1861925,1384.97,45.077847,0.31982422,0.18199709,0.021118164,10,20,0.44721437,0.3346604,0.24523781,0.27997327,0.37068257,0.8210412,0.6818613,19.131641,17.894304,16.391996,18.690435,17.773819,19.902668,19.248901,18.62122,20.120361,16.521252,15.14958,16.97418,15.656148,17.433521,17.144924,17.222292,21.95303,17.901333,17.141836,18.852074,19.01498,18.047419,17.27396,18.551626,19.768679,17.385496,16.516758,17.740118,19.027523,16.381067,16.68947,17.580286,19.468721,18.048948,16.149397,17.138464,16.244907,15.12504,14.485831,16.592062,20.62138,18.076262,17.642288,19.28743,18.065052,18.614485,18.55506,18.629168,1.3687246,2.1383781,7.7316494,0.45438161,29.359783,33.887363,36.666092,18.433395,16.999996,18.597805,17.644157,16.665903,18.694565,42.17
4446001.924,657894.7026,16.301922,1.173928,1.609231,27.735529,31.130314,24.190958,23.589878,22.62366,34.893745,33.377808,33.219677,34.047844,31.757715,36.69464,36.00776,42.028587,42.094097,44.937622,2.1262798,2.144474,7.250185,8.181814,1384.95,52.14118,0.19921875,0.32621557,0.018798828,10,20,0.44721437,0.3346604,0.24523781,0.27997327,0.37068257,0.8210412,0.6818613,18.85078,18.598743,15.78136,18.946684,17.581995,20.155386,19.179838,18.62338,20.160168,16.443237,15.031276,16.606176,15.796194,17.83237,17.095575,17.18519,20.87725,17.626373,16.707394,17.567339,19.624775,17.344362,17.234549,18.17972,18.515759,16.98529,15.820345,16.919153,19.13322,16.424835,15.650873,17.005585,19.349087,18.960209,16.288754,17.099596,16.997309,15.376082,14.631453,16.947515,20.934162,17.622105,18.159,19.44088,19.058414,17.177952,19.247635,18.652496,1.3915795,2.135377,7.7159996,0.45438161,29.432922,34.135777,36.3512,18.442112,16.995,18.140293,17.06421,16.957499,18.805735,42.17
4446001.924,657899.7026,18.336586,1.1793014,1.6463987,27.725334,31.125113,24.137709,23.521324,22.610052,35.385094,33.599976,33.694515,34.80388,32.354115,36.250633,35.78956,41.612022,41.524895,44.43515,2.13191,2.1433554,7.2353525,8.184269,1384.92,60.241665,0.2006836,0.46183226,0.016723633,10,20,0.44721437,0.3346604,0.24523781,0.27997327,0.37068257,0.8210412,0.6818613,18.85078,18.598743,15.78136,18.946684,17.581995,20.155386,19.179838,18.62338,20.160168,16.443237,15.031276,16.606176,15.796194,17.83237,17.095575,17.18519,20.87725,17.626373,16.707394,17.567339,19.624775,17.344362,17.234549,18.17972,18.515759,16.98529,15.820345,16.919153,19.13322,16.424835,15.650873,17.005585,19.349087,18.960209,16.288754,17.099596,16.997309,15.376082,14.631453,16.947515,20.934162,17.622105,18.159,19.44088,19.058414,17.177952,19.247635,18.652496,1.41285,2.1376328,7.7098107,0.45438161,29.425224,34.492535,36.020096,18.442112,16.995,18.140293,17.06421,16.957499,18.805735,42.17
4446001.924,657904.7026,18.164297,1.1849332,1.6666253,27.721033,31.128256,24.189774,23.592005,22.486797,35.50368,33.14755,33.994137,35.38461,32.94657,36.210575,36.137096,41.285034,41.019665,44.017048,2.2037709,2.1216037,7.2060103,8.171004,1384.88,60.263184,0.12011719,0.46213588,0.010009766,10,20,0.46083537,0.3238893,0.24590327,0.275359,0.3646536,0.84697217,0.7393772,18.692877,19.08306,16.070272,18.436882,18.409882,19.725067,19.207035,18.632015,19.216118,16.623974,16.013573,15.825961,15.773703,17.084982,16.678705,16.8893,19.766676,17.874647,18.008774,16.468029,19.461826,17.000603,16.253088,17.815985,18.372145,17.27125,16.319607,16.672035,19.162767,16.285635,15.388887,16.94488,18.851788,18.68644,16.662796,17.719687,17.11632,15.648499,14.666757,16.998404,19.82994,17.91121,19.683006,19.23351,18.90845,16.949549,18.259039,18.56257,1.4257792,2.1626873,7.688507,0.4652843,29.424644,34.325615,36.173836,18.517868,16.745289,17.833378,17.067476,17.050325,18.6821,42.17
4446001.924,657909.7026,17.517067,1.1893067,1.6989293,27.709698,31.123848,24.187935,23.557745,22.463438,36.03237,33.38701,34.54395,36.15154,33.668102,35.775158,35.866585,40.754738,40.427254,43.407104,2.2186217,2.1212542,7.1940217,8.169723,1384.85,61.92509,0.19921875,0.48669633,0.018798828,10,20,0.46083537,0.3238893,0.24590327,0.275359,0.3646536,0.84697217,0.7393772,18.461258,19.090815,15.465101,17.123926,16.978102,20.047592,18.602556,18.150959,17.670626,16.530888,15.646187,16.373821,14.27841,17.158567,17.149769,16.655855,19.067055,16.575163,18.248713,17.204552,16.130768,16.169924,17.108677,17.29664,18.074684,16.983307,16.936724,16.552832,18.55094,16.341337,16.09312,17.07184,18.77241,17.93313,15.881663,17.679682,16.896193,15.48311,15.400788,16.865152,19.947052,17.820105,19.58627,19.544561,17.771193,17.600653,18.56249,18.647404,1.444118,2.169938,7.6818724,0.4652843,29.416773,34.70969,35.82087,17.96705,16.401182,17.21498,17.076136,16.863853,18.690332,42.17
4446001.924,657914.7026,15.087549,1.1882267,1.7338201,27.825434,31.517778,24.133163,23.512747,22.529074,36.46122,33.447186,35.016197,36.840588,34.35854,35.406685,35.506294,40.45949,40.039173,42.851402,2.233526,2.1147053,7.180979,8.172683,1384.81,69.9033,0.32080078,0.6253845,0.0234375,10,20,0.46083537,0.3238893,0.24590327,0.275359,0.3646536,0.84697217,0.7393772,18.461258,19.090815,15.465101,17.123926,16.978102,20.047592,18.602556,18.150959,17.670626,16.530888,15.646187,16.373821,14.27841,17.158567,17.149769,16.655855,19.067055,16.575163,18.248713,17.204552,16.130768,16.169924,17.108677,17.29664,18.074684,16.983307,16.936724,16.552832,18.55094,16.341337,16.09312,17.07184,18.77241,17.93313,15.881663,17.679682,16.896193,15.48311,15.400788,16.865152,19.947052,17.820105,19.58627,19.544561,17.771193,17.600653,18.56249,18.647404,1.4610233,2.1741157,7.676831,0.4652843,29.671606,34.9542,35.45649,17.96705,16.401182,17.21498,17.076136,16.863853,18.690332,42.17
4445996.924,657759.7026,17.016554,1.1976482,1.305913,28.423475,34.1204,27.09719,26.536774,24.381388,31.494253,30.636179,30.33135,32.571793,32.685875,39.61016,35.369965,41.182987,40.908512,44.588703,2.4498386,2.1784256,6.4606633,7.960068,1384.92,333.41745,0.000488281,0.25593567,-0.002197266,10,20,0.47281432,0.32650718,0.24088067,0.27662528,0.378181,0.81575394,0.7357197,19.890236,16.508978,16.84961,18.345335,17.737906,20.072088,18.680761,18.483274,17.435886,16.234196,14.894374,16.42867,14.510254,17.915325,16.672678,16.59615,19.240208,18.794401,16.721918,18.794516,17.086853,18.207825,17.302114,18.240822,20.043493,18.684494,16.705631,18.445402,17.878792,18.202122,17.72756,18.284676,19.238298,18.205204,14.966736,17.109724,14.837717,15.378306,14.862714,16.340433,19.750332,18.151667,16.831911,20.10258,18.204264,17.65492,18.193178,18.449644,1.2517805,2.3141322,7.210366,0.46378312,31.271938,31.065216,37.490063,18.297846,16.298769,18.02112,18.24107,16.371243,18.412693,42.17
4445996.924,657764.7026,16.791721,1.2004874,1.3011085,28.143454,34.05342,26.844849,26.216516,23.931147,31.570116,30.740162,30.304686,32.72803,32.626625,39.57466,35.36518,41.49537,41.05898,44.85835,2.4361963,2.185228,6.464661,7.9711857,1384.92,347.43823,-0.15966797,0.26369384,-0.011108398,10,20,0.47281432,0.32650718,0.24088067,0.27662528,0.378181,0.81575394,0.7357197,18.518692,16.848257,16.6899,18.663868,15.336522,19.878803,18.846502,18.05976,16.914938,16.346638,15.2841215,16.490665,13.978546,16.915813,16.295778,16.291996,18.229858,17.37302,16.95141,17.62924,16.239183,17.333838,17.390789,17.516754,18.021128,16.800154,16.138645,17.964613,17.137156,16.673391,18.157232,17.363852,19.773256,18.872993,15.645224,16.98746,15.051396,15.194252,15.600388,16.74072,20.134851,19.157618,17.717701,19.63838,16.5922,19.16774,17.960627,18.805574,1.250798,2.3107123,7.217923,0.46378312,31.098438,31.15514,37.46992,17.826078,16.032358,17.306763,17.27033,16.732138,18.62416,42.17
4445996.924,657769.7026,13.879503,1.1965497,1.2853403,28.143393,34.05134,26.801039,26.063957,23.891918,31.621954,30.792488,30.329205,32.70413,32.438015,39.51707,35.342026,41.530125,41.206142,45.077385,2.4168658,2.1847029,6.4615293,7.973697,1384.93,336.04474,-0.07910156,0.2816411,-0.008789063,10,20,0.47281432,0.32650718,0.24088067,0.27662528,0.378181,0.81575394,0.7357197,18.518692,16.848257,16.6899,18.663868,15.336522,19.878803,18.846502,18.05976,16.914938,16.346638,15.2841215,16.490665,13.978546,16.915813,16.295778,16.291996,18.229858,17.37302,16.95141,17.62924,16.239183,17.333838,17.390789,17.516754,18.021128,16.800154,16.138645,17.964613,17.137156,16.673391,18.157232,17.363852,19.773256,18.872993,15.645224,16.98746,15.051396,15.194252,15.600388,16.74072,20.134851,19.157618,17.717701,19.63838,16.5922,19.16774,17.960627,18.805574,1.240945,2.3007843,7.217613,0.46378312,31.097366,31.207222,37.42955,17.826078,16.032358,17.306763,17.27033,16.732138,18.62416,42.17
4445996.924,657774.7026,13.296659,1.187411,1.2632513,28.48607,33.659153,26.67572,25.813766,23.66546,31.726362,30.780392,30.313667,32.672504,32.206112,39.331802,35.527008,41.832523,41.496677,45.357964,2.3670647,2.1969037,6.4638505,7.985582,1384.94,343.32648,-0.08105469,0.29861176,-0.006713867,10,20,0.47281432,0.32650718,0.24088067,0.27662528,0.378181,0.81575394,0.7357197,18.906536,17.556543,17.41825,18.511114,15.339818,20.03964,18.037333,18.193182,18.113888,15.96964,15.737417,16.069605,14.056206,17.131372,15.88058,16.402523,18.921902,17.948238,18.981028,16.78522,16.061504,17.125282,17.125202,17.733868,17.643837,16.79136,17.153296,18.21683,16.789415,17.00777,17.75956,17.46665,20.532028,18.383718,15.298849,16.758867,14.955598,15.185122,14.785652,16.613503,19.726797,17.987907,18.362207,19.948395,17.093433,18.69325,18.483747,18.68247,1.2253311,2.2819843,7.224716,0.46378312,31.072613,31.253376,37.429405,17.97275,16.136957,17.564054,17.337439,16.55712,18.613678,42.17
4445996.924,657779.7026,14.355373,1.1827368,1.2209175,28.481445,33.65601,26.79186,25.650013,23.638515,31.882626,30.89822,30.36683,32.496445,32.06587,39.22578,35.4208,41.73968,41.768383,45.519722,2.3310807,2.1969302,6.4665937,7.9863677,1384.94,355.2267,-0.16064453,0.34460202,-0.013427734,10,20,0.47281432,0.32650718,0.24088067,0.27662528,0.378181,0.81575394,0.7357197,18.247993,17.370552,16.337606,17.55591,16.152155,20.620022,19.315233,18.171698,19.374128,16.292387,15.506453,16.543837,14.881832,17.448915,16.32478,16.796467,20.858469,17.761456,18.668114,16.472368,17.168493,17.651033,17.875772,18.026724,18.565487,18.06992,17.341843,16.720812,17.012226,16.952883,16.882076,17.429804,19.25759,19.752422,15.2253895,17.813972,14.873142,15.43161,14.601725,16.789608,20.887762,18.866089,19.076084,20.135756,17.835375,18.462057,18.6284,19.13259,1.201827,2.2640054,7.2264805,0.46378312,31.068727,31.390423,37.323288,17.942781,16.624619,18.0651,17.363605,16.70798,19.127361,42.17
4445996.924,657784.7026,16.422636,1.1779398,1.1686863,28.47606,33.652454,26.937052,25.451654,23.602299,32.084774,31.04808,30.43912,32.271202,31.940107,39.083252,35.273075,41.614555,42.10764,45.68832,2.2880845,2.1969297,6.468394,7.986527,1384.94,2.1249313,-0.2006836,0.38668483,-0.013427734,10,20,0.47358543,0.33130023,0.24614389,0.277046,0.37031028,0.8161355,0.7277103,18.247993,17.370552,16.337606,17.55591,16.152155,20.620022,19.315233,18.171698,19.374128,16.292387,15.506453,16.543837,14.881832,17.448915,16.32478,16.796467,20.858469,17.761456,18.668114,16.472368,17.168493,17.651033,17.875772,18.026724,18.565487,18.06992,17.341843,16.720812,17.012226,16.952883,16.882076,17.429804,19.25759,19.752422,15.2253895,17.813972,14.873142,15.43161,14.601725,16.789608,20.887762,18.866089,19.076084,20.135756,17.835375,18.462057,18.6284,19.13259,1.173313,2.242507,7.2274604,0.46317595,31.064259,31.566427,37.17816,17.942781,16.624619,18.0651,17.363605,16.70798,19.127361,42.17
4445996.924,657789.7026,17.025438,1.1730624,1.1098669,28.47106,33.648476,27.068407,25.197447,23.545643,32.330177,31.233242,30.5381,32.018635,31.816463,38.892803,35.079075,41.480156,42.51664,45.895775,2.2385473,2.196941,6.4657173,7.98619,1384.94,4.092722,-0.12060547,0.40178075,-0.012329102,10,20,0.47358543,0.33130023,0.24614389,0.277046,0.37031028,0.8161355,0.7277103,19.208666,17.91029,16.95975,19.876535,15.806595,21.080288,19.223133,18.84907,19.486118,16.138695,15.783012,17.6545,14.580779,18.500757,17.310848,17.35444,20.806335,17.60948,18.736444,18.839293,16.114468,17.241627,17.34315,18.287807,18.337889,17.171635,17.638515,17.372719,16.777493,16.72071,16.41905,17.30366,20.7841,19.077457,15.690234,17.772736,15.046402,16.076855,15.61057,17.156256,22.573353,18.175129,19.948994,19.619196,19.14485,18.242743,18.665142,19.470718,1.1414647,2.217744,7.2259536,0.46317595,31.059769,31.78171,36.98594,18.58075,17.064959,18.098684,17.205431,17.151194,19.481344,42.17
4445996.924,657794.7026,17.887075,1.1676022,1.0466758,28.298622,33.322212,27.090918,24.812874,23.263023,32.679005,31.459862,30.666224,31.792654,31.78733,38.60409,34.925507,41.51028,43.030743,46.097893,2.1799984,2.1924567,6.4568024,7.9956098,1384.94,352.39313,-0.2006836,0.43324307,-0.012329102,10,20,0.47358543,0.33130023,0.24614389,0.277046,0.37031028,0.8161355,0.7277103,18.347591,18.64048,15.922567,19.044638,17.78369,20.600142,19.535093,18.73824,20.192987,16.287457,15.192757,18.41312,15.540177,17.826303,18.352297,17.686472,19.323595,17.98869,16.47236,18.149069,18.657202,17.193394,16.876202,17.89822,18.250786,17.276745,16.52868,17.62042,17.187366,15.918447,16.413832,17.087824,20.270115,19.004047,16.142803,18.046833,14.880976,15.176097,15.582297,16.988836,22.072374,17.639652,15.65289,18.60428,19.718487,18.397465,18.432764,18.632843,1.107139,2.1862276,7.226206,0.46317595,30.810417,32.069435,36.7648,18.553457,17.400728,17.808645,17.02804,17.014738,18.645416,42.17
4445996.924,657799.7026,15.472161,1.1637038,0.9849561,28.295198,33.317677,27.121164,24.431938,23.148989,32.993477,31.72472,30.846361,31.51329,31.613256,38.312885,34.61824,41.384094,43.585373,46.456055,2.122566,2.192039,6.439924,7.9932356,1384.96,358.26172,0.15966797,0.47265917,0.00769043,10,20,0.47358543,0.33130023,0.24614389,0.277046,0.37031028,0.8161355,0.7277103,18.347591,18.64048,15.922567,19.044638,17.78369,20.600142,19.535093,18.73824,20.192987,16.287457,15.192757,18.41312,15.540177,17.826303,18.352297,17.686472,19.323595,17.98869,16.47236,18.149069,18.657202,17.193394,16.876202,17.89822,18.250786,17.276745,16.52868,17.62042,17.187366,15.918447,16.413832,17.087824,20.270115,19.004047,16.142803,18.046833,14.880976,15.176097,15.582297,16.988836,22.072374,17.639652,15.65289,18.60428,19.718487,18.397465,18.432764,18.632843,1.07433,2.1573024,7.2165794,0.46317595,30.806438,32.3591,36.46556,18.553457,17.400728,17.808645,17.02804,17.014738,18.645416,42.17
4445996.924,657804.7026,15.848229,1.1606634,0.9521087,28.286728,33.316288,27.159206,24.315483,23.117579,32.956207,31.715914,30.825731,31.334991,31.611515,38.439655,34.638123,41.409386,43.836254,46.49937,2.1127985,2.1909995,6.450392,7.988635,1384.95,6.7193885,-0.040527344,0.4901452,-0.001098633,25,20,0.47358543,0.33130023,0.24614389,0.277046,0.37031028,0.8161355,0.7277103,18.039515,19.25441,17.3438,18.85386,17.64832,20.06506,19.573816,18.829922,20.493267,17.06539,15.048993,16.275032,15.644556,17.370401,17.392824,17.260593,20.656637,18.817581,16.620512,17.81754,18.540318,16.641201,16.54555,17.952185,20.467533,16.947681,16.91869,17.550238,17.368752,15.512115,15.697074,17.212688,20.851236,17.832283,16.653818,18.50357,17.437765,15.655616,15.804519,17.467022,21.797497,19.71545,18.024586,17.150965,19.947866,18.335108,18.9653,19.008575,1.056386,2.1518989,7.2195134,0.46317595,30.801508,32.33606,36.538887,18.682684,17.041492,17.948477,17.208868,17.534115,19.133823,42.17
