latitude,longitude,yield,Carbon (0-15 cm),Carbon (15-30 cm),Clay (0-15 cm),Clay (15-30 cm),Clay (30-60 cm),Clay (60-90 cm),Clay (90-120 cm),Sand (0-15 cm),Sand (15-30 cm),Sand (30-60 cm),Sand (60-90 cm),Sand (90-120 cm),Silt (0-15 cm),Silt (15-30 cm),Silt (30-60 cm),Silt (60-90 cm),Silt (90-120 cm),OM (0-15 cm),OM (15-30 cm),pH (0-15 cm),pH (15-30 cm),Elevation,Aspect,Curvature,Slope,TPI,Nitrogen,Phosphorous,ETa_Oct,ETa_Nov,ETa_Dec,ETa_Jan,ETa_Feb,ETa_Mar,ETa_Apr,SM 30 cm Oct,SM 30 cm Nov,SM 30 cm Dec,SM 30 cm Jan,SM 30 cm Feb,SM 30 cm Mar,SM 30 cm Apr,SM 30 cm growing,SM 60 cm Oct,SM 60 cm Nov,SM 60 cm Dec,SM 60 cm Jan,SM 60 cm Feb,SM 60 cm Mar,SM 60 cm Apr,SM 60 cm growing,SM 90 cm Oct,SM 90 cm Nov,SM 90 cm Dec,SM 90 cm Jan,SM 90 cm Feb,SM 90 cm Mar,SM 90 cm Apr,SM 90 cm growing,SM 120 cm Oct,SM 120 cm Nov,SM 120 cm Dec,SM 120 cm Jan,SM 120 cm Feb,SM 120 cm Mar,SM 120 cm Apr,SM 120 cm growing,SM 150 cm Oct,SM 150 cm Nov,SM 150 cm Dec,SM 150 cm Jan,SM 150 cm Feb,SM 150 cm Mar,SM 150 cm Apr,SM 150 cm growing,SM 180 cm Oct,SM 180 cm Nov,SM 180 cm Dec,SM 180 cm Jan,SM 180 cm Feb,SM 180 cm Mar,SM 180 cm Apr,SM 180 cm growing,Carbon,OM,pH,ETa,Clay,Sand,Silt,SM 30 cm,SM 60 cm,SM 90 cm,SM 120 cm,SM 150 cm,SM 180 cm,Precipitation
4446160.13,658031.0186,96.68384,1.544873,0.8104618,27.237335,32.474503,35.12161,26.314964,23.17178,32.243977,30.644625,28.595804,30.390512,31.70098,41.163013,36.349934,35.3972,42.734283,44.735107,2.8017087,2.0113387,6.4309664,7.558066,1383.23,6.5745435,3.6401367,2.3779414,0.2977295,0,15,0.5945063,0.41362908,0.2824333,0.23838127,0.66440916,0.95435345,1.9587494,17.200882,15.956264,17.868929,15.625929,17.897528,18.987928,16.722782,17.049341,21.696857,17.24135,19.115702,16.628479,23.359852,21.78649,22.0107,19.876911,21.384665,17.358774,18.34588,19.120132,22.55084,23.598297,21.712858,20.293219,18.310215,16.813234,17.559784,18.016413,17.841778,18.056639,18.375141,17.72892,15.610727,16.577665,16.713043,15.071446,15.469242,15.941332,16.001497,15.843442,15.687021,16.133364,16.615812,16.850172,15.502674,17.073393,16.851833,16.286606,1.1776674,2.4065237,6.9945164,0.7294946,29.855919,31.444302,38.756474,17.180037,20.262775,20.581635,17.853315,15.912135,16.387754,56.11
4446160.13,658035.8984,76.26929,1.5151894,0.81683767,27.161324,32.077377,35.22744,26.452599,23.22981,32.579124,30.956507,28.64051,30.337791,31.520508,40.966816,36.360207,35.433235,42.453537,44.91618,2.7654858,1.9941932,6.455677,7.550985,1383.19,329.64716,3.359375,1.360992,0.20214844,0,15,0.5945063,0.41362908,0.2824333,0.23838127,0.66440916,0.95435345,1.9587494,17.200882,15.956264,17.868929,15.625929,17.897528,18.987928,16.722782,17.049341,21.696857,17.24135,19.115702,16.628479,23.359852,21.78649,22.0107,19.876911,21.384665,17.358774,18.34588,19.120132,22.55084,23.598297,21.712858,20.293219,18.310215,16.813234,17.559784,18.016413,17.841778,18.056639,18.375141,17.72892,15.610727,16.577665,16.713043,15.071446,15.469242,15.941332,16.001497,15.843442,15.687021,16.133364,16.615812,16.850172,15.502674,17.073393,16.851833,16.286606,1.1660135,2.3798394,7.003331,0.7294946,29.61935,31.767815,38.663513,17.180037,20.262775,20.581635,17.853315,15.912135,16.387754,56.11
4446160.13,658040.7783,68.26866,1.4991943,0.81845826,27.044323,32.20818,35.440163,26.45311,23.377968,32.845253,30.984022,28.78193,30.30752,31.24852,40.79096,36.306236,35.17995,42.37914,45.11384,2.7429378,1.9701127,6.4718843,7.538243,1383.15,210.14409,0.5600586,1.3413314,0.103393555,0,15,0.5945063,0.41362908,0.2824333,0.23838127,0.66440916,0.95435345,1.9587494,17.141867,16.193247,17.119167,15.127272,16.524435,18.801802,16.935534,16.667877,20.78543,17.200653,18.720705,16.553326,22.436909,22.10901,21.877636,19.584011,21.592127,18.154558,17.521318,17.929953,22.480244,25.249979,21.01858,20.289114,17.820166,16.466196,16.295208,17.642344,18.136429,18.493425,16.784552,17.237684,15.333046,15.636274,16.499157,15.3017025,15.526806,15.894027,15.889844,15.681027,16.795984,16.323324,16.303041,16.128614,16.640203,16.591938,16.569376,16.442892,1.1588262,2.3565252,7.0050635,0.7294946,29.626251,31.914639,38.5486,16.83476,19.95481,20.563824,17.376904,15.725837,16.478926,56.11
4446160.13,658045.6581,116.10495,1.4820259,0.8198075,27.03943,32.206043,35.628925,26.416243,23.381721,33.100384,31.017214,28.815897,30.370104,31.207027,40.601334,36.297165,35.088394,42.3064,45.12138,2.7168872,1.9668661,6.477744,7.5291886,1383.06,172.83313,-0.87939453,2.63999,-0.04333496,0,15,0.5945063,0.41362908,0.2824333,0.23838127,0.66440916,0.95435345,1.9587494,17.593546,15.359227,16.588428,14.587023,17.58904,17.93683,17.852835,16.638971,21.332869,17.52373,18.874365,16.796505,21.816723,22.803972,21.792658,19.801788,21.169748,17.155031,17.688278,17.203695,22.461039,24.576418,19.7843,19.701406,18.028612,15.313978,16.588852,15.840399,17.94269,20.27217,17.085571,17.13079,15.800767,15.087206,16.022919,14.689088,15.265625,16.217264,16.43856,15.505619,16.895712,16.135643,15.948109,15.970526,17.119286,16.911032,16.79141,16.483364,1.1509167,2.3418767,7.0034666,0.7294946,29.622738,32.0588,38.44925,16.786705,20.134403,20.005499,17.29604,15.645918,16.538816,56.11
4446160.13,658050.5379,107.984795,1.4628538,0.82480156,27.564896,32.73252,35.74995,26.37717,23.280191,33.369274,30.844837,28.994755,30.528456,31.3564,40.257874,36.146843,34.994747,42.267437,44.96221,2.6878672,1.9501753,6.469617,7.5210977,1383.04,171.78311,-0.43945312,2.805516,-0.034423828,0,15,0.63831687,0.3900191,0.279502,0.23397888,0.66791093,0.87448955,1.565077,17.593546,15.359227,16.588428,14.587023,17.58904,17.93683,17.852835,16.638971,21.332869,17.52373,18.874365,16.796505,21.816723,22.803972,21.792658,19.801788,21.169748,17.155031,17.688278,17.203695,22.461039,24.576418,19.7843,19.701406,18.028612,15.313978,16.588852,15.840399,17.94269,20.27217,17.085571,17.13079,15.800767,15.087206,16.022919,14.689088,15.265625,16.217264,16.43856,15.505619,16.895712,16.135643,15.948109,15.970526,17.119286,16.911032,16.79141,16.483364,1.1438277,2.3190212,6.9953575,0.6641849,30.148708,32.107056,38.20236,16.786705,20.134403,20.005499,17.29604,15.645918,16.538816,56.11
4446160.13,658055.4178,85.21942,1.4369777,0.8473062,27.621046,32.003754,35.468708,26.346928,23.580587,33.52803,30.86419,29.928583,31.04613,31.977566,40.085117,36.70728,34.655296,41.751076,44.070255,2.710299,1.9903119,6.487467,7.544406,1383.01,174.64272,-0.31982422,2.7601895,-0.040039062,0,15,0.63831687,0.3900191,0.279502,0.23397888,0.66791093,0.87448955,1.565077,18.297962,15.2900915,16.663454,15.310499,18.1607,18.641514,18.106134,17.093658,21.067995,17.650263,18.880142,16.479527,22.72045,22.932499,21.83713,19.922203,22.122656,17.297113,17.105083,16.954851,21.479584,24.14776,21.021868,19.718454,18.319454,15.710317,17.00642,16.205868,16.809774,19.7223,17.564453,17.199139,15.094925,15.0934,15.486557,14.993158,16.22575,15.916621,16.552635,15.51908,15.825806,16.340334,16.32464,16.009563,16.263784,16.930605,16.463652,16.247726,1.1421419,2.3503056,7.0159364,0.6641849,29.8124,32.19611,38.3962,17.21005,20.224,20.018417,17.334084,15.623291,16.30834,56.11
4446160.13,658060.2976,69.009636,1.4189695,0.8629631,27.638927,31.999763,35.52756,26.436884,23.628319,34.010113,30.95666,30.406786,31.510902,32.626152,39.523823,36.67999,34.197926,41.265713,43.343143,2.6763115,1.9857348,6.4613853,7.5455227,1382.99,174.697,-0.52001953,2.788327,-0.030029297,0,15,0.63831687,0.3900191,0.279502,0.23397888,0.66791093,0.87448955,1.565077,18.342457,14.606919,16.604313,16.085423,17.95892,18.18937,17.07085,16.922617,20.833889,17.521969,18.57153,16.6069,22.688574,23.132145,22.495646,19.86174,19.85404,17.621752,16.9351,17.409662,20.590616,24.750689,20.97878,19.379627,18.335493,15.67493,16.713627,15.752372,17.010353,19.266634,17.369406,17.025684,15.358945,14.338386,15.32195,14.612935,16.822634,15.793365,16.824476,15.442536,15.729432,17.297209,15.9829445,15.988599,17.072464,16.919657,17.105844,16.481688,1.1409663,2.3310232,7.003454,0.6641849,29.819345,32.483387,38.101906,16.979752,20.26438,19.734377,17.160402,15.581813,16.585163,56.11
4446155.146,657967.5808,110.4696,1.603109,0.7785602,26.42648,31.554361,38.96243,28.358137,22.656725,34.220974,32.607994,26.973215,30.737526,38.65966,38.974155,35.380497,34.965714,40.337234,38.517155,2.709452,2.0930052,6.2465854,7.4757023,1383.6,2.663519,4.760254,4.920723,0.39440918,0,15,0.59533966,0.41322467,0.28211305,0.23463087,0.6657905,0.92964625,1.68817,19.077023,15.246915,17.007544,15.532054,17.470505,21.467707,18.270412,17.516867,22.26057,17.898666,20.273005,17.042889,23.588503,24.665327,24.658813,20.92628,23.885166,20.598267,21.725174,20.14516,21.98909,22.827383,24.137732,21.787546,21.632658,21.695265,20.718758,20.650831,21.659943,21.738455,22.607513,21.456774,15.147799,15.0563345,16.928368,15.315981,16.0173,17.107288,16.324802,15.903395,16.484655,17.084904,18.480896,17.298162,17.409184,17.91582,17.809643,17.440742,1.1908346,2.4012284,6.861144,0.6869879,28.990421,33.414482,37.177326,17.724594,21.483967,22.18685,21.529058,15.985408,17.497608,56.11
4446155.146,657972.4606,106.52791,1.6143194,0.7609918,26.534962,31.287998,38.734608,28.454857,23.175694,33.380283,32.188362,26.674747,29.837801,36.19469,39.963955,36.09978,35.392555,41.205574,40.817177,2.7648427,2.0820816,6.250733,7.4647827,1383.57,340.03427,4.599121,3.394678,0.27331543,0,15,0.59533966,0.41322467,0.28211305,0.23463087,0.6657905,0.92964625,1.68817,19.135593,15.210478,17.40443,15.881526,18.391563,21.478214,17.463118,17.803337,23.108273,18.091143,19.887497,17.106297,23.835423,24.256914,24.162603,20.917078,22.700085,20.570154,21.26894,20.049595,21.789494,23.923414,23.651897,21.659185,21.557444,21.285501,20.971458,20.103771,20.915297,21.678104,22.207636,21.13647,15.399739,14.788404,16.02584,15.220216,15.922096,16.625547,16.970585,15.770432,17.849726,17.145857,17.53653,16.868074,17.354942,17.369799,18.381071,17.442495,1.1876557,2.4234622,6.8577576,0.6869879,28.91148,32.784325,38.031868,17.85213,21.49259,21.993368,21.245604,15.850347,17.500856,56.11
4446155.146,657977.3404,95.42961,1.6144251,0.7591929,26.52834,31.288734,38.458813,28.250858,23.108547,32.87857,32.028217,26.463167,29.628942,34.762405,40.627747,36.40136,35.74994,41.572166,42.313286,2.80065,2.0834706,6.2543364,7.478914,1383.54,265.47064,0.8408203,0.905518,0.16442871,0,15,0.59533966,0.41322467,0.28211305,0.23463087,0.6657905,0.92964625,1.68817,19.135593,15.210478,17.40443,15.881526,18.391563,21.478214,17.463118,17.803337,23.108273,18.091143,19.887497,17.106297,23.835423,24.256914,24.162603,20.917078,22.700085,20.570154,21.26894,20.049595,21.789494,23.923414,23.651897,21.659185,21.557444,21.285501,20.971458,20.103771,20.915297,21.678104,22.207636,21.13647,15.399739,14.788404,16.02584,15.220216,15.922096,16.625547,16.970585,15.770432,17.849726,17.145857,17.53653,16.868074,17.354942,17.369799,18.381071,17.442495,1.186809,2.4420602,6.866625,0.6869879,28.908537,32.453392,38.514553,17.85213,21.49259,21.993368,21.245604,15.850347,17.500856,56.11
4446155.146,657982.2203,98.11637,1.6141543,0.7583886,26.5238,31.290047,38.139904,28.033932,23.046997,32.44251,31.888437,26.312582,29.449587,33.49959,41.19207,36.636864,36.07685,41.928986,43.641293,2.8311267,2.0847468,6.2603397,7.493169,1383.43,159.49997,-0.4794922,1.7579226,-0.016601562,0,15,0.59533966,0.41322467,0.28211305,0.23463087,0.6657905,0.92964625,1.68817,19.19631,15.497602,16.12131,16.13277,18.176582,20.473108,17.15312,17.467478,23.5702,17.93577,20.184692,17.031803,24.340254,25.306118,24.598116,21.318565,21.863785,21.430735,20.463543,19.517706,24.18005,24.700794,24.597357,22.054384,21.10709,22.131857,20.470812,20.535046,20.692354,20.877886,21.175821,20.961731,15.770009,15.786484,15.880137,15.276136,15.264364,16.272081,17.378511,15.80642,17.429531,17.38126,17.260042,17.120258,17.211615,18.119055,18.738592,17.526371,1.1862714,2.4579368,6.8767543,0.6869879,28.906923,32.165474,38.914467,17.53583,21.85242,22.393421,20.998693,15.946817,17.608622,56.11
4446155.146,657987.1001,92.671524,1.6141543,0.7583886,26.5238,31.290047,38.139904,28.033932,23.046997,32.44251,31.888437,26.312582,29.449587,33.49959,41.19207,36.636864,36.07685,41.928986,43.641293,2.8311267,2.0847468,6.2603397,7.493169,1383.43,159.49997,-0.4794922,1.7579226,-0.016601562,0,15,0.59533966,0.41322467,0.28211305,0.23463087,0.6657905,0.92964625,1.68817,19.19631,15.497602,16.12131,16.13277,18.176582,20.473108,17.15312,17.467478,23.5702,17.93577,20.184692,17.031803,24.340254,25.306118,24.598116,21.318565,21.863785,21.430735,20.463543,19.517706,24.18005,24.700794,24.597357,22.054384,21.10709,22.131857,20.470812,20.535046,20.692354,20.877886,21.175821,20.961731,15.770009,15.786484,15.880137,15.276136,15.264364,16.272081,17.378511,15.80642,17.429531,17.38126,17.260042,17.120258,17.211615,18.119055,18.738592,17.526371,1.1862714,2.4579368,6.8767543,0.6869879,28.906923,32.165474,38.914467,17.53583,21.85242,22.393421,20.998693,15.946817,17.608622,56.11
4446155.146,657991.9799,81.84401,1.6159371,0.7633002,26.51465,31.549608,37.817715,27.867096,22.936707,31.9831,31.103025,25.983624,29.300047,32.576305,41.71877,37.103546,36.46067,42.299816,44.584248,2.8577182,2.077631,6.2697463,7.503828,1383.4,164.11479,0.040039062,1.6228156,-0.002197266,0,15,0.5968887,0.41068685,0.28188723,0.23900807,0.66458213,0.93861395,1.7996933,18.987513,15.828986,16.457142,15.851137,17.959814,20.584763,17.548227,17.41849,23.317774,18.109808,19.673122,17.013494,23.272915,25.313856,24.985607,21.077139,23.366085,21.731876,19.139153,18.572495,22.162651,26.44443,24.236792,21.777798,21.120483,21.594404,19.164225,20.229778,20.733446,21.9051,21.164814,20.770775,16.543396,15.661833,15.775089,14.625892,16.027122,16.372334,16.234383,15.859432,17.689297,17.97635,17.37207,17.041096,16.907227,18.275826,18.017597,17.534607,1.1896186,2.4676747,6.8867874,0.70448005,29.03213,31.543064,39.411156,17.602512,21.669512,22.23621,20.844606,15.891435,17.611353,56.11
4446155.146,657996.8598,91.47263,1.6094679,0.7732535,26.571026,31.61484,37.416206,27.737022,22.9674,31.78552,30.85036,26.081713,29.285702,32.086002,41.8982,37.222477,36.48911,42.46786,45.01385,2.8738744,2.0649247,6.296001,7.517497,1383.36,165.1902,-0.080078125,1.5702046,-0.004394531,0,15,0.5968887,0.41068685,0.28188723,0.23900807,0.66458213,0.93861395,1.7996933,18.987513,15.828986,16.457142,15.851137,17.959814,20.584763,17.548227,17.41849,23.317774,18.109808,19.673122,17.013494,23.272915,25.313856,24.985607,21.077139,23.366085,21.731876,19.139153,18.572495,22.162651,26.44443,24.236792,21.777798,21.120483,21.594404,19.164225,20.229778,20.733446,21.9051,21.164814,20.770775,16.543396,15.661833,15.775089,14.625892,16.027122,16.372334,16.234383,15.859432,17.689297,17.97635,17.37207,17.041096,16.907227,18.275826,18.017597,17.534607,1.1913607,2.4693995,6.906749,0.70448005,29.092934,31.31794,39.56034,17.602512,21.669512,22.23621,20.844606,15.891435,17.611353,56.11
4446155.146,658001.7396,92.09943,1.5940387,0.7836821,26.514757,31.550484,37.093388,27.57681,23.166443,31.820423,30.844193,26.763687,29.494791,32.01897,41.842552,37.15994,35.854233,42.418114,44.910496,2.8684204,2.066303,6.3168874,7.5217714,1383.33,165.21487,0.03955078,1.5700262,0.001098633,0,15,0.5968887,0.41068685,0.28188723,0.23900807,0.66458213,0.93861395,1.7996933,19.146719,15.045705,17.031902,15.792,18.063276,20.525251,16.806234,17.417057,23.17192,18.814295,19.763428,17.12823,23.771923,25.086832,25.557398,21.24099,23.399868,21.146702,20.381739,17.831053,22.65666,25.726675,24.22994,21.68257,22.07134,21.321554,20.745316,21.136602,20.360888,22.17372,21.434969,21.189627,16.517298,15.067632,15.3492155,14.226549,15.912647,16.18166,16.708862,15.565239,17.88305,17.452383,17.203829,16.423262,16.749598,17.190325,18.350473,17.173801,1.1888604,2.4673617,6.9193296,0.70448005,29.03262,31.332308,39.501244,17.487299,21.899145,22.19609,21.32063,15.709124,17.321844,56.11
4446155.146,658006.6194,93.69612,1.588761,0.7907763,26.519413,31.553238,36.478863,27.35475,23.212738,31.732697,30.87381,27.25525,29.683233,31.966034,41.8641,37.012604,35.76587,42.489582,44.830647,2.8755848,2.0661204,6.34238,7.533683,1383.29,164.48657,-0.03955078,1.6051731,-0.003295898,0,15,0.5968887,0.41068685,0.28188723,0.23900807,0.66458213,0.93861395,1.7996933,19.031935,14.495368,17.25683,15.823962,17.700724,20.95502,17.148762,17.317518,21.678179,18.267187,19.598122,16.57269,22.933083,24.394777,23.429962,20.501173,23.197865,21.529835,21.040255,17.99951,22.97946,23.467358,23.111265,21.480444,20.242512,19.186863,20.831528,19.522335,19.704493,21.256914,20.59404,20.09825,16.085438,14.637192,16.289162,14.319329,16.194754,16.472311,15.263842,15.635807,16.145725,16.097988,16.112577,15.168741,16.069654,16.076033,15.687819,15.879103,1.1897687,2.4708526,6.938031,0.70448005,29.036325,31.303253,39.438354,17.487514,20.981998,21.90365,20.19124,15.608861,15.908363,56.11
4446155.146,658011.4993,87.93127,1.5914248,0.7928429,26.573769,31.750368,35.773125,26.994884,23.204718,31.536715,30.558783,27.671202,29.96655,31.960361,41.986668,37.00178,35.799416,42.62186,44.687527,2.8852332,2.0531628,6.3523064,7.537777,1383.25,162.84492,-0.12011719,1.6037089,-0.002197266,0,15,0.5968887,0.41068685,0.28188723,0.23900807,0.66458213,0.93861395,1.7996933,19.031935,14.495368,17.25683,15.823962,17.700724,20.95502,17.148762,17.317518,21.678179,18.267187,19.598122,16.57269,22.933083,24.394777,23.429962,20.501173,23.197865,21.529835,21.040255,17.99951,22.97946,23.467358,23.111265,21.480444,20.242512,19.186863,20.831528,19.522335,19.704493,21.256914,20.59404,20.09825,16.085438,14.637192,16.289162,14.319329,16.194754,16.472311,15.263842,15.635807,16.145725,16.097988,16.112577,15.168741,16.069654,16.076033,15.687819,15.879103,1.1921339,2.469198,6.9450417,0.70448005,29.162067,31.047749,39.494225,17.487514,20.981998,21.90365,20.19124,15.608861,15.908363,56.11
4446155.146,658016.3791,72.27964,1.5710818,0.7866081,26.81836,32.017643,35.108288,26.273369,23.16007,31.154085,30.450714,28.307737,30.456928,31.929523,42.221954,36.69283,35.354156,42.857197,44.553425,2.871646,2.030009,6.329514,7.533397,1383.22,151.62923,0.6401367,1.6274848,0.020019531,0,15,0.5968887,0.41068685,0.28188723,0.23900807,0.66458213,0.93861395,1.7996933,18.536617,15.856354,16.598679,15.675574,17.395544,19.708357,16.971487,17.130396,21.390701,17.36987,18.518696,16.466314,23.349274,22.594507,22.674908,19.870184,21.760437,19.54495,19.45278,18.872328,21.152542,22.76937,22.119547,20.465523,19.410374,16.881077,18.075058,18.129429,17.313292,18.394104,18.40692,17.94437,15.260512,15.0121,17.225153,15.069405,16.812775,16.392628,15.562943,15.920945,16.189241,16.19224,16.431334,16.210512,17.076025,16.302734,15.992373,16.336468,1.1788449,2.4508276,6.9314556,0.70448005,29.418001,30.802399,39.45739,17.248945,20.337753,20.810282,18.08718,15.905073,16.342066,56.11
4446155.146,658021.2589,89.16738,1.5604259,0.7791992,26.817348,32.02082,34.225697,25.650866,23.237066,31.005356,30.549698,28.965515,30.92357,31.933872,42.329575,36.398113,35.34825,43.036907,44.365696,2.8740435,2.0292804,6.3115396,7.527824,1383.07,151.35722,-1.2412109,1.5827111,-0.07556152,0,15,0.5945063,0.41362908,0.2824333,0.23838127,0.66440916,0.95435345,1.9587494,18.536617,15.856354,16.598679,15.675574,17.395544,19.708357,16.971487,17.130396,21.390701,17.36987,18.518696,16.466314,23.349274,22.594507,22.674908,19.870184,21.760437,19.54495,19.45278,18.872328,21.152542,22.76937,22.119547,20.465523,19.410374,16.881077,18.075058,18.129429,17.313292,18.394104,18.40692,17.94437,15.260512,15.0121,17.225153,15.069405,16.812775,16.392628,15.562943,15.920945,16.189241,16.19224,16.431334,16.210512,17.076025,16.302734,15.992373,16.336468,1.1698126,2.451662,6.9196815,0.7294946,29.419085,30.777527,39.363846,17.248945,20.337753,20.810282,18.08718,15.905073,16.342066,56.11
4446155.146,658026.1388,76.40122,1.5468727,0.79083806,26.805063,32.01767,35.025486,26.428486,23.16682,31.474844,30.48901,28.53526,30.340372,31.736233,42.039818,36.648914,35.21862,42.757954,44.67278,2.8398075,2.0264332,6.395254,7.537774,1383.03,162.93427,-0.75927734,1.5130162,-0.06665039,0,15,0.5945063,0.41362908,0.2824333,0.23838127,0.66440916,0.95435345,1.9587494,17.64348,15.861977,16.89086,15.419105,17.47501,19.354055,16.878347,16.952782,21.205347,17.666485,18.906551,16.732014,23.262712,21.618063,22.625881,19.823439,21.245829,19.716528,18.634666,18.220959,21.457804,22.053469,21.478832,20.046558,18.861017,17.59382,17.696457,17.541836,17.192442,18.046019,18.40555,17.758375,16.019255,14.182821,16.550713,15.132079,16.874615,15.955373,16.04391,15.7752285,16.416473,16.462912,16.606087,15.960662,16.380848,17.131948,16.41458,16.435678,1.1688554,2.4331203,6.966514,0.7294946,29.411366,30.981926,39.344368,17.074692,20.28815,20.401154,17.905306,15.82268,16.48193,56.11
4446155.146,658031.0186,99.87127,1.5360591,0.8127256,27.230639,32.473534,34.99288,26.619473,23.156723,32.088737,30.627886,28.58637,30.120596,31.455433,41.371006,36.41601,35.493145,42.737198,45.017155,2.8123817,2.0118756,6.4652243,7.570066,1382.99,165.19475,-0.8798828,1.569991,-0.068847656,0,15,0.5945063,0.41362908,0.2824333,0.23838127,0.66440916,0.95435345,1.9587494,17.043283,15.946493,17.72135,14.63741,17.660618,19.346994,17.22224,16.91211,21.24465,17.68441,18.348486,16.630724,23.621946,21.47974,23.341711,19.76078,21.371141,20.239124,18.41126,18.213163,21.58954,21.941471,21.550472,20.125755,18.223705,16.69506,16.563295,17.320623,17.411547,17.681002,18.437298,17.29641,15.274801,15.518174,16.083698,14.912918,16.329948,15.816908,15.984761,15.638879,16.135485,16.759092,16.252054,15.830949,16.27209,16.632345,16.300982,16.267145,1.1743923,2.4121287,7.017645,0.7294946,29.852085,31.35831,38.89351,17.082626,20.335953,20.47374,17.476076,15.703031,16.311855,56.11
4446155.146,658035.8984,78.290596,1.5080518,0.81442463,27.155106,32.077217,35.190163,26.741465,23.213524,32.392532,30.9124,28.549015,30.003542,31.217134,41.218945,36.444065,35.544647,42.52507,45.25839,2.7756493,1.9954022,6.491109,7.5593047,1382.96,165.47409,-0.7607422,1.5974098,-0.06335449,0,15,0.5945063,0.41362908,0.2824333,0.23838127,0.66440916,0.95435345,1.9587494,16.456009,15.533435,16.985727,14.34971,16.98172,18.96226,16.581043,16.407827,21.303314,17.775248,18.371666,16.633698,23.72201,21.523806,23.438496,19.81365,21.332182,20.200163,18.371304,18.178198,21.527828,21.885088,21.34138,20.081434,18.210417,16.690828,16.552185,17.320623,17.263805,17.520033,18.11712,17.242788,15.066213,15.289136,15.823798,14.698732,16.083862,15.615343,15.77434,15.413568,16.135485,16.759092,16.252054,15.830949,16.27209,16.632345,16.300982,16.267145,1.1612382,2.3855257,7.0252066,0.7294946,29.616161,31.652466,38.831505,16.549986,20.395462,20.405165,17.382145,15.478774,16.311855,56.11
4446155.146,658040.7783,78.16999,1.4898064,0.8092937,27.034323,32.208508,35.46348,26.675198,23.360718,32.60624,30.930605,28.603113,29.925207,30.865908,41.130447,36.38583,35.347385,42.540344,45.537434,2.7498384,1.9703039,6.506983,7.540344,1382.93,161.23975,-0.63916016,1.557807,-0.049926758,0,15,0.5945063,0.41362908,0.2824333,0.23838127,0.66440916,0.95435345,1.9587494,16.539621,15.50122,16.516594,13.973632,16.73564,19.722948,16.277998,16.390509,21.7538,17.647278,19.356663,16.531937,22.222206,21.858873,22.724371,19.845282,21.069136,18.958115,18.079622,17.172724,22.491045,22.224783,21.591398,19.883379,17.643751,15.655626,16.97503,16.398565,17.61236,18.76701,17.696472,17.100029,14.925179,14.960844,16.217297,15.0180025,15.958358,16.196428,15.868456,15.542279,15.862302,15.9490185,15.695717,15.816038,16.301847,16.683247,16.931995,16.02387,1.1495501,2.3600712,7.0236635,0.7294946,29.621414,31.768421,38.75814,16.466808,20.299303,20.226688,17.24983,15.592079,16.177166,56.11
4446155.146,658045.6581,94.27427,1.4731423,0.8030294,27.089058,32.406017,35.720802,26.526087,23.178028,32.766895,31.06373,28.440922,29.900532,30.70459,41.052803,36.1854,35.501553,42.711617,45.689346,2.7224936,1.9468328,6.512968,7.526193,1382.89,160.11371,-0.47998047,1.4318161,-0.048950195,0,15,0.5945063,0.41362908,0.2824333,0.23838127,0.66440916,0.95435345,1.9587494,16.937496,15.104143,16.399412,15.045352,16.670336,18.605331,17.036144,16.427753,20.454105,17.438065,19.664112,16.839914,22.055443,21.690042,21.224298,19.545303,20.717894,17.4473,18.320301,18.82023,21.062574,22.557005,20.57069,19.777487,16.814877,15.887022,16.766964,16.875717,18.02701,18.33285,15.853715,17.02886,14.419745,14.467406,15.569646,15.716818,16.041243,15.542548,17.192005,15.387775,15.282451,16.252518,16.148191,16.483488,16.398945,16.30782,16.80495,16.17539,1.1380858,2.3346632,7.019581,0.7294946,29.747538,31.915314,38.619102,16.542603,19.909426,19.928,16.936878,15.564202,16.239765,56.11
4446155.146,658050.5379,93.539345,1.4500874,0.8024818,27.359518,32.402203,35.79263,26.42407,23.182741,32.888844,30.76626,28.678244,30.060675,30.54682,40.986248,36.4974,35.471718,42.648186,45.83245,2.7369144,1.9798543,6.5094705,7.518336,1382.85,164.21236,-0.640625,1.3692683,-0.048950195,0,15,0.63831687,0.3900191,0.279502,0.23397888,0.66791093,0.87448955,1.565077,16.937496,15.104143,16.399412,15.045352,16.670336,18.605331,17.036144,16.427753,20.454105,17.438065,19.664112,16.839914,22.055443,21.690042,21.224298,19.545303,20.717894,17.4473,18.320301,18.82023,21.062574,22.557005,20.57069,19.777487,16.814877,15.887022,16.766964,16.875717,18.02701,18.33285,15.853715,17.02886,14.419745,14.467406,15.569646,15.716818,16.041243,15.542548,17.192005,15.387775,15.282451,16.252518,16.148191,16.483488,16.398945,16.30782,16.80495,16.17539,1.1262846,2.3583844,7.013903,0.6641849,29.88086,31.827553,38.74182,16.542603,19.909426,19.928,16.936878,15.564202,16.239765,56.11
4446155.146,658055.4178,85.22386,1.4326847,0.8110161,27.374502,32.399734,35.916317,26.533365,23.21163,33.34728,30.845861,29.093857,30.495035,31.125347,40.466415,36.46661,35.017635,42.16625,45.19666,2.7010007,1.9750549,6.47553,7.5131354,1382.82,167.5367,-0.6010742,1.3932698,-0.05114746,0,15,0.63831687,0.3900191,0.279502,0.23397888,0.66791093,0.87448955,1.565077,17.483675,15.7170925,15.414564,14.80008,17.34641,18.033674,16.80443,16.40226,21.978886,17.65576,19.621712,16.655613,22.552725,22.687754,21.79782,20.089935,19.17213,17.752417,20.175182,18.0921,21.774242,24.064316,20.23007,20.119581,16.529085,16.424072,17.435265,15.763407,17.927591,18.610765,14.66031,16.963898,14.938957,14.7267475,15.999157,14.373006,17.007656,15.437842,16.410738,15.444665,15.654891,16.341198,16.44611,16.288202,16.08043,16.514692,17.057562,16.227777,1.1218504,2.3380277,6.994333,0.6641849,29.88712,32.09657,38.466515,16.514277,20.421467,20.180065,16.764355,15.5563,16.34044,56.11
4446155.146,658060.2976,83.45376,1.408952,0.8325072,27.624142,32.001205,35.79489,26.64048,23.602346,33.827976,30.919502,30.201872,31.23685,32.368984,39.836227,36.703083,34.21587,41.347645,43.66493,2.6669564,1.9843128,6.4565086,7.5272574,1382.8,169.38387,-0.55908203,1.3987106,-0.044433594,0,15,0.63831687,0.3900191,0.279502,0.23397888,0.66791093,0.87448955,1.565077,17.320272,14.65496,15.989157,14.879746,17.640001,18.729288,16.5461,16.524364,21.557192,17.513424,19.380129,16.60257,22.740156,21.935772,21.843096,19.839,20.762102,17.757475,19.82496,17.55158,21.372421,23.060774,20.558323,19.84623,17.951777,15.927438,17.419392,15.40586,17.416336,17.722584,16.05176,16.819014,14.914233,14.432251,16.026485,14.125567,16.89344,15.353604,15.487197,15.308139,16.051105,16.370628,15.838384,16.305454,16.154425,17.40791,16.310175,16.292532,1.1207296,2.3256345,6.9918833,0.6641849,29.812674,32.37374,38.269653,16.537075,20.22462,20.126804,16.842163,15.31897,16.348295,56.11
4446150.162,657918.7824,61.645008,1.5156684,1.0467168,26.464111,30.136208,31.927353,27.486816,21.991083,40.64991,34.413746,31.058456,39.989407,51.238224,33.369656,35.214622,36.52191,33.27629,27.579866,2.7155845,2.06523,6.52141,7.697418,1383.87,298.05145,-0.24023438,1.7358605,0.14782715,0,15,0.6090447,0.37717023,0.27851316,0.23664364,0.6507598,0.7110977,1.2642168,18.521133,15.949285,16.549927,15.496583,18.47969,20.002665,17.219213,17.293438,22.12512,17.962143,18.796543,16.662159,23.587267,22.590378,22.858969,20.301003,22.636595,18.881773,18.685295,19.281382,21.60913,22.427998,21.801762,20.40943,22.25278,20.01482,20.51355,20.881332,20.887264,20.691397,19.19365,20.665466,15.833261,14.497843,15.378825,16.353106,16.495728,15.560105,15.078331,15.592408,18.263432,17.07494,17.622017,17.187105,17.522806,16.862467,17.445913,17.418833,1.2811925,2.390407,7.109414,0.5896352,28.30016,37.53183,34.292137,17.459785,20.654654,20.760561,20.633541,15.5996,17.425526,56.11
4446150.162,657923.6623,76.26836,1.5059484,0.99913406,26.45801,30.600956,32.15978,27.726774,22.084408,40.382984,34.063957,30.798872,39.14864,49.86933,33.663757,35.205784,36.59372,33.75191,28.301107,2.6966672,2.070086,6.483631,7.6511197,1383.84,161.19969,0.15966797,1.4217707,0,0,15,0.6090447,0.37717023,0.27851316,0.23664364,0.6507598,0.7110977,1.2642168,18.497087,15.957556,17.119835,15.737483,18.407906,20.208263,16.868006,17.424234,21.888807,17.80804,19.728907,17.137377,24.0158,22.88334,21.884146,20.432089,23.606625,18.834429,19.414272,20.241314,21.364386,22.396124,20.692331,20.619562,20.563492,20.574492,20.747175,20.39114,20.63383,20.06536,18.832037,20.327497,16.180298,14.801146,16.576208,16.02571,15.421381,15.611147,15.226923,15.711745,18.059378,17.837368,17.973911,17.448473,17.73617,18.386507,17.556337,17.8471,1.2525413,2.3833766,7.067375,0.5896352,28.529484,37.223473,34.43477,17.542305,20.763773,20.93564,20.258219,15.691829,17.856876,56.11
4446150.162,657928.5421,71.682846,1.5226787,0.9467582,26.692888,30.07405,32.801342,28.195198,22.248604,39.9257,34.056095,30.420795,37.93753,48.4307,34.01604,35.470123,36.462166,34.27272,29.104374,2.7044973,2.0788314,6.457302,7.6123157,1383.79,163.61714,-0.19921875,1.52218,-0.010009766,0,15,0.6090447,0.37717023,0.27851316,0.23664364,0.6507598,0.7110977,1.2642168,17.588444,15.596494,16.674685,15.89844,18.188732,19.838743,18.19135,17.181988,22.721113,17.81394,19.928173,16.883919,23.73525,23.842289,23.108221,20.681076,23.74777,20.140839,19.936676,19.93505,23.385431,24.489294,21.108091,21.519436,21.882498,19.778202,21.46342,19.136019,20.415417,21.939295,19.968616,20.56046,15.772692,15.415964,16.63194,15.070531,15.443296,15.859528,16.239681,15.650107,18.071394,18.157703,17.797369,17.679338,17.990442,17.673796,17.38408,17.841423,1.2347184,2.3916645,7.034809,0.5896352,28.383469,36.9909,34.74308,17.42527,21.147556,21.82045,20.654781,15.776232,17.822018,56.11
4446150.162,657933.4219,83.602615,1.5287648,0.90467274,26.536692,30.014154,33.77713,28.47435,22.39226,39.33268,34.16376,30.158947,36.69733,47.108635,34.486053,35.353714,36.09437,35.021103,30.114271,2.6922042,2.0687842,6.428435,7.5882845,1383.75,163.48572,-0.20019531,1.6130546,-0.012207031,0,15,0.59759766,0.39899114,0.28108117,0.23254724,0.6642715,0.87897635,1.5375962,17.588444,15.596494,16.674685,15.89844,18.188732,19.838743,18.19135,17.181988,22.721113,17.81394,19.928173,16.883919,23.73525,23.842289,23.108221,20.681076,23.74777,20.140839,19.936676,19.93505,23.385431,24.489294,21.108091,21.519436,21.882498,19.778202,21.46342,19.136019,20.415417,21.939295,19.968616,20.56046,15.772692,15.415964,16.63194,15.070531,15.443296,15.859528,16.239681,15.650107,18.071394,18.157703,17.797369,17.679338,17.990442,17.673796,17.38408,17.841423,1.2167188,2.380494,7.00836,0.65586597,28.275423,36.748222,34.919884,17.42527,21.147556,21.82045,20.654781,15.776232,17.822018,56.11
4446150.162,657938.3018,81.6699,1.5410548,0.87418896,26.792927,30.149023,35.0216,28.545536,22.517334,38.637047,33.98358,29.586117,35.51708,46.261543,34.90596,35.196346,35.673035,36.044075,30.816935,2.6725142,2.070017,6.3842163,7.555583,1383.72,163.21121,0.03955078,1.5856198,-0.001098633,0,15,0.59759766,0.39899114,0.28108117,0.23254724,0.6642715,0.87897635,1.5375962,18.162098,15.776341,16.908026,15.4735775,18.390736,19.610592,18.981052,17.351446,22.680845,18.444864,20.442152,16.835249,24.094513,25.050978,22.78061,21.115803,23.45216,20.84667,20.115019,20.242344,23.018682,25.216139,21.802057,21.880735,21.959229,19.456045,20.495686,19.730053,21.214518,22.207699,20.29443,20.758934,15.427111,15.020357,16.463655,14.822621,17.652899,16.051746,16.479315,15.902928,17.469593,18.362116,17.813232,17.974773,17.451136,17.822742,18.158466,17.768583,1.2076219,2.3712656,6.9698997,0.65586597,28.470974,36.310314,35.051155,17.614634,21.475603,22.09901,20.76538,15.988243,17.86458,56.11
4446150.162,657943.1816,109.54803,1.5531932,0.8448287,26.813454,30.158895,36.339874,28.63193,22.581285,37.748344,33.803562,29.062962,34.30732,45.14607,35.54525,35.119537,35.269093,36.970306,31.8633,2.6521587,2.0701132,6.3408246,7.5272655,1383.68,161.23975,0.000488281,1.557807,0.003417969,0,15,0.59759766,0.39899114,0.28108117,0.23254724,0.6642715,0.87897635,1.5375962,17.834099,15.782128,16.94157,15.039418,18.25437,20.297586,19.31186,17.32827,22.716799,17.660067,20.649467,17.001331,24.027613,24.873041,24.361217,21.092512,23.32779,18.637787,19.890839,20.301636,21.843681,25.530132,22.08197,21.3654,21.99234,19.344088,21.233374,21.301268,20.897062,22.91969,20.924582,21.105915,15.317351,15.187101,16.203869,14.26217,17.542088,16.90013,16.74939,15.931529,17.526209,17.6859,18.336514,16.85828,17.386202,18.859802,18.420536,17.79081,1.199011,2.361136,6.934045,0.65586597,28.486176,35.775955,35.332394,17.63729,21.612791,21.659119,21.230343,16.023157,17.867634,56.11
4446150.162,657948.0614,92.400764,1.5632923,0.8173987,26.661695,30.751505,37.875168,28.716335,22.63055,36.87721,33.692326,28.464973,33.037354,44.073795,36.121407,34.684273,34.54839,37.867134,32.88211,2.6252353,2.0839844,6.2871227,7.485661,1383.64,158.86789,0.24023438,1.5506585,0.0078125,0,15,0.59759766,0.39899114,0.28108117,0.23254724,0.6642715,0.87897635,1.5375962,17.834099,15.782128,16.94157,15.039418,18.25437,20.297586,19.31186,17.32827,22.716799,17.660067,20.649467,17.001331,24.027613,24.873041,24.361217,21.092512,23.32779,18.637787,19.890839,20.301636,21.843681,25.530132,22.08197,21.3654,21.99234,19.344088,21.233374,21.301268,20.897062,22.91969,20.924582,21.105915,15.317351,15.187101,16.203869,14.26217,17.542088,16.90013,16.74939,15.931529,17.526209,17.6859,18.336514,16.85828,17.386202,18.859802,18.420536,17.79081,1.1903455,2.35461,6.8863916,0.65586597,28.7066,35.284767,35.40284,17.63729,21.612791,21.659119,21.230343,16.023157,17.867634,56.11
4446150.162,657952.9413,94.76319,1.5730088,0.78367865,26.712856,30.76824,39.641148,28.828968,22.690348,35.89384,33.465225,27.677883,31.393341,43.07385,36.582005,34.355087,34.090797,39.182735,33.897823,2.5834563,2.0827067,6.2213573,7.4388294,1383.57,157.2214,-0.2006836,1.5531795,-0.014526367,0,15,0.59759766,0.39899114,0.28108117,0.23254724,0.6642715,0.87897635,1.5375962,17.758038,15.623084,16.860518,14.411992,17.868896,20.9626,18.808996,17.163298,22.526028,18.105877,19.946249,16.78362,24.248205,24.576017,24.19834,20.98478,22.80546,19.344755,20.693567,19.112997,21.943872,24.540085,23.285152,21.314745,20.877857,19.327236,20.308279,19.810907,20.157993,20.227571,20.754162,20.006927,16.53072,14.851724,16.494267,14.549913,15.932166,16.814898,17.024626,15.884456,18.172586,16.726454,17.795517,17.296598,17.363665,18.311167,18.507877,17.686466,1.1783438,2.3330815,6.8300934,0.65586597,28.740547,34.679535,35.468544,17.47059,21.483477,21.675127,20.209143,16.02833,17.739122,56.11
4446150.162,657957.8211,101.67318,1.581129,0.7717241,26.72176,30.773561,40.180656,28.851028,22.714504,35.104008,33.244156,27.276022,30.659405,41.704544,37.34604,34.579464,34.08126,39.79891,35.249832,2.600914,2.0840237,6.2048626,7.431754,1383.5,159.12695,-0.60009766,1.4866334,-0.040039062,0,15,0.59759766,0.39899114,0.28108117,0.23254724,0.6642715,0.87897635,1.5375962,18.193352,15.830567,17.224169,14.957282,17.241198,20.735998,17.818823,17.178581,22.645365,17.963236,19.882202,17.023567,24.100008,24.282248,23.383167,20.937366,23.225449,21.014357,21.352928,20.794765,23.540993,23.766573,24.346373,22.259922,20.442226,19.718678,19.999987,21.349865,21.797949,21.892284,21.189592,20.953423,15.622762,14.774631,16.972425,14.889292,16.587835,17.544529,16.158632,16.068537,17.756716,16.799723,18.236479,17.47774,17.574682,17.929981,18.164927,17.59008,1.1764265,2.3424687,6.8183084,0.65586597,28.747662,34.17408,35.962753,17.42877,21.325686,22.577349,20.91294,16.078587,17.705748,56.11
4446150.162,657962.7009,108.25731,1.5898818,0.7775268,26.44095,31.55258,39.667984,28.771803,22.754856,34.584988,32.770573,27.080202,30.635498,39.91659,38.371346,35.069256,34.437138,40.047928,37.023735,2.6714857,2.0922225,6.2324696,7.4497232,1383.47,164.20332,-0.3203125,1.3691477,-0.03112793,0,15,0.59533966,0.41322467,0.28211305,0.23463087,0.6657905,0.92964625,1.68817,18.193352,15.830567,17.224169,14.957282,17.241198,20.735998,17.818823,17.178581,22.645365,17.963236,19.882202,17.023567,24.100008,24.282248,23.383167,20.937366,23.225449,21.014357,21.352928,20.794765,23.540993,23.766573,24.346373,22.259922,20.442226,19.718678,19.999987,21.349865,21.797949,21.892284,21.189592,20.953423,15.622762,14.774631,16.972425,14.889292,16.587835,17.544529,16.158632,16.068537,17.756716,16.799723,18.236479,17.47774,17.574682,17.929981,18.164927,17.59008,1.1837043,2.381854,6.8410964,0.6869879,28.996765,33.67778,36.7203,17.42877,21.325686,22.577349,20.91294,16.078587,17.705748,56.11
4446150.162,657967.5808,111.216156,1.5935609,0.7787817,26.427845,31.55191,39.37409,28.65228,22.727942,33.955513,32.54931,26.8291,30.443316,38.207123,39.260197,35.572487,34.8262,40.353153,38.757298,2.725932,2.0947819,6.2442513,7.4666696,1383.44,166.26405,-0.36083984,1.3267287,-0.030029297,0,15,0.59533966,0.41322467,0.28211305,0.23463087,0.6657905,0.92964625,1.68817,19.077023,15.246915,17.007544,15.532054,17.470505,21.467707,18.270412,17.516867,22.26057,17.898666,20.273005,17.042889,23.588503,24.665327,24.658813,20.92628,23.885166,20.598267,21.725174,20.14516,21.98909,22.827383,24.137732,21.787546,21.632658,21.695265,20.718758,20.650831,21.659943,21.738455,22.607513,21.456774,15.147799,15.0563345,16.928368,15.315981,16.0173,17.107288,16.324802,15.903395,16.484655,17.084904,18.480896,17.298162,17.409184,17.91582,17.809643,17.440742,1.1861713,2.410357,6.85546,0.6869879,28.989878,33.25241,37.416344,17.724594,21.483967,22.18685,21.529058,15.985408,17.497608,56.11
4446150.162,657972.4606,105.7605,1.6036676,0.7687889,26.534159,31.285934,39.141544,28.664904,23.17658,33.12921,32.120533,26.473906,29.693209,35.920677,40.256477,36.301537,35.31153,41.165,41.039402,2.782394,2.0839498,6.247229,7.4623375,1383.41,159.65869,-0.19873047,1.3593861,-0.026611328,0,15,0.59533966,0.41322467,0.28211305,0.23463087,0.6657905,0.92964625,1.68817,19.135593,15.210478,17.40443,15.881526,18.391563,21.478214,17.463118,17.803337,23.108273,18.091143,19.887497,17.106297,23.835423,24.256914,24.162603,20.917078,22.700085,20.570154,21.26894,20.049595,21.789494,23.923414,23.651897,21.659185,21.557444,21.285501,20.971458,20.103771,20.915297,21.678104,22.207636,21.13647,15.399739,14.788404,16.02584,15.220216,15.922096,16.625547,16.970585,15.770432,17.849726,17.145857,17.53653,16.868074,17.354942,17.369799,18.381071,17.442495,1.1862283,2.4331717,6.854783,0.6869879,28.910046,32.62487,38.279007,17.85213,21.49259,21.993368,21.245604,15.850347,17.500856,56.11
4446150.162,657977.3404,95.91943,1.6038176,0.7651338,26.52623,31.286787,38.876076,28.42986,23.082191,32.56459,31.92917,26.145395,29.406296,34.239876,41.009216,36.657135,35.771023,41.62434,42.848297,2.820866,2.0852964,6.2461705,7.477544,1383.33,152.05357,-1.0009766,1.3134631,-0.06225586,0,15,0.59533966,0.41322467,0.28211305,0.23463087,0.6657905,0.92964625,1.68817,19.135593,15.210478,17.40443,15.881526,18.391563,21.478214,17.463118,17.803337,23.108273,18.091143,19.887497,17.106297,23.835423,24.256914,24.162603,20.917078,22.700085,20.570154,21.26894,20.049595,21.789494,23.923414,23.651897,21.659185,21.557444,21.285501,20.971458,20.103771,20.915297,21.678104,22.207636,21.13647,15.399739,14.788404,16.02584,15.220216,15.922096,16.625547,16.970585,15.770432,17.849726,17.145857,17.53653,16.868074,17.354942,17.369799,18.381071,17.442495,1.1844757,2.4530811,6.8618574,0.6869879,28.90651,32.24688,38.833176,17.85213,21.49259,21.993368,21.245604,15.850347,17.500856,56.11
4446150.162,657982.2203,98.4556,1.6035309,0.7613842,26.518057,31.288155,38.56489,28.145103,22.979599,32.0505,31.74709,25.82125,29.137438,32.64394,41.706337,36.971527,36.252506,42.118435,44.609356,2.8536012,2.0864754,6.2438293,7.493154,1383.3,153.4514,-0.43945312,1.0889907,-0.045532227,0,15,0.59533966,0.41322467,0.28211305,0.23463087,0.6657905,0.92964625,1.68817,19.19631,15.497602,16.12131,16.13277,18.176582,20.473108,17.15312,17.467478,23.5702,17.93577,20.184692,17.031803,24.340254,25.306118,24.598116,21.318565,21.863785,21.430735,20.463543,19.517706,24.18005,24.700794,24.597357,22.054384,21.10709,22.131857,20.470812,20.535046,20.692354,20.877886,21.175821,20.961731,15.770009,15.786484,15.880137,15.276136,15.264364,16.272081,17.378511,15.80642,17.429531,17.38126,17.260042,17.120258,17.211615,18.119055,18.738592,17.526371,1.1824576,2.4700384,6.8684916,0.6869879,28.903107,31.898794,39.338932,17.53583,21.85242,22.393421,20.998693,15.946817,17.608622,56.11
4446150.162,657987.1001,96.1454,1.6035309,0.7613842,26.518057,31.288155,38.56489,28.145103,22.979599,32.0505,31.74709,25.82125,29.137438,32.64394,41.706337,36.971527,36.252506,42.118435,44.609356,2.8536012,2.0864754,6.2438293,7.493154,1383.3,153.4514,-0.43945312,1.0889907,-0.045532227,0,15,0.59533966,0.41322467,0.28211305,0.23463087,0.6657905,0.92964625,1.68817,19.19631,15.497602,16.12131,16.13277,18.176582,20.473108,17.15312,17.467478,23.5702,17.93577,20.184692,17.031803,24.340254,25.306118,24.598116,21.318565,21.863785,21.430735,20.463543,19.517706,24.18005,24.700794,24.597357,22.054384,21.10709,22.131857,20.470812,20.535046,20.692354,20.877886,21.175821,20.961731,15.770009,15.786484,15.880137,15.276136,15.264364,16.272081,17.378511,15.80642,17.429531,17.38126,17.260042,17.120258,17.211615,18.119055,18.738592,17.526371,1.1824576,2.4700384,6.8684916,0.6869879,28.903107,31.898794,39.338932,17.53583,21.85242,22.393421,20.998693,15.946817,17.608622,56.11
4446150.162,657991.9799,88.945694,1.6050543,0.7654111,26.506998,31.547747,38.222775,27.948116,22.843683,31.584555,30.95417,25.420582,28.93604,31.523943,42.268127,37.46332,36.719585,42.556458,45.817123,2.880321,2.078742,6.253126,7.506928,1383.27,155.67853,-0.35986328,0.97466964,-0.032226562,0,15,0.5968887,0.41068685,0.28188723,0.23900807,0.66458213,0.93861395,1.7996933,18.987513,15.828986,16.457142,15.851137,17.959814,20.584763,17.548227,17.41849,22.745972,17.564518,18.945847,16.702,22.552185,24.30928,24.201534,20.41926,23.136002,21.272379,18.95455,18.028866,21.787043,25.97492,23.508764,21.389414,20.468353,19.818481,18.010778,18.885023,19.477415,20.516766,19.800524,19.482168,15.951188,15.568848,15.633856,14.607149,15.456028,15.970832,16.069918,15.568786,15.9723215,16.632877,15.926313,15.877081,15.456834,16.924738,15.988142,16.075466,1.1852326,2.4795315,6.880027,0.70448005,29.027372,31.269363,39.865723,17.602512,21.003048,21.808931,19.568192,15.60826,16.111187,56.11
4446150.162,657996.8598,88.41681,1.5993365,0.78060526,26.568758,31.613272,37.785194,27.939821,22.897255,31.465311,30.729765,25.659533,28.920256,31.24856,42.302006,37.513874,36.64263,42.620342,45.980556,2.893599,2.06554,6.2967267,7.524441,1383.23,155.68367,-0.47998047,0.97443837,-0.037841797,0,15,0.5968887,0.41068685,0.28188723,0.23900807,0.66458213,0.93861395,1.7996933,18.493608,15.852733,16.472404,15.874884,17.069075,19.906488,16.960583,17.104204,22.416142,17.564518,18.945847,16.702,22.275225,23.979448,23.665121,20.243105,22.495646,20.886831,18.933277,17.8269,21.409725,25.225708,21.483603,20.922356,18.90721,17.374537,16.850365,16.715364,17.402052,18.47479,17.699219,17.531988,15.951188,15.568848,15.633856,14.607149,15.456028,15.970832,16.069918,15.568786,15.9723215,16.632877,15.926313,15.877081,15.456834,16.924738,15.988142,16.075466,1.1899709,2.4795694,6.9105835,0.70448005,29.091015,31.097538,39.90794,17.232824,20.792614,21.18024,17.631933,15.60826,16.111187,56.11
4446150.162,658001.7396,89.274315,1.5949092,0.79663265,26.580454,31.616133,37.208237,27.93694,22.949097,31.448349,30.763126,26.196484,29.014248,31.312284,42.194748,37.353672,36.500156,42.585365,45.757153,2.901559,2.0656307,6.3481474,7.543974,1383.2,155.2939,-0.36083984,0.99305046,-0.03112793,0,15,0.5968887,0.41068685,0.28188723,0.23900807,0.66458213,0.93861395,1.7996933,18.644794,15.062665,17.041227,15.808959,17.37697,19.84019,16.0387,17.132332,22.252096,17.96608,18.832523,16.788029,22.761816,23.731733,23.911234,20.314793,22.294498,20.303564,19.732954,17.078112,21.716602,24.816864,21.450268,20.755247,18.868168,16.853704,17.971724,16.922789,17.5538,18.658657,18.324633,17.715714,15.889667,14.97172,15.195063,14.223754,15.391306,15.7961035,16.361704,15.2799,15.974444,16.136797,15.63424,15.380409,15.182019,15.891006,16.315796,15.688553,1.195771,2.483595,6.9460607,0.70448005,29.098293,31.105738,39.774208,17.116215,20.891932,21.056124,17.879068,15.404188,15.787816,56.11
4446150.162,658006.6194,93.14719,1.59013,0.8102906,26.578089,31.746391,36.73221,27.819374,23.106009,31.495977,30.415031,26.879236,29.259054,31.496222,42.072857,37.405777,35.940304,42.491356,45.38058,2.894854,2.0542676,6.382204,7.5495353,1383.16,153.43932,-0.39941406,1.0248132,-0.033325195,0,15,0.5968887,0.41068685,0.28188723,0.23900807,0.66458213,0.93861395,1.7996933,18.644794,15.062665,17.041227,15.808959,17.37697,19.84019,16.0387,17.132332,22.252096,17.96608,18.832523,16.788029,22.761816,23.731733,23.911234,20.314793,22.294498,20.303564,19.732954,17.078112,21.716602,24.816864,21.450268,20.755247,18.868168,16.853704,17.971724,16.922789,17.5538,18.658657,18.324633,17.715714,15.889667,14.97172,15.195063,14.223754,15.391306,15.7961035,16.361704,15.2799,15.974444,16.136797,15.63424,15.380409,15.182019,15.891006,16.315796,15.688553,1.2002103,2.4745607,6.96587,0.70448005,29.16224,30.955505,39.73932,17.116215,20.891932,21.056124,17.879068,15.404188,15.787816,56.11
4446150.162,658011.4993,94.28523,1.5816203,0.81797063,26.580467,31.748936,35.965393,27.5426,23.158827,31.487469,30.501982,27.501402,29.528515,31.597763,42.012177,37.166363,35.83466,42.55057,45.145523,2.8953292,2.0537558,6.4105883,7.5641694,1383.12,154.87312,-0.39990234,1.0124682,-0.03552246,0,15,0.5968887,0.41068685,0.28188723,0.23900807,0.66458213,0.93861395,1.7996933,18.802225,14.512327,17.272095,15.840922,17.02629,20.256388,16.719416,17.073334,21.36165,18.060606,19.417362,16.57269,22.74068,24.17489,22.89355,20.296232,22.521616,20.996496,20.600998,17.450378,22.357666,22.81806,21.69443,20.923851,18.342806,17.039106,18.33117,17.403946,17.750118,19.310074,18.691378,18.009764,16.085438,14.637192,16.289162,14.319329,16.194754,16.472311,15.263842,15.635807,16.145725,16.097988,16.112577,15.168741,16.069654,16.076033,15.687819,15.879103,1.1997955,2.4745426,6.987379,0.70448005,29.164701,30.994724,39.58927,17.204237,20.745916,21.205664,18.124084,15.608861,15.908363,56.11
4446150.162,658016.3791,81.15406,1.5609162,0.81829023,26.820972,32.01498,35.319878,27.046505,23.106968,31.288927,30.399622,28.098516,29.904848,31.63835,42.101112,36.897255,35.416862,42.682106,44.9736,2.8777404,2.0305371,6.4130654,7.567863,1383.08,143.46742,-0.5209961,0.9621764,-0.025634766,0,15,0.5968887,0.41068685,0.28188723,0.23900807,0.66458213,0.93861395,1.7996933,18.536617,15.856354,16.598679,15.675574,17.395544,19.708357,16.971487,17.130396,21.390701,17.36987,18.518696,16.466314,23.349274,22.594507,22.674908,19.870184,21.760437,19.54495,19.45278,18.872328,21.152542,22.76937,22.119547,20.465523,19.410374,16.881077,18.075058,18.129429,17.313292,18.394104,18.40692,17.94437,15.260512,15.0121,17.225153,15.069405,16.812775,16.392628,15.562943,15.920945,16.189241,16.19224,16.431334,16.210512,17.076025,16.302734,15.992373,16.336468,1.1896032,2.4541388,6.990464,0.70448005,29.417976,30.844275,39.499184,17.248945,20.337753,20.810282,18.08718,15.905073,16.342066,56.11
4446150.162,658021.2589,81.05945,1.5495472,0.8167167,26.817194,32.016514,34.753006,26.776905,23.147268,31.328245,30.471107,28.544119,30.13321,31.649519,42.070797,36.71957,35.380894,42.72736,44.85695,2.8697016,2.0292723,6.4254065,7.570189,1383.05,127.49462,0.16113281,0.77613544,-0.005493164,0,15,0.5945063,0.41362908,0.2824333,0.23838127,0.66440916,0.95435345,1.9587494,18.536617,15.856354,16.598679,15.675574,17.395544,19.708357,16.971487,17.130396,21.390701,17.36987,18.518696,16.466314,23.349274,22.594507,22.674908,19.870184,21.760437,19.54495,19.45278,18.872328,21.152542,22.76937,22.119547,20.465523,19.410374,16.881077,18.075058,18.129429,17.313292,18.394104,18.40692,17.94437,15.260512,15.0121,17.225153,15.069405,16.812775,16.392628,15.562943,15.920945,16.189241,16.19224,16.431334,16.210512,17.076025,16.302734,15.992373,16.336468,1.1831319,2.449487,6.997798,0.7294946,29.416855,30.899677,39.395184,17.248945,20.337753,20.810282,18.08718,15.905073,16.342066,56.11
4446150.162,658026.1388,93.82214,1.5363002,0.81964934,26.807667,32.015457,35.020973,27.104256,23.123526,31.603384,30.46486,28.45164,29.878788,31.513577,41.91545,36.788223,35.303665,42.60083,45.014805,2.8432593,2.0268874,6.4723773,7.572273,1383,122.89501,-0.080078125,0.5801386,-0.002197266,0,15,0.5945063,0.41362908,0.2824333,0.23838127,0.66440916,0.95435345,1.9587494,17.64348,15.861977,16.89086,15.419105,17.47501,19.354055,16.878347,16.952782,21.205347,17.666485,18.906551,16.732014,23.262712,21.618063,22.625881,19.823439,21.245829,19.716528,18.634666,18.220959,21.457804,22.053469,21.478832,20.046558,18.861017,17.59382,17.696457,17.541836,17.192442,18.046019,18.40555,17.758375,16.019255,14.182821,16.550713,15.132079,16.874615,15.955373,16.04391,15.7752285,16.416473,16.462912,16.606087,15.960662,16.380848,17.131948,16.41458,16.435678,1.1779747,2.4350734,7.022325,0.7294946,29.411562,31.034122,39.351837,17.074692,20.28815,20.401154,17.905306,15.82268,16.48193,56.11
4446150.162,658031.0186,93.04918,1.5259981,0.8261823,27.226547,32.471615,34.99881,27.214626,23.123507,32.072468,30.602417,28.521847,29.713795,31.27184,41.431602,36.542664,35.546227,42.608814,45.294327,2.8162198,2.0120385,6.520678,7.591982,1382.96,126.859406,-0.000976563,0.57276386,-0.002319336,0,15,0.5945063,0.41362908,0.2824333,0.23838127,0.66440916,0.95435345,1.9587494,16.456009,15.533435,16.985727,14.34971,16.98172,18.96226,16.581043,16.407827,21.303314,17.775248,18.371666,16.633698,23.72201,21.523806,23.438496,19.81365,21.332182,20.200163,18.371304,18.178198,21.527828,21.885088,21.34138,20.081434,18.210417,16.690828,16.552185,17.320623,17.263805,17.520033,18.11712,17.242788,15.066213,15.289136,15.823798,14.698732,16.083862,15.615343,15.77434,15.413568,16.135485,16.759092,16.252054,15.830949,16.27209,16.632345,16.300982,16.267145,1.1760902,2.4141293,7.0563297,0.7294946,29.849081,31.337442,38.987133,16.549986,20.395462,20.405165,17.382145,15.478774,16.311855,56.11
4446150.162,658035.8984,87.39472,1.5112674,0.8175744,27.219343,32.47126,35.259415,27.208027,23.113655,32.239243,30.601496,28.382273,29.578108,31.00122,41.381718,36.553654,35.57337,42.661358,45.543438,2.7908137,2.0103037,6.53759,7.5784607,1382.92,133.02257,-0.0390625,0.5876176,-0.003295898,0,15,0.5945063,0.41362908,0.2824333,0.23838127,0.66440916,0.95435345,1.9587494,16.456009,15.533435,16.985727,14.34971,16.98172,18.96226,16.581043,16.407827,21.303314,17.775248,18.371666,16.633698,23.72201,21.523806,23.438496,19.81365,21.332182,20.200163,18.371304,18.178198,21.527828,21.885088,21.34138,20.081434,18.210417,16.690828,16.552185,17.320623,17.263805,17.520033,18.11712,17.242788,15.066213,15.289136,15.823798,14.698732,16.083862,15.615343,15.77434,15.413568,16.135485,16.759092,16.252054,15.830949,16.27209,16.632345,16.300982,16.267145,1.1644208,2.4005587,7.0580254,0.7294946,29.845303,31.420368,38.967686,16.549986,20.395462,20.405165,17.382145,15.478774,16.311855,56.11
4446150.162,658040.7783,81.822205,1.4756216,0.8067184,27.077618,32.010025,35.369648,27.059122,23.08464,32.264664,30.667027,28.324154,29.468761,30.412357,41.559498,36.804592,35.877293,42.745224,46.147015,2.7974484,1.9989556,6.548157,7.5574427,1382.88,135,-0.080078125,0.6080369,-0.006713867,0,15,0.5945063,0.41362908,0.2824333,0.23838127,0.66440916,0.95435345,1.9587494,16.539621,15.50122,16.516594,13.973632,16.73564,19.722948,16.277998,16.390509,21.7538,17.647278,19.356663,16.531937,22.222206,21.858873,22.724371,19.845282,21.069136,18.958115,18.079622,17.172724,22.491045,22.224783,21.591398,19.883379,17.643751,15.655626,16.97503,16.398565,17.61236,18.76701,17.696472,17.100029,14.925179,14.960844,16.217297,15.0180025,15.958358,16.196428,15.868456,15.542279,15.862302,15.9490185,15.695717,15.816038,16.301847,16.683247,16.931995,16.02387,1.14117,2.398202,7.0528,0.7294946,29.543821,31.465845,39.182045,16.466808,20.299303,20.226688,17.24983,15.592079,16.177166,56.11
4446150.162,658045.6581,91.79813,1.4585713,0.7881607,27.057522,32.010674,35.735012,26.700027,23.100096,32.320198,30.674816,28.045002,29.37939,30.016254,41.692577,36.73509,36.000378,43.059254,46.493717,2.7658458,1.9939666,6.5590253,7.526906,1382.84,135.02411,-0.16064453,0.587515,-0.010009766,0,15,0.5945063,0.41362908,0.2824333,0.23838127,0.66440916,0.95435345,1.9587494,16.937496,15.104143,16.399412,15.045352,16.670336,18.605331,17.036144,16.427753,20.454105,17.438065,19.664112,16.839914,22.055443,21.690042,21.224298,19.545303,20.717894,17.4473,18.320301,18.82023,21.062574,22.557005,20.57069,19.777487,16.814877,15.887022,16.766964,16.875717,18.02701,18.33285,15.853715,17.02886,14.419745,14.467406,15.569646,15.716818,16.041243,15.542548,17.192005,15.387775,15.282451,16.252518,16.148191,16.483488,16.398945,16.30782,16.80495,16.17539,1.123366,2.3799062,7.042966,0.7294946,29.534098,31.497507,39.213833,16.542603,19.909426,19.928,16.936878,15.564202,16.239765,56.11
4446150.162,658050.5379,93.35885,1.4385935,0.7740227,27.326498,32.405453,36.0798,26.333866,23.16103,32.434975,30.66943,28.009367,29.426706,29.83319,41.70358,36.51878,35.97245,43.31028,46.63075,2.733199,1.9784766,6.560794,7.496134,1382.81,135,0.000976563,0.5467179,-0.005493164,0,15,0.63831687,0.3900191,0.279502,0.23397888,0.66791093,0.87448955,1.565077,16.937496,15.104143,16.399412,15.045352,16.670336,18.605331,17.036144,16.427753,20.454105,17.438065,19.664112,16.839914,22.055443,21.690042,21.224298,19.545303,20.717894,17.4473,18.320301,18.82023,21.062574,22.557005,20.57069,19.777487,16.814877,15.887022,16.766964,16.875717,18.02701,18.33285,15.853715,17.02886,14.419745,14.467406,15.569646,15.716818,16.041243,15.542548,17.192005,15.387775,15.282451,16.252518,16.148191,16.483488,16.398945,16.30782,16.80495,16.17539,1.1063081,2.3558378,7.028464,0.6641849,29.865974,31.552202,39.11118,16.542603,19.909426,19.928,16.936878,15.564202,16.239765,56.11
4446150.162,658055.4178,81.48775,1.4207923,0.78600854,27.356972,32.400936,36.09227,26.676733,23.199505,33.052113,30.79189,28.788074,30.124132,30.855526,40.910717,36.512295,35.21113,42.390568,45.520657,2.6936357,1.973425,6.4957366,7.4982767,1382.77,139.55057,-0.2397461,0.5080161,-0.014404297,0,15,0.63831687,0.3900191,0.279502,0.23397888,0.66791093,0.87448955,1.565077,17.483675,15.7170925,15.414564,14.80008,17.34641,18.033674,16.80443,16.40226,21.978886,17.65576,19.621712,16.655613,22.552725,22.687754,21.79782,20.089935,19.17213,17.752417,20.175182,18.0921,21.774242,24.064316,20.23007,20.119581,16.529085,16.424072,17.435265,15.763407,17.927591,18.610765,14.66031,16.963898,14.938957,14.7267475,15.999157,14.373006,17.007656,15.437842,16.410738,15.444665,15.654891,16.341198,16.44611,16.288202,16.08043,16.514692,17.057562,16.227777,1.1034005,2.3335304,6.9970064,0.6641849,29.878954,31.922,38.711506,16.514277,20.421467,20.180065,16.764355,15.5563,16.34044,56.11
4446150.162,658060.2976,76.70563,1.3982759,0.80500615,27.613718,32.002274,35.991356,26.939375,23.575354,33.654297,30.881895,30.049223,31.00864,32.250458,40.099323,36.746113,34.214775,41.325115,43.86723,2.6564662,1.9827728,6.4475036,7.5116677,1382.75,145.50075,-0.040039062,0.55628085,-0.005615234,0,15,0.63831687,0.3900191,0.279502,0.23397888,0.66791093,0.87448955,1.565077,18.221163,14.927323,16.29502,15.1533375,18.95815,19.925669,17.484835,17.202877,21.047804,16.91575,18.828835,16.273733,22.04495,21.577862,21.377256,19.31493,17.380621,14.2301855,16.770151,13.115557,18.082533,18.225529,16.021276,16.033724,17.37234,14.446132,15.973897,14.169412,16.545721,17.13974,15.301627,15.760607,15.19197,14.848853,16.269506,14.542171,17.13646,15.770207,15.626063,15.618377,16.051105,16.370628,15.838384,16.305454,16.154425,17.40791,16.310175,16.292532,1.1016409,2.3196197,6.9795856,0.6641849,29.807995,32.268097,38.422718,17.280785,19.723742,16.260838,15.849838,15.626462,16.348295,56.11
4446145.179,657918.7824,61.20852,1.4710277,1.0531017,26.556873,30.39647,31.473242,27.267508,21.794945,41.090294,34.03865,31.026049,40.611214,51.413033,33.04172,35.363983,36.793823,32.92,27.263144,2.6892035,2.0607512,6.535704,7.7077293,1383.77,132.39528,-0.51953125,0.89229155,-0.03881836,0,15,0.6046137,0.3862287,0.28195563,0.23422857,0.6708336,0.78631145,1.5193175,18.521133,15.949285,16.549927,15.496583,18.47969,20.002665,17.219213,17.293438,22.12512,17.962143,18.796543,16.662159,23.587267,22.590378,22.858969,20.301003,22.636595,18.881773,18.685295,19.281382,21.60913,22.427998,21.801762,20.40943,22.25278,20.01482,20.51355,20.881332,20.887264,20.691397,19.19365,20.665466,15.833261,14.497843,15.378825,16.353106,16.495728,15.560105,15.078331,15.592408,18.263432,17.07494,17.622017,17.187105,17.522806,16.862467,17.445913,17.418833,1.2620647,2.3749774,7.1217165,0.64049846,28.476671,37.564472,34.20285,17.459785,20.654654,20.760561,20.633541,15.5996,17.425526,56.11
4446145.179,657923.6623,96.032166,1.4861661,0.98369676,26.550573,30.398375,31.709692,28.184225,22.126898,40.943295,33.89081,30.694727,39.062336,49.531445,33.242386,35.588436,36.855156,33.38947,28.101149,2.7173197,2.0618265,6.505418,7.6374645,1383.72,142.95238,-0.48046875,0.8793051,-0.036743164,0,15,0.6046137,0.3862287,0.28195563,0.23422857,0.6708336,0.78631145,1.5193175,18.497087,15.957556,17.119835,15.737483,18.407906,20.208263,16.868006,17.424234,21.888807,17.80804,19.728907,17.137377,24.0158,22.88334,21.884146,20.432089,23.606625,18.834429,19.414272,20.241314,21.364386,22.396124,20.692331,20.619562,20.563492,20.574492,20.747175,20.39114,20.63383,20.06536,18.832037,20.327497,16.180298,14.801146,16.576208,16.02571,15.421381,15.611147,15.226923,15.711745,18.059378,17.837368,17.973911,17.448473,17.73617,18.386507,17.556337,17.8471,1.2349315,2.389573,7.071441,0.64049846,28.474474,37.417053,34.415413,17.542305,20.763773,20.93564,20.258219,15.691829,17.856876,56.11
4446145.179,657928.5421,86.359795,1.5105547,0.92458147,26.668829,30.06863,32.063236,28.761374,22.459711,40.57611,34.10281,30.609049,37.756367,47.914314,33.57569,35.648678,36.748043,33.91003,28.897371,2.736191,2.0805273,6.474568,7.584289,1383.68,145.09131,-0.31933594,0.92571306,-0.029907227,0,15,0.6046137,0.3862287,0.28195563,0.23422857,0.6708336,0.78631145,1.5193175,17.588444,15.596494,16.674685,15.89844,18.188732,19.838743,18.19135,17.181988,22.721113,17.81394,19.928173,16.883919,23.73525,23.842289,23.108221,20.681076,23.74777,20.140839,19.936676,19.93505,23.385431,24.489294,21.108091,21.519436,21.882498,19.778202,21.46342,19.136019,20.415417,21.939295,19.968616,20.56046,15.772692,15.415964,16.63194,15.070531,15.443296,15.859528,16.239681,15.650107,18.071394,18.157703,17.797369,17.679338,17.990442,17.673796,17.38408,17.841423,1.217568,2.408359,7.0294285,0.64049846,28.368729,37.339462,34.612183,17.42527,21.147556,21.82045,20.654781,15.776232,17.822018,56.11
4446145.179,657933.4219,91.4219,1.524388,0.8916247,26.688896,30.076998,33.37944,28.798098,22.529667,39.704582,33.96896,30.16801,36.630775,46.721962,34.261906,35.57342,36.24784,34.836945,29.969393,2.7234042,2.0811744,6.434973,7.5632734,1383.63,148.43018,-0.4399414,0.9581094,-0.03552246,0,15,0.61103195,0.42520988,0.32373238,0.2338426,0.66198546,1.033416,2.1736925,17.588444,15.596494,16.674685,15.89844,18.188732,19.838743,18.19135,17.181988,22.721113,17.81394,19.928173,16.883919,23.73525,23.842289,23.108221,20.681076,23.74777,20.140839,19.936676,19.93505,23.385431,24.489294,21.108091,21.519436,21.882498,19.778202,21.46342,19.136019,20.415417,21.939295,19.968616,20.56046,15.772692,15.415964,16.63194,15.070531,15.443296,15.859528,16.239681,15.650107,18.071394,18.157703,17.797369,17.679338,17.990442,17.673796,17.38408,17.841423,1.2080064,2.4022894,6.999123,0.78041583,28.382946,36.83677,34.917664,17.42527,21.147556,21.82045,20.654781,15.776232,17.822018,56.11
4446145.179,657938.3018,74.39229,1.529214,0.8654334,26.777582,30.144392,34.811596,28.771317,22.628204,38.88817,34.033726,29.73909,35.50976,45.8219,34.81891,35.306553,35.653034,35.85756,30.844635,2.6946032,2.0718596,6.3970466,7.5486407,1383.59,152.70848,-0.4008789,0.99901843,-0.033325195,0,15,0.61103195,0.42520988,0.32373238,0.2338426,0.66198546,1.033416,2.1736925,18.162098,15.776341,16.908026,15.4735775,18.390736,19.610592,18.981052,17.351446,22.680845,18.444864,20.442152,16.835249,24.094513,25.050978,22.78061,21.115803,23.45216,20.84667,20.115019,20.242344,23.018682,25.216139,21.802057,21.880735,21.959229,19.456045,20.495686,19.730053,21.214518,22.207699,20.29443,20.758934,15.427111,15.020357,16.463655,14.822621,17.652899,16.051746,16.479315,15.902928,17.469593,18.362116,17.813232,17.974773,17.451136,17.822742,18.158466,17.768583,1.1973237,2.3832314,6.9728436,0.78041583,28.460987,36.460945,35.06273,17.614634,21.475603,22.09901,20.76538,15.988243,17.86458,56.11
4446145.179,657943.1816,83.272606,1.5414029,0.84185845,26.79801,30.153982,36.236015,28.816881,22.680288,37.89479,33.843586,29.210373,34.36095,44.75973,35.576294,35.25987,35.18313,36.78315,31.895071,2.6754644,2.072111,6.354663,7.5245333,1383.55,152.02345,-0.359375,1.0379481,-0.032226562,0,15,0.61103195,0.42520988,0.32373238,0.2338426,0.66198546,1.033416,2.1736925,17.834099,15.782128,16.94157,15.039418,18.25437,20.297586,19.31186,17.32827,22.716799,17.660067,20.649467,17.001331,24.027613,24.873041,24.361217,21.092512,23.32779,18.637787,19.890839,20.301636,21.843681,25.530132,22.08197,21.3654,21.99234,19.344088,21.233374,21.301268,20.897062,22.91969,20.924582,21.105915,15.317351,15.187101,16.203869,14.26217,17.542088,16.90013,16.74939,15.931529,17.526209,17.6859,18.336514,16.85828,17.386202,18.859802,18.420536,17.79081,1.1916307,2.3737876,6.939598,0.78041583,28.475996,35.869186,35.418083,17.63729,21.612791,21.659119,21.230343,16.023157,17.867634,56.11
4446145.179,657948.0614,83.77983,1.551043,0.8212539,26.641287,30.745352,37.735725,28.9097,22.727888,36.9423,33.715668,28.634546,33.18708,43.682213,36.293785,34.92368,34.46232,37.605003,32.93054,2.6560292,2.0867026,6.3072,7.4881296,1383.5,150.44122,-0.5600586,0.98809135,-0.040039062,0,15,0.61103195,0.42520988,0.32373238,0.2338426,0.66198546,1.033416,2.1736925,17.834099,15.782128,16.94157,15.039418,18.25437,20.297586,19.31186,17.32827,22.716799,17.660067,20.649467,17.001331,24.027613,24.873041,24.361217,21.092512,23.32779,18.637787,19.890839,20.301636,21.843681,25.530132,22.08197,21.3654,21.99234,19.344088,21.233374,21.301268,20.897062,22.91969,20.924582,21.105915,15.317351,15.187101,16.203869,14.26217,17.542088,16.90013,16.74939,15.931529,17.526209,17.6859,18.336514,16.85828,17.386202,18.859802,18.420536,17.79081,1.1861484,2.371366,6.897665,0.78041583,28.69332,35.328983,35.608734,17.63729,21.612791,21.659119,21.230343,16.023157,17.867634,56.11
4446145.179,657952.9413,87.14279,1.5606261,0.80041665,26.670341,30.75609,39.023544,29.021582,22.782825,35.952797,33.47064,28.02524,31.972404,42.551636,37.01455,34.92089,34.16033,38.55292,34.054066,2.64263,2.0866911,6.26552,7.4598184,1383.47,144.47313,-0.28027344,0.8623362,-0.024414062,0,15,0.61103195,0.42520988,0.32373238,0.2338426,0.66198546,1.033416,2.1736925,17.758038,15.623084,16.860518,14.411992,17.868896,20.9626,18.808996,17.163298,22.526028,18.105877,19.946249,16.78362,24.248205,24.576017,24.19834,20.98478,22.80546,19.344755,20.693567,19.112997,21.943872,24.540085,23.285152,21.314745,20.877857,19.327236,20.308279,19.810907,20.157993,20.227571,20.754162,20.006927,16.53072,14.851724,16.494267,14.549913,15.932166,16.814898,17.024626,15.884456,18.172586,16.726454,17.795517,17.296598,17.363665,18.311167,18.507877,17.686466,1.1805214,2.3646607,6.862669,0.78041583,28.713215,34.711716,35.96772,17.47059,21.483477,21.675127,20.209143,16.02833,17.739122,56.11
4446145.179,657957.8211,92.39991,1.5690395,0.790287,26.68181,30.76203,39.675034,29.081652,22.808596,35.08202,33.226772,27.572063,31.178558,41.18817,37.83625,35.15793,34.123375,39.19653,35.412483,2.6601596,2.0879803,6.247124,7.4504147,1383.43,141.34872,-0.23925781,0.7334374,-0.022216797,0,15,0.61103195,0.42520988,0.32373238,0.2338426,0.66198546,1.033416,2.1736925,18.193352,15.830567,17.224169,14.957282,17.241198,20.735998,17.818823,17.178581,22.645365,17.963236,19.882202,17.023567,24.100008,24.282248,23.383167,20.937366,23.225449,21.014357,21.352928,20.794765,23.540993,23.766573,24.346373,22.259922,20.442226,19.718678,19.999987,21.349865,21.797949,21.892284,21.189592,20.953423,15.622762,14.774631,16.972425,14.889292,16.587835,17.544529,16.158632,16.068537,17.756716,16.799723,18.236479,17.47774,17.574682,17.929981,18.164927,17.59008,1.1796632,2.37407,6.848769,0.78041583,28.72192,34.154396,36.49709,17.42877,21.325686,22.577349,20.91294,16.078587,17.705748,56.11
4446145.179,657962.7009,91.84094,1.5790728,0.78866005,26.427687,31.546532,39.760918,29.068048,22.84954,34.414528,32.736557,27.148115,30.70408,39.54008,38.72917,35.396618,34.293262,39.780235,37.097233,2.7066047,2.095071,6.2502265,7.450774,1383.4,147.69112,-0.15966797,0.6437916,-0.01550293,0,15,0.6157703,0.43516126,0.33709916,0.22385566,0.691057,1.1573812,2.1898558,18.84617,15.089284,16.86831,14.918459,18.013903,20.403446,18.278181,17.265522,22.784256,18.009373,20.522383,17.276098,23.74685,23.909836,24.976744,21.033909,23.078114,20.53163,20.345215,20.143589,24.627151,23.304398,24.296997,21.889492,21.345322,19.288467,21.110163,20.133244,21.17076,21.03033,23.343248,20.802345,15.071284,13.954797,16.55153,14.086183,15.920302,17.478529,17.4577,15.584023,17.154896,17.025911,17.961662,16.653025,16.72511,18.144144,18.495762,17.331251,1.1838665,2.400838,6.8505,0.80716866,28.98711,33.575542,37.062897,17.48825,21.60365,22.332441,21.06022,15.788619,17.451502,56.11
4446145.179,657967.5808,92.4627,1.5830969,0.78761023,26.423075,31.547567,39.647964,28.978004,22.810947,33.716125,32.496647,26.793325,30.337986,37.812347,39.59467,35.847244,34.667187,40.202755,38.897694,2.7551243,2.0972776,6.254804,7.4633994,1383.37,150.9355,-0.2397461,0.58990794,-0.017822266,0,15,0.6157703,0.43516126,0.33709916,0.22385566,0.691057,1.1573812,2.1898558,19.091112,16.361725,16.62398,15.779097,18.409086,20.763166,18.60943,17.718515,23.166306,17.951471,20.050884,17.27051,23.189217,23.839342,24.65771,20.842161,22.506023,19.99159,21.276377,21.69367,23.089746,25.817842,23.321377,22.146748,20.351498,20.41077,20.99105,21.292166,22.093094,21.642828,22.646402,21.192348,15.774257,14.153356,15.785791,15.319793,16.677673,16.968868,17.087076,15.824186,16.615765,17.392614,17.693354,17.867216,17.251957,18.06133,18.454334,17.537273,1.1853535,2.4262009,6.859102,0.80716866,28.985321,33.106384,37.720955,17.948229,21.446491,22.52809,21.34683,15.966687,17.61951,56.11
4446145.179,657972.4606,96.13079,1.5923072,0.7817567,26.532417,31.282799,39.500328,28.949091,23.19871,32.888016,32.06042,26.362637,29.619425,35.695347,40.551136,36.53895,35.175716,41.013157,41.14435,2.8079627,2.0863001,6.254157,7.461944,1383.35,137.0472,-0.12011719,0.56760234,-0.004394531,0,15,0.6157703,0.43516126,0.33709916,0.22385566,0.691057,1.1573812,2.1898558,18.78024,16.369053,17.123117,15.282228,18.46299,20.724855,18.781046,17.696812,23.093826,17.945229,20.297037,17.166525,24.004105,24.031775,23.920195,20.927317,22.4992,19.808298,21.499922,21.106676,21.957504,23.741796,23.580034,21.535015,21.680231,20.40888,19.837276,21.03414,21.869217,20.308807,21.412596,20.79199,16.087343,14.578252,15.245137,14.24103,16.264444,16.33013,17.691364,15.530381,16.856674,17.313835,17.947031,17.516706,17.046774,17.963243,19.09021,17.558016,1.187032,2.4471314,6.8580503,0.80716866,28.907608,32.47422,38.545044,17.931932,21.494099,22.027632,20.935879,15.776814,17.676353,56.11
4446145.179,657977.3404,92.16294,1.5926129,0.776086,26.526157,31.284239,39.29389,28.70788,23.07849,32.263092,31.840506,25.914488,29.218403,33.831577,41.35233,36.918713,35.711662,41.571724,43.202946,2.846515,2.0874908,6.248254,7.4770145,1383.32,122.013245,0.119140625,0.54026073,0.001098633,0,15,0.6157703,0.43516126,0.33709916,0.22385566,0.691057,1.1573812,2.1898558,18.78024,16.369053,17.123117,15.282228,18.46299,20.724855,18.781046,17.696812,23.093826,17.945229,20.297037,17.166525,24.004105,24.031775,23.920195,20.927317,22.4992,19.808298,21.499922,21.106676,21.957504,23.741796,23.580034,21.535015,21.680231,20.40888,19.837276,21.03414,21.869217,20.308807,21.412596,20.79199,16.087343,14.578252,15.245137,14.24103,16.264444,16.33013,17.691364,15.530381,16.856674,17.313835,17.947031,17.516706,17.046774,17.963243,19.09021,17.558016,1.1843494,2.4670029,6.862634,0.80716866,28.905197,32.0518,39.13552,17.931932,21.494099,22.027632,20.935879,15.776814,17.676353,56.11
4446145.179,657982.2203,98.95765,1.5923674,0.7675204,26.51268,31.285807,39.027115,28.320854,22.914022,31.631346,31.595547,25.3158,28.812792,31.796312,42.24092,37.34337,36.418507,42.277966,45.557842,2.880793,2.0884628,6.2310348,7.493057,1383.28,120.392746,0.000488281,0.48142412,0.001098633,0,15,0.6157703,0.43516126,0.33709916,0.22385566,0.691057,1.1573812,2.1898558,19.048254,15.68675,17.313381,16.068453,17.894829,20.400183,18.421915,17.618792,21.96263,17.391157,19.818365,16.64845,22.97907,23.3384,23.478258,20.258478,20.842749,19.180012,20.836355,20.866957,24.165012,24.61235,24.057364,21.705067,19.616302,19.596716,19.376179,19.277145,19.83466,18.564297,19.460161,19.401571,15.499397,15.5050955,16.107903,15.030028,15.961202,15.945299,17.347069,15.764296,15.489058,15.912605,16.134062,15.990591,15.926713,16.874193,17.284924,16.109838,1.1799439,2.484628,6.862046,0.80716866,28.899242,31.613445,39.792145,17.833395,20.802334,22.080112,19.389353,15.913713,16.230305,56.11
4446145.179,657987.1001,88.4356,1.5923674,0.7675204,26.51268,31.285807,39.027115,28.320854,22.914022,31.631346,31.595547,25.3158,28.812792,31.796312,42.24092,37.34337,36.418507,42.277966,45.557842,2.880793,2.0884628,6.2310348,7.493057,1383.28,120.392746,0.000488281,0.48142412,0.001098633,0,15,0.6157703,0.43516126,0.33709916,0.22385566,0.691057,1.1573812,2.1898558,19.048254,15.68675,17.313381,16.068453,17.894829,20.400183,18.421915,17.618792,21.96263,17.391157,19.818365,16.64845,22.97907,23.3384,23.478258,20.258478,20.842749,19.180012,20.836355,20.866957,24.165012,24.61235,24.057364,21.705067,19.616302,19.596716,19.376179,19.277145,19.83466,18.564297,19.460161,19.401571,15.499397,15.5050955,16.107903,15.030028,15.961202,15.945299,17.347069,15.764296,15.489058,15.912605,16.134062,15.990591,15.926713,16.874193,17.284924,16.109838,1.1799439,2.484628,6.862046,0.80716866,28.899242,31.613445,39.792145,17.833395,20.802334,22.080112,19.389353,15.913713,16.230305,56.11
4446145.179,657991.9799,91.74469,1.5936013,0.76237404,26.483587,31.544798,38.704468,27.851543,22.646877,30.971975,30.70152,24.376822,28.437618,29.85904,43.21171,38.073593,37.3753,43.13267,47.91861,2.9101012,2.079867,6.2088366,7.508701,1383.24,122.73523,-0.080078125,0.4772505,-0.004394531,0,15,0.6210119,0.43540525,0.3280089,0.22325802,0.6853587,1.1415038,2.1881127,18.800816,15.886714,16.775854,15.87973,16.359015,20.172256,18.35315,17.15465,22.111502,17.497583,19.90936,16.459044,22.847012,23.327997,24.120222,20.337198,22.645664,20.23834,21.347404,18.811197,23.608501,23.341024,24.153425,21.644953,20.424976,18.963366,20.247734,20.200026,19.611935,18.987946,21.208149,19.79258,14.897935,14.981212,15.889802,14.922203,15.480883,16.328176,17.320868,15.497089,15.553428,15.927043,16.155258,15.81975,15.618185,16.538408,16.696148,15.916002,1.1779877,2.4949841,6.8587685,0.8032371,29.014193,30.836748,40.642654,17.461077,20.896103,22.020794,19.949162,15.688726,16.044031,56.11
4446145.179,657996.8598,88.57516,1.5886775,0.7921814,26.569782,31.611538,38.24194,28.270323,22.8362,31.139776,30.60192,25.237385,28.50701,30.501747,42.670643,37.819984,36.741364,42.713654,46.82978,2.9153082,2.0662518,6.3053913,7.5312095,1383.21,122.75164,0.03955078,0.47671476,0.001098633,0,15,0.6210119,0.43540525,0.3280089,0.22325802,0.6853587,1.1415038,2.1881127,18.300127,15.903673,16.802992,15.896691,15.25112,19.412123,17.578344,16.790201,22.001558,17.497583,19.90936,16.459044,22.57005,23.218052,23.583813,20.22654,22.291168,19.526651,20.813446,18.498842,23.249977,22.671392,22.509012,21.14007,19.173794,16.869297,18.585583,18.329037,18.14214,17.453936,19.310913,18.135061,14.897935,14.981212,15.889802,14.922203,15.480883,16.328176,17.320868,15.497089,15.553428,15.927043,16.155258,15.81975,15.618185,16.538408,16.696148,15.916002,1.1904294,2.4907799,6.9183006,0.8032371,29.09066,30.870848,40.245316,17.020725,20.748493,21.365784,18.266386,15.688726,16.044031,56.11
4446145.179,658001.7396,86.97392,1.5838884,0.8164592,26.587679,31.614653,37.64573,28.445232,22.917221,31.257944,30.66864,25.940807,28.591763,30.868856,42.352154,37.581444,36.45466,42.533043,46.24332,2.9177566,2.0662293,6.3815107,7.5565233,1383.17,121.51168,-0.0390625,0.5205241,-0.002197266,0,15,0.6210119,0.43540525,0.3280089,0.22325802,0.6853587,1.1415038,2.1881127,18.51755,15.926626,16.522953,15.307673,16.277737,19.49385,17.766571,16.92757,21.647047,18.197016,19.760983,16.901386,22.896935,23.08725,23.802256,20.357225,22.037539,22.243073,20.461565,18.62173,23.356693,23.834517,21.855734,21.545792,18.835688,17.144337,17.909328,17.533846,18.413788,18.336454,18.289263,17.945578,15.046811,15.086374,16.025448,15.98187,15.300615,16.46812,16.83859,15.70144,16.155033,16.638988,16.012762,16.041775,15.71997,17.783066,16.142218,16.312862,1.2001739,2.491993,6.969017,0.8032371,29.101166,30.963291,39.966797,17.116137,20.898983,21.772978,18.066101,15.821119,16.356258,56.11
4446145.179,658006.6194,94.58936,1.5799394,0.836471,26.587542,31.74476,37.102184,28.46817,23.065557,31.410156,30.338339,26.64903,28.76271,31.14171,42.10867,37.608864,35.922947,42.382843,45.805374,2.9075403,2.054926,6.4398417,7.572168,1383.13,121.9995,-0.040039062,0.5407982,-0.003295898,0,15,0.6210119,0.43540525,0.3280089,0.22325802,0.6853587,1.1415038,2.1881127,18.51755,15.926626,16.522953,15.307673,16.277737,19.49385,17.766571,16.92757,21.647047,18.197016,19.760983,16.901386,22.896935,23.08725,23.802256,20.357225,22.037539,22.243073,20.461565,18.62173,23.356693,23.834517,21.855734,21.545792,18.835688,17.144337,17.909328,17.533846,18.413788,18.336454,18.289263,17.945578,15.046811,15.086374,16.025448,15.98187,15.300615,16.46812,16.83859,15.70144,16.155033,16.638988,16.012762,16.041775,15.71997,17.783066,16.142218,16.312862,1.2082052,2.4812331,7.006005,0.8032371,29.166151,30.874249,39.858765,17.116137,20.898983,21.772978,18.066101,15.821119,16.356258,56.11
4446145.179,658011.4993,87.66145,1.5707213,0.85214454,26.588432,31.746655,36.355328,28.382332,23.105371,31.556742,30.432589,27.26398,28.932688,31.31687,41.914143,37.38734,35.808365,42.362343,45.547295,2.9006352,2.054118,6.494303,7.5970573,1383.09,123.70621,-0.080566406,0.5164141,-0.004516602,0,15,0.6210119,0.43540525,0.3280089,0.22325802,0.6853587,1.1415038,2.1881127,18.531208,16.187813,17.173552,15.5089445,16.276812,19.692982,16.277935,17.06501,21.758121,17.200508,19.695406,16.73838,22.740686,24.197956,22.720982,20.281616,22.539072,20.48281,20.561716,18.83502,23.271204,24.714922,21.607565,21.534515,18.435358,16.925694,18.430515,17.761732,18.55664,20.124561,18.661802,18.303913,14.912704,14.528574,16.67399,16.08746,15.566501,16.928802,16.955236,15.823292,16.331348,15.758843,15.996359,16.262182,15.452416,17.210651,16.893599,16.134405,1.2114329,2.4773765,7.04568,0.8032371,29.167543,30.994665,39.65074,17.092749,20.72172,21.716043,18.413757,15.950467,16.2722,56.11
4446145.179,658016.3791,106.9886,1.5492742,0.86225176,26.824234,32.011063,35.81546,28.210531,23.030785,31.59585,30.329094,27.769445,29.122274,31.40739,41.821476,37.189896,35.409504,42.35956,45.39846,2.8749943,2.0306387,6.5325403,7.6131873,1383.06,124.12545,0.12109375,0.53606856,0.004516602,0,15,0.6210119,0.43540525,0.3280089,0.22325802,0.6853587,1.1415038,2.1881127,18.368711,16.01345,17.197632,15.271311,16.483332,20.269232,16.497469,17.100443,21.872263,17.613224,19.21144,16.521011,23.333141,23.891882,22.08925,20.267504,22.48747,19.37766,19.048191,18.279102,22.76257,24.384426,22.323202,20.977098,19.212536,17.39554,17.524088,17.609259,17.849205,19.877066,18.302103,18.16921,15.30485,16.025629,16.996082,15.573637,16.498781,16.972372,15.481719,16.127836,16.513834,16.571194,16.161,16.457851,16.177738,16.960615,16.18326,16.34281,1.205763,2.4528165,7.0728636,0.8032371,29.417648,30.962471,39.505684,17.157305,20.64746,21.237518,18.252829,16.121868,16.432215,56.11
4446145.179,658021.2589,97.95162,1.5372722,0.8650959,26.818624,32.011738,35.337105,28.131607,23.051268,31.759905,30.397232,28.149944,29.237238,31.44606,41.69703,37.057224,35.368073,42.327198,45.30895,2.8595622,2.0290246,6.5632133,7.6225243,1383.01,124.50389,-0.16015625,0.556524,-0.006713867,0,15,0.6269992,0.42774248,0.3264976,0.22677486,0.6633142,1.1198049,2.1955945,18.368711,16.01345,17.197632,15.271311,16.483332,20.269232,16.497469,17.100443,21.872263,17.613224,19.21144,16.521011,23.333141,23.891882,22.08925,20.267504,22.48747,19.37766,19.048191,18.279102,22.76257,24.384426,22.323202,20.977098,19.212536,17.39554,17.524088,17.609259,17.849205,19.877066,18.302103,18.16921,15.30485,16.025629,16.996082,15.573637,16.498781,16.972372,15.481719,16.127836,16.513834,16.571194,16.161,16.457851,16.177738,16.960615,16.18326,16.34281,1.201184,2.4442935,7.092869,0.7981039,29.41518,31.078568,39.37713,17.157305,20.64746,21.237518,18.252829,16.121868,16.432215,56.11
4446145.179,658026.1388,97.296165,1.5242795,0.85982984,26.81084,32.01187,35.242565,28.154789,23.055384,31.906424,30.427055,28.27705,29.22168,31.368444,41.631084,37.012535,35.323605,42.285133,45.35192,2.8377647,2.0269063,6.5803127,7.6185193,1382.98,122.48491,0.119628906,0.56027704,0.004394531,0,15,0.6269992,0.42774248,0.3264976,0.22677486,0.6633142,1.1198049,2.1955945,18.591063,16.256182,17.347113,14.96783,17.345467,20.014887,16.491716,17.267296,21.362154,18.236643,18.886255,16.83587,23.32638,23.629366,21.930178,20.243399,20.639082,19.40056,19.787018,19.262331,21.35586,25.478027,22.58896,20.873734,18.564396,17.055277,18.25013,17.874777,17.311129,19.539541,18.414293,18.061716,15.989954,15.405976,16.016846,14.999727,15.736687,16.37269,15.266549,15.64838,15.994805,16.542307,16.599203,15.929184,15.863336,16.639652,15.822509,16.145157,1.1920546,2.4323354,7.099416,0.7981039,29.411356,31.16674,39.321808,17.28775,20.600979,21.215977,18.14422,15.684061,16.198713,56.11
4446145.179,658031.0186,94.971756,1.5107476,0.84587204,26.801477,32.012074,35.36782,28.146978,23.056208,31.991741,30.43336,28.251415,29.167753,31.198145,41.64862,37.003532,35.291264,42.28288,45.47907,2.8135839,2.0245223,6.5801105,7.6016464,1382.93,120.969635,-0.07910156,0.58442664,-0.003295898,0,15,0.6269992,0.42774248,0.3264976,0.22677486,0.6633142,1.1198049,2.1955945,17.64115,14.846857,16.239601,14.392561,16.226156,19.202946,16.40784,16.283445,21.460722,18.339651,19.330791,16.557379,23.326189,23.745184,22.139172,20.313307,21.801424,19.181627,20.283361,19.058496,21.93251,24.17612,22.383722,20.939629,18.02769,17.158009,17.79316,18.100471,17.666183,19.116087,18.198679,17.956165,15.777091,14.987717,15.877196,14.813607,16.756248,16.29872,15.890198,15.712552,15.859027,16.71825,16.581095,16.544092,16.336437,16.482912,16.121532,16.354746,1.1783098,2.419053,7.0908785,0.7981039,29.406776,31.212551,39.326077,16.422443,20.699871,21.25961,18.008612,15.77154,16.37762,56.11
4446145.179,658035.8984,86.96737,1.4893435,0.8261034,26.957129,32.46825,35.585712,28.037739,23.196232,32.028023,30.240515,28.295902,29.121288,30.964964,41.723568,36.962402,35.123325,42.363827,45.61113,2.7811117,1.9923022,6.569134,7.5702395,1382.89,124.87101,0,0.57647145,-0.001098633,0,15,0.6269992,0.42774248,0.3264976,0.22677486,0.6633142,1.1198049,2.1955945,17.64115,14.846857,16.239601,14.392561,16.226156,19.202946,16.40784,16.283445,21.460722,18.339651,19.330791,16.557379,23.326189,23.745184,22.139172,20.313307,21.801424,19.181627,20.283361,19.058496,21.93251,24.17612,22.383722,20.939629,18.02769,17.158009,17.79316,18.100471,17.666183,19.116087,18.198679,17.956165,15.777091,14.987717,15.877196,14.813607,16.756248,16.29872,15.890198,15.712552,15.859027,16.71825,16.581095,16.544092,16.336437,16.482912,16.121532,16.354746,1.1577234,2.3867068,7.069687,0.7981039,29.712688,31.13427,39.342987,16.422443,20.699871,21.25961,18.008612,15.77154,16.37762,56.11
4446145.179,658040.7783,82.711006,1.4635916,0.8111014,27.078918,32.00879,35.349003,27.701382,23.064653,32.23973,30.649967,28.337627,29.151632,30.493061,41.581944,36.902077,35.84209,42.518063,46.14398,2.7875755,1.9974607,6.5747066,7.5712194,1382.85,128.415,-0.040039062,0.53043646,-0.002197266,0,15,0.6269992,0.42774248,0.3264976,0.22677486,0.6633142,1.1198049,2.1955945,16.845503,15.590841,16.351067,15.06866,17.082096,19.156952,16.49872,16.55646,22.182096,17.950457,19.566078,16.409924,22.446953,22.659275,22.998629,20.11254,22.844677,19.06979,17.79483,18.989399,21.747478,24.190441,21.241083,20.514591,17.741287,17.430307,17.02771,17.769575,18.414927,18.601934,18.50005,17.785986,14.569757,15.162555,15.5274,14.81198,15.975606,15.964208,16.455837,15.362862,16.707249,17.129148,15.713454,15.905144,16.054325,16.567474,16.661497,16.298437,1.1373465,2.392518,7.0729628,0.7981039,29.543854,31.444849,39.242012,16.656263,20.601915,20.839674,17.926542,15.495336,16.391186,56.11
4446145.179,658045.6581,82.93259,1.446462,0.7845175,27.056738,32.00976,35.696953,27.258507,23.083992,32.22296,30.655401,28.036392,29.08922,30.078194,41.800804,36.82072,36.001396,42.88328,46.501022,2.7562754,1.992443,6.5739727,7.533433,1382.82,127.89293,0.07910156,0.4896541,0.003295898,0,15,0.6269992,0.42774248,0.3264976,0.22677486,0.6633142,1.1198049,2.1955945,16.519108,15.241608,15.914801,15.025595,16.966127,18.673492,15.934301,16.178339,21.625582,17.63241,19.426672,16.692875,21.781828,21.007826,22.723072,19.631998,21.409678,19.344732,18.912355,20.165659,21.146935,22.215748,20.802654,20.291307,18.568392,17.47427,17.387589,18.150394,17.450045,17.068901,17.9125,17.643566,15.764009,15.502893,15.569987,14.576914,15.5794,15.573631,16.1998,15.443588,15.811233,17.534428,15.371391,16.769396,16.293888,16.621695,16.281893,16.335411,1.1154897,2.3743591,7.053703,0.7981039,29.533249,31.439182,39.31076,16.325005,20.12718,20.571108,17.716013,15.538091,16.383417,56.11
4446145.179,658050.5379,51.655334,1.4259939,0.76063126,27.314857,32.405884,36.11766,26.7039,23.144014,32.205505,30.626303,27.800182,29.070057,29.730122,42.01688,36.58562,36.133747,43.37337,46.823425,2.7246773,1.9766926,6.577728,7.4910336,1382.78,127.25754,-0.119628906,0.4496876,-0.004394531,0,15,0.6558949,0.41726717,0.336664,0.24812698,0.66308403,0.9526443,2.1137757,16.519108,15.241608,15.914801,15.025595,16.966127,18.673492,15.934301,16.178339,21.625582,17.63241,19.426672,16.692875,21.781828,21.007826,22.723072,19.631998,21.409678,19.344732,18.912355,20.165659,21.146935,22.215748,20.802654,20.291307,18.568392,17.47427,17.387589,18.150394,17.450045,17.068901,17.9125,17.643566,15.764009,15.502893,15.569987,14.576914,15.5794,15.573631,16.1998,15.443588,15.811233,17.534428,15.371391,16.769396,16.293888,16.621695,16.281893,16.335411,1.0933126,2.350685,7.034381,0.7696367,29.86037,31.415905,39.30125,16.325005,20.12718,20.571108,17.716013,15.538091,16.383417,56.11
4446145.179,658055.4178,81.42608,1.4079562,0.7720129,27.355852,32.40007,36.059784,27.165054,23.188988,32.912407,30.775675,28.818287,29.961458,31.04364,41.05945,36.594276,35.170856,42.16739,45.397587,2.682721,1.9714775,6.49006,7.496126,1382.76,126.869896,0.16015625,0.43012992,0.006713867,0,15,0.6558949,0.41726717,0.336664,0.24812698,0.66308403,0.9526443,2.1137757,19.027681,15.6233425,15.699252,15.54216,18.39688,19.449919,17.851551,17.156612,21.256662,16.312857,18.787395,15.911364,21.569149,20.779984,22.139484,19.033644,18.987255,14.660813,17.853111,15.796443,20.249714,19.16644,16.122639,17.504215,15.829932,15.437208,16.473454,15.809867,17.301638,17.620754,16.193998,16.394358,15.6234045,15.457936,16.037704,15.462077,15.870401,15.698853,16.456347,15.731783,15.163969,16.693659,15.866643,16.37753,15.506348,16.97299,16.081518,16.026463,1.0899845,2.3270993,6.993093,0.7696367,29.87796,31.84404,38.826862,17.370113,19.5367,17.54806,16.38098,15.80096,16.094666,56.11
4446145.179,658060.2976,72.562935,1.3899279,0.7846761,27.38763,32.39564,36.151215,27.464092,23.23418,33.58557,30.900658,29.660778,30.82691,32.312954,40.1947,36.57985,34.295456,41.177895,44.05691,2.64125,1.9663293,6.4136095,7.4952707,1382.72,125.928276,-0.040527344,0.512829,0,0,15,0.6558949,0.41726717,0.336664,0.24812698,0.66308403,0.9526443,2.1137757,18.707546,15.830211,16.198416,15.474551,18.860031,20.274214,17.48163,17.413935,20.519781,16.47109,18.811367,16.060871,22.013437,21.384842,21.555273,19.151163,17.883305,14.563304,17.147764,15.413991,19.161749,18.930834,16.468859,16.93744,16.806034,15.499089,16.164936,15.636941,16.972576,18.503305,16.291384,16.526646,15.261769,15.3125305,16.013876,15.747273,16.665892,15.416298,15.956102,15.730824,15.769274,16.327139,16.011465,16.854147,17.075304,16.37206,15.961076,16.341017,1.087302,2.3037896,6.95444,0.7696367,29.891636,32.243114,38.387276,17.546658,19.545238,17.081402,16.553465,15.767676,16.338638,56.11
4446140.195,657918.7824,92.219925,1.4566659,1.0431943,26.44361,30.134342,31.088964,27.132637,21.89267,41.41726,34.67581,31.412867,40.810028,51.069817,32.76287,35.111073,36.83768,32.8258,27.322014,2.6956215,2.049429,6.560067,7.722725,1383.77,88.8297,0.000488281,0.70197064,-0.00769043,0,15,0.6046137,0.3862287,0.28195563,0.23422857,0.6708336,0.78631145,1.5193175,19.203463,15.877016,16.147984,14.687841,18.556042,20.277746,18.074108,17.316732,22.965284,18.097464,19.953838,17.029545,24.009691,24.34463,23.289433,20.984592,24.363678,19.119598,20.07208,20.67854,23.462734,24.676474,22.37589,21.787678,21.614504,20.083391,20.372448,20.076574,20.472378,20.869856,20.4883,20.518335,15.259051,14.456307,14.870881,13.808478,16.039814,15.656209,15.381953,14.967801,17.747147,16.929186,17.818758,17.03452,18.012173,17.818037,17.321177,17.537254,1.2499301,2.3725252,7.141396,0.64049846,28.288975,38.046535,33.936974,17.546314,21.384268,22.106998,20.568207,15.067528,17.525856,56.11
4446140.195,657923.6623,109.39317,1.4730028,0.9710366,26.539194,30.393778,31.191122,28.264502,22.24867,41.370895,34.004284,30.967323,39.132835,49.11625,32.92244,35.60274,36.94283,33.235336,28.097,2.733155,2.0637224,6.5271697,7.6365266,1383.71,91.33373,-0.16064453,0.61597484,-0.0078125,0,15,0.6046137,0.3862287,0.28195563,0.23422857,0.6708336,0.78631145,1.5193175,18.33689,16.066591,16.295002,16.140362,18.849226,20.667715,17.985088,17.5704,22.980585,17.841574,20.727875,17.035702,23.451618,23.625998,22.052355,20.807001,23.89717,18.648655,21.345398,20.393538,22.122265,24.645687,22.822937,21.732727,21.25276,19.525417,20.782234,20.558004,20.133717,20.849363,19.755863,20.501024,15.264772,14.300881,15.103979,13.560934,15.863002,15.759399,15.763092,15.040803,17.471006,17.391281,17.14284,17.07988,17.494608,17.721987,17.437124,17.408884,1.2220197,2.3984387,7.081848,0.64049846,28.466486,37.68759,34.26259,17.762983,21.102245,21.982237,20.408194,15.088008,17.391247,56.11
4446140.195,657928.5421,61.548504,1.4883158,0.90196896,26.517914,30.39454,31.090303,29.546574,22.704657,41.445934,33.7959,30.631035,37.43902,47.212105,33.00723,36.01259,37.254726,33.461166,28.742249,2.773436,2.0651338,6.493932,7.5391426,1383.66,100.79655,-0.03955078,0.61230963,-0.005493164,0,15,0.6046137,0.3862287,0.28195563,0.23422857,0.6708336,0.78631145,1.5193175,17.866903,17.071741,16.961628,16.202791,18.2468,20.224209,18.72751,17.658556,22.799631,18.214424,19.591202,16.901373,23.270496,24.208212,23.694614,20.678173,24.220633,18.918152,21.121132,20.96333,22.489542,24.285177,24.225412,21.82081,21.131697,19.656036,20.777006,21.056864,20.253971,22.20605,21.234226,20.851461,15.075967,14.630601,15.045763,15.497899,16.156118,16.274355,16.568478,15.559129,17.862278,17.395178,17.204216,18.15712,17.271555,17.999884,18.268568,17.677263,1.1951424,2.4192848,7.016537,0.64049846,28.456226,37.62092,34.50991,17.900227,21.239994,22.317627,20.902266,15.607025,17.73697,56.11
4446140.195,657933.4219,76.134346,1.5105842,0.88288367,26.674881,30.071726,33.070457,28.914711,22.632442,40.071247,34.067654,30.389635,36.67555,46.315914,34.043488,35.623394,36.236633,34.691032,30.014471,2.7416189,2.0828636,6.453417,7.564166,1383.61,108.43495,-0.040527344,0.5888532,-0.004516602,0,15,0.61103195,0.42520988,0.32373238,0.2338426,0.66198546,1.033416,2.1736925,17.866903,17.071741,16.961628,16.202791,18.2468,20.224209,18.72751,17.658556,22.799631,18.214424,19.591202,16.901373,23.270496,24.208212,23.694614,20.678173,24.220633,18.918152,21.121132,20.96333,22.489542,24.285177,24.225412,21.82081,21.131697,19.656036,20.777006,21.056864,20.253971,22.20605,21.234226,20.851461,15.075967,14.630601,15.045763,15.497899,16.156118,16.274355,16.568478,15.559129,17.862278,17.395178,17.204216,18.15712,17.271555,17.999884,18.268568,17.677263,1.196734,2.4122412,7.0087914,0.78041583,28.373302,37.06945,34.833443,17.900227,21.239994,22.317627,20.902266,15.607025,17.73697,56.11
4446140.195,657938.3018,62.246754,1.5159496,0.862737,26.763372,30.138926,34.638664,28.817163,22.705996,39.104588,34.11685,29.951483,35.642776,45.40026,34.77103,35.386692,35.56097,35.7118,30.974045,2.714922,2.0738845,6.4145393,7.5546045,1383.56,113.19376,-0.119140625,0.54517514,-0.008789063,0,15,0.61103195,0.42520988,0.32373238,0.2338426,0.66198546,1.033416,2.1736925,18.035044,16.534693,16.813316,14.786042,18.285936,20.045,18.825855,17.334345,22.969767,18.193111,20.095192,17.346306,23.032804,25.180347,24.597702,21.051762,25.141336,20.346035,21.353231,19.499258,23.78075,26.005733,24.32014,22.458101,21.416637,21.078943,20.740126,21.618345,20.406725,23.176023,23.190735,21.363089,15.352361,15.433622,15.960602,15.042325,16.41359,16.963583,16.213434,15.9504,18.576862,17.868526,17.95703,17.505299,17.205463,18.214437,18.254515,17.881447,1.1893433,2.3944032,6.984572,0.78041583,28.451149,36.610718,35.07886,17.617983,21.630749,22.920929,21.661076,15.91136,17.940304,56.11
4446140.195,657943.1816,71.952286,1.5282861,0.84525245,26.780392,30.14765,36.077457,28.882256,22.76104,38.038754,33.907673,29.4327,34.578262,44.373898,35.650093,35.417835,35.065784,36.568974,31.991873,2.7022614,2.0744708,6.375315,7.5324807,1383.52,114.43438,-0.080078125,0.519492,-0.005493164,0,15,0.61103195,0.42520988,0.32373238,0.2338426,0.66198546,1.033416,2.1736925,17.969854,15.810176,16.627789,14.998935,17.975468,20.119577,19.56786,17.214397,22.848621,18.021029,20.604996,17.311869,23.694622,25.816267,25.259232,21.313246,23.301252,19.884533,21.249256,19.259634,23.184479,27.759993,22.565775,21.996857,21.525743,20.36551,21.692835,21.74068,20.496794,23.876392,21.291147,21.253553,15.237866,15.819694,16.199203,15.185981,16.661114,17.869394,18.074245,16.180328,17.803724,17.743551,17.886713,16.672657,17.349386,18.221777,18.487925,17.698528,1.1867692,2.3883662,6.953898,0.78041583,28.46402,35.973213,35.533966,17.581379,21.936663,22.457846,21.569872,16.435358,17.737963,56.11
4446140.195,657948.0614,84.00652,1.5375197,0.8326541,26.615469,30.737457,37.49463,29.026884,22.819313,37.01773,33.756916,28.894388,33.538746,43.295887,36.528324,35.21461,34.35089,37.250347,32.99514,2.6944294,2.089966,6.335818,7.4994335,1383.48,115.00669,-0.080078125,0.47442684,-0.006713867,0,15,0.61103195,0.42520988,0.32373238,0.2338426,0.66198546,1.033416,2.1736925,17.969854,15.810176,16.627789,14.998935,17.975468,20.119577,19.56786,17.214397,22.848621,18.021029,20.604996,17.311869,23.694622,25.816267,25.259232,21.313246,23.301252,19.884533,21.249256,19.259634,23.184479,27.759993,22.565775,21.996857,21.525743,20.36551,21.692835,21.74068,20.496794,23.876392,21.291147,21.253553,15.237866,15.819694,16.199203,15.185981,16.661114,17.869394,18.074245,16.180328,17.803724,17.743551,17.886713,16.672657,17.349386,18.221777,18.487925,17.698528,1.185087,2.3921976,6.9176254,0.78041583,28.676464,35.38732,35.871468,17.581379,21.936663,22.457846,21.569872,16.435358,17.737963,56.11
4446140.195,657952.9413,92.30105,1.547238,0.8209169,26.63416,30.745527,38.617195,29.1985,22.888283,35.965717,33.483063,28.350632,32.520847,42.136322,37.439674,35.398136,34.088028,37.99824,34.100883,2.697331,2.0906641,6.306028,7.476799,1383.45,116.56505,0.0390625,0.4480572,0.001098633,0,15,0.61103195,0.42520988,0.32373238,0.2338426,0.66198546,1.033416,2.1736925,18.128923,15.138861,16.489763,14.542674,18.46989,20.521715,19.177652,17.196735,22.505787,17.845325,20.527712,17.127623,23.897121,25.234186,25.754711,21.194687,21.95003,20.75035,21.9062,19.26391,23.720009,25.467443,23.435324,21.990309,20.394897,20.05227,22.188145,20.743391,21.440895,21.025768,23.183966,20.999033,14.770631,14.935227,16.535828,15.617953,16.49374,17.046398,17.919437,15.955724,17.122196,17.701307,18.299086,16.686378,18.081766,18.19157,18.607212,17.764442,1.1840775,2.3939977,6.8914137,0.78041583,28.689842,34.72439,36.418907,17.49564,21.84178,22.35618,21.289904,16.18846,17.812788,56.11
4446140.195,657957.8211,89.473724,1.5560383,0.8134891,26.646826,30.751715,39.359913,29.32751,22.924229,35.00962,33.211613,27.860582,31.686325,40.79958,38.33698,35.674442,34.022743,38.627945,35.41961,2.7169654,2.0920088,6.2875586,7.4645977,1383.41,114.152466,-0.03955078,0.45510688,-0.004394531,0,15,0.61103195,0.42520988,0.32373238,0.2338426,0.66198546,1.033416,2.1736925,18.84617,15.089284,16.86831,14.918459,18.013903,20.403446,18.278181,17.265522,22.784256,18.009373,20.522383,17.276098,23.74685,23.909836,24.976744,21.033909,23.078114,20.53163,20.345215,20.143589,24.627151,23.304398,24.296997,21.889492,21.345322,19.288467,21.110163,20.133244,21.17076,21.03033,23.343248,20.802345,15.071284,13.954797,16.55153,14.086183,15.920302,17.478529,17.4577,15.584023,17.154896,17.025911,17.961662,16.653025,16.72511,18.144144,18.495762,17.331251,1.1847637,2.4044871,6.876078,0.78041583,28.69927,34.11062,37.00571,17.48825,21.60365,22.332441,21.06022,15.788619,17.451502,56.11
4446140.195,657962.7009,90.688576,1.5637592,0.80885416,26.654755,30.756224,39.69913,29.371792,22.910816,34.18372,32.953228,27.419697,31.027987,39.25722,39.172024,36.013462,34.179173,39.176163,37.01763,2.7519248,2.0939412,6.2793007,7.4647484,1383.37,116.56505,-0.20019531,0.38472134,-0.012207031,0,15,0.6157703,0.43516126,0.33709916,0.22385566,0.691057,1.1573812,2.1898558,18.84617,15.089284,16.86831,14.918459,18.013903,20.403446,18.278181,17.265522,22.784256,18.009373,20.522383,17.276098,23.74685,23.909836,24.976744,21.033909,23.078114,20.53163,20.345215,20.143589,24.627151,23.304398,24.296997,21.889492,21.345322,19.288467,21.110163,20.133244,21.17076,21.03033,23.343248,20.802345,15.071284,13.954797,16.55153,14.086183,15.920302,17.478529,17.4577,15.584023,17.154896,17.025911,17.961662,16.653025,16.72511,18.144144,18.495762,17.331251,1.1863067,2.422933,6.8720245,0.80716866,28.70549,33.568474,37.592743,17.48825,21.60365,22.332441,21.06022,15.788619,17.451502,56.11
4446140.195,657967.5808,75.033424,1.5790744,0.80495524,26.527914,31.27653,39.86518,29.421066,23.355633,33.354794,32.242046,26.813839,30.151276,37.378365,40.063084,36.44195,34.510887,40.197495,39.100338,2.8005753,2.087965,6.2748566,7.450715,1383.35,124.98498,-0.040039062,0.3497857,-0.003295898,0,15,0.6157703,0.43516126,0.33709916,0.22385566,0.691057,1.1573812,2.1898558,19.091112,16.361725,16.62398,15.779097,18.409086,20.763166,18.60943,17.718515,23.166306,17.951471,20.050884,17.27051,23.189217,23.839342,24.65771,20.842161,22.506023,19.99159,21.276377,21.69367,23.089746,25.817842,23.321377,22.146748,20.351498,20.41077,20.99105,21.292166,22.093094,21.642828,22.646402,21.192348,15.774257,14.153356,15.785791,15.319793,16.677673,16.968868,17.087076,15.824186,16.615765,17.392614,17.693354,17.867216,17.251957,18.06133,18.454334,17.537273,1.1920148,2.4442701,6.862786,0.80716866,28.902222,32.79842,38.252518,17.948229,21.446491,22.52809,21.34683,15.966687,17.61951,56.11
4446140.195,657972.4606,74.820175,1.5802747,0.7999871,26.532343,31.278923,39.83161,29.31994,23.247343,32.670795,32.016376,26.367912,29.610685,35.60657,40.79944,36.77861,34.948868,40.740868,41.037704,2.8392901,2.0890703,6.2720704,7.4627466,1383.33,126.855896,0.119140625,0.4293956,0.005493164,0,15,0.6157703,0.43516126,0.33709916,0.22385566,0.691057,1.1573812,2.1898558,18.78024,16.369053,17.123117,15.282228,18.46299,20.724855,18.781046,17.696812,23.093826,17.945229,20.297037,17.166525,24.004105,24.031775,23.920195,20.927317,22.4992,19.808298,21.499922,21.106676,21.957504,23.741796,23.580034,21.535015,21.680231,20.40888,19.837276,21.03414,21.869217,20.308807,21.412596,20.79199,16.087343,14.578252,15.245137,14.24103,16.264444,16.33013,17.691364,15.530381,16.856674,17.313835,17.947031,17.516706,17.046774,17.963243,19.09021,17.558016,1.190131,2.4641802,6.8674088,0.80716866,28.905632,32.343586,38.789024,17.931932,21.494099,22.027632,20.935879,15.776814,17.676353,56.11
4446140.195,657977.3404,87.42044,1.5808735,0.79446626,26.533485,31.281433,39.720146,29.15509,23.123116,32.02269,31.78827,25.887077,29.085054,33.765022,41.538048,37.117638,35.4619,41.332935,43.092125,2.8756127,2.0900733,6.2681684,7.4768105,1383.29,125.52349,-0.07910156,0.4926144,-0.002197266,0,15,0.6157703,0.43516126,0.33709916,0.22385566,0.691057,1.1573812,2.1898558,18.78024,16.369053,17.123117,15.282228,18.46299,20.724855,18.781046,17.696812,22.528194,17.348066,19.88204,16.790054,22.926767,23.010466,23.15536,20.256598,22.395355,19.444132,21.34394,20.595045,21.48925,23.407042,23.145172,21.213295,20.489386,19.04465,18.94057,19.796339,20.276194,18.88052,20.228476,19.512156,15.478365,14.60547,15.144851,14.270055,15.847872,15.748278,17.306242,15.272618,15.564873,16.074045,16.477512,16.213348,15.389486,16.943369,17.079287,16.152199,1.1876699,2.482843,6.8724895,0.80716866,28.90746,31.90548,39.327843,17.931932,20.80585,21.688562,19.665161,15.485876,16.248846,56.11
4446140.195,657982.2203,92.54717,1.5808259,0.7887731,26.528854,31.283865,39.52101,28.90149,22.977537,31.415876,31.555927,25.35845,28.597364,31.88306,42.297756,37.47224,36.066948,41.984516,45.254147,2.9074512,2.0909338,6.2618017,7.493215,1383.26,123.2259,0.080078125,0.49683976,0.003295898,0,15,0.6157703,0.43516126,0.33709916,0.22385566,0.691057,1.1573812,2.1898558,19.048254,15.68675,17.313381,16.068453,17.894829,20.400183,18.421915,17.618792,21.96263,17.391157,19.818365,16.64845,22.97907,23.3384,23.478258,20.258478,20.842749,19.180012,20.836355,20.866957,24.165012,24.61235,24.057364,21.705067,19.616302,19.596716,19.376179,19.277145,19.83466,18.564297,19.460161,19.401571,15.499397,15.5050955,16.107903,15.030028,15.961202,15.945299,17.347069,15.764296,15.489058,15.912605,16.134062,15.990591,15.926713,16.874193,17.284924,16.109838,1.1847996,2.4991925,6.877508,0.80716866,28.90636,31.4859,39.885,17.833395,20.802334,22.080112,19.389353,15.913713,16.230305,56.11
4446140.195,657987.1001,75.82713,1.5808259,0.7887731,26.528854,31.283865,39.52101,28.90149,22.977537,31.415876,31.555927,25.35845,28.597364,31.88306,42.297756,37.47224,36.066948,41.984516,45.254147,2.9074512,2.0909338,6.2618017,7.493215,1383.26,123.2259,0.080078125,0.49683976,0.003295898,0,15,0.6157703,0.43516126,0.33709916,0.22385566,0.691057,1.1573812,2.1898558,19.048254,15.68675,17.313381,16.068453,17.894829,20.400183,18.421915,17.618792,21.96263,17.391157,19.818365,16.64845,22.97907,23.3384,23.478258,20.258478,20.842749,19.180012,20.836355,20.866957,24.165012,24.61235,24.057364,21.705067,19.616302,19.596716,19.376179,19.277145,19.83466,18.564297,19.460161,19.401571,15.499397,15.5050955,16.107903,15.030028,15.961202,15.945299,17.347069,15.764296,15.489058,15.912605,16.134062,15.990591,15.926713,16.874193,17.284924,16.109838,1.1847996,2.4991925,6.877508,0.80716866,28.90636,31.4859,39.885,17.833395,20.802334,22.080112,19.389353,15.913713,16.230305,56.11
4446140.195,657991.9799,91.02651,1.5819448,0.7926475,26.517359,31.54435,39.227707,28.721695,22.790247,30.917614,30.723024,24.777424,28.2271,30.48246,42.900616,38.01043,36.675354,42.557076,46.870308,2.9312098,2.081719,6.2729363,7.5114665,1383.22,122.72892,-0.040039062,0.47700888,-0.001098633,0,15,0.6210119,0.43540525,0.3280089,0.22325802,0.6853587,1.1415038,2.1881127,18.300127,15.903673,16.802992,15.896691,15.25112,19.412123,17.578344,16.790201,22.001558,17.497583,19.90936,16.459044,22.57005,23.218052,23.583813,20.22654,22.291168,19.526651,20.813446,18.498842,23.249977,22.671392,22.509012,21.14007,19.173794,16.869297,18.585583,18.329037,18.14214,17.453936,19.310913,18.135061,14.897935,14.981212,15.889802,14.922203,15.480883,16.328176,17.320868,15.497089,15.553428,15.927043,16.155258,15.81975,15.618185,16.538408,16.696148,15.916002,1.1872962,2.5064645,6.8922014,0.8032371,29.030853,30.82032,40.45552,17.020725,20.748493,21.365784,18.266386,15.688726,16.044031,56.11
4446140.195,657996.8598,88.21771,1.5776896,0.81636995,26.58866,31.61049,38.79243,28.944784,22.8702,30.937084,30.530336,25.169952,28.136889,30.479776,42.69077,37.968296,36.449417,42.477314,46.71505,2.9361403,2.0672157,6.3460536,7.536377,1383.19,122.74533,0.07910156,0.47647312,0.004394531,0,15,0.6210119,0.43540525,0.3280089,0.22325802,0.6853587,1.1415038,2.1881127,18.300127,15.903673,16.802992,15.896691,15.25112,19.412123,17.578344,16.790201,22.001558,17.497583,19.90936,16.459044,22.57005,23.218052,23.583813,20.22654,22.291168,19.526651,20.813446,18.498842,23.249977,22.671392,22.509012,21.14007,19.173794,16.869297,18.585583,18.329037,18.14214,17.453936,19.310913,18.135061,14.897935,14.981212,15.889802,14.922203,15.480883,16.328176,17.320868,15.497089,15.553428,15.927043,16.155258,15.81975,15.618185,16.538408,16.696148,15.916002,1.1970298,2.501678,6.9412155,0.8032371,29.099575,30.733711,40.329533,17.020725,20.748493,21.365784,18.266386,15.688726,16.044031,56.11
4446140.195,658001.7396,96.67464,1.5724125,0.841978,26.603477,31.613403,38.184666,29.139801,22.92248,31.09857,30.587502,25.796846,28.152903,30.723682,42.37136,37.761658,36.241875,42.339813,46.334866,2.934323,2.0669394,6.428475,7.567531,1383.15,118.750984,0.000488281,0.5063653,0.001098633,0,15,0.6210119,0.43540525,0.3280089,0.22325802,0.6853587,1.1415038,2.1881127,18.51755,15.926626,16.522953,15.307673,16.277737,19.49385,17.766571,16.92757,21.647047,18.197016,19.760983,16.901386,22.896935,23.08725,23.802256,20.357225,22.037539,22.243073,20.461565,18.62173,23.356693,23.834517,21.855734,21.545792,18.835688,17.144337,17.909328,17.533846,18.413788,18.336454,18.289263,17.945578,15.046811,15.086374,16.025448,15.98187,15.300615,16.46812,16.83859,15.70144,16.155033,16.638988,16.012762,16.041775,15.71997,17.783066,16.142218,16.312862,1.2071953,2.5006313,6.998003,0.8032371,29.10844,30.843037,40.06651,17.116137,20.898983,21.772978,18.066101,15.821119,16.356258,56.11
4446140.195,658006.6194,100.88908,1.5664754,0.86697966,26.610725,31.615797,37.466278,29.254406,22.950653,31.331152,30.650595,26.390806,28.21073,30.944649,42.064415,37.576042,36.133488,42.246677,46.05871,2.9268153,2.0664802,6.5102224,7.602771,1383.11,116.55631,0,0.51272124,0,0,15,0.6210119,0.43540525,0.3280089,0.22325802,0.6853587,1.1415038,2.1881127,18.51755,15.926626,16.522953,15.307673,16.277737,19.49385,17.766571,16.92757,21.647047,18.197016,19.760983,16.901386,22.896935,23.08725,23.802256,20.357225,22.037539,22.243073,20.461565,18.62173,23.356693,23.834517,21.855734,21.545792,18.835688,17.144337,17.909328,17.533846,18.413788,18.336454,18.289263,17.945578,15.046811,15.086374,16.025448,15.98187,15.300615,16.46812,16.83859,15.70144,16.155033,16.638988,16.012762,16.041775,15.71997,17.783066,16.142218,16.312862,1.2167275,2.4966478,7.0564966,0.8032371,29.113262,30.990873,39.82023,17.116137,20.898983,21.772978,18.066101,15.821119,16.356258,56.11
4446140.195,658011.4993,86.89638,1.5591929,0.89032996,26.599878,31.744326,36.804153,29.332977,23.060215,31.662264,30.36351,27.06299,28.312756,31.152092,41.74131,37.60535,35.711563,42.106285,45.814663,2.9049304,2.0544705,6.587967,7.632269,1383.07,118.74316,-0.000976563,0.50612795,-0.001220703,0,15,0.6210119,0.43540525,0.3280089,0.22325802,0.6853587,1.1415038,2.1881127,18.531208,16.187813,17.173552,15.5089445,16.276812,19.692982,16.277935,17.06501,21.758121,17.200508,19.695406,16.73838,22.740686,24.197956,22.720982,20.281616,22.539072,20.48281,20.561716,18.83502,23.271204,24.714922,21.607565,21.534515,18.435358,16.925694,18.430515,17.761732,18.55664,20.124561,18.661802,18.303913,14.912704,14.528574,16.67399,16.08746,15.566501,16.928802,16.955236,15.823292,16.331348,15.758843,15.996359,16.262182,15.452416,17.210651,16.893599,16.134405,1.2247615,2.4797006,7.110118,0.8032371,29.172102,31.012886,39.673332,17.092749,20.72172,21.716043,18.413757,15.950467,16.2722,56.11
4446140.195,658016.3791,102.12221,1.5370673,0.91084903,26.830345,32.00738,36.194916,29.389357,22.965158,31.930815,30.276466,27.572674,28.386366,31.296627,41.4757,37.44066,35.359398,42.005146,45.692604,2.8723416,2.0308335,6.6617546,7.6653147,1383.03,119.94309,-0.03955078,0.5454139,0,0,15,0.6210119,0.43540525,0.3280089,0.22325802,0.6853587,1.1415038,2.1881127,18.368711,16.01345,17.197632,15.271311,16.483332,20.269232,16.497469,17.100443,21.872263,17.613224,19.21144,16.521011,23.333141,23.891882,22.08925,20.267504,22.48747,19.37766,19.048191,18.279102,22.76257,24.384426,22.323202,20.977098,19.212536,17.39554,17.524088,17.609259,17.849205,19.877066,18.302103,18.16921,15.30485,16.025629,16.996082,15.573637,16.498781,16.972372,15.481719,16.127836,16.513834,16.571194,16.161,16.457851,16.177738,16.960615,16.18326,16.34281,1.2239581,2.4515877,7.1635346,0.8032371,29.418863,31.103642,39.45818,17.157305,20.64746,21.237518,18.252829,16.121868,16.432215,56.11
4446140.195,658021.2589,101.70841,1.5245454,0.9185101,26.82266,32.00746,35.63544,29.419233,22.971375,32.212536,30.358616,27.985323,28.459782,31.3842,41.26046,37.314625,35.334698,41.918625,45.607006,2.8511417,2.028987,6.7090707,7.6848927,1382.99,122.46571,0.040039062,0.560572,0,0,15,0.6269992,0.42774248,0.3264976,0.22677486,0.6633142,1.1198049,2.1955945,18.368711,16.01345,17.197632,15.271311,16.483332,20.269232,16.497469,17.100443,21.872263,17.613224,19.21144,16.521011,23.333141,23.891882,22.08925,20.267504,22.48747,19.37766,19.048191,18.279102,22.76257,24.384426,22.323202,20.977098,19.212536,17.39554,17.524088,17.609259,17.849205,19.877066,18.302103,18.16921,15.30485,16.025629,16.996082,15.573637,16.498781,16.972372,15.481719,16.127836,16.513834,16.571194,16.161,16.457851,16.177738,16.960615,16.18326,16.34281,1.2215278,2.4400644,7.1969814,0.7981039,29.415062,31.285576,39.287544,17.157305,20.64746,21.237518,18.252829,16.121868,16.432215,56.11
4446140.195,658026.1388,98.00959,1.5115062,0.90592694,26.815828,32.007927,35.40012,29.31051,22.985058,32.290134,30.40284,28.19219,28.56705,31.341772,41.247387,37.230083,35.300083,41.893414,45.592125,2.8296533,2.0268652,6.701793,7.6745825,1382.95,124.12545,-0.000976563,0.53606856,0.001098633,0,15,0.6269992,0.42774248,0.3264976,0.22677486,0.6633142,1.1198049,2.1955945,17.908527,15.902743,16.642437,14.682654,16.65468,19.49994,15.9746275,16.74193,21.458939,18.31288,18.932383,16.856417,23.429043,23.708578,22.02696,20.31241,20.59613,19.357605,19.743567,19.223373,21.278393,25.430225,22.293924,20.82563,18.551111,17.051043,18.23902,17.874777,17.163387,19.374926,18.097761,18.007547,15.740554,15.238187,15.713344,14.808523,15.531998,16.218967,15.067727,15.438013,15.994805,16.542307,16.599203,15.929184,15.863336,16.639652,15.822509,16.145157,1.2087166,2.4282594,7.1881876,0.7981039,29.411877,31.346487,39.238735,16.75223,20.675028,21.131887,18.05029,15.474185,16.198713,56.11
4446140.195,658031.0186,103.41845,1.4928745,0.8800386,26.978441,32.465134,35.39787,29.116398,23.13381,32.236794,30.237404,28.387241,28.683197,31.201551,41.35789,37.130962,35.112915,41.928017,45.60384,2.8006365,1.9941946,6.6603265,7.639915,1382.91,118.50534,0.040527344,0.5704394,0.002197266,0,15,0.6269992,0.42774248,0.3264976,0.22677486,0.6633142,1.1198049,2.1955945,17.64115,14.846857,16.239601,14.392561,16.226156,19.202946,16.40784,16.283445,21.460722,18.339651,19.330791,16.557379,23.326189,23.745184,22.139172,20.313307,21.801424,19.181627,20.283361,19.058496,21.93251,24.17612,22.383722,20.939629,18.02769,17.158009,17.79316,18.100471,17.666183,19.116087,18.198679,17.956165,15.777091,14.987717,15.877196,14.813607,16.756248,16.29872,15.890198,15.712552,15.859027,16.71825,16.581095,16.544092,16.336437,16.482912,16.121532,16.354746,1.1864566,2.3974156,7.1501207,0.7981039,29.721786,31.237099,39.244427,16.422443,20.699871,21.25961,18.008612,15.77154,16.37762,56.11
4446140.195,658035.8984,93.44187,1.4763082,0.8497777,26.967213,32.46515,35.481136,28.890068,23.1586,32.17406,30.239288,28.389524,28.78607,31.039547,41.510925,37.105473,35.079014,41.974987,45.6574,2.7757258,1.9915837,6.613516,7.6031327,1382.86,118.48859,-0.080078125,0.5707467,-0.005615234,0,15,0.6269992,0.42774248,0.3264976,0.22677486,0.6633142,1.1198049,2.1955945,17.64115,14.846857,16.239601,14.392561,16.226156,19.202946,16.40784,16.283445,21.460722,18.339651,19.330791,16.557379,23.326189,23.745184,22.139172,20.313307,21.801424,19.181627,20.283361,19.058496,21.93251,24.17612,22.383722,20.939629,18.02769,17.158009,17.79316,18.100471,17.666183,19.116087,18.198679,17.956165,15.777091,14.987717,15.877196,14.813607,16.756248,16.29872,15.890198,15.712552,15.859027,16.71825,16.581095,16.544092,16.336437,16.482912,16.121532,16.354746,1.163043,2.3836548,7.108324,0.7981039,29.71618,31.206675,39.308197,16.422443,20.699871,21.25961,18.008612,15.77154,16.37762,56.11
4446140.195,658040.7783,95.894745,1.4506413,0.8224648,27.089403,32.006065,35.229137,28.57857,23.044777,32.308434,30.65504,28.538527,28.936995,30.827452,41.427418,37.029896,35.661842,42.01882,45.89222,2.7749505,1.9957151,6.5839944,7.5925364,1382.82,125.89662,-0.08105469,0.5126239,-0.005615234,0,15,0.6269992,0.42774248,0.3264976,0.22677486,0.6633142,1.1198049,2.1955945,16.845503,15.590841,16.351067,15.06866,17.082096,19.156952,16.49872,16.55646,22.182096,17.950457,19.566078,16.409924,22.446953,22.659275,22.998629,20.11254,22.844677,19.06979,17.79483,18.989399,21.747478,24.190441,21.241083,20.514591,17.741287,17.430307,17.02771,17.769575,18.414927,18.601934,18.50005,17.785986,14.569757,15.162555,15.5274,14.81198,15.975606,15.964208,16.455837,15.362862,16.707249,17.129148,15.713454,15.905144,16.054325,16.567474,16.661497,16.298437,1.136553,2.3853328,7.0882654,0.7981039,29.547733,31.481737,39.228657,16.656263,20.601915,20.839674,17.926542,15.495336,16.391186,56.11
4446140.195,658045.6581,93.4705,1.4333098,0.795168,27.076576,32.00539,35.404903,28.2898,23.072874,32.355396,30.696503,28.509287,29.083078,30.747866,41.496925,36.960476,35.64082,42.076954,45.89247,2.7419868,1.990533,6.5501695,7.5574217,1382.79,130.22913,0.000976563,0.48758137,0,0,15,0.6269992,0.42774248,0.3264976,0.22677486,0.6633142,1.1198049,2.1955945,16.519108,15.241608,15.914801,15.025595,16.966127,18.673492,15.934301,16.178339,21.625582,17.63241,19.426672,16.692875,21.781828,21.007826,22.723072,19.631998,21.409678,19.344732,18.912355,20.165659,21.146935,22.215748,20.802654,20.291307,18.568392,17.47427,17.387589,18.150394,17.450045,17.068901,17.9125,17.643566,15.764009,15.502893,15.569987,14.576914,15.5794,15.573631,16.1998,15.443588,15.811233,17.534428,15.371391,16.769396,16.293888,16.621695,16.281893,16.335411,1.1142389,2.3662598,7.053796,0.7981039,29.540983,31.52595,39.2287,16.325005,20.12718,20.571108,17.716013,15.538091,16.383417,56.11
4446140.195,658050.5379,71.009254,1.4120605,0.7762698,27.358547,32.398895,35.58359,28.071314,23.14776,32.545906,30.734259,28.811707,29.41781,30.986954,41.33241,36.749184,35.367615,41.94637,45.577614,2.706689,1.9741722,6.5101166,7.5270686,1382.76,132.61284,0.040039062,0.48680907,0.002197266,0,15,0.6558949,0.41726717,0.336664,0.24812698,0.66308403,0.9526443,2.1137757,17.445135,15.580503,16.07367,15.477308,18.326462,19.780214,16.994473,16.877306,21.116194,16.489803,18.875706,16.001492,21.150585,20.467916,22.202883,18.959398,17.534437,14.754573,15.500101,16.849281,19.08006,18.031744,16.449686,16.732758,17.288755,15.538112,15.730816,16.179379,16.2188,16.244604,16.667147,16.169912,16.041744,15.919497,15.813005,14.993515,15.822417,15.990234,16.338667,15.753823,15.811233,17.534428,15.371391,16.769396,16.293888,16.621695,16.281893,16.335411,1.0941651,2.3404305,7.018593,0.7696367,29.878721,31.640083,39.040794,17.096823,19.472082,16.885696,16.266802,15.845583,16.383417,56.11
4446140.195,658055.4178,79.45606,1.3941774,0.77152663,27.37623,32.396416,35.747105,28.086807,23.182852,32.976295,30.813103,29.303482,30.070625,31.811672,40.82378,36.71925,34.816833,41.363163,44.694744,2.6677277,1.9691652,6.4489975,7.5104322,1382.73,135,0.040039062,0.52693725,0.005493164,0,15,0.6558949,0.41726717,0.336664,0.24812698,0.66308403,0.9526443,2.1137757,19.027681,15.6233425,15.699252,15.54216,18.39688,19.449919,17.851551,17.156612,21.256662,16.312857,18.787395,15.911364,21.569149,20.779984,22.139484,19.033644,18.987255,14.660813,17.853111,15.796443,20.249714,19.16644,16.122639,17.504215,15.829932,15.437208,16.473454,15.809867,17.301638,17.620754,16.193998,16.394358,15.6234045,15.457936,16.037704,15.462077,15.870401,15.698853,16.456347,15.731783,15.163969,16.693659,15.866643,16.37753,15.506348,16.97299,16.081518,16.026463,1.082852,2.3184464,6.979715,0.7696367,29.886322,31.8947,38.771515,17.370113,19.5367,17.54806,16.38098,15.80096,16.094666,56.11
4446140.195,658060.2976,59.38757,1.3761849,0.7741011,27.399483,32.393513,35.975143,28.142649,23.22343,33.534687,30.904034,29.927635,30.89511,32.911182,40.141697,36.68992,34.0892,40.6182,43.54461,2.6268697,1.9640877,6.3823166,7.4980683,1382.7,131.2045,0.19921875,0.6088778,0.012207031,0,15,0.6558949,0.41726717,0.336664,0.24812698,0.66308403,0.9526443,2.1137757,18.707546,15.830211,16.198416,15.474551,18.860031,20.274214,17.48163,17.413935,20.519781,16.47109,18.811367,16.060871,22.013437,21.384842,21.555273,19.151163,17.883305,14.563304,17.147764,15.413991,19.161749,18.930834,16.468859,16.93744,16.806034,15.499089,16.164936,15.636941,16.972576,18.503305,16.291384,16.526646,15.261769,15.3125305,16.013876,15.747273,16.665892,15.416298,15.956102,15.730824,15.769274,16.327139,16.011465,16.854147,17.075304,16.37206,15.961076,16.341017,1.075143,2.2954788,6.940192,0.7696367,29.896498,32.21936,38.41581,17.546658,19.545238,17.081402,16.553465,15.767676,16.338638,56.11
4446135.211,657918.7824,96.87076,1.4417249,1.0418073,26.446959,30.130339,30.971899,26.733543,21.899284,41.53573,34.844254,31.676899,41.05501,50.703518,32.622017,34.961933,36.704334,32.94721,27.628027,2.690515,2.0501673,6.5858445,7.751346,1383.77,84.39533,-0.19970703,0.73400414,-0.008911133,0,15,0.6046137,0.3862287,0.28195563,0.23422857,0.6708336,0.78631145,1.5193175,19.203463,15.877016,16.147984,14.687841,18.556042,20.277746,18.074108,17.316732,22.965284,18.097464,19.953838,17.029545,24.009691,24.34463,23.289433,20.984592,24.363678,19.119598,20.07208,20.67854,23.462734,24.676474,22.37589,21.787678,21.614504,20.083391,20.372448,20.076574,20.472378,20.869856,20.4883,20.518335,15.259051,14.456307,14.870881,13.808478,16.039814,15.656209,15.381953,14.967801,17.747147,16.929186,17.818758,17.03452,18.012173,17.818037,17.321177,17.537254,1.2417661,2.3703413,7.1685953,0.64049846,28.288649,38.18999,33.791977,17.546314,21.384268,22.106998,20.568207,15.067528,17.525856,56.11
4446135.211,657923.6623,107.03866,1.4566038,0.9732838,26.436653,30.13228,31.336668,27.64229,22.224813,41.41675,34.712963,31.369501,39.476387,48.839333,32.836506,35.15271,36.648262,33.454296,28.497679,2.7203422,2.051206,6.550344,7.6825914,1383.73,91.1703,0.31982422,0.70197064,0.016601562,0,15,0.6046137,0.3862287,0.28195563,0.23422857,0.6708336,0.78631145,1.5193175,18.33689,16.066591,16.295002,16.140362,18.849226,20.667715,17.985088,17.5704,22.980585,17.841574,20.727875,17.035702,23.451618,23.625998,22.052355,20.807001,23.89717,18.648655,21.345398,20.393538,22.122265,24.645687,22.822937,21.732727,21.25276,19.525417,20.782234,20.558004,20.133717,20.849363,19.755863,20.501024,15.264772,14.300881,15.103979,13.560934,15.863002,15.759399,15.763092,15.040803,17.471006,17.391281,17.14284,17.07988,17.494608,17.721987,17.437124,17.408884,1.2149438,2.3857741,7.1164675,0.64049846,28.284466,38.064857,33.994606,17.762983,21.102245,21.982237,20.408194,15.088008,17.391247,56.11
4446135.211,657928.5421,68.467285,1.4723641,0.9213479,26.545372,30.393755,32.04307,28.337685,22.437359,41.000412,34.04418,30.863651,38.050568,47.283253,33.27475,35.524387,36.422916,34.061848,29.36514,2.7401378,2.0662026,6.511241,7.622431,1383.65,98.13809,-0.119628906,0.7089629,-0.004394531,0,15,0.6046137,0.3862287,0.28195563,0.23422857,0.6708336,0.78631145,1.5193175,17.866903,17.071741,16.961628,16.202791,18.2468,20.224209,18.72751,17.658556,22.799631,18.214424,19.591202,16.901373,23.270496,24.208212,23.694614,20.678173,24.220633,18.918152,21.121132,20.96333,22.489542,24.285177,24.225412,21.82081,21.131697,19.656036,20.777006,21.056864,20.253971,22.20605,21.234226,20.851461,15.075967,14.630601,15.045763,15.497899,16.156118,16.274355,16.568478,15.559129,17.862278,17.395178,17.204216,18.15712,17.271555,17.999884,18.268568,17.677263,1.196856,2.40317,7.066836,0.64049846,28.469563,37.522297,34.399567,17.900227,21.239994,22.317627,20.902266,15.607025,17.73697,56.11
4446135.211,657933.4219,96.85687,1.4876205,0.88543457,26.673326,29.613213,33.248627,28.533743,22.53936,40.212612,34.489243,30.52135,36.94835,46.037884,33.94993,35.538567,36.030903,34.760815,30.335552,2.7376862,2.0616,6.4743295,7.601451,1383.6,105.03544,0.03955078,0.6079465,0.002197266,0,15,0.61103195,0.42520988,0.32373238,0.2338426,0.66198546,1.033416,2.1736925,17.866903,17.071741,16.961628,16.202791,18.2468,20.224209,18.72751,17.658556,22.799631,18.214424,19.591202,16.901373,23.270496,24.208212,23.694614,20.678173,24.220633,18.918152,21.121132,20.96333,22.489542,24.285177,24.225412,21.82081,21.131697,19.656036,20.777006,21.056864,20.253971,22.20605,21.234226,20.851461,15.075967,14.630601,15.045763,15.497899,16.156118,16.274355,16.568478,15.559129,17.862278,17.395178,17.204216,18.15712,17.271555,17.999884,18.268568,17.677263,1.1865275,2.399643,7.0378904,0.78041583,28.143269,37.35093,34.744247,17.900227,21.239994,22.317627,20.902266,15.607025,17.73697,56.11
4446135.211,657938.3018,71.591866,1.501189,0.8661784,26.75384,30.13326,34.596428,28.611975,22.73117,39.26544,34.244736,30.21044,35.901474,45.039597,34.74455,35.380592,35.352608,35.676556,31.232237,2.7275631,2.075891,6.4338536,7.5759735,1383.55,107.47006,0.000488281,0.52534634,-0.001098633,0,15,0.61103195,0.42520988,0.32373238,0.2338426,0.66198546,1.033416,2.1736925,18.035044,16.534693,16.813316,14.786042,18.285936,20.045,18.825855,17.334345,22.969767,18.193111,20.095192,17.346306,23.032804,25.180347,24.597702,21.051762,25.141336,20.346035,21.353231,19.499258,23.78075,26.005733,24.32014,22.458101,21.416637,21.078943,20.740126,21.618345,20.406725,23.176023,23.190735,21.363089,15.352361,15.433622,15.960602,15.042325,16.41359,16.963583,16.213434,15.9504,18.576862,17.868526,17.95703,17.505299,17.205463,18.214437,18.254515,17.881447,1.1836836,2.4017272,7.0049133,0.78041583,28.44355,36.75509,35.06257,17.617983,21.630749,22.920929,21.661076,15.91136,17.940304,56.11
4446135.211,657943.1816,87.94463,1.5139046,0.85284704,26.764786,30.140976,35.963375,28.795595,22.81341,38.17883,34.002216,29.697636,34.887466,44.024258,35.715134,35.52791,34.886623,36.407974,32.161983,2.7253766,2.0768936,6.3975773,7.5494537,1383.51,107.35403,0,0.48068383,0.002197266,0,15,0.61103195,0.42520988,0.32373238,0.2338426,0.66198546,1.033416,2.1736925,17.969854,15.810176,16.627789,14.998935,17.975468,20.119577,19.56786,17.214397,22.848621,18.021029,20.604996,17.311869,23.694622,25.816267,25.259232,21.313246,23.301252,19.884533,21.249256,19.259634,23.184479,27.759993,22.565775,21.996857,21.525743,20.36551,21.692835,21.74068,20.496794,23.876392,21.291147,21.253553,15.237866,15.819694,16.199203,15.185981,16.661114,17.869394,18.074245,16.180328,17.803724,17.743551,17.886713,16.672657,17.349386,18.221777,18.487925,17.698528,1.1833758,2.401135,6.9735155,0.78041583,28.45288,36.090523,35.62152,17.581379,21.936663,22.457846,21.569872,16.435358,17.737963,56.11
4446135.211,657948.0614,94.68316,1.5229282,0.8469663,26.591644,30.729773,37.338108,29.05199,22.89961,37.090973,33.818817,29.17725,33.93799,42.977966,36.744488,35.45392,34.16096,36.936584,33.054607,2.728342,2.0932467,6.363403,7.5138826,1383.47,108.43495,0.03955078,0.4528429,-0.001098633,0,15,0.61103195,0.42520988,0.32373238,0.2338426,0.66198546,1.033416,2.1736925,17.969854,15.810176,16.627789,14.998935,17.975468,20.119577,19.56786,17.214397,22.848621,18.021029,20.604996,17.311869,23.694622,25.816267,25.259232,21.313246,23.301252,19.884533,21.249256,19.259634,23.184479,27.759993,22.565775,21.996857,21.525743,20.36551,21.692835,21.74068,20.496794,23.876392,21.291147,21.253553,15.237866,15.819694,16.199203,15.185981,16.661114,17.869394,18.074245,16.180328,17.803724,17.743551,17.886713,16.672657,17.349386,18.221777,18.487925,17.698528,1.1849473,2.4107943,6.9386425,0.78041583,28.66071,35.454895,36.099205,17.581379,21.936663,22.457846,21.569872,16.435358,17.737963,56.11
4446135.211,657952.9413,103.462204,1.5330696,0.8424577,26.603844,30.736528,38.47219,29.352953,23.009157,35.92385,33.50112,28.649483,32.99746,41.87042,37.851097,35.78523,33.85857,37.534367,34.013317,2.7414591,2.0943782,6.339891,7.488392,1383.43,108.419395,-0.119140625,0.40728378,-0.004394531,0,15,0.61103195,0.42520988,0.32373238,0.2338426,0.66198546,1.033416,2.1736925,18.128923,15.138861,16.489763,14.542674,18.46989,20.521715,19.177652,17.196735,22.505787,17.845325,20.527712,17.127623,23.897121,25.234186,25.754711,21.194687,21.95003,20.75035,21.9062,19.26391,23.720009,25.467443,23.435324,21.990309,20.394897,20.05227,22.188145,20.743391,21.440895,21.025768,23.183966,20.999033,14.770631,14.935227,16.535828,15.617953,16.49374,17.046398,17.919437,15.955724,17.122196,17.701307,18.299086,16.686378,18.081766,18.19157,18.607212,17.764442,1.1877637,2.4179187,6.9141417,0.78041583,28.670185,34.712486,36.81816,17.49564,21.84178,22.35618,21.289904,16.18846,17.812788,56.11
4446135.211,657957.8211,76.33626,1.5423884,0.83887863,26.615843,30.742662,39.32557,29.60212,23.076143,34.851852,33.191185,28.13389,32.133125,40.59851,38.873405,36.13564,33.734634,38.102722,35.20511,2.7647367,2.0958478,6.3229227,7.471171,1383.4,105.92891,0,0.41730338,0,0,15,0.61103195,0.42520988,0.32373238,0.2338426,0.66198546,1.033416,2.1736925,19.00212,16.27263,16.632315,16.37147,18.698101,19.59556,18.726145,17.680119,22.909113,18.07809,20.552258,17.243591,23.435226,25.33082,24.186214,21.24248,19.596645,20.322704,20.416115,20.339308,23.284546,26.67105,23.502594,21.656887,19.859453,21.25686,20.26639,20.534155,21.083006,22.64084,21.824383,21.019003,15.688369,15.534558,14.433874,14.474424,16.18803,16.378313,17.422771,15.58099,16.98058,17.58689,17.530571,16.863789,17.145561,18.233788,18.588709,17.458433,1.1906335,2.4302921,6.897047,0.78041583,28.679253,34.02152,37.504524,17.899763,21.676472,22.018995,21.06644,15.731478,17.56141,56.11
4446135.211,657962.7009,80.88112,1.550593,0.8321095,26.633173,30.748884,39.79615,29.696783,23.046276,33.991196,32.918034,27.610231,31.31421,39.086327,39.635983,36.41608,33.895004,38.739063,36.82057,2.7957823,2.0975175,6.3089666,7.467087,1383.37,109.798874,0.080078125,0.38096273,0.003295898,0,15,0.6157703,0.43516126,0.33709916,0.22385566,0.691057,1.1573812,2.1898558,19.00212,16.27263,16.632315,16.37147,18.698101,19.59556,18.726145,17.680119,22.909113,18.07809,20.552258,17.243591,23.435226,25.33082,24.186214,21.24248,19.596645,20.322704,20.416115,20.339308,23.284546,26.67105,23.502594,21.656887,19.859453,21.25686,20.26639,20.534155,21.083006,22.64084,21.824383,21.019003,15.688369,15.534558,14.433874,14.474424,16.18803,16.378313,17.422771,15.58099,16.98058,17.58689,17.530571,16.863789,17.145561,18.233788,18.588709,17.458433,1.1913513,2.44665,6.8880267,0.80716866,28.691029,33.454613,38.02603,17.899763,21.676472,22.018995,21.06644,15.731478,17.56141,56.11
4446135.211,657967.5808,66.44592,1.565941,0.82716864,26.519855,31.27072,40.07009,29.760046,23.429516,33.180527,32.219204,26.948889,30.344864,37.358124,40.359005,36.737396,34.23298,39.792698,38.850136,2.8380568,2.0912657,6.2990828,7.4539957,1383.34,116.57671,0.079589844,0.384174,0.004394531,0,15,0.6157703,0.43516126,0.33709916,0.22385566,0.691057,1.1573812,2.1898558,18.205235,16.412243,16.919596,15.370241,18.878208,20.49132,18.808453,17.6636,23.260555,18.171473,20.544434,17.331057,23.747715,25.155005,24.995638,21.33056,21.791594,19.715473,19.594198,21.035208,23.843742,26.529263,23.435528,21.896523,20.617678,21.62182,20.374516,20.889566,20.8739,23.558514,22.643816,21.362816,15.750184,15.377167,14.376392,13.874651,16.18217,17.611649,18.145782,15.689637,16.87044,17.116669,17.206985,16.760073,16.569408,18.150227,18.810526,17.22421,1.1965548,2.4646611,6.876539,0.80716866,28.895287,32.699867,38.548203,17.869328,21.886553,22.277859,21.5114,15.902571,17.354902,56.11
4446135.211,657972.4606,77.73643,1.5675993,0.82127136,26.535606,31.274786,40.16145,29.743176,23.311613,32.477203,31.987469,26.456825,29.637136,35.64897,40.98111,36.998234,34.647682,40.396427,40.761185,2.8732,2.0921025,6.295967,7.4635944,1383.3,119.059006,-0.119140625,0.44206417,-0.004394531,0,15,0.6157703,0.43516126,0.33709916,0.22385566,0.691057,1.1573812,2.1898558,19.326008,16.36405,17.406128,15.520493,18.965319,20.802118,19.049196,17.992062,22.792654,18.028084,20.768986,17.265804,23.500877,24.288183,23.706264,20.931791,21.85144,20.195028,20.572197,21.113613,22.763412,26.379398,22.980793,21.850552,21.923235,20.98293,20.66129,21.338638,20.57339,22.407944,21.399586,21.157736,15.912759,14.984419,14.934785,13.810735,16.269123,16.918303,18.323729,15.6276,17.150305,17.157888,17.660683,16.574781,16.172867,18.37116,18.85267,17.247658,1.1944354,2.4826512,6.879781,0.80716866,28.905197,32.232338,38.98967,18.204758,21.478695,22.265125,21.326717,15.879122,17.42005,56.11
4446135.211,657977.3404,84.66137,1.5686264,0.8175122,26.54792,31.278625,40.17024,29.71975,23.199589,31.817514,31.76102,25.996859,28.976177,33.950184,41.59755,37.262924,35.074474,40.974438,42.651146,2.9071267,2.0929375,6.2989035,7.4758625,1383.27,120.371704,0.040039062,0.48172578,0,0,15,0.6157703,0.43516126,0.33709916,0.22385566,0.691057,1.1573812,2.1898558,19.326008,16.36405,17.406128,15.520493,18.965319,20.802118,19.049196,17.992062,22.228128,17.404797,20.207163,16.818722,22.708181,23.759296,22.925413,20.341244,21.615086,19.936037,20.39245,20.715967,22.586401,26.148651,22.412947,21.594631,20.721994,19.69229,19.643787,19.99826,19.775934,20.862875,19.98619,19.923687,15.355348,14.963742,14.86935,13.837396,15.578742,16.52987,18.102034,15.353572,15.984671,15.825884,16.319118,15.4406,14.585707,17.177568,16.852503,15.854039,1.1930693,2.500032,6.887383,0.80716866,28.913273,31.789268,39.430237,18.204758,20.86453,21.972506,20.097334,15.605211,16.026579,56.11
4446135.211,657982.2203,86.87376,1.5727143,0.82095224,26.54797,31.541302,40.116806,29.696566,23.01452,31.140833,30.825247,25.25949,28.383123,32.403854,42.26027,37.86827,35.66375,41.59761,44.37752,2.9383123,2.083893,6.3078876,7.4882517,1383.23,122.72892,-0.080078125,0.47700888,-0.004516602,0,15,0.6157703,0.43516126,0.33709916,0.22385566,0.691057,1.1573812,2.1898558,18.445923,16.319965,17.621838,15.514611,18.161257,20.012072,17.841585,17.580248,21.990442,17.480885,19.783165,16.511368,23.749252,24.061522,23.345737,20.528505,21.342508,18.276463,20.785875,21.31748,22.313469,24.799143,21.414545,21.244926,19.07759,17.147503,18.634634,18.836203,18.52516,18.884481,17.076925,18.238628,15.14803,15.159022,15.787358,14.269626,15.805271,16.502361,17.097948,15.486394,15.088026,15.684186,16.041061,15.829933,15.723093,17.549166,17.696539,16.06222,1.1968333,2.5111027,6.8980694,0.80716866,29.044636,30.98304,40.06427,17.702463,20.98891,21.464214,18.311785,15.681375,16.230288,56.11
4446135.211,657987.1001,76.50879,1.5727143,0.82095224,26.54797,31.541302,40.116806,29.696566,23.01452,31.140833,30.825247,25.25949,28.383123,32.403854,42.26027,37.86827,35.66375,41.59761,44.37752,2.9383123,2.083893,6.3078876,7.4882517,1383.23,122.72892,-0.080078125,0.47700888,-0.004516602,0,15,0.6157703,0.43516126,0.33709916,0.22385566,0.691057,1.1573812,2.1898558,18.445923,16.319965,17.621838,15.514611,18.161257,20.012072,17.841585,17.580248,21.990442,17.480885,19.783165,16.511368,23.749252,24.061522,23.345737,20.528505,21.342508,18.276463,20.785875,21.31748,22.313469,24.799143,21.414545,21.244926,19.07759,17.147503,18.634634,18.836203,18.52516,18.884481,17.076925,18.238628,15.14803,15.159022,15.787358,14.269626,15.805271,16.502361,17.097948,15.486394,15.088026,15.684186,16.041061,15.829933,15.723093,17.549166,17.696539,16.06222,1.1968333,2.5111027,6.8980694,0.80716866,29.044636,30.98304,40.06427,17.702463,20.98891,21.464214,18.311785,15.681375,16.230288,56.11
4446135.211,657991.9799,83.27833,1.5699973,0.8271821,26.556225,31.54411,39.847126,29.707691,22.94524,30.812658,30.731339,25.180147,27.981148,31.307919,42.559044,37.950752,35.9162,41.942177,45.587532,2.955709,2.0837758,6.3408895,7.5107155,1383.2,122.71628,0.0390625,0.47652566,0.001098633,0,15,0.6210119,0.43540525,0.3280089,0.22325802,0.6853587,1.1415038,2.1881127,18.445923,16.319965,17.621838,15.514611,18.161257,20.012072,17.841585,17.580248,21.990442,17.480885,19.783165,16.511368,23.749252,24.061522,23.345737,20.528505,21.342508,18.276463,20.785875,21.31748,22.313469,24.799143,21.414545,21.244926,19.07759,17.147503,18.634634,18.836203,18.52516,18.884481,17.076925,18.238628,15.14803,15.159022,15.787358,14.269626,15.805271,16.502361,17.097948,15.486394,15.088026,15.684186,16.041061,15.829933,15.723093,17.549166,17.696539,16.06222,1.1985897,2.5197425,6.925802,0.8032371,29.050167,30.772,40.254898,17.702463,20.98891,21.464214,18.311785,15.681375,16.230288,56.11
4446135.211,657996.8598,84.04303,1.5664365,0.8431066,26.566465,31.546755,39.394505,29.810236,22.926792,30.75378,30.71836,25.439606,27.77752,30.851427,42.53999,37.88815,35.964508,42.05373,46.061157,2.9610915,2.0836163,6.400758,7.539659,1383.16,123.21425,-0.07910156,0.49635565,-0.003295898,0,15,0.6210119,0.43540525,0.3280089,0.22325802,0.6853587,1.1415038,2.1881127,18.721018,16.233982,17.22572,16.31188,17.90743,20.027834,17.64661,17.64717,21.546558,17.301283,20.123611,16.786348,22.732239,24.084642,22.512144,20.180853,22.615763,18.114042,19.350554,19.964907,23.138836,24.098698,19.422163,20.72724,18.579128,17.404205,17.81052,17.941303,18.124798,18.080244,16.569347,17.632856,15.135698,15.167993,15.876078,15.537787,16.189022,16.72987,17.93197,15.785292,15.62929,15.673099,16.546288,16.325176,15.80661,17.484211,17.567984,16.276157,1.2047715,2.522354,6.970208,0.8032371,29.05661,30.73607,40.21407,17.724926,20.726688,20.957851,17.787079,16.081203,16.433237,56.11
4446135.211,658001.7396,89.53934,1.560646,0.8687252,26.627682,31.612623,38.82876,29.940153,22.960573,30.910282,30.51091,25.729986,27.713598,30.795006,42.315304,37.8996,35.892387,42.05865,46.11935,2.9527972,2.0677826,6.477747,7.573396,1383.13,123.679306,0.080078125,0.5164626,0.004394531,0,15,0.6210119,0.43540525,0.3280089,0.22325802,0.6853587,1.1415038,2.1881127,18.450033,15.809397,16.995844,16.912579,17.289324,19.403301,17.653013,17.389809,21.434278,17.41124,19.484348,16.65912,22.617767,23.722942,22.771238,19.990917,22.643538,19.279894,19.775372,18.632944,22.701382,24.404545,19.905676,20.761831,18.654156,18.269398,17.794567,17.620617,17.96772,19.093168,17.149055,17.863035,15.766395,15.539644,16.550566,14.645045,16.025492,16.80052,18.176254,15.903881,16.529757,16.028599,16.321808,16.577032,15.3151865,17.562529,17.51997,16.36777,1.2146857,2.51029,7.025572,0.8032371,29.120152,30.710596,40.107452,17.501926,20.585848,21.049047,18.078382,16.214846,16.5507,56.11
4446135.211,658006.6194,83.88451,1.5540162,0.89535505,26.629948,31.614548,38.06378,30.067526,22.956089,31.236177,30.572405,26.263855,27.726215,30.900976,41.98185,37.745808,35.86841,41.99283,46.054466,2.93869,2.0670097,6.568978,7.617241,1383.09,121.98769,0.0390625,0.54031634,0.003295898,0,15,0.6210119,0.43540525,0.3280089,0.22325802,0.6853587,1.1415038,2.1881127,18.450033,15.809397,16.995844,16.912579,17.289324,19.403301,17.653013,17.389809,21.434278,17.41124,19.484348,16.65912,22.617767,23.722942,22.771238,19.990917,22.643538,19.279894,19.775372,18.632944,22.701382,24.404545,19.905676,20.761831,18.654156,18.269398,17.794567,17.620617,17.96772,19.093168,17.149055,17.863035,15.766395,15.539644,16.550566,14.645045,16.025492,16.80052,18.176254,15.903881,16.529757,16.028599,16.321808,16.577032,15.3151865,17.562529,17.51997,16.36777,1.2246857,2.5028498,7.093109,0.8032371,29.122248,30.904291,39.86383,17.501926,20.585848,21.049047,18.078382,16.214846,16.5507,56.11
4446135.211,658011.4993,98.43162,1.5371939,0.9260084,26.85073,32.004982,37.413128,30.238142,22.931433,31.64646,30.107386,26.867348,27.748869,31.053944,41.602352,37.801132,35.255695,41.83122,45.967506,2.8982084,2.0330074,6.67101,7.6601906,1383.05,121.485214,0.041015625,0.52058184,0.002319336,0,15,0.6210119,0.43540525,0.3280089,0.22325802,0.6853587,1.1415038,2.1881127,18.822039,16.178337,16.94483,16.426455,17.129944,19.739077,17.66402,17.46684,21.496927,17.26647,19.510618,16.628326,22.77626,24.276264,21.568909,20.094227,21.91177,20.40087,19.257332,19.617697,23.478874,25.171703,20.902967,21.256868,18.20488,18.221443,17.879524,17.381245,17.942577,21.13912,16.789248,18.186123,16.157967,14.725507,16.527918,14.336653,15.896063,17.163294,16.582317,15.766329,16.17915,15.645625,15.905753,15.756913,15.638464,17.31579,16.3906,15.980541,1.2316011,2.465608,7.1656003,0.8032371,29.427856,30.876923,39.701744,17.557814,20.503397,21.534458,18.222576,15.912818,16.1189,56.11
4446135.211,658016.3791,111.9666,1.5245265,0.96008784,26.83889,32.00392,36.484425,30.54558,22.9073,32.289143,30.238674,27.486984,27.711994,31.287277,41.07186,37.65385,35.26769,41.629303,45.869953,2.8699949,2.0311325,6.7972755,7.723102,1383.01,117.88972,0.040039062,0.55133796,0.003295898,0,15,0.6210119,0.43540525,0.3280089,0.22325802,0.6853587,1.1415038,2.1881127,19.086796,15.671129,16.831367,16.288256,16.620565,19.630894,17.722727,17.310509,22.308147,17.584469,19.283478,16.567837,23.493483,24.856749,21.55132,20.467186,21.931753,19.912369,19.979212,19.567474,22.751669,24.24129,21.542925,21.159992,18.478672,17.404911,18.94331,18.224604,18.262009,21.100882,17.533455,18.613276,15.575635,15.68591,16.600082,15.032968,16.263784,16.672894,16.128412,15.962836,16.318417,16.722048,16.497557,15.952934,15.941278,16.123722,16.704187,16.237276,1.2423072,2.4505637,7.260189,0.8032371,29.421406,31.263908,39.362854,17.40739,20.806498,21.4181,18.563978,15.99424,16.322878,56.11
4446135.211,658021.2589,87.30261,1.5114433,0.9814317,26.82613,32.00274,35.695766,30.809792,22.884262,32.844746,30.355303,28.006155,27.68362,31.469458,40.64021,37.53639,35.28837,41.439972,45.79728,2.8406687,2.0290215,6.894815,7.7718887,1382.96,118.50534,-0.080566406,0.5704394,-0.005615234,0,15,0.6269992,0.42774248,0.3264976,0.22677486,0.6633142,1.1198049,2.1955945,18.363146,15.258072,16.238731,16.00308,16.18393,19.247301,17.167528,16.844023,22.428453,17.607988,19.329842,16.59433,23.570599,24.932987,21.686224,20.53322,21.884806,19.869415,19.860075,19.528515,22.700481,24.193487,21.24789,21.102882,18.465387,17.400679,18.935387,18.224604,18.120642,21.09547,17.216923,18.58445,15.378096,15.491447,16.391682,14.864959,16.10286,16.479729,15.9307575,15.771839,16.318417,16.722048,16.497557,15.952934,15.941278,16.123722,16.704187,16.237276,1.2464375,2.434845,7.333352,0.7981039,29.414434,31.600025,39.0883,16.923113,20.878632,21.326382,18.494156,15.805647,16.322878,56.11
4446135.211,658026.1388,84.024216,1.4982908,0.9538324,26.82217,32.003845,35.462532,30.487951,22.914352,32.73849,30.394972,28.211031,27.957634,31.417198,40.78047,37.42589,35.24241,41.45635,45.738083,2.8202589,2.0268476,6.8331027,7.739774,1382.92,124.12545,-0.07910156,0.53606856,-0.003295898,0,15,0.6269992,0.42774248,0.3264976,0.22677486,0.6633142,1.1198049,2.1955945,17.839584,15.472946,16.67107,14.540655,16.911022,18.665478,16.499952,16.640404,21.90265,17.333368,19.55172,16.47726,23.34395,23.834972,21.954437,20.247358,20.757963,18.839876,19.92338,19.269306,22.67924,22.695398,22.637365,20.700682,18.696148,16.874674,18.66603,17.425625,19.253948,19.751114,18.178663,18.474104,15.087636,14.577605,16.958952,13.894746,15.841773,15.926039,16.13,15.433706,14.921923,16.00239,16.809752,15.644264,15.923709,16.765219,16.907618,16.03554,1.2260616,2.4235532,7.2864385,0.7981039,29.413008,31.56673,39.10318,16.657244,20.628338,20.971788,18.4066,15.488107,16.139267,56.11
4446135.211,658031.0186,106.67529,1.4792514,0.90991926,26.989233,32.461952,35.43432,30.066435,23.087713,32.465225,30.225128,28.43534,28.269857,31.286592,41.064552,37.29636,35.02916,41.520718,45.663116,2.792718,1.993406,6.727572,7.6804557,1382.89,122.89501,0.16015625,0.5801386,0.008911133,0,15,0.6269992,0.42774248,0.3264976,0.22677486,0.6633142,1.1198049,2.1955945,17.878834,15.413945,15.905577,15.014826,17.245993,18.821274,16.546373,16.66193,21.906252,17.510313,19.817636,16.595388,23.539213,24.027723,22.508623,20.429539,23.32846,17.970875,20.60713,19.870195,22.511538,23.320526,22.160213,21.155405,19.68701,17.229206,18.870901,18.17188,17.96215,19.248255,18.315992,18.508474,15.198057,15.881994,17.414621,14.673642,15.311773,16.212042,16.517534,15.800472,15.285335,16.032522,16.530201,15.885489,15.641732,16.718351,16.924017,16.005259,1.1945853,2.393062,7.204014,0.7981039,29.725594,31.345177,39.180458,16.689547,20.843594,21.395563,18.497913,15.8870945,16.14538,56.11
4446135.211,658035.8984,101.1411,1.4626673,0.8692722,26.981226,32.46189,35.397366,29.769459,23.126007,32.29648,30.2389,28.529255,28.509745,31.210394,41.28615,37.252445,34.96905,41.51923,45.59134,2.7687624,1.9907385,6.6400695,7.632617,1382.84,121.41306,-0.000976563,0.60417455,0.002197266,0,15,0.6269992,0.42774248,0.3264976,0.22677486,0.6633142,1.1198049,2.1955945,17.878834,15.413945,15.905577,15.014826,17.245993,18.821274,16.546373,16.66193,21.906252,17.510313,19.817636,16.595388,23.539213,24.027723,22.508623,20.429539,23.32846,17.970875,20.60713,19.870195,22.511538,23.320526,22.160213,21.155405,19.68701,17.229206,18.870901,18.17188,17.96215,19.248255,18.315992,18.508474,15.198057,15.881994,17.414621,14.673642,15.311773,16.212042,16.517534,15.800472,15.285335,16.032522,16.530201,15.885489,15.641732,16.718351,16.924017,16.005259,1.1659697,2.3797505,7.136343,0.7981039,29.721558,31.267689,39.2693,16.689547,20.843594,21.395563,18.497913,15.8870945,16.14538,56.11
4446135.211,658040.7783,94.80437,1.4302435,0.83521193,26.853085,32.25988,35.18868,29.586555,22.932692,32.233147,30.499247,28.703102,28.754301,31.244068,41.448437,37.216602,35.27213,41.3624,45.53408,2.756654,2.000633,6.5696216,7.5986223,1382.8,126.56176,0.08105469,0.5527007,0.003417969,0,15,0.6269992,0.42774248,0.3264976,0.22677486,0.6633142,1.1198049,2.1955945,17.344852,16.200417,15.822205,15.411033,17.20242,19.358044,16.79348,16.801504,22.203833,17.457468,19.665863,16.452215,22.628283,22.869045,23.383759,20.14914,22.726114,20.039167,19.038822,18.41728,21.49629,24.313795,21.823408,20.824945,18.588375,17.981255,17.575703,18.465454,18.41735,17.74657,19.553864,18.106968,14.641944,15.699164,15.683053,14.643782,15.038235,16.087782,16.675894,15.336182,15.091101,15.774325,15.764918,15.207446,15.717729,16.784334,16.46445,15.7291975,1.1327277,2.3786435,7.0841217,0.7981039,29.556482,31.366196,39.33252,16.876064,20.665781,21.122126,18.332653,15.495694,15.829186,56.11
4446135.211,658045.6581,96.13579,1.4195857,0.8047227,27.09719,32.000923,35.046684,29.367773,23.060583,32.44095,30.736874,28.973253,29.047768,31.399984,41.22549,37.106262,35.324585,41.27145,45.307976,2.7276695,1.9885248,6.5170326,7.580093,1382.76,132.79637,-0.040039062,0.5273272,0,0,15,0.6269992,0.42774248,0.3264976,0.22677486,0.6633142,1.1198049,2.1955945,18.39693,15.273501,16.549576,15.931506,18.798304,20.606602,18.873964,17.515839,21.807913,16.62697,18.822447,16.255846,22.241442,21.64997,22.875828,19.502867,18.654026,17.431913,16.996355,15.464928,20.481775,19.346973,18.160072,17.92962,17.228415,17.222313,16.38047,16.749493,17.241919,17.796068,18.314249,17.044254,15.122724,16.262712,16.098476,14.51246,14.979676,15.911123,16.93388,15.549144,15.271924,16.44636,16.318554,16.004114,16.111992,16.688215,16.525003,16.127558,1.1121542,2.358097,7.048563,0.7981039,29.549057,31.588911,39.16588,17.775768,20.040058,18.076576,17.276133,15.688723,16.195166,56.11
4446135.211,658050.5379,79.062416,1.3977264,0.7838737,27.384699,32.394146,35.106003,29.220432,23.141273,32.649975,30.792938,29.418129,29.49346,31.828144,41.0007,36.891315,34.979332,40.991135,44.801964,2.6914332,1.9717239,6.459952,7.5499134,1382.73,135,0.080078125,0.56748736,0.004394531,0,15,0.6558949,0.41726717,0.336664,0.24812698,0.66308403,0.9526443,2.1137757,18.39693,15.273501,16.549576,15.931506,18.798304,20.606602,18.873964,17.515839,21.807913,16.62697,18.822447,16.255846,22.241442,21.64997,22.875828,19.502867,18.654026,17.431913,16.996355,15.464928,20.481775,19.346973,18.160072,17.92962,17.228415,17.222313,16.38047,16.749493,17.241919,17.796068,18.314249,17.044254,15.122724,16.262712,16.098476,14.51246,14.979676,15.911123,16.93388,15.549144,15.271924,16.44636,16.318554,16.004114,16.111992,16.688215,16.525003,16.127558,1.0908,2.3315785,7.0049324,0.7696367,29.889423,31.721457,38.946007,17.775768,20.040058,18.076576,17.276133,15.688723,16.195166,56.11
4446135.211,658055.4178,91.21231,1.3798772,0.772068,27.39835,32.392483,35.31526,29.092508,23.173601,33.00993,30.852959,29.804895,30.152979,32.602974,40.59312,36.85435,34.51235,40.526688,43.9846,2.652618,1.9667441,6.4008017,7.5260096,1382.69,136.8498,-0.000976563,0.6281442,0,0,15,0.6558949,0.41726717,0.336664,0.24812698,0.66308403,0.9526443,2.1137757,17.870668,15.093034,16.597336,16.726475,18.721193,20.19398,17.975248,17.325266,20.28652,16.827545,18.947168,16.311697,22.115234,22.05202,22.36791,19.311626,18.875568,16.275118,15.8325615,16.077269,20.417288,19.710743,17.027811,17.568548,17.581799,16.380604,16.873894,16.776335,17.536034,17.531073,17.334385,17.022568,15.815142,15.587525,15.638278,15.476048,15.747063,16.78358,16.421522,15.832852,15.933709,16.208286,16.0235,16.185678,16.803354,16.38651,16.520555,16.196432,1.0759726,2.309681,6.9634056,0.7696367,29.895416,31.931444,38.723736,17.596848,19.844013,17.745195,17.144876,15.924166,16.294514,56.11
4446135.211,658060.2976,62.953556,1.3619353,0.7667043,27.416765,32.39086,35.665783,28.930664,23.209278,33.49448,30.913462,30.268543,30.997206,33.623264,40.023777,36.815685,33.88048,39.94813,42.934483,2.611843,1.9617229,6.34201,7.5046554,1382.65,136.73763,-0.0390625,0.668673,-0.001098633,0,15,0.6558949,0.41726717,0.336664,0.24812698,0.66308403,0.9526443,2.1137757,18.114653,15.56942,16.905918,15.782401,18.611109,19.062077,18.369328,17.211891,20.111284,17.034399,18.724941,16.096859,21.859959,22.716051,22.393478,19.296278,18.461637,16.478704,15.45772,15.528728,18.679304,19.605532,16.56991,17.08215,18.02119,15.185427,16.786785,15.420659,16.986399,18.92552,18.208212,16.809317,16.337305,14.680971,16.274515,14.910182,16.398928,16.639467,16.439709,15.878492,16.554234,15.940733,16.317183,16.639784,15.665744,16.500566,15.860361,16.138935,1.0643198,2.286783,6.9233327,0.7696367,29.903812,32.20397,38.41973,17.487843,19.848139,17.254505,17.076313,15.954439,16.21123,56.11
4446130.227,657918.7824,105.61245,1.4257627,1.04305,26.453741,30.126339,30.944994,26.18947,21.886623,41.59937,35.042034,31.962719,41.289894,50.19961,32.503292,34.75137,36.505173,33.193825,28.141817,2.6792762,2.0507584,6.615085,7.789207,1383.78,84.98261,-0.03955078,0.8196478,-0.006591797,0,15,0.6046137,0.3862287,0.28195563,0.23422857,0.6708336,0.78631145,1.5193175,18.01325,16.538769,15.885451,14.378718,18.794407,20.47974,18.59201,17.245884,22.892477,17.870213,19.740812,17.0437,23.693466,23.61814,23.920328,20.665302,23.16305,19.24614,20.510582,20.007568,22.768993,23.033184,22.703602,21.278362,21.212637,19.279402,20.30489,20.623684,21.409237,21.406424,19.562683,20.588255,14.471695,13.7764,14.581212,13.607018,16.445896,15.707802,16.824854,14.807943,17.815397,17.034277,17.161112,16.308653,17.992603,17.23556,18.47726,17.351559,1.2344064,2.3650174,7.202146,0.64049846,28.29004,38.3207,33.62733,17.526049,21.254164,21.633303,20.542707,15.059267,17.432123,56.11
4446130.227,657923.6623,102.6681,1.4401166,0.9788668,26.444994,30.128582,31.539215,26.927576,22.158646,41.435715,34.948586,31.677406,39.787224,48.47403,32.756466,34.84829,36.28556,33.790543,29.060114,2.7030878,2.0518034,6.5748463,7.731792,1383.71,91.04255,-0.12060547,0.7879677,-0.004516602,0,15,0.6046137,0.3862287,0.28195563,0.23422857,0.6708336,0.78631145,1.5193175,18.406338,16.355207,16.434368,15.389059,19.097832,20.576138,17.859463,17.502659,23.082397,18.182991,20.020351,17.33223,23.298042,23.715307,24.55121,20.892164,23.341047,20.394426,19.904789,19.352612,21.665743,22.432611,24.265476,21.128452,20.278362,20.340937,20.210041,20.370968,21.036505,22.311802,20.523941,20.749025,15.126237,15.052,14.837457,14.143357,16.607986,16.609402,16.650572,15.357755,16.699627,17.340277,18.009293,17.451124,17.71458,18.340054,17.86917,17.584,1.2094917,2.3774457,7.1533194,0.64049846,28.286789,38.19215,33.802376,17.731201,21.454647,21.622387,20.724651,15.575287,17.632019,56.11
4446130.227,657928.5421,101.31645,1.4576434,0.9246336,26.671938,29.602213,32.32087,27.516281,22.334778,41.024067,34.90962,31.295044,38.47343,46.98835,33.18081,35.162155,36.046818,34.32059,29.906096,2.7200644,2.0619802,6.5363526,7.6868324,1383.64,95.39425,-0.079589844,0.7625432,-0.010009766,0,15,0.6046137,0.3862287,0.28195563,0.23422857,0.6708336,0.78631145,1.5193175,18.014156,16.524874,17.14896,15.722217,18.98303,20.618032,18.238722,17.685678,23.074343,18.16451,19.542143,17.351633,23.708403,25.226103,24.487505,21.091694,23.568043,20.643005,20.038475,21.242329,21.931564,24.768438,24.34729,21.889168,20.735334,20.85148,19.984085,21.663593,21.340624,22.167257,21.028362,21.107744,14.791791,15.285134,15.074978,14.274237,16.55871,17.174501,17.198652,15.643389,16.861921,17.99334,17.784267,17.164202,17.922934,18.458126,18.352365,17.767635,1.1911385,2.3910222,7.1115923,0.64049846,28.137075,37.966843,34.171482,17.892857,21.650663,22.362734,21.110106,15.765429,17.791023,56.11
4446130.227,657933.4219,92.949326,1.4714751,0.8911744,26.67532,29.608435,33.405956,27.928396,22.487867,40.327927,34.715103,30.849274,37.27956,45.73662,33.858646,35.2974,35.669518,34.996193,30.803368,2.7300458,2.0628712,6.493998,7.645197,1383.58,99.25643,-0.12060547,0.623932,-0.008911133,0,15,0.61103195,0.42520988,0.32373238,0.2338426,0.66198546,1.033416,2.1736925,18.014156,16.524874,17.14896,15.722217,18.98303,20.618032,18.238722,17.685678,23.074343,18.16451,19.542143,17.351633,23.708403,25.226103,24.487505,21.091694,23.568043,20.643005,20.038475,21.242329,21.931564,24.768438,24.34729,21.889168,20.735334,20.85148,19.984085,21.663593,21.340624,22.167257,21.028362,21.107744,14.791791,15.285134,15.074978,14.274237,16.55871,17.174501,17.198652,15.643389,16.861921,17.99334,17.784267,17.164202,17.922934,18.458126,18.352365,17.767635,1.1813247,2.3964586,7.0695972,0.78041583,28.141876,37.521515,34.578026,17.892857,21.650663,22.362734,21.110106,15.765429,17.791023,56.11
4446130.227,657938.3018,81.26457,1.4766784,0.86965334,26.74422,29.67433,34.618744,28.256516,22.657616,39.50329,34.679512,30.42982,36.199436,44.659916,34.615273,35.318077,35.205986,35.705593,31.614792,2.7283137,2.05495,6.456973,7.61386,1383.53,104.440056,-0.15966797,0.5174617,-0.010009766,0,15,0.61103195,0.42520988,0.32373238,0.2338426,0.66198546,1.033416,2.1736925,17.944674,16.028723,17.298864,15.241979,18.29832,20.637634,18.760324,17.522697,22.614908,18.222599,20.116522,17.398718,23.637514,24.319399,24.704437,21.00831,23.135418,20.517908,20.939793,20.83411,23.638649,25.220835,23.884417,22.120848,21.162989,20.861723,20.33866,21.528263,20.837538,21.676432,21.79274,20.934004,14.950071,14.533905,16.358006,15.121715,16.196012,16.830513,16.62209,15.701588,17.496792,17.51955,17.993954,17.11709,17.560976,18.303343,18.389933,17.683493,1.1731658,2.3916318,7.0354166,0.78041583,28.209274,37.0914,34.966675,17.74436,21.573442,22.595875,21.17119,15.801758,17.768805,56.11
4446130.227,657943.1816,83.9448,1.4984139,0.86182797,26.752937,30.134506,35.88415,28.560246,22.832695,38.36039,34.13042,29.986023,35.23073,43.69589,35.699654,35.5578,34.67395,36.336704,32.430653,2.7421086,2.0792115,6.4182057,7.5730433,1383.5,108.43495,0.12011719,0.4987332,0.004394531,0,15,0.61103195,0.42520988,0.32373238,0.2338426,0.66198546,1.033416,2.1736925,19.229338,16.083256,16.804195,15.6291485,18.183498,19.859049,19.106985,17.617176,22.554493,17.912508,20.28574,17.535507,23.052559,24.656904,24.750158,20.961374,23.270603,19.84931,20.916306,20.313253,22.878101,26.041113,22.678308,21.847345,21.149958,21.452366,20.189604,21.113993,20.22456,21.7798,19.516846,20.69687,15.164412,15.493676,15.554554,15.116706,16.269102,16.365194,17.208738,15.728874,17.24274,17.595318,17.53167,17.559814,17.073555,18.730196,18.7283,17.649517,1.180121,2.41066,6.9956245,0.78041583,28.443722,36.245407,35.628727,17.842209,21.535412,22.278141,20.775303,15.881769,17.780228,56.11
4446130.227,657948.0614,87.260826,1.5073315,0.86123496,26.572313,30.722795,37.241035,28.952555,22.950787,37.21283,33.908573,29.462639,34.3438,42.71149,36.85797,35.602997,33.93705,36.712963,33.171806,2.7544777,2.0963612,6.386301,7.531122,1383.45,110.80426,-0.16064453,0.44404435,-0.0078125,0,15,0.61103195,0.42520988,0.32373238,0.2338426,0.66198546,1.033416,2.1736925,19.229338,16.083256,16.804195,15.6291485,18.183498,19.859049,19.106985,17.617176,22.554493,17.912508,20.28574,17.535507,23.052559,24.656904,24.750158,20.961374,23.270603,19.84931,20.916306,20.313253,22.878101,26.041113,22.678308,21.847345,21.149958,21.452366,20.189604,21.113993,20.22456,21.7798,19.516846,20.69687,15.164412,15.493676,15.554554,15.116706,16.269102,16.365194,17.208738,15.728874,17.24274,17.595318,17.53167,17.559814,17.073555,18.730196,18.7283,17.649517,1.1842833,2.4254193,6.9587116,0.78041583,28.647554,35.5607,36.230484,17.842209,21.535412,22.278141,20.775303,15.881769,17.780228,56.11
4446130.227,657952.9413,96.9786,1.5180682,0.8639011,26.577051,30.728374,38.473263,29.444324,23.129997,35.877575,33.529865,28.94049,33.452232,41.71644,38.21835,36.10651,33.537453,37.1371,33.86687,2.776425,2.0978713,6.367797,7.4976673,1383.43,111.073586,0.16064453,0.39874944,0.008911133,0,15,0.61103195,0.42520988,0.32373238,0.2338426,0.66198546,1.033416,2.1736925,19.41073,16.289745,16.717743,16.152933,18.294226,19.866606,18.814493,17.73369,22.942287,18.008121,20.487686,16.840065,23.188583,25.30974,24.63117,21.076872,20.889912,20.52921,20.936039,19.694668,22.719389,25.494757,23.743517,21.593998,21.036741,21.107914,19.565601,21.50768,20.456688,21.398281,20.848982,20.784311,16.04291,15.154958,15.34783,15.186765,16.0723,16.522644,17.240665,15.797255,16.58676,17.32725,17.73817,17.328463,16.91656,19.062365,18.857878,17.582592,1.1909846,2.437148,6.932732,0.78041583,28.652714,34.70372,37.16243,17.935211,21.629665,22.00107,20.845984,15.938295,17.688206,56.11
4446130.227,657957.8211,87.30093,1.5281316,0.8685984,26.578537,30.733187,39.591442,29.968441,23.32018,34.52119,33.136833,28.442383,32.60446,40.617977,39.630783,36.673878,33.17434,37.4866,34.64316,2.806359,2.0996597,6.358074,7.4679112,1383.39,111.80141,0.040039062,0.4632627,0.003295898,0,15,0.61103195,0.42520988,0.32373238,0.2338426,0.66198546,1.033416,2.1736925,19.00212,16.27263,16.632315,16.37147,18.698101,19.59556,18.726145,17.680119,22.909113,18.07809,20.552258,17.243591,23.435226,25.33082,24.186214,21.24248,19.596645,20.322704,20.416115,20.339308,23.284546,26.67105,23.502594,21.656887,19.859453,21.25686,20.26639,20.534155,21.083006,22.64084,21.824383,21.019003,15.688369,15.534558,14.433874,14.474424,16.18803,16.378313,17.422771,15.58099,16.98058,17.58689,17.530571,16.863789,17.145561,18.233788,18.588709,17.458433,1.198365,2.4530094,6.9129925,0.78041583,28.65586,33.82901,38.15233,17.899763,21.676472,22.018995,21.06644,15.731478,17.56141,56.11
4446130.227,657962.7009,89.77386,1.536659,0.8561232,26.612825,30.741718,39.982956,29.995201,23.19119,33.78951,32.886257,27.815191,31.623667,39.046524,40.086285,36.799213,33.532475,38.301983,36.512108,2.834732,2.1010485,6.3349805,7.466947,1383.35,119.04581,-0.040039062,0.4426076,-0.002197266,0,15,0.6157703,0.43516126,0.33709916,0.22385566,0.691057,1.1573812,2.1898558,19.00212,16.27263,16.632315,16.37147,18.698101,19.59556,18.726145,17.680119,22.909113,18.07809,20.552258,17.243591,23.435226,25.33082,24.186214,21.24248,19.596645,20.322704,20.416115,20.339308,23.284546,26.67105,23.502594,21.656887,19.859453,21.25686,20.26639,20.534155,21.083006,22.64084,21.824383,21.019003,15.688369,15.534558,14.433874,14.474424,16.18803,16.378313,17.422771,15.58099,16.98058,17.58689,17.530571,16.863789,17.145561,18.233788,18.588709,17.458433,1.1963911,2.4678903,6.900964,0.80716866,28.677273,33.337883,38.44275,17.899763,21.676472,22.018995,21.06644,15.731478,17.56141,56.11
4446130.227,657967.5808,88.3123,1.5524938,0.849262,26.683157,31.982412,40.27419,30.05254,23.472853,33.041187,31.960634,27.016106,30.551996,37.407715,40.56047,36.88608,34.00156,39.486683,38.58353,2.8734992,2.0892534,6.319601,7.462603,1383.32,121.616516,-0.000976563,0.4369307,0.002197266,0,15,0.6157703,0.43516126,0.33709916,0.22385566,0.691057,1.1573812,2.1898558,18.205235,16.412243,16.919596,15.370241,18.878208,20.49132,18.808453,17.6636,23.260555,18.171473,20.544434,17.331057,23.747715,25.155005,24.995638,21.33056,21.791594,19.715473,19.594198,21.035208,23.843742,26.529263,23.435528,21.896523,20.617678,21.62182,20.374516,20.889566,20.8739,23.558514,22.643816,21.362816,15.750184,15.377167,14.376392,13.874651,16.18217,17.611649,18.145782,15.689637,16.87044,17.116669,17.206985,16.760073,16.569408,18.150227,18.810526,17.22421,1.2008779,2.4813762,6.891102,0.80716866,29.332785,32.50091,38.723274,17.869328,21.886553,22.277859,21.5114,15.902571,17.354902,56.11
4446130.227,657972.4606,86.64951,1.5546589,0.84258604,26.483213,31.59916,40.52063,30.13221,23.282951,32.314598,31.912174,26.420536,29.668407,35.74655,41.093884,37.0814,34.35205,40.146935,40.465984,2.9065979,2.090347,6.3191257,7.4655566,1383.29,119.75833,0.12060547,0.46183226,0.005615234,0,15,0.6157703,0.43516126,0.33709916,0.22385566,0.691057,1.1573812,2.1898558,19.326008,16.36405,17.406128,15.520493,18.965319,20.802118,19.049196,17.992062,22.228128,17.404797,20.207163,16.818722,22.708181,23.759296,22.925413,20.341244,21.615086,19.936037,20.39245,20.715967,22.586401,26.148651,22.412947,21.594631,20.721994,19.69229,19.643787,19.99826,19.775934,20.862875,19.98619,19.923687,15.355348,14.963742,14.86935,13.837396,15.578742,16.52987,18.102034,15.353572,15.984671,15.825884,16.319118,15.4406,14.585707,17.177568,16.852503,15.854039,1.1986225,2.4984725,6.892341,0.80716866,29.041187,32.113388,39.087643,18.204758,20.86453,21.972506,20.097334,15.605211,16.026579,56.11
4446130.227,657977.3404,96.611015,1.5558513,0.8401165,26.566471,31.27599,40.64978,30.292356,23.272406,31.595875,31.732277,26.101852,28.845041,34.14932,41.624783,37.397717,34.67746,40.625557,42.209263,2.9404876,2.0959249,6.3273864,7.4732676,1383.25,118.731964,0,0.5066719,0.003295898,0,15,0.6157703,0.43516126,0.33709916,0.22385566,0.691057,1.1573812,2.1898558,19.326008,16.36405,17.406128,15.520493,18.965319,20.802118,19.049196,17.992062,22.228128,17.404797,20.207163,16.818722,22.708181,23.759296,22.925413,20.341244,21.615086,19.936037,20.39245,20.715967,22.586401,26.148651,22.412947,21.594631,20.721994,19.69229,19.643787,19.99826,19.775934,20.862875,19.98619,19.923687,15.355348,14.963742,14.86935,13.837396,15.578742,16.52987,18.102034,15.353572,15.984671,15.825884,16.319118,15.4406,14.585707,17.177568,16.852503,15.854039,1.197984,2.5182061,6.9003267,0.80716866,28.92123,31.664076,39.51125,18.204758,20.86453,21.972506,20.097334,15.605211,16.026579,56.11
4446130.227,657982.2203,80.49972,1.5603482,0.8470894,26.57728,31.54034,40.757072,30.465055,23.10679,30.85128,30.766172,25.36088,28.103249,32.749813,42.223434,37.971474,35.16771,41.213615,43.724674,2.971458,2.0861506,6.3457093,7.4827514,1383.21,123.67392,-0.000976563,0.51622015,0,0,15,0.6157703,0.43516126,0.33709916,0.22385566,0.691057,1.1573812,2.1898558,18.445923,16.319965,17.621838,15.514611,18.161257,20.012072,17.841585,17.580248,21.990442,17.480885,19.783165,16.511368,23.749252,24.061522,23.345737,20.528505,21.342508,18.276463,20.785875,21.31748,22.313469,24.799143,21.414545,21.244926,19.07759,17.147503,18.634634,18.836203,18.52516,18.884481,17.076925,18.238628,15.14803,15.159022,15.787358,14.269626,15.805271,16.502361,17.097948,15.486394,15.088026,15.684186,16.041061,15.829933,15.723093,17.549166,17.696539,16.06222,1.2037188,2.5288043,6.9142303,0.80716866,29.058811,30.808727,40.097454,17.702463,20.98891,21.464214,18.311785,15.681375,16.230288,56.11
4446130.227,657987.1001,74.626236,1.5603482,0.8470894,26.57728,31.54034,40.757072,30.465055,23.10679,30.85128,30.766172,25.36088,28.103249,32.749813,42.223434,37.971474,35.16771,41.213615,43.724674,2.971458,2.0861506,6.3457093,7.4827514,1383.21,123.67392,-0.000976563,0.51622015,0,0,15,0.6157703,0.43516126,0.33709916,0.22385566,0.691057,1.1573812,2.1898558,18.445923,16.319965,17.621838,15.514611,18.161257,20.012072,17.841585,17.580248,21.990442,17.480885,19.783165,16.511368,23.749252,24.061522,23.345737,20.528505,21.342508,18.276463,20.785875,21.31748,22.313469,24.799143,21.414545,21.244926,19.07759,17.147503,18.634634,18.836203,18.52516,18.884481,17.076925,18.238628,15.14803,15.159022,15.787358,14.269626,15.805271,16.502361,17.097948,15.486394,15.088026,15.684186,16.041061,15.829933,15.723093,17.549166,17.696539,16.06222,1.2037188,2.5288043,6.9142303,0.80716866,29.058811,30.808727,40.097454,17.702463,20.98891,21.464214,18.311785,15.681375,16.230288,56.11
4446130.227,657991.9799,77.44357,1.5577637,0.85474265,26.592348,31.543919,40.594994,30.599623,23.049782,30.495098,30.667896,25.283924,27.599407,31.707409,42.47204,38.020924,35.354088,41.534805,44.849564,2.9875343,2.085877,6.3854475,7.5041924,1383.18,128.1473,0.12109375,0.5098093,0.0078125,0,15,0.6210119,0.43540525,0.3280089,0.22325802,0.6853587,1.1415038,2.1881127,18.445923,16.319965,17.621838,15.514611,18.161257,20.012072,17.841585,17.580248,21.990442,17.480885,19.783165,16.511368,23.749252,24.061522,23.345737,20.528505,21.342508,18.276463,20.785875,21.31748,22.313469,24.799143,21.414545,21.244926,19.07759,17.147503,18.634634,18.836203,18.52516,18.884481,17.076925,18.238628,15.14803,15.159022,15.787358,14.269626,15.805271,16.502361,17.097948,15.486394,15.088026,15.684186,16.041061,15.829933,15.723093,17.549166,17.696539,16.06222,1.2062532,2.5367055,6.94482,0.8032371,29.068134,30.581497,40.246483,17.702463,20.98891,21.464214,18.311785,15.681375,16.230288,56.11
4446130.227,657996.8598,94.286354,1.5540017,0.8680993,26.601309,31.546728,40.173496,30.682283,23.009808,30.42206,30.641684,25.456781,27.339285,31.10624,42.488754,37.977516,35.46551,41.70853,45.523582,2.989702,2.0854702,6.4423423,7.534181,1383.14,126.249794,0.040039062,0.53314215,0.003295898,0,15,0.6210119,0.43540525,0.3280089,0.22325802,0.6853587,1.1415038,2.1881127,18.721018,16.233982,17.22572,16.31188,17.90743,20.027834,17.64661,17.64717,21.546558,17.301283,20.123611,16.786348,22.732239,24.084642,22.512144,20.180853,22.615763,18.114042,19.350554,19.964907,23.138836,24.098698,19.422163,20.72724,18.579128,17.404205,17.81052,17.941303,18.124798,18.080244,16.569347,17.632856,15.135698,15.167993,15.876078,15.537787,16.189022,16.72987,17.93197,15.785292,15.62929,15.673099,16.546288,16.325176,15.80661,17.484211,17.567984,16.276157,1.2110505,2.5375862,6.9882617,0.8032371,29.074018,30.531872,40.233135,17.724926,20.726688,20.957851,17.787079,16.081203,16.433237,56.11
4446130.227,658001.7396,77.96476,1.5486901,0.8903278,26.65784,31.612413,39.588287,30.73095,23.01237,30.609947,30.418594,25.63891,27.266031,30.874716,42.302254,38.03065,35.494823,41.79003,45.847004,2.9749806,2.068735,6.513835,7.570623,1383.1,126.590866,-0.000488281,0.5529091,0.001098633,0,15,0.6210119,0.43540525,0.3280089,0.22325802,0.6853587,1.1415038,2.1881127,18.450033,15.809397,16.995844,16.912579,17.289324,19.403301,17.653013,17.389809,21.434278,17.41124,19.484348,16.65912,22.617767,23.722942,22.771238,19.990917,22.643538,19.279894,19.775372,18.632944,22.701382,24.404545,19.905676,20.761831,18.654156,18.269398,17.794567,17.620617,17.96772,19.093168,17.149055,17.863035,15.766395,15.539644,16.550566,14.645045,16.025492,16.80052,18.176254,15.903881,16.529757,16.028599,16.321808,16.577032,15.3151865,17.562529,17.51997,16.36777,1.2195089,2.5218577,7.0422287,0.8032371,29.135128,30.51427,40.16645,17.501926,20.585848,21.049047,18.078382,16.214846,16.5507,56.11
4446130.227,658006.6194,87.580956,1.5465076,0.9112613,26.70756,31.809742,38.75013,30.783703,22.96385,30.985945,30.08583,26.108463,27.302618,30.871307,41.98637,38.06694,35.603966,41.771606,45.97615,2.9568288,2.072964,6.604963,7.618182,1383.06,126.88389,0.000976563,0.57272893,0,0,15,0.6210119,0.43540525,0.3280089,0.22325802,0.6853587,1.1415038,2.1881127,18.450033,15.809397,16.995844,16.912579,17.289324,19.403301,17.653013,17.389809,21.434278,17.41124,19.484348,16.65912,22.617767,23.722942,22.771238,19.990917,22.643538,19.279894,19.775372,18.632944,22.701382,24.404545,19.905676,20.761831,18.654156,18.269398,17.794567,17.620617,17.96772,19.093168,17.149055,17.863035,15.766395,15.539644,16.550566,14.645045,16.025492,16.80052,18.176254,15.903881,16.529757,16.028599,16.321808,16.577032,15.3151865,17.562529,17.51997,16.36777,1.2288845,2.5148964,7.1115723,0.8032371,29.258652,30.535889,40.026657,17.501926,20.585848,21.049047,18.078382,16.214846,16.5507,56.11
4446130.227,658011.4993,94.86001,1.5279014,0.94623345,26.863049,32.526108,37.931656,30.952831,23.032871,31.522186,29.853241,26.60474,27.314888,31.031265,41.552517,37.859188,35.359383,41.78591,46.004223,2.9118576,2.0488553,6.717146,7.676999,1383.02,128.65697,-0.040039062,0.5505827,-0.001098633,0,15,0.6210119,0.43540525,0.3280089,0.22325802,0.6853587,1.1415038,2.1881127,18.822039,16.178337,16.94483,16.426455,17.129944,19.739077,17.66402,17.46684,21.496927,17.26647,19.510618,16.628326,22.77626,24.276264,21.568909,20.094227,21.91177,20.40087,19.257332,19.617697,23.478874,25.171703,20.902967,21.256868,18.20488,18.221443,17.879524,17.381245,17.942577,21.13912,16.789248,18.186123,16.157967,14.725507,16.527918,14.336653,15.896063,17.163294,16.582317,15.766329,16.17915,15.645625,15.905753,15.756913,15.638464,17.31579,16.3906,15.980541,1.2370675,2.4803565,7.1970725,0.8032371,29.694578,30.687714,39.705853,17.557814,20.503397,21.534458,18.222576,15.912818,16.1189,56.11
4446130.227,658016.3791,109.92157,1.5118605,0.98895246,26.852898,32.00171,36.89245,31.389778,22.874594,32.42055,30.186195,27.391394,27.246193,31.259256,40.829357,37.82491,35.112724,41.33458,45.965122,2.8716733,2.031583,6.877675,7.756309,1382.99,124.50389,0.16015625,0.556524,0.008911133,0,15,0.6210119,0.43540525,0.3280089,0.22325802,0.6853587,1.1415038,2.1881127,19.086796,15.671129,16.831367,16.288256,16.620565,19.630894,17.722727,17.310509,22.308147,17.584469,19.283478,16.567837,23.493483,24.856749,21.55132,20.467186,21.931753,19.912369,19.979212,19.567474,22.751669,24.24129,21.542925,21.159992,18.478672,17.404911,18.94331,18.224604,18.262009,21.100882,17.533455,18.613276,15.575635,15.68591,16.600082,15.032968,16.263784,16.672894,16.128412,15.962836,16.318417,16.722048,16.497557,15.952934,15.941278,16.123722,16.704187,16.237276,1.2504065,2.4516282,7.316992,0.8032371,29.427303,31.303373,39.327133,17.40739,20.806498,21.4181,18.563978,15.99424,16.322878,56.11
4446130.227,658021.2589,113.814156,1.4980531,1.0590405,26.8186,31.99502,35.266933,32.650978,22.734554,34.10189,30.442734,28.360334,26.699083,31.736856,39.479504,37.75893,35.3009,40.738323,45.93837,2.822221,2.0289824,7.210058,7.9380126,1382.94,117.89916,-0.041015625,0.5507926,-0.001220703,0,15,0.6269992,0.42774248,0.3264976,0.22677486,0.6633142,1.1198049,2.1955945,18.363146,15.258072,16.238731,16.00308,16.18393,19.247301,17.167528,16.844023,22.428453,17.607988,19.329842,16.59433,23.570599,24.932987,21.686224,20.53322,21.884806,19.869415,19.860075,19.528515,22.700481,24.193487,21.24789,21.102882,18.465387,17.400679,18.935387,18.224604,18.120642,21.09547,17.216923,18.58445,15.378096,15.491447,16.391682,14.864959,16.10286,16.479729,15.9307575,15.771839,16.318417,16.722048,16.497557,15.952934,15.941278,16.123722,16.704187,16.237276,1.2785468,2.4256017,7.5740356,0.7981039,29.40681,32.272312,38.619217,16.923113,20.878632,21.326382,18.494156,15.805647,16.322878,56.11
4446130.227,658026.1388,98.04554,1.4849211,0.98139393,26.833189,32.00087,35.64568,31.359985,22.865162,32.979565,30.372828,28.213446,27.55608,31.469473,40.465942,37.586136,35.126236,41.094864,45.815304,2.814243,2.0269458,6.910277,7.7818036,1382.9,117.90672,0.040527344,0.5510289,0.001098633,0,15,0.6269992,0.42774248,0.3264976,0.22677486,0.6633142,1.1198049,2.1955945,17.839584,15.472946,16.67107,14.540655,16.911022,18.665478,16.499952,16.640404,21.90265,17.333368,19.55172,16.47726,23.34395,23.834972,21.954437,20.247358,20.757963,18.839876,19.92338,19.269306,22.67924,22.695398,22.637365,20.700682,18.696148,16.874674,18.66603,17.425625,19.253948,19.751114,18.178663,18.474104,15.087636,14.577605,16.958952,13.894746,15.841773,15.926039,16.13,15.433706,14.921923,16.00239,16.809752,15.644264,15.923709,16.765219,16.907618,16.03554,1.2331575,2.4205945,7.3460402,0.7981039,29.41703,31.676197,39.02604,16.657244,20.628338,20.971788,18.4066,15.488107,16.139267,56.11
4446130.227,658031.0186,129.37743,1.4653404,0.92355716,27.004448,32.459732,35.58748,30.786373,23.059828,32.528656,30.197773,28.463966,28.01417,31.360037,40.890686,37.43787,34.889637,41.169376,45.66158,2.7865655,1.9926282,6.750423,7.7018476,1382.85,121.44135,-0.12060547,0.6043569,-0.005615234,0,15,0.6269992,0.42774248,0.3264976,0.22677486,0.6633142,1.1198049,2.1955945,17.878834,15.413945,15.905577,15.014826,17.245993,18.821274,16.546373,16.66193,21.906252,17.510313,19.817636,16.595388,23.539213,24.027723,22.508623,20.429539,23.32846,17.970875,20.60713,19.870195,22.511538,23.320526,22.160213,21.155405,19.68701,17.229206,18.870901,18.17188,17.96215,19.248255,18.315992,18.508474,15.198057,15.881994,17.414621,14.673642,15.311773,16.212042,16.517534,15.800472,15.285335,16.032522,16.530201,15.885489,15.641732,16.718351,16.924017,16.005259,1.1944487,2.389597,7.2261353,0.7981039,29.73209,31.363214,39.164276,16.689547,20.843594,21.395563,18.497913,15.8870945,16.14538,56.11
4446130.227,658035.8984,121.513794,1.4457494,0.87691665,26.87678,32.45656,35.349403,30.514416,22.997751,32.26163,30.054728,28.699467,28.328207,31.391012,41.207603,37.542217,34.89576,41.090107,45.497406,2.7810144,2.0356624,6.6386538,7.652612,1382.81,124.05506,0.041015625,0.63944745,0,0,15,0.6269992,0.42774248,0.3264976,0.22677486,0.6633142,1.1198049,2.1955945,17.878834,15.413945,15.905577,15.014826,17.245993,18.821274,16.546373,16.66193,21.906252,17.510313,19.817636,16.595388,23.539213,24.027723,22.508623,20.429539,23.32846,17.970875,20.60713,19.870195,22.511538,23.320526,22.160213,21.155405,19.68701,17.229206,18.870901,18.17188,17.96215,19.248255,18.315992,18.508474,15.198057,15.881994,17.414621,14.673642,15.311773,16.212042,16.517534,15.800472,15.285335,16.032522,16.530201,15.885489,15.641732,16.718351,16.924017,16.005259,1.1613331,2.4083385,7.1456327,0.7981039,29.666668,31.15818,39.37491,16.689547,20.843594,21.395563,18.497913,15.8870945,16.14538,56.11
4446130.227,658040.7783,134.13257,1.4174389,0.84170324,26.874222,32.257988,34.979774,30.4456,22.907629,32.237526,30.509558,28.96513,28.609686,31.589754,41.27888,37.327263,35.0952,40.82523,45.24509,2.7459083,1.9997321,6.5473685,7.61659,1382.76,129.2871,-0.12011719,0.61107177,-0.006713867,0,15,0.6269992,0.42774248,0.3264976,0.22677486,0.6633142,1.1198049,2.1955945,18.297314,16.539968,16.011986,15.758818,18.91375,20.51044,18.018736,17.560831,21.950901,16.49744,19.11569,15.942505,22.157043,22.329426,22.93568,19.593603,20.10764,17.997238,16.571604,15.7152815,19.78286,19.988562,17.74261,18.135838,17.507982,16.502869,16.279562,16.082287,17.696093,16.842604,18.629637,16.806107,14.919678,16.115765,15.926072,15.060384,15.241959,16.504385,16.769855,15.639729,15.091101,15.774325,15.764918,15.207446,15.717729,16.784334,16.46445,15.7291975,1.1295711,2.3728201,7.0819793,0.7981039,29.566105,31.373543,39.30307,17.721573,20.132671,18.272257,17.07729,15.791158,15.829186,56.11
4446130.227,658045.6581,101.47992,1.3991462,0.81151277,26.86379,32.25483,34.749836,30.454435,22.941793,32.282303,30.600695,29.26861,28.920216,31.906185,41.279102,37.283035,34.955177,40.509003,44.848766,2.710585,1.9941703,6.469077,7.5832877,1382.73,135,0.080078125,0.56748736,0.002197266,0,15,0.6269992,0.42774248,0.3264976,0.22677486,0.6633142,1.1198049,2.1955945,18.39693,15.273501,16.549576,15.931506,18.798304,20.606602,18.873964,17.515839,21.807913,16.62697,18.822447,16.255846,22.241442,21.64997,22.875828,19.502867,18.654026,17.431913,16.996355,15.464928,20.481775,19.346973,18.160072,17.92962,17.228415,17.222313,16.38047,16.749493,17.241919,17.796068,18.314249,17.044254,15.122724,16.262712,16.098476,14.51246,14.979676,15.911123,16.93388,15.549144,15.271924,16.44636,16.318554,16.004114,16.111992,16.688215,16.525003,16.127558,1.1053295,2.3523777,7.026182,0.7981039,29.55931,31.441498,39.281067,17.775768,20.040058,18.076576,17.276133,15.688723,16.195166,56.11
4446130.227,658050.5379,102.34847,1.3862276,0.78520215,27.001694,32.387466,34.56055,30.351595,23.014927,32.61656,30.969555,29.799767,29.410732,32.44305,40.893932,36.95784,34.785084,40.1605,44.262238,2.6779418,1.9837048,6.4083676,7.5692015,1382.69,133.02257,-0.041015625,0.5876176,-0.001098633,0,15,0.6558949,0.41726717,0.336664,0.24812698,0.66308403,0.9526443,2.1137757,18.39693,15.273501,16.549576,15.931506,18.798304,20.606602,18.873964,17.515839,21.807913,16.62697,18.822447,16.255846,22.241442,21.64997,22.875828,19.502867,18.654026,17.431913,16.996355,15.464928,20.481775,19.346973,18.160072,17.92962,17.228415,17.222313,16.38047,16.749493,17.241919,17.796068,18.314249,17.044254,15.122724,16.262712,16.098476,14.51246,14.979676,15.911123,16.93388,15.549144,15.271924,16.44636,16.318554,16.004114,16.111992,16.688215,16.525003,16.127558,1.0857148,2.3308234,6.988785,0.7696367,29.69458,31.793058,38.925888,17.775768,20.040058,18.076576,17.276133,15.688723,16.195166,56.11
4446130.227,658055.4178,88.704346,1.3653052,0.7697924,27.418266,32.3885,34.762962,30.125813,23.161388,32.958637,30.892038,30.257067,30.120066,33.268692,40.45723,36.99294,34.33233,39.763386,43.403538,2.638654,1.9642882,6.3493447,7.5401716,1382.65,131.18129,-0.0390625,0.60889417,-0.003295898,0,15,0.6558949,0.41726717,0.336664,0.24812698,0.66308403,0.9526443,2.1137757,17.870668,15.093034,16.597336,16.726475,18.721193,20.19398,17.975248,17.325266,20.28652,16.827545,18.947168,16.311697,22.115234,22.05202,22.36791,19.311626,18.875568,16.275118,15.8325615,16.077269,20.417288,19.710743,17.027811,17.568548,17.581799,16.380604,16.873894,16.776335,17.536034,17.531073,17.334385,17.022568,15.815142,15.587525,15.638278,15.476048,15.747063,16.78358,16.421522,15.832852,15.933709,16.208286,16.0235,16.185678,16.803354,16.38651,16.520555,16.196432,1.0675488,2.3014712,6.9447584,0.7696367,29.903383,31.925339,38.725082,17.596848,19.844013,17.745195,17.144876,15.924166,16.294514,56.11
4446130.227,658060.2976,77.3283,1.3473989,0.7594375,27.435308,32.38809,35.261967,29.754627,23.19285,33.421864,30.921827,30.608091,31.053045,34.318184,39.921036,36.949673,33.728344,39.28554,42.345856,2.597165,1.9593058,6.297593,7.511965,1382.61,131.0515,-0.040039062,0.5889127,-0.004394531,0,15,0.6558949,0.41726717,0.336664,0.24812698,0.66308403,0.9526443,2.1137757,19.420572,16.318113,17.889011,16.506388,19.843637,20.45799,20.045973,18.260635,20.062368,17.018358,18.648603,16.057613,21.782124,22.608334,22.193195,19.228529,18.511747,16.55323,15.504184,15.586551,18.701471,19.644318,16.58247,17.12588,18.02199,15.187789,16.777794,15.410966,16.98962,18.920597,18.20822,16.806633,16.321169,14.654081,16.260397,14.894049,16.389515,16.634089,16.439709,15.864873,16.552357,15.940733,16.317183,16.639784,15.665744,16.500566,15.860361,16.138653,1.0534182,2.2782354,6.904779,0.7696367,29.911697,32.171844,38.435356,18.640242,19.767227,17.29771,17.073853,15.941857,16.21096,56.11
4446125.243,657918.7824,105.0073,1.4092404,1.0451702,26.460917,30.122183,30.87954,25.622337,21.883766,41.705322,35.260044,32.27987,41.452587,49.515392,32.33549,34.509632,36.30673,33.510098,28.805552,2.666802,2.0512834,6.64866,7.8293924,1383.79,80.83056,-0.079589844,0.899676,-0.004394531,0,15,0.6046137,0.3862287,0.28195563,0.23422857,0.6708336,0.78631145,1.5193175,18.01325,16.538769,15.885451,14.378718,18.794407,20.47974,18.59201,17.245884,22.892477,17.870213,19.740812,17.0437,23.693466,23.61814,23.920328,20.665302,23.16305,19.24614,20.510582,20.007568,22.768993,23.033184,22.703602,21.278362,21.212637,19.279402,20.30489,20.623684,21.409237,21.406424,19.562683,20.588255,14.471695,13.7764,14.581212,13.607018,16.445896,15.707802,16.824854,14.807943,17.815397,17.034277,17.161112,16.308653,17.992603,17.23556,18.47726,17.351559,1.2272053,2.3590426,7.239026,0.64049846,28.29155,38.48268,33.42256,17.526049,21.254164,21.633303,20.542707,15.059267,17.432123,56.11
4446125.243,657923.6623,119.553185,1.4231058,0.9810323,26.450134,30.12442,31.599169,26.272165,22.126402,41.600285,35.20855,32.0345,39.984318,47.898476,32.55356,34.524372,35.972805,34.151318,29.731201,2.6879551,2.052421,6.6021724,7.778154,1383.72,84.28479,0.079589844,0.8638053,0.002197266,0,15,0.6046137,0.3862287,0.28195563,0.23422857,0.6708336,0.78631145,1.5193175,18.406338,16.355207,16.434368,15.389059,19.097832,20.576138,17.859463,17.502659,23.082397,18.182991,20.020351,17.33223,23.298042,23.715307,24.55121,20.892164,23.341047,20.394426,19.904789,19.352612,21.665743,22.432611,24.265476,21.128452,20.278362,20.340937,20.210041,20.370968,21.036505,22.311802,20.523941,20.749025,15.126237,15.052,14.837457,14.143357,16.607986,16.609402,16.650572,15.357755,16.699627,17.340277,18.009293,17.451124,17.71458,18.340054,17.86917,17.584,1.202069,2.3701882,7.190163,0.64049846,28.287277,38.40442,33.538963,17.731201,21.454647,21.622387,20.724651,15.575287,17.632019,56.11
4446125.243,657928.5421,103.05707,1.440628,0.9261845,26.675648,29.597534,32.43603,26.832718,22.286459,41.238873,35.18875,31.672737,38.70337,46.493916,32.957226,34.81463,35.679424,34.679356,30.556469,2.705628,2.0629487,6.5586486,7.735439,1383.64,85.75979,-0.119628906,0.77562475,-0.00769043,0,15,0.6046137,0.3862287,0.28195563,0.23422857,0.6708336,0.78631145,1.5193175,18.014156,16.524874,17.14896,15.722217,18.98303,20.618032,18.238722,17.685678,23.074343,18.16451,19.542143,17.351633,23.708403,25.226103,24.487505,21.091694,23.568043,20.643005,20.038475,21.242329,21.931564,24.768438,24.34729,21.889168,20.735334,20.85148,19.984085,21.663593,21.340624,22.167257,21.028362,21.107744,14.791791,15.285134,15.074978,14.274237,16.55871,17.174501,17.198652,15.643389,16.861921,17.99334,17.784267,17.164202,17.922934,18.458126,18.352365,17.767635,1.1834062,2.3842883,7.1470437,0.64049846,28.136591,38.213814,33.885925,17.892857,21.650663,22.362734,21.110106,15.765429,17.791023,56.11
4446125.243,657933.4219,94.44925,1.4546047,0.89358944,26.674978,29.60342,33.458927,27.32013,22.448877,40.598427,34.978165,31.227793,37.537434,45.296597,33.62351,35.00068,35.336063,35.276382,31.378376,2.7218845,2.0641139,6.513807,7.6888857,1383.58,86.1818,-0.080566406,0.64591396,-0.005615234,0,15,0.61103195,0.42520988,0.32373238,0.2338426,0.66198546,1.033416,2.1736925,18.014156,16.524874,17.14896,15.722217,18.98303,20.618032,18.238722,17.685678,23.074343,18.16451,19.542143,17.351633,23.708403,25.226103,24.487505,21.091694,23.568043,20.643005,20.038475,21.242329,21.931564,24.768438,24.34729,21.889168,20.735334,20.85148,19.984085,21.663593,21.340624,22.167257,21.028362,21.107744,14.791791,15.285134,15.074978,14.274237,16.55871,17.174501,17.198652,15.643389,16.861921,17.99334,17.784267,17.164202,17.922934,18.458126,18.352365,17.767635,1.1740971,2.3929992,7.101346,0.78041583,28.139198,37.788296,34.312096,17.892857,21.650663,22.362734,21.110106,15.765429,17.791023,56.11
4446125.243,657938.3018,98.20117,1.4609344,0.87450993,26.739677,29.668839,34.57194,27.761703,22.633993,39.785637,34.897873,30.78142,36.503426,44.25562,34.41343,35.12995,34.954483,35.862087,32.102097,2.7303877,2.0566874,6.474629,7.6489105,1383.53,91.47064,0.000488281,0.5586463,-0.003295898,0,15,0.61103195,0.42520988,0.32373238,0.2338426,0.66198546,1.033416,2.1736925,17.944674,16.028723,17.298864,15.241979,18.29832,20.637634,18.760324,17.522697,22.614908,18.222599,20.116522,17.398718,23.637514,24.319399,24.704437,21.00831,23.135418,20.517908,20.939793,20.83411,23.638649,25.220835,23.884417,22.120848,21.162989,20.861723,20.33866,21.528263,20.837538,21.676432,21.79274,20.934004,14.950071,14.533905,16.358006,15.121715,16.196012,16.830513,16.62209,15.701588,17.496792,17.51955,17.993954,17.11709,17.560976,18.303343,18.389933,17.683493,1.1677222,2.3935375,7.0617695,0.78041583,28.204258,37.341755,34.77169,17.74436,21.573442,22.595875,21.17119,15.801758,17.768805,56.11
4446125.243,657943.1816,80.4454,1.4736227,0.867574,26.74169,29.674704,35.765373,28.20695,22.755281,38.694122,34.566196,30.219591,35.57276,43.328835,35.49084,35.521038,34.616932,36.33096,32.815544,2.7474065,2.0578809,6.439032,7.60789,1383.48,98.130104,-0.12011719,0.50690925,-0.006713867,0,15,0.61103195,0.42520988,0.32373238,0.2338426,0.66198546,1.033416,2.1736925,19.229338,16.083256,16.804195,15.6291485,18.183498,19.859049,19.106985,17.617176,22.554493,17.912508,20.28574,17.535507,23.052559,24.656904,24.750158,20.961374,23.270603,19.84931,20.916306,20.313253,22.878101,26.041113,22.678308,21.847345,21.149958,21.452366,20.189604,21.113993,20.22456,21.7798,19.516846,20.69687,15.164412,15.493676,15.554554,15.116706,16.269102,16.365194,17.208738,15.728874,17.24274,17.595318,17.53167,17.559814,17.073555,18.730196,18.7283,17.649517,1.1705983,2.4026437,7.0234613,0.78041583,28.208197,36.630157,35.50594,17.842209,21.535412,22.278141,20.775303,15.881769,17.780228,56.11
4446125.243,657948.0614,84.004814,1.490759,0.87274134,26.560066,30.716856,37.099113,28.680037,22.941513,37.47227,34.03737,29.733385,34.739594,42.44537,36.749325,35.625183,33.775803,36.622177,33.461514,2.7720697,2.0992057,6.401788,7.5524697,1383.44,104.95464,-0.080566406,0.44448447,-0.006713867,0,15,0.61103195,0.42520988,0.32373238,0.2338426,0.66198546,1.033416,2.1736925,19.229338,16.083256,16.804195,15.6291485,18.183498,19.859049,19.106985,17.617176,22.554493,17.912508,20.28574,17.535507,23.052559,24.656904,24.750158,20.961374,23.270603,19.84931,20.916306,20.313253,22.878101,26.041113,22.678308,21.847345,21.149958,21.452366,20.189604,21.113993,20.22456,21.7798,19.516846,20.69687,15.164412,15.493676,15.554554,15.116706,16.269102,16.365194,17.208738,15.728874,17.24274,17.595318,17.53167,17.559814,17.073555,18.730196,18.7283,17.649517,1.1817502,2.4356377,6.977129,0.78041583,28.638462,35.75482,36.187256,17.842209,21.535412,22.278141,20.775303,15.881769,17.780228,56.11
4446125.243,657952.9413,90.48679,1.5019264,0.877377,26.56416,30.722181,38.337074,29.266983,23.13236,36.0776,33.619522,29.173841,33.854748,41.52024,38.181095,36.2149,33.403347,36.97336,34.059757,2.79999,2.100922,6.3812604,7.5137467,1383.41,114.181564,0.040527344,0.45501894,0.002319336,0,15,0.61103195,0.42520988,0.32373238,0.2338426,0.66198546,1.033416,2.1736925,19.41073,16.289745,16.717743,16.152933,18.294226,19.866606,18.814493,17.73369,22.942287,18.008121,20.487686,16.840065,23.188583,25.30974,24.63117,21.076872,20.889912,20.52921,20.936039,19.694668,22.719389,25.494757,23.743517,21.593998,21.036741,21.107914,19.565601,21.50768,20.456688,21.398281,20.848982,20.784311,16.04291,15.154958,15.34783,15.186765,16.0723,16.522644,17.240665,15.797255,16.58676,17.32725,17.73817,17.328463,16.91656,19.062365,18.857878,17.582592,1.1896517,2.4504561,6.9475036,0.78041583,28.64317,34.84856,37.197998,17.935211,21.629665,22.00107,20.845984,15.938295,17.688206,56.11
4446125.243,657957.8211,107.90782,1.5125139,0.8840952,26.564709,30.726824,39.548183,29.923141,23.356016,34.608143,33.182045,28.645094,32.979027,40.50754,39.71475,36.87202,32.996555,37.24488,34.685272,2.8342323,2.1028564,6.370932,7.4774394,1383.37,116.55631,0,0.51272124,0,0,15,0.61103195,0.42520988,0.32373238,0.2338426,0.66198546,1.033416,2.1736925,18.646986,15.457701,16.347645,16.295502,18.564224,20.090061,18.395315,17.50275,22.277391,18.19658,20.58848,16.89244,24.005459,24.988657,23.51451,21.13524,21.946718,19.698475,20.64318,19.699276,21.519072,26.466185,22.955906,21.481909,21.01788,20.928005,20.207624,19.972565,20.241442,21.803377,19.928988,20.600235,15.342732,14.598748,15.287824,13.93474,16.021774,17.095488,17.29294,15.457332,16.708576,17.125921,18.198328,17.273306,16.36019,18.324965,18.503628,17.332521,1.1983045,2.4685445,6.9241858,0.78041583,28.645767,33.895096,38.293385,17.685347,21.494787,21.846973,20.585697,15.653464,17.499273,56.11
4446125.243,657962.7009,80.35301,1.5314165,0.8755488,26.642155,31.971039,40.02553,30.056038,23.640654,33.799267,32.220882,27.762709,31.784384,39.020367,40.174896,36.925167,33.43392,38.489624,36.609303,2.869782,2.0912418,6.3432326,7.4647813,1383.33,120.356834,-0.041015625,0.4812473,-0.002319336,0,15,0.6157703,0.43516126,0.33709916,0.22385566,0.691057,1.1573812,2.1898558,18.646986,15.457701,16.347645,16.295502,18.564224,20.090061,18.395315,17.50275,22.277391,18.19658,20.58848,16.89244,24.005459,24.988657,23.51451,21.13524,21.946718,19.698475,20.64318,19.699276,21.519072,26.466185,22.955906,21.481909,21.01788,20.928005,20.207624,19.972565,20.241442,21.803377,19.928988,20.600235,15.342732,14.598748,15.287824,13.93474,16.021774,17.095488,17.29294,15.457332,16.708576,17.125921,18.198328,17.273306,16.36019,18.324965,18.503628,17.332521,1.2034826,2.480512,6.904007,0.80716866,29.306597,33.010075,38.550034,17.685347,21.494787,21.846973,20.585697,15.653464,17.499273,56.11
4446125.243,657967.5808,102.899345,1.5350081,0.86510843,26.684637,31.979774,40.378773,30.181025,23.48081,33.02169,31.960083,27.115717,30.729916,37.42215,40.589336,37.039463,33.861954,39.26709,38.51588,2.900319,2.0915775,6.329527,7.4676166,1383.3,125.52349,0.08105469,0.4926144,0.004516602,0,15,0.6157703,0.43516126,0.33709916,0.22385566,0.691057,1.1573812,2.1898558,19.052242,16.835749,17.028297,15.380142,18.657694,20.870104,18.844542,17.887926,22.55789,17.852282,20.661411,17.110008,23.969603,25.200956,23.76732,21.170795,22.199705,20.094051,19.85411,20.075504,21.19033,25.570078,23.256428,21.313425,21.344425,21.364897,20.02239,20.466192,20.427927,23.229172,21.376034,21.032204,15.821116,15.478943,15.126143,14.376597,16.04244,17.289194,17.581545,15.7745285,17.434856,17.63506,17.757215,17.406849,15.7732115,17.643782,18.179419,17.287539,1.2000582,2.4959483,6.898572,0.80716866,29.332207,32.490887,38.8144,18.09554,21.588497,21.7486,21.175861,15.959426,17.40434,56.11
4446125.243,657972.4606,115.90017,1.5382277,0.86016005,26.723152,31.987623,40.763077,30.43623,23.371954,32.1772,31.68775,26.53392,29.688156,35.81391,41.108685,37.211304,34.181416,39.92159,40.29591,2.935423,2.0920937,6.331503,7.4711924,1383.26,128.15392,-0.040039062,0.5103003,-0.001098633,0,15,0.6157703,0.43516126,0.33709916,0.22385566,0.691057,1.1573812,2.1898558,18.27113,17.00628,16.953548,15.826569,18.674103,20.496752,18.14218,17.766165,22.748123,17.909771,19.98717,16.689882,23.280361,24.607891,22.891134,20.612318,21.971207,19.5424,21.116032,19.830166,21.15168,25.341227,22.467455,21.224777,20.51447,19.4346,19.295265,19.432055,19.637657,21.623096,20.175566,19.884598,15.292925,15.122042,15.642006,14.766668,15.91808,15.941917,17.703823,15.559016,15.3642025,16.46301,16.628443,16.393616,14.455057,16.44916,16.978825,15.941922,1.1991938,2.5137582,6.9013476,0.80716866,29.355389,31.932476,39.159996,17.91008,21.159191,21.631453,20.016102,15.769638,16.104616,56.11
4446125.243,657977.3404,100.267006,1.5385357,0.8596539,26.644981,31.076986,41.093605,30.817488,23.229198,31.360611,31.920383,26.286612,28.678614,34.24801,41.631496,37.468544,34.308792,40.304867,41.92233,2.9710302,2.0809445,6.347176,7.4751053,1383.23,124.13044,0.119628906,0.5363114,0.006591797,0,15,0.6157703,0.43516126,0.33709916,0.22385566,0.691057,1.1573812,2.1898558,17.68783,17.023241,16.986624,15.836744,17.56663,19.750675,17.539995,17.391575,22.63818,17.909771,19.98717,16.689882,23.280361,24.278059,22.561304,20.54682,21.570238,18.651226,20.900276,19.429152,21.044718,24.812801,21.183752,20.791355,18.696468,18.271074,17.964611,18.477762,18.63714,19.637348,17.642542,18.39973,15.292925,15.122042,15.642006,14.766668,15.91808,15.941917,17.703823,15.559016,15.3642025,16.46301,16.628443,16.393616,14.455057,16.44916,16.978825,15.941922,1.1990948,2.5259874,6.9111404,0.80716866,28.860985,31.640497,39.55002,17.484533,21.049246,21.084595,18.475279,15.769638,16.104616,56.11
4446125.243,657982.2203,77.44367,1.5476092,0.8685029,26.610058,31.539825,41.495262,31.206354,23.177301,30.429932,30.668043,25.315226,27.715145,32.878387,42.29001,38.121414,34.746967,40.93872,43.343136,3.0089064,2.0884326,6.370631,7.472755,1383.18,122.47942,-0.07910156,0.5600357,-0.005493164,0,15,0.6157703,0.43516126,0.33709916,0.22385566,0.691057,1.1573812,2.1898558,18.71555,17.489191,17.137321,15.812694,18.24859,19.630896,18.130737,17.74103,21.9885,18.051878,19.761951,16.690783,23.613129,23.749462,23.718657,20.5607,20.888119,18.149227,19.809233,20.70102,21.486835,24.43141,21.787731,20.790218,18.233624,17.901798,18.358152,18.672474,18.172413,20.340708,17.939047,18.464943,15.460727,14.848755,16.160242,14.616407,16.30342,16.072922,17.129053,15.611079,15.16683,15.877687,16.268864,16.23296,15.221464,16.797031,17.538706,15.946824,1.2080561,2.5486693,6.921693,0.80716866,29.074942,30.548988,40.20571,17.88071,21.08205,21.036226,18.516888,15.79879,16.157648,56.11
4446125.243,657987.1001,53.14494,1.5476092,0.8685029,26.610058,31.539825,41.495262,31.206354,23.177301,30.429932,30.668043,25.315226,27.715145,32.878387,42.29001,38.121414,34.746967,40.93872,43.343136,3.0089064,2.0884326,6.370631,7.472755,1383.18,122.47942,-0.07910156,0.5600357,-0.005493164,0,15,0.6157703,0.43516126,0.33709916,0.22385566,0.691057,1.1573812,2.1898558,18.71555,17.489191,17.137321,15.812694,18.24859,19.630896,18.130737,17.74103,21.9885,18.051878,19.761951,16.690783,23.613129,23.749462,23.718657,20.5607,20.888119,18.149227,19.809233,20.70102,21.486835,24.43141,21.787731,20.790218,18.233624,17.901798,18.358152,18.672474,18.172413,20.340708,17.939047,18.464943,15.460727,14.848755,16.160242,14.616407,16.30342,16.072922,17.129053,15.611079,15.16683,15.877687,16.268864,16.23296,15.221464,16.797031,17.538706,15.946824,1.2080561,2.5486693,6.921693,0.80716866,29.074942,30.548988,40.20571,17.88071,21.08205,21.036226,18.516888,15.79879,16.157648,56.11
4446125.243,657991.9799,88.80016,1.5453308,0.87655324,26.633532,31.544367,41.5187,31.494953,23.136776,29.964956,30.546133,25.186062,27.05695,31.809,42.55697,38.162876,34.8665,41.255352,44.446266,3.0269732,2.0880427,6.414089,7.490391,1383.14,128.415,-0.12011719,0.53043646,-0.006713867,0,15,0.6210119,0.43540525,0.3280089,0.22325802,0.6853587,1.1415038,2.1881127,18.71555,17.489191,17.137321,15.812694,18.24859,19.630896,18.130737,17.74103,21.9885,18.051878,19.761951,16.690783,23.613129,23.749462,23.718657,20.5607,20.888119,18.149227,19.809233,20.70102,21.486835,24.43141,21.787731,20.790218,18.233624,17.901798,18.358152,18.672474,18.172413,20.340708,17.939047,18.464943,15.460727,14.848755,16.160242,14.616407,16.30342,16.072922,17.129053,15.611079,15.16683,15.877687,16.268864,16.23296,15.221464,16.797031,17.538706,15.946824,1.210942,2.557508,6.95224,0.8032371,29.08895,30.255545,40.359924,17.88071,21.08205,21.036226,18.516888,15.79879,16.157648,56.11
4446125.243,657996.8598,96.4187,1.5414014,0.88675624,26.641964,31.547401,41.117973,31.549,23.087275,29.892813,30.518476,25.325813,26.786179,31.14562,42.58146,38.11278,34.998894,41.458794,45.203857,3.0250995,2.0874138,6.4676504,7.520173,1383.11,128.65697,0.040039062,0.5505827,0.001098633,0,15,0.6210119,0.43540525,0.3280089,0.22325802,0.6853587,1.1415038,2.1881127,18.401064,16.969128,17.303495,15.531577,18.061346,18.918621,18.997774,17.51401,22.058079,17.299131,19.95471,16.61666,22.990314,23.565638,23.517395,20.324125,22.199005,16.782175,19.898565,19.598742,23.409985,24.790112,21.881962,20.982779,19.635637,17.838778,18.358946,19.190243,18.255077,20.415579,18.76041,18.764822,15.379226,15.750422,16.376757,14.76967,16.498674,17.002497,17.79387,15.964868,16.331678,15.903852,16.294842,15.836169,16.121428,16.76459,17.842045,16.249037,1.2140788,2.5562568,6.9939117,0.8032371,29.094683,30.205645,40.347122,17.74043,20.857418,21.222935,18.922098,16.224443,16.442087,56.11
4446125.243,658001.7396,89.80195,1.5238523,0.9006054,26.749508,31.810734,40.47914,31.412882,22.979652,30.131306,30.338272,25.545435,26.810318,30.853525,42.410233,38.015427,34.959274,41.696693,45.67349,2.993947,2.0685773,6.5302386,7.562343,1383.07,126.58712,-0.000976563,0.55266446,-0.001220703,0,15,0.6210119,0.43540525,0.3280089,0.22325802,0.6853587,1.1415038,2.1881127,18.771616,16.39039,16.72206,16.407957,17.420692,19.113602,18.666769,17.40433,21.371204,18.300917,19.57733,16.854155,22.667055,23.494144,23.475786,20.275433,21.362164,18.1001,20.289146,19.06965,22.294573,24.539822,22.93483,20.961674,19.363438,17.558619,17.789974,18.328466,17.655434,19.42761,19.19317,18.27125,16.220446,15.221944,16.395163,15.343146,16.050497,15.825791,17.729624,15.8506565,16.484777,15.909378,16.656746,17.049347,15.629367,16.842867,17.59473,16.457083,1.2122289,2.5312622,7.046291,0.8032371,29.28012,30.234789,40.21283,17.64187,20.820084,21.227184,18.473816,16.112373,16.595316,56.11
4446125.243,658006.6194,93.37412,1.5240813,0.9185877,26.963402,32.59505,39.557896,31.294527,23.005695,30.525051,29.617035,25.789444,26.957922,30.815346,42.13349,38.090866,35.319904,41.808533,45.91705,2.9657285,2.0673318,6.607379,7.6094704,1383.03,123.70621,-0.03955078,0.5164141,-0.003295898,0,15,0.6210119,0.43540525,0.3280089,0.22325802,0.6853587,1.1415038,2.1881127,18.771616,16.39039,16.72206,16.407957,17.420692,19.113602,18.666769,17.40433,21.371204,18.300917,19.57733,16.854155,22.667055,23.494144,23.475786,20.275433,21.362164,18.1001,20.289146,19.06965,22.294573,24.539822,22.93483,20.961674,19.363438,17.558619,17.789974,18.328466,17.655434,19.42761,19.19317,18.27125,16.220446,15.221944,16.395163,15.343146,16.050497,15.825791,17.729624,15.8506565,16.484777,15.909378,16.656746,17.049347,15.629367,16.842867,17.59473,16.457083,1.2213345,2.51653,7.1084247,0.8032371,29.779226,30.071043,40.11218,17.64187,20.820084,21.227184,18.473816,16.112373,16.595316,56.11
4446125.243,658011.4993,70.6914,1.5147946,0.94189066,26.947048,32.59392,38.56757,31.304363,22.9555,31.161852,29.750063,26.341103,27.103355,30.912088,41.669308,37.929527,35.43597,41.717567,46.017605,2.932112,2.0661054,6.7034826,7.666743,1382.99,120.96376,-0.080078125,0.50161,-0.006713867,0,15,0.6210119,0.43540525,0.3280089,0.22325802,0.6853587,1.1415038,2.1881127,18.796024,16.401703,17.06977,16.733084,17.505436,19.298061,17.826494,17.533888,21.774794,17.997398,20.085869,17.050585,22.444828,23.570398,22.634033,20.275055,23.032759,20.247639,21.522602,19.437252,22.929382,25.23883,19.58763,21.601215,17.918674,17.991974,18.683746,18.124989,17.836512,19.561903,16.071857,18.014418,16.359268,14.963174,15.752311,15.165866,16.587934,16.056322,16.558619,15.763966,17.105108,15.980263,15.968863,16.400969,16.062138,16.629145,16.896437,16.34141,1.2283427,2.4991088,7.185113,0.8032371,29.770485,30.455957,39.799416,17.66151,20.793985,21.713728,18.027094,15.920499,16.434704,56.11
4446125.243,658016.3791,108.12359,1.4992328,0.9706791,26.877388,32.0024,37.70336,31.493885,22.897142,31.946684,30.076176,27.12119,27.215416,31.056923,41.07758,37.938587,34.85996,41.275528,46.01329,2.8825953,2.032262,6.812025,7.719041,1382.95,121.51802,-0.16064453,0.5207645,-0.0078125,0,15,0.6210119,0.43540525,0.3280089,0.22325802,0.6853587,1.1415038,2.1881127,18.824966,15.889357,17.085667,15.342926,17.890661,19.694162,16.925194,17.354546,22.120333,18.04304,20.660048,16.605799,23.727499,24.33542,22.85258,20.694921,22.695848,21.047882,21.473799,18.860691,22.120312,25.096846,19.851995,21.525063,18.47267,18.17669,18.955647,18.24002,18.27271,20.502056,16.26405,18.490427,15.093244,14.306945,15.375526,15.018557,16.405428,16.522783,16.551,15.526523,16.470737,16.394062,15.507976,16.490364,16.194906,16.264734,16.73342,16.214058,1.2349559,2.4574287,7.265533,0.8032371,29.439894,31.011429,39.508083,17.37899,21.192102,21.592482,18.411978,15.610497,16.293743,56.11
4446125.243,658021.2589,128.02701,1.4853095,0.9846739,26.862093,32.000977,36.809437,31.660843,22.862741,32.537617,30.208406,27.67076,27.309507,31.262224,40.647655,37.808594,34.908016,41.070713,45.956078,2.8456933,2.0297863,6.8872533,7.76551,1382.92,122.013245,0.08105469,0.54026073,0.002319336,0,15,0.6269992,0.42774248,0.3264976,0.22677486,0.6633142,1.1198049,2.1955945,18.824966,15.889357,17.085667,15.342926,17.890661,19.694162,16.925194,17.354546,22.120333,18.04304,20.660048,16.605799,23.727499,24.33542,22.85258,20.694921,22.695848,21.047882,21.473799,18.860691,22.120312,25.096846,19.851995,21.525063,18.47267,18.17669,18.955647,18.24002,18.27271,20.502056,16.26405,18.490427,15.093244,14.306945,15.375526,15.018557,16.405428,16.522783,16.551,15.526523,16.470737,16.394062,15.507976,16.490364,16.194906,16.264734,16.73342,16.214058,1.2349917,2.4377398,7.3263817,0.7981039,29.431534,31.373013,39.228127,17.37899,21.192102,21.592482,18.411978,15.610497,16.293743,56.11
4446125.243,658026.1388,125.40421,1.4716663,0.95667523,26.855804,32.001244,36.321884,31.39689,22.879429,32.536274,30.281143,27.99603,27.637964,31.316475,40.71105,37.686462,34.89709,41.005547,45.84603,2.8189726,2.0272977,6.822894,7.743236,1382.88,119.04141,0.080078125,0.58997583,0.006713867,0,15,0.6269992,0.42774248,0.3264976,0.22677486,0.6633142,1.1198049,2.1955945,17.296316,16.043097,17.467081,14.774727,17.923393,19.293182,17.07697,17.12353,22.129974,17.766012,20.823147,16.76649,22.940125,23.830088,22.49263,20.447594,21.501997,21.118605,21.830929,19.689083,22.775608,24.442797,19.500057,21.499868,19.087309,18.39537,19.047974,18.394358,18.601812,20.784557,16.620373,18.807346,15.4694805,14.704332,15.792437,14.333839,16.649162,17.20968,16.210714,15.684578,15.503716,16.24852,16.570198,16.326832,16.311337,16.716946,16.539545,16.26302,1.2141708,2.4231353,7.283065,0.7981039,29.428524,31.408709,39.198753,17.124968,20.964067,21.551296,18.704538,15.767092,16.316729,56.11
4446125.243,658031.0186,124.11281,1.448445,0.9120151,26.90267,32.456726,35.926117,31.098898,22.945902,32.27748,29.964304,28.454119,27.989368,31.372112,40.99647,37.691338,34.7625,40.950493,45.64258,2.802515,2.0389302,6.709445,7.6941347,1382.83,118.302895,0.0390625,0.6342836,0.002197266,0,15,0.6269992,0.42774248,0.3264976,0.22677486,0.6633142,1.1198049,2.1955945,17.127733,16.52054,17.366108,15.349753,17.685875,19.27506,17.18215,17.172161,22.29289,17.522003,20.113613,16.864063,23.076601,24.000076,22.327497,20.39133,20.740896,19.59686,20.932257,20.118395,23.07615,24.489918,20.924622,21.215427,18.996004,18.120974,18.88746,18.225935,18.238087,20.906073,17.49081,18.650812,14.9158535,14.791297,15.618013,14.343774,16.074034,17.36442,15.669581,15.516566,15.738794,16.651575,16.417435,16.045845,16.489456,16.838459,16.870874,16.350956,1.18023,2.4207225,7.20179,0.7981039,29.679699,31.120892,39.343903,17.215319,20.88525,21.411299,18.69505,15.539567,16.436062,56.11
4446125.243,658035.8984,136.15932,1.432022,0.87100863,26.897673,32.45642,35.47255,31.00841,22.974508,32.14969,30.031788,28.767313,28.260052,31.510296,41.15931,37.62149,34.728107,40.769997,45.386166,2.7722416,2.034399,6.6033316,7.6540227,1382.78,120.07874,0.000488281,0.62899745,0,0,15,0.6269992,0.42774248,0.3264976,0.22677486,0.6633142,1.1198049,2.1955945,17.127733,16.52054,17.366108,15.349753,17.685875,19.27506,17.18215,17.172161,22.29289,17.522003,20.113613,16.864063,23.076601,24.000076,22.327497,20.39133,20.740896,19.59686,20.932257,20.118395,23.07615,24.489918,20.924622,21.215427,18.996004,18.120974,18.88746,18.225935,18.238087,20.906073,17.49081,18.650812,14.9158535,14.791297,15.618013,14.343774,16.074034,17.36442,15.669581,15.516566,15.738794,16.651575,16.417435,16.045845,16.489456,16.838459,16.870874,16.350956,1.1515152,2.4033203,7.1286774,0.7981039,29.677048,31.090738,39.3904,17.215319,20.88525,21.411299,18.69505,15.539567,16.436062,56.11
4446125.243,658040.7783,133.59721,1.4044063,0.8381457,26.895657,32.256832,34.82657,31.145689,22.885431,32.14316,30.507816,29.1702,28.49435,31.834139,41.205208,37.42401,34.94656,40.38635,45.027477,2.7364924,1.9988801,6.507327,7.6252875,1382.73,122.90013,-0.080078125,0.5803804,-0.006713867,0,15,0.6269992,0.42774248,0.3264976,0.22677486,0.6633142,1.1198049,2.1955945,18.012228,16.843271,17.008677,15.441056,18.96849,20.19565,18.240705,17.6701,21.145983,17.219128,18.846306,16.284748,22.54274,23.345007,23.279125,19.835407,18.792852,18.458815,16.469135,15.361024,19.940716,20.00715,18.470507,18.05762,17.3643,17.062973,16.572603,14.910807,17.582714,19.80208,18.027903,17.172462,15.24524,15.622831,15.955141,14.856868,16.096478,16.70644,16.848217,15.838811,16.01982,16.000513,15.615964,15.42278,15.851802,16.811424,16.218319,15.937463,1.121276,2.3676863,7.066307,0.7981039,29.576244,31.325489,39.31461,17.815725,20.380434,18.214314,17.331911,15.90446,15.991516,56.11
4446125.243,658045.6581,98.2958,1.3861302,0.80873847,26.886196,32.251976,34.223778,31.424068,22.918026,32.176105,30.638802,29.634155,28.731174,32.244987,41.20342,37.392998,34.873646,39.914948,44.558056,2.7008598,1.9931959,6.41878,7.599098,1382.69,128.40886,-0.12109375,0.5299452,-0.006713867,0,15,0.6269992,0.42774248,0.3264976,0.22677486,0.6633142,1.1198049,2.1955945,18.095392,15.480334,16.746742,15.761973,19.208668,20.20731,18.782179,17.519741,20.902864,17.500282,18.991856,16.287071,22.29707,22.713991,22.564865,19.672039,19.682262,16.544405,16.80926,16.148033,19.462051,19.879503,18.217108,17.96387,17.201666,15.347661,16.695055,15.231943,17.23622,18.385221,18.667942,16.76154,15.391859,15.143613,15.665205,14.642119,15.849664,16.01691,16.169815,15.467411,16.187613,15.907323,15.951479,15.80882,15.668122,16.755404,16.621523,16.020147,1.0974343,2.3470278,7.008939,0.7981039,29.569086,31.407454,39.29821,17.754656,20.179714,18.106089,16.966532,15.554169,16.128613,56.11
4446125.243,658050.5379,105.51347,1.3677026,0.7850742,26.878307,32.247543,33.86587,31.606853,22.9498,32.32196,30.752995,30.084982,29.136955,32.876225,41.072945,37.369316,34.664845,39.388477,43.895218,2.6627688,1.9874694,6.3407354,7.573038,1382.66,128.65128,0.041015625,0.5500912,0.001098633,0,15,0.6558949,0.41726717,0.336664,0.24812698,0.66308403,0.9526443,2.1137757,18.095392,15.480334,16.746742,15.761973,19.208668,20.20731,18.782179,17.519741,20.902864,17.500282,18.991856,16.287071,22.29707,22.713991,22.564865,19.672039,19.682262,16.544405,16.80926,16.148033,19.462051,19.879503,18.217108,17.96387,17.201666,15.347661,16.695055,15.231943,17.23622,18.385221,18.667942,16.76154,15.391859,15.143613,15.665205,14.642119,15.849664,16.01691,16.169815,15.467411,16.187613,15.907323,15.951479,15.80882,15.668122,16.755404,16.621523,16.020147,1.0763884,2.325119,6.956887,0.7696367,29.562925,31.537477,39.22113,17.754656,20.179714,18.106089,16.966532,15.554169,16.128613,56.11
4446125.243,658055.4178,82.831566,1.3448508,0.7667921,27.188663,32.64382,34.15314,31.268744,23.023144,32.643906,30.753977,30.592863,29.928226,33.79284,40.66878,37.166462,34.126602,39.007565,42.951313,2.6229649,1.9711827,6.2842565,7.5381846,1382.62,126.56552,0,0.55294526,-0.001098633,0,15,0.6558949,0.41726717,0.336664,0.24812698,0.66308403,0.9526443,2.1137757,19.12289,15.656296,17.252594,16.64294,20.501478,21.756207,20.012392,18.34659,20.335688,17.049768,18.10425,15.548765,21.827688,22.36652,22.423502,19.143898,18.484074,16.776285,15.989246,15.144381,18.793661,20.088531,18.681458,17.531132,16.593151,14.898703,16.879452,15.550741,17.820395,16.494654,17.563612,16.43651,15.708465,14.415927,15.690397,14.856461,16.287569,16.487133,17.282768,15.682186,16.141977,16.085096,15.882342,16.877699,15.820211,17.018856,17.531677,16.326273,1.0558214,2.2970738,6.9112206,0.7696367,29.916243,31.69894,38.91762,18.7064,19.66517,17.708235,16.54296,15.818389,16.479694,56.11
4446125.243,658060.2976,65.29524,1.3351383,0.7496085,27.569204,32.779533,34.799885,30.550983,23.113754,33.27116,30.969042,31.08654,31.039341,34.933678,39.88038,36.860752,33.511734,38.671997,41.825825,2.5863655,1.9730036,6.25309,7.519439,1382.58,126.24171,-0.08105469,0.5326534,-0.002319336,0,15,0.6558949,0.41726717,0.336664,0.24812698,0.66308403,0.9526443,2.1137757,19.329863,16.646393,17.955269,17.99449,20.67089,21.188883,21.044407,18.899944,19.500673,17.427107,18.541483,15.991668,21.89707,23.135965,21.9877,19.272745,19.03744,15.799655,15.70978,14.715325,17.92973,20.220007,16.906336,17.027042,16.59723,15.532034,16.911278,16.137302,16.99802,16.423689,18.23885,16.378395,15.049718,15.083568,15.142431,14.282067,16.431217,17.304813,17.825846,15.60089,15.951406,16.859554,16.741537,16.722025,15.563283,17.22254,17.559652,16.535683,1.0423734,2.2796845,6.886265,0.7696367,30.17437,32.120102,38.370567,19.261457,19.783094,17.188324,16.691198,15.874236,16.66,56.11
4446125.243,658065.1774,73.196,1.2982424,0.73878986,27.22814,32.517708,35.526386,29.862293,23.161243,33.90133,31.540874,31.568544,32.34411,36.202553,39.212788,36.537987,32.9527,37.92839,40.54304,2.5251658,1.9538987,6.2170277,7.491987,1382.55,126.859406,0.16113281,0.57276386,0.006713867,0,15,0.6558949,0.41726717,0.336664,0.24812698,0.66308403,0.9526443,2.1137757,18.734867,16.139202,17.145721,17.410505,20.053823,20.704523,20.086088,18.250227,19.269672,17.139711,18.221754,15.764945,21.710789,22.966522,21.627996,19.031622,19.03744,15.796591,15.704416,14.707753,17.92973,20.220007,16.903452,17.02433,15.840417,14.548171,16.021013,15.242085,16.193544,15.307848,17.29585,15.4729395,14.557909,14.675444,14.685355,13.829674,15.856916,16.749071,17.331255,15.100155,15.638842,16.33662,16.41184,16.189571,15.309002,16.91746,17.164333,16.153051,1.0185162,2.2395322,6.8545074,0.7696367,29.872925,32.7211,37.87539,18.610676,19.528769,17.185627,15.778419,15.38366,16.281096,56.11
4446120.259,657918.7824,101.780495,1.3925182,1.0506114,26.467793,30.117956,30.731535,25.077553,21.896324,41.891483,35.492844,32.633106,41.53169,48.67148,32.08679,34.24463,36.12794,33.870113,29.576052,2.6547809,2.0517547,6.688122,7.8697414,1383.81,81.39879,0.08105469,0.95627135,0.004516602,0,15,0.6046137,0.3862287,0.28195563,0.23422857,0.6708336,0.78631145,1.5193175,18.014242,16.647478,16.606054,14.946947,18.99112,21.48326,18.053751,17.581123,22.739527,17.81936,19.750301,17.400736,23.354982,24.807314,24.551083,20.940702,23.053007,18.010687,19.042488,19.472494,21.8546,22.902126,21.805002,20.656136,21.030073,19.27187,20.642525,20.302423,20.818611,22.020939,19.958696,20.543388,14.65329,13.950546,16.17587,14.543735,16.946226,16.781664,16.734812,15.484615,18.00926,17.532438,18.530165,16.73609,17.438845,18.121437,18.476805,17.778078,1.2215648,2.3532677,7.2789316,0.64049846,28.292873,38.69216,33.16571,17.820408,21.489042,20.877201,20.577877,15.683734,17.835005,56.11
4446120.259,657923.6623,103.733116,1.4058473,0.9812726,26.452435,30.119978,31.538147,25.665974,22.120602,41.92573,35.503674,32.450455,40.062122,47.13219,32.209225,34.151703,35.68326,34.554886,30.506102,2.6742785,2.0530238,6.6324687,7.823155,1383.72,83.66468,-0.12060547,0.90788436,-0.006713867,0,15,0.6046137,0.3862287,0.28195563,0.23422857,0.6708336,0.78631145,1.5193175,18.379503,15.599138,16.724709,16.130932,19.097511,21.12279,17.69541,17.590654,22.82307,18.15241,20.138931,17.530567,23.193634,24.245285,25.201498,20.96475,23.046621,18.491827,20.54579,19.914518,20.294607,24.298712,23.904861,21.10671,21.398682,20.469345,20.807312,20.389822,20.830116,22.681105,21.772013,21.13394,15.180794,13.673372,15.799625,14.5373335,16.74977,17.231134,16.79622,15.472783,17.238539,17.25688,17.97797,16.967129,17.661392,18.601166,18.546158,17.67374,1.1935599,2.3636513,7.227812,0.64049846,28.286205,38.714703,33.180466,17.821428,21.612198,21.499563,21.192629,15.709749,17.749891,56.11
4446120.259,657928.5421,99.103905,1.4232776,0.9217985,26.674253,29.592625,32.419575,26.200417,22.268898,41.67483,35.522808,32.127003,38.78604,45.792953,32.54509,34.383312,35.326653,35.09781,31.31965,2.6925015,2.0639136,6.5804787,7.782267,1383.65,83.65412,-0.03955078,0.77827007,-0.003295898,0,15,0.6046137,0.3862287,0.28195563,0.23422857,0.6708336,0.78631145,1.5193175,18.805464,16.030441,17.282974,15.825791,18.980268,19.668335,17.976978,17.62529,22.54603,18.002426,19.479141,17.246973,23.169418,25.155933,23.918774,20.887959,22.85394,18.851526,20.20626,21.495777,21.038204,26.69368,23.675905,21.684107,21.789873,21.293463,21.27235,22.443014,21.206459,23.804218,20.226679,21.823313,15.677238,14.90975,16.71026,14.851165,17.19398,17.428415,16.967127,16.113724,17.544144,17.106543,18.349113,17.873098,18.595194,18.347095,18.727835,18.023554,1.172538,2.3782077,7.1813726,0.64049846,28.133438,38.59882,33.464203,17.79575,21.359814,22.11647,21.719437,16.248276,18.077574,56.11
4446120.259,657933.4219,97.93526,1.4372954,0.89214194,26.67161,29.598293,33.405552,26.717678,22.424057,41.061794,35.29211,31.670908,37.696156,44.706863,33.21045,34.61837,35.015003,35.617405,32.06014,2.7130692,2.0652957,6.533281,7.7325263,1383.59,85.23154,0.03955078,0.68987596,0.001098633,0,15,0.61103195,0.42520988,0.32373238,0.2338426,0.66198546,1.033416,2.1736925,18.805464,16.030441,17.282974,15.825791,18.980268,19.668335,17.976978,17.62529,22.54603,18.002426,19.479141,17.246973,23.169418,25.155933,23.918774,20.887959,22.85394,18.851526,20.20626,21.495777,21.038204,26.69368,23.675905,21.684107,21.789873,21.293463,21.27235,22.443014,21.206459,23.804218,20.226679,21.823313,15.677238,14.90975,16.71026,14.851165,17.19398,17.428415,16.967127,16.113724,17.544144,17.106543,18.349113,17.873098,18.595194,18.347095,18.727835,18.023554,1.1647186,2.3891826,7.1329036,0.78041583,28.134953,38.176952,33.91441,17.79575,21.359814,22.11647,21.719437,16.248276,18.077574,56.11
4446120.259,657938.3018,89.7174,1.4446107,0.8798883,26.73561,29.663443,34.441635,27.218578,22.601088,40.208447,35.150875,31.170715,36.77758,43.791435,34.05659,34.871174,34.729095,36.07286,32.680004,2.7292054,2.0582757,6.493489,7.6858344,1383.53,90,-0.03955078,0.63014424,-0.001098633,0,15,0.61103195,0.42520988,0.32373238,0.2338426,0.66198546,1.033416,2.1736925,19.187283,16.45562,17.171566,16.1329,18.33161,19.765448,18.203894,17.691908,23.097626,18.341217,20.666952,16.847965,23.59349,24.688154,24.895298,21.182472,23.776632,20.842691,21.350431,21.04131,22.534418,25.19668,24.930239,22.381426,21.961264,20.615213,22.35065,21.682299,20.57323,22.2742,21.098562,21.533865,15.771204,14.228063,17.015276,15.450853,16.038496,16.834494,17.451674,15.933989,17.538086,17.522099,18.783133,17.772846,17.535265,17.954624,18.545582,17.866762,1.1622496,2.3937407,7.0896616,0.78041583,28.199526,37.67966,34.463882,17.892618,21.732958,22.810343,21.507915,16.112865,17.950232,56.11
4446120.259,657943.1816,93.61908,1.4576788,0.8770211,26.737629,29.669043,35.556618,27.722137,22.713272,39.09408,34.769363,30.55253,35.930477,42.98027,35.166218,35.369125,34.49425,36.43906,33.29896,2.752884,2.0597036,6.4550486,7.6386437,1383.48,95.99273,0,0.5476428,0,0,15,0.61103195,0.42520988,0.32373238,0.2338426,0.66198546,1.033416,2.1736925,19.887554,15.340953,16.902033,16.589508,18.235455,20.253918,18.496258,17.77178,22.65402,18.152111,20.632853,17.524826,23.531488,24.624271,24.505676,21.132366,22.05627,20.6189,20.810118,19.90208,21.213554,24.448679,23.180449,21.307396,20.88991,21.234522,20.830935,21.85233,20.517822,22.489548,19.092056,21.041948,15.936945,14.403789,16.657146,14.9147005,16.56084,16.570744,16.96687,15.92804,17.158718,17.537626,18.351162,17.556414,17.414606,17.806946,18.45285,17.629803,1.1673499,2.4062939,7.0468464,0.78041583,28.203335,36.931725,35.26767,17.957956,21.66075,21.74715,20.98673,16.001575,17.754045,56.11
4446120.259,657948.0614,74.46242,1.4706292,0.8765548,26.739658,29.674442,36.71699,28.252033,22.82784,37.86321,34.371304,29.910969,35.074646,42.161446,36.392788,35.907463,34.24895,36.792007,33.928352,2.7797449,2.061222,6.4180074,7.593757,1383.44,103.21987,0.119140625,0.5000289,0.005493164,0,15,0.61103195,0.42520988,0.32373238,0.2338426,0.66198546,1.033416,2.1736925,19.887554,15.340953,16.902033,16.589508,18.235455,20.253918,18.496258,17.77178,22.65402,18.152111,20.632853,17.524826,23.531488,24.624271,24.505676,21.132366,22.05627,20.6189,20.810118,19.90208,21.213554,24.448679,23.180449,21.307396,20.88991,21.234522,20.830935,21.85233,20.517822,22.489548,19.092056,21.041948,15.936945,14.403789,16.657146,14.9147005,16.56084,16.570744,16.96687,15.92804,17.158718,17.537626,18.351162,17.556414,17.414606,17.806946,18.45285,17.629803,1.173592,2.4204836,7.0058823,0.78041583,28.20705,36.117256,36.150124,17.957956,21.66075,21.74715,20.98673,16.001575,17.754045,56.11
4446120.259,657952.9413,89.471054,1.4889463,0.8831613,26.688368,30.453201,37.935856,28.804544,23.38165,36.424828,33.730663,29.218573,34.130245,41.198277,37.80547,36.329666,33.796524,37.29906,34.738194,2.8166804,2.0891612,6.382978,7.5352497,1383.39,109.44111,-0.079589844,0.5163947,-0.002197266,0,15,0.61103195,0.42520988,0.32373238,0.2338426,0.66198546,1.033416,2.1736925,19.326908,15.657584,16.84171,16.169468,17.952534,20.285173,18.799646,17.660557,22.677153,17.995209,20.449718,17.27316,24.202517,25.227861,24.472902,21.30821,22.051908,19.57527,19.685133,19.418003,22.71488,26.389368,23.544811,21.508923,21.184143,20.775713,19.713583,21.2659,20.109276,23.015684,19.865335,20.851284,15.9932785,15.2009535,14.945372,15.089665,15.597908,16.585068,16.82979,15.602772,16.840862,16.872957,18.639856,17.726492,16.568998,18.6448,19.080719,17.612844,1.1860538,2.452921,6.959114,0.78041583,28.570786,35.077744,37.067566,17.861858,21.756931,21.91134,20.847092,15.748862,17.767813,56.11
4446120.259,657957.8211,108.0519,1.498986,0.88179153,26.702,30.460543,38.945896,29.317995,23.423498,35.200066,33.337402,28.599274,33.19429,40.169476,38.94073,36.799725,33.661015,37.699486,35.641884,2.8494139,2.0913813,6.3569083,7.505385,1383.35,113.63511,-0.000488281,0.50023913,-0.002197266,0,15,0.61103195,0.42520988,0.32373238,0.2338426,0.66198546,1.033416,2.1736925,18.646986,15.457701,16.347645,16.295502,18.564224,20.090061,18.395315,17.50275,22.277391,18.19658,20.58848,16.89244,24.005459,24.988657,23.51451,21.13524,21.946718,19.698475,20.64318,19.699276,21.519072,26.466185,22.955906,21.481909,21.01788,20.928005,20.207624,19.972565,20.241442,21.803377,19.928988,20.600235,15.342732,14.598748,15.287824,13.93474,16.021774,17.095488,17.29294,15.457332,16.708576,17.125921,18.198328,17.273306,16.36019,18.324965,18.503628,17.332521,1.1903888,2.4703975,6.9311466,0.78041583,28.581272,34.268734,37.870228,17.685347,21.494787,21.846973,20.585697,15.653464,17.499273,56.11
4446120.259,657962.7009,86.7041,1.5156541,0.8772731,26.71547,31.646507,39.723576,29.735237,23.565752,34.171936,32.486523,27.86241,32.051422,38.87975,39.73875,36.89301,33.747776,38.555645,37.047077,2.8857439,2.0974422,6.3340273,7.484122,1383.31,115.014336,-0.0390625,0.47387758,-0.003295898,0,15,0.6157703,0.43516126,0.33709916,0.22385566,0.691057,1.1573812,2.1898558,18.646986,15.457701,16.347645,16.295502,18.564224,20.090061,18.395315,17.50275,22.277391,18.19658,20.58848,16.89244,24.005459,24.988657,23.51451,21.13524,21.946718,19.698475,20.64318,19.699276,21.519072,26.466185,22.955906,21.481909,21.01788,20.928005,20.207624,19.972565,20.241442,21.803377,19.928988,20.600235,15.342732,14.598748,15.287824,13.93474,16.021774,17.095488,17.29294,15.457332,16.708576,17.125921,18.198328,17.273306,16.36019,18.324965,18.503628,17.332521,1.1964636,2.491593,6.909075,0.80716866,29.180988,33.32923,38.31588,17.685347,21.494787,21.846973,20.585697,15.653464,17.499273,56.11
4446120.259,657967.5808,91.189575,1.5165002,0.874516,26.69081,31.978285,40.34837,30.104654,23.42652,33.147717,31.983,27.176771,30.918694,37.41388,40.42003,37.100704,33.866096,39.199425,38.66322,2.9191108,2.0936246,6.3256774,7.4751925,1383.27,115.81156,-0.080078125,0.49352902,-0.005493164,0,15,0.6157703,0.43516126,0.33709916,0.22385566,0.691057,1.1573812,2.1898558,19.052242,16.835749,17.028297,15.380142,18.657694,20.870104,18.844542,17.887926,21.698446,17.265776,20.037174,16.76832,23.111467,24.72096,22.810175,20.523563,21.96995,19.82559,19.672451,19.796892,21.044725,25.31637,22.685507,21.07314,20.194473,19.74381,18.945757,19.04368,19.398655,21.879408,19.999857,19.75398,15.179598,15.445016,15.124938,14.408867,15.3488455,16.724293,17.368687,15.47518,16.174646,16.227467,16.342766,16.404438,14.446542,16.32448,16.347437,15.909496,1.1955081,2.5063677,6.900435,0.80716866,29.334547,32.565357,38.76037,18.09554,20.916046,21.473068,19.88652,15.657176,16.038254,56.11
4446120.259,657972.4606,70.6996,1.5204146,0.87213343,26.735048,31.98674,40.923916,30.562265,23.356949,32.131165,31.672937,26.566244,29.733519,35.835785,41.04612,37.306232,34.083393,39.804955,40.299007,2.9571643,2.0941305,6.333419,7.473431,1383.23,120.371704,-0.12011719,0.48172578,-0.008911133,0,15,0.6157703,0.43516126,0.33709916,0.22385566,0.691057,1.1573812,2.1898558,18.468943,16.852709,17.04356,15.397103,17.544285,20.026745,17.910818,17.495815,21.698446,17.265776,20.037174,16.76832,23.015266,24.501072,22.493649,20.47444,21.660122,19.53897,19.601301,19.563662,20.84627,24.744434,21.651834,20.759724,18.974619,18.145517,17.89061,17.71613,18.322506,19.727367,17.864092,18.301008,15.179598,15.445016,15.124938,14.408867,15.3488455,16.724293,17.368687,15.47518,16.174646,16.227467,16.342766,16.404438,14.446542,16.32448,16.347437,15.909496,1.196274,2.5256474,6.903425,0.80716866,29.360893,31.90205,39.176178,17.60631,20.825672,21.086657,18.377262,15.657176,16.038254,56.11
4446120.259,657977.3404,88.24187,1.5239019,0.87466204,26.782074,31.995275,41.553,31.148228,23.316511,31.093044,31.359835,25.992489,28.508413,34.273792,41.6624,37.507984,34.21783,40.33926,41.83966,2.9987125,2.0947227,6.355696,7.4726768,1383.2,120.97062,-0.000976563,0.50083035,0,0,15,0.6157703,0.43516126,0.33709916,0.22385566,0.691057,1.1573812,2.1898558,17.68783,17.023241,16.986624,15.836744,17.56663,19.750675,17.539995,17.391575,22.63818,17.909771,19.98717,16.689882,23.280361,24.278059,22.561304,20.54682,21.570238,18.651226,20.900276,19.429152,21.044718,24.812801,21.183752,20.791355,18.696468,18.271074,17.964611,18.477762,18.63714,19.637348,17.642542,18.39973,15.292925,15.122042,15.642006,14.766668,15.91808,15.941917,17.703823,15.559016,15.3642025,16.46301,16.628443,16.393616,14.455057,16.44916,16.978825,15.941922,1.1992819,2.5467176,6.9141865,0.80716866,29.388676,31.22644,39.58519,17.484533,21.049246,21.084595,18.475279,15.769638,16.104616,56.11
4446120.259,657982.2203,101.85123,1.5245597,0.88142085,26.714087,31.082514,42.17897,31.903103,23.230131,30.101877,31.581831,25.76528,27.291327,32.811924,42.224606,37.780987,34.121334,40.572075,43.192715,3.0407326,2.0829682,6.3913836,7.470528,1383.16,117.90672,0.000488281,0.5510289,0,0,15,0.6157703,0.43516126,0.33709916,0.22385566,0.691057,1.1573812,2.1898558,18.71555,17.489191,17.137321,15.812694,18.24859,19.630896,18.130737,17.74103,21.9885,18.051878,19.761951,16.690783,23.613129,23.749462,23.718657,20.5607,20.888119,18.149227,19.809233,20.70102,21.486835,24.43141,21.787731,20.790218,18.233624,17.901798,18.358152,18.672474,18.172413,20.340708,17.939047,18.464943,15.460727,14.848755,16.160242,14.616407,16.30342,16.072922,17.129053,15.611079,15.16683,15.877687,16.268864,16.23296,15.221464,16.797031,17.538706,15.946824,1.2029903,2.5618505,6.930956,0.80716866,28.8983,30.841854,40.002796,17.88071,21.08205,21.036226,18.516888,15.79879,16.157648,56.11
4446120.259,657987.1001,84.920845,1.5245597,0.88142085,26.714087,31.082514,42.17897,31.903103,23.230131,30.101877,31.581831,25.76528,27.291327,32.811924,42.224606,37.780987,34.121334,40.572075,43.192715,3.0407326,2.0829682,6.3913836,7.470528,1383.16,117.90672,0.000488281,0.5510289,0,0,15,0.6157703,0.43516126,0.33709916,0.22385566,0.691057,1.1573812,2.1898558,18.71555,17.489191,17.137321,15.812694,18.24859,19.630896,18.130737,17.74103,21.9885,18.051878,19.761951,16.690783,23.613129,23.749462,23.718657,20.5607,20.888119,18.149227,19.809233,20.70102,21.486835,24.43141,21.787731,20.790218,18.233624,17.901798,18.358152,18.672474,18.172413,20.340708,17.939047,18.464943,15.460727,14.848755,16.160242,14.616407,16.30342,16.072922,17.129053,15.611079,15.16683,15.877687,16.268864,16.23296,15.221464,16.797031,17.538706,15.946824,1.2029903,2.5618505,6.930956,0.80716866,28.8983,30.841854,40.002796,17.88071,21.08205,21.036226,18.516888,15.79879,16.157648,56.11
4446120.259,657991.9799,95.651276,1.5327456,0.89412475,26.687717,31.546144,42.736645,32.51551,23.228193,29.139874,30.346498,24.870665,26.253422,31.630127,42.82156,38.374016,34.38268,41.0797,44.315487,3.0765471,2.0902944,6.4319506,7.466637,1383.12,121.497925,0.040039062,0.5210627,0,0,15,0.6210119,0.43540525,0.3280089,0.22325802,0.6853587,1.1415038,2.1881127,18.71555,17.489191,17.137321,15.812694,18.24859,19.630896,18.130737,17.74103,21.9885,18.051878,19.761951,16.690783,23.613129,23.749462,23.718657,20.5607,20.888119,18.149227,19.809233,20.70102,21.486835,24.43141,21.787731,20.790218,18.233624,17.901798,18.358152,18.672474,18.172413,20.340708,17.939047,18.464943,15.460727,14.848755,16.160242,14.616407,16.30342,16.072922,17.129053,15.611079,15.16683,15.877687,16.268864,16.23296,15.221464,16.797031,17.538706,15.946824,1.2134352,2.5834208,6.949294,0.8032371,29.116932,29.743187,40.597786,17.88071,21.08205,21.036226,18.516888,15.79879,16.157648,56.11
4446120.259,657996.8598,83.194084,1.5151298,0.90096664,26.921114,32.335896,42.30368,32.433086,23.189323,29.029142,29.982304,24.883896,26.035343,30.966375,42.88943,38.156254,34.603477,41.51818,45.12829,3.05543,2.082321,6.477013,7.5012283,1383.08,123.67392,-0.041015625,0.51622015,-0.001098633,0,15,0.6210119,0.43540525,0.3280089,0.22325802,0.6853587,1.1415038,2.1881127,18.401064,16.969128,17.303495,15.531577,18.061346,18.918621,18.997774,17.51401,22.058079,17.299131,19.95471,16.61666,22.990314,23.565638,23.517395,20.324125,22.199005,16.782175,19.898565,19.598742,23.409985,24.790112,21.881962,20.982779,19.635637,17.838778,18.358946,19.190243,18.255077,20.415579,18.76041,18.764822,15.379226,15.750422,16.376757,14.76967,16.498674,17.002497,17.79387,15.964868,16.331678,15.903852,16.294842,15.836169,16.121428,16.76459,17.842045,16.249037,1.2080482,2.5688753,6.9891205,0.8032371,29.628506,29.505722,40.522842,17.74043,20.857418,21.222935,18.922098,16.224443,16.442087,56.11
4446120.259,658001.7396,92.71758,1.5179591,0.90489984,27.015179,32.598,41.352814,31.981447,23.115492,29.463005,29.357502,25.077211,26.355572,30.712524,42.66739,38.38632,34.86919,41.70913,45.628143,3.0218143,2.070045,6.5250053,7.5409756,1383.04,123.67392,-0.07910156,0.51622015,-0.004394531,0,15,0.6210119,0.43540525,0.3280089,0.22325802,0.6853587,1.1415038,2.1881127,18.771616,16.39039,16.72206,16.407957,17.420692,19.113602,18.666769,17.40433,21.371204,18.300917,19.57733,16.854155,22.667055,23.494144,23.475786,20.275433,21.362164,18.1001,20.289146,19.06965,22.294573,24.539822,22.93483,20.961674,19.363438,17.558619,17.789974,18.328466,17.655434,19.42761,19.19317,18.27125,16.220446,15.221944,16.395163,15.343146,16.050497,15.825791,17.729624,15.8506565,16.484777,15.909378,16.656746,17.049347,15.629367,16.842867,17.59473,16.457083,1.2114295,2.5459297,7.0329905,0.8032371,29.80659,29.410254,40.526855,17.64187,20.820084,21.227184,18.473816,16.112373,16.595316,56.11
4446120.259,658006.6194,94.23253,1.5084435,0.9126322,26.992973,32.59748,40.293896,31.586334,23.04372,30.088778,29.499538,25.605576,26.748816,30.658714,42.28262,38.186302,35.060802,41.749565,45.91152,2.9819925,2.0686734,6.5841303,7.5891666,1383.01,124.68956,0.040039062,0.4531525,0.001098633,0,15,0.6210119,0.43540525,0.3280089,0.22325802,0.6853587,1.1415038,2.1881127,18.771616,16.39039,16.72206,16.407957,17.420692,19.113602,18.666769,17.40433,21.371204,18.300917,19.57733,16.854155,22.667055,23.494144,23.475786,20.275433,21.362164,18.1001,20.289146,19.06965,22.294573,24.539822,22.93483,20.961674,19.363438,17.558619,17.789974,18.328466,17.655434,19.42761,19.19317,18.27125,16.220446,15.221944,16.395163,15.343146,16.050497,15.825791,17.729624,15.8506565,16.484777,15.909378,16.656746,17.049347,15.629367,16.842867,17.59473,16.457083,1.2105379,2.525333,7.0866485,0.8032371,29.795227,29.794159,40.23446,17.64187,20.820084,21.227184,18.473816,16.112373,16.595316,56.11
4446120.259,658011.4993,82.50388,1.4986387,0.92331135,26.97336,32.596733,39.316055,31.350159,22.988308,30.708694,29.636305,26.130997,27.077515,30.720722,41.8772,38.002186,35.195805,41.7129,46.052174,2.9427617,2.067239,6.6496964,7.636384,1382.98,117.3407,0.080078125,0.46788254,0.0078125,0,15,0.6210119,0.43540525,0.3280089,0.22325802,0.6853587,1.1415038,2.1881127,18.796024,16.401703,17.06977,16.733084,17.505436,19.298061,17.826494,17.533888,21.774794,17.997398,20.085869,17.050585,22.444828,23.570398,22.634033,20.275055,23.032759,20.247639,21.522602,19.437252,22.929382,25.23883,19.58763,21.601215,17.918674,17.991974,18.683746,18.124989,17.836512,19.561903,16.071857,18.014418,16.359268,14.963174,15.752311,15.165866,16.587934,16.056322,16.558619,15.763966,17.105108,15.980263,15.968863,16.400969,16.062138,16.629145,16.896437,16.34141,1.210975,2.5050004,7.14304,0.8032371,29.785046,30.1725,39.939693,17.66151,20.793985,21.713728,18.027094,15.920499,16.434704,56.11
4446120.259,658016.3791,107.04289,1.4802535,0.93578655,27.136724,32.66168,38.498413,31.24876,22.940037,31.287813,29.568129,26.637386,27.37534,30.81052,41.45841,37.948456,35.03805,41.4365,46.07762,2.8931963,2.0429263,6.7071867,7.6713624,1382.94,115.19914,0.119140625,0.53797305,0.005493164,0,15,0.6210119,0.43540525,0.3280089,0.22325802,0.6853587,1.1415038,2.1881127,18.824966,15.889357,17.085667,15.342926,17.890661,19.694162,16.925194,17.354546,22.120333,18.04304,20.660048,16.605799,23.727499,24.33542,22.85258,20.694921,22.695848,21.047882,21.473799,18.860691,22.120312,25.096846,19.851995,21.525063,18.47267,18.17669,18.955647,18.24002,18.27271,20.502056,16.26405,18.490427,15.093244,14.306945,15.375526,15.018557,16.405428,16.522783,16.551,15.526523,16.470737,16.394062,15.507976,16.490364,16.194906,16.264734,16.73342,16.214058,1.20802,2.4680614,7.189275,0.8032371,29.8992,30.42797,39.70343,17.37899,21.192102,21.592482,18.411978,15.610497,16.293743,56.11
4446120.259,658021.2589,130.32286,1.4721947,0.9337377,26.889736,32.003418,37.80132,31.201044,22.906242,31.788704,30.077047,27.326271,27.64749,30.967327,41.14173,37.867317,34.607903,41.163326,45.999355,2.8561192,2.030416,6.7335367,7.6906943,1382.89,119.94309,-0.079589844,0.5454139,-0.003295898,0,15,0.6269992,0.42774248,0.3264976,0.22677486,0.6633142,1.1198049,2.1955945,18.824966,15.889357,17.085667,15.342926,17.890661,19.694162,16.925194,17.354546,22.120333,18.04304,20.660048,16.605799,23.727499,24.33542,22.85258,20.694921,22.695848,21.047882,21.473799,18.860691,22.120312,25.096846,19.851995,21.525063,18.47267,18.17669,18.955647,18.24002,18.27271,20.502056,16.26405,18.490427,15.093244,14.306945,15.375526,15.018557,16.405428,16.522783,16.551,15.526523,16.470737,16.394062,15.507976,16.490364,16.194906,16.264734,16.73342,16.214058,1.2029662,2.4432676,7.2121153,0.7981039,29.446577,30.932877,39.504524,17.37899,21.192102,21.592482,18.411978,15.610497,16.293743,56.11
4446120.259,658026.1388,64.79249,1.45241,0.9144992,26.757324,32.001858,37.100014,31.087133,22.784378,31.925892,29.99458,27.799963,27.924524,31.122723,41.12084,37.879135,34.680256,41.018753,45.87654,2.839058,2.0729895,6.702959,7.6899858,1382.85,119.0645,-0.000488281,0.58990794,0,0,15,0.6269992,0.42774248,0.3264976,0.22677486,0.6633142,1.1198049,2.1955945,17.296316,16.043097,17.467081,14.774727,17.923393,19.293182,17.07697,17.12353,22.129974,17.766012,20.823147,16.76649,22.940125,23.830088,22.49263,20.447594,21.501997,21.118605,21.830929,19.689083,22.775608,24.442797,19.500057,21.499868,19.087309,18.39537,19.047974,18.394358,18.601812,20.784557,16.620373,18.807346,15.4694805,14.704332,15.792437,14.333839,16.649162,17.20968,16.210714,15.684578,15.503716,16.24852,16.570198,16.326832,16.311337,16.716946,16.539545,16.26302,1.1834546,2.4560237,7.196472,0.7981039,29.379591,30.960236,39.499985,17.124968,20.964067,21.551296,18.704538,15.767092,16.316729,56.11
4446120.259,658031.0186,130.77509,1.4347482,0.8852577,26.926186,32.45926,36.482258,31.064674,22.942257,31.945795,29.887476,28.33193,28.14064,31.30758,41.144318,37.732906,34.521595,40.866383,45.61482,2.7978122,2.0379338,6.6327653,7.665818,1382.8,116.56505,-0.0390625,0.6404032,-0.003295898,0,15,0.6269992,0.42774248,0.3264976,0.22677486,0.6633142,1.1198049,2.1955945,17.127733,16.52054,17.366108,15.349753,17.685875,19.27506,17.18215,17.172161,22.29289,17.522003,20.113613,16.864063,23.076601,24.000076,22.327497,20.39133,20.740896,19.59686,20.932257,20.118395,23.07615,24.489918,20.924622,21.215427,18.996004,18.120974,18.88746,18.225935,18.238087,20.906073,17.49081,18.650812,14.9158535,14.791297,15.618013,14.343774,16.074034,17.36442,15.669581,15.516566,15.738794,16.651575,16.417435,16.045845,16.489456,16.838459,16.870874,16.350956,1.160003,2.417873,7.149292,0.7981039,29.692722,30.916636,39.438614,17.215319,20.88525,21.411299,18.69505,15.539567,16.436062,56.11
4446120.259,658035.8984,162.54143,1.4181967,0.8534375,26.919043,32.45769,35.782074,31.19359,22.956997,31.949505,29.983934,28.752075,28.319092,31.558779,41.195446,37.675907,34.533146,40.587833,45.30469,2.7644732,2.0332508,6.5475516,7.642139,1382.75,117.173836,-0.080078125,0.59610456,-0.005493164,0,15,0.6269992,0.42774248,0.3264976,0.22677486,0.6633142,1.1198049,2.1955945,18.245275,16.963741,17.70718,15.861552,19.415535,20.652933,18.263845,18.061604,21.857616,16.561975,19.405128,16.173882,22.446276,23.53455,21.89763,19.741482,18.830732,17.713459,18.568888,18.548437,19.734327,20.214024,17.569668,18.672695,17.869747,16.809877,17.951952,15.842771,17.516827,20.07497,16.569984,17.44078,15.148681,15.207899,15.861031,14.760375,16.238466,17.736118,15.808449,15.80005,15.738794,16.651575,16.417435,16.045845,16.489456,16.838459,16.870874,16.350956,1.135817,2.398862,7.0948453,0.7981039,29.688366,30.96672,39.435677,18.15858,20.268152,18.739933,17.519447,15.823004,16.436062,56.11
4446120.259,658040.7783,148.30473,1.3912692,0.8259085,26.916433,32.257015,34.856983,31.567482,22.864178,31.991371,30.480762,29.27343,28.452147,31.984753,41.196877,37.50079,34.794647,40.102413,44.87736,2.7276933,1.998117,6.4575934,7.6243143,1382.71,117.264465,-0.000488281,0.53168285,-0.001098633,0,15,0.6269992,0.42774248,0.3264976,0.22677486,0.6633142,1.1198049,2.1955945,18.012228,16.843271,17.008677,15.441056,18.96849,20.19565,18.240705,17.6701,21.145983,17.219128,18.846306,16.284748,22.54274,23.345007,23.279125,19.835407,18.792852,18.458815,16.469135,15.361024,19.940716,20.00715,18.470507,18.05762,17.3643,17.062973,16.572603,14.910807,17.582714,19.80208,18.027903,17.172462,15.24524,15.622831,15.955141,14.856868,16.096478,16.70644,16.848217,15.838811,16.01982,16.000513,15.615964,15.42278,15.851802,16.811424,16.218319,15.937463,1.1085888,2.362905,7.0409536,0.7981039,29.586723,31.236067,39.34883,17.815725,20.380434,18.214314,17.331911,15.90446,15.991516,56.11
4446120.259,658045.6581,100.734535,1.3730584,0.799076,26.90717,32.24979,33.751156,32.234234,22.893356,32.00459,30.665787,29.92665,28.519907,32.45206,41.208797,37.49103,34.846775,39.452446,44.381577,2.6920364,1.992291,6.3624935,7.6093817,1382.67,119.36191,0.000976563,0.52562314,0,0,15,0.6269992,0.42774248,0.3264976,0.22677486,0.6633142,1.1198049,2.1955945,18.095392,15.480334,16.746742,15.761973,19.208668,20.20731,18.782179,17.519741,20.902864,17.500282,18.991856,16.287071,22.29707,22.713991,22.564865,19.672039,19.682262,16.544405,16.80926,16.148033,19.462051,19.879503,18.217108,17.96387,17.201666,15.347661,16.695055,15.231943,17.23622,18.385221,18.667942,16.76154,15.391859,15.143613,15.665205,14.642119,15.849664,16.01691,16.169815,15.467411,16.187613,15.907323,15.951479,15.80882,15.668122,16.755404,16.621523,16.020147,1.0860672,2.3421636,6.9859376,0.7981039,29.57848,31.335188,39.349915,17.754656,20.179714,18.106089,16.966532,15.554169,16.128613,56.11
4446120.259,658050.5379,106.4346,1.3547423,0.77581435,26.900276,32.240723,32.458336,33.111835,22.924576,32.027386,30.88897,30.71743,28.60359,33.078037,41.18569,37.499893,34.904675,38.605415,43.756462,2.655568,1.9863737,6.2633038,7.5992436,1382.63,124.10949,0,0.5366009,-0.001098633,0,15,0.6558949,0.41726717,0.336664,0.24812698,0.66308403,0.9526443,2.1137757,19.258526,16.111387,17.503666,16.256313,20.409758,21.451523,20.241741,18.427908,20.857466,17.486967,18.956821,16.278194,22.2052,22.64187,22.387655,19.620209,19.736118,16.600924,16.85107,16.190508,19.499208,19.934357,18.255886,18.010614,17.20535,15.353548,16.698534,15.241793,17.241236,18.375078,18.667664,16.764326,15.375723,15.111342,15.64638,14.604469,15.835545,16.006155,16.164436,15.446585,16.187613,15.907323,15.951479,15.80882,15.668122,16.755404,16.621523,16.020147,1.0652783,2.3209708,6.9312735,0.7696367,29.5705,31.458178,39.342793,18.747559,20.116312,18.152582,16.969028,15.534864,16.128613,56.11
4446120.259,658055.4178,138.6459,1.3316778,0.75853676,27.208569,32.63959,33.182564,32.40584,22.995466,32.4455,30.82836,31.053118,29.587545,34.146145,40.69253,37.28635,34.247196,38.379154,42.674576,2.6138227,1.9698932,6.2238965,7.5572004,1382.59,126.27203,-0.080566406,0.5328602,-0.002197266,0,15,0.6558949,0.41726717,0.336664,0.24812698,0.66308403,0.9526443,2.1137757,19.12289,15.656296,17.252594,16.64294,20.501478,21.756207,20.012392,18.34659,20.335688,17.049768,18.10425,15.548765,21.827688,22.36652,22.423502,19.143898,18.484074,16.776285,15.989246,15.144381,18.793661,20.088531,18.681458,17.531132,16.593151,14.898703,16.879452,15.550741,17.820395,16.494654,17.563612,16.43651,15.708465,14.415927,15.690397,14.856461,16.287569,16.487133,17.282768,15.682186,16.141977,16.085096,15.882342,16.877699,15.820211,17.018856,17.531677,16.326273,1.0451072,2.291858,6.8905487,0.7696367,29.92408,31.636929,38.98944,18.7064,19.66517,17.708235,16.54296,15.818389,16.479694,56.11
4446120.259,658060.2976,76.40779,1.3208065,0.74006015,27.582706,32.778522,34.470734,31.18336,23.078531,33.138584,30.94472,31.283785,30.964615,35.463245,39.86495,36.989544,33.46658,38.251198,41.38703,2.573142,1.9714918,6.210675,7.522972,1382.56,127.16057,0.16113281,0.59280753,0.0078125,0,15,0.6558949,0.41726717,0.336664,0.24812698,0.66308403,0.9526443,2.1137757,19.329863,16.646393,17.955269,17.99449,20.67089,21.188883,21.044407,18.899944,19.500673,17.427107,18.541483,15.991668,21.89707,23.135965,21.9877,19.272745,19.03744,15.799655,15.70978,14.715325,17.92973,20.220007,16.906336,17.027042,16.59723,15.532034,16.911278,16.137302,16.99802,16.423689,18.23885,16.378395,15.049718,15.083568,15.142431,14.282067,16.431217,17.304813,17.825846,15.60089,15.951406,16.859554,16.741537,16.722025,15.563283,17.22254,17.559652,16.535683,1.0304333,2.272317,6.866823,0.7696367,30.180614,32.041653,38.427246,19.261457,19.783094,17.188324,16.691198,15.874236,16.66,56.11
4446120.259,658065.1774,87.04964,1.2843134,0.7276176,27.240725,32.518005,35.429447,30.271538,23.135775,33.80007,31.490494,31.664377,32.466774,36.898804,39.16376,36.648663,32.871964,37.501793,39.942688,2.5104911,1.9527382,6.186913,7.4897847,1382.51,129.6401,-0.040039062,0.6511856,0,0,15,0.6558949,0.41726717,0.336664,0.24812698,0.66308403,0.9526443,2.1137757,18.734867,16.139202,17.145721,17.410505,20.053823,20.704523,20.086088,18.250227,19.269672,17.139711,18.221754,15.764945,21.710789,22.966522,21.627996,19.031622,19.03744,15.796591,15.704416,14.707753,17.92973,20.220007,16.903452,17.02433,15.840417,14.548171,16.021013,15.242085,16.193544,15.307848,17.29585,15.4729395,14.557909,14.675444,14.685355,13.829674,15.856916,16.749071,17.331255,15.100155,15.638842,16.33662,16.41184,16.189571,15.309002,16.91746,17.164333,16.153051,1.0059655,2.2316146,6.838349,0.7696367,29.879364,32.645283,37.90621,18.610676,19.528769,17.185627,15.778419,15.38366,16.281096,56.11
4446115.276,657918.7824,99.40239,1.3765628,1.0660645,26.475376,30.117483,30.412971,24.58367,21.880905,42.084442,35.64802,33.145435,41.52551,47.679985,31.837986,34.01741,36.058353,34.262493,30.474861,2.638224,2.0534534,6.7312684,7.912357,1383.82,81.64832,0.0390625,0.98462594,0.001098633,0,15,0.593298,0.3916583,0.2913826,0.2344026,0.6675607,0.8287028,1.5345412,18.014242,16.647478,16.606054,14.946947,18.99112,21.48326,18.053751,17.581123,22.739527,17.81936,19.750301,17.400736,23.354982,24.807314,24.551083,20.940702,23.053007,18.010687,19.042488,19.472494,21.8546,22.902126,21.805002,20.656136,21.030073,19.27187,20.642525,20.302423,20.818611,22.020939,19.958696,20.543388,14.65329,13.950546,16.17587,14.543735,16.946226,16.781664,16.734812,15.484615,18.00926,17.532438,18.530165,16.73609,17.438845,18.121437,18.476805,17.778078,1.2213137,2.3458385,7.3218126,0.6487923,28.296429,38.866234,32.927696,17.820408,21.489042,20.877201,20.577877,15.683734,17.835005,56.11
4446115.276,657923.6623,95.40483,1.3886521,0.985847,26.452875,30.115465,31.366152,25.100655,22.133076,42.40219,35.83137,32.927513,40.05472,46.234474,31.723963,33.724636,35.40495,34.99131,31.353323,2.6614997,2.0535684,6.668755,7.867805,1383.73,79.05506,-0.12011719,0.90427774,-0.010009766,0,15,0.593298,0.3916583,0.2913826,0.2344026,0.6675607,0.8287028,1.5345412,18.379503,15.599138,16.724709,16.130932,19.097511,21.12279,17.69541,17.590654,22.82307,18.15241,20.138931,17.530567,23.193634,24.245285,25.201498,20.96475,23.046621,18.491827,20.54579,19.914518,20.294607,24.298712,23.904861,21.10671,21.398682,20.469345,20.807312,20.389822,20.830116,22.681105,21.772013,21.13394,15.180794,13.673372,15.799625,14.5373335,16.74977,17.231134,16.79622,15.472783,17.238539,17.25688,17.97797,16.967129,17.661392,18.601166,18.546158,17.67374,1.1872495,2.357534,7.26828,0.6487923,28.28417,39.116783,32.7243,17.821428,21.612198,21.499563,21.192629,15.709749,17.749891,56.11
4446115.276,657928.5421,97.248665,1.4057753,0.90926373,26.664927,29.587551,32.336853,25.585861,22.280693,42.407078,35.969364,32.704098,38.660263,44.86321,31.885275,33.761204,34.90177,35.65911,32.238083,2.6785827,2.0648334,6.597016,7.8310113,1383.66,76.71413,-0.07910156,0.8095003,-0.005493164,0,15,0.593298,0.3916583,0.2913826,0.2344026,0.6675607,0.8287028,1.5345412,18.805464,16.030441,17.282974,15.825791,18.980268,19.668335,17.976978,17.62529,22.54603,18.002426,19.479141,17.246973,23.169418,25.155933,23.918774,20.887959,22.85394,18.851526,20.20626,21.495777,21.038204,26.69368,23.675905,21.684107,21.789873,21.293463,21.27235,22.443014,21.206459,23.804218,20.226679,21.823313,15.677238,14.90975,16.71026,14.851165,17.19398,17.428415,16.967127,16.113724,17.544144,17.106543,18.349113,17.873098,18.595194,18.347095,18.727835,18.023554,1.1575196,2.371708,7.2140136,0.6487923,28.12624,39.18822,32.82324,17.79575,21.359814,22.11647,21.719437,16.248276,18.077574,56.11
4446115.276,657933.4219,88.3552,1.419846,0.89008456,26.664711,29.59316,33.258884,26.11642,22.412907,41.735126,35.67108,32.196327,37.75931,43.986317,32.60384,34.120716,34.677563,36.029087,32.836754,2.7030084,2.0663805,6.553795,7.777244,1383.59,81.57632,-0.12060547,0.78175986,-0.0078125,0,15,0.597189,0.42656675,0.3315261,0.2235264,0.68104637,1.1328645,2.191806,18.805464,16.030441,17.282974,15.825791,18.980268,19.668335,17.976978,17.62529,22.54603,18.002426,19.479141,17.246973,23.169418,25.155933,23.918774,20.887959,22.85394,18.851526,20.20626,21.495777,21.038204,26.69368,23.675905,21.684107,21.789873,21.293463,21.27235,22.443014,21.206459,23.804218,20.226679,21.823313,15.677238,14.90975,16.71026,14.851165,17.19398,17.428415,16.967127,16.113724,17.544144,17.106543,18.349113,17.873098,18.595194,18.347095,18.727835,18.023554,1.1549653,2.3846946,7.1655197,0.7977893,28.128937,38.703102,33.362278,17.79575,21.359814,22.11647,21.719437,16.248276,18.077574,56.11
4446115.276,657938.3018,88.493385,1.4369587,0.89278716,26.734081,29.792551,34.201107,26.645697,22.683577,40.73426,35.45638,31.586567,37.074646,43.303158,33.57566,34.499096,34.570988,36.24831,33.296295,2.7281723,2.0759335,6.5191565,7.7198043,1383.53,87.61163,0.000488281,0.6880861,-0.004394531,0,15,0.597189,0.42656675,0.3315261,0.2235264,0.68104637,1.1328645,2.191806,19.187283,16.45562,17.171566,16.1329,18.33161,19.765448,18.203894,17.691908,23.097626,18.341217,20.666952,16.847965,23.59349,24.688154,24.895298,21.182472,23.776632,20.842691,21.350431,21.04131,22.534418,25.19668,24.930239,22.381426,21.961264,20.615213,22.35065,21.682299,20.57323,22.2742,21.098562,21.533865,15.771204,14.228063,17.015276,15.450853,16.038496,16.834494,17.451674,15.933989,17.538086,17.522099,18.783133,17.772846,17.535265,17.954624,18.545582,17.866762,1.1648729,2.4020529,7.11948,0.7977893,28.263317,38.09532,34.037376,17.892618,21.732958,22.810343,21.507915,16.112865,17.950232,56.11
4446115.276,657943.1816,82.34427,1.44142,0.8936013,26.736197,29.663652,35.254734,27.176805,22.652943,39.586647,34.98198,30.899124,36.333675,42.659943,34.718075,35.18409,34.423508,36.560677,33.810524,2.7542799,2.061306,6.475299,7.6701765,1383.47,92.712074,-0.12060547,0.6023211,-0.0078125,0,15,0.597189,0.42656675,0.3315261,0.2235264,0.68104637,1.1328645,2.191806,19.887554,15.340953,16.902033,16.589508,18.235455,20.253918,18.496258,17.77178,22.65402,18.152111,20.632853,17.524826,23.531488,24.624271,24.505676,21.132366,22.05627,20.6189,20.810118,19.90208,21.213554,24.448679,23.180449,21.307396,20.88991,21.234522,20.830935,21.85233,20.517822,22.489548,19.092056,21.041948,15.936945,14.403789,16.657146,14.9147005,16.56084,16.570744,16.96687,15.92804,17.158718,17.537626,18.351162,17.556414,17.414606,17.806946,18.45285,17.629803,1.1675106,2.407793,7.0727377,0.7977893,28.199924,37.284313,34.95108,17.957956,21.66075,21.74715,20.98673,16.001575,17.754045,56.11
4446115.276,657948.0614,92.183044,1.4545844,0.8903018,26.739466,29.66891,36.37003,27.709827,22.738373,38.35154,34.54928,30.175922,35.521244,41.951862,35.94204,35.792263,34.294086,36.879223,34.406292,2.7850559,2.0629754,6.4263825,7.620169,1383.42,98.948044,-0.119140625,0.550829,-0.00769043,0,15,0.597189,0.42656675,0.3315261,0.2235264,0.68104637,1.1328645,2.191806,19.887554,15.340953,16.902033,16.589508,18.235455,20.253918,18.496258,17.77178,22.65402,18.152111,20.632853,17.524826,23.531488,24.624271,24.505676,21.132366,22.05627,20.6189,20.810118,19.90208,21.213554,24.448679,23.180449,21.307396,20.88991,21.234522,20.830935,21.85233,20.517822,22.489548,19.092056,21.041948,15.936945,14.403789,16.657146,14.9147005,16.56084,16.570744,16.96687,15.92804,17.158718,17.537626,18.351162,17.556414,17.414606,17.806946,18.45285,17.629803,1.1724432,2.4240155,7.023276,0.7977893,28.204187,36.45041,35.86715,17.957956,21.66075,21.74715,20.98673,16.001575,17.754045,56.11
4446115.276,657952.9413,86.41017,1.4570065,0.8929526,26.799604,30.907305,37.575146,28.24638,23.267529,36.94752,33.523533,29.188162,34.585827,41.12217,37.29039,36.274887,34.105797,37.43889,35.213524,2.8157675,2.0780418,6.3754525,7.5612445,1383.38,103.65781,0.040039062,0.54574454,0,0,15,0.597189,0.42656675,0.3315261,0.2235264,0.68104637,1.1328645,2.191806,19.326908,15.657584,16.84171,16.169468,17.952534,20.285173,18.799646,17.660557,22.677153,17.995209,20.449718,17.27316,24.202517,25.227861,24.472902,21.30821,22.051908,19.57527,19.685133,19.418003,22.71488,26.389368,23.544811,21.508923,21.184143,20.775713,19.713583,21.2659,20.109276,23.015684,19.865335,20.851284,15.9932785,15.2009535,14.945372,15.089665,15.597908,16.585068,16.82979,15.602772,16.840862,16.872957,18.639856,17.726492,16.568998,18.6448,19.080719,17.612844,1.1749796,2.4469047,6.9683485,0.7977893,28.853455,35.235527,36.78264,17.861858,21.756931,21.91134,20.847092,15.748862,17.767813,56.11
4446115.276,657957.8211,85.25034,1.4904215,0.88666475,26.687157,31.636696,38.611874,28.820553,23.455229,35.795006,32.958073,28.60599,33.462055,40.11749,38.354717,36.46159,33.85717,38.146683,36.205585,2.860221,2.0974104,6.334254,7.5175314,1383.33,108.46039,-0.12060547,0.49806976,-0.006713867,0,15,0.597189,0.42656675,0.3315261,0.2235264,0.68104637,1.1328645,2.191806,17.90197,15.3972645,17.371065,15.645338,19.220766,20.354015,18.28528,17.586472,22.763657,18.759146,20.84914,17.204035,23.977203,24.834675,22.867947,21.213057,19.93071,20.388563,19.76669,20.441738,21.639156,24.855906,22.895025,21.007046,20.458158,21.006306,20.791414,20.165274,20.63113,21.558666,20.437134,20.645681,15.878533,14.269889,15.465729,13.929973,17.590176,16.302992,16.659163,15.638987,16.835806,17.256254,18.108704,17.678457,16.93438,17.63113,18.352291,17.459232,1.1885431,2.4788156,6.925893,0.7977893,29.161926,34.37654,37.408154,17.739384,21.607973,21.416826,20.721155,15.7280655,17.542433,56.11
4446115.276,657962.7009,89.892456,1.4966437,0.8797687,26.720785,31.644165,39.43719,29.304386,23.433966,34.56261,32.570244,27.91778,32.404205,38.87153,39.32668,36.866314,33.961025,38.635647,37.431103,2.8943279,2.09925,6.3129582,7.4977546,1383.3,111.83358,0.080566406,0.46261343,0.004516602,0,15,0.6129544,0.43196562,0.33178216,0.22889377,0.6817149,1.0713706,2.1701522,17.90197,15.3972645,17.371065,15.645338,19.220766,20.354015,18.28528,17.586472,22.763657,18.759146,20.84914,17.204035,23.977203,24.834675,22.867947,21.213057,19.93071,20.388563,19.76669,20.441738,21.639156,24.855906,22.895025,21.007046,20.458158,21.006306,20.791414,20.165274,20.63113,21.558666,20.437134,20.645681,15.878533,14.269889,15.465729,13.929973,17.590176,16.302992,16.659163,15.638987,16.835806,17.256254,18.108704,17.678457,16.93438,17.63113,18.352291,17.459232,1.1882062,2.496789,6.9053564,0.78983337,29.182476,33.56643,38.096497,17.739384,21.607973,21.416826,20.721155,15.7280655,17.542433,56.11
4446115.276,657967.5808,95.10834,1.4970998,0.87961763,26.695436,31.976974,40.205082,29.846071,23.337025,33.367973,32.018726,27.225182,31.187561,37.43821,40.173386,37.13405,33.96086,39.208904,38.89623,2.9293709,2.0954485,6.309269,7.4833856,1383.26,110.556046,0.040039062,0.49000147,0.003295898,0,15,0.6129544,0.43196562,0.33178216,0.22889377,0.6817149,1.0713706,2.1701522,17.985067,15.640738,17.436949,15.936368,19.226112,20.697153,18.522083,17.776333,22.352278,17.516403,19.945093,16.664349,23.059807,24.269398,21.749619,20.402254,20.799618,21.129704,19.477934,20.475452,21.200481,25.21823,22.481703,21.14923,18.788578,19.939615,19.152046,19.269247,19.369915,21.604708,19.458426,19.51758,15.034639,13.74679,15.202948,14.147183,16.391453,16.122585,16.542788,15.227844,15.41302,15.703458,16.591158,16.624035,15.963023,16.337523,16.038952,16.089933,1.1883587,2.5124097,6.896327,0.78983337,29.336205,32.69335,38.653717,17.920639,20.79385,21.540447,19.654648,15.312627,16.09588,56.11
4446115.276,657972.4606,82.39841,1.5015866,0.8791823,26.743776,31.985952,40.911358,30.47116,23.3041,32.19444,31.67724,26.60332,29.880377,35.85022,40.911423,37.36789,34.09704,39.777756,40.430374,2.9692698,2.0959344,6.323555,7.4783006,1383.22,112.75593,0.03955078,0.48141372,0.002197266,0,15,0.6129544,0.43196562,0.33178216,0.22889377,0.6817149,1.0713706,2.1701522,17.642677,15.644125,17.464087,15.946542,18.136454,20.0269,17.851347,17.448912,22.242334,17.516403,19.945093,16.664349,23.059807,23.939564,21.433094,20.336758,20.19565,20.734262,19.467524,20.400518,21.148834,24.801937,21.483335,20.868408,17.085016,18.715773,17.695398,18.144232,17.93997,19.93436,17.501827,18.051609,15.034639,13.74679,15.202948,14.147183,16.391453,16.122585,16.542788,15.227844,15.41302,15.703458,16.591158,16.624035,15.963023,16.337523,16.038952,16.089933,1.1903844,2.532602,6.9009275,0.78983337,29.364864,31.93584,39.139656,17.530306,20.685806,21.17601,18.145227,15.312627,16.09588,56.11
4446115.276,657977.3404,83.01096,1.5056984,0.88311327,26.798494,31.995422,41.72292,31.25098,23.29571,30.978668,31.32666,25.985138,28.478167,34.240917,41.622204,37.587566,34.151363,40.297546,41.91791,3.014279,2.096491,6.3517323,7.473186,1383.18,115.81981,0.000976563,0.49298072,0.001220703,0,15,0.6129544,0.43196562,0.33178216,0.22889377,0.6817149,1.0713706,2.1701522,18.12924,15.929881,16.950901,15.711705,18.126682,19.796986,18.257126,17.389772,22.2963,17.008497,19.500822,16.550919,22.224058,24.28336,22.049831,20.076818,22.079666,19.710476,21.491413,20.578186,20.845785,24.04454,21.266994,21.164585,18.191648,18.738235,17.465458,18.432623,17.716404,20.153973,17.491693,18.171288,15.2016535,15.607454,14.896816,14.024626,16.469063,16.307608,18.117237,15.595584,16.235968,16.180992,15.702911,15.862833,15.4807005,16.180914,17.49104,15.952271,1.1944058,2.555385,6.9124594,0.78983337,29.396957,31.152664,39.604885,17.5575,20.559113,21.43101,18.312864,15.803495,16.162195,56.11
4446115.276,657982.2203,90.385605,1.5093484,0.8922298,26.864151,32.005592,42.79565,32.28314,23.328922,29.635468,30.939072,25.317123,26.925755,32.6698,42.352314,37.827084,34.063946,40.73478,43.272232,3.0670505,2.0971785,6.3933053,7.46303,1383.14,115.192215,0.040039062,0.5385221,0.001098633,0,15,0.6129544,0.43196562,0.33178216,0.22889377,0.6817149,1.0713706,2.1701522,19.325842,16.504757,16.94639,15.63346,18.15743,19.594858,17.841423,17.567707,22.348429,17.73898,19.212801,16.829367,22.729185,23.3995,22.888992,20.284632,20.833126,19.183971,19.864796,18.97458,22.148827,24.843517,22.26858,20.890787,17.458593,17.323286,17.039877,18.00486,17.483208,19.811253,17.966078,17.78466,15.231688,16.124624,15.723095,14.548621,16.760445,16.142365,16.380371,15.751709,15.205732,16.022873,16.007376,16.037199,15.77837,16.963074,17.112032,16.015953,1.2007891,2.5821145,6.9281673,0.78983337,29.434872,30.28727,40.0897,17.71488,20.735321,21.159628,17.869595,15.844459,16.16095,56.11
4446115.276,657987.1001,93.70952,1.5093484,0.8922298,26.864151,32.005592,42.79565,32.28314,23.328922,29.635468,30.939072,25.317123,26.925755,32.6698,42.352314,37.827084,34.063946,40.73478,43.272232,3.0670505,2.0971785,6.3933053,7.46303,1383.14,115.192215,0.040039062,0.5385221,0.001098633,0,15,0.6129544,0.43196562,0.33178216,0.22889377,0.6817149,1.0713706,2.1701522,19.325842,16.504757,16.94639,15.63346,18.15743,19.594858,17.841423,17.567707,22.348429,17.73898,19.212801,16.829367,22.729185,23.3995,22.888992,20.284632,20.833126,19.183971,19.864796,18.97458,22.148827,24.843517,22.26858,20.890787,17.458593,17.323286,17.039877,18.00486,17.483208,19.811253,17.966078,17.78466,15.231688,16.124624,15.723095,14.548621,16.760445,16.142365,16.380371,15.751709,15.205732,16.022873,16.007376,16.037199,15.77837,16.963074,17.112032,16.015953,1.2007891,2.5821145,6.9281673,0.78983337,29.434872,30.28727,40.0897,17.71488,20.735321,21.159628,17.869595,15.844459,16.16095,56.11
4446115.276,657991.9799,95.9104,1.512825,0.90991867,27.009985,31.94603,44.539677,33.93203,23.457962,27.718306,29.759386,24.221504,24.908936,31.110952,43.37459,38.665794,33.89974,41.049294,44.454773,3.1384683,2.0912766,6.4440217,7.42999,1383.09,117.264465,-0.16064453,0.53168285,-0.0078125,0,15,0.60678697,0.42646343,0.33252323,0.22905347,0.67388016,1.0472594,2.1726317,19.325842,16.504757,16.94639,15.63346,18.15743,19.594858,17.841423,17.567707,22.348429,17.73898,19.212801,16.829367,22.729185,23.3995,22.888992,20.284632,20.833126,19.183971,19.864796,18.97458,22.148827,24.843517,22.26858,20.890787,17.458593,17.323286,17.039877,18.00486,17.483208,19.811253,17.966078,17.78466,15.231688,16.124624,15.723095,14.548621,16.760445,16.142365,16.380371,15.751709,15.205732,16.022873,16.007376,16.037199,15.77837,16.963074,17.112032,16.015953,1.2113719,2.6148725,6.937006,0.78408545,29.478008,28.738846,41.020195,17.71488,20.735321,21.159628,17.869595,15.844459,16.16095,56.11
4446115.276,657996.8598,86.87568,1.5116961,0.90655804,27.092596,32.60194,43.558422,33.272903,23.28637,28.061697,29.007582,24.220354,25.236332,30.608599,43.29111,38.775867,34.25467,41.52067,45.238422,3.0974586,2.073246,6.474287,7.4684243,1383.06,120.97062,0.08105469,0.50083035,0.002319336,0,15,0.60678697,0.42646343,0.33252323,0.22905347,0.67388016,1.0472594,2.1726317,18.641724,16.36293,16.947582,15.451961,18.650064,19.21126,17.743292,17.417538,22.388292,17.553677,20.458488,16.540117,23.310848,23.198977,22.871344,20.48481,20.920511,18.520885,20.297792,18.148136,22.744839,23.877193,22.189955,20.684603,17.767628,16.80724,16.537529,17.909832,17.52932,19.659595,18.738024,17.727352,15.558609,15.7456045,16.010506,14.979113,16.412888,16.240091,16.806355,15.8483515,15.855154,16.205906,16.785654,16.22672,16.149788,17.003147,16.149534,16.245396,1.2091271,2.5853524,6.9713554,0.78408545,29.847267,28.53464,41.03349,17.572687,20.903105,20.957047,17.849882,15.964737,16.339415,56.11
4446115.276,658001.7396,95.14484,1.5020202,0.90004903,27.046215,32.600502,41.978306,32.249363,23.144825,29.005222,29.235422,24.899975,26.097343,30.49986,42.826042,38.48781,34.66977,41.704426,45.71231,3.0385733,2.071513,6.50546,7.5245404,1383.02,120.371704,0,0.48172578,-0.001098633,0,15,0.60678697,0.42646343,0.33252323,0.22905347,0.67388016,1.0472594,2.1726317,18.58897,15.963282,17.204628,16.095615,18.01274,19.384756,17.517206,17.364288,21.889256,18.083418,19.903133,16.759771,22.845951,23.619173,23.68117,20.41519,19.808348,19.442602,19.41609,18.988682,21.73206,24.319155,22.062876,20.512506,17.50468,17.130219,16.518478,18.309021,17.97263,19.232794,18.837923,17.804829,15.49241,14.623832,16.501133,15.9872,16.821587,15.932249,17.366701,15.931196,16.008093,16.741617,17.228664,16.009737,15.638788,17.065578,16.751642,16.354445,1.2010347,2.5550432,7.0150003,0.78408545,29.823359,29.120323,40.656925,17.538172,20.968838,20.824259,17.929392,16.103588,16.492016,56.11
4446115.276,658006.6194,117.003426,1.491987,0.8979013,27.017805,32.6001,40.856716,31.599014,23.061493,29.702787,29.397064,25.44947,26.70407,30.457514,42.43929,38.25108,34.885616,41.78327,46.00683,2.9903095,2.0698984,6.545233,7.568958,1382.98,124.68956,-0.16015625,0.4531525,-0.006713867,0,15,0.60678697,0.42646343,0.33252323,0.22905347,0.67388016,1.0472594,2.1726317,18.58897,15.963282,17.204628,16.095615,18.01274,19.384756,17.517206,17.364288,21.889256,18.083418,19.903133,16.759771,22.845951,23.619173,23.68117,20.41519,19.808348,19.442602,19.41609,18.988682,21.73206,24.319155,22.062876,20.512506,17.50468,17.130219,16.518478,18.309021,17.97263,19.232794,18.837923,17.804829,15.49241,14.623832,16.501133,15.9872,16.821587,15.932249,17.366701,15.931196,16.008093,16.741617,17.228664,16.009737,15.638788,17.065578,16.751642,16.354445,1.1949441,2.530104,7.0570955,0.78408545,29.808952,29.549927,40.345184,17.538172,20.968838,20.824259,17.929392,16.103588,16.492016,56.11
4446115.276,658011.4993,98.11973,1.4818432,0.8973741,26.996807,32.59994,39.959515,31.151976,23.008884,30.291924,29.532356,25.946589,27.198801,30.498127,42.0852,38.041256,34.998833,41.784912,46.15052,2.9474833,2.0683122,6.5853496,7.605969,1382.96,126.24171,0.19921875,0.5326534,0.010009766,0,15,0.60678697,0.42646343,0.33252323,0.22905347,0.67388016,1.0472594,2.1726317,18.439352,16.268005,16.491283,15.909637,17.743301,19.024214,16.839247,17.262043,21.740683,17.661541,19.796131,16.68421,22.307798,23.121155,22.868486,20.099047,22.04223,21.697416,19.876743,20.301905,21.800964,24.406437,21.969234,21.592161,18.893831,17.485632,17.476149,18.320263,18.265398,18.03382,17.608082,18.074005,15.434301,15.200736,15.731457,15.120768,16.354597,15.741252,16.988506,15.621642,16.032768,17.010473,16.834755,16.644915,16.17937,17.93458,17.256153,16.753876,1.1896087,2.5078979,7.0956593,0.78408545,29.798374,29.91214,40.06323,17.245007,20.597143,21.727848,18.011883,15.795944,16.84186,56.11
4446115.276,658016.3791,115.461685,1.4763259,0.8974976,27.03778,32.927776,39.22943,30.855246,22.87117,30.71983,29.466017,26.302282,27.602636,30.58298,41.83457,37.83798,35.03845,41.73473,46.187534,2.9058692,2.0685415,6.6141353,7.630495,1382.91,123.29627,-0.0390625,0.59973556,0,0,15,0.60678697,0.42646343,0.33252323,0.22905347,0.67388016,1.0472594,2.1726317,18.72089,15.674521,16.857452,15.847761,18.049723,19.461636,17.208012,17.29223,22.086807,18.072577,20.320358,16.860792,22.575823,23.982718,21.696608,20.376598,21.976166,20.844175,22.429277,20.54653,21.650267,24.761017,19.51552,21.590929,18.382372,17.921576,18.512074,18.641342,18.618286,20.293896,15.137717,18.529083,15.231349,13.736174,15.209501,14.143204,16.204723,15.851085,16.140427,15.100004,16.66089,16.681015,16.229958,16.573141,15.898295,17.173883,17.225754,16.546816,1.1869117,2.4872055,7.1223154,0.78408545,29.982779,30.092922,39.836273,17.402857,20.799383,21.674707,18.215324,15.216637,16.634705,56.11
4446115.276,658021.2589,127.63604,1.4462736,0.8891902,27.024202,32.662586,38.549797,30.649355,22.820486,31.130825,29.38696,26.917181,28.034933,30.735445,41.5695,37.965084,34.847282,41.387417,46.08774,2.8749516,2.0865679,6.621077,7.644435,1382.87,122.46022,0.040039062,0.5603307,0.002197266,0,15,0.6159758,0.42904508,0.33907238,0.22639552,0.6698816,1.1300567,2.184291,18.72089,15.674521,16.857452,15.847761,18.049723,19.461636,17.208012,17.29223,22.086807,18.072577,20.320358,16.860792,22.575823,23.982718,21.696608,20.376598,21.976166,20.844175,22.429277,20.54653,21.650267,24.761017,19.51552,21.590929,18.382372,17.921576,18.512074,18.641342,18.618286,20.293896,15.137717,18.529083,15.231349,13.736174,15.209501,14.143204,16.204723,15.851085,16.140427,15.100004,16.66089,16.681015,16.229958,16.573141,15.898295,17.173883,17.225754,16.546816,1.1677319,2.4807596,7.132756,0.7992454,29.843395,30.258892,39.767292,17.402857,20.799383,21.674707,18.215324,15.216637,16.634705,56.11
4446115.276,658026.1388,69.43555,1.4391649,0.87293804,26.781189,32.005867,37.935623,30.619986,22.786842,31.465778,29.893967,27.563906,28.302776,30.93057,41.386486,37.874233,34.386055,41.092564,45.916275,2.8370035,2.0728745,6.5995345,7.6431527,1382.83,119.05791,0.07910156,0.5896702,0.006591797,0,15,0.6159758,0.42904508,0.33907238,0.22639552,0.6698816,1.1300567,2.184291,17.97071,15.979783,17.002161,15.520065,18.431591,19.27273,17.036852,17.231842,21.75773,17.797085,20.439157,16.844786,23.229565,24.789843,21.606384,20.515217,21.549332,19.036837,21.666826,19.119232,21.569416,24.220533,20.867588,20.981932,18.27319,18.119562,17.09291,18.309286,19.252748,20.614641,15.79248,18.366259,15.123885,14.511429,15.497513,14.404375,16.268635,16.14723,15.949027,15.284369,15.314601,16.900263,16.736853,15.770505,15.753406,16.759373,17.024454,16.211481,1.1560514,2.454939,7.1213436,0.7992454,29.393528,30.679873,39.63036,17.31627,20.923508,21.147108,18.20783,15.414584,16.322779,56.11
4446115.276,658031.0186,109.629555,1.4100436,0.8531214,26.886478,32.265244,37.16159,30.744064,22.792799,31.658665,29.801203,28.060936,28.431812,31.2041,41.275272,37.840042,34.379272,40.905926,45.61092,2.7925918,2.0434544,6.551149,7.63165,1382.78,116.572044,0.040527344,0.6406378,0.003417969,0,15,0.6159758,0.42904508,0.33907238,0.22639552,0.6698816,1.1300567,2.184291,17.15772,15.572302,17.169052,15.247391,17.314085,18.997608,16.608934,16.819618,21.74135,17.652782,19.898344,16.619347,22.763565,23.520824,22.117563,20.102985,21.624966,19.6541,19.869226,20.381952,19.950119,23.805494,21.352478,20.64496,18.734838,17.931568,18.151129,18.463129,17.072586,20.62972,17.151646,18.209375,15.7523985,14.443281,15.814936,13.969333,15.514208,16.601885,15.49572,15.284825,15.757646,16.507204,16.462933,16.032263,15.325468,16.71091,16.559813,16.12293,1.1315825,2.418023,7.091399,0.7992454,29.575861,30.729935,39.557655,16.866728,20.616255,20.948334,18.304945,15.370252,16.19375,56.11
4446115.276,658035.8984,116.93615,1.3950963,0.8304998,27.170662,33.24675,36.261883,31.042355,22.918486,31.701654,29.594208,28.506794,28.492647,31.623491,41.266315,37.57145,34.622715,40.73113,45.24534,2.755868,2.0278223,6.4878626,7.6270576,1382.73,118.48859,0,0.5707467,-0.001098633,0,15,0.6159758,0.42904508,0.33907238,0.22639552,0.6698816,1.1300567,2.184291,18.169394,15.933374,17.510122,15.608983,19.01238,20.571575,17.69063,17.682554,21.307062,16.875206,19.19033,15.747248,22.292017,23.055294,21.832651,19.504702,18.939035,17.280117,17.42099,18.39506,18.489635,20.324615,17.99297,18.275034,17.580282,16.620474,17.576248,16.492111,16.711958,19.798618,16.080389,17.17928,15.985228,14.859885,16.057955,14.385934,15.717936,16.973581,15.634587,15.574999,15.757646,16.507204,16.462933,16.032263,15.325468,16.71091,16.559813,16.12293,1.1127981,2.3918452,7.05746,0.7992454,30.208706,30.64793,39.418884,17.785208,20.04283,18.406061,17.265726,15.659301,16.19375,56.11
4446115.276,658040.7783,143.05904,1.3875728,0.806858,27.218523,33.502285,35.310448,31.554068,22.873222,31.760609,29.60147,29.067537,28.53041,32.05963,41.25472,37.560493,34.566795,40.19906,44.78422,2.7239335,2.0354445,6.4115915,7.610992,1382.69,119.36191,-0.000976563,0.52562314,0.002197266,0,15,0.6159758,0.42904508,0.33907238,0.22639552,0.6698816,1.1300567,2.184291,18.19517,15.959188,17.186548,15.54012,18.251307,20.256472,18.44182,17.402779,21.018366,17.073082,18.750067,16.306904,22.27004,23.085506,22.45196,19.593773,18.298403,19.532108,17.970713,16.864428,17.989368,20.508312,18.47431,18.331842,18.027645,16.337553,17.083183,16.10419,17.302301,19.629566,17.321793,17.181017,14.971181,14.755946,16.106722,14.671872,15.092709,15.951894,15.955347,15.218711,15.75179,15.899396,16.183334,16.290003,15.523178,15.938622,16.113321,15.873456,1.0972154,2.379689,7.0112915,0.7992454,30.360405,30.68104,39.407608,17.690088,20.136562,18.519663,17.40089,15.357953,15.957091,56.11
4446115.276,658045.6581,143.75551,1.3600227,0.7855138,26.925436,32.25152,34.012077,32.356594,22.864244,31.913448,30.602636,29.914732,28.540392,32.622105,41.165638,37.55903,34.675617,39.34834,44.22377,2.6816146,1.99158,6.3237476,7.6057515,1382.65,118.50534,0.080566406,0.5704394,0.003417969,0,15,0.6159758,0.42904508,0.33907238,0.22639552,0.6698816,1.1300567,2.184291,18.095846,15.661644,16.811195,15.518182,18.77274,20.34038,18.71712,17.473166,20.56392,17.710102,18.737808,16.55234,22.204271,23.562529,22.68027,19.811474,18.81384,18.998793,18.486982,17.050577,18.387138,20.529284,19.83549,18.712069,17.536983,15.350005,16.996706,16.04637,17.154076,20.027521,16.882261,17.026182,14.958704,14.919309,15.351709,14.230379,15.232102,16.150179,16.073812,15.096773,16.52469,16.12646,15.863924,16.063429,15.467552,16.698353,16.11072,16.028437,1.0727682,2.3365974,6.9647493,0.7992454,29.588478,31.258041,39.362335,17.702442,20.287321,18.871729,17.141989,15.273742,16.122162,56.11
4446115.276,658050.5379,123.816795,1.3418415,0.7643547,26.918545,32.240543,32.33478,33.522408,22.894024,31.913372,30.86687,30.843409,28.476978,33.2992,41.162327,37.588886,34.84963,38.376526,43.57119,2.6452403,1.9855788,6.2215314,7.603782,1382.6,121.9995,-0.12011719,0.5407982,-0.005615234,0,15,0.6198605,0.432042,0.33320197,0.22561052,0.6610722,1.0854105,2.1910326,19.290567,16.216307,17.679844,15.859739,20.043623,21.518053,20.11688,18.35878,20.494524,17.685184,18.69501,16.531858,22.147432,23.459248,22.542307,19.761374,18.8677,19.052652,18.524143,17.087734,18.42041,20.57176,19.847101,18.75433,17.540665,15.359419,17.003271,16.05593,17.157549,20.02641,16.886084,17.031672,14.942568,14.892415,15.332884,14.192729,15.22269,16.139423,16.063055,15.076749,16.52469,16.12646,15.863924,16.063429,15.467552,16.698353,16.11072,16.028437,1.0530981,2.3154097,6.912657,0.7926043,29.579544,31.390121,39.375607,18.675001,20.222225,18.910215,17.147047,15.255111,16.122162,56.11
4446115.276,658055.4178,119.4908,1.3218023,0.7480037,27.455753,32.640217,33.22727,32.668877,22.978626,32.365444,30.698116,31.163815,29.52573,34.489525,40.610104,37.422688,34.10685,38.225464,42.3819,2.6040525,1.9813349,6.193521,7.55995,1382.57,124.51966,0.119140625,0.5559927,0.005493164,0,15,0.6198605,0.432042,0.33320197,0.22561052,0.6610722,1.0854105,2.1910326,19.71716,16.496082,17.502813,16.292942,20.466055,21.260813,20.221355,18.540125,21.005957,16.977999,17.665255,16.604204,21.556746,23.014605,21.823116,19.352175,17.946104,17.565454,17.394394,15.804274,18.999832,20.089014,19.00273,17.902231,16.747425,15.559199,17.545395,15.790502,17.049335,19.506971,16.550394,16.89608,16.028637,14.730977,15.8994055,14.713323,15.675803,16.332876,16.09062,15.484742,15.587312,16.148752,15.842574,16.528395,16.008686,16.408993,16.216036,16.06242,1.034903,2.2926936,6.8767357,0.7926043,30.047985,31.53178,39.016396,18.851032,19.806839,18.114544,16.964176,15.638806,16.105822,56.11
4446115.276,658060.2976,97.697266,1.3001859,0.7343836,27.230637,32.645725,34.666363,31.44221,23.177383,33.026585,31.055264,31.249983,31.07992,35.961697,39.9397,37.040417,33.259277,37.651527,40.860622,2.5529728,1.9693447,6.1866612,7.5122685,1382.52,124.39354,-0.03955078,0.65960723,-0.001098633,0,15,0.6198605,0.432042,0.33320197,0.22561052,0.6610722,1.0854105,2.1910326,18.939741,15.8720045,16.480265,16.977724,19.440006,20.982855,19.58772,17.983732,20.289988,17.251684,17.659899,15.998301,20.624731,22.825222,21.123293,18.862074,18.149624,16.385872,15.239699,15.929042,18.492958,19.420475,16.277964,16.910923,16.53863,14.483541,14.962387,15.265053,15.449399,17.634626,14.431239,15.51426,14.689389,14.458478,15.216823,13.832108,15.300504,15.946457,16.169075,14.879701,15.390861,15.9295,15.739798,16.331293,15.309731,15.9481945,16.712982,15.785053,1.0172848,2.2611587,6.849465,0.7926043,29.93818,32.040924,38.49006,18.325758,19.39616,17.127949,15.53784,15.087547,15.908908,56.11
4446115.276,658065.1774,100.90418,1.2705832,0.716609,27.250463,32.519844,35.574463,30.438921,23.118155,33.739727,31.413061,31.647316,32.54942,37.527054,39.108353,36.736927,32.767338,37.277977,39.364807,2.4957013,1.9517313,6.1681805,7.484402,1382.47,128.1046,-0.080566406,0.67348367,-0.005615234,0,15,0.6198605,0.432042,0.33320197,0.22561052,0.6610722,1.0854105,2.1910326,18.939741,15.8720045,16.480265,16.977724,19.440006,20.982855,19.58772,17.983732,20.289988,17.251684,17.659899,15.998301,20.624731,22.825222,21.123293,18.862074,18.149624,16.385872,15.239699,15.929042,18.492958,19.420475,16.277964,16.910923,16.53863,14.483541,14.962387,15.265053,15.449399,17.634626,14.431239,15.51426,14.689389,14.458478,15.216823,13.832108,15.300504,15.946457,16.169075,14.879701,15.390861,15.9295,15.739798,16.331293,15.309731,15.9481945,16.712982,15.785053,0.9935961,2.2237163,6.826291,0.7926043,29.885155,32.576393,37.922638,18.325758,19.39616,17.127949,15.53784,15.087547,15.908908,56.11
4446110.292,657923.6623,101.34218,1.3725605,1.0181277,26.457855,30.115084,30.944313,24.601362,22.102947,42.792015,36.016296,33.518387,40.136467,45.34676,31.301308,33.439,35.321735,35.336178,32.214127,2.6449757,2.0552745,6.721631,7.9123616,1383.75,73.8061,-0.119628906,0.92468905,-0.0078125,0,15,0.593298,0.3916583,0.2913826,0.2344026,0.6675607,0.8287028,1.5345412,18.25778,16.208055,16.434246,15.961021,19.00352,20.308954,17.441051,17.49122,22.571875,18.183504,20.378681,17.31313,23.439096,24.040365,24.513964,20.852943,23.7039,18.670256,20.81204,20.460358,21.399979,24.198368,21.848734,21.12735,21.041965,18.769787,21.63758,21.283825,20.782581,21.651258,19.55634,20.69092,15.109914,15.052612,15.415166,15.406799,16.281294,16.912373,16.456871,15.671009,18.587164,18.339994,17.756817,17.549158,17.689814,18.695896,18.499172,18.04385,1.1953441,2.350125,7.3169966,0.6487923,28.286469,39.404156,32.370155,17.659231,21.491516,21.584806,20.67476,15.805005,18.159716,56.11
4446110.292,657928.5421,100.03995,1.3856709,0.9066181,26.645432,29.71451,32.144775,24.986921,22.283888,43.385235,36.410267,33.354572,38.370174,43.80189,31.022644,32.946564,34.55296,36.486153,33.266663,2.6570387,2.0582414,6.609641,7.8816333,1383.69,78.703514,0.19921875,0.87649006,0.012207031,0,15,0.593298,0.3916583,0.2913826,0.2344026,0.6675607,0.8287028,1.5345412,18.574524,16.44376,17.13791,16.298325,18.504044,20.15476,17.84335,17.715273,22.74489,18.019344,20.137957,16.790144,23.575367,24.189981,23.684874,20.752794,23.494267,19.486126,21.738708,21.65549,22.654175,25.738571,22.673038,22.095074,20.953356,20.246021,21.567799,22.602522,19.955578,22.814009,20.405478,21.133465,15.3935,15.909056,15.7917185,15.722556,16.138515,16.937593,17.531412,15.949521,17.30042,18.261518,18.33901,18.066608,17.775774,18.680067,18.998919,18.047121,1.1461445,2.35764,7.245637,0.6487923,28.17997,39.89775,31.984604,17.850954,21.306078,22.491482,21.220678,16.203478,18.203188,56.11
4446110.292,657933.4219,99.140274,1.4002652,0.9166349,26.660172,29.72023,32.889347,25.545906,22.36128,42.378468,35.866756,32.66926,37.957287,43.33928,31.98469,33.72252,34.606987,36.444164,33.5525,2.6881464,2.0602689,6.5936866,7.819256,1383.61,86.31477,0.12011719,0.88949585,0.0078125,0,15,0.597189,0.42656675,0.3315261,0.2235264,0.68104637,1.1328645,2.191806,18.574524,16.44376,17.13791,16.298325,18.504044,20.15476,17.84335,17.715273,22.74489,18.019344,20.137957,16.790144,23.575367,24.189981,23.684874,20.752794,23.494267,19.486126,21.738708,21.65549,22.654175,25.738571,22.673038,22.095074,20.953356,20.246021,21.567799,22.602522,19.955578,22.814009,20.405478,21.133465,15.3935,15.909056,15.7917185,15.722556,16.138515,16.937593,17.531412,15.949521,17.30042,18.261518,18.33901,18.066608,17.775774,18.680067,18.998919,18.047121,1.1584501,2.3742075,7.2064714,0.7977893,28.1902,39.122612,32.853603,17.850954,21.306078,22.491482,21.220678,16.203478,18.203188,56.11
4446110.292,657938.3018,94.42957,1.4211087,0.927469,26.734573,29.788198,33.790066,26.084522,22.647646,41.29755,35.690586,32.038063,37.517952,42.91382,33.018032,34.240307,34.473675,36.35208,33.82696,2.7225335,2.0777838,6.5657578,7.757203,1383.53,91.124374,-0.079589844,0.73063624,-0.003295898,0,15,0.597189,0.42656675,0.3315261,0.2235264,0.68104637,1.1328645,2.191806,19.43491,17.747568,17.905855,15.85064,18.659037,20.684557,18.568981,18.256178,22.868649,17.861269,20.092442,17.072174,23.646019,25.19804,24.730352,20.974993,21.970572,19.370487,21.060345,20.950106,22.011396,25.355103,22.754187,21.513231,20.675947,21.294867,20.638409,21.404604,20.2912,21.638279,20.399246,20.845547,15.938339,15.216723,15.673213,14.977082,15.908605,17.429117,16.611757,15.819304,17.489592,17.542643,18.337952,17.64554,17.069628,17.971855,18.597483,17.686523,1.1742889,2.4001586,7.1614804,0.7977893,28.261387,38.49407,33.62917,18.407364,21.638418,21.9246,20.906078,15.964976,17.807812,56.11
4446110.292,657943.1816,83.94464,1.4236614,0.93076503,26.910715,30.381891,34.845257,26.594625,22.688868,40.054077,34.78485,31.07439,36.83824,42.452118,34.24457,34.949993,34.571735,36.755203,34.266792,2.7527168,2.068246,6.505113,7.696942,1383.48,91.33373,0.119628906,0.61597484,0.006591797,0,15,0.597189,0.42656675,0.3315261,0.2235264,0.68104637,1.1328645,2.191806,19.46684,16.184076,17.51944,16.23765,18.97807,20.203497,18.557667,18.02493,22.562365,17.611797,20.788631,17.369062,23.455238,24.871677,24.799053,21.090233,21.151112,20.8167,20.049114,20.679478,21.395096,24.716791,22.66276,21.182152,20.307146,20.619394,20.852968,20.661823,19.557579,22.654957,19.347265,20.591457,15.824813,14.888224,15.529552,14.333629,16.396524,16.702381,16.356962,15.606219,16.991428,17.474981,18.082731,17.671465,17.441065,17.815613,18.173018,17.615437,1.1772132,2.4104815,7.1010275,0.7977893,28.646303,37.419464,34.597282,18.163893,21.636831,21.638721,20.57159,15.71887,17.664328,56.11
4446110.292,657948.0614,103.86866,1.4371419,0.9199682,26.915754,30.388693,35.977654,27.102598,22.757729,38.785595,34.303696,30.234926,36.05519,41.875923,35.513466,35.62347,34.548214,37.08083,34.811405,2.7868254,2.0704029,6.4342165,7.6390476,1383.42,91.39884,-0.03955078,0.5873103,-0.002197266,0,15,0.597189,0.42656675,0.3315261,0.2235264,0.68104637,1.1328645,2.191806,19.46684,16.184076,17.51944,16.23765,18.97807,20.203497,18.557667,18.02493,22.562365,17.611797,20.788631,17.369062,23.455238,24.871677,24.799053,21.090233,21.151112,20.8167,20.049114,20.679478,21.395096,24.716791,22.66276,21.182152,20.307146,20.619394,20.852968,20.661823,19.557579,22.654957,19.347265,20.591457,15.824813,14.888224,15.529552,14.333629,16.396524,16.702381,16.356962,15.606219,16.991428,17.474981,18.082731,17.671465,17.441065,17.815613,18.173018,17.615437,1.178555,2.4286141,7.036632,0.7977893,28.652224,36.544647,35.568466,18.163893,21.636831,21.638721,20.57159,15.71887,17.664328,56.11
4446110.292,657952.9413,93.59266,1.4389017,0.9074041,26.796894,30.90433,37.20438,27.63051,23.137285,37.471027,33.656216,29.361013,35.16385,41.174076,36.823795,36.202824,34.25539,37.48394,35.54414,2.8168936,2.080159,6.363315,7.57897,1383.37,94.398705,-0.040039062,0.5608134,-0.002197266,0,15,0.597189,0.42656675,0.3315261,0.2235264,0.68104637,1.1328645,2.191806,19.001312,14.879312,17.361261,15.750789,18.232151,21.20108,18.442873,17.682716,22.532595,18.667496,20.760609,17.188917,24.320444,24.581213,24.580717,21.297256,19.932901,21.31199,19.33688,21.212667,22.71266,24.425385,22.837748,21.228174,20.296549,20.831564,20.587748,21.355804,20.441746,21.673935,20.131351,20.673018,15.786943,13.314767,15.781329,14.460423,16.077478,16.38658,16.472479,15.351814,16.699146,17.254147,17.688509,17.311367,17.4562,17.479565,17.987467,17.368399,1.1731529,2.4485264,6.971143,0.7977893,28.850613,35.56362,36.51331,17.838396,21.80457,21.681463,20.759813,15.468573,17.410913,56.11
4446110.292,657957.8211,77.904366,1.4674592,0.8893088,26.625372,31.50318,38.29679,28.236868,23.371592,36.310535,33.113735,28.66138,34.02135,40.238216,37.914574,36.508564,34.089035,38.075794,36.48869,2.8578203,2.0977552,6.3081913,7.53292,1383.32,99.47493,-0.080566406,0.5225811,-0.006713867,0,15,0.597189,0.42656675,0.3315261,0.2235264,0.68104637,1.1328645,2.191806,17.90197,15.3972645,17.371065,15.645338,19.220766,20.354015,18.28528,17.586472,22.763657,18.759146,20.84914,17.204035,23.977203,24.834675,22.867947,21.213057,19.93071,20.388563,19.76669,20.441738,21.639156,24.855906,22.895025,21.007046,20.458158,21.006306,20.791414,20.165274,20.63113,21.558666,20.437134,20.645681,15.878533,14.269889,15.465729,13.929973,17.590176,16.302992,16.659163,15.638987,16.835806,17.256254,18.108704,17.678457,16.93438,17.63113,18.352291,17.459232,1.1783841,2.4777877,6.9205556,0.7977893,29.064276,34.712135,37.21157,17.739384,21.607973,21.416826,20.721155,15.7280655,17.542433,56.11
4446110.292,657962.7009,87.53865,1.4771698,0.8821469,26.71876,31.640812,39.1548,28.774033,23.303522,34.95365,32.642433,27.960968,32.89418,39.020504,38.991833,36.908363,34.173447,38.67918,37.67568,2.8965945,2.100953,6.279075,7.5063243,1383.28,107.37892,-0.03955078,0.48001635,-0.003295898,0,15,0.6129544,0.43196562,0.33178216,0.22889377,0.6817149,1.0713706,2.1701522,17.90197,15.3972645,17.371065,15.645338,19.220766,20.354015,18.28528,17.586472,21.938116,18.038319,20.309933,16.819248,23.244394,24.040056,22.019632,20.532,19.727505,20.102673,19.644705,20.136276,21.49636,24.498352,22.385809,20.759066,19.29302,19.634295,19.609509,18.858286,19.567604,20.566603,19.04214,19.43367,15.257567,14.243176,15.397083,13.9638605,16.909687,15.939611,16.469227,15.364344,15.27653,16.171255,16.763542,16.724514,15.570862,16.491705,16.616198,16.147114,1.1796583,2.4987738,6.8926997,0.78983337,29.179787,33.798042,37.950096,17.739384,20.91567,21.141668,19.510208,15.454317,16.230658,56.11
4446110.292,657967.5808,87.39207,1.4769778,0.8824195,26.694672,31.975258,39.958977,29.424295,23.229313,33.64963,32.06008,27.27752,31.577871,37.53083,39.925514,37.179935,34.115486,39.247982,39.127266,2.931112,2.0970876,6.281627,7.4910727,1383.24,111.49032,-0.040039062,0.508302,-0.002197266,0,15,0.6129544,0.43196562,0.33178216,0.22889377,0.6817149,1.0713706,2.1701522,17.985067,15.640738,17.436949,15.936368,19.226112,20.697153,18.522083,17.776333,22.352278,17.516403,19.945093,16.664349,23.059807,24.269398,21.749619,20.402254,20.799618,21.129704,19.477934,20.475452,21.200481,25.21823,22.481703,21.14923,18.788578,19.939615,19.152046,19.269247,19.369915,21.604708,19.458426,19.51758,15.034639,13.74679,15.202948,14.147183,16.391453,16.122585,16.542788,15.227844,15.41302,15.703458,16.591158,16.624035,15.963023,16.337523,16.038952,16.089933,1.1796987,2.5140998,6.8863497,0.78983337,29.334965,32.85486,38.552727,17.920639,20.79385,21.540447,19.654648,15.312627,16.09588,56.11
4446110.292,657972.4606,70.74662,1.4817874,0.8826954,26.746056,31.984928,40.677128,30.1426,23.220278,32.379402,31.70538,26.67808,30.175947,35.878105,40.72866,37.4049,34.217125,39.81932,40.646812,2.9697657,2.0974815,6.30407,7.4870157,1383.2,114.44076,-0.000976563,0.5189421,-0.001220703,0,15,0.6129544,0.43196562,0.33178216,0.22889377,0.6817149,1.0713706,2.1701522,17.642677,15.644125,17.464087,15.946542,18.136454,20.0269,17.851347,17.448912,22.242334,17.516403,19.945093,16.664349,23.059807,23.939564,21.433094,20.336758,20.19565,20.734262,19.467524,20.400518,21.148834,24.801937,21.483335,20.868408,17.085016,18.715773,17.695398,18.144232,17.93997,19.93436,17.501827,18.051609,15.034639,13.74679,15.202948,14.147183,16.391453,16.122585,16.542788,15.227844,15.41302,15.703458,16.591158,16.624035,15.963023,16.337523,16.038952,16.089933,1.1822414,2.5336237,6.895543,0.78983337,29.365492,32.04239,39.06678,17.530306,20.685806,21.17601,18.145227,15.312627,16.09588,56.11
4446110.292,657977.3404,93.54804,1.4861448,0.8857319,26.802662,31.99495,41.48425,30.974865,23.227049,31.099775,31.34846,26.08038,28.710539,34.21877,41.48311,37.610886,34.251907,40.348724,42.129597,3.0120358,2.097913,6.3369446,7.4828033,1383.16,117.264465,0.000488281,0.53168285,0.001098633,0,15,0.6129544,0.43196562,0.33178216,0.22889377,0.6817149,1.0713706,2.1701522,18.12924,15.929881,16.950901,15.711705,18.126682,19.796986,18.257126,17.389772,22.2963,17.008497,19.500822,16.550919,22.224058,24.28336,22.049831,20.076818,22.079666,19.710476,21.491413,20.578186,20.845785,24.04454,21.266994,21.164585,18.191648,18.738235,17.465458,18.432623,17.716404,20.153973,17.491693,18.171288,15.2016535,15.607454,14.896816,14.024626,16.469063,16.307608,18.117237,15.595584,16.235968,16.180992,15.702911,15.862833,15.4807005,16.180914,17.49104,15.952271,1.1859384,2.5549746,6.909874,0.78983337,29.398806,31.224117,39.546997,17.5575,20.559113,21.43101,18.312864,15.803495,16.162195,56.11
4446110.292,657982.2203,93.80419,1.4898503,0.89146864,26.865526,32.005253,42.46371,31.950691,23.260017,29.782074,30.97609,25.460829,27.194992,32.63826,42.214138,37.82155,34.181667,40.80313,43.480743,3.0582879,2.098418,6.378086,7.474987,1383.12,117.247215,0.040039062,0.5319937,0.002197266,0,15,0.6129544,0.43196562,0.33178216,0.22889377,0.6817149,1.0713706,2.1701522,19.325842,16.504757,16.94639,15.63346,18.15743,19.594858,17.841423,17.567707,22.348429,17.73898,19.212801,16.829367,22.729185,23.3995,22.888992,20.284632,20.833126,19.183971,19.864796,18.97458,22.148827,24.843517,22.26858,20.890787,17.458593,17.323286,17.039877,18.00486,17.483208,19.811253,17.966078,17.78466,15.231688,16.124624,15.723095,14.548621,16.760445,16.142365,16.380371,15.751709,15.205732,16.022873,16.007376,16.037199,15.77837,16.963074,17.112032,16.015953,1.1906595,2.578353,6.9265366,0.78983337,29.43539,30.379082,40.017845,17.71488,20.735321,21.159628,17.869595,15.844459,16.16095,56.11
4446110.292,657987.1001,78.19956,1.4898503,0.89146864,26.865526,32.005253,42.46371,31.950691,23.260017,29.782074,30.97609,25.460829,27.194992,32.63826,42.214138,37.82155,34.181667,40.80313,43.480743,3.0582879,2.098418,6.378086,7.474987,1383.12,117.247215,0.040039062,0.5319937,0.002197266,0,15,0.6129544,0.43196562,0.33178216,0.22889377,0.6817149,1.0713706,2.1701522,19.325842,16.504757,16.94639,15.63346,18.15743,19.594858,17.841423,17.567707,22.348429,17.73898,19.212801,16.829367,22.729185,23.3995,22.888992,20.284632,20.833126,19.183971,19.864796,18.97458,22.148827,24.843517,22.26858,20.890787,17.458593,17.323286,17.039877,18.00486,17.483208,19.811253,17.966078,17.78466,15.231688,16.124624,15.723095,14.548621,16.760445,16.142365,16.380371,15.751709,15.205732,16.022873,16.007376,16.037199,15.77837,16.963074,17.112032,16.015953,1.1906595,2.578353,6.9265366,0.78983337,29.43539,30.379082,40.017845,17.71488,20.735321,21.159628,17.869595,15.844459,16.16095,56.11
4446110.292,657991.9799,84.978264,1.4772227,0.8984602,27.036873,31.878075,43.41289,32.96612,23.259495,28.510023,30.816555,25.066095,25.78242,31.265667,42.897503,37.963535,33.968353,41.13612,44.627434,3.088358,2.079159,6.4212832,7.4684467,1383.08,114.44076,0.07910156,0.5189421,0.003295898,0,15,0.60678697,0.42646343,0.33252323,0.22905347,0.67388016,1.0472594,2.1726317,19.325842,16.504757,16.94639,15.63346,18.15743,19.594858,17.841423,17.567707,22.348429,17.73898,19.212801,16.829367,22.729185,23.3995,22.888992,20.284632,20.833126,19.183971,19.864796,18.97458,22.148827,24.843517,22.26858,20.890787,17.458593,17.323286,17.039877,18.00486,17.483208,19.811253,17.966078,17.78466,15.231688,16.124624,15.723095,14.548621,16.760445,16.142365,16.380371,15.751709,15.205732,16.022873,16.007376,16.037199,15.77837,16.963074,17.112032,16.015953,1.1878414,2.5837584,6.944865,0.78408545,29.457474,29.663288,40.43052,17.71488,20.735321,21.159628,17.869595,15.844459,16.16095,56.11
4446110.292,657996.8598,77.231926,1.4785697,0.8962828,27.088459,32.20725,43.065613,32.785007,23.20785,28.360132,29.69642,24.710764,25.643677,30.571444,43.06741,38.488377,34.26558,41.52569,45.417526,3.0757923,2.0729444,6.4453397,7.4872665,1383.03,115.02455,-0.15966797,0.47410995,-0.008911133,0,15,0.60678697,0.42646343,0.33252323,0.22905347,0.67388016,1.0472594,2.1726317,18.641724,16.36293,16.947582,15.451961,18.650064,19.21126,17.743292,17.417538,22.388292,17.553677,20.458488,16.540117,23.310848,23.198977,22.871344,20.48481,20.920511,18.520885,20.297792,18.148136,22.744839,23.877193,22.189955,20.684603,17.767628,16.80724,16.537529,17.909832,17.52932,19.659595,18.738024,17.727352,15.558609,15.7456045,16.010506,14.979113,16.412888,16.240091,16.806355,15.8483515,15.855154,16.205906,16.785654,16.22672,16.149788,17.003147,16.149534,16.245396,1.1874263,2.5743685,6.966303,0.78408545,29.647854,29.028276,40.777893,17.572687,20.903105,20.957047,17.849882,15.964737,16.339415,56.11
4446110.292,658001.7396,97.63144,1.4845283,0.88616246,27.057602,32.601955,42.00351,31.987122,23.11158,28.88232,29.188095,24.885166,26.238295,30.334002,42.86716,38.523468,34.698875,41.815895,45.933025,3.0317085,2.0725834,6.4721646,7.5214305,1383,116.56505,-0.040039062,0.44883913,-0.001098633,0,15,0.60678697,0.42646343,0.33252323,0.22905347,0.67388016,1.0472594,2.1726317,18.58897,15.963282,17.204628,16.095615,18.01274,19.384756,17.517206,17.364288,21.889256,18.083418,19.903133,16.759771,22.845951,23.619173,23.68117,20.41519,19.808348,19.442602,19.41609,18.988682,21.73206,24.319155,22.062876,20.512506,17.50468,17.130219,16.518478,18.309021,17.97263,19.232794,18.837923,17.804829,15.49241,14.623832,16.501133,15.9872,16.821587,15.932249,17.366701,15.931196,16.008093,16.741617,17.228664,16.009737,15.638788,17.065578,16.751642,16.354445,1.1853454,2.552146,6.9967976,0.78408545,29.829779,29.035208,40.695312,17.538172,20.968838,20.824259,17.929392,16.103588,16.492016,56.11
4446110.292,658006.6194,93.915695,1.4745556,0.87741673,27.033401,32.60242,41.096676,31.310202,23.044893,29.47331,29.329319,25.367868,26.851929,30.245142,42.546516,38.277447,34.84241,41.907276,46.217285,2.9856818,2.0708947,6.4997306,7.556326,1382.97,118.750984,0.15966797,0.5063653,0.005493164,0,15,0.60678697,0.42646343,0.33252323,0.22905347,0.67388016,1.0472594,2.1726317,18.58897,15.963282,17.204628,16.095615,18.01274,19.384756,17.517206,17.364288,21.889256,18.083418,19.903133,16.759771,22.845951,23.619173,23.68117,20.41519,19.808348,19.442602,19.41609,18.988682,21.73206,24.319155,22.062876,20.512506,17.50468,17.130219,16.518478,18.309021,17.97263,19.232794,18.837923,17.804829,15.49241,14.623832,16.501133,15.9872,16.821587,15.932249,17.366701,15.931196,16.008093,16.741617,17.228664,16.009737,15.638788,17.065578,16.751642,16.354445,1.1759862,2.5282884,7.0280285,0.78408545,29.817911,29.401314,40.41198,17.538172,20.968838,20.824259,17.929392,16.103588,16.492016,56.11
4446110.292,658011.4993,91.04565,1.4643611,0.86864716,27.014893,32.603188,40.406227,30.745121,23.007574,29.986162,29.449364,25.812956,27.443882,30.260956,42.247074,38.04683,34.875748,41.92471,46.33237,2.9434865,2.069241,6.5226374,7.5824437,1382.92,122.47942,-0.119140625,0.5600357,-0.004394531,0,15,0.60678697,0.42646343,0.33252323,0.22905347,0.67388016,1.0472594,2.1726317,18.439352,16.268005,16.491283,15.909637,17.743301,19.024214,16.839247,17.262043,21.740683,17.661541,19.796131,16.68421,22.307798,23.121155,22.868486,20.099047,22.04223,21.697416,19.876743,20.301905,21.800964,24.406437,21.969234,21.592161,18.893831,17.485632,17.476149,18.320263,18.265398,18.03382,17.608082,18.074005,15.434301,15.200736,15.731457,15.120768,16.354597,15.741252,16.988506,15.621642,16.032768,17.010473,16.834755,16.644915,16.17937,17.93458,17.256153,16.753876,1.1665041,2.5063639,7.052541,0.78408545,29.80904,29.717762,40.14695,17.245007,20.597143,21.727848,18.011883,15.795944,16.84186,56.11
4446110.292,658016.3791,105.347275,1.4476621,0.8569123,26.87686,32.602528,39.843105,30.26105,22.855932,30.364115,29.378971,26.308743,28.025433,30.352573,42.057774,37.9728,34.840946,41.850723,46.32444,2.9183836,2.1114533,6.5347843,7.5991516,1382.88,122.46571,-0.040039062,0.560572,-0.004394531,0,15,0.60678697,0.42646343,0.33252323,0.22905347,0.67388016,1.0472594,2.1726317,18.72089,15.674521,16.857452,15.847761,18.049723,19.461636,17.208012,17.29223,22.086807,18.072577,20.320358,16.860792,22.575823,23.982718,21.696608,20.376598,21.976166,20.844175,22.429277,20.54653,21.650267,24.761017,19.51552,21.590929,18.382372,17.921576,18.512074,18.641342,18.618286,20.293896,15.137717,18.529083,15.231349,13.736174,15.209501,14.143204,16.204723,15.851085,16.140427,15.100004,16.66089,16.681015,16.229958,16.573141,15.898295,17.173883,17.225754,16.546816,1.1522872,2.5149183,7.066968,0.78408545,29.739693,29.871544,40.01529,17.402857,20.799383,21.674707,18.215324,15.216637,16.634705,56.11
4446110.292,658021.2589,112.9431,1.4306477,0.8468361,27.048538,32.66945,39.424717,29.94536,22.839819,30.7278,29.277187,26.694178,28.549702,30.499308,41.79505,37.892994,34.528698,41.55899,46.176777,2.8668973,2.0862901,6.5276175,7.6005793,1382.84,122.48491,-0.040527344,0.56027704,-0.002197266,0,15,0.6159758,0.42904508,0.33907238,0.22639552,0.6698816,1.1300567,2.184291,18.72089,15.674521,16.857452,15.847761,18.049723,19.461636,17.208012,17.29223,22.086807,18.072577,20.320358,16.860792,22.575823,23.982718,21.696608,20.376598,21.976166,20.844175,22.429277,20.54653,21.650267,24.761017,19.51552,21.590929,18.382372,17.921576,18.512074,18.641342,18.618286,20.293896,15.137717,18.529083,15.231349,13.736174,15.209501,14.143204,16.204723,15.851085,16.140427,15.100004,16.66089,16.681015,16.229958,16.573141,15.898295,17.173883,17.225754,16.546816,1.138742,2.4765937,7.0640984,0.7992454,29.858994,30.002495,39.844025,17.402857,20.799383,21.674707,18.215324,15.216637,16.634705,56.11
4446110.292,658026.1388,88.89623,1.418366,0.8334331,27.040777,32.66972,38.71297,29.918549,22.801996,31.02572,29.388884,27.11416,28.798405,30.74015,41.615047,37.75471,34.569824,41.37138,46.00426,2.8300588,2.082341,6.5120835,7.6086802,1382.8,121.43585,0.041015625,0.60411656,0.001220703,0,15,0.6159758,0.42904508,0.33907238,0.22639552,0.6698816,1.1300567,2.184291,17.97071,15.979783,17.002161,15.520065,18.431591,19.27273,17.036852,17.231842,21.75773,17.797085,20.439157,16.844786,23.229565,24.789843,21.606384,20.515217,21.549332,19.036837,21.666826,19.119232,21.569416,24.220533,20.867588,20.981932,18.27319,18.119562,17.09291,18.309286,19.252748,20.614641,15.79248,18.366259,15.123885,14.511429,15.497513,14.404375,16.268635,16.14723,15.949027,15.284369,15.314601,16.900263,16.736853,15.770505,15.753406,16.759373,17.024454,16.211481,1.1258996,2.4562,7.060382,0.7992454,29.855247,30.207302,39.68488,17.31627,20.923508,21.147108,18.20783,15.414584,16.322779,56.11
4446110.292,658031.0186,130.32451,1.3945626,0.82003385,27.20635,33.257442,37.87425,30.205235,22.911955,31.29198,29.35844,27.803246,28.776167,31.14481,41.445,37.5646,34.35042,41.234894,45.652035,2.7819405,2.0317245,6.481561,7.6073947,1382.75,117.173836,-0.040039062,0.59610456,-0.004394531,0,15,0.6159758,0.42904508,0.33907238,0.22639552,0.6698816,1.1300567,2.184291,18.169394,15.933374,17.510122,15.608983,19.01238,20.571575,17.69063,17.682554,21.307062,16.875206,19.19033,15.747248,22.292017,23.055294,21.832651,19.504702,18.939035,17.280117,17.42099,18.39506,18.489635,20.324615,17.99297,18.275034,17.580282,16.620474,17.576248,16.492111,16.711958,19.798618,16.080389,17.17928,15.985228,14.859885,16.057955,14.385934,15.717936,16.973581,15.634587,15.574999,15.757646,16.507204,16.462933,16.032263,15.325468,16.71091,16.559813,16.12293,1.1072983,2.4068325,7.044478,0.7992454,30.231895,30.32521,39.5048,17.785208,20.04283,18.406061,17.265726,15.659301,16.19375,56.11
4446110.292,658035.8984,113.014725,1.379523,0.8043689,27.189907,33.25231,36.95421,30.619965,22.904661,31.524076,29.4864,28.308186,28.751348,31.578459,41.318733,37.565437,34.399227,40.870716,45.247818,2.7445986,2.0271127,6.436084,7.605965,1382.7,114.45034,-0.2006836,0.5191736,-0.011108398,0,15,0.6159758,0.42904508,0.33907238,0.22639552,0.6698816,1.1300567,2.184291,18.169394,15.933374,17.510122,15.608983,19.01238,20.571575,17.69063,17.682554,21.307062,16.875206,19.19033,15.747248,22.292017,23.055294,21.832651,19.504702,18.939035,17.280117,17.42099,18.39506,18.489635,20.324615,17.99297,18.275034,17.580282,16.620474,17.576248,16.492111,16.711958,19.798618,16.080389,17.17928,15.985228,14.859885,16.057955,14.385934,15.717936,16.973581,15.634587,15.574999,15.757646,16.507204,16.462933,16.032263,15.325468,16.71091,16.559813,16.12293,1.091946,2.3858557,7.0210247,0.7992454,30.22111,30.505238,39.442085,17.785208,20.04283,18.406061,17.265726,15.659301,16.19375,56.11
4446110.292,658040.7783,125.65919,1.3741649,0.78692144,27.238201,33.509396,36.06529,31.143124,22.845247,31.663313,29.465305,28.835161,28.736433,32.09635,41.23677,37.57185,34.330776,40.367527,44.73582,2.71272,2.035524,6.3767767,7.5944996,1382.67,115.19914,0.08105469,0.53797305,0.002319336,0,15,0.6159758,0.42904508,0.33907238,0.22639552,0.6698816,1.1300567,2.184291,18.19517,15.959188,17.186548,15.54012,18.251307,20.256472,18.44182,17.402779,21.018366,17.073082,18.750067,16.306904,22.27004,23.085506,22.45196,19.593773,18.298403,19.532108,17.970713,16.864428,17.989368,20.508312,18.47431,18.331842,18.027645,16.337553,17.083183,16.10419,17.302301,19.629566,17.321793,17.181017,14.971181,14.755946,16.106722,14.671872,15.092709,15.951894,15.955347,15.218711,15.75179,15.899396,16.183334,16.290003,15.523178,15.938622,16.113321,15.873456,1.0805432,2.374122,6.985638,0.7992454,30.373798,30.564308,39.404312,17.690088,20.136562,18.519663,17.40089,15.357953,15.957091,56.11
4446110.292,658045.6581,101.270645,1.3549118,0.7676889,26.936405,32.585373,35.13068,31.738464,22.955692,31.924622,30.32184,29.541117,28.883198,32.747456,41.06379,37.521645,34.273384,39.40466,44.022804,2.6724029,2.0156338,6.314582,7.591567,1382.62,116.549515,-0.080078125,0.57660204,-0.004394531,0,15,0.6159758,0.42904508,0.33907238,0.22639552,0.6698816,1.1300567,2.184291,19.290567,16.216307,17.679844,15.859739,20.043623,21.518053,20.11688,18.35878,20.494524,17.685184,18.69501,16.531858,22.147432,23.459248,22.542307,19.761374,18.8677,19.052652,18.524143,17.087734,18.42041,20.57176,19.847101,18.75433,17.540665,15.359419,17.003271,16.05593,17.157549,20.02641,16.886084,17.031672,14.942568,14.892415,15.332884,14.192729,15.22269,16.139423,16.063055,15.076749,16.52469,16.12646,15.863924,16.063429,15.467552,16.698353,16.11072,16.028437,1.0613003,2.3440185,6.9530745,0.7992454,29.76089,31.12323,39.292717,18.675001,20.222225,18.910215,17.147047,15.255111,16.122162,56.11
4446110.292,658050.5379,114.03671,1.3350383,0.7505756,27.470762,32.976788,34.441994,32.101093,23.043316,32.122856,30.342348,30.372093,29.199434,33.662186,40.784294,37.40183,34.03857,38.831757,43.10937,2.6362383,2.010581,6.2521367,7.5756507,1382.58,119.91125,-0.000976563,0.54523945,-0.001098633,0,15,0.6198605,0.432042,0.33320197,0.22561052,0.6610722,1.0854105,2.1910326,19.290567,16.216307,17.679844,15.859739,20.043623,21.518053,20.11688,18.35878,20.494524,17.685184,18.69501,16.531858,22.147432,23.459248,22.542307,19.761374,18.8677,19.052652,18.524143,17.087734,18.42041,20.57176,19.847101,18.75433,17.540665,15.359419,17.003271,16.05593,17.157549,20.02641,16.886084,17.031672,14.942568,14.892415,15.332884,14.192729,15.22269,16.139423,16.063055,15.076749,16.52469,16.12646,15.863924,16.063429,15.467552,16.698353,16.11072,16.028437,1.042807,2.3234096,6.9138937,0.7926043,30.223774,31.232601,39.093063,18.675001,20.222225,18.910215,17.147047,15.255111,16.122162,56.11
4446110.292,658055.4178,121.25082,1.3058199,0.7370568,27.234116,32.648838,34.581886,31.842173,23.12868,32.605606,30.974747,30.861069,30.039766,34.888313,40.327805,37.11192,33.65353,38.174507,41.896404,2.58539,1.9737792,6.2114983,7.546035,1382.54,121.41306,0.041015625,0.60417455,0.003417969,0,15,0.6198605,0.432042,0.33320197,0.22561052,0.6610722,1.0854105,2.1910326,19.107988,15.870054,16.74467,15.676524,19.857697,20.859652,19.419374,17.905153,20.822733,16.732065,17.480963,16.421814,21.328997,22.817263,21.640377,19.15805,17.946104,17.565454,17.394394,15.8012085,18.999832,20.08757,19.001286,17.901558,15.928792,14.248204,16.259918,14.738886,16.370169,18.792513,15.610254,15.881699,15.498738,14.318735,15.424982,14.222674,15.126281,15.654269,15.717909,14.973001,15.269274,15.621966,15.371098,16.063377,15.733226,16.094606,15.8826,15.668532,1.0214384,2.2795846,6.8787665,0.7926043,29.941477,31.790176,38.719864,18.219423,19.606314,18.113693,15.992676,15.137655,15.719449,56.11
4446110.292,658060.2976,134.91553,1.2872859,0.7244434,27.241537,32.650326,35.32891,31.136803,23.160978,33.087105,30.934496,31.033255,31.217953,36.388844,39.792664,37.08116,33.0655,37.743477,40.434704,2.5388207,1.968678,6.1850476,7.5048556,1382.49,120.953476,0,0.6683203,0,0,15,0.6198605,0.432042,0.33320197,0.22561052,0.6610722,1.0854105,2.1910326,18.939741,15.8720045,16.480265,16.977724,19.440006,20.982855,19.58772,17.983732,20.289988,17.251684,17.659899,15.998301,20.624731,22.825222,21.123293,18.862074,18.149624,16.385872,15.239699,15.929042,18.492958,19.420475,16.277964,16.910923,16.53863,14.483541,14.962387,15.265053,15.449399,17.634626,14.431239,15.51426,14.689389,14.458478,15.216823,13.832108,15.300504,15.946457,16.169075,14.879701,15.390861,15.9295,15.739798,16.331293,15.309731,15.9481945,16.712982,15.785053,1.0058646,2.2537494,6.8449516,0.7926043,29.94593,32.0108,38.436913,18.325758,19.39616,17.127949,15.53784,15.087547,15.908908,56.11
4446110.292,658065.1774,107.28411,1.2472541,0.71182305,27.128334,32.126686,36.04866,30.41448,23.179571,33.65987,31.383429,31.453089,32.54498,38.08348,39.147682,36.97158,32.486942,37.21909,38.826115,2.4774508,1.9511127,6.1584554,7.474044,1382.44,122.28257,-0.000976563,0.6436048,-0.002319336,0,15,0.6198605,0.432042,0.33320197,0.22561052,0.6610722,1.0854105,2.1910326,19.867004,16.730747,17.61362,17.811714,20.41873,21.72879,20.68416,18.941652,20.286955,17.249397,17.659899,15.623877,20.565617,22.761435,20.905806,18.767368,18.18332,16.365637,15.25707,15.919274,18.469835,19.455677,16.343884,16.920555,16.637772,14.483541,15.051302,15.306035,15.46809,17.682066,14.4649935,15.568442,14.361318,14.110346,14.942075,13.774207,15.229486,15.966191,16.197437,14.714453,15.21216,15.840434,15.734299,16.314547,15.309963,15.948328,16.700153,15.740695,0.97953856,2.2142818,6.81625,0.7926043,29.62751,32.52165,38.05963,19.264967,19.293283,17.142101,15.584829,14.940153,15.865699,56.11
4446105.308,657923.6623,97.06768,1.3567059,1.1038492,26.701267,30.243963,30.342857,24.178518,22.086658,43.02192,35.903404,33.720676,40.534122,44.777664,30.90871,33.42137,35.47157,35.55932,32.792755,2.6350362,2.0581913,6.814392,7.9437947,1383.78,73.061195,0.000488281,1.0333407,-0.001098633,0,15,0.593298,0.3916583,0.2913826,0.2344026,0.6675607,0.8287028,1.5345412,18.25778,16.208055,16.434246,15.961021,19.00352,20.308954,17.441051,17.49122,22.571875,18.183504,20.378681,17.31313,23.439096,24.040365,24.513964,20.852943,23.7039,18.670256,20.81204,20.460358,21.399979,24.198368,21.848734,21.12735,21.041965,18.769787,21.63758,21.283825,20.782581,21.651258,19.55634,20.69092,15.109914,15.052612,15.415166,15.406799,16.281294,16.912373,16.456871,15.671009,18.587164,18.339994,17.756817,17.549158,17.689814,18.695896,18.499172,18.04385,1.2302775,2.346614,7.379093,0.6487923,28.472614,39.46266,32.16504,17.659231,21.491516,21.584806,20.67476,15.805005,18.159716,56.11
4446105.308,657928.5421,98.4951,1.3703556,1.03508,26.684782,29.712082,31.239944,24.58349,22.185667,43.174603,36.161316,33.52799,39.52577,43.78131,30.950438,33.440094,35.021194,35.981316,33.42034,2.6542304,2.058595,6.751555,7.909182,1383.69,79.01154,-0.080566406,0.9777759,-0.0078125,0,15,0.593298,0.3916583,0.2913826,0.2344026,0.6675607,0.8287028,1.5345412,18.574524,16.44376,17.13791,16.298325,18.504044,20.15476,17.84335,17.715273,22.74489,18.019344,20.137957,16.790144,23.575367,24.189981,23.684874,20.752794,23.494267,19.486126,21.738708,21.65549,22.654175,25.738571,22.673038,22.095074,20.953356,20.246021,21.567799,22.602522,19.955578,22.814009,20.405478,21.133465,15.3935,15.909056,15.7917185,15.722556,16.138515,16.937593,17.531412,15.949521,17.30042,18.261518,18.33901,18.066608,17.775774,18.680067,18.998919,18.047121,1.2027178,2.3564126,7.3303685,0.6487923,28.198433,39.66796,32.195267,17.850954,21.306078,22.491482,21.220678,16.203478,18.203188,56.11
4446105.308,657933.4219,98.04289,1.384258,1.007982,26.677261,29.71681,32.18205,25.054708,22.293674,42.67339,35.908146,33.057053,38.76113,43.118908,31.55775,33.748165,34.74684,36.27509,33.916084,2.6823676,2.0608382,6.694717,7.8545485,1383.6,80.38063,-0.24023438,0.9437522,-0.016723633,0,15,0.597189,0.42656675,0.3315261,0.2235264,0.68104637,1.1328645,2.191806,18.574524,16.44376,17.13791,16.298325,18.504044,20.15476,17.84335,17.715273,22.74489,18.019344,20.137957,16.790144,23.575367,24.189981,23.684874,20.752794,23.494267,19.486126,21.738708,21.65549,22.654175,25.738571,22.673038,22.095074,20.953356,20.246021,21.567799,22.602522,19.955578,22.814009,20.405478,21.133465,15.3935,15.909056,15.7917185,15.722556,16.138515,16.937593,17.531412,15.949521,17.30042,18.261518,18.33901,18.066608,17.775774,18.680067,18.998919,18.047121,1.19612,2.371603,7.2746325,0.7977893,28.197037,39.290768,32.652958,17.850954,21.306078,22.491482,21.220678,16.203478,18.203188,56.11
4446105.308,657938.3018,94.09348,1.4059888,0.99399745,26.742657,29.784483,33.18129,25.545092,22.606966,41.82511,35.860435,32.50058,38.19281,42.673756,32.432148,34.071198,34.48307,36.28065,34.21524,2.7167501,2.0794487,6.6425567,7.793544,1383.52,79.499245,-0.31982422,0.7866752,-0.024414062,0,15,0.597189,0.42656675,0.3315261,0.2235264,0.68104637,1.1328645,2.191806,19.43491,17.747568,17.905855,15.85064,18.659037,20.684557,18.568981,18.256178,22.868649,17.861269,20.092442,17.072174,23.646019,25.19804,24.730352,20.974993,21.970572,19.370487,21.060345,20.950106,22.011396,25.355103,22.754187,21.513231,20.675947,21.294867,20.638409,21.404604,20.2912,21.638279,20.399246,20.845547,15.938339,15.216723,15.673213,14.977082,15.908605,17.429117,16.611757,15.819304,17.489592,17.542643,18.337952,17.64554,17.069628,17.971855,18.597483,17.686523,1.1999931,2.3980994,7.21805,0.7977893,28.263569,38.842773,33.25167,18.407364,21.638418,21.9246,20.906078,15.964976,17.807812,56.11
4446105.308,657943.1816,95.624725,1.4210018,0.97717273,26.741411,29.789488,34.276466,26.032534,22.667234,40.666897,35.39374,31.673746,37.49277,42.247215,33.64026,34.762573,34.470108,36.54228,34.635933,2.7512465,2.0819306,6.561522,7.72975,1383.47,83.652985,-0.12060547,0.6484547,-0.008911133,0,15,0.597189,0.42656675,0.3315261,0.2235264,0.68104637,1.1328645,2.191806,19.46684,16.184076,17.51944,16.23765,18.97807,20.203497,18.557667,18.02493,22.562365,17.611797,20.788631,17.369062,23.455238,24.871677,24.799053,21.090233,21.151112,20.8167,20.049114,20.679478,21.395096,24.716791,22.66276,21.182152,20.307146,20.619394,20.852968,20.661823,19.557579,22.654957,19.347265,20.591457,15.824813,14.888224,15.529552,14.333629,16.396524,16.702381,16.356962,15.606219,16.991428,17.474981,18.082731,17.671465,17.441065,17.815613,18.173018,17.615437,1.1990873,2.4165885,7.145636,0.7977893,28.26545,38.03032,34.201416,18.163893,21.636831,21.638721,20.57159,15.71887,17.664328,56.11
4446105.308,657948.0614,110.94227,1.4268901,0.9589792,26.977604,30.445372,35.461906,26.519085,23.139088,39.203423,34.19899,30.471708,36.611588,41.831875,35.102,35.73313,34.776653,37.213955,35.20687,2.786656,2.0804908,6.461926,7.659835,1383.42,90,0.000488281,0.63014424,-0.002197266,0,15,0.597189,0.42656675,0.3315261,0.2235264,0.68104637,1.1328645,2.191806,19.46684,16.184076,17.51944,16.23765,18.97807,20.203497,18.557667,18.02493,22.562365,17.611797,20.788631,17.369062,23.455238,24.871677,24.799053,21.090233,21.151112,20.8167,20.049114,20.679478,21.395096,24.716791,22.66276,21.182152,20.307146,20.619394,20.852968,20.661823,19.557579,22.654957,19.347265,20.591457,15.824813,14.888224,15.529552,14.333629,16.396524,16.702381,16.356962,15.606219,16.991428,17.474981,18.082731,17.671465,17.441065,17.815613,18.173018,17.615437,1.1929346,2.4335732,7.0608807,0.7977893,28.711487,36.701206,35.417564,18.163893,21.636831,21.638721,20.57159,15.71887,17.664328,56.11
4446105.308,657952.9413,91.23311,1.4312638,0.92888206,26.791498,31.03489,36.836372,26.968145,23.154331,37.972614,33.809235,29.536379,35.87779,41.363117,36.4206,36.111248,34.4108,37.400352,35.70912,2.8178542,2.0993202,6.3488355,7.5869274,1383.37,94.1692,0.040039062,0.5892189,0.002197266,0,15,0.597189,0.42656675,0.3315261,0.2235264,0.68104637,1.1328645,2.191806,19.001312,14.879312,17.361261,15.750789,18.232151,21.20108,18.442873,17.682716,22.532595,18.667496,20.760609,17.188917,24.320444,24.581213,24.580717,21.297256,19.932901,21.31199,19.33688,21.212667,22.71266,24.425385,22.837748,21.228174,20.296549,20.831564,20.587748,21.355804,20.441746,21.673935,20.131351,20.673018,15.786943,13.314767,15.781329,14.460423,16.077478,16.38658,16.472479,15.351814,16.699146,17.254147,17.688509,17.311367,17.4562,17.479565,17.987467,17.368399,1.1800729,2.4585872,6.967881,0.7977893,28.913193,35.890923,36.265923,17.838396,21.80457,21.681463,20.759813,15.468573,17.410913,56.11
4446105.308,657957.8211,84.18511,1.45048,0.89683986,26.611992,31.498533,38.02258,27.55808,23.239107,36.772697,33.191277,28.706417,34.75036,40.61284,37.616062,36.621643,34.30468,38.036858,36.545742,2.8558562,2.1005752,6.260533,7.5347223,1383.32,97.27951,0.0390625,0.5629999,0.002197266,0,15,0.597189,0.42656675,0.3315261,0.2235264,0.68104637,1.1328645,2.191806,18.123526,15.775765,17.38047,15.283776,19.023003,20.663265,18.512714,17.665884,22.376097,18.63383,20.598705,17.020227,24.550087,24.537308,23.202023,21.152348,22.5986,19.606796,20.606323,20.565062,23.603418,23.97933,22.563295,21.474985,20.534704,20.64955,21.208023,21.25585,20.40377,20.173279,18.350069,20.4717,15.590494,14.638417,15.769627,14.628724,16.877047,16.61412,16.718004,15.730739,17.256945,16.614033,17.792274,16.939768,17.81911,18.331802,18.308119,17.53679,1.1736599,2.4782157,6.897628,0.7977893,29.055264,34.981987,37.11885,17.823215,21.559753,21.931833,20.367891,15.833776,17.580294,56.11
4446105.308,657962.7009,85.14564,1.4556507,0.88102907,26.648096,31.506355,38.887756,28.152386,23.235659,35.386055,32.75569,27.956095,33.553207,39.34989,38.72216,37.085617,34.431046,38.545853,37.737804,2.8894885,2.1019077,6.2315283,7.5114617,1383.27,101.302246,-0.03955078,0.5112036,-0.002197266,0,15,0.6129544,0.43196562,0.33178216,0.22889377,0.6817149,1.0713706,2.1701522,18.533773,15.36172,17.239376,15.758421,19.002754,20.78676,18.391134,17.686308,20.95429,18.143772,20.28344,16.72729,23.18059,23.712963,22.527288,20.359455,21.114737,18.504963,19.716671,20.87032,22.9184,24.244883,22.516504,20.907782,19.106268,19.395308,20.096556,19.305857,19.348772,20.682098,18.317173,19.483982,15.908151,13.667009,15.292417,15.351336,15.783047,16.496805,16.043818,15.446035,16.296173,15.766128,16.077024,16.875418,15.898405,17.514662,16.254683,16.339113,1.1683398,2.495698,6.8714952,0.78983337,29.077225,34.070873,37.90389,17.867704,20.789946,21.412354,19.464575,15.506082,16.383215,56.11
4446105.308,657967.5808,85.790535,1.4469223,0.8803576,26.692827,31.514168,39.55625,28.85919,23.03479,34.019344,32.4178,27.290207,32.089176,37.6497,39.64965,37.28893,34.53883,39.27331,39.306767,2.919013,2.0729406,6.250768,7.5088983,1383.23,104.41649,0.03955078,0.5175875,0.002197266,0,15,0.6129544,0.43196562,0.33178216,0.22889377,0.6817149,1.0713706,2.1701522,17.442148,15.263796,17.475426,15.284258,18.209663,20.494518,17.85275,17.32092,21.146227,18.113949,20.443615,16.367128,23.547018,23.986395,22.446337,20.434946,21.013111,19.562168,20.426884,18.852175,23.01598,23.769579,20.887587,20.836374,17.231344,17.304213,17.379133,17.382818,18.387512,19.009792,16.614525,17.587698,15.193907,13.913246,15.10667,15.094574,15.550598,16.31464,17.014685,15.292247,16.611446,16.229502,16.185406,16.698805,15.096933,17.164572,16.185108,16.245718,1.16364,2.495977,6.879833,0.78983337,29.103497,33.218575,38.46929,17.431795,20.864382,21.075354,17.61562,15.455474,16.310253,56.11
4446105.308,657972.4606,82.86734,1.4612722,0.8857048,26.74304,31.983877,40.23189,29.623878,23.117039,32.649944,31.751738,26.80066,30.582298,35.88476,40.521576,37.416126,34.423405,39.922638,40.94157,2.960007,2.0987697,6.281036,7.5003505,1383.18,107.43367,-0.07910156,0.5252415,-0.005493164,0,15,0.6129544,0.43196562,0.33178216,0.22889377,0.6817149,1.0713706,2.1701522,17.442148,15.263796,17.475426,15.284258,18.209663,20.494518,17.85275,17.32092,21.146227,18.113949,20.443615,16.367128,23.547018,23.986395,22.446337,20.434946,21.013111,19.562168,20.426884,18.852175,23.01598,23.769579,20.887587,20.836374,17.231344,17.304213,17.379133,17.382818,18.387512,19.009792,16.614525,17.587698,15.193907,13.913246,15.10667,15.094574,15.550598,16.31464,17.014685,15.292247,16.611446,16.229502,16.185406,16.698805,15.096933,17.164572,16.185108,16.245718,1.1734885,2.5293884,6.890693,0.78983337,29.363459,32.20084,38.96885,17.431795,20.864382,21.075354,17.61562,15.455474,16.310253,56.11
4446105.308,657977.3404,92.95764,1.4655719,0.88561386,26.797966,31.994215,40.89796,30.41049,23.12455,31.386543,31.410309,26.265003,29.122402,34.16347,41.27938,37.584957,34.488647,40.486397,42.472446,2.9950233,2.0990093,6.317376,7.5010405,1383.14,109.42821,0,0.51672447,-0.002197266,0,15,0.6129544,0.43196562,0.33178216,0.22889377,0.6817149,1.0713706,2.1701522,18.04487,15.875283,17.059786,15.768287,17.383081,19.834688,18.301264,17.274065,21.757875,18.046331,20.354504,16.407333,22.851606,23.683683,23.270384,20.47071,21.788599,19.567425,19.559757,18.379759,21.789818,24.159851,22.45173,20.764126,17.457262,17.139177,17.376678,16.602123,18.253984,19.53034,19.355835,17.761595,15.332879,14.536406,15.834626,14.608726,16.021597,15.884416,17.195517,15.504269,16.821032,16.795618,16.092892,16.054798,14.793225,16.181622,16.400032,16.043486,1.1755929,2.5470161,6.9092083,0.78983337,29.396091,31.398426,39.432167,17.466751,20.910246,21.099564,17.959343,15.630595,16.162746,56.11
4446105.308,657982.2203,81.93493,1.4689204,0.8847049,26.850288,32.003963,41.57037,31.162663,23.135412,30.236881,31.090302,25.767475,27.79179,32.6099,41.951115,37.74015,34.506886,40.975536,43.846367,3.027156,2.0992384,6.3543572,7.500956,1383.09,110.55844,-0.2006836,0.48944896,-0.012207031,0,15,0.6129544,0.43196562,0.33178216,0.22889377,0.6817149,1.0713706,2.1701522,18.474009,16.437984,16.953356,15.670127,17.74169,19.182257,17.724857,17.279552,21.992596,18.046778,19.201954,16.289217,22.612797,23.556568,23.080225,20.192898,21.49316,19.056553,20.738718,19.07126,21.256824,23.911396,21.999193,20.765295,17.819836,16.67599,17.489216,15.905753,18.14609,19.678541,18.534847,17.67058,15.766608,15.123972,16.085594,15.151426,16.29983,15.333888,16.19228,15.595226,16.574018,16.8769,16.308636,16.371973,15.057256,16.737238,16.706339,16.252325,1.1768126,2.5631971,6.9276567,0.78983337,29.427126,30.663591,39.845634,17.454897,20.682877,21.0753,17.75004,15.707657,16.37605,56.11
4446105.308,657987.1001,58.461864,1.4689204,0.8847049,26.850288,32.003963,41.57037,31.162663,23.135412,30.236881,31.090302,25.767475,27.79179,32.6099,41.951115,37.74015,34.506886,40.975536,43.846367,3.027156,2.0992384,6.3543572,7.500956,1383.09,110.55844,-0.2006836,0.48944896,-0.012207031,0,15,0.6129544,0.43196562,0.33178216,0.22889377,0.6817149,1.0713706,2.1701522,18.474009,16.437984,16.953356,15.670127,17.74169,19.182257,17.724857,17.279552,21.992596,18.046778,19.201954,16.289217,22.612797,23.556568,23.080225,20.192898,21.49316,19.056553,20.738718,19.07126,21.256824,23.911396,21.999193,20.765295,17.819836,16.67599,17.489216,15.905753,18.14609,19.678541,18.534847,17.67058,15.766608,15.123972,16.085594,15.151426,16.29983,15.333888,16.19228,15.595226,16.574018,16.8769,16.308636,16.371973,15.057256,16.737238,16.706339,16.252325,1.1768126,2.5631971,6.9276567,0.78983337,29.427126,30.663591,39.845634,17.454897,20.682877,21.0753,17.75004,15.707657,16.37605,56.11
4446105.308,657991.9799,82.7229,1.4567462,0.88231975,26.998549,31.87491,41.952824,31.735802,23.086535,29.340847,31.042702,25.611155,26.793129,31.3647,42.481495,37.78729,34.465214,41.331966,44.97751,3.0362852,2.079909,6.3865914,7.50727,1383.06,109.52501,0.000976563,0.47084197,-0.001098633,0,15,0.60678697,0.42646343,0.33252323,0.22905347,0.67388016,1.0472594,2.1726317,18.474009,16.437984,16.953356,15.670127,17.74169,19.182257,17.724857,17.279552,21.992596,18.046778,19.201954,16.289217,22.612797,23.556568,23.080225,20.192898,21.49316,19.056553,20.738718,19.07126,21.256824,23.911396,21.999193,20.765295,17.819836,16.67599,17.489216,15.905753,18.14609,19.678541,18.534847,17.67058,15.766608,15.123972,16.085594,15.151426,16.29983,15.333888,16.19228,15.595226,16.574018,16.8769,16.308636,16.371973,15.057256,16.737238,16.706339,16.252325,1.169533,2.5580971,6.946931,0.78408545,29.43673,30.191774,40.13439,17.454897,20.682877,21.0753,17.75004,15.707657,16.37605,56.11
4446105.308,657996.8598,84.01278,1.4591058,0.87823427,27.063423,32.20624,42.00411,31.78191,23.06832,28.882792,29.797413,25.0281,26.392612,30.556604,42.83442,38.416912,34.682487,41.765514,45.793358,3.0329673,2.0736449,6.4062014,7.5135794,1383.02,108.42097,-0.040039062,0.45317465,-0.003295898,0,15,0.60678697,0.42646343,0.33252323,0.22905347,0.67388016,1.0472594,2.1726317,18.836086,16.889238,17.548346,15.348357,17.72425,19.354694,17.670633,17.4816,22.37123,17.384706,19.983698,16.55648,22.446957,23.692778,23.052534,20.3236,21.02371,18.468426,19.639572,19.115173,21.28267,25.035488,22.847933,20.723253,17.182775,16.489794,16.690474,16.068027,17.830177,18.799374,18.574007,17.261835,15.383759,15.373724,16.206781,16.119593,15.909595,15.708067,16.109161,15.697613,16.11031,16.440495,15.94084,16.333387,16.01046,16.782747,16.466326,16.171394,1.16867,2.553306,6.9598904,0.78408545,29.634832,29.340103,40.625664,17.624516,20.784056,21.058994,17.376375,15.830096,16.297794,56.11
4446105.308,658001.7396,87.677986,1.4658979,0.8669307,27.055408,32.60263,41.54668,31.376516,23.02843,28.991274,29.19307,24.981861,26.60391,30.160515,42.830296,38.51671,34.925274,42.032475,46.31036,3.0068946,2.0733066,6.433087,7.5308084,1382.99,112.73984,0.12011719,0.48173618,0.006713867,0,15,0.60678697,0.42646343,0.33252323,0.22905347,0.67388016,1.0472594,2.1726317,18.730257,15.6940775,17.365643,16.267273,18.42361,19.814945,17.2458,17.58748,21.8102,17.736292,19.2254,16.89671,22.668304,23.86908,22.983522,20.287321,21.109737,18.685368,19.194057,20.312607,20.357422,25.212164,22.70836,20.810232,16.652973,17.178461,16.859877,17.842352,17.704082,20.442888,18.491053,17.808157,15.434884,14.73466,16.224564,14.882066,16.206474,15.878317,16.183538,15.506086,15.519411,16.12282,16.050041,16.707224,15.369232,17.30503,16.69854,16.098244,1.1664143,2.5401006,6.981948,0.78408545,29.82902,29.09217,40.6735,17.648802,20.74136,21.082819,17.88167,15.649216,16.253185,56.11
4446105.308,658006.6194,90.175735,1.4563855,0.85450715,27.040684,32.604294,40.99665,30.818932,22.993563,29.388792,29.294386,25.353642,27.098528,30.00867,42.605034,38.275932,34.94645,42.115883,46.559307,2.9694638,2.0716343,6.4550667,7.5540514,1382.94,115.19914,-0.08105469,0.53797305,-0.004516602,0,15,0.60678697,0.42646343,0.33252323,0.22905347,0.67388016,1.0472594,2.1726317,18.166746,15.28102,16.672504,16.039194,17.92742,19.433752,16.62518,17.116714,21.895359,17.771437,19.276731,16.95835,22.740215,23.971811,23.086252,20.353758,21.057943,18.642412,19.147112,20.277643,20.31397,25.143797,22.487839,20.762346,16.484125,17.17423,16.848764,17.842352,17.69564,20.281918,18.17452,17.755075,15.286063,14.517004,15.985718,14.728635,16.056656,15.762353,16.019949,15.332419,15.519411,16.12282,16.050041,16.707224,15.369232,17.30503,16.69854,16.098244,1.1554463,2.520549,7.004559,0.78408545,29.822489,29.341589,40.440483,17.163687,20.814306,21.010101,17.785936,15.479483,16.253185,56.11
4446105.308,658011.4993,92.96995,1.4397414,0.8391976,26.903324,32.60465,40.572178,30.198402,22.842272,29.74358,29.21557,25.818602,27.752417,30.01492,42.432514,38.16388,34.859577,42.09178,46.615368,2.9444761,2.1139874,6.4681816,7.5686693,1382.9,114.45034,-0.03955078,0.5191736,-0.002197266,0,15,0.60678697,0.42646343,0.33252323,0.22905347,0.67388016,1.0472594,2.1726317,17.90882,14.906797,15.596066,16.252285,17.307922,19.055544,16.09376,16.614798,21.382887,17.142984,19.840612,16.605398,23.121916,24.201048,22.901468,20.318594,22.629263,20.965424,20.189371,20.318045,20.699194,26.681458,21.04729,21.66957,17.615538,18.190807,18.383856,17.638056,17.82221,19.645163,17.214277,18.158564,15.702094,14.898524,15.648111,15.1519785,15.8285265,16.498121,16.238016,15.573923,16.014164,16.16604,16.481838,16.809256,15.119007,18.07577,16.365711,16.327583,1.1394695,2.5292318,7.0184255,0.78408545,29.753986,29.479576,40.298195,16.7316,20.74233,21.790007,18.072844,15.709338,16.433111,56.11
4446105.308,658016.3791,122.00603,1.4303703,0.82194674,26.896091,32.608723,40.38438,29.555788,22.843296,30.107061,29.303038,26.175709,28.492302,30.109951,42.196507,37.88068,34.6419,42.05021,46.515663,2.9034176,2.1110637,6.466048,7.5718565,1382.86,114.43438,0,0.519492,-0.001098633,0,15,0.60678697,0.42646343,0.33252323,0.22905347,0.67388016,1.0472594,2.1726317,17.38845,15.555047,16.431637,15.829203,17.201944,19.72646,17.44697,16.970528,22.010729,17.58428,19.59067,16.65202,22.929462,23.83632,23.370785,20.350002,21.194998,19.146227,20.635403,19.39693,20.8886,24.739506,22.4785,20.908333,18.667665,18.45642,17.571991,18.009657,18.26952,19.278238,17.664034,18.366152,15.436125,14.12985,15.686673,14.857008,16.291672,16.101776,16.506094,15.422574,16.104311,15.962354,15.836365,16.259392,15.224788,16.69409,16.62401,15.978276,1.1261585,2.5072408,7.0189524,0.78408545,29.752407,29.70505,40.038593,17.082815,20.853466,21.211452,18.273932,15.572743,16.100758,56.11
4446105.308,658021.2589,135.9813,1.4298153,0.80447733,27.12309,33.463905,40.341434,28.981745,22.912733,30.300598,28.83491,26.311796,29.200905,30.260422,42.064983,37.627216,34.471954,42.01421,46.33048,2.865562,2.1163242,6.444894,7.560498,1382.82,115.19914,0.0390625,0.53797305,0.001098633,0,15,0.6159758,0.42904508,0.33907238,0.22639552,0.6698816,1.1300567,2.184291,17.38845,15.555047,16.431637,15.829203,17.201944,19.72646,17.44697,16.970528,22.010729,17.58428,19.59067,16.65202,22.929462,23.83632,23.370785,20.350002,21.194998,19.146227,20.635403,19.39693,20.8886,24.739506,22.4785,20.908333,18.667665,18.45642,17.571991,18.009657,18.26952,19.278238,17.664034,18.366152,15.436125,14.12985,15.686673,14.857008,16.291672,16.101776,16.506094,15.422574,16.104311,15.962354,15.836365,16.259392,15.224788,16.69409,16.62401,15.978276,1.1171463,2.490943,7.002696,0.7992454,30.293499,29.567753,39.8461,17.082815,20.853466,21.211452,18.273932,15.572743,16.100758,56.11
4446105.308,658026.1388,122.53761,1.4012659,0.7939381,27.347868,33.723415,39.68159,28.993786,22.741695,30.663998,28.833967,26.770926,29.44913,30.538904,41.79565,37.503017,34.37099,41.69378,46.109608,2.8205457,2.0906415,6.4329147,7.567367,1382.77,113.203415,-0.119628906,0.54540473,-0.006591797,0,15,0.6159758,0.42904508,0.33907238,0.22639552,0.6698816,1.1300567,2.184291,17.560614,16.36038,16.82367,15.442934,17.291008,20.033054,16.532932,17.026707,21.872965,17.679983,19.693085,16.729605,22.439936,24.035944,21.250654,20.158548,22.215519,20.516699,19.679386,19.947775,21.233505,25.063627,20.003757,21.17346,18.176014,18.122221,17.356613,18.601198,18.235752,19.57722,16.096462,18.183958,15.50634,14.545649,15.1127205,14.334031,15.863161,15.786931,16.507711,15.2078,15.770051,16.062777,15.73237,16.274298,15.096691,16.909655,16.59751,15.896757,1.097602,2.4555936,7.000141,0.7992454,30.53564,29.748981,39.649334,17.149227,20.528881,21.23718,18.02364,15.379507,16.063335,56.11
4446105.308,658031.0186,147.01678,1.381801,0.78914946,27.512777,34.17976,38.567913,29.541075,22.845705,30.975159,28.73282,27.388802,29.166185,31.004183,41.60162,37.45725,34.45152,41.48759,45.745193,2.7732909,2.053552,6.4243927,7.5798893,1382.73,110.544075,-0.080078125,0.48977637,-0.004516602,0,15,0.6159758,0.42904508,0.33907238,0.22639552,0.6698816,1.1300567,2.184291,18.353275,16.29581,17.233624,15.668528,18.401445,20.62379,17.68231,17.558006,20.844053,16.240866,19.152407,16.256432,22.392529,23.047455,21.067675,19.475372,18.27442,18.085466,17.08943,17.523386,18.062649,20.168,17.483454,18.049255,17.522781,15.731786,17.13703,15.928624,16.966097,19.276842,15.324469,16.908014,15.556826,15.729787,15.733936,14.865085,15.791593,17.010065,16.335888,15.689496,15.803876,16.124388,15.977531,15.804758,15.332817,16.594715,16.77657,15.899602,1.0854752,2.4134214,7.002141,0.7992454,30.846268,29.853989,39.529434,17.751255,19.857346,18.098116,16.84109,15.860454,16.059237,56.11
4446105.308,658035.8984,123.743164,1.3771784,0.7794425,27.2692,33.52199,37.711166,30.084696,22.802315,31.326653,29.213434,28.058294,28.995731,31.49316,41.40491,37.526455,34.10113,41.05119,45.3213,2.7385833,2.0404332,6.395854,7.5804434,1382.7,108.422226,0.15917969,0.49795917,0.00769043,0,15,0.6159758,0.42904508,0.33907238,0.22639552,0.6698816,1.1300567,2.184291,18.353275,16.29581,17.233624,15.668528,18.401445,20.62379,17.68231,17.558006,20.844053,16.240866,19.152407,16.256432,22.392529,23.047455,21.067675,19.475372,18.27442,18.085466,17.08943,17.523386,18.062649,20.168,17.483454,18.049255,17.522781,15.731786,17.13703,15.928624,16.966097,19.276842,15.324469,16.908014,15.556826,15.729787,15.733936,14.865085,15.791593,17.010065,16.335888,15.689496,15.803876,16.124388,15.977531,15.804758,15.332817,16.594715,16.77657,15.899602,1.0783105,2.3895082,6.9881487,0.7992454,30.395596,30.270042,39.465683,17.751255,19.857346,18.098116,16.84109,15.860454,16.059237,56.11
4446105.308,658040.7783,142.69635,1.3610823,0.7672915,27.255342,33.517666,36.914104,30.552181,22.80544,31.594017,29.310154,28.524012,28.929882,32.064762,41.22185,37.56788,34.12195,40.68158,44.778893,2.700936,2.0356905,6.35251,7.5786514,1382.65,109.3599,0.000488281,0.5617248,0.001098633,0,15,0.6159758,0.42904508,0.33907238,0.22639552,0.6698816,1.1300567,2.184291,17.87968,16.362427,16.911802,15.546315,18.228058,21.16327,18.044151,17.479465,20.880266,16.863745,18.790905,15.907608,22.124924,22.69021,21.589567,19.414341,18.510736,18.188015,17.243736,17.126944,19.127945,20.62324,17.920462,18.368292,17.547628,15.386786,17.312397,16.365772,16.761232,19.067703,15.548934,16.903557,14.941347,16.052284,16.513678,14.930198,15.1085,16.174711,16.704515,15.535368,15.836478,16.101559,16.4775,15.613371,15.610669,17.334394,16.465992,16.078192,1.0641869,2.3683133,6.965581,0.7992454,30.386505,30.452085,39.394867,17.733671,19.835316,18.391582,16.855778,15.775033,16.20571,56.11
4446105.308,658045.6581,109.483444,1.3436258,0.75128496,27.243505,33.510605,36.2331,30.99093,23.017757,31.90928,29.83372,29.229612,29.129826,32.791584,40.967953,37.328583,33.976242,39.791794,43.97253,2.6608589,2.035077,6.308167,7.5752497,1382.6,111.25332,-0.080566406,0.55325353,-0.004516602,0,15,0.6159758,0.42904508,0.33907238,0.22639552,0.6698816,1.1300567,2.184291,19.772278,16.325718,17.914663,16.474257,19.496307,22.459318,19.931513,18.58404,21.225454,17.181862,19.402596,15.950065,21.528183,22.523243,22.014688,19.569712,19.45035,18.314365,17.129246,17.7192,18.978428,19.898932,19.041254,18.60728,17.700006,14.987487,18.133509,16.380192,16.245426,19.560827,16.588099,17.02429,15.351259,14.505506,16.163261,14.933915,15.157761,16.002747,16.680277,15.2832775,15.62044,15.622518,16.55974,16.687498,15.673304,16.390581,16.459255,16.027527,1.0474553,2.347968,6.9417086,0.7992454,30.377056,30.8715,39.14827,18.91058,19.975157,18.647396,17.085077,15.542104,16.144762,56.11
4446105.308,658050.5379,113.983345,1.3215286,0.7375573,27.479397,32.984093,35.845863,31.162725,23.011356,32.26296,30.150663,29.855148,29.520002,33.789375,40.594162,37.418003,33.697826,39.27291,42.96549,2.6211038,2.009737,6.26166,7.559281,1382.56,113.958885,0.041015625,0.56404966,0.001220703,0,15,0.6198605,0.432042,0.33320197,0.22561052,0.6610722,1.0854105,2.1910326,19.772278,16.325718,17.914663,16.474257,19.496307,22.459318,19.931513,18.58404,21.225454,17.181862,19.402596,15.950065,21.528183,22.523243,22.014688,19.569712,19.45035,18.314365,17.129246,17.7192,18.978428,19.898932,19.041254,18.60728,17.700006,14.987487,18.133509,16.380192,16.245426,19.560827,16.588099,17.02429,15.351259,14.505506,16.163261,14.933915,15.157761,16.002747,16.680277,15.2832775,15.62044,15.622518,16.55974,16.687498,15.673304,16.390581,16.459255,16.027527,1.0295429,2.3154204,6.9104705,0.7926043,30.231745,31.20681,39.00608,18.91058,19.975157,18.647396,17.085077,15.542104,16.144762,56.11
4446105.308,658055.4178,112.91006,1.3043069,0.7247283,27.483988,32.98455,35.897884,31.027777,23.052843,32.611744,30.154926,30.208887,30.227915,35.096577,40.216095,37.417156,33.334476,38.76963,41.66412,2.5792577,2.005195,6.2225046,7.5308022,1382.51,115.966965,-0.040039062,0.6217504,-0.002197266,0,15,0.6198605,0.432042,0.33320197,0.22561052,0.6610722,1.0854105,2.1910326,19.604076,15.259135,17.298347,15.834723,18.512403,21.383549,19.066715,17.807001,21.010473,16.13415,18.864735,15.55543,22.060955,21.839512,20.777966,19.090542,19.65579,18.274622,16.852602,15.970187,17.769142,20.09809,16.266369,17.718792,16.298471,14.667459,15.480329,14.80841,15.978586,19.019896,15.061088,15.818049,15.124205,14.648262,16.28182,15.37641,15.097718,16.045155,16.844809,15.415826,15.325003,15.238973,15.444275,15.787087,16.165861,16.536755,16.595175,15.716854,1.0145175,2.2922263,6.8766537,0.7926043,30.234268,31.383335,38.816628,18.136993,19.463318,17.840971,15.902034,15.631196,15.870447,56.11
4446105.308,658060.2976,93.611496,1.2497847,0.713485,27.11814,32.130737,36.051346,30.662153,23.123009,33.259445,31.298594,30.958885,31.295448,36.710514,39.606163,37.016346,32.960876,38.008163,40.108063,2.5059307,1.9546112,6.191586,7.5091157,1382.46,116.572044,-0.040527344,0.6406378,-0.003417969,0,15,0.6198605,0.432042,0.33320197,0.22561052,0.6610722,1.0854105,2.1910326,19.096075,15.37523,16.604048,15.9856205,18.954807,21.20293,19.43144,17.75806,20.421854,16.083282,18.264881,15.298501,21.581432,22.567488,21.276617,18.913748,18.937195,18.07884,16.218075,16.142076,16.519835,19.755873,15.869356,17.190702,14.867739,14.896602,15.137556,15.390603,15.970558,19.02446,15.102303,15.777508,14.183303,14.42849,15.161852,13.497147,14.878475,15.546809,15.8319025,14.594072,15.677072,15.212618,15.381266,15.1325655,15.43163,15.970076,16.915636,15.461511,0.98163486,2.2302709,6.850351,0.7926043,29.62444,32.27902,38.311256,18.092878,19.356293,17.36018,15.769974,14.78971,15.674409,56.11
4446105.308,658065.1774,98.6946,1.2346509,0.70242894,27.136734,32.13025,36.54238,30.197084,23.178501,33.69695,31.280573,31.246647,32.486164,38.50972,39.06665,37.012726,32.393642,37.381786,38.369724,2.464288,1.9508603,6.163307,7.469562,1382.41,117.760056,-0.07910156,0.6148916,-0.004394531,0,15,0.6198605,0.432042,0.33320197,0.22561052,0.6610722,1.0854105,2.1910326,20.026033,16.272795,17.727402,16.86198,19.870468,21.891745,20.42931,18.686213,20.42111,16.083282,18.264881,15.296214,21.577475,22.564455,21.246231,18.907755,18.989445,18.07884,16.278427,16.142076,16.519835,19.860373,15.932272,17.22591,14.916097,14.920781,15.158711,15.438959,15.9917145,19.04864,15.125073,15.809917,14.183303,14.42849,15.161852,13.497147,14.890955,15.546809,15.860345,14.596196,15.677072,15.212618,15.381266,15.1325655,15.43163,15.970076,16.915636,15.461511,0.9685399,2.2075741,6.816435,0.7926043,29.633492,32.48876,38.03969,19.011393,19.350521,17.40018,15.799996,14.795556,15.674409,56.11
4446100.324,657923.6623,99.18105,1.3414229,1.2075264,26.716906,30.241861,29.566978,23.792738,22.058485,43.340424,35.952595,34.15395,41.06502,44.23397,30.439465,33.38502,35.60317,35.535053,33.353275,2.6277144,2.058225,6.930579,7.981072,1383.81,77.80978,0.12109375,1.0846374,0.0078125,0,15,0.593298,0.3916583,0.2913826,0.2344026,0.6675607,0.8287028,1.5345412,18.990213,16.292322,16.470322,15.963094,18.651875,20.837994,18.402777,17.710466,22.3797,18.123453,20.161678,17.306288,23.563084,24.004852,24.993916,20.84089,22.261583,19.067326,21.752113,21.7823,23.809383,24.359568,22.819183,21.945168,21.08914,19.67111,20.354109,21.883411,20.344107,21.697989,20.433598,20.69693,15.579262,15.926646,15.429726,14.646591,16.468767,16.828224,16.58031,15.8707285,18.094503,17.862774,17.148636,17.632744,17.740135,17.029596,18.760786,17.629023,1.2744746,2.3429697,7.455826,0.6487923,28.479383,39.646507,31.912243,17.944086,21.50471,22.264496,20.781923,15.922791,17.752739,56.11
4446100.324,657928.5421,99.412994,1.3614714,1.1513182,26.766256,29.778545,30.33388,24.164131,22.325012,43.54054,36.429096,34.215836,40.4001,43.456802,30.400425,33.25523,35.09567,35.59743,33.781292,2.6447477,2.0760052,6.88772,7.948465,1383.71,75.17041,-0.12060547,1.0075654,-0.005615234,0,15,0.593298,0.3916583,0.2913826,0.2344026,0.6675607,0.8287028,1.5345412,19.255997,16.636404,16.873306,16.75638,18.695711,20.592785,19.126713,17.982035,22.898031,18.009773,20.230562,17.32932,24.56074,24.170645,24.73439,21.054607,22.261774,19.369858,20.066555,20.85004,23.233074,25.544338,22.605886,21.629673,20.34766,19.32697,20.233887,20.852781,20.676805,21.78937,20.770367,20.314793,16.249193,15.986101,15.758085,15.2227955,16.764938,17.237213,16.90768,16.160904,17.421299,18.169943,17.233246,17.595118,17.352472,16.818796,17.952236,17.429686,1.2563949,2.3603764,7.4180927,0.6487923,28.2724,39.984818,31.827827,18.276754,21.704782,21.990217,20.57112,16.303715,17.506159,56.11
4446100.324,657933.4219,98.36126,1.3758003,1.115067,26.755882,29.783037,31.297123,24.59064,22.435812,43.176987,36.241314,33.813087,39.666454,42.8666,30.901497,33.461506,34.74998,35.88452,34.233353,2.6721082,2.0788732,6.8223863,7.8952427,1383.64,70.44847,0.12011719,0.9419605,0.0078125,0,15,0.597189,0.42656675,0.3315261,0.2235264,0.68104637,1.1328645,2.191806,19.255997,16.636404,16.873306,16.75638,18.695711,20.592785,19.126713,17.982035,22.898031,18.009773,20.230562,17.32932,24.56074,24.170645,24.73439,21.054607,22.261774,19.369858,20.066555,20.85004,23.233074,25.544338,22.605886,21.629673,20.34766,19.32697,20.233887,20.852781,20.676805,21.78937,20.770367,20.314793,16.249193,15.986101,15.758085,15.2227955,16.764938,17.237213,16.90768,16.160904,17.421299,18.169943,17.233246,17.595118,17.352472,16.818796,17.952236,17.429686,1.2454336,2.3754907,7.3588142,0.7977893,28.269459,39.709152,32.181503,18.276754,21.704782,21.990217,20.57112,16.303715,17.506159,56.11
4446100.324,657938.3018,106.33769,1.391546,1.0831091,26.754395,29.781359,32.406475,25.023159,22.571964,42.42608,36.02867,33.043278,38.992702,42.481213,31.735285,33.878643,34.515305,36.11099,34.53351,2.709756,2.080928,6.746113,7.8324895,1383.56,70.41378,0.041015625,0.89707613,0.002319336,0,15,0.597189,0.42656675,0.3315261,0.2235264,0.68104637,1.1328645,2.191806,19.612946,16.655334,17.003675,15.934056,19.294123,20.159323,18.75822,18.007908,22.70374,17.82771,20.3004,16.991385,24.22187,24.71255,23.891298,20.978336,20.92097,19.803656,19.938177,21.60764,22.649162,25.27632,22.939808,21.435787,20.070652,19.434383,19.55215,20.86739,19.677862,22.01553,20.736715,20.0925,16.34869,14.741332,15.729088,14.748743,16.44789,17.189905,18.487253,15.942677,17.265572,18.403683,17.513165,17.228891,17.412876,17.182615,18.714954,17.528095,1.2373276,2.3953419,7.289301,0.7977893,28.267876,39.227375,32.806965,18.202526,21.52128,21.876532,20.336382,16.241842,17.674536,56.11
4446100.324,657943.1816,82.24768,1.3971789,1.0545893,26.987402,30.437462,33.556103,25.482359,23.064137,41.06016,34.84906,31.869371,38.08292,42.09279,33.14189,34.809147,34.820995,36.829197,35.075497,2.744002,2.07949,6.637402,7.7605686,1383.49,77.46982,0.03955078,0.7921934,0.003295898,0,15,0.597189,0.42656675,0.3315261,0.2235264,0.68104637,1.1328645,2.191806,19.022991,15.840821,17.526592,16.300177,18.901854,19.784277,18.055346,17.832493,22.72294,17.705692,20.42204,16.933676,24.137215,24.576084,22.346003,20.9097,20.830908,20.633518,20.023182,20.294374,22.151575,24.354359,21.40511,21.00106,20.315844,20.291159,20.394999,20.658278,19.641853,21.124939,18.500721,20.110435,16.228632,14.290235,15.513031,14.252734,16.844687,16.173933,16.986738,15.61104,17.649149,17.568258,17.477976,17.808117,17.356064,17.27281,18.114304,17.514,1.2258841,2.411746,7.198985,0.7977893,28.712433,37.954613,33.975517,17.918865,21.26338,21.384718,20.132542,15.755713,17.606668,56.11
4446100.324,657948.0614,118.71653,1.4099858,1.012495,26.978937,30.44373,34.834965,25.915089,23.060492,39.772068,34.34747,30.862001,37.29476,41.8037,34.53935,35.57004,34.88043,37.175407,35.468197,2.7793257,2.0823977,6.5070467,7.689958,1383.42,87.70715,-0.03955078,0.7167337,-0.003295898,0,15,0.597189,0.42656675,0.3315261,0.2235264,0.68104637,1.1328645,2.191806,19.022991,15.840821,17.526592,16.300177,18.901854,19.784277,18.055346,17.832493,22.72294,17.705692,20.42204,16.933676,24.137215,24.576084,22.346003,20.9097,20.830908,20.633518,20.023182,20.294374,22.151575,24.354359,21.40511,21.00106,20.315844,20.291159,20.394999,20.658278,19.641853,21.124939,18.500721,20.110435,16.228632,14.290235,15.513031,14.252734,16.844687,16.173933,16.986738,15.61104,17.649149,17.568258,17.477976,17.808117,17.356064,17.27281,18.114304,17.514,1.2112404,2.4308617,7.098502,0.7977893,28.711334,37.05977,35.054695,17.918865,21.26338,21.384718,20.132542,15.755713,17.606668,56.11
4446100.324,657952.9413,102.727844,1.4145138,0.962264,26.781507,31.031927,36.367046,26.30812,23.051523,38.49653,33.92089,29.763628,36.61171,41.576138,36.004395,36.08857,34.568443,37.355553,35.82071,2.8113577,2.1016254,6.3480277,7.6025596,1383.36,93.97812,-0.080566406,0.61747044,-0.005615234,0,15,0.597189,0.42656675,0.3315261,0.2235264,0.68104637,1.1328645,2.191806,18.123526,15.775765,17.38047,15.283776,19.023003,20.663265,18.512714,17.665884,22.376097,18.63383,20.598705,17.020227,24.550087,24.537308,23.202023,21.152348,22.5986,19.606796,20.606323,20.565062,23.603418,23.97933,22.563295,21.474985,20.534704,20.64955,21.208023,21.25585,20.40377,20.173279,18.350069,20.4717,15.590494,14.638417,15.769627,14.628724,16.877047,16.61412,16.718004,15.730739,17.256945,16.614033,17.792274,16.939768,17.81911,18.331802,18.308119,17.53679,1.188389,2.4564915,6.9752936,0.7977893,28.906717,36.20871,36.046482,17.823215,21.559753,21.931833,20.367891,15.833776,17.580294,56.11
4446100.324,657957.8211,88.27174,1.4335777,0.9033816,26.582441,31.490847,37.90528,26.7709,23.086111,37.223167,33.218678,28.593578,35.701984,41.327103,37.481915,36.964176,34.552685,37.893986,36.29876,2.8506799,2.10343,6.1737046,7.5178933,1383.31,95.682884,-0.0390625,0.57562774,-0.003295898,0,15,0.597189,0.42656675,0.3315261,0.2235264,0.68104637,1.1328645,2.191806,18.123526,15.775765,17.38047,15.283776,19.023003,20.663265,18.512714,17.665884,22.376097,18.63383,20.598705,17.020227,24.550087,24.537308,23.202023,21.152348,22.5986,19.606796,20.606323,20.565062,23.603418,23.97933,22.563295,21.474985,20.534704,20.64955,21.208023,21.25585,20.40377,20.173279,18.350069,20.4717,15.590494,14.638417,15.769627,14.628724,16.877047,16.61412,16.718004,15.730739,17.256945,16.614033,17.792274,16.939768,17.81911,18.331802,18.308119,17.53679,1.1684797,2.477055,6.845799,0.7977893,29.036644,35.220924,37.223045,17.823215,21.559753,21.931833,20.367891,15.833776,17.580294,56.11
4446100.324,657962.7009,86.353,1.4388156,0.8850812,26.626232,31.500658,38.64212,27.413055,23.10203,35.77064,32.787815,27.913828,34.351078,39.872646,38.584766,37.330788,34.700867,38.490173,37.63712,2.8827717,2.104683,6.1605253,7.5036516,1383.26,97.68001,-0.080078125,0.5351133,-0.005493164,0,15,0.6129544,0.43196562,0.33178216,0.22889377,0.6817149,1.0713706,2.1701522,18.533773,15.36172,17.239376,15.758421,19.002754,20.78676,18.391134,17.686308,20.95429,18.143772,20.28344,16.72729,23.18059,23.712963,22.527288,20.359455,21.114737,18.504963,19.716671,20.87032,22.9184,24.244883,22.516504,20.907782,19.106268,19.395308,20.096556,19.305857,19.348772,20.682098,18.317173,19.483982,15.908151,13.667009,15.292417,15.351336,15.783047,16.496805,16.043818,15.446035,16.296173,15.766128,16.077024,16.875418,15.898405,17.514662,16.254683,16.339113,1.1619484,2.4937272,6.8320885,0.78983337,29.063446,34.27923,37.95778,17.867704,20.789946,21.412354,19.464575,15.506082,16.383215,56.11
4446100.324,657967.5808,87.07534,1.4278829,0.8901277,26.68668,31.51204,39.03952,28.206144,22.920197,34.338898,32.48341,27.424603,32.6145,37.74121,39.43034,37.307137,34.80916,39.38657,39.54262,2.908199,2.0741804,6.224144,7.522074,1383.22,99.47493,0.03955078,0.5225811,0.001098633,0,15,0.6129544,0.43196562,0.33178216,0.22889377,0.6817149,1.0713706,2.1701522,17.442148,15.263796,17.475426,15.284258,18.209663,20.494518,17.85275,17.32092,21.146227,18.113949,20.443615,16.367128,23.547018,23.986395,22.446337,20.434946,21.013111,19.562168,20.426884,18.852175,23.01598,23.769579,20.887587,20.836374,17.231344,17.304213,17.379133,17.382818,18.387512,19.009792,16.614525,17.587698,15.193907,13.913246,15.10667,15.094574,15.550598,16.31464,17.014685,15.292247,16.611446,16.229502,16.185406,16.698805,15.096933,17.164572,16.185108,16.245718,1.1590053,2.4911897,6.873109,0.78983337,29.09936,33.411156,38.368736,17.431795,20.864382,21.075354,17.61562,15.455474,16.310253,56.11
4446100.324,657972.4606,91.13761,1.4415184,0.8876634,26.67897,31.852016,39.56638,29.033941,23.098255,32.998947,31.899675,27.007328,31.041927,35.774445,40.260624,37.408466,34.757946,39.89696,41.278084,2.9390907,2.09938,6.2765083,7.52698,1383.17,99.47493,-0.079589844,0.5225811,-0.004394531,0,15,0.6129544,0.43196562,0.33178216,0.22889377,0.6817149,1.0713706,2.1701522,17.442148,15.263796,17.475426,15.284258,18.209663,20.494518,17.85275,17.32092,21.146227,18.113949,20.443615,16.367128,23.547018,23.986395,22.446337,20.434946,21.013111,19.562168,20.426884,18.852175,23.01598,23.769579,20.887587,20.836374,17.231344,17.304213,17.379133,17.382818,18.387512,19.009792,16.614525,17.587698,15.193907,13.913246,15.10667,15.094574,15.550598,16.31464,17.014685,15.292247,16.611446,16.229502,16.185406,16.698805,15.096933,17.164572,16.185108,16.245718,1.164591,2.5192354,6.901744,0.78983337,29.265493,32.44931,38.834545,17.431795,20.864382,21.075354,17.61562,15.455474,16.310253,56.11
4446100.324,657977.3404,84.19087,1.4436595,0.88166445,26.732183,31.862156,40.104393,29.779093,23.094177,31.747517,31.566938,26.49374,29.564472,33.97193,41.02907,37.56489,34.871548,40.509266,42.901993,2.9658623,2.0987298,6.312117,7.532303,1383.13,98.61565,0,0.4785409,-0.001098633,0,15,0.6129544,0.43196562,0.33178216,0.22889377,0.6817149,1.0713706,2.1701522,18.04487,15.875283,17.059786,15.768287,17.383081,19.834688,18.301264,17.274065,21.757875,18.046331,20.354504,16.407333,22.851606,23.683683,23.270384,20.47071,21.788599,19.567425,19.559757,18.379759,21.789818,24.159851,22.45173,20.764126,17.457262,17.139177,17.376678,16.602123,18.253984,19.53034,19.355835,17.761595,15.332879,14.536406,15.834626,14.608726,16.021597,15.884416,17.195517,15.504269,16.821032,16.795618,16.092892,16.054798,14.793225,16.181622,16.400032,16.043486,1.162662,2.5322962,6.9222097,0.78983337,29.297169,31.657227,39.29698,17.466751,20.910246,21.099564,17.959343,15.630595,16.162746,56.11
4446100.324,657982.2203,80.288826,1.4508681,0.8743576,26.890724,32.19749,40.602493,30.38521,23.068102,30.591272,31.315393,26.143063,28.294027,32.392246,41.75174,37.499565,34.83631,41.16944,44.3691,2.9865284,2.1054347,6.340203,7.5360217,1383.09,97.13578,-0.000488281,0.46168047,0,0,15,0.6129544,0.43196562,0.33178216,0.22889377,0.6817149,1.0713706,2.1701522,18.474009,16.437984,16.953356,15.670127,17.74169,19.182257,17.724857,17.279552,21.992596,18.046778,19.201954,16.289217,22.612797,23.556568,23.080225,20.192898,21.49316,19.056553,20.738718,19.07126,21.256824,23.911396,21.999193,20.765295,17.819836,16.67599,17.489216,15.905753,18.14609,19.678541,18.534847,17.67058,15.766608,15.123972,16.085594,15.151426,16.29983,15.333888,16.19228,15.595226,16.574018,16.8769,16.308636,16.371973,15.057256,16.737238,16.706339,16.252325,1.1626129,2.5459814,6.9381123,0.78983337,29.544107,30.953333,39.625652,17.454897,20.682877,21.0753,17.75004,15.707657,16.37605,56.11
4446100.324,657987.1001,67.489716,1.4508681,0.8743576,26.890724,32.19749,40.602493,30.38521,23.068102,30.591272,31.315393,26.143063,28.294027,32.392246,41.75174,37.499565,34.83631,41.16944,44.3691,2.9865284,2.1054347,6.340203,7.5360217,1383.09,97.13578,-0.000488281,0.46168047,0,0,15,0.6129544,0.43196562,0.33178216,0.22889377,0.6817149,1.0713706,2.1701522,18.474009,16.437984,16.953356,15.670127,17.74169,19.182257,17.724857,17.279552,21.992596,18.046778,19.201954,16.289217,22.612797,23.556568,23.080225,20.192898,21.49316,19.056553,20.738718,19.07126,21.256824,23.911396,21.999193,20.765295,17.819836,16.67599,17.489216,15.905753,18.14609,19.678541,18.534847,17.67058,15.766608,15.123972,16.085594,15.151426,16.29983,15.333888,16.19228,15.595226,16.574018,16.8769,16.308636,16.371973,15.057256,16.737238,16.706339,16.252325,1.1626129,2.5459814,6.9381123,0.78983337,29.544107,30.953333,39.625652,17.454897,20.682877,21.0753,17.75004,15.707657,16.37605,56.11
4446100.324,657991.9799,47.094276,1.4364595,0.86896497,26.98184,31.873812,40.859264,30.855879,22.943872,29.756857,31.151203,25.911625,27.332584,31.145266,42.27998,37.70849,34.922134,41.617855,45.578983,2.9961107,2.0807085,6.357531,7.537763,1383.05,103.25887,0.000488281,0.50010896,0.002319336,0,15,0.60678697,0.42646343,0.33252323,0.22905347,0.67388016,1.0472594,2.1726317,18.474009,16.437984,16.953356,15.670127,17.74169,19.182257,17.724857,17.279552,21.992596,18.046778,19.201954,16.289217,22.612797,23.556568,23.080225,20.192898,21.49316,19.056553,20.738718,19.07126,21.256824,23.911396,21.999193,20.765295,17.819836,16.67599,17.489216,15.905753,18.14609,19.678541,18.534847,17.67058,15.766608,15.123972,16.085594,15.151426,16.29983,15.333888,16.19228,15.595226,16.574018,16.8769,16.308636,16.371973,15.057256,16.737238,16.706339,16.252325,1.1527122,2.5384097,6.947647,0.78408545,29.427826,30.45403,39.994232,17.454897,20.682877,21.0753,17.75004,15.707657,16.37605,56.11
4446100.324,657996.8598,85.13246,1.4396427,0.86054784,27.05054,32.206264,41.071957,30.973001,22.93577,29.163055,29.839535,25.209751,26.827478,30.295958,42.73482,38.398216,35.126545,42.09111,46.404972,2.9950955,2.074306,6.3706985,7.538049,1383.01,115.192215,0.080078125,0.5385221,0.004394531,0,15,0.60678697,0.42646343,0.33252323,0.22905347,0.67388016,1.0472594,2.1726317,18.836086,16.889238,17.548346,15.348357,17.72425,19.354694,17.670633,17.4816,22.37123,17.384706,19.983698,16.55648,22.446957,23.692778,23.052534,20.3236,21.02371,18.468426,19.639572,19.115173,21.28267,25.035488,22.847933,20.723253,17.182775,16.489794,16.690474,16.068027,17.830177,18.799374,18.574007,17.261835,15.383759,15.373724,16.206781,16.119593,15.909595,15.708067,16.109161,15.697613,16.11031,16.440495,15.94084,16.333387,16.01046,16.782747,16.466326,16.171394,1.1500952,2.5347009,6.954374,0.78408545,29.628403,29.501295,40.56652,17.624516,20.784056,21.058994,17.376375,15.830096,16.297794,56.11
4446100.324,658001.7396,73.226295,1.4499182,0.84680945,27.346926,33.261623,40.88606,30.754856,22.93329,29.006453,28.832077,25.144434,26.87398,29.848879,42.85219,38.434288,35.25412,42.29918,46.86716,2.976805,2.0858579,6.392588,7.5441937,1382.97,120.44666,0.119140625,0.56484014,0.00769043,0,15,0.60678697,0.42646343,0.33252323,0.22905347,0.67388016,1.0472594,2.1726317,18.730257,15.6940775,17.365643,16.267273,18.42361,19.814945,17.2458,17.58748,21.8102,17.736292,19.2254,16.89671,22.668304,23.86908,22.983522,20.287321,21.109737,18.685368,19.194057,20.312607,20.357422,25.212164,22.70836,20.810232,16.652973,17.178461,16.859877,17.842352,17.704082,20.442888,18.491053,17.808157,15.434884,14.73466,16.224564,14.882066,16.206474,15.878317,16.183538,15.506086,15.519411,16.12282,16.050041,16.707224,15.369232,17.30503,16.69854,16.098244,1.1483638,2.5313315,6.968391,0.78408545,30.304276,28.919266,40.643238,17.648802,20.74136,21.082819,17.88167,15.649216,16.253185,56.11
4446100.324,658006.6194,88.41651,1.4358324,0.83199614,27.1012,33.132423,40.59098,30.2931,22.933226,29.237305,28.70309,25.347046,27.274754,29.73135,42.755104,38.40202,35.335358,42.419334,47.042736,2.9621892,2.1221619,6.4141564,7.5581627,1382.92,119.33595,-0.07910156,0.52568984,-0.002197266,0,15,0.60678697,0.42646343,0.33252323,0.22905347,0.67388016,1.0472594,2.1726317,18.166746,15.28102,16.672504,16.039194,17.92742,19.433752,16.62518,17.116714,21.895359,17.771437,19.276731,16.95835,22.740215,23.971811,23.086252,20.353758,21.057943,18.642412,19.147112,20.277643,20.31397,25.143797,22.487839,20.762346,16.484125,17.17423,16.848764,17.842352,17.69564,20.281918,18.17452,17.755075,15.286063,14.517004,15.985718,14.728635,16.056656,15.762353,16.019949,15.332419,15.519411,16.12282,16.050041,16.707224,15.369232,17.30503,16.69854,16.098244,1.1339142,2.5421755,6.9861593,0.78408545,30.116812,28.970198,40.57856,17.163687,20.814306,21.010101,17.785936,15.479483,16.253185,56.11
4446100.324,658011.4993,93.52175,1.4273596,0.8152586,27.095295,33.136875,40.421528,29.719423,22.939434,29.567694,28.783566,25.664211,27.887753,29.753023,42.54049,38.10895,35.154633,42.42307,47.011692,2.9247015,2.119033,6.423476,7.565129,1382.89,116.55631,0.16015625,0.51272124,0.008911133,0,15,0.60678697,0.42646343,0.33252323,0.22905347,0.67388016,1.0472594,2.1726317,17.90882,14.906797,15.596066,16.252285,17.307922,19.055544,16.09376,16.614798,21.382887,17.142984,19.840612,16.605398,23.121916,24.201048,22.901468,20.318594,22.629263,20.965424,20.189371,20.318045,20.699194,26.681458,21.04729,21.66957,17.615538,18.190807,18.383856,17.638056,17.82221,19.645163,17.214277,18.158564,15.702094,14.898524,15.648111,15.1519785,15.8285265,16.498121,16.238016,15.573923,16.014164,16.16604,16.481838,16.809256,15.119007,18.07577,16.365711,16.327583,1.121309,2.5218673,6.9943027,0.78408545,30.116085,29.175629,40.324722,16.7316,20.74233,21.790007,18.072844,15.709338,16.433111,56.11
4446100.324,658016.3791,122.144104,1.4104934,0.7944915,27.20073,33.662373,40.486362,28.959154,22.696037,29.850817,28.781929,25.943188,28.72992,29.864815,42.345123,37.656757,34.89065,42.434715,46.87449,2.8884392,2.118761,6.415018,7.5593643,1382.84,115.20806,-0.040527344,0.5382057,-0.001098633,0,15,0.60678697,0.42646343,0.33252323,0.22905347,0.67388016,1.0472594,2.1726317,17.38845,15.555047,16.431637,15.829203,17.201944,19.72646,17.44697,16.970528,22.010729,17.58428,19.59067,16.65202,22.929462,23.83632,23.370785,20.350002,21.194998,19.146227,20.635403,19.39693,20.8886,24.739506,22.4785,20.908333,18.667665,18.45642,17.571991,18.009657,18.26952,19.278238,17.664034,18.366152,15.436125,14.12985,15.686673,14.857008,16.291672,16.101776,16.506094,15.422574,16.104311,15.962354,15.836365,16.259392,15.224788,16.69409,16.62401,15.978276,1.1024925,2.5036001,6.987191,0.78408545,30.431551,29.316372,40.00094,17.082815,20.853466,21.211452,18.273932,15.572743,16.100758,56.11
4446100.324,658021.2589,142.34758,1.4025028,0.7666254,27.201084,33.668514,41.170364,27.911566,22.802954,30.100042,28.823824,26.227211,29.972929,30.022688,42.141113,37.305286,34.134438,42.29053,46.499397,2.8499327,2.1164725,6.37772,7.5275264,1382.8,113.62479,0.000976563,0.5000088,0,0,15,0.6159758,0.42904508,0.33907238,0.22639552,0.6698816,1.1300567,2.184291,17.38845,15.555047,16.431637,15.829203,17.201944,19.72646,17.44697,16.970528,22.010729,17.58428,19.59067,16.65202,22.929462,23.83632,23.370785,20.350002,21.194998,19.146227,20.635403,19.39693,20.8886,24.739506,22.4785,20.908333,18.667665,18.45642,17.571991,18.009657,18.26952,19.278238,17.664034,18.366152,15.436125,14.12985,15.686673,14.857008,16.291672,16.101776,16.506094,15.422574,16.104311,15.962354,15.836365,16.259392,15.224788,16.69409,16.62401,15.978276,1.0845641,2.4832025,6.9526234,0.7992454,30.4348,29.461933,39.723198,17.082815,20.853466,21.211452,18.273932,15.572743,16.100758,56.11
4446100.324,658026.1388,117.800224,1.3866923,0.7616711,27.366928,33.7333,40.377808,28.169373,22.74171,30.447495,28.727732,26.590248,29.95843,30.347849,41.91849,37.356186,34.10939,41.96223,46.27766,2.8050492,2.0910976,6.3782434,7.541124,1382.76,108.42224,0,0.49851203,0.001098633,0,15,0.6159758,0.42904508,0.33907238,0.22639552,0.6698816,1.1300567,2.184291,18.546722,16.803583,17.152664,15.877762,18.863188,21.1815,17.614626,17.822077,21.456562,16.719423,18.984135,16.038433,21.967922,23.570871,20.964672,19.562372,18.778494,18.071299,18.002054,17.798975,19.02725,20.654541,16.381077,18.397009,17.61586,16.398973,16.274727,16.218033,17.36811,18.749521,14.937584,16.886143,15.784075,14.96225,15.355738,14.750633,16.066889,16.203533,16.646578,15.511348,15.770051,16.062777,15.73237,16.274298,15.096691,16.909655,16.59751,15.896757,1.0741817,2.4480734,6.9596834,0.7992454,30.550114,29.587612,39.637337,18.00572,19.95743,18.387669,16.794687,15.681386,16.063335,56.11
4446100.324,658031.0186,136.13791,1.3671201,0.7644445,27.52781,34.188396,39.02449,28.983929,22.810509,30.821331,28.62783,27.201038,29.368406,30.870708,41.693584,37.380104,34.36396,41.77782,45.92722,2.7587693,2.0535345,6.388131,7.5662417,1382.72,111.50477,0.03955078,0.5079766,0.002197266,0,15,0.6159758,0.42904508,0.33907238,0.22639552,0.6698816,1.1300567,2.184291,18.353275,16.29581,17.233624,15.668528,18.401445,20.62379,17.68231,17.558006,20.844053,16.240866,19.152407,16.256432,22.392529,23.047455,21.067675,19.475372,18.27442,18.085466,17.08943,17.523386,18.062649,20.168,17.483454,18.049255,17.522781,15.731786,17.13703,15.928624,16.966097,19.276842,15.324469,16.908014,15.556826,15.729787,15.733936,14.865085,15.791593,17.010065,16.335888,15.689496,15.803876,16.124388,15.977531,15.804758,15.332817,16.594715,16.77657,15.899602,1.0657823,2.4061518,6.977186,0.7992454,30.858103,29.72458,39.536842,17.751255,19.857346,18.098116,16.84109,15.860454,16.059237,56.11
4446100.324,658035.8984,134.43349,1.3525991,0.75987345,27.511492,34.18362,38.126827,29.52003,22.772058,31.163708,28.71664,27.611025,29.114443,31.382202,41.476284,37.4493,34.51342,41.49287,45.50458,2.7228065,2.0490117,6.370801,7.5763826,1382.68,115.90559,0.08105469,0.5570917,0.005615234,0,15,0.6159758,0.42904508,0.33907238,0.22639552,0.6698816,1.1300567,2.184291,18.353275,16.29581,17.233624,15.668528,18.401445,20.62379,17.68231,17.558006,20.844053,16.240866,19.152407,16.256432,22.392529,23.047455,21.067675,19.475372,18.27442,18.085466,17.08943,17.523386,18.062649,20.168,17.483454,18.049255,17.522781,15.731786,17.13703,15.928624,16.966097,19.276842,15.324469,16.908014,15.556826,15.729787,15.733936,14.865085,15.791593,17.010065,16.335888,15.689496,15.803876,16.124388,15.977531,15.804758,15.332817,16.594715,16.77657,15.899602,1.0562363,2.385909,6.973592,0.7992454,30.847557,29.940174,39.46279,17.751255,19.857346,18.098116,16.84109,15.860454,16.059237,56.11
4446100.324,658040.7783,138.30977,1.3385395,0.7492367,27.499348,34.17948,37.560528,29.946955,22.91782,31.532251,29.010038,28.316347,29.008831,31.956715,41.20119,37.367676,34.088863,41.148052,44.93837,2.6849046,2.0419252,6.337304,7.574216,1382.63,114.659996,-0.040039062,0.5833359,0,0,15,0.6159758,0.42904508,0.33907238,0.22639552,0.6698816,1.1300567,2.184291,18.98264,16.948675,17.905682,15.964264,19.414852,22.157507,19.362991,18.34718,20.757425,16.82551,18.713764,15.894294,22.047783,22.591368,21.487207,19.347387,18.568531,18.241873,17.280895,17.16676,19.175062,20.660398,17.974005,18.413103,17.55131,15.396201,17.31106,16.375622,16.76291,19.064543,15.552756,16.907133,14.930593,16.025393,16.494852,14.892548,15.099087,16.163954,16.693758,15.516143,15.834601,16.101559,16.4775,15.613371,15.610669,17.334394,16.465992,16.077911,1.0438881,2.3634148,6.95576,0.7992454,30.839415,30.271145,39.28443,18.676657,19.759623,18.438217,16.8592,15.75717,16.205442,56.11
4446100.324,658045.6581,111.11291,1.330676,0.7365616,27.252003,33.518726,37.1542,30.31902,22.971445,31.925924,29.672916,28.81381,29.222511,32.68821,40.917248,37.3307,33.846817,40.20606,44.097908,2.6480472,2.0351086,6.3034754,7.5663753,1382.59,113.958885,0.119140625,0.56404966,0.005493164,0,15,0.6159758,0.42904508,0.33907238,0.22639552,0.6698816,1.1300567,2.184291,19.772278,16.325718,17.914663,16.474257,19.496307,22.459318,19.931513,18.58404,21.225454,17.181862,19.402596,15.950065,21.528183,22.523243,22.014688,19.569712,19.45035,18.314365,17.129246,17.7192,18.978428,19.898932,19.041254,18.60728,17.700006,14.987487,18.133509,16.380192,16.245426,19.560827,16.588099,17.02429,15.351259,14.505506,16.163261,14.933915,15.157761,16.002747,16.680277,15.2832775,15.62044,15.622518,16.55974,16.687498,15.673304,16.390581,16.459255,16.027527,1.0336188,2.341578,6.934925,0.7992454,30.385365,30.79942,39.123974,18.91058,19.975157,18.647396,17.085077,15.542104,16.144762,56.11
4446100.324,658050.5379,121.738235,1.3142842,0.72481173,27.237986,33.515434,36.979122,30.473007,23.013712,32.276585,29.72,29.148592,29.564732,33.687252,40.611343,37.382027,33.625053,39.738895,43.06484,2.6077032,2.0303469,6.263115,7.549208,1382.54,112.07141,0.000488281,0.57187015,0.001098633,0,15,0.6198605,0.432042,0.33320197,0.22561052,0.6610722,1.0854105,2.1910326,19.137304,15.711606,17.15996,15.85818,18.815168,21.986876,19.213835,17.924625,21.08725,17.01085,19.257694,15.871401,21.327227,22.310766,21.726912,19.406525,19.45035,18.314365,17.129246,17.7192,18.975746,19.895868,19.039812,18.606365,16.558386,13.729921,16.712198,15.189286,15.616484,18.796738,15.432541,15.926333,14.914589,14.092218,15.701136,14.476836,14.665844,15.334799,16.255686,14.805405,15.3205185,15.192447,16.179747,16.191998,15.557569,16.103891,16.153423,15.684293,1.0195479,2.319025,6.9061613,0.7926043,30.376709,30.998291,38.996685,18.268991,19.798872,18.646368,16.00508,15.063016,15.814226,56.11
4446100.324,658055.4178,119.552704,1.2914504,0.71374345,27.48719,32.989822,36.8999,30.392975,23.021034,32.706062,30.005548,29.764439,30.244486,35.07896,40.10935,37.45654,33.182316,39.195095,41.660446,2.5662704,2.0043607,6.2301173,7.524377,1382.49,108.424194,-0.040039062,0.5891849,-0.002197266,0,15,0.6198605,0.432042,0.33320197,0.22561052,0.6610722,1.0854105,2.1910326,19.604076,15.259135,17.298347,15.834723,18.512403,21.383549,19.066715,17.807001,21.010473,16.13415,18.864735,15.55543,22.060955,21.839512,20.777966,19.090542,19.65579,18.274622,16.852602,15.970187,17.769142,20.09809,16.266369,17.718792,16.298471,14.667459,15.480329,14.80841,15.978586,19.019896,15.061088,15.818049,15.124205,14.648262,16.28182,15.37641,15.097718,16.045155,16.844809,15.415826,15.325003,15.238973,15.444275,15.787087,16.165861,16.536755,16.595175,15.716854,1.0025969,2.2853155,6.877247,0.7926043,30.238506,31.355804,38.782944,18.136993,19.463318,17.840971,15.902034,15.631196,15.870447,56.11
4446100.324,658060.2976,101.081696,1.237454,0.70415175,27.123465,32.13543,36.825565,30.21138,23.1091,33.323105,31.169434,30.609652,31.246122,36.852695,39.529495,37.051605,32.84273,38.34292,39.932487,2.4941254,1.9544251,6.200615,7.5049944,1382.44,107.58108,-0.041015625,0.6159017,-0.002319336,0,15,0.6198605,0.432042,0.33320197,0.22561052,0.6610722,1.0854105,2.1910326,20.026033,16.272795,17.727402,16.86198,19.870468,21.891745,20.42931,18.686213,20.42111,16.083282,18.264881,15.296214,21.577475,22.564455,21.246231,18.907755,18.989445,18.07884,16.278427,16.142076,16.519835,19.860373,15.932272,17.22591,14.916097,14.920781,15.158711,15.438959,15.9917145,19.04864,15.125073,15.809917,14.183303,14.42849,15.161852,13.497147,14.890955,15.546809,15.860345,14.596196,15.677072,15.212618,15.381266,15.1325655,15.43163,15.970076,16.915636,15.461511,0.9708029,2.224275,6.8528047,0.7926043,29.629448,32.24627,38.29055,19.011393,19.350521,17.40018,15.799996,14.795556,15.674409,56.11
4446100.324,658065.1774,97.56632,1.2225212,0.694291,27.141361,32.134037,37.047867,29.945805,23.178692,33.730972,31.179703,31.001545,32.359863,38.83844,39.028816,37.04081,32.334152,37.617878,37.99388,2.4523625,1.9507409,6.1734657,7.46644,1382.39,111.80442,0.000488281,0.6171212,-0.002197266,0,15,0.6198605,0.432042,0.33320197,0.22561052,0.6610722,1.0854105,2.1910326,20.026033,16.272795,17.727402,16.86198,19.870468,21.891745,20.42931,18.686213,20.42111,16.083282,18.264881,15.296214,21.577475,22.564455,21.246231,18.907755,18.989445,18.07884,16.278427,16.142076,16.519835,19.860373,15.932272,17.22591,14.916097,14.920781,15.158711,15.438959,15.9917145,19.04864,15.125073,15.809917,14.051257,14.447509,15.108824,13.558252,14.780305,15.414978,15.59258,14.542858,15.637449,15.153517,15.34679,15.112307,15.414647,15.896441,16.879492,15.424065,0.9584061,2.2015517,6.819953,0.7926043,29.6377,32.455338,38.034813,19.011393,19.350521,17.40018,15.799996,14.707672,15.6343775,56.11
4446095.34,657923.6623,99.32003,1.3266551,1.3164786,26.729523,30.239838,28.708206,23.424902,22.03957,43.88163,36.071358,34.711185,41.573814,43.662216,29.764717,33.218494,35.667603,35.50971,33.921288,2.619065,2.0581515,7.0567007,8.021953,1383.82,72.04265,-0.16113281,1.1142799,-0.011108398,0,15,0.593298,0.3916583,0.2913826,0.2344026,0.6675607,0.8287028,1.5345412,18.990213,16.292322,16.470322,15.963094,18.651875,20.837994,18.402777,17.710466,22.3797,18.123453,20.161678,17.306288,23.563084,24.004852,24.993916,20.84089,22.261583,19.067326,21.752113,21.7823,23.809383,24.359568,22.819183,21.945168,21.08914,19.67111,20.354109,21.883411,20.344107,21.697989,20.433598,20.69693,15.579262,15.926646,15.429726,14.646591,16.468767,16.828224,16.58031,15.8707285,18.094503,17.862774,17.148636,17.632744,17.740135,17.029596,18.760786,17.629023,1.3215668,2.3386083,7.5393267,0.6487923,28.48468,39.976494,31.491606,17.944086,21.50471,22.264496,20.781923,15.922791,17.752739,56.11
4446095.34,657928.5421,98.46144,1.347423,1.2696939,26.778498,29.776518,29.374275,23.736885,22.307259,44.247665,36.589607,34.888176,41.193363,43.05677,29.555567,33.02222,35.123447,35.392628,34.212337,2.634638,2.0766966,7.031838,7.992946,1383.73,73.062,-0.16015625,1.0327882,-0.012207031,0,15,0.593298,0.3916583,0.2913826,0.2344026,0.6675607,0.8287028,1.5345412,19.255997,16.636404,16.873306,16.75638,18.695711,20.592785,19.126713,17.982035,22.898031,18.009773,20.230562,17.32932,24.56074,24.170645,24.73439,21.054607,22.261774,19.369858,20.066555,20.85004,23.233074,25.544338,22.605886,21.629673,20.34766,19.32697,20.233887,20.852781,20.676805,21.78937,20.770367,20.314793,16.249193,15.986101,15.758085,15.2227955,16.764938,17.237213,16.90768,16.160904,17.421299,18.169943,17.233246,17.595118,17.352472,16.818796,17.952236,17.429686,1.3085585,2.3556674,7.512392,0.6487923,28.277508,40.418636,31.288895,18.276754,21.704782,21.990217,20.57112,16.303715,17.506159,56.11
4446095.34,657933.4219,98.30413,1.3613995,1.2303872,26.766272,29.780903,30.322464,24.112883,22.407703,43.958954,36.428017,34.515945,40.54578,42.5606,29.995977,33.185543,34.76036,35.650208,34.609905,2.6618204,2.0796509,6.96449,7.9410076,1383.66,78.69007,0.080566406,0.9494437,0.005615234,0,15,0.597189,0.42656675,0.3315261,0.2235264,0.68104637,1.1328645,2.191806,19.255997,16.636404,16.873306,16.75638,18.695711,20.592785,19.126713,17.982035,22.898031,18.009773,20.230562,17.32932,24.56074,24.170645,24.73439,21.054607,22.261774,19.369858,20.066555,20.85004,23.233074,25.544338,22.605886,21.629673,20.34766,19.32697,20.233887,20.852781,20.676805,21.78937,20.770367,20.314793,16.249193,15.986101,15.758085,15.2227955,16.764938,17.237213,16.90768,16.160904,17.421299,18.169943,17.233246,17.595118,17.352472,16.818796,17.952236,17.429686,1.2958934,2.3707356,7.452749,0.7977893,28.273586,40.193485,31.59076,18.276754,21.704782,21.990217,20.57112,16.303715,17.506159,56.11
4446095.34,657938.3018,104.12018,1.366957,1.1914132,26.998167,30.436913,31.41619,24.537428,22.929926,42.870827,35.36414,33.51057,39.61304,42.13224,31.146204,33.912594,34.934734,36.382793,35.118324,2.6937604,2.0785499,6.862284,7.8736258,1383.58,83.676865,0.119140625,0.9080388,0.004394531,0,15,0.597189,0.42656675,0.3315261,0.2235264,0.68104637,1.1328645,2.191806,19.612946,16.655334,17.003675,15.934056,19.294123,20.159323,18.75822,18.007908,22.70374,17.82771,20.3004,16.991385,24.22187,24.71255,23.891298,20.978336,20.92097,19.803656,19.938177,21.60764,22.649162,25.27632,22.939808,21.435787,20.070652,19.434383,19.55215,20.86739,19.677862,22.01553,20.736715,20.0925,16.34869,14.741332,15.729088,14.748743,16.44789,17.189905,18.487253,15.942677,17.265572,18.403683,17.513165,17.228891,17.412876,17.182615,18.714954,17.528095,1.279185,2.3861551,7.367955,0.7977893,28.71754,39.117485,32.5294,18.202526,21.52128,21.876532,20.336382,16.241842,17.674536,56.11
4446095.34,657943.1816,88.66817,1.3811578,1.1403615,26.997372,30.437244,32.697178,24.935108,23.016994,41.73416,35.03994,32.462727,38.804676,41.897583,32.382183,34.498745,34.87091,36.72887,35.382595,2.7338037,2.080992,6.738736,7.804018,1383.5,84.29287,0,0.86326605,0.002197266,0,15,0.597189,0.42656675,0.3315261,0.2235264,0.68104637,1.1328645,2.191806,19.022991,15.840821,17.526592,16.300177,18.901854,19.784277,18.055346,17.832493,22.72294,17.705692,20.42204,16.933676,24.137215,24.576084,22.346003,20.9097,20.830908,20.633518,20.023182,20.294374,22.151575,24.354359,21.40511,21.00106,20.315844,20.291159,20.394999,20.658278,19.641853,21.124939,18.500721,20.110435,16.228632,14.290235,15.513031,14.252734,16.844687,16.173933,16.986738,15.61104,17.649149,17.568258,17.477976,17.808117,17.356064,17.27281,18.114304,17.514,1.2607596,2.4073977,7.271377,0.7977893,28.717308,38.38705,33.440464,17.918865,21.26338,21.384718,20.132542,15.755713,17.606668,56.11
4446095.34,657948.0614,109.12318,1.3936642,1.0834953,26.987265,30.443779,34.02076,25.345964,23.006754,40.33596,34.510735,31.369732,37.91049,41.619957,33.908726,35.298347,34.991936,37.16456,35.791374,2.7697723,2.084008,6.5867257,7.7306957,1383.42,85.910835,-0.119628906,0.8042195,-0.00769043,0,15,0.597189,0.42656675,0.3315261,0.2235264,0.68104637,1.1328645,2.191806,19.022991,15.840821,17.526592,16.300177,18.901854,19.784277,18.055346,17.832493,22.72294,17.705692,20.42204,16.933676,24.137215,24.576084,22.346003,20.9097,20.830908,20.633518,20.023182,20.294374,22.151575,24.354359,21.40511,21.00106,20.315844,20.291159,20.394999,20.658278,19.641853,21.124939,18.500721,20.110435,16.228632,14.290235,15.513031,14.252734,16.844687,16.173933,16.986738,15.61104,17.649149,17.568258,17.477976,17.808117,17.356064,17.27281,18.114304,17.514,1.2385798,2.4268901,7.1587105,0.7977893,28.715523,37.423347,34.60354,17.918865,21.26338,21.384718,20.132542,15.755713,17.606668,56.11
4446095.34,657952.9413,105.24785,1.4043077,1.0189757,26.909887,31.296843,35.54245,25.800106,23.125042,38.96087,33.627285,30.170816,36.890797,41.344635,35.461193,36.037495,34.85579,37.811344,36.279842,2.8090498,2.0961425,6.412248,7.6422772,1383.36,88.725586,-0.040527344,0.64463985,-0.004516602,0,15,0.597189,0.42656675,0.3315261,0.2235264,0.68104637,1.1328645,2.191806,18.476048,16.391598,16.802435,15.743493,18.67019,20.1869,17.839598,17.606192,22.607899,18.366598,21.121984,16.880308,24.103712,24.529316,23.287216,21.147764,22.86497,20.031317,20.828257,21.03739,23.51257,24.559525,24.096142,21.953663,20.709665,21.548822,20.7237,21.243973,19.221558,24.139261,20.15771,21.110682,16.186676,15.393267,15.781336,14.88178,16.257448,17.047024,16.936478,15.932464,16.68211,17.722769,17.285608,17.915949,17.403103,18.229652,17.869303,17.55355,1.2116418,2.4525962,7.0272627,0.7977893,29.103365,36.294075,35.749344,17.730038,21.556719,22.418596,21.106384,16.069143,17.586927,56.11
4446095.34,657957.8211,91.418274,1.4135326,0.9497932,26.581757,31.62052,37.19839,26.139605,22.950258,37.604523,33.414097,28.879929,36.229534,41.211277,37.096687,36.704227,34.772507,38.001083,36.607517,2.840249,2.0928934,6.2082386,7.5451946,1383.31,91.39884,0.000488281,0.5873103,0.001098633,0,15,0.597189,0.42656675,0.3315261,0.2235264,0.68104637,1.1328645,2.191806,18.476048,16.391598,16.802435,15.743493,18.67019,20.1869,17.839598,17.606192,22.607899,18.366598,21.121984,16.880308,24.103712,24.529316,23.287216,21.147764,22.86497,20.031317,20.828257,21.03739,23.51257,24.559525,24.096142,21.953663,20.709665,21.548822,20.7237,21.243973,19.221558,24.139261,20.15771,21.110682,16.186676,15.393267,15.781336,14.88178,16.257448,17.047024,16.936478,15.932464,16.68211,17.722769,17.285608,17.915949,17.403103,18.229652,17.869303,17.55355,1.1816629,2.4665713,6.8767166,0.7977893,29.10114,35.509308,36.90046,17.730038,21.556719,22.418596,21.106384,16.069143,17.586927,56.11
4446095.34,657962.7009,91.17283,1.4178114,0.92276293,26.625721,31.631266,37.918182,26.770397,22.958023,36.08096,32.97775,28.16801,34.813076,39.708923,38.27306,37.05839,34.96064,38.66216,38.0012,2.8704183,2.0933998,6.185627,7.5294895,1383.26,94.398705,0.040039062,0.5608134,0,0,15,0.6129544,0.43196562,0.33178216,0.22889377,0.6817149,1.0713706,2.1701522,17.975079,15.498876,16.526546,15.437262,18.58403,21.00345,17.594755,17.363955,21.09588,18.016867,20.739983,16.555553,23.051086,23.159962,23.01176,20.39941,22.35876,19.260515,20.467602,19.293139,23.367819,23.762388,23.920208,21.352566,19.235338,19.433426,18.940142,19.912188,19.90353,21.301239,19.843153,19.807238,14.91984,14.960356,15.427777,14.979094,16.096651,16.454348,16.75038,15.581127,15.875631,15.962027,16.669508,16.359415,16.039764,16.978529,16.058504,16.2682,1.1702871,2.481909,6.8575583,0.78983337,29.128494,34.529354,37.665726,17.517141,20.804441,21.775776,19.795574,15.655492,16.277624,56.11
4446095.34,657967.5808,91.1531,1.4220513,0.9178034,26.692234,31.646507,38.272503,27.55801,23.001778,34.59916,32.621033,27.739761,33.07044,37.529804,39.164402,37.058,35.105988,39.462795,39.90255,2.8983345,2.0933962,6.2446914,7.5456624,1383.21,96.348724,-0.080566406,0.5186327,-0.002319336,0,15,0.6129544,0.43196562,0.33178216,0.22889377,0.6817149,1.0713706,2.1701522,18.13225,15.0684185,16.679062,16.124731,17.674147,20.09841,17.539976,17.207655,21.34259,17.899918,20.259447,16.81998,23.399021,24.13136,23.326443,20.583244,22.236263,19.630564,20.872068,19.128635,21.74827,24.635435,21.453997,21.134768,17.57845,16.647467,17.825819,15.906052,17.845972,19.633974,17.500868,17.583288,14.386229,14.785308,16.108976,14.568271,15.964636,16.3775,16.836718,15.412164,16.649822,17.207647,16.608978,17.281042,14.675894,16.850266,16.253683,16.446959,1.1699274,2.4958653,6.895177,0.78983337,29.16937,33.610096,38.1112,17.331,21.025537,21.386461,17.562656,15.5753765,16.503904,56.11
4446095.34,657972.4606,88.37467,1.4133064,0.9046908,26.798447,31.720665,38.712402,28.354239,22.907656,33.238945,32.334206,27.321949,31.404285,35.513844,40.0203,37.09806,35.13466,40.24161,41.73186,2.9082258,2.0801773,6.2905655,7.5686193,1383.17,97.70609,0.080566406,0.5346169,0.003417969,0,15,0.6129544,0.43196562,0.33178216,0.22889377,0.6817149,1.0713706,2.1701522,18.13225,15.0684185,16.679062,16.124731,17.674147,20.09841,17.539976,17.207655,21.34259,17.899918,20.259447,16.81998,23.399021,24.13136,23.326443,20.583244,22.236263,19.630564,20.872068,19.128635,21.74827,24.635435,21.453997,21.134768,17.57845,16.647467,17.825819,15.906052,17.845972,19.633974,17.500868,17.583288,14.386229,14.785308,16.108976,14.568271,15.964636,16.3775,16.836718,15.412164,16.649822,17.207647,16.608978,17.281042,14.675894,16.850266,16.253683,16.446959,1.1589986,2.4942017,6.929592,0.78983337,29.259556,32.786575,38.55918,17.331,21.025537,21.386461,17.562656,15.5753765,16.503904,56.11
4446095.34,657977.3404,90.84204,1.4170197,0.88862735,26.84758,31.730867,39.187473,29.09136,22.900536,31.962633,31.97808,26.784546,29.894644,33.64921,40.846073,37.299633,35.304276,40.878536,43.44858,2.93216,2.0803661,6.3143706,7.5721955,1383.12,101.976135,-0.080078125,0.48366803,-0.003295898,0,15,0.6129544,0.43196562,0.33178216,0.22889377,0.6817149,1.0713706,2.1701522,18.88049,15.207549,17.441065,15.791877,17.313154,20.122183,17.886337,17.419386,22.232393,18.19205,20.723204,16.80665,23.51267,23.063492,22.851843,20.6287,21.130554,17.998556,19.823635,18.959242,21.187555,23.091997,21.752506,20.185053,16.644104,16.107143,17.438604,17.206394,17.43659,17.758213,18.489962,17.111826,15.588597,14.383187,15.702278,15.1373005,15.969376,15.362349,16.276272,15.374976,16.193972,16.145638,16.260529,16.431927,15.467138,16.187786,17.07238,16.121845,1.1528236,2.506263,6.943283,0.78983337,29.289223,31.970356,39.072853,17.52038,21.054615,20.563435,17.297287,15.48848,16.251337,56.11
4446095.34,657982.2203,98.46622,1.4217615,0.8731198,27.063282,32.920734,39.709442,29.751091,22.923115,30.730598,30.833311,26.150824,28.545275,31.98444,41.664066,37.485504,35.34,41.483334,45.068375,2.9503868,2.1048944,6.3270802,7.562832,1383.09,106.41182,0.15966797,0.50745344,0.011108398,0,15,0.6129544,0.43196562,0.33178216,0.22889377,0.6817149,1.0713706,2.1701522,18.422693,15.276654,17.601002,15.516954,17.687313,19.925617,17.04678,17.279222,22.111801,18.308386,20.236046,16.938183,22.392668,23.85679,21.834911,20.393179,21.978712,17.76994,18.14105,18.293001,21.021345,23.39062,20.910648,19.851114,17.457895,16.11176,17.09279,16.41969,17.942226,18.724134,17.23831,17.12814,15.657176,14.7404995,15.9718,15.072532,16.061842,15.879755,16.033842,15.552076,16.444166,16.040354,16.242323,16.83226,15.584604,16.286482,17.354326,16.210365,1.1474407,2.5276406,6.944956,0.78983337,29.992008,30.781956,39.574783,17.35386,20.811255,20.215044,17.28383,15.631064,16.397787,56.11
4446095.34,657987.1001,124.23521,1.4217615,0.8731198,27.063282,32.920734,39.709442,29.751091,22.923115,30.730598,30.833311,26.150824,28.545275,31.98444,41.664066,37.485504,35.34,41.483334,45.068375,2.9503868,2.1048944,6.3270802,7.562832,1383.09,106.41182,0.15966797,0.50745344,0.011108398,0,15,0.6129544,0.43196562,0.33178216,0.22889377,0.6817149,1.0713706,2.1701522,18.422693,15.276654,17.601002,15.516954,17.687313,19.925617,17.04678,17.279222,22.111801,18.308386,20.236046,16.938183,22.392668,23.85679,21.834911,20.393179,21.978712,17.76994,18.14105,18.293001,21.021345,23.39062,20.910648,19.851114,17.457895,16.11176,17.09279,16.41969,17.942226,18.724134,17.23831,17.12814,15.657176,14.7404995,15.9718,15.072532,16.061842,15.879755,16.033842,15.552076,16.444166,16.040354,16.242323,16.83226,15.584604,16.286482,17.354326,16.210365,1.1474407,2.5276406,6.944956,0.78983337,29.992008,30.781956,39.574783,17.35386,20.811255,20.215044,17.28383,15.631064,16.397787,56.11
4446095.34,657991.9799,63.55719,1.414204,0.8531129,26.916908,32.137604,40.06889,30.190475,22.89784,29.984552,30.86705,25.775156,27.544819,30.62777,42.160885,37.83535,35.352375,41.94662,46.38522,2.9542296,2.0795555,6.3439755,7.5712705,1383.04,109.31186,0.12060547,0.6069479,0.005615234,0,15,0.60678697,0.42646343,0.33252323,0.22905347,0.67388016,1.0472594,2.1726317,18.422693,15.276654,17.601002,15.516954,17.687313,19.925617,17.04678,17.279222,22.111801,18.308386,20.236046,16.938183,22.392668,23.85679,21.834911,20.393179,21.978712,17.76994,18.14105,18.293001,21.021345,23.39062,20.910648,19.851114,17.457895,16.11176,17.09279,16.41969,17.942226,18.724134,17.23831,17.12814,15.657176,14.7404995,15.9718,15.072532,16.061842,15.879755,16.033842,15.552076,16.444166,16.040354,16.242323,16.83226,15.584604,16.286482,17.354326,16.210365,1.1336584,2.5168924,6.957623,0.78408545,29.527256,30.4258,39.998116,17.35386,20.811255,20.215044,17.28383,15.631064,16.397787,56.11
4446095.34,657996.8598,73.892586,1.4158845,0.8382608,27.16336,32.665672,40.07809,30.355413,22.826714,29.271313,29.815323,25.706657,26.99298,29.77142,42.683147,38.191383,35.583687,42.368954,47.29013,2.9724343,2.118074,6.348496,7.5661764,1382.98,112.83777,-0.12060547,0.5905959,-0.0078125,0,15,0.60678697,0.42646343,0.33252323,0.22905347,0.67388016,1.0472594,2.1726317,19.045485,15.395944,16.841751,14.971758,18.430012,19.34163,16.907398,17.211622,22.137434,18.46344,20.31892,16.705393,22.61173,24.021465,22.170147,20.52243,21.47486,18.576265,18.588293,19.095697,22.633797,24.652172,22.69035,20.805597,18.218662,16.139856,17.89089,17.504679,18.339432,19.08668,17.542994,17.740643,15.475632,14.527331,16.648596,15.249465,16.00277,16.156862,16.022133,15.665596,16.363815,15.878664,16.32718,15.690875,16.12125,17.047611,17.354664,16.221048,1.1270727,2.5452542,6.9573364,0.78408545,29.914516,29.543318,40.437263,17.276281,20.918364,21.101635,17.817598,15.726112,16.39772,56.11
4446095.34,658001.7396,78.97523,1.4240946,0.82707953,27.220419,33.25923,40.149677,30.202118,22.695564,28.947912,28.641914,25.252825,26.957159,29.401241,42.982742,38.603313,35.706173,42.661743,47.616943,2.9628296,2.1311123,6.361331,7.56356,1382.93,115.19914,-0.23925781,0.53797305,-0.013305664,0,15,0.60678697,0.42646343,0.33252323,0.22905347,0.67388016,1.0472594,2.1726317,18.093977,15.918242,16.835932,15.878374,17.012352,18.723476,16.778751,16.927116,21.757198,17.542454,20.01399,16.672047,23.167257,24.071411,22.036701,20.381514,20.222208,17.430906,17.688425,20.409273,21.355919,25.031595,22.554346,20.327976,17.139067,17.650625,18.46561,18.838486,17.949759,19.921528,16.643824,18.158485,15.471708,15.047188,16.37619,15.103842,16.344576,15.932526,16.279343,15.672098,16.068275,16.48623,16.244041,16.804358,16.046852,17.057276,17.297308,16.405624,1.125587,2.5469708,6.9624453,0.78408545,30.239826,28.794914,40.79303,17.034443,20.751581,20.670382,18.086985,15.793625,16.572048,56.11
4446095.34,658006.6194,79.1152,1.4163445,0.8120962,27.218933,33.26475,40.007835,29.826094,22.692654,29.179836,28.71419,25.539534,27.33524,29.358173,42.824764,38.291786,35.542202,42.678764,47.624084,2.932675,2.1282206,6.383596,7.5734572,1382.9,118.06402,0.040039062,0.48724142,-0.003295898,0,15,0.60678697,0.42646343,0.33252323,0.22905347,0.67388016,1.0472594,2.1726317,18.093977,15.918242,16.835932,15.878374,17.012352,18.723476,16.778751,16.927116,21.757198,17.542454,20.01399,16.672047,23.167257,24.071411,22.036701,20.381514,20.222208,17.430906,17.688425,20.409273,21.355919,25.031595,22.554346,20.327976,17.139067,17.650625,18.46561,18.838486,17.949759,19.921528,16.643824,18.158485,15.471708,15.047188,16.37619,15.103842,16.344576,15.932526,16.279343,15.672098,16.068275,16.48623,16.244041,16.804358,16.046852,17.057276,17.297308,16.405624,1.1142204,2.5304477,6.9785266,0.78408545,30.241842,28.947014,40.558273,17.034443,20.751581,20.670382,18.086985,15.793625,16.572048,56.11
4446095.34,658011.4993,85.65247,1.4079918,0.79577535,27.21496,33.269886,39.923363,29.340008,22.69425,29.48387,28.795986,25.855618,27.9036,29.473906,42.62512,37.978313,35.308907,42.638546,47.48057,2.899456,2.1253445,6.3968916,7.57829,1382.86,116.55631,-0.080078125,0.51272124,-0.002197266,0,15,0.60678697,0.42646343,0.33252323,0.22905347,0.67388016,1.0472594,2.1726317,18.220867,15.683162,16.18653,15.728505,16.676914,19.457964,16.121342,16.759943,22.181316,17.612015,19.417376,16.688902,23.056839,22.949102,22.493855,20.232466,21.237432,21.404613,18.854055,19.728855,20.511288,23.445322,22.715712,20.826952,17.506804,18.243523,17.269299,17.615635,17.755798,18.34894,18.360088,17.825796,16.439188,14.873361,15.854767,15.217546,15.717009,15.678388,16.133486,15.545166,15.912442,16.473017,15.356537,16.693623,15.63583,16.689432,16.549458,16.040407,1.1018835,2.5124002,6.987591,0.78408545,30.242424,29.139927,40.301716,16.867899,20.628489,21.128183,17.87144,15.701964,16.187193,56.11
4446095.34,658016.3791,108.70192,1.3949623,0.7781132,27.207787,33.668434,39.96357,28.746773,22.594683,29.770985,28.749012,25.926323,28.568577,29.671152,42.44364,37.594902,35.252934,42.73627,47.300144,2.8675225,2.118658,6.3982286,7.5738473,1382.82,115.19914,-0.000976563,0.53797305,-0.002319336,0,15,0.60678697,0.42646343,0.33252323,0.22905347,0.67388016,1.0472594,2.1726317,17.902597,15.7670355,16.44057,14.955256,16.81263,19.771322,15.872321,16.691944,22.136992,17.230894,19.841984,16.678354,23.30009,23.332653,23.255798,20.358656,21.540394,19.770315,19.79381,19.139338,20.853233,24.744791,21.661922,20.816715,18.718885,17.385036,18.529282,17.928682,18.271044,19.219604,18.069317,18.325632,15.796907,14.910226,16.090345,14.978173,15.72015,15.979028,16.662153,15.6219635,15.769435,15.55126,16.111897,16.372398,15.276586,17.276295,16.85603,16.012455,1.0865377,2.4930902,6.986038,0.78408545,30.43811,29.259998,40.01927,16.78882,20.825253,21.071972,18.30312,15.733855,16.173414,56.11
4446095.34,658021.2589,133.42126,1.3877412,0.75989544,27.199781,33.671852,40.02971,28.264093,22.623114,30.061602,28.821632,26.222595,29.21811,29.916733,42.256382,37.346104,34.921886,42.6195,47.0058,2.8340986,2.116086,6.389121,7.566664,1382.78,118.750984,-0.03955078,0.5063653,0,0,15,0.6159758,0.42904508,0.33907238,0.22639552,0.6698816,1.1300567,2.184291,17.902597,15.7670355,16.44057,14.955256,16.81263,19.771322,15.872321,16.691944,22.136992,17.230894,19.841984,16.678354,23.30009,23.332653,23.255798,20.358656,21.540394,19.770315,19.79381,19.139338,20.853233,24.744791,21.661922,20.816715,18.718885,17.385036,18.529282,17.928682,18.271044,19.219604,18.069317,18.325632,15.796907,14.910226,16.090345,14.978173,15.72015,15.979028,16.662153,15.6219635,15.769435,15.55126,16.111897,16.372398,15.276586,17.276295,16.85603,16.012455,1.0738183,2.4750924,6.977893,0.7992454,30.435818,29.441616,39.801243,16.78882,20.825253,21.071972,18.30312,15.733855,16.173414,56.11
4446095.34,658026.1388,123.33045,1.3670583,0.7531274,27.24729,33.73688,39.671227,28.327278,22.776178,30.399609,28.598309,26.585667,29.346014,30.267832,42.040775,37.448566,34.635635,42.42563,46.607704,2.7821875,2.0839744,6.382032,7.5592904,1382.75,119.92477,0.20019531,0.54571694,0.011108398,0,15,0.6159758,0.42904508,0.33907238,0.22639552,0.6698816,1.1300567,2.184291,18.503815,16.830063,16.111866,15.014542,18.095915,20.2004,17.404047,17.208324,21.968966,16.78104,19.221642,16.45046,22.905418,22.515041,23.043308,19.93085,18.803534,16.53678,18.984007,17.771872,18.716566,19.860434,15.775996,18.040104,17.218342,14.98754,17.269,15.487816,16.753157,16.131197,13.948144,16.065866,15.124143,16.083265,15.910852,14.178494,15.839646,15.793739,16.235767,15.450801,16.483557,15.975386,16.263601,15.510835,15.234747,16.110434,17.097076,15.902868,1.0600928,2.433081,6.970661,0.7992454,30.492085,29.498959,39.74467,17.45152,20.412268,18.064169,15.970742,15.59513,16.09652,56.11
4446095.34,658031.0186,117.888535,1.3530997,0.75017405,27.537533,34.196144,38.965023,28.711237,22.725851,30.725939,28.548721,27.063627,29.232185,30.772303,41.78618,37.321003,34.551987,42.109253,46.224426,2.7435415,2.0533113,6.378699,7.571911,1382.7,119.05791,0.0390625,0.5896702,0.003295898,0,15,0.6159758,0.42904508,0.33907238,0.22639552,0.6698816,1.1300567,2.184291,19.134367,17.345333,16.067009,15.162572,18.112495,20.354984,16.924196,17.38918,21.329496,17.271376,19.3442,16.37298,22.996008,21.140656,22.068422,19.575104,18.911072,15.728363,17.143635,17.500599,19.693754,17.99188,15.783485,17.490862,17.708876,16.41374,17.072197,15.820448,17.653965,16.363829,13.910051,16.55358,15.573652,16.041298,16.340168,14.650886,15.289127,16.215452,16.32915,15.650337,16.409063,16.77181,16.238977,16.188272,15.328921,16.172289,16.714521,16.089615,1.0516369,2.3984265,6.9753046,0.7992454,30.866838,29.63733,39.55359,17.58585,20.074736,17.536114,16.420443,15.777104,16.26055,56.11
4446095.34,658035.8984,123.64771,1.3387344,0.74533683,27.52185,34.192104,38.359108,29.10336,22.70234,31.084412,28.61377,27.412487,29.072134,31.279108,41.541943,37.38932,34.581474,41.86092,45.759666,2.7085109,2.0489206,6.3610635,7.576589,1382.65,119.0645,-0.079589844,0.58990794,-0.002197266,0,15,0.6159758,0.42904508,0.33907238,0.22639552,0.6698816,1.1300567,2.184291,19.134367,17.345333,16.067009,15.162572,18.112495,20.354984,16.924196,17.38918,21.329496,17.271376,19.3442,16.37298,22.996008,21.140656,22.068422,19.575104,18.911072,15.728363,17.143635,17.500599,19.693754,17.99188,15.783485,17.490862,17.708876,16.41374,17.072197,15.820448,17.653965,16.363829,13.910051,16.55358,15.573652,16.041298,16.340168,14.650886,15.289127,16.215452,16.32915,15.650337,16.409063,16.77181,16.238977,16.188272,15.328921,16.172289,16.714521,16.089615,1.0420356,2.3787158,6.9688263,0.7992454,30.856977,29.84909,39.46563,17.58585,20.074736,17.536114,16.420443,15.777104,16.26055,56.11
4446095.34,658040.7783,136.07774,1.3226497,0.7351022,27.501987,34.183796,37.895794,29.48178,22.90151,31.497604,29.121325,27.965227,29.121405,31.826838,41.23053,37.190266,34.468544,41.082176,45.09926,2.6705794,2.048317,6.338378,7.5802827,1382.61,119.0645,0.079589844,0.58990794,0.002197266,0,15,0.6159758,0.42904508,0.33907238,0.22639552,0.6698816,1.1300567,2.184291,20.361727,17.350986,17.57911,17.01109,19.474476,20.960138,18.756348,18.486061,20.632036,17.136591,19.279245,15.6968975,22.182556,21.912464,21.14216,19.326601,18.30483,16.125027,16.728243,17.012707,19.056435,19.510454,16.75515,17.578184,16.714167,15.360621,17.016525,17.161375,17.032291,17.295399,14.552711,16.506516,14.891992,15.479957,16.25963,16.030008,15.535441,16.674377,15.877437,15.760181,16.3895,17.173285,16.379892,16.628294,15.710529,16.62911,16.350521,16.38181,1.028876,2.3594482,6.9593306,0.7992454,30.842892,30.309464,39.210396,18.784838,19.71171,17.641834,16.447582,15.821261,16.465876,56.11
4446095.34,658045.6581,113.25598,1.3182983,0.72416276,27.257778,33.526234,37.85637,29.755135,22.911283,31.920973,29.53094,28.420532,29.160444,32.46614,40.91299,37.33182,33.832855,40.656628,44.379654,2.6364882,2.0351696,6.3016944,7.5644364,1382.56,117.89916,-0.07910156,0.5507926,-0.004394531,0,15,0.6159758,0.42904508,0.33907238,0.22639552,0.6698816,1.1300567,2.184291,19.167892,16.718899,17.555,16.929838,19.561073,21.856007,18.653942,18.350674,20.765808,17.427668,18.586697,16.026548,22.219278,22.17064,20.6962,19.355267,18.865835,17.406958,15.962394,17.531069,18.53697,19.487442,16.590322,17.729202,16.301058,15.347007,16.58293,17.587118,16.234913,17.82052,15.323861,16.45564,15.343722,14.9011135,15.6163845,15.780266,15.580199,17.140356,16.741781,15.6483345,15.615249,16.110434,15.3861,16.414204,15.707367,15.88031,15.912992,15.784125,1.0212306,2.3358288,6.9330654,0.7992454,30.392006,30.725956,39.122406,18.634665,19.698977,17.768713,16.456772,15.871976,15.860951,56.11
4446095.34,658050.5379,123.09873,1.3020653,0.7132297,27.242992,33.523064,37.86084,29.881899,22.965559,32.312828,29.5495,28.660965,29.383352,33.338722,40.570354,37.42774,33.59942,40.304153,43.422886,2.597083,2.0304282,6.263458,7.5487432,1382.52,111.49032,-0.040039062,0.508302,-0.002197266,0,15,0.6198605,0.432042,0.33320197,0.22561052,0.6610722,1.0854105,2.1910326,18.566591,16.152346,16.822876,16.315731,18.975298,21.357878,17.932333,17.724627,20.571005,17.213625,18.414274,15.90285,21.977629,21.986069,20.40602,19.158688,18.862772,17.403894,15.962394,17.531069,18.534288,19.487442,16.590322,17.727833,15.181536,14.178728,15.596052,16.534622,15.783743,17.046133,14.408554,15.535081,14.869178,14.308637,15.146704,15.370712,15.049161,16.47986,16.211847,15.129905,15.247935,15.734309,15.029914,15.956641,15.593528,15.590517,15.5819235,15.448163,1.0076475,2.3137555,6.9061003,0.7926043,30.383028,30.931164,38.999046,18.01758,19.495924,17.767454,15.532767,15.348014,15.533538,56.11
4446095.34,658055.4178,126.0559,1.2692244,0.7031299,27.664843,33.71919,37.78779,29.871363,22.976545,32.693363,29.327364,29.107038,30.006853,34.802063,40.100266,37.519306,33.262573,39.795326,41.93748,2.5531852,2.0057824,6.2322903,7.5229416,1382.48,103.66648,0.03955078,0.54540473,0.002197266,0,15,0.6198605,0.432042,0.33320197,0.22561052,0.6610722,1.0854105,2.1910326,18.590206,16.126017,17.343891,16.04133,18.37334,21.405575,18.62099,17.765392,20.891972,17.045742,18.699862,16.065361,22.242197,22.984022,20.589615,19.42392,18.330624,16.577038,16.787704,16.121191,19.033958,19.071104,16.652468,17.432663,16.177664,15.610857,15.808409,15.026181,15.681668,17.591356,15.02211,15.813126,15.0499935,14.12054,15.069391,13.847615,14.630496,15.504263,16.568699,14.698942,14.800328,16.258389,15.445925,16.336163,15.353683,16.159641,16.157642,15.682607,0.98617715,2.2794838,6.877616,0.7926043,30.692017,31.010365,38.809784,18.071623,19.788395,17.510584,15.845464,14.970143,15.787395,56.11
4446095.34,658060.2976,111.63183,1.2134613,0.6958728,27.306332,32.86713,37.51844,29.818996,23.07439,33.268036,30.481705,30.038021,31.066372,36.856773,39.557594,37.098885,32.941113,38.80735,39.927746,2.4814754,1.9558961,6.2075095,7.5026546,1382.43,100.7644,0.041015625,0.61224425,0.001220703,0,15,0.6198605,0.432042,0.33320197,0.22561052,0.6610722,1.0854105,2.1910326,19.39333,17.164814,17.954885,17.127537,19.405315,22.312197,20.159836,18.729128,20.807089,16.662241,18.463284,15.44821,21.665934,22.919521,21.41393,19.247513,17.748304,16.646227,16.826223,16.638653,17.693636,20.360186,16.636873,17.395103,15.339402,15.425123,16.172703,14.825346,15.487174,18.540625,14.54235,15.9142,13.487589,14.433549,14.553561,14.211359,14.801131,16.93355,16.319525,14.747573,15.20265,15.762656,14.957705,15.615051,15.492905,15.752065,16.46451,15.436548,0.95466703,2.2186856,6.855082,0.7926043,30.086731,31.87487,38.32824,19.073988,19.625744,17.507156,15.761818,14.962895,15.6067915,56.11
4446095.34,658065.1774,104.2374,1.200532,0.6878847,27.321095,32.863426,37.496567,29.705015,23.160389,33.663063,30.54445,30.561827,32.20594,39.11973,39.085735,37.057644,32.453876,37.936054,37.699722,2.439855,1.9523933,6.184419,7.4636316,1382.37,101.79685,-0.12011719,0.6294515,-0.006713867,0,15,0.6198605,0.432042,0.33320197,0.22561052,0.6610722,1.0854105,2.1910326,19.39333,17.164814,17.954885,17.127537,19.405315,22.312197,20.159836,18.729128,20.807089,16.662241,18.463284,15.44821,21.665934,22.919521,21.41393,19.247513,17.748304,16.646227,16.826223,16.638653,17.693636,20.360186,16.636873,17.395103,15.339402,15.425123,16.172703,14.825346,15.487174,18.540625,14.54235,15.9142,13.374061,14.457942,14.52191,14.261176,14.658201,16.73982,16.132076,14.6850395,15.171463,15.703557,14.917449,15.583725,15.475923,15.707526,16.438883,15.40093,0.9442083,2.196124,6.824025,0.7926043,30.09226,32.103756,38.07169,19.073988,19.625744,17.507156,15.761818,14.877884,15.5712185,56.11
4446090.357,657923.6623,96.89728,1.3057426,1.4244788,26.446877,30.043331,27.656523,23.059477,22.112822,44.7418,36.71165,35.68146,42.124954,43.071564,28.83773,32.687843,35.77603,35.323288,34.428867,2.5929017,2.0595434,7.1974144,8.072219,1383.87,62.222115,0,1.2300404,0.002197266,0,15,0.593298,0.3916583,0.2913826,0.2344026,0.6675607,0.8287028,1.5345412,20.030107,16.087944,17.110586,16.24725,18.47091,20.587177,18.01766,17.907135,23.22594,17.676367,20.418236,17.13174,23.489391,24.114887,23.974428,20.90371,21.574713,19.112764,21.152666,18.812618,22.686895,24.62639,24.239664,21.347218,21.156551,19.507385,21.06335,20.674911,20.596287,22.68306,21.593262,20.989048,16.970963,16.058514,15.619072,15.22615,16.018414,17.281237,17.695738,16.287916,17.512617,17.781422,17.87494,17.26249,17.376507,17.794258,18.990751,17.689146,1.3651106,2.3262224,7.6348166,0.6487923,28.245104,40.726723,30.762787,18.078806,21.432999,21.743671,21.039259,16.410013,17.798998,56.11
4446090.357,657928.5421,97.96018,1.3338443,1.3920255,26.7859,29.774492,28.29352,23.302618,22.306507,45.37239,36.89021,35.814564,42.043495,42.604275,28.317146,32.53585,34.983894,35.137733,34.65755,2.6213531,2.0772672,7.1979017,8.045053,1383.77,68.5613,0,1.2153974,-0.003295898,0,15,0.593298,0.3916583,0.2913826,0.2344026,0.6675607,0.8287028,1.5345412,19.927828,16.630507,17.04,15.940804,19.19898,20.375196,18.094393,17.97016,23.323221,18.721054,20.472351,17.153957,23.466772,24.817715,24.378782,21.27219,23.739578,19.530035,20.13399,18.98299,22.202393,25.709368,23.917448,21.536182,21.258406,19.459381,20.167204,20.580492,20.093056,22.932985,22.864946,20.75548,16.035465,15.662336,14.985827,14.707917,15.968177,16.543762,17.511713,15.675307,17.3476,18.298283,17.180706,17.046194,17.186266,18.181358,19.1492,17.588833,1.3629348,2.3493102,7.621477,0.6487923,28.280197,41.1313,30.426498,18.17253,21.761978,22.030828,21.050924,15.916456,17.769943,56.11
4446090.357,657933.4219,104.84643,1.3413683,1.3538669,26.899784,29.644814,29.167393,23.656626,22.793188,45.05144,36.767258,35.773586,41.40153,42.08839,28.753214,32.784958,34.451015,35.477093,35.15911,2.6446385,2.07741,7.135791,7.9878755,1383.67,76.68464,-0.07910156,1.118925,-0.006591797,0,15,0.597189,0.42656675,0.3315261,0.2235264,0.68104637,1.1328645,2.191806,19.927828,16.630507,17.04,15.940804,19.19898,20.375196,18.094393,17.97016,23.323221,18.721054,20.472351,17.153957,23.466772,24.817715,24.378782,21.27219,23.739578,19.530035,20.13399,18.98299,22.202393,25.709368,23.917448,21.536182,21.258406,19.459381,20.167204,20.580492,20.093056,22.932985,22.864946,20.75548,16.035465,15.662336,14.985827,14.707917,15.968177,16.543762,17.511713,15.675307,17.3476,18.298283,17.180706,17.046194,17.186266,18.181358,19.1492,17.588833,1.3476176,2.3610244,7.5618334,0.7977893,28.272299,40.909348,30.769085,18.17253,21.761978,22.030828,21.050924,15.916456,17.769943,56.11
4446090.357,657938.3018,106.03339,1.3511393,1.3008755,27.004375,30.43712,30.368847,24.02134,22.884478,43.824757,35.620556,34.318573,40.450214,41.863228,30.090134,33.4535,34.900723,36.18502,35.440353,2.6801078,2.0793881,7.0050426,7.9261007,1383.57,83.29434,-0.32080078,0.98071903,-0.017822266,0,15,0.597189,0.42656675,0.3315261,0.2235264,0.68104637,1.1328645,2.191806,19.874044,16.865997,17.001352,15.432587,18.38969,19.645245,17.956423,17.646938,22.69299,18.508121,20.511206,17.117105,24.132164,24.52461,24.63805,21.235777,22.964441,20.669842,19.921757,20.273844,23.168232,25.922321,23.737608,21.980467,20.555212,20.869448,21.056217,20.734735,19.581211,22.700869,21.47881,20.855633,16.52679,14.904164,15.443572,14.430862,16.364449,16.07063,17.136232,15.603907,17.412659,18.548168,17.188772,17.376179,18.603558,18.047121,18.035702,17.847452,1.3260074,2.3797479,7.4655714,0.7977893,28.720749,39.722656,31.771816,17.880764,21.732037,22.37972,20.996643,15.839528,17.887451,56.11
4446090.357,657943.1816,95.848206,1.3639648,1.2368836,27.000921,30.444778,31.666061,24.42369,22.90832,42.351196,35.103607,33.22689,39.417942,41.60386,31.672668,34.18576,35.031845,36.715122,35.77909,2.7160673,2.0827892,6.8513966,7.8559113,1383.51,86.192116,0.16015625,0.86088794,0.004516602,0,15,0.597189,0.42656675,0.3315261,0.2235264,0.68104637,1.1328645,2.191806,19.874044,16.865997,17.001352,15.432587,18.38969,19.645245,17.956423,17.646938,22.69299,18.508121,20.511206,17.117105,24.132164,24.52461,24.63805,21.235777,22.964441,20.669842,19.921757,20.273844,23.168232,25.922321,23.737608,21.980467,20.555212,20.869448,21.056217,20.734735,19.581211,22.700869,21.47881,20.855633,16.52679,14.904164,15.443572,14.430862,16.364449,16.07063,17.136232,15.603907,17.412659,18.548168,17.188772,17.376179,18.603558,18.047121,18.035702,17.847452,1.3004242,2.3994284,7.353654,0.7977893,28.72285,38.7274,32.929214,17.880764,21.732037,22.37972,20.996643,15.839528,17.887451,56.11
4446090.357,657948.0614,96.58689,1.3780453,1.1681651,27.002417,30.44558,33.046387,24.818571,22.977962,40.854618,34.683067,31.96829,38.410736,41.290962,33.252556,34.92532,35.122257,37.209167,36.16755,2.7588768,2.0853407,6.6960416,7.781758,1383.43,85.006966,-0.0390625,0.8196173,-0.002197266,0,15,0.597189,0.42656675,0.3315261,0.2235264,0.68104637,1.1328645,2.191806,19.002201,16.830866,16.938509,15.62784,18.504673,20.002691,17.319347,17.616877,23.203264,18.61109,20.639938,17.304869,23.908401,24.233585,23.782246,21.163618,21.99309,20.844938,19.460482,20.73488,23.047781,24.232388,21.802828,21.382338,20.39599,21.548351,20.519474,21.557898,19.556152,21.926958,19.59256,20.712942,15.7464905,15.027968,15.56619,14.5021715,16.43031,16.373808,16.026564,15.54318,16.566904,17.509022,17.24074,17.711432,17.92161,17.821104,17.773672,17.434969,1.2731051,2.4221087,7.2388997,0.7977893,28.723999,37.768845,34.088936,17.746588,21.669056,21.730911,20.728197,15.667644,17.506355,56.11
4446090.357,657952.9413,99.225876,1.3882213,1.0996255,26.933306,31.300398,34.453743,25.286726,23.10835,39.357624,33.792862,30.80767,37.214867,40.79107,34.85474,35.58362,35.035698,37.97717,36.83363,2.797344,2.0973525,6.5337796,7.7029037,1383.36,86.50634,-0.12060547,0.70295566,-0.006713867,0,15,0.597189,0.42656675,0.3315261,0.2235264,0.68104637,1.1328645,2.191806,18.476048,16.391598,16.802435,15.743493,18.67019,20.1869,17.839598,17.606192,22.607899,18.366598,21.121984,16.880308,24.103712,24.529316,23.287216,21.147764,22.86497,20.031317,20.828257,21.03739,23.51257,24.559525,24.096142,21.953663,20.709665,21.548822,20.7237,21.243973,19.221558,24.139261,20.15771,21.110682,16.186676,15.393267,15.781336,14.88178,16.257448,17.047024,16.936478,15.932464,16.68211,17.722769,17.285608,17.915949,17.403103,18.229652,17.869303,17.55355,1.2439234,2.447348,7.1183414,0.7977893,29.116852,36.57524,35.219177,17.730038,21.556719,22.418596,21.106384,16.069143,17.586927,56.11
4446090.357,657957.8211,93.636375,1.3971447,1.0389774,26.623386,31.629984,35.754906,25.732018,22.973429,37.937984,33.64394,29.78145,36.19998,40.084553,36.355076,35.885376,34.935314,38.370964,37.59923,2.8258631,2.0934901,6.3933096,7.634938,1383.31,91.33373,0.080566406,0.61597484,0.001098633,0,15,0.597189,0.42656675,0.3315261,0.2235264,0.68104637,1.1328645,2.191806,18.476048,16.391598,16.802435,15.743493,18.67019,20.1869,17.839598,17.606192,22.607899,18.366598,21.121984,16.880308,24.103712,24.529316,23.287216,21.147764,22.86497,20.031317,20.828257,21.03739,23.51257,24.559525,24.096142,21.953663,20.709665,21.548822,20.7237,21.243973,19.221558,24.139261,20.15771,21.110682,16.186676,15.393267,15.781336,14.88178,16.257448,17.047024,16.936478,15.932464,16.68211,17.722769,17.285608,17.915949,17.403103,18.229652,17.869303,17.55355,1.218061,2.4596767,7.014124,0.7977893,29.126686,35.790962,36.120224,17.730038,21.556719,22.418596,21.106384,16.069143,17.586927,56.11
4446090.357,657962.7009,86.36098,1.4011029,0.99452096,26.656397,31.638727,36.61005,26.297379,22.95922,36.37837,33.16485,28.91776,34.856762,38.771664,37.67628,36.408566,35.177505,39.01341,38.863316,2.8543139,2.0941591,6.32816,7.6053915,1383.25,92.862404,-0.16015625,0.5742146,-0.006713867,0,15,0.6129544,0.43196562,0.33178216,0.22889377,0.6817149,1.0713706,2.1701522,17.975079,15.498876,16.526546,15.437262,18.58403,21.00345,17.594755,17.363955,21.09588,18.016867,20.739983,16.555553,23.051086,23.159962,23.01176,20.39941,22.35876,19.260515,20.467602,19.293139,23.367819,23.762388,23.920208,21.352566,19.235338,19.433426,18.940142,19.912188,19.90353,21.301239,19.843153,19.807238,14.91984,14.960356,15.427777,14.979094,16.096651,16.454348,16.75038,15.581127,15.875631,15.962027,16.669508,16.359415,16.039764,16.978529,16.058504,16.2682,1.197812,2.4742365,6.966776,0.78983337,29.147562,34.771606,37.042423,17.517141,20.804441,21.775776,19.795574,15.655492,16.277624,56.11
4446090.357,657967.5808,81.885864,1.393353,0.96253693,26.755098,31.712332,37.216637,26.993746,22.864435,34.88821,32.819187,28.319925,33.27375,36.99244,38.765503,36.602093,35.264908,39.804127,40.50931,2.8656893,2.0815442,6.324283,7.609771,1383.21,96.01667,0.079589844,0.54713947,0.002197266,0,15,0.6129544,0.43196562,0.33178216,0.22889377,0.6817149,1.0713706,2.1701522,18.13225,15.0684185,16.679062,16.124731,17.674147,20.09841,17.539976,17.207655,21.34259,17.899918,20.259447,16.81998,23.399021,24.13136,23.326443,20.583244,22.236263,19.630564,20.872068,19.128635,21.74827,24.635435,21.453997,21.134768,17.57845,16.647467,17.825819,15.906052,17.845972,19.633974,17.500868,17.583288,14.386229,14.785308,16.108976,14.568271,15.964636,16.3775,16.836718,15.412164,16.649822,17.207647,16.608978,17.281042,14.675894,16.850266,16.253683,16.446959,1.1779449,2.4736166,6.9670267,0.78983337,29.233715,33.8537,37.6838,17.331,21.025537,21.386461,17.562656,15.5753765,16.503904,56.11
4446090.357,657972.4606,89.04359,1.3976402,0.93439615,26.802843,31.722778,37.7216,27.734573,22.86105,33.48115,32.42539,27.701136,31.680187,35.10215,39.745224,36.865154,35.49684,40.502285,42.24613,2.889261,2.0818288,6.328415,7.608819,1383.16,101.32339,0.000488281,0.58416915,0.002319336,0,15,0.6129544,0.43196562,0.33178216,0.22889377,0.6817149,1.0713706,2.1701522,18.13225,15.0684185,16.679062,16.124731,17.674147,20.09841,17.539976,17.207655,21.34259,17.899918,20.259447,16.81998,23.399021,24.13136,23.326443,20.583244,22.236263,19.630564,20.872068,19.128635,21.74827,24.635435,21.453997,21.134768,17.57845,16.647467,17.825819,15.906052,17.845972,19.633974,17.500868,17.583288,14.386229,14.785308,16.108976,14.568271,15.964636,16.3775,16.836718,15.412164,16.649822,17.207647,16.608978,17.281042,14.675894,16.850266,16.253683,16.446959,1.1660182,2.485545,6.968617,0.78983337,29.26281,32.95327,38.30519,17.331,21.025537,21.386461,17.562656,15.5753765,16.503904,56.11
4446090.357,657977.3404,90.186386,1.4011993,0.9048266,26.849411,31.732298,38.20988,28.468546,22.837246,32.14636,32.047073,27.082958,30.127043,33.22456,40.666103,37.14411,35.72954,41.17773,44.03018,2.9090548,2.0820136,6.33059,7.608074,1383.11,109.34808,0,0.5620547,-0.001098633,0,15,0.6129544,0.43196562,0.33178216,0.22889377,0.6817149,1.0713706,2.1701522,18.88049,15.207549,17.441065,15.791877,17.313154,20.122183,17.886337,17.419386,22.232393,18.19205,20.723204,16.80665,23.51267,23.063492,22.851843,20.6287,21.130554,17.998556,19.823635,18.959242,21.187555,23.091997,21.752506,20.185053,16.644104,16.107143,17.438604,17.206394,17.43659,17.758213,18.489962,17.111826,15.588597,14.383187,15.702278,15.1373005,15.969376,15.362349,16.276272,15.374976,16.193972,16.145638,16.260529,16.431927,15.467138,16.187786,17.07238,16.121845,1.153013,2.4955342,6.9693317,0.78983337,29.290855,32.096718,38.905106,17.52038,21.054615,20.563435,17.297287,15.48848,16.251337,56.11
4446090.357,657982.2203,86.9696,1.3945186,0.874621,26.948692,32.265755,38.642128,29.161543,22.796745,30.78973,31.128922,26.456656,28.654638,31.425192,41.629517,37.589447,36.080616,41.84961,45.84739,2.9387395,2.1301756,6.3258467,7.6040363,1383.07,114.67433,0.119140625,0.5830181,0.006591797,0,15,0.6129544,0.43196562,0.33178216,0.22889377,0.6817149,1.0713706,2.1701522,18.422693,15.276654,17.601002,15.516954,17.687313,19.925617,17.04678,17.279222,22.111801,18.308386,20.236046,16.938183,22.392668,23.85679,21.834911,20.393179,21.978712,17.76994,18.14105,18.293001,21.021345,23.39062,20.910648,19.851114,17.457895,16.11176,17.09279,16.41969,17.942226,18.724134,17.23831,17.12814,15.657176,14.7404995,15.9718,15.072532,16.061842,15.879755,16.033842,15.552076,16.444166,16.040354,16.242323,16.83226,15.584604,16.286482,17.354326,16.210365,1.1345698,2.5344577,6.9649415,0.78983337,29.607224,30.959326,39.60948,17.35386,20.811255,20.215044,17.28383,15.631064,16.397787,56.11
4446090.357,657987.1001,76.75498,1.3945186,0.874621,26.948692,32.265755,38.642128,29.161543,22.796745,30.78973,31.128922,26.456656,28.654638,31.425192,41.629517,37.589447,36.080616,41.84961,45.84739,2.9387395,2.1301756,6.3258467,7.6040363,1383.07,114.67433,0.119140625,0.5830181,0.006591797,0,15,0.6129544,0.43196562,0.33178216,0.22889377,0.6817149,1.0713706,2.1701522,18.422693,15.276654,17.601002,15.516954,17.687313,19.925617,17.04678,17.279222,22.111801,18.308386,20.236046,16.938183,22.392668,23.85679,21.834911,20.393179,21.978712,17.76994,18.14105,18.293001,21.021345,23.39062,20.910648,19.851114,17.457895,16.11176,17.09279,16.41969,17.942226,18.724134,17.23831,17.12814,15.657176,14.7404995,15.9718,15.072532,16.061842,15.879755,16.033842,15.552076,16.444166,16.040354,16.242323,16.83226,15.584604,16.286482,17.354326,16.210365,1.1345698,2.5344577,6.9649415,0.78983337,29.607224,30.959326,39.60948,17.35386,20.811255,20.215044,17.28383,15.631064,16.397787,56.11
4446090.357,657991.9799,85.03141,1.3911698,0.84545964,26.981384,32.66357,39.1417,29.750143,22.78196,29.715221,30.30168,25.806774,27.382334,29.838346,42.389984,38.01826,36.06088,42.449917,47.52146,2.9404953,2.1293666,6.31869,7.595863,1383.01,110.22656,-0.15966797,0.58006954,-0.008911133,0,15,0.60678697,0.42646343,0.33252323,0.22905347,0.67388016,1.0472594,2.1726317,18.422693,15.276654,17.601002,15.516954,17.687313,19.925617,17.04678,17.279222,22.111801,18.308386,20.236046,16.938183,22.392668,23.85679,21.834911,20.393179,21.978712,17.76994,18.14105,18.293001,21.021345,23.39062,20.910648,19.851114,17.457895,16.11176,17.09279,16.41969,17.942226,18.724134,17.23831,17.12814,15.657176,14.7404995,15.9718,15.072532,16.061842,15.879755,16.033842,15.552076,16.444166,16.040354,16.242323,16.83226,15.584604,16.286482,17.354326,16.210365,1.1183147,2.534931,6.9572763,0.78408545,29.822477,30.00845,40.204124,17.35386,20.811255,20.215044,17.28383,15.631064,16.397787,56.11
4446090.357,657996.8598,87.23255,1.3958464,0.8191395,27.112646,32.534523,39.242233,29.998592,22.766891,29.111576,29.875544,25.68055,26.767864,28.937307,42.825745,38.29828,36.236282,42.71671,48.41444,2.9356701,2.117143,6.3267865,7.5973597,1382.97,101.32531,-0.040527344,0.51106644,-0.002319336,0,15,0.60678697,0.42646343,0.33252323,0.22905347,0.67388016,1.0472594,2.1726317,19.045485,15.395944,16.841751,14.971758,18.430012,19.34163,16.907398,17.211622,22.137434,18.46344,20.31892,16.705393,22.61173,24.021465,22.170147,20.52243,21.47486,18.576265,18.588293,19.095697,22.633797,24.652172,22.69035,20.805597,18.218662,16.139856,17.89089,17.504679,18.339432,19.08668,17.542994,17.740643,15.475632,14.527331,16.648596,15.249465,16.00277,16.156862,16.022133,15.665596,16.363815,15.878664,16.32718,15.690875,16.12125,17.047611,17.354664,16.221048,1.1074929,2.5264065,6.9620733,0.78408545,29.823586,29.49356,40.56201,17.276281,20.918364,21.101635,17.817598,15.726112,16.39772,56.11
4446090.357,658001.7396,86.65234,1.4016931,0.8044741,27.163252,33.12794,39.332695,29.800108,22.660116,28.940535,28.786366,25.344337,26.867346,28.807262,43.014786,38.563896,36.258514,42.905323,48.432945,2.9250197,2.1296155,6.34548,7.5944667,1382.93,100.72694,0.080566406,0.539211,0.003417969,0,15,0.60678697,0.42646343,0.33252323,0.22905347,0.67388016,1.0472594,2.1726317,18.093977,15.918242,16.835932,15.878374,17.012352,18.723476,16.778751,16.927116,21.757198,17.542454,20.01399,16.672047,23.167257,24.071411,22.036701,20.381514,20.222208,17.430906,17.688425,20.409273,21.355919,25.031595,22.554346,20.327976,17.139067,17.650625,18.46561,18.838486,17.949759,19.921528,16.643824,18.158485,15.471708,15.047188,16.37619,15.103842,16.344576,15.932526,16.279343,15.672098,16.068275,16.48623,16.244041,16.804358,16.046852,17.057276,17.297308,16.405624,1.1030836,2.5273175,6.9699736,0.78408545,30.145596,28.86345,40.78934,17.034443,20.751581,20.670382,18.086985,15.793625,16.572048,56.11
4446090.357,658006.6194,70.14481,1.3996367,0.7966454,27.226168,33.27205,39.294514,29.417313,22.585155,29.118416,28.672676,25.542507,27.249527,28.974081,42.909023,38.212696,35.999474,43.089504,48.255394,2.903695,2.1280773,6.363398,7.5934205,1382.88,111.501434,-0.080078125,0.5085287,-0.003295898,0,15,0.60678697,0.42646343,0.33252323,0.22905347,0.67388016,1.0472594,2.1726317,18.093977,15.918242,16.835932,15.878374,17.012352,18.723476,16.778751,16.927116,21.757198,17.542454,20.01399,16.672047,23.167257,24.071411,22.036701,20.381514,20.222208,17.430906,17.688425,20.409273,21.355919,25.031595,22.554346,20.327976,17.139067,17.650625,18.46561,18.838486,17.949759,19.921528,16.643824,18.158485,15.471708,15.047188,16.37619,15.103842,16.344576,15.932526,16.279343,15.672098,16.068275,16.48623,16.244041,16.804358,16.046852,17.057276,17.297308,16.405624,1.0981411,2.5158863,6.9784093,0.78408545,30.249107,28.895546,40.56086,17.034443,20.751581,20.670382,18.086985,15.793625,16.572048,56.11
4446090.357,658011.4993,86.63264,1.3917656,0.7820987,27.220055,33.27726,39.211952,29.031788,22.585321,29.443083,28.76484,25.859562,27.76023,29.2129,42.704525,37.879047,35.765015,43.01389,47.99815,2.87378,2.1251252,6.3854585,7.599029,1382.85,116.57379,0.15966797,0.51240844,0.008911133,0,15,0.60678697,0.42646343,0.33252323,0.22905347,0.67388016,1.0472594,2.1726317,18.220867,15.683162,16.18653,15.728505,16.676914,19.457964,16.121342,16.759943,22.181316,17.612015,19.417376,16.688902,23.056839,22.949102,22.493855,20.232466,21.237432,21.404613,18.854055,19.728855,20.511288,23.445322,22.715712,20.826952,17.506804,18.243523,17.269299,17.615635,17.755798,18.34894,18.360088,17.825796,16.439188,14.873361,15.854767,15.217546,15.717009,15.678388,16.133486,15.545166,15.912442,16.473017,15.356537,16.693623,15.63583,16.689432,16.549458,16.040407,1.0869322,2.4994526,6.992244,0.78408545,30.248657,29.103962,40.291786,16.867899,20.628489,21.128183,17.87144,15.701964,16.187193,56.11
4446090.357,658016.3791,103.009,1.3838184,0.76722944,27.213688,33.281563,39.150986,28.66722,22.57712,29.76515,28.854101,26.16554,28.28231,29.495316,42.506542,37.592594,35.523598,42.914467,47.731934,2.8434777,2.1222205,6.3986626,7.6016173,1382.8,115.90559,-0.0390625,0.5570917,0,0,15,0.60678697,0.42646343,0.33252323,0.22905347,0.67388016,1.0472594,2.1726317,17.902597,15.7670355,16.44057,14.955256,16.81263,19.771322,15.872321,16.691944,22.136992,17.230894,19.841984,16.678354,23.30009,23.332653,23.255798,20.358656,21.540394,19.770315,19.79381,19.139338,20.853233,24.744791,21.661922,20.816715,18.718885,17.385036,18.529282,17.928682,18.271044,19.219604,18.069317,18.325632,15.796907,14.910226,16.090345,14.978173,15.72015,15.979028,16.662153,15.6219635,15.769435,15.55126,16.111897,16.372398,15.276586,17.276295,16.85603,16.012455,1.0755239,2.4828491,7.00014,0.78408545,30.247625,29.309626,40.04957,16.78882,20.825253,21.071972,18.30312,15.733855,16.173414,56.11
4446090.357,658021.2589,107.0174,1.373157,0.75449055,27.200111,33.67703,39.05113,28.385105,22.468718,30.053497,28.820347,26.238031,28.689655,29.824833,42.34704,37.291595,35.54643,42.95044,47.48244,2.815183,2.115739,6.404689,7.6009436,1382.76,120.45926,0.080078125,0.56531876,0.002197266,0,15,0.6159758,0.42904508,0.33907238,0.22639552,0.6698816,1.1300567,2.184291,18.995754,16.042242,16.762812,15.347039,18.667141,21.158085,16.91097,17.547813,21.539026,16.27033,19.308214,15.987183,22.829315,22.867126,22.788435,19.738451,18.49207,18.115452,17.820623,16.620344,18.53484,20.083714,17.59827,18.064127,18.113115,15.448885,17.233145,15.957659,17.189156,18.807455,16.903631,17.039143,16.074646,15.326829,16.333364,15.394774,15.923876,16.350725,16.801022,15.918824,15.769435,15.55126,16.111897,16.372398,15.276586,17.276295,16.85603,16.012455,1.0638238,2.465461,7.002816,0.7992454,30.43857,29.436922,39.819317,17.69772,20.22709,18.180758,17.093292,16.029318,16.173414,56.11
4446090.357,658026.1388,126.89718,1.3529203,0.7484314,27.249897,33.74276,38.893677,28.408554,22.63456,30.375902,28.571514,26.557661,28.867897,30.211058,42.13466,37.403343,35.16211,42.745186,47.026245,2.7640817,2.0832863,6.3975244,7.587359,1382.71,122.91889,-0.12060547,0.5800868,-0.005615234,0,15,0.6159758,0.42904508,0.33907238,0.22639552,0.6698816,1.1300567,2.184291,18.503815,16.830063,16.111866,15.014542,18.095915,20.2004,17.404047,17.208324,21.968966,16.78104,19.221642,16.45046,22.905418,22.515041,23.043308,19.93085,18.803534,16.53678,18.984007,17.771872,18.716566,19.860434,15.775996,18.040104,17.218342,14.98754,17.269,15.487816,16.753157,16.131197,13.948144,16.065866,15.124143,16.083265,15.910852,14.178494,15.839646,15.793739,16.235767,15.450801,16.483557,15.975386,16.263601,15.510835,15.234747,16.110434,17.097076,15.902868,1.0506759,2.4236841,6.9924417,0.7992454,30.496328,29.47371,39.769,17.45152,20.412268,18.064169,15.970742,15.59513,16.09652,56.11
4446090.357,658031.0186,127.96181,1.3395935,0.74231464,27.54361,34.203636,38.590744,28.560555,22.612667,30.665709,28.495218,26.978548,28.968632,30.724728,41.884663,37.239056,34.88196,42.448467,46.569626,2.727429,2.053017,6.3871217,7.588465,1382.67,120.47094,-0.0390625,0.56477803,-0.003295898,0,15,0.6159758,0.42904508,0.33907238,0.22639552,0.6698816,1.1300567,2.184291,19.134367,17.345333,16.067009,15.162572,18.112495,20.354984,16.924196,17.38918,21.329496,17.271376,19.3442,16.37298,22.996008,21.140656,22.068422,19.575104,18.911072,15.728363,17.143635,17.500599,19.693754,17.99188,15.783485,17.490862,17.708876,16.41374,17.072197,15.820448,17.653965,16.363829,13.910051,16.55358,15.573652,16.041298,16.340168,14.650886,15.289127,16.215452,16.32915,15.650337,16.409063,16.77181,16.238977,16.188272,15.328921,16.172289,16.714521,16.089615,1.0409541,2.390223,6.9877934,0.7992454,30.873623,29.580463,39.56186,17.58585,20.074736,17.536114,16.420443,15.777104,16.26055,56.11
4446090.357,658035.8984,131.25488,1.3236922,0.73384064,27.523163,34.196106,38.223366,28.840048,22.807133,31.081215,28.99704,27.522533,29.089342,31.241323,41.582344,37.00909,34.71834,41.70303,45.94004,2.6907973,2.0525918,6.371596,7.591656,1382.63,115.8982,0.040039062,0.5576399,0,0,15,0.6159758,0.42904508,0.33907238,0.22639552,0.6698816,1.1300567,2.184291,20.491728,18.113672,16.988365,15.625325,19.268703,21.423203,18.45067,18.322042,21.182657,17.183212,19.26398,16.37298,22.898674,21.017817,21.981182,19.491587,18.968868,15.79757,17.18312,17.543076,19.73324,18.017223,15.830714,17.53758,17.707626,16.405087,17.075678,15.8302965,17.657438,16.363834,13.910348,16.5548,15.562894,16.019781,16.321342,14.618613,15.275009,16.215452,16.318392,15.633515,16.409063,16.77181,16.237335,16.188272,15.327279,16.172289,16.714521,16.089056,1.0287664,2.3716946,6.981626,0.7992454,30.859634,30.039127,39.295715,18.623095,19.985785,17.581972,16.421473,15.761641,16.260082,56.11
4446090.357,658040.7783,140.622,1.2909758,0.72252715,27.620886,35.040882,38.17105,29.095928,22.79565,31.441055,28.444561,27.438318,29.024279,31.770895,41.28684,37.161533,34.682514,41.504,45.35709,2.6505654,2.096663,6.3395596,7.5874243,1382.58,113.22754,-0.12060547,0.545313,-0.006713867,0,15,0.6159758,0.42904508,0.33907238,0.22639552,0.6698816,1.1300567,2.184291,20.361727,17.350986,17.57911,17.01109,19.474476,20.960138,18.756348,18.486061,20.632036,17.136591,19.279245,15.6968975,22.182556,21.912464,21.14216,19.326601,18.30483,16.125027,16.728243,17.012707,19.056435,19.510454,16.75515,17.578184,16.714167,15.360621,17.016525,17.161375,17.032291,17.295399,14.552711,16.506516,14.891992,15.479957,16.25963,16.030008,15.535441,16.674377,15.877437,15.760181,16.3895,17.173285,16.379892,16.628294,15.710529,16.62911,16.350521,16.38181,1.0067515,2.3736143,6.963492,0.7992454,31.330883,29.942808,39.224186,18.784838,19.71171,17.641834,16.447582,15.821261,16.465876,56.11
4446090.357,658045.6581,120.317696,1.2772148,0.71298754,27.603693,35.03678,38.26385,29.268534,22.834555,31.832054,28.452948,27.584845,28.989391,32.25866,40.960762,37.310154,34.492844,41.292202,44.738266,2.6164086,2.0933805,6.30198,7.5769925,1382.54,111.83358,-0.079589844,0.46261343,-0.006591797,0,15,0.6159758,0.42904508,0.33907238,0.22639552,0.6698816,1.1300567,2.184291,18.566591,16.152346,16.822876,16.315731,18.975298,21.357878,17.932333,17.724627,20.571005,17.213625,18.414274,15.90285,21.977629,21.986069,20.40602,19.158688,18.862772,17.403894,15.962394,17.531069,18.534288,19.487442,16.590322,17.727833,15.181536,14.178728,15.596052,16.534622,15.783743,17.046133,14.408554,15.535081,14.869178,14.308637,15.146704,15.370712,15.049161,16.47986,16.211847,15.129905,15.247935,15.734309,15.029914,15.956641,15.593528,15.590517,15.5819235,15.448163,0.99510115,2.3548946,6.9394865,0.7992454,31.320236,30.142502,39.13546,18.01758,19.495924,17.767454,15.532767,15.348014,15.533538,56.11
4446090.357,658050.5379,129.62021,1.2737732,0.70111936,27.361454,34.38248,38.72902,29.388464,22.887827,32.328487,28.780056,27.820414,28.902836,32.71129,40.551983,37.54109,33.789608,41.12938,44.1112,2.5832329,2.0842607,6.258893,7.55861,1382.51,108.43495,0.040039062,0.45339578,0.003295898,0,15,0.6198605,0.432042,0.33320197,0.22561052,0.6610722,1.0854105,2.1910326,18.566591,16.152346,16.822876,16.315731,18.975298,21.357878,17.932333,17.724627,20.571005,17.213625,18.414274,15.90285,21.977629,21.986069,20.40602,19.158688,18.862772,17.403894,15.962394,17.531069,18.534288,19.487442,16.590322,17.727833,15.181536,14.178728,15.596052,16.534622,15.783743,17.046133,14.408554,15.535081,14.869178,14.308637,15.146704,15.370712,15.049161,16.47986,16.211847,15.129905,15.247935,15.734309,15.029914,15.956641,15.593528,15.590517,15.5819235,15.448163,0.9874463,2.333747,6.9087515,0.7926043,30.871967,30.554272,39.046535,18.01758,19.495924,17.767454,15.532767,15.348014,15.533538,56.11
4446090.357,658055.4178,122.86439,1.2354827,0.693614,27.545288,34.512825,38.595016,29.382313,22.86967,32.754917,28.89957,28.469013,29.50789,34.173798,40.086636,37.449356,33.572334,40.65675,42.588257,2.528012,2.0595834,6.22802,7.5357046,1382.47,105.54416,0.079589844,0.53502,0.004394531,0,15,0.6198605,0.432042,0.33320197,0.22561052,0.6610722,1.0854105,2.1910326,18.590206,16.126017,17.343891,16.04133,18.37334,21.405575,18.62099,17.765392,20.891972,17.045742,18.699862,16.065361,22.242197,22.984022,20.589615,19.42392,18.330624,16.577038,16.787704,16.121191,19.033958,19.071104,16.652468,17.432663,16.177664,15.610857,15.808409,15.026181,15.681668,17.591356,15.02211,15.813126,15.0499935,14.12054,15.069391,13.847615,14.630496,15.504263,16.568699,14.698942,14.800328,16.258389,15.445925,16.336163,15.353683,16.159641,16.157642,15.682607,0.96454835,2.2937977,6.8818626,0.7926043,31.029057,30.827244,38.767998,18.071623,19.788395,17.510584,15.845464,14.970143,15.787395,56.11
4446090.357,658060.2976,113.10308,1.2077593,0.6888123,27.550114,34.250786,38.13439,29.458185,23.06908,33.12945,29.398392,29.377937,30.841387,36.791805,39.66392,37.117367,33.03074,39.437,40.018,2.479751,2.0472567,6.213596,7.505008,1382.42,101.32339,0.000488281,0.58416915,0.002319336,0,15,0.6198605,0.432042,0.33320197,0.22561052,0.6610722,1.0854105,2.1910326,19.39333,17.164814,17.954885,17.127537,19.405315,22.312197,20.159836,18.729128,20.807089,16.662241,18.463284,15.44821,21.665934,22.919521,21.41393,19.247513,17.748304,16.646227,16.826223,16.638653,17.693636,20.360186,16.636873,17.395103,15.339402,15.425123,16.172703,14.825346,15.487174,18.540625,14.54235,15.9142,13.487589,14.433549,14.553561,14.211359,14.801131,16.93355,16.319525,14.747573,15.20265,15.762656,14.957705,15.615051,15.492905,15.752065,16.46451,15.436548,0.9482858,2.263504,6.859302,0.7926043,30.90045,31.263922,38.390644,19.073988,19.625744,17.507156,15.761818,14.962895,15.6067915,56.11
4446090.357,658065.1774,109.5783,1.1959955,0.68293667,27.568375,34.248394,37.918556,29.467297,23.172453,33.48898,29.461893,30.00608,32.057182,39.36755,39.228115,37.041218,32.54069,38.425247,37.462982,2.4385118,2.0444996,6.196308,7.46477,1382.37,97.75594,0.079589844,0.6361381,0.004394531,0,15,0.6198605,0.432042,0.33320197,0.22561052,0.6610722,1.0854105,2.1910326,19.39333,17.164814,17.954885,17.127537,19.405315,22.312197,20.159836,18.729128,20.807089,16.662241,18.463284,15.44821,21.665934,22.919521,21.41393,19.247513,17.748304,16.646227,16.826223,16.638653,17.693636,20.360186,16.636873,17.395103,15.339402,15.425123,16.172703,14.825346,15.487174,18.540625,14.54235,15.9142,13.374061,14.457942,14.52191,14.261176,14.658201,16.73982,16.132076,14.6850395,15.171463,15.703557,14.917449,15.583725,15.475923,15.707526,16.438883,15.40093,0.93946606,2.2415056,6.8305387,0.7926043,30.908384,31.475437,38.134666,19.073988,19.625744,17.507156,15.761818,14.877884,15.5712185,56.11
4446085.373,657923.6623,96.25531,1.2772672,1.5288465,26.334717,29.516298,26.601345,22.726053,22.139303,45.69748,37.330154,37.0621,42.671837,42.5798,27.809416,32.301376,35.45274,35.030228,34.898067,2.5847337,2.0953293,7.3298736,8.1206665,1383.93,67.32923,0.32080078,1.2260294,0.018920898,0,15,0.5904523,0.39436832,0.29664865,0.2323382,0.66503316,0.8253858,1.5155851,20.030107,16.087944,17.110586,16.24725,18.47091,20.587177,18.01766,17.907135,23.24063,17.692081,20.433079,17.146427,23.502245,24.121717,23.976706,20.916496,21.48544,18.978851,21.074553,18.76798,22.530666,24.492477,24.061113,21.234201,20.735615,19.296919,20.510874,20.253977,20.227966,22.262121,21.172327,20.581549,16.985014,16.05926,15.624893,15.22615,16.024889,17.281609,17.70239,16.293262,17.497473,17.768959,17.86131,17.249594,17.363255,17.778723,18.975607,17.675442,1.4030569,2.3400316,7.7252703,0.6456874,27.925507,41.513817,30.055397,18.078806,21.444698,21.627298,20.637114,16.414886,17.784988,56.11
4446085.373,657928.5421,97.1708,1.3055006,1.519696,26.673298,29.248703,26.936804,22.841309,22.342497,47.20358,37.770515,37.747597,43.16493,42.140976,26.41454,31.692713,34.313667,34.510128,35.086945,2.6067514,2.112334,7.4008274,8.109773,1383.81,70.40119,-0.0390625,1.3227648,0,0,15,0.5904523,0.39436832,0.29664865,0.2323382,0.66503316,0.8253858,1.5155851,19.927828,16.630507,17.04,15.940804,19.19898,20.375196,18.094393,17.97016,23.323221,18.721054,20.472351,17.153957,23.466772,24.817715,24.378782,21.27219,23.739578,19.530035,20.13399,18.98299,22.202393,25.709368,23.917448,21.536182,21.258406,19.459381,20.167204,20.580492,20.093056,22.932985,22.864946,20.75548,16.035465,15.662336,14.985827,14.707917,15.968177,16.543762,17.511713,15.675307,17.3476,18.298283,17.180706,17.046194,17.186266,18.181358,19.1492,17.588833,1.4125984,2.3595428,7.7553,0.6456874,27.961,42.487045,29.053627,18.17253,21.761978,22.030828,21.050924,15.916456,17.769943,56.11
4446085.373,657933.4219,102.18998,1.3096433,1.4856724,26.894468,29.901588,27.779207,23.123333,22.847692,46.86036,36.9504,37.183567,42.612072,41.75678,26.860655,32.02649,34.233036,35.016113,35.487244,2.6365745,2.1134393,7.3433332,8.059289,1383.7,71.57504,-0.08105469,1.2683322,-0.004516602,0,15,0.603453,0.4267639,0.33646408,0.22115357,0.68078566,1.1058267,2.19929,19.927828,16.630507,17.04,15.940804,19.19898,20.375196,18.094393,17.97016,23.323221,18.721054,20.472351,17.153957,23.466772,24.817715,24.378782,21.27219,23.739578,19.530035,20.13399,18.98299,22.202393,25.709368,23.917448,21.536182,21.258406,19.459381,20.167204,20.580492,20.093056,22.932985,22.864946,20.75548,16.035465,15.662336,14.985827,14.707917,15.968177,16.543762,17.511713,15.675307,17.3476,18.298283,17.180706,17.046194,17.186266,18.181358,19.1492,17.588833,1.3976579,2.375007,7.701311,0.79624814,28.39803,41.90538,29.443573,18.17253,21.761978,22.030828,21.050924,15.916456,17.769943,56.11
4446085.373,657938.3018,91.978096,1.3218035,1.4103497,26.891441,29.910261,29.169476,23.526443,22.87728,44.941994,36.2853,35.791306,41.307594,41.63701,28.897322,32.955936,34.59442,35.77038,35.69478,2.6753597,2.1173384,7.155264,7.9847503,1383.6,75.611916,0,1.1531528,-0.004516602,0,15,0.603453,0.4267639,0.33646408,0.22115357,0.68078566,1.1058267,2.19929,19.874044,16.865997,17.001352,15.432587,18.38969,19.645245,17.956423,17.646938,22.69299,18.508121,20.511206,17.117105,24.132164,24.52461,24.63805,21.235777,22.964441,20.669842,19.921757,20.273844,23.168232,25.922321,23.737608,21.980467,20.555212,20.869448,21.056217,20.734735,19.581211,22.700869,21.47881,20.855633,16.52679,14.904164,15.443572,14.430862,16.364449,16.07063,17.136232,15.603907,17.412659,18.548168,17.188772,17.376179,18.603558,18.047121,18.035702,17.847452,1.3660766,2.396349,7.5700073,0.79624814,28.400852,40.613647,30.926628,17.880764,21.732037,22.37972,20.996643,15.839528,17.887451,56.11
4446085.373,657943.1816,83.52025,1.334312,1.3328066,26.890444,29.918861,30.553558,23.930252,22.899813,43.03153,35.63797,34.44381,40.026554,41.37685,30.902365,33.862312,34.92162,36.489914,36.051235,2.715468,2.1212628,6.9713984,7.9108562,1383.5,82.12011,-0.27978516,0.9398826,-0.01550293,0,15,0.603453,0.4267639,0.33646408,0.22115357,0.68078566,1.1058267,2.19929,19.874044,16.865997,17.001352,15.432587,18.38969,19.645245,17.956423,17.646938,22.69299,18.508121,20.511206,17.117105,24.132164,24.52461,24.63805,21.235777,22.964441,20.669842,19.921757,20.273844,23.168232,25.922321,23.737608,21.980467,20.555212,20.869448,21.056217,20.734735,19.581211,22.700869,21.47881,20.855633,16.52679,14.904164,15.443572,14.430862,16.364449,16.07063,17.136232,15.603907,17.412659,18.548168,17.188772,17.376179,18.603558,18.047121,18.035702,17.847452,1.3335593,2.4183655,7.4411273,0.79624814,28.404652,39.334747,32.38234,17.880764,21.732037,22.37972,20.996643,15.839528,17.887451,56.11
4446085.373,657948.0614,99.64274,1.357173,1.2575318,27.137682,30.31916,31.985624,24.322598,23.035488,41.3673,35.36449,33.21113,38.867447,40.953217,32.574524,34.245777,34.83786,37.09333,36.4922,2.737064,2.091639,6.8086505,7.8352723,1383.44,84.82621,0.07910156,0.79105985,0.001098633,0,15,0.603453,0.4267639,0.33646408,0.22115357,0.68078566,1.1058267,2.19929,19.002201,16.830866,16.938509,15.62784,18.504673,20.002691,17.319347,17.616877,23.203264,18.61109,20.639938,17.304869,23.908401,24.233585,23.782246,21.163618,21.99309,20.844938,19.460482,20.73488,23.047781,24.232388,21.802828,21.382338,20.39599,21.548351,20.519474,21.557898,19.556152,21.926958,19.59256,20.712942,15.7464905,15.027968,15.56619,14.5021715,16.43031,16.373808,16.026564,15.54318,16.566904,17.509022,17.24074,17.711432,17.92161,17.821104,17.773672,17.434969,1.3073523,2.4143515,7.3219614,0.79624814,28.72842,38.365894,33.41015,17.746588,21.669056,21.730911,20.728197,15.667644,17.506355,56.11
4446085.373,657952.9413,104.02892,1.3756009,1.1858075,26.902489,30.847395,33.252567,24.7847,23.061054,39.740284,34.44062,31.915138,37.52992,40.283283,34.270058,35.021217,35.094322,38.020096,37.309242,2.7800267,2.0931387,6.6551566,7.7667446,1383.37,84.615135,0,0.7620047,-0.001098633,0,15,0.603453,0.4267639,0.33646408,0.22115357,0.68078566,1.1058267,2.19929,18.922983,17.40539,17.013737,15.547383,18.44601,20.628435,18.635761,17.854832,22.845789,18.698927,20.607613,16.978441,24.111187,25.864397,24.472406,21.40025,22.273022,19.57348,20.923822,19.438463,22.59275,25.454212,24.142809,21.562819,20.781778,21.686783,20.83153,20.274607,20.223698,24.376919,22.127655,21.2977,15.509928,16.22327,15.093785,14.015421,16.632982,17.477125,17.002974,15.83565,17.73737,18.095041,17.521473,17.077604,17.897875,18.256556,17.983496,17.770111,1.2807043,2.4365826,7.210951,0.79624814,28.874943,37.090454,34.645638,18.085672,21.939823,22.056936,21.471851,15.993642,17.79563,56.11
4446085.373,657957.8211,99.12227,1.3812796,1.1225715,26.648497,31.636412,34.534653,25.227104,22.974802,38.197678,33.803574,30.470518,36.33744,39.33407,35.840797,35.327362,35.148186,38.66557,38.255802,2.8120148,2.0942016,6.53049,7.7036405,1383.3,88.77986,-0.19970703,0.67330515,-0.008911133,0,15,0.603453,0.4267639,0.33646408,0.22115357,0.68078566,1.1058267,2.19929,18.922983,17.40539,17.013737,15.547383,18.44601,20.628435,18.635761,17.854832,22.845789,18.698927,20.607613,16.978441,24.111187,25.864397,24.472406,21.40025,22.273022,19.57348,20.923822,19.438463,22.59275,25.454212,24.142809,21.562819,20.781778,21.686783,20.83153,20.274607,20.223698,24.376919,22.127655,21.2977,15.509928,16.22327,15.093785,14.015421,16.632982,17.477125,17.002974,15.83565,17.73737,18.095041,17.521473,17.077604,17.897875,18.256556,17.983496,17.770111,1.2519255,2.4531083,7.1170654,0.79624814,29.142454,36.000626,35.58408,18.085672,21.939823,22.056936,21.471851,15.993642,17.79563,56.11
4446085.373,657962.7009,96.00002,1.3848907,1.0668631,26.678246,31.64498,35.400017,25.757423,22.956833,36.620193,33.310936,29.569748,34.99043,38.033234,37.21552,35.883766,35.420918,39.334244,39.51913,2.8382723,2.09491,6.4494367,7.670979,1383.26,95.44033,0.20019531,0.6048956,0.0078125,0,15,0.5978463,0.42988455,0.33462268,0.22992685,0.6835492,1.1303942,2.1892278,18.039421,17.005524,17.30723,15.359537,18.683598,20.347168,17.04929,17.45434,21.778156,18.009539,20.324484,16.580538,23.480715,24.241693,23.577818,20.669725,21.56169,19.592535,20.341976,19.433256,23.02662,24.573627,23.6024,21.356085,19.531767,20.62093,19.166983,18.949482,19.878862,21.650839,20.036118,19.919285,14.942197,16.184584,15.236479,13.73739,15.727363,17.09311,16.832659,15.545338,15.343654,16.708612,16.389963,16.314754,15.389882,17.702274,15.942297,16.232435,1.2258768,2.4665911,7.060208,0.7993502,29.161613,34.965565,36.549644,17.684538,21.141848,21.733158,19.976427,15.679111,16.255922,56.11
4446085.373,657967.5808,87.98644,1.3744079,1.0206306,26.948242,31.782318,36.104786,26.37615,22.720615,35.04552,32.873886,28.872017,33.49316,36.447876,38.44409,36.255817,35.570496,40.147182,41.0536,2.847824,2.08707,6.4006066,7.6551156,1383.2,99.70011,-0.040527344,0.5956506,0,0,15,0.5978463,0.42988455,0.33462268,0.22992685,0.6835492,1.1303942,2.1892278,17.900782,16.566689,17.087912,15.610011,17.431269,18.304316,15.982567,16.848139,21.819658,17.890774,20.340292,16.626024,23.619291,23.20177,23.104519,20.521614,21.011349,18.19053,19.395811,20.135096,21.7477,23.256506,22.384844,20.599022,19.027124,16.726707,17.910315,18.188292,18.10358,18.436,17.910444,18.058632,14.654699,15.789267,16.248953,15.608704,15.371563,16.442715,16.642572,15.717876,16.148893,15.748121,16.768883,16.71851,15.546762,17.06793,16.264557,16.300251,1.1975193,2.467447,7.027861,0.7993502,29.36528,33.9597,37.349953,16.983362,20.943192,20.874548,18.043211,15.822639,16.32338,56.11
4446085.373,657972.4606,106.59019,1.36641,0.9732483,26.805302,31.328442,36.57934,27.09989,22.674276,33.669483,32.477283,28.328846,31.935137,34.694347,39.4976,36.84248,35.931145,40.78416,42.7257,2.8791504,2.1178503,6.3796134,7.6571937,1383.15,101.83453,0.040527344,0.62918085,0.002319336,0,15,0.5978463,0.42988455,0.33462268,0.22992685,0.6835492,1.1303942,2.1892278,17.900782,16.566689,17.087912,15.610011,17.431269,18.304316,15.982567,16.848139,21.819658,17.890774,20.340292,16.626024,23.619291,23.20177,23.104519,20.521614,21.011349,18.19053,19.395811,20.135096,21.7477,23.256506,22.384844,20.599022,19.027124,16.726707,17.910315,18.188292,18.10358,18.436,17.910444,18.058632,14.654699,15.789267,16.248953,15.608704,15.371563,16.442715,16.642572,15.717876,16.148893,15.748121,16.768883,16.71851,15.546762,17.06793,16.264557,16.300251,1.1698291,2.4985003,7.0184035,0.7993502,29.066872,33.073383,38.17004,16.983362,20.943192,20.874548,18.043211,15.822639,16.32338,56.11
4446085.373,657977.3404,100.23686,1.3701782,0.92918575,26.851137,31.337704,37.098072,27.83036,22.633545,32.294357,32.078312,27.626522,30.354847,32.848473,40.49316,37.187595,36.21819,41.486958,44.52325,2.8930786,2.1173086,6.3581862,7.650925,1383.09,105.9432,-0.080566406,0.6257131,-0.006713867,0,15,0.5978463,0.42988455,0.33462268,0.22992685,0.6835492,1.1303942,2.1892278,17.687819,16.586422,17.638561,15.262024,17.414114,19.923979,17.361217,17.26383,21.98971,17.834572,20.146198,16.564314,23.409117,23.133823,22.933672,20.436073,21.916473,17.977169,19.866362,19.655039,21.728487,23.431845,21.428598,20.760674,18.311148,17.210482,16.718868,17.279875,17.866575,18.13558,17.970476,17.657902,15.13794,15.829171,16.36287,15.44677,15.183431,16.196045,17.03702,15.752801,15.489318,17.185461,16.938635,15.770131,15.669297,16.692326,17.092009,16.28137,1.149682,2.5051937,7.0045557,0.7993502,29.094421,32.186333,38.840378,17.41059,20.85877,20.85771,17.641857,15.884749,16.40531,56.11
4446085.373,657982.2203,82.605934,1.3755902,0.88628143,27.069265,32.5286,37.719826,28.620491,22.624838,30.791264,30.832817,26.748217,28.713564,30.917646,41.584057,37.54725,36.374065,42.234043,46.54285,2.9052641,2.142534,6.3280315,7.630354,1383.04,109.34898,-0.119140625,0.56150186,-0.006591797,0,15,0.5978463,0.42988455,0.33462268,0.22992685,0.6835492,1.1303942,2.1892278,16.77019,16.264326,18.09855,15.458299,17.643318,20.025068,17.368505,17.26676,21.81177,17.930645,20.197279,17.101234,23.104837,23.356487,21.663578,20.450548,21.215326,17.36046,19.9366,18.478344,22.162548,21.031607,20.442305,19.99538,17.894854,16.912083,17.339684,17.101194,18.27426,17.712772,16.156054,17.455542,14.738322,15.044586,16.049591,15.687185,15.397417,16.317877,16.938015,15.575885,15.959252,17.140615,16.940556,15.553804,15.77898,16.850424,16.95695,16.366676,1.1309358,2.523899,6.9791927,0.7993502,29.798931,30.81204,39.56565,17.375465,20.737976,20.089598,17.341557,15.738998,16.45437,56.11
4446085.373,657987.1001,77.092384,1.3755902,0.88628143,27.069265,32.5286,37.719826,28.620491,22.624838,30.791264,30.832817,26.748217,28.713564,30.917646,41.584057,37.54725,36.374065,42.234043,46.54285,2.9052641,2.142534,6.3280315,7.630354,1383.04,109.34898,-0.119140625,0.56150186,-0.006591797,0,15,0.5978463,0.42988455,0.33462268,0.22992685,0.6835492,1.1303942,2.1892278,16.77019,16.264326,18.09855,15.458299,17.643318,20.025068,17.368505,17.26676,21.81177,17.930645,20.197279,17.101234,23.104837,23.356487,21.663578,20.450548,21.215326,17.36046,19.9366,18.478344,22.162548,21.031607,20.442305,19.99538,17.894854,16.912083,17.339684,17.101194,18.27426,17.712772,16.156054,17.455542,14.738322,15.044586,16.049591,15.687185,15.397417,16.317877,16.938015,15.575885,15.959252,17.140615,16.940556,15.553804,15.77898,16.850424,16.95695,16.366676,1.1309358,2.523899,6.9791927,0.7993502,29.798931,30.81204,39.56565,17.375465,20.737976,20.089598,17.341557,15.738998,16.45437,56.11
4446085.373,657991.9799,116.6419,1.3809923,0.8392266,27.228111,32.791058,38.26989,29.46401,22.506063,29.258293,29.79885,25.755968,26.958618,28.849964,42.698776,38.418327,36.781128,43.05094,48.85598,2.9119987,2.130248,6.2964954,7.6212797,1383,108.42224,-0.040039062,0.49851203,-0.002197266,0,15,0.6231817,0.42896283,0.32372022,0.23101304,0.6586788,0.98844385,2.1719413,16.77019,16.264326,18.09855,15.458299,17.643318,20.025068,17.368505,17.26676,21.81177,17.930645,20.197279,17.101234,23.104837,23.356487,21.663578,20.450548,21.215326,17.36046,19.9366,18.478344,22.162548,21.031607,20.442305,19.99538,17.894854,16.912083,17.339684,17.101194,18.27426,17.712772,16.156054,17.455542,14.738322,15.044586,16.049591,15.687185,15.397417,16.317877,16.938015,15.575885,15.959252,17.140615,16.940556,15.553804,15.77898,16.850424,16.95695,16.366676,1.1101094,2.5211234,6.9588876,0.7751345,30.009584,29.528572,40.55855,17.375465,20.737976,20.089598,17.341557,15.738998,16.45437,56.11
4446085.373,657996.8598,116.458786,1.3784528,0.8060279,27.25573,32.798687,38.546486,29.783186,22.446424,28.55619,29.580402,25.370296,26.1342,27.79887,43.215996,38.54072,36.92381,43.515488,49.97715,2.905336,2.1280262,6.292488,7.6219745,1382.97,109.465866,0.19970703,0.5162881,0.012207031,0,15,0.6231817,0.42896283,0.32372022,0.23101304,0.6586788,0.98844385,2.1719413,18.269072,16.366575,17.084509,15.786331,18.302362,19.84018,17.636194,17.507809,21.818525,18.1176,20.077482,16.335255,22.896706,22.996904,21.162567,20.179686,21.498775,17.129503,20.23415,18.00595,22.062645,23.226816,19.229746,20.0635,19.235691,17.50878,19.348286,18.293928,18.09128,18.101492,15.202668,18.153856,15.966406,15.452708,15.952759,15.058873,16.123714,16.700787,16.439095,15.8252125,16.360415,16.307964,15.977902,15.985047,15.879272,16.842276,16.590658,16.161982,1.0922403,2.5166812,6.9572315,0.7751345,30.027208,29.068296,40.878357,17.612173,20.486433,20.198227,17.968874,15.956335,16.277649,56.11
4446085.373,658001.7396,92.75546,1.3828229,0.79419136,27.294003,32.739265,38.401382,29.375212,22.5574,28.879421,28.898344,25.520313,26.724842,28.31468,43.042717,38.584545,36.882072,43.386314,49.15803,2.891237,2.121891,6.3286114,7.6245656,1382.92,109.31186,0.12060547,0.6069479,0.0078125,0,15,0.6231817,0.42896283,0.32372022,0.23101304,0.6586788,0.98844385,2.1719413,17.565346,15.543689,16.003843,16.031246,17.030857,19.601086,17.238472,16.88258,21.524965,17.882366,19.473894,16.819796,22.384207,23.660917,21.762833,20.102573,21.980978,19.166824,20.05596,19.114733,23.592329,23.171434,20.988544,20.91976,18.799463,18.666569,18.648598,18.264177,18.3323,18.327509,17.114082,18.240053,15.757288,14.97114,15.653251,16.566538,15.59828,17.028616,16.017881,15.785073,16.059505,16.24628,15.631705,16.601404,15.0736475,16.290403,17.21284,15.929339,1.0885072,2.5065641,6.9765882,0.7751345,30.016634,28.888882,40.81363,17.002077,20.501282,21.152971,18.307528,15.941857,16.159397,56.11
4446085.373,658006.6194,76.1984,1.3665419,0.7833486,27.34374,33.073658,38.408943,29.004011,22.298033,29.143261,28.717491,25.713327,27.179365,28.672325,42.899925,38.217934,36.510273,43.445095,48.77831,2.8653843,2.1147892,6.3535585,7.6237583,1382.86,111.2402,-0.12011719,0.5535794,-0.0078125,0,15,0.6231817,0.42896283,0.32372022,0.23101304,0.6586788,0.98844385,2.1719413,17.565346,15.543689,16.003843,16.031246,17.030857,19.601086,17.238472,16.88258,21.524965,17.882366,19.473894,16.819796,22.384207,23.660917,21.762833,20.102573,21.980978,19.166824,20.05596,19.114733,23.592329,23.171434,20.988544,20.91976,18.799463,18.666569,18.648598,18.264177,18.3323,18.327509,17.114082,18.240053,15.757288,14.97114,15.653251,16.566538,15.59828,17.028616,16.017881,15.785073,16.059505,16.24628,15.631705,16.601404,15.0736475,16.290403,17.21284,15.929339,1.0749452,2.4900868,6.9886584,0.7751345,30.208698,28.930376,40.55893,17.002077,20.501282,21.152971,18.307528,15.941857,16.159397,56.11
4446085.373,658011.4993,90.18144,1.3587352,0.7700681,27.334612,33.078762,38.318798,28.72149,22.288897,29.490654,28.820177,26.020954,27.630938,29.015432,42.69779,37.874157,36.281807,43.334015,48.454075,2.838105,2.1116314,6.3854394,7.630885,1382.82,113.62479,-0.08105469,0.5000088,-0.004516602,0,15,0.6231817,0.42896283,0.32372022,0.23101304,0.6586788,0.98844385,2.1719413,17.374502,15.738564,16.514149,15.233874,16.928965,19.14072,17.269804,16.698395,22.225779,17.537975,20.114052,16.540058,22.314222,22.24588,21.98386,19.935947,21.02158,19.854168,19.192276,19.891312,22.679697,22.76314,21.991282,20.832815,18.628435,18.686209,17.5706,18.312902,17.55152,17.143263,17.73476,17.805374,15.700426,14.474733,15.482656,14.8584,15.467537,16.111506,16.203321,15.222889,15.669108,16.025717,15.159542,16.394196,15.858547,15.946815,17.086643,15.832478,1.0644016,2.4748683,7.0081625,0.7751345,30.206688,29.155415,40.285973,16.885798,20.423117,21.056208,17.946814,15.471225,16.02008,56.11
4446085.373,658016.3791,109.52883,1.3501185,0.753353,27.374773,33.27445,38.155857,28.49057,22.273142,29.873394,29.095907,26.379118,28.061916,29.356853,42.46905,37.43833,36.232853,43.15233,48.177834,2.8117375,2.1135683,6.4160657,7.6426888,1382.78,110.37844,0.000488281,0.5347574,-0.003295898,0,15,0.6231817,0.42896283,0.32372022,0.23101304,0.6586788,0.98844385,2.1719413,16.918634,15.244034,15.985697,15.227382,17.493502,18.452837,16.741497,16.429836,22.23971,18.031971,19.580662,16.6777,22.955294,22.444277,22.01634,20.097982,20.0042,19.639975,20.338367,19.315065,22.727036,22.796936,21.494953,20.66926,17.845274,17.53573,18.984135,18.24623,17.958136,17.238342,18.747486,17.89646,15.292,13.690056,15.412855,15.034705,15.366799,15.728942,17.409937,15.102998,15.556129,15.474372,15.672017,16.114834,16.0872,15.631697,16.388882,15.693976,1.0517358,2.462653,7.029377,0.7751345,30.324612,29.48465,39.95369,16.580511,20.563707,20.90236,18.079332,15.419328,15.846449,56.11
4446085.373,658021.2589,103.521576,1.3313822,0.7431995,27.537764,34.26151,38.130066,28.369688,22.16701,30.122612,28.463177,26.31817,28.345175,29.758387,42.337273,37.267235,36.093792,43.177822,47.915237,2.7811584,2.164089,6.4251523,7.642499,1382.73,108.4233,-0.16015625,0.5438488,-0.008911133,0,15,0.6113082,0.42874417,0.31705135,0.23294374,0.66082114,1.0131582,2.1681626,18.085627,15.605105,16.307936,15.622899,19.06038,19.385027,17.966753,17.196594,21.642607,17.434332,19.030487,16.168524,22.484055,22.160666,21.730438,19.610312,18.514814,17.318054,18.03956,17.261957,20.75979,19.11552,17.92003,18.348696,16.719019,15.599579,17.687998,16.27521,17.23688,16.092922,17.414513,16.485138,15.569736,14.106657,15.655872,15.45131,15.570525,16.145542,17.503897,15.406546,15.556129,15.474372,15.672017,16.114834,16.0872,15.631697,16.388882,15.693976,1.0372908,2.4726238,7.033826,0.77602714,30.899635,29.292894,39.802254,17.43339,20.093016,18.418531,16.718016,15.71479,15.846449,56.11
4446085.373,658026.1388,119.73773,1.311538,0.7358789,27.413864,34.661465,38.137707,28.349524,22.512375,30.472515,28.265297,26.61436,28.564022,30.194206,42.118397,37.0928,35.568546,43.007927,47.409504,2.7382548,2.1464956,6.4251895,7.623302,1382.69,109.42927,-0.041015625,0.51617163,-0.005615234,0,15,0.6113082,0.42874417,0.31705135,0.23294374,0.66082114,1.0131582,2.1681626,18.973322,15.492987,16.543385,16.25543,19.721802,19.930407,16.744913,17.546202,21.944149,17.337685,19.081789,16.218287,22.945957,22.536694,22.130108,19.81889,18.831509,16.936907,18.072687,18.16731,20.024529,19.40238,16.412506,18.100126,16.999468,17.041014,17.65577,16.752865,18.154472,16.483536,16.603119,16.914232,16.167023,15.5257845,14.704054,14.385035,15.737319,15.521365,17.350077,15.293952,15.82588,16.913456,15.883721,16.330688,15.671986,17.115643,16.289501,16.131266,1.0237085,2.4423752,7.0242457,0.77602714,31.037664,29.368906,39.6056,17.666035,20.313524,18.263975,17.098606,15.627235,16.290127,56.11
4446085.373,658031.0186,124.44744,1.3073223,0.7315622,27.658894,35.057987,38.0705,28.47412,22.651478,30.68088,28.319666,26.877462,28.81457,30.753305,41.930573,36.8575,35.29923,42.38182,46.831142,2.7019074,2.1070285,6.4104457,7.618178,1382.65,110.55844,-0.03955078,0.48944896,-0.003295898,0,15,0.6113082,0.42874417,0.31705135,0.23294374,0.66082114,1.0131582,2.1681626,18.223995,15.821585,16.204863,16.009232,19.077177,20.232086,17.424635,17.388027,21.139112,17.289713,19.466633,16.00968,22.935713,21.21779,21.780867,19.499672,19.259962,16.267212,17.797585,17.992125,20.098446,18.73224,18.084427,18.099102,17.300055,16.18944,16.786749,16.066843,18.017746,16.78363,16.454844,16.70466,15.374701,15.227685,15.10145,14.452699,15.787534,16.127415,16.773561,15.372839,16.232235,16.745878,15.959411,16.020481,15.41342,17.214914,16.45105,16.22252,1.0194422,2.404468,7.014312,0.77602714,31.35844,29.500273,39.394035,17.57051,19.977072,18.318857,16.7999,15.549293,16.291056,56.11
4446085.373,658035.8984,131.83405,1.2936335,0.7253926,27.641367,35.055344,38.019447,28.595032,22.67492,31.001484,28.350193,27.116825,28.961782,31.31951,41.68689,36.900112,35.107487,42.0644,46.18384,2.669339,2.1041782,6.3818283,7.6073833,1382.61,107.35403,-0.040039062,0.48068383,-0.003295898,0,15,0.6113082,0.42874417,0.31705135,0.23294374,0.66082114,1.0131582,2.1681626,19.612942,16.484224,17.056265,16.546099,20.19418,21.361725,18.855007,18.316162,21.02695,17.224756,19.421448,16.000803,22.820457,21.099386,21.650862,19.425303,19.296688,16.32373,17.839396,18.037258,20.135603,18.79947,18.115833,18.147425,17.303736,16.195038,16.791773,16.06766,18.020967,16.780758,16.456903,16.707445,15.358564,15.20617,15.0826235,14.41505,15.778122,16.122036,16.762804,15.354413,16.232235,16.745878,15.959411,16.020481,15.41342,17.214914,16.449173,16.22252,1.009513,2.3867586,6.994606,0.77602714,31.348354,29.675838,39.293503,18.587206,19.892094,18.363997,16.802404,15.532196,16.290789,56.11
4446085.373,658040.7783,140.28125,1.2800835,0.71852046,27.624819,35.05225,38.087296,28.732914,22.711512,31.333773,28.360918,27.304241,29.051601,31.87833,41.415157,36.996555,34.894398,41.774097,45.502735,2.6370084,2.1012557,6.3466177,7.5943494,1382.57,100.6355,-0.040527344,0.4661116,-0.003417969,0,15,0.6113082,0.42874417,0.31705135,0.23294374,0.66082114,1.0131582,2.1681626,19.51415,16.700068,17.871296,16.153711,19.616566,21.32234,19.340878,18.318964,21.031342,17.294886,19.56759,15.941323,21.943247,22.866474,22.085878,19.61138,18.07407,15.685889,17.74192,16.76262,19.506989,20.960175,18.134758,17.946884,16.923767,15.318807,15.843443,16.120937,17.584295,18.784105,15.037893,16.551184,15.429443,15.382436,14.895998,14.637872,16.11314,16.955008,16.19855,15.508983,15.622603,15.962794,15.681041,17.104021,15.810178,17.317308,16.142963,16.187567,0.999302,2.369132,6.970484,0.77602714,31.338535,29.847345,39.205856,18.645573,20.10439,18.123775,16.516178,15.658921,16.234417,56.11
4446085.373,658045.6581,124.71725,1.2665666,0.7102059,27.608114,35.04849,38.3325,28.854841,22.761845,31.712078,28.35362,27.416908,29.073534,32.390015,41.092247,37.151165,34.6452,41.554844,44.827545,2.6044073,2.0981884,6.3078537,7.5803194,1382.53,99.79857,-0.079589844,0.42123812,-0.005493164,0,15,0.6113082,0.42874417,0.31705135,0.23294374,0.66082114,1.0131582,2.1681626,18.016169,15.711535,17.192337,15.932203,18.900196,21.776981,18.282526,17.649466,20.068102,17.05554,19.0935,15.713389,22.122835,22.81628,22.561235,19.423,18.260748,16.890265,16.820198,16.425097,18.61789,21.092312,19.63754,17.973454,15.450971,15.383124,15.209381,15.260084,16.143297,17.071995,14.879782,15.736726,14.583665,14.035932,15.089083,14.0356655,15.290797,15.631117,14.813716,14.678326,15.269668,16.481974,14.917546,15.933245,15.202805,16.223621,15.885905,15.543444,0.9883863,2.3512979,6.9440866,0.77602714,31.3283,30.032848,39.121704,17.973135,19.918697,18.24915,15.628375,14.782853,15.702108,56.11
4446085.373,658050.5379,124.38204,1.2530231,0.70002556,27.590002,35.043648,38.84843,28.94193,22.830412,32.17018,28.31691,27.396986,28.955347,32.78072,40.691135,37.397373,34.3524,41.501312,44.23459,2.5713654,2.094913,6.2657995,7.5669465,1382.5,102.72436,0.080078125,0.45565704,0.003295898,0,15,0.58812517,0.45955172,0.35043448,0.22726536,0.70320326,1.1522646,2.1973114,18.016169,15.711535,17.192337,15.932203,18.900196,21.776981,18.282526,17.649466,20.068102,17.05554,19.0935,15.713389,22.122835,22.81628,22.561235,19.423,18.260748,16.890265,16.820198,16.425097,18.61789,21.092312,19.63754,17.973454,15.450971,15.383124,15.209381,15.260084,16.143297,17.071995,14.879782,15.736726,14.583665,14.035932,15.089083,14.0356655,15.290797,15.631117,14.813716,14.678326,15.269668,16.481974,14.917546,15.933245,15.202805,16.223621,15.885905,15.543444,0.97652435,2.3331392,6.9163733,0.81116515,31.316826,30.243546,39.044254,17.973135,19.918697,18.24915,15.628375,14.782853,15.702108,56.11
4446085.373,658055.4178,116.72022,1.2177042,0.6934654,27.778057,34.256874,38.81055,29.036976,22.799597,32.622448,28.88365,28.109673,29.540823,34.27192,40.20207,37.435307,33.91931,40.883488,42.66741,2.522404,2.0685394,6.238765,7.5482545,1382.45,102.54527,-0.12060547,0.5280592,-0.005615234,0,15,0.58812517,0.45955172,0.35043448,0.22726536,0.70320326,1.1522646,2.1973114,18.478115,16.453762,18.218416,17.124018,18.967455,21.462229,20.116268,18.33212,20.605276,16.919613,18.988514,15.525536,21.813698,22.889744,22.265722,19.405695,17.990301,16.689169,15.661158,16.214968,18.394932,20.576235,19.117264,17.542131,15.356324,13.25703,14.893458,15.038809,15.677251,15.847133,14.921938,15.075006,14.080749,13.506892,14.80867,14.95935,14.637784,16.187702,14.692292,14.593176,15.277303,15.055587,15.307948,16.287373,14.536596,16.410616,16.138538,15.399548,0.95558476,2.2954717,6.89351,0.81116515,31.017466,30.753048,38.818687,18.688608,19.858301,17.80629,14.998849,14.696206,15.573423,56.11
4446085.373,658060.2976,111.164024,1.1993672,0.6916138,27.554873,34.26131,38.281723,29.168505,23.023766,33.000355,29.301735,29.161798,30.994093,37.06967,39.81664,36.979973,33.17256,39.53505,39.875633,2.473454,2.0531516,6.228568,7.508313,1382.41,101.9035,0.040527344,0.5560828,0.001098633,0,15,0.58812517,0.45955172,0.35043448,0.22726536,0.70320326,1.1522646,2.1973114,18.618656,16.23459,18.220755,16.560072,19.948149,22.396837,19.35021,18.519413,20.256897,16.981508,18.77249,15.98463,21.56285,22.067911,21.119776,19.178091,17.938526,18.386072,15.732101,16.910324,18.394283,20.8414,17.627373,17.74998,15.657258,14.167018,15.410532,14.463977,16.415012,17.872004,15.168515,15.682458,13.904718,12.442243,14.73706,13.60887,14.476074,16.278893,16.000416,14.353727,15.734412,15.275566,15.511946,15.787081,14.524412,16.205545,16.102018,15.451065,0.9454905,2.2633028,6.8684406,0.81116515,30.908092,31.151045,38.398308,18.761324,19.535152,17.975727,15.593474,14.49261,15.591569,56.11
4446085.373,658065.1774,113.52573,1.1876465,0.6878182,27.571213,34.25823,37.98572,29.283857,23.14371,33.3738,29.38311,29.814695,32.214706,39.72858,39.38564,36.900402,32.707558,38.436687,37.196484,2.4322872,2.0504115,6.2156563,7.470019,1382.36,100.31604,0.03955078,0.6404971,0.003295898,0,15,0.58812517,0.45955172,0.35043448,0.22726536,0.70320326,1.1522646,2.1973114,18.618656,16.23459,18.220755,16.560072,19.948149,22.396837,19.35021,18.519413,20.256897,16.981508,18.77249,15.98463,21.56285,22.067911,21.119776,19.178091,17.938526,18.386072,15.732101,16.910324,18.394283,20.8414,17.627373,17.74998,15.657258,14.167018,15.410532,14.463977,16.415012,17.872004,15.168515,15.682458,13.785815,12.477926,14.715287,13.680724,14.314501,16.11497,15.734506,14.291859,15.714294,15.223937,15.47169,15.73545,14.50678,16.160143,16.088861,15.414945,0.93773234,2.2413492,6.8428373,0.81116515,30.91472,31.378454,38.14302,18.761324,19.535152,17.975727,15.593474,14.403389,15.557307,56.11
4446080.389,657923.6623,100.210304,1.2692307,1.616635,26.584417,29.647257,25.945446,22.53342,22.635202,45.752155,36.968803,37.2577,42.582687,42.14814,27.607538,32.409782,35.611324,35.491028,35.408886,2.5823126,2.0894206,7.406048,8.138655,1383.95,74.0722,-0.041015625,1.251181,0.001098633,0,15,0.5904523,0.39436832,0.29664865,0.2323382,0.66503316,0.8253858,1.5155851,19.41565,15.572523,16.910564,16.706823,19.24088,20.204578,16.90308,17.759552,23.250748,17.970293,19.836143,17.296848,24.10615,25.458208,23.93347,21.258291,23.266743,19.680716,19.161352,18.843107,21.849045,25.504915,23.503933,21.25895,22.031744,21.341986,19.658808,21.248322,20.933893,23.013815,20.878569,21.259022,15.36363,15.8915415,15.239542,15.271026,17.263767,17.270252,16.258556,15.927507,17.47389,17.600155,18.193127,17.72912,17.523766,17.722532,17.9975,17.690786,1.4429328,2.3358665,7.7723513,0.6456874,28.115837,41.36048,30.00866,17.850584,21.693121,21.687117,21.30102,16.07976,17.748585,56.11
4446080.389,657928.5421,101.50237,1.2853814,1.6318907,26.91152,29.896187,25.789963,22.449814,22.77064,48.36143,37.51976,38.622784,43.819458,41.815964,25.13071,31.207657,34.30004,34.546303,35.473003,2.588575,2.1082623,7.561455,8.160658,1383.85,76.43952,0.15966797,1.2816983,0.0078125,0,15,0.5904523,0.39436832,0.29664865,0.2323382,0.66503316,0.8253858,1.5155851,19.304272,15.908719,17.737682,16.453302,19.382654,20.23608,17.842264,18.015366,23.3252,17.956955,20.663982,17.159159,24.001379,25.18927,24.277254,21.279034,22.85166,20.290525,19.53989,19.958069,21.400795,26.242222,23.093962,21.41326,20.44791,21.572428,20.85696,21.196981,19.798111,24.601538,21.024393,21.26743,15.376363,15.846469,16.234041,15.116781,16.37607,17.126682,17.032187,16.005972,17.43475,17.708607,19.151632,16.745663,17.783436,17.653004,18.447845,17.838894,1.458636,2.3484187,7.8610563,0.6456874,28.403854,42.940598,28.169184,18.123568,21.796171,21.911016,21.356903,16.15837,17.846418,56.11
4446080.389,657933.4219,102.67893,1.296144,1.5988209,26.89827,29.902937,26.569162,22.65061,22.824667,48.372547,37.452877,38.437065,43.546562,41.595943,25.262383,31.149754,33.878918,34.63709,35.64511,2.6121714,2.111793,7.5176024,8.120818,1383.74,74.046906,0.080078125,1.2511569,0.004394531,0,15,0.603453,0.4267639,0.33646408,0.22115357,0.68078566,1.1058267,2.19929,19.304272,15.908719,17.737682,16.453302,19.382654,20.23608,17.842264,18.015366,23.3252,17.956955,20.663982,17.159159,24.001379,25.18927,24.277254,21.279034,22.85166,20.290525,19.53989,19.958069,21.400795,26.242222,23.093962,21.41326,20.44791,21.572428,20.85696,21.196981,19.798111,24.601538,21.024393,21.26743,15.376363,15.846469,16.234041,15.116781,16.37607,17.126682,17.032187,16.005972,17.43475,17.708607,19.151632,16.745663,17.783436,17.653004,18.447845,17.838894,1.4474825,2.3619823,7.81921,0.79624814,28.400604,42.912712,28.206068,18.123568,21.796171,21.911016,21.356903,16.15837,17.846418,56.11
4446080.389,657938.3018,92.974464,1.30823,1.5039742,26.901884,29.91336,28.238329,23.103033,22.84632,45.374012,36.43812,36.354664,41.72663,41.616875,28.356686,32.620995,34.72803,35.79238,35.76757,2.657132,2.1158438,7.2557416,8.030348,1383.63,72.78264,-0.040039062,1.2592212,-0.001098633,0,15,0.603453,0.4267639,0.33646408,0.22115357,0.68078566,1.1058267,2.19929,19.580206,16.359028,17.076546,15.941828,18.8299,19.80538,18.092663,17.778019,23.012287,18.34641,20.281805,17.236067,24.389826,25.163523,23.288757,21.299368,23.892927,19.061018,19.073376,19.852686,21.48028,25.998962,21.353764,21.257032,20.914928,21.623129,20.381012,20.894543,19.991219,24.932146,19.850054,21.274614,15.5073805,14.893335,16.478397,15.283571,16.211657,16.678785,16.81673,15.853186,17.749447,17.498537,18.040121,17.368958,17.93242,17.65272,19.027561,17.801128,1.4061022,2.386488,7.6430445,0.79624814,28.407623,40.906067,30.48884,17.955078,21.674097,21.53043,21.226719,15.981408,17.89568,56.11
4446080.389,657943.1816,83.92084,1.3204348,1.4207304,26.903025,29.92287,29.635077,23.487055,22.87051,43.26388,35.736076,34.917007,40.344273,41.315495,30.546316,33.583637,35.138966,36.606857,36.158695,2.6979938,2.1197965,7.062478,7.956133,1383.52,74.34807,-0.19970703,1.1158886,-0.01550293,0,15,0.603453,0.4267639,0.33646408,0.22115357,0.68078566,1.1058267,2.19929,19.580206,16.359028,17.076546,15.941828,18.8299,19.80538,18.092663,17.778019,23.012287,18.34641,20.281805,17.236067,24.389826,25.163523,23.288757,21.299368,23.892927,19.061018,19.073376,19.852686,21.48028,25.998962,21.353764,21.257032,20.914928,21.623129,20.381012,20.894543,19.991219,24.932146,19.850054,21.274614,15.5073805,14.893335,16.478397,15.283571,16.211657,16.678785,16.81673,15.853186,17.749447,17.498537,18.040121,17.368958,17.93242,17.65272,19.027561,17.801128,1.3705826,2.408895,7.5093055,0.79624814,28.412949,39.499977,32.064976,17.955078,21.674097,21.53043,21.226719,15.981408,17.89568,56.11
4446080.389,657948.0614,94.4426,1.3326803,1.3430681,26.905645,29.932302,30.917812,23.849575,22.89046,41.45364,35.133995,33.70711,39.101593,40.750072,32.405643,34.370773,35.402626,37.320915,36.78297,2.7372224,2.1236722,6.8982625,7.889146,1383.44,80.53012,-0.16064453,0.87138534,-0.008911133,0,15,0.603453,0.4267639,0.33646408,0.22115357,0.68078566,1.1058267,2.19929,18.980536,16.934656,17.741203,16.563457,17.25963,20.535336,18.132748,17.84236,22.228498,18.681263,20.697706,17.361296,24.676233,25.147564,23.745346,21.44066,22.296154,21.190228,20.202795,19.402512,22.374588,25.6196,22.159367,21.582378,20.127878,22.258665,21.027515,21.793833,20.408596,23.7251,19.246433,21.358511,15.31526,15.724284,15.534031,15.5867,15.907776,17.737919,16.23843,15.966794,17.236443,18.208117,18.100368,17.807524,18.403744,18.277298,19.016886,18.106577,1.3378742,2.4304473,7.3937044,0.79624814,28.418974,38.293816,33.388206,18.021082,21.791128,21.892178,21.226858,16.006344,18.150053,56.11
4446080.389,657952.9413,100.77799,1.337444,1.269578,26.965645,30.51774,32.13433,24.265293,22.885351,39.920444,34.793316,32.813168,37.806847,39.933006,33.933277,34.71663,35.28752,38.15065,37.633736,2.7727497,2.1158118,6.7607894,7.825244,1383.38,86.87233,0.12011719,0.7883121,0.004394531,0,15,0.603453,0.4267639,0.33646408,0.22115357,0.68078566,1.1058267,2.19929,18.922983,17.40539,17.013737,15.547383,18.44601,20.628435,18.635761,17.854832,22.845789,18.698927,20.607613,16.978441,24.111187,25.864397,24.472406,21.40025,22.273022,19.57348,20.923822,19.438463,22.59275,25.454212,24.142809,21.562819,20.781778,21.686783,20.83153,20.274607,20.223698,24.376919,22.127655,21.2977,15.509928,16.22327,15.093785,14.015421,16.632982,17.477125,17.002974,15.83565,17.73737,18.095041,17.521473,17.077604,17.897875,18.256556,17.983496,17.770111,1.3035109,2.4442806,7.2930164,0.79624814,28.741692,37.35688,34.32495,18.085672,21.939823,22.056936,21.471851,15.993642,17.79563,56.11
4446080.389,657957.8211,103.842384,1.343096,1.2023757,26.780947,31.112928,33.321217,24.659273,22.90018,38.436314,34.382294,31.881779,36.633263,38.860046,35.423027,34.917732,35.03314,38.690662,38.69145,2.7998111,2.1356747,6.6346545,7.7634683,1383.31,88.875626,0.040527344,0.73063624,0,0,15,0.603453,0.4267639,0.33646408,0.22115357,0.68078566,1.1058267,2.19929,18.922983,17.40539,17.013737,15.547383,18.44601,20.628435,18.635761,17.854832,22.845789,18.698927,20.607613,16.978441,24.111187,25.864397,24.472406,21.40025,22.273022,19.57348,20.923822,19.438463,22.59275,25.454212,24.142809,21.562819,20.781778,21.686783,20.83153,20.274607,20.223698,24.376919,22.127655,21.2977,15.509928,16.22327,15.093785,14.015421,16.632982,17.477125,17.002974,15.83565,17.73737,18.095041,17.521473,17.077604,17.897875,18.256556,17.983496,17.770111,1.2727358,2.467743,7.1990614,0.79624814,28.946938,36.4093,35.17038,18.085672,21.939823,22.056936,21.471851,15.993642,17.79563,56.11
4446080.389,657962.7009,100.8205,1.3370247,1.1381109,26.803083,31.251211,34.230846,25.125282,22.726198,36.782818,33.7379,30.756224,35.253796,37.565334,36.8975,35.49685,35.349827,39.574684,40.00684,2.8175156,2.1234753,6.543614,7.7333326,1383.24,92.489555,-0.20019531,0.6601388,-0.010009766,0,15,0.5978463,0.42988455,0.33462268,0.22992685,0.6835492,1.1303942,2.1892278,18.039421,17.005524,17.30723,15.359537,18.683598,20.347168,17.04929,17.45434,21.778156,18.009539,20.324484,16.580538,23.480715,24.241693,23.577818,20.669725,21.56169,19.592535,20.341976,19.433256,23.02662,24.573627,23.6024,21.356085,19.531767,20.62093,19.166983,18.949482,19.878862,21.650839,20.036118,19.919285,14.942197,16.184584,15.236479,13.73739,15.727363,17.09311,16.832659,15.545338,15.343654,16.708612,16.389963,16.314754,15.389882,17.702274,15.942297,16.232435,1.2375678,2.4704955,7.1384735,0.7993502,29.027147,35.26036,36.197174,17.684538,21.141848,21.733158,19.976427,15.679111,16.255922,56.11
4446080.389,657967.5808,87.01667,1.3504038,1.0774126,27.005363,32.306847,34.985146,25.74716,22.726488,35.167835,32.46738,29.385464,33.74428,36.0414,38.21796,36.034214,35.98207,40.441807,41.4308,2.8438926,2.1353633,6.4774776,7.7037697,1383.19,96.63998,-0.040527344,0.6199662,-0.004516602,0,15,0.5978463,0.42988455,0.33462268,0.22992685,0.6835492,1.1303942,2.1892278,17.900782,16.566689,17.087912,15.610011,17.431269,18.304316,15.982567,16.848139,21.819658,17.890774,20.340292,16.626024,23.619291,23.20177,23.104519,20.521614,21.011349,18.19053,19.395811,20.135096,21.7477,23.256506,22.384844,20.599022,19.027124,16.726707,17.910315,18.188292,18.10358,18.436,17.910444,18.058632,14.654699,15.789267,16.248953,15.608704,15.371563,16.442715,16.642572,15.717876,16.148893,15.748121,16.768883,16.71851,15.546762,17.06793,16.264557,16.300251,1.2139082,2.4896278,7.090624,0.7993502,29.656105,33.817608,37.126087,16.983362,20.943192,20.874548,18.043211,15.822639,16.32338,56.11
4446080.389,657972.4606,91.78151,1.3548894,1.0184379,27.04985,32.318974,35.585976,26.426626,22.71038,33.73572,32.012154,28.583647,32.215122,34.38803,39.32091,36.419903,36.312668,41.143097,42.98967,2.8588908,2.135817,6.4269567,7.687054,1383.14,97.77368,0.040527344,0.6359885,0.001098633,0,15,0.5978463,0.42988455,0.33462268,0.22992685,0.6835492,1.1303942,2.1892278,17.900782,16.566689,17.087912,15.610011,17.431269,18.304316,15.982567,16.848139,21.819658,17.890774,20.340292,16.626024,23.619291,23.20177,23.104519,20.521614,21.011349,18.19053,19.395811,20.135096,21.7477,23.256506,22.384844,20.599022,19.027124,16.726707,17.910315,18.188292,18.10358,18.436,17.910444,18.058632,14.654699,15.789267,16.248953,15.608704,15.371563,16.442715,16.642572,15.717876,16.148893,15.748121,16.768883,16.71851,15.546762,17.06793,16.264557,16.300251,1.1866636,2.497354,7.0570054,0.7993502,29.684412,32.87394,37.870407,16.983362,20.943192,20.874548,18.043211,15.822639,16.32338,56.11
4446080.389,657977.3404,98.683075,1.3588299,0.96081454,27.096685,32.330936,36.127777,27.121836,22.67665,32.350048,31.577105,27.810652,30.657946,32.634403,40.35566,36.78013,36.64304,41.860497,44.69458,2.870501,2.1361117,6.384224,7.674591,1383.08,95.44662,-0.080566406,0.6041994,-0.006713867,0,15,0.5978463,0.42988455,0.33462268,0.22992685,0.6835492,1.1303942,2.1892278,17.687819,16.586422,17.638561,15.262024,17.414114,19.923979,17.361217,17.26383,21.98971,17.834572,20.146198,16.564314,23.409117,23.133823,22.933672,20.436073,21.916473,17.977169,19.866362,19.655039,21.728487,23.431845,21.428598,20.760674,18.311148,17.210482,16.718868,17.279875,17.866575,18.13558,17.970476,17.657902,15.13794,15.829171,16.36287,15.44677,15.183431,16.196045,17.03702,15.752801,15.489318,17.185461,16.938635,15.770131,15.669297,16.692326,17.092009,16.28137,1.1598222,2.5033064,7.0294075,0.7993502,29.71381,31.963577,38.567894,17.41059,20.85877,20.85771,17.641857,15.884749,16.40531,56.11
4446080.389,657982.2203,85.84556,1.3561221,0.90209126,27.198292,32.27313,36.56479,27.876133,22.65971,31.10377,31.388683,27.366747,29.090042,30.82215,41.251934,37.043118,36.82107,42.47178,46.513176,2.870675,2.1360166,6.355662,7.67675,1383.03,94.641556,-0.119628906,0.5315321,-0.006591797,0,15,0.5978463,0.42988455,0.33462268,0.22992685,0.6835492,1.1303942,2.1892278,16.77019,16.264326,18.09855,15.458299,17.643318,20.025068,17.368505,17.26676,21.81177,17.930645,20.197279,17.101234,23.104837,23.356487,21.663578,20.450548,21.215326,17.36046,19.9366,18.478344,22.162548,21.031607,20.442305,19.99538,17.894854,16.912083,17.339684,17.101194,18.27426,17.712772,16.156054,17.455542,14.738322,15.044586,16.049591,15.687185,15.397417,16.317877,16.938015,15.575885,15.959252,17.140615,16.940556,15.553804,15.77898,16.850424,16.95695,16.366676,1.1291068,2.503346,7.016206,0.7993502,29.73571,31.246227,39.147526,17.375465,20.737976,20.089598,17.341557,15.738998,16.45437,56.11
4446080.389,657987.1001,79.87753,1.3561221,0.90209126,27.198292,32.27313,36.56479,27.876133,22.65971,31.10377,31.388683,27.366747,29.090042,30.82215,41.251934,37.043118,36.82107,42.47178,46.513176,2.870675,2.1360166,6.355662,7.67675,1383.03,94.641556,-0.119628906,0.5315321,-0.006591797,0,15,0.5978463,0.42988455,0.33462268,0.22992685,0.6835492,1.1303942,2.1892278,16.77019,16.264326,18.09855,15.458299,17.643318,20.025068,17.368505,17.26676,21.81177,17.930645,20.197279,17.101234,23.104837,23.356487,21.663578,20.450548,21.215326,17.36046,19.9366,18.478344,22.162548,21.031607,20.442305,19.99538,17.894854,16.912083,17.339684,17.101194,18.27426,17.712772,16.156054,17.455542,14.738322,15.044586,16.049591,15.687185,15.397417,16.317877,16.938015,15.575885,15.959252,17.140615,16.940556,15.553804,15.77898,16.850424,16.95695,16.366676,1.1291068,2.503346,7.016206,0.7993502,29.73571,31.246227,39.147526,17.375465,20.737976,20.089598,17.341557,15.738998,16.45437,56.11
4446080.389,657991.9799,121.77763,1.3597102,0.84861135,27.3458,32.53669,37.082424,28.57362,22.580208,29.790989,30.397604,26.483875,27.573082,29.056969,42.233208,37.77904,37.13581,43.199276,48.446064,2.8733528,2.1231143,6.3200774,7.665302,1382.99,102.51442,0.040039062,0.5285333,-0.001098633,0,15,0.6231817,0.42896283,0.32372022,0.23101304,0.6586788,0.98844385,2.1719413,16.77019,16.264326,18.09855,15.458299,17.643318,20.025068,17.368505,17.26676,21.81177,17.930645,20.197279,17.101234,23.104837,23.356487,21.663578,20.450548,21.215326,17.36046,19.9366,18.478344,22.162548,21.031607,20.442305,19.99538,17.894854,16.912083,17.339684,17.101194,18.27426,17.712772,16.156054,17.455542,14.738322,15.044586,16.049591,15.687185,15.397417,16.317877,16.938015,15.575885,15.959252,17.140615,16.940556,15.553804,15.77898,16.850424,16.95695,16.366676,1.1041608,2.4982336,6.9926896,0.7751345,29.941246,30.094296,40.006126,17.375465,20.737976,20.089598,17.341557,15.738998,16.45437,56.11
4446080.389,657996.8598,113.25514,1.3574257,0.8102915,27.357683,33.195614,37.43447,28.867105,22.443321,29.118395,29.789812,26.130081,26.831852,28.140244,42.771004,37.829357,36.997623,43.582035,49.434147,2.8662717,2.1414704,6.3101277,7.655131,1382.94,110.216324,-0.08105469,0.5798451,-0.004516602,0,15,0.6231817,0.42896283,0.32372022,0.23101304,0.6586788,0.98844385,2.1719413,17.593975,15.96923,16.405117,15.558252,17.751139,19.475092,17.001066,17.035896,21.889086,18.158693,20.123844,16.358776,22.955841,23.079088,21.241776,20.232632,21.45183,17.082554,20.1872,17.963,22.015697,23.179869,19.017212,20.018341,19.222406,17.504547,19.337175,18.293928,18.08284,18.096079,14.882493,18.147114,15.779166,15.28287,15.788694,14.928205,15.9718,16.520302,16.267399,15.659816,16.360415,16.307964,15.977902,15.985047,15.879272,16.842276,16.590658,16.161982,1.0838586,2.503871,6.9826293,0.7751345,30.27665,29.454103,40.30018,17.107695,20.54387,20.128195,17.917067,15.791205,16.277649,56.11
4446080.389,658001.7396,84.4435,1.3642273,0.78968406,27.407343,33.13673,37.45023,28.722004,22.474773,29.054167,28.98361,25.989136,26.987013,28.283163,42.903515,38.11158,37.0861,43.626675,49.169376,2.8569827,2.136155,6.3293967,7.6518784,1382.89,110.22656,-0.119628906,0.58006954,-0.0078125,0,15,0.6231817,0.42896283,0.32372022,0.23101304,0.6586788,0.98844385,2.1719413,17.565346,15.543689,16.003843,16.031246,17.030857,19.601086,17.238472,16.88258,21.524965,17.882366,19.473894,16.819796,22.384207,23.660917,21.762833,20.102573,21.980978,19.166824,20.05596,19.114733,23.592329,23.171434,20.988544,20.91976,18.799463,18.666569,18.648598,18.264177,18.3323,18.327509,17.114082,18.240053,15.757288,14.97114,15.653251,16.566538,15.59828,17.028616,16.017881,15.785073,16.059505,16.24628,15.631705,16.601404,15.0736475,16.290403,17.21284,15.929339,1.0769557,2.4965687,6.990638,0.7751345,30.272038,29.018888,40.507545,17.002077,20.501282,21.152971,18.307528,15.941857,16.159397,56.11
4446080.389,658006.6194,77.08885,1.3563584,0.7721547,27.399887,33.142914,37.40056,28.516556,22.459753,29.338806,29.068901,26.257414,27.314032,28.579617,42.747013,37.74579,36.86164,43.55304,48.871685,2.8337083,2.1325088,6.3640723,7.6584387,1382.85,106.387314,-0.000488281,0.5075718,-0.002197266,0,15,0.6231817,0.42896283,0.32372022,0.23101304,0.6586788,0.98844385,2.1719413,17.565346,15.543689,16.003843,16.031246,17.030857,19.601086,17.238472,16.88258,21.524965,17.882366,19.473894,16.819796,22.384207,23.660917,21.762833,20.102573,21.980978,19.166824,20.05596,19.114733,23.592329,23.171434,20.988544,20.91976,18.799463,18.666569,18.648598,18.264177,18.3323,18.327509,17.114082,18.240053,15.757288,14.97114,15.653251,16.566538,15.59828,17.028616,16.017881,15.785073,16.059505,16.24628,15.631705,16.601404,15.0736475,16.290403,17.21284,15.929339,1.0642565,2.4831085,7.0112553,0.7751345,30.2714,29.203854,40.2464,17.002077,20.501282,21.152971,18.307528,15.941857,16.159397,56.11
4446080.389,658011.4993,89.35342,1.3452154,0.7590482,27.38765,33.278755,37.316864,28.32738,22.228014,29.61583,29.026634,26.272503,27.629215,28.934023,42.630966,37.47216,36.93167,43.59423,48.685932,2.8113484,2.1177607,6.398164,7.6658154,1382.81,104.01566,0.000976563,0.4721605,0,0,15,0.6231817,0.42896283,0.32372022,0.23101304,0.6586788,0.98844385,2.1719413,17.374502,15.738564,16.514149,15.233874,16.928965,19.14072,17.269804,16.698395,22.225779,17.537975,20.114052,16.540058,22.314222,22.24588,21.98386,19.935947,21.02158,19.854168,19.192276,19.891312,22.679697,22.76314,21.991282,20.832815,18.628435,18.686209,17.5706,18.312902,17.55152,17.143263,17.73476,17.805374,15.700426,14.474733,15.482656,14.8584,15.467537,16.111506,16.203321,15.222889,15.669108,16.025717,15.159542,16.394196,15.858547,15.946815,17.086643,15.832478,1.0521319,2.4645545,7.0319896,0.7751345,30.333202,29.321232,40.051563,16.885798,20.423117,21.056208,17.946814,15.471225,16.02008,56.11
4446080.389,658016.3791,116.75172,1.3265909,0.7423681,27.607967,34.32777,37.26031,28.248096,22.269547,29.947947,28.728556,26.511944,27.919575,29.300083,42.446903,37.04251,36.655846,43.457844,48.48756,2.781585,2.1822834,6.434899,7.675178,1382.77,101.96016,0,0.48346072,0.001098633,0,15,0.6231817,0.42896283,0.32372022,0.23101304,0.6586788,0.98844385,2.1719413,16.918634,15.244034,15.985697,15.227382,17.493502,18.452837,16.741497,16.429836,22.23971,18.031971,19.580662,16.6777,22.955294,22.444277,22.01634,20.097982,20.0042,19.639975,20.338367,19.315065,22.727036,22.796936,21.494953,20.66926,17.845274,17.53573,18.984135,18.24623,17.958136,17.238342,18.747486,17.89646,15.292,13.690056,15.412855,15.034705,15.366799,15.728942,17.409937,15.102998,15.556129,15.474372,15.672017,16.114834,16.0872,15.631697,16.388882,15.693976,1.0344795,2.481934,7.0550385,0.7751345,30.967869,29.338251,39.744705,16.580511,20.563707,20.90236,18.079332,15.419328,15.846449,56.11
4446080.389,658021.2589,128.80424,1.2979814,0.73871434,27.652466,34.395485,37.25066,28.201527,22.226141,30.281878,28.468603,26.781942,28.168425,29.697197,42.28529,37.048687,36.164368,43.374447,48.237743,2.739982,2.1456192,6.4574695,7.666923,1382.73,98.11891,0.079589844,0.5063653,0.003295898,0,15,0.6113082,0.42874417,0.31705135,0.23294374,0.66082114,1.0131582,2.1681626,18.085627,15.605105,16.307936,15.622899,19.06038,19.385027,17.966753,17.196594,21.642607,17.434332,19.030487,16.168524,22.484055,22.160666,21.730438,19.610312,18.514814,17.318054,18.03956,17.261957,20.75979,19.11552,17.92003,18.348696,16.719019,15.599579,17.687998,16.27521,17.23688,16.092922,17.414513,16.485138,15.569736,14.106657,15.655872,15.45131,15.570525,16.145542,17.503897,15.406546,15.556129,15.474372,15.672017,16.114834,16.0872,15.631697,16.388882,15.693976,1.0183479,2.4428005,7.0621963,0.77602714,31.023975,29.37524,39.66699,17.43339,20.093016,18.418531,16.718016,15.71479,15.846449,56.11
4446080.389,658026.1388,120.38331,1.288455,0.731304,27.64126,34.39871,37.229904,28.208836,22.216612,30.559444,28.499605,27.005898,28.383797,30.195189,42.128403,36.93599,35.94622,43.201263,47.82311,2.7109828,2.1435118,6.4614973,7.6625695,1382.68,96.67879,-0.07910156,0.4901044,-0.004394531,0,15,0.6113082,0.42874417,0.31705135,0.23294374,0.66082114,1.0131582,2.1681626,18.973322,15.492987,16.543385,16.25543,19.721802,19.930407,16.744913,17.546202,21.944149,17.337685,19.081789,16.218287,22.945957,22.536694,22.130108,19.81889,18.831509,16.936907,18.072687,18.16731,20.024529,19.40238,16.412506,18.100126,16.999468,17.041014,17.65577,16.752865,18.154472,16.483536,16.603119,16.914232,16.167023,15.5257845,14.704054,14.385035,15.737319,15.521365,17.350077,15.293952,15.82588,16.913456,15.883721,16.330688,15.671986,17.115643,16.289501,16.131266,1.0098795,2.4272473,7.0620337,0.77602714,31.019985,29.529526,39.532196,17.666035,20.313524,18.263975,17.098606,15.627235,16.290127,56.11
4446080.389,658031.0186,113.52427,1.2820556,0.72706217,27.884373,34.793083,37.34935,28.292778,22.365763,30.712568,28.551739,27.252834,28.72456,30.819515,41.966106,36.71324,35.591965,42.507175,47.119003,2.6763735,2.1035557,6.4371667,7.6485825,1382.64,98.598076,-0.040039062,0.47834185,-0.002197266,0,15,0.6113082,0.42874417,0.31705135,0.23294374,0.66082114,1.0131582,2.1681626,19.612942,16.484224,17.056265,16.546099,20.19418,21.361725,18.855007,18.316162,21.02695,17.224756,19.421448,16.000803,22.820457,21.099386,21.650862,19.425303,19.296688,16.32373,17.839396,18.037258,20.135603,18.79947,18.115833,18.147425,17.303736,16.195038,16.791773,16.06766,18.020967,16.780758,16.456903,16.707445,15.358564,15.20617,15.0826235,14.41505,15.778122,16.122036,16.762804,15.354413,16.232235,16.745878,15.959411,16.020481,15.41342,17.214914,16.449173,16.22252,1.0045589,2.3899646,7.0428743,0.77602714,31.338728,29.632153,39.339676,18.587206,19.892094,18.363997,16.802404,15.532196,16.290789,56.11
4446080.389,658035.8984,119.0539,1.2692857,0.7219179,27.87102,34.792255,37.510864,28.35163,22.420301,30.946005,28.533152,27.44338,28.983404,31.469788,41.761997,36.76426,35.305054,42.140484,46.331894,2.6471562,2.1013043,6.3970065,7.627827,1382.6,102.70775,-0.040039062,0.455448,-0.002197266,0,15,0.6113082,0.42874417,0.31705135,0.23294374,0.66082114,1.0131582,2.1681626,19.612942,16.484224,17.056265,16.546099,20.19418,21.361725,18.855007,18.316162,21.02695,17.224756,19.421448,16.000803,22.820457,21.099386,21.650862,19.425303,19.296688,16.32373,17.839396,18.037258,20.135603,18.79947,18.115833,18.147425,17.303736,16.195038,16.791773,16.06766,18.020967,16.780758,16.456903,16.707445,15.358564,15.20617,15.0826235,14.41505,15.778122,16.122036,16.762804,15.354413,16.232235,16.745878,15.959411,16.020481,15.41342,17.214914,16.449173,16.22252,0.9956018,2.3742304,7.012417,0.77602714,31.331638,29.739578,39.26313,18.587206,19.892094,18.363997,16.802404,15.532196,16.290789,56.11
4446080.389,658040.7783,125.4956,1.2695199,0.7189168,27.62981,35.064564,37.791584,28.409437,22.619051,31.163473,28.28988,27.251831,29.194803,32.1788,41.600124,36.770264,35.151257,41.932274,45.51305,2.6235285,2.1062458,6.3565764,7.6010222,1382.57,104.91109,0.119140625,0.44439438,0.00769043,0,15,0.6113082,0.42874417,0.31705135,0.23294374,0.66082114,1.0131582,2.1681626,19.51415,16.700068,17.871296,16.153711,19.616566,21.32234,19.340878,18.318964,21.031342,17.294886,19.56759,15.941323,21.943247,22.866474,22.085878,19.61138,18.07407,15.685889,17.74192,16.76262,19.506989,20.960175,18.134758,17.946884,16.923767,15.318807,15.843443,16.120937,17.584295,18.784105,15.037893,16.551184,15.429443,15.382436,14.895998,14.637872,16.11314,16.955008,16.19855,15.508983,15.622603,15.962794,15.681041,17.104021,15.810178,17.317308,16.142963,16.187567,0.99421835,2.3648872,6.9787993,0.77602714,31.347187,29.726677,39.185196,18.645573,20.10439,18.123775,16.516178,15.658921,16.234417,56.11
4446080.389,658045.6581,122.67844,1.2562921,0.7130798,27.615032,35.06165,38.047638,28.49756,22.674652,31.48743,28.283325,27.410074,29.430601,32.930195,41.31614,36.882935,34.84887,41.569794,44.61013,2.5921276,2.1035414,6.3188133,7.58119,1382.53,104.92706,0.080566406,0.44460833,0.004516602,0,15,0.6113082,0.42874417,0.31705135,0.23294374,0.66082114,1.0131582,2.1681626,18.016169,15.711535,17.192337,15.932203,18.900196,21.776981,18.282526,17.649466,20.068102,17.05554,19.0935,15.713389,22.122835,22.81628,22.561235,19.423,18.260748,16.890265,16.820198,16.425097,18.61789,21.092312,19.63754,17.973454,15.450971,15.383124,15.209381,15.260084,16.143297,17.071995,14.879782,15.736726,14.583665,14.035932,15.089083,14.0356655,15.290797,15.631117,14.813716,14.678326,15.269668,16.481974,14.917546,15.933245,15.202805,16.223621,15.885905,15.543444,0.98468596,2.3478346,6.9500017,0.77602714,31.33834,29.885378,39.099537,17.973135,19.918697,18.24915,15.628375,14.782853,15.702108,56.11
4446080.389,658050.5379,122.45291,1.2430111,0.7072936,27.600342,35.058353,38.307285,28.60105,22.742092,31.85947,28.285957,27.584455,29.765585,33.900753,40.98832,36.99623,34.52325,41.130867,43.487846,2.5586946,2.1007328,6.2862387,7.5602927,1382.49,104.02082,0,0.47271174,0.004394531,0,15,0.58812517,0.45955172,0.35043448,0.22726536,0.70320326,1.1522646,2.1973114,18.016169,15.711535,17.192337,15.932203,18.900196,21.776981,18.282526,17.649466,20.068102,17.05554,19.0935,15.713389,22.122835,22.81628,22.561235,19.423,18.260748,16.890265,16.820198,16.425097,18.61789,21.092312,19.63754,17.973454,15.450971,15.383124,15.209381,15.260084,16.143297,17.071995,14.879782,15.736726,14.583665,14.035932,15.089083,14.0356655,15.290797,15.631117,14.813716,14.678326,15.269668,16.481974,14.917546,15.933245,15.202805,16.223621,15.885905,15.543444,0.9751524,2.3297138,6.9232655,0.81116515,31.329348,30.072714,38.992275,17.973135,19.918697,18.24915,15.628375,14.782853,15.702108,56.11
4446080.389,658055.4178,122.232895,1.1888578,0.70303243,27.246052,34.122494,38.20322,28.763239,22.765446,32.526676,29.485935,28.633265,30.502224,35.514362,40.419556,36.815388,33.884403,40.205296,41.760727,2.4937685,2.050694,6.2698994,7.560614,1382.45,102.508224,0.119140625,0.5279833,0.005493164,0,15,0.58812517,0.45955172,0.35043448,0.22726536,0.70320326,1.1522646,2.1973114,18.478115,16.453762,18.218416,17.124018,18.967455,21.462229,20.116268,18.33212,20.605276,16.919613,18.988514,15.525536,21.813698,22.889744,22.265722,19.405695,17.990301,16.689169,15.661158,16.214968,18.394932,20.576235,19.117264,17.542131,15.356324,13.25703,14.893458,15.038809,15.677251,15.847133,14.921938,15.075006,14.080749,13.506892,14.80867,14.95935,14.637784,16.187702,14.692292,14.593176,15.277303,15.055587,15.307948,16.287373,14.536596,16.410616,16.138538,15.399548,0.94594514,2.272231,6.9152565,0.81116515,30.684273,31.006306,38.61747,18.688608,19.858301,17.80629,14.998849,14.696206,15.573423,56.11
4446080.389,658060.2976,117.35428,1.180165,0.70154506,27.551823,33.864037,37.945625,28.913275,22.770374,32.941254,29.647013,29.416992,31.586725,37.770283,39.93585,36.76273,33.300724,39.148346,39.42502,2.45772,2.0411794,6.2599764,7.5261383,1382.4,101.882164,0.000488281,0.5562178,0.002197266,0,15,0.58812517,0.45955172,0.35043448,0.22726536,0.70320326,1.1522646,2.1973114,18.478115,16.453762,18.218416,17.124018,18.967455,21.462229,20.116268,18.33212,20.605276,16.919613,18.988514,15.525536,21.813698,22.889744,22.265722,19.405695,17.990301,16.689169,15.661158,16.214968,18.394932,20.576235,19.117264,17.542131,15.356324,13.25703,14.893458,15.038809,15.677251,15.847133,14.921938,15.075006,14.080749,13.506892,14.80867,14.95935,14.637784,16.187702,14.692292,14.593176,15.277303,15.055587,15.307948,16.287373,14.536596,16.410616,16.138538,15.399548,0.940855,2.2494497,6.8930573,0.81116515,30.70793,31.294132,38.34929,18.688608,19.858301,17.80629,14.998849,14.696206,15.573423,56.11
4446080.389,658065.1774,116.11174,1.1557817,0.7005469,27.67814,33.99458,37.74109,29.137636,22.94431,33.43066,30.01318,30.143732,32.717377,40.238113,39.402096,36.43647,32.66401,37.92497,36.83187,2.4085007,2.0100117,6.2527676,7.491184,1382.35,101.32189,0.03955078,0.65726995,0.004394531,0,15,0.58812517,0.45955172,0.35043448,0.22726536,0.70320326,1.1522646,2.1973114,18.644606,16.23459,18.223116,16.569818,20.064991,22.539206,19.73258,18.566223,20.258762,16.916979,18.641886,15.985618,21.565643,21.998545,21.057943,19.127407,17.769253,18.174715,15.53934,16.735851,18.294596,20.584179,17.34246,17.56032,15.646649,14.167018,15.398187,14.463977,16.411951,17.861502,15.154511,15.675644,13.785815,12.477926,14.715287,13.680724,14.314501,16.11497,15.734506,14.291859,15.714294,15.223937,15.47169,15.73545,14.50678,16.160143,16.088861,15.414945,0.92816436,2.2092562,6.871976,0.81116515,30.83636,31.72192,37.91928,18.858416,19.489338,17.777199,15.586257,14.403389,15.557307,56.11
4446075.405,657923.6623,96.414536,1.2569824,1.6698173,26.970505,28.98937,25.40468,22.343376,22.68789,44.951443,36.96728,36.954315,42.144325,42.183456,28.216862,32.976994,36.49579,36.001175,35.487236,2.5366843,2.1135807,7.409406,8.166381,1383.98,66.64048,-0.16015625,1.3729844,-0.011108398,0,15,0.5904523,0.39436832,0.29664865,0.2323382,0.66503316,0.8253858,1.5155851,19.41565,15.572523,16.910564,16.706823,19.24088,20.204578,16.90308,17.759552,23.250748,17.970293,19.836143,17.296848,24.10615,25.458208,23.93347,21.258291,23.266743,19.680716,19.161352,18.843107,21.849045,25.504915,23.503933,21.25895,22.031744,21.341986,19.658808,21.248322,20.933893,23.013815,20.878569,21.259022,15.36363,15.8915415,15.239542,15.271026,17.263767,17.270252,16.258556,15.927507,17.47389,17.600155,18.193127,17.72912,17.523766,17.722532,17.9975,17.690786,1.4633999,2.3251324,7.7878933,0.6456874,27.979939,40.959362,30.596928,17.850584,21.693121,21.687117,21.30102,16.07976,17.748585,56.11
4446075.405,657928.5421,95.85475,1.2553225,1.6679041,26.946388,29.510708,25.59044,22.318727,22.695278,46.278854,37.064835,37.53799,42.744705,42.17592,27.074846,32.28832,35.88566,35.617634,35.372757,2.5423505,2.1195698,7.4669433,8.164615,1383.86,68.52455,-0.35986328,1.3695136,-0.022216797,0,15,0.5904523,0.39436832,0.29664865,0.2323382,0.66503316,0.8253858,1.5155851,19.41565,15.572523,16.910564,16.706823,19.24088,20.204578,16.90308,17.759552,23.240614,17.956635,19.822199,17.282162,24.090405,25.453653,23.928915,21.246153,23.35602,19.859266,19.239468,18.932383,22.005276,25.594189,23.593206,21.371967,22.452682,21.552456,20.211287,21.669256,21.486372,23.434753,21.299505,21.69787,15.36363,15.891169,15.239542,15.271026,17.263441,17.270252,16.258556,15.927396,17.489035,17.613163,18.206757,17.742016,17.537018,17.740473,18.012642,17.704927,1.4616133,2.3309603,7.8157787,0.6456874,28.228548,41.671844,29.681583,17.850584,21.682083,21.797115,21.729473,16.07966,17.763014,56.11
4446075.405,657933.4219,100.84414,1.2844881,1.6357176,26.918367,29.908394,26.434843,22.496473,22.77526,46.24025,36.806023,37.326366,42.568413,42.129574,27.291018,32.13828,35.129288,35.573277,35.346302,2.6121767,2.110718,7.4167523,8.120845,1383.76,70.33984,-0.16015625,1.2772456,-0.013305664,0,15,0.603453,0.4267639,0.33646408,0.22115357,0.68078566,1.1058267,2.19929,19.304272,15.908719,17.737682,16.453302,19.382654,20.23608,17.842264,18.015366,23.3252,17.956955,20.663982,17.159159,24.001379,25.18927,24.277254,21.279034,22.85166,20.290525,19.53989,19.958069,21.400795,26.242222,23.093962,21.41326,20.44791,21.572428,20.85696,21.196981,19.798111,24.601538,21.024393,21.26743,15.376363,15.846469,16.234041,15.116781,16.37607,17.126682,17.032187,16.005972,17.43475,17.708607,19.151632,16.745663,17.783436,17.653004,18.447845,17.838894,1.4601028,2.3614473,7.768799,0.79624814,28.41338,41.523136,29.71465,18.123568,21.796171,21.911016,21.356903,16.15837,17.846418,56.11
4446075.405,657938.3018,100.29797,1.2958353,1.5695271,26.91571,29.917446,27.618246,22.796284,22.815487,44.734592,36.28161,36.248165,41.548073,41.935047,28.891445,32.799355,35.32465,36.17984,35.574936,2.6469696,2.1145396,7.2710924,8.058294,1383.67,71.570045,0.12060547,1.2680006,0.005615234,0,15,0.603453,0.4267639,0.33646408,0.22115357,0.68078566,1.1058267,2.19929,19.580206,16.359028,17.076546,15.941828,18.8299,19.80538,18.092663,17.778019,23.012287,18.34641,20.281805,17.236067,24.389826,25.163523,23.288757,21.299368,23.892927,19.061018,19.073376,19.852686,21.48028,25.998962,21.353764,21.257032,20.914928,21.623129,20.381012,20.894543,19.991219,24.932146,19.850054,21.274614,15.5073805,14.893335,16.478397,15.283571,16.211657,16.678785,16.81673,15.853186,17.749447,17.498537,18.040121,17.368958,17.93242,17.65272,19.027561,17.801128,1.4326812,2.3807545,7.6646934,0.79624814,28.416578,40.508102,30.8454,17.955078,21.674097,21.53043,21.226719,15.981408,17.89568,56.11
4446075.405,657943.1816,93.21967,1.3074983,1.4950336,26.915888,29.927147,28.854898,23.115168,22.848274,43.02673,35.705246,35.099537,40.40082,41.49992,30.671303,33.526806,35.558376,36.859406,36.044456,2.6843193,2.1184337,7.114551,7.993115,1383.56,72.41854,0.000976563,1.2322137,-0.002197266,0,15,0.603453,0.4267639,0.33646408,0.22115357,0.68078566,1.1058267,2.19929,19.580206,16.359028,17.076546,15.941828,18.8299,19.80538,18.092663,17.778019,23.012287,18.34641,20.281805,17.236067,24.389826,25.163523,23.288757,21.299368,23.892927,19.061018,19.073376,19.852686,21.48028,25.998962,21.353764,21.257032,20.914928,21.623129,20.381012,20.894543,19.991219,24.932146,19.850054,21.274614,15.5073805,14.893335,16.478397,15.283571,16.211657,16.678785,16.81673,15.853186,17.749447,17.498537,18.040121,17.368958,17.93242,17.65272,19.027561,17.801128,1.401266,2.4013765,7.553833,0.79624814,28.421516,39.36599,32.099052,17.955078,21.674097,21.53043,21.226719,15.981408,17.89568,56.11
4446075.405,657948.0614,96.39126,1.3184758,1.4215083,26.915455,30.455048,30.04454,23.471813,22.813221,41.410522,34.940674,34.128048,39.121155,40.77383,32.338646,34.15316,35.6543,37.790535,36.84845,2.7228785,2.125895,6.9663334,7.9265437,1383.46,73.06765,-0.080566406,1.0331227,-0.010009766,0,15,0.603453,0.4267639,0.33646408,0.22115357,0.68078566,1.1058267,2.19929,18.980536,16.934656,17.741203,16.563457,17.25963,20.535336,18.132748,17.84236,22.228498,18.681263,20.697706,17.361296,24.676233,25.147564,23.745346,21.44066,22.296154,21.190228,20.202795,19.402512,22.374588,25.6196,22.159367,21.582378,20.127878,22.258665,21.027515,21.793833,20.408596,23.7251,19.246433,21.358511,15.31526,15.724284,15.534031,15.5867,15.907776,17.737919,16.23843,15.966794,17.236443,18.208117,18.100368,17.807524,18.403744,18.277298,19.016886,18.106577,1.369992,2.4243867,7.446439,0.79624814,28.685251,38.1756,33.245903,18.021082,21.791128,21.892178,21.226858,16.006344,18.150053,56.11
4446075.405,657952.9413,102.8007,1.3207145,1.3430679,27.154255,30.585176,31.243511,23.72131,22.736097,39.87242,35.04152,33.333504,38.048244,39.824142,33.836407,34.325134,35.41535,38.449043,37.780632,2.7476623,2.109013,6.8452477,7.8787365,1383.37,75.7268,-0.36035156,0.87155277,-0.020019531,0,15,0.603453,0.4267639,0.33646408,0.22115357,0.68078566,1.1058267,2.19929,18.752794,16.585222,17.39558,15.895215,18.662983,20.22324,18.244366,17.720224,23.370121,18.991053,20.239529,17.14308,24.295658,24.341742,23.623549,21.281532,21.647432,20.126156,20.67425,19.519909,20.864094,23.893408,22.757132,20.96123,21.492252,20.850271,21.1953,20.612614,21.278807,21.902561,20.870932,21.125084,16.108393,14.151733,15.058846,14.153985,17.554636,16.969995,16.89462,15.663464,16.729425,17.400042,17.355047,18.099325,16.592491,17.672916,17.921942,17.300919,1.3318912,2.4283376,7.361992,0.79624814,28.869717,37.45697,34.080772,17.965628,21.714962,21.354626,21.171818,15.841744,17.395884,56.11
4446075.405,657957.8211,103.47574,1.3268251,1.2735536,26.963873,31.181458,32.39253,24.008533,22.74258,38.433525,34.64435,32.472313,36.91623,38.600033,35.3085,34.459133,35.112766,39.040115,38.98048,2.7747142,2.129395,6.7193847,7.817119,1383.31,79.52429,-0.07910156,0.78661156,-0.008789063,0,15,0.603453,0.4267639,0.33646408,0.22115357,0.68078566,1.1058267,2.19929,18.752794,16.585222,17.39558,15.895215,18.662983,20.22324,18.244366,17.720224,23.370121,18.991053,20.239529,17.14308,24.295658,24.341742,23.623549,21.281532,21.647432,20.126156,20.67425,19.519909,20.864094,23.893408,22.757132,20.96123,21.492252,20.850271,21.1953,20.612614,21.278807,21.902561,20.870932,21.125084,16.108393,14.151733,15.058846,14.153985,17.554636,16.969995,16.89462,15.663464,16.729425,17.400042,17.355047,18.099325,16.592491,17.672916,17.921942,17.300919,1.3001894,2.4520545,7.268252,0.79624814,29.072666,36.538937,34.883816,17.965628,21.714962,21.354626,21.171818,15.841744,17.395884,56.11
4446075.405,657962.7009,98.96998,1.331732,1.2020284,26.989298,31.191278,33.21241,24.449284,22.725428,36.90113,34.125885,31.540602,35.58563,37.23786,36.680294,35.00448,35.441868,39.76861,40.282066,2.7981145,2.1300313,6.6237783,7.782087,1383.25,81.88188,0,0.7094574,-0.003295898,0,15,0.5978463,0.42988455,0.33462268,0.22992685,0.6835492,1.1303942,2.1892278,19.156712,17.370008,17.633507,15.740582,19.525738,20.169647,18.20474,18.109524,22.829803,18.206142,20.581776,16.334799,23.154,23.541233,21.892317,20.658266,20.423498,19.525028,19.407854,18.223263,21.848467,23.639269,22.52313,20.525677,19.740057,19.926981,19.465237,18.39098,20.059706,21.084179,19.759884,19.829844,15.377038,14.58454,15.294432,15.117186,16.020302,16.399214,16.740183,15.549994,15.655836,16.487463,15.929627,17.182127,15.636824,16.135763,16.704203,16.18057,1.2668803,2.464073,7.2029324,0.7993502,29.090288,35.513508,35.842384,18.257277,20.934296,20.798643,19.77529,15.647557,16.247406,56.11
4446075.405,657967.5808,93.06267,1.3259164,1.1338849,27.137442,32.182053,33.912357,25.094011,22.803995,35.399353,33.03163,30.490313,34.109383,35.79912,37.902145,35.4339,35.859646,40.49642,41.587036,2.815906,2.1418588,6.54579,7.7494845,1383.19,86.343994,-0.040527344,0.6745251,-0.002319336,0,15,0.5978463,0.42988455,0.33462268,0.22992685,0.6835492,1.1303942,2.1892278,18.125872,16.875864,17.237349,15.568176,16.666813,19.904385,17.623875,17.262318,22.079794,17.999538,20.59141,16.184732,22.884193,23.911806,22.5094,20.488518,20.829832,19.434387,19.820465,17.700308,22.33613,22.649506,22.363802,20.59624,18.382767,17.953281,17.457628,17.070194,17.896132,19.93021,17.132223,18.120518,15.396274,15.097479,15.19305,14.71537,15.117308,16.710173,16.698355,15.415036,15.50354,15.825873,16.07632,16.817583,15.322697,16.262512,16.468311,15.981897,1.2299006,2.4788823,7.1476374,0.7993502,29.659748,34.215492,36.668022,17.428905,20.880123,20.73349,17.974634,15.561144,16.039549,56.11
4446075.405,657972.4606,94.4053,1.3307302,1.0622083,27.180899,32.19519,34.496803,25.77756,22.802965,34.014877,32.565582,29.622602,32.590797,34.25691,38.97457,35.81458,36.24803,41.1903,43.002712,2.8271642,2.1424675,6.483244,7.7315965,1383.13,92.492195,-0.079589844,0.65944016,-0.004394531,0,15,0.5978463,0.42988455,0.33462268,0.22992685,0.6835492,1.1303942,2.1892278,18.125872,16.875864,17.237349,15.568176,16.666813,19.904385,17.623875,17.262318,22.079794,17.999538,20.59141,16.184732,22.884193,23.911806,22.5094,20.488518,20.829832,19.434387,19.820465,17.700308,22.33613,22.649506,22.363802,20.59624,18.382767,17.953281,17.457628,17.070194,17.896132,19.93021,17.132223,18.120518,15.396274,15.097479,15.19305,14.71537,15.117308,16.710173,16.698355,15.415036,15.50354,15.825873,16.07632,16.817583,15.322697,16.262512,16.468311,15.981897,1.1964693,2.4848158,7.10742,0.7993502,29.688046,33.29023,37.394577,17.428905,20.880123,20.73349,17.974634,15.561144,16.039549,56.11
4446075.405,657977.3404,87.78674,1.3400568,0.98984385,27.159168,32.270363,35.001972,26.446156,22.735907,32.685505,31.848269,28.51223,31.037249,32.59142,39.99962,36.31612,36.8951,42.019337,44.574394,2.8346834,2.1354764,6.432833,7.7247367,1383.08,95.71752,-0.000488281,0.5756625,0,0,15,0.5978463,0.42988455,0.33462268,0.22992685,0.6835492,1.1303942,2.1892278,18.431866,16.685009,17.166794,15.48893,18.029488,20.282125,17.44332,17.582878,21.980646,18.221071,19.657633,16.768091,22.86621,23.337423,22.78338,20.407162,21.36758,19.568165,20.839952,20.346981,23.10652,23.976522,22.209402,21.503075,18.186808,18.076994,18.125124,17.946108,18.7462,19.87378,17.877558,18.493862,15.791512,15.122123,16.109886,15.376825,15.857735,16.427141,17.767168,15.911,15.3199415,16.257572,16.079561,16.752802,15.971273,16.166422,16.908014,16.080559,1.1649504,2.4850798,7.078785,0.7993502,29.714766,32.266888,38.157867,17.646791,20.802065,21.630732,18.404652,16.064627,16.207941,56.11
4446075.405,657982.2203,62.778404,1.3424911,0.9238155,27.200733,32.28189,35.456364,27.03926,22.695374,31.46699,31.45208,27.80158,29.605757,30.974493,40.918148,36.619442,37.22344,42.7204,46.17284,2.8380575,2.1353528,6.3846593,7.7144947,1383.04,97.31481,0.2006836,0.5630443,0.011108398,0,15,0.5978463,0.42988455,0.33462268,0.22992685,0.6835492,1.1303942,2.1892278,17.29395,16.079727,17.490429,14.891319,18.168543,19.586721,17.547834,17.169672,21.555645,18.289461,19.59816,16.593292,22.91355,23.078794,22.52156,20.28666,22.441721,18.436993,19.18898,20.672792,21.839123,23.699219,20.63345,20.784235,19.167807,17.313135,18.375492,18.631268,18.310616,19.416265,16.377163,18.362806,15.723257,14.758746,15.676468,16.002039,16.185448,16.63754,17.17413,15.886827,15.508405,16.246166,15.671446,16.310352,15.897642,15.851725,16.39266,15.863536,1.1331533,2.4867053,7.0495768,0.7993502,29.741312,31.459534,38.768795,17.294075,20.650068,20.987469,18.227392,16.022518,15.982628,56.11
4446075.405,657987.1001,111.14404,1.3424911,0.9238155,27.200733,32.28189,35.456364,27.03926,22.695374,31.46699,31.45208,27.80158,29.605757,30.974493,40.918148,36.619442,37.22344,42.7204,46.17284,2.8380575,2.1353528,6.3846593,7.7144947,1383.04,97.31481,0.2006836,0.5630443,0.011108398,0,15,0.5978463,0.42988455,0.33462268,0.22992685,0.6835492,1.1303942,2.1892278,17.29395,16.079727,17.490429,14.891319,18.168543,19.586721,17.547834,17.169672,21.555645,18.289461,19.59816,16.593292,22.91355,23.078794,22.52156,20.28666,22.441721,18.436993,19.18898,20.672792,21.839123,23.699219,20.63345,20.784235,19.167807,17.313135,18.375492,18.631268,18.310616,19.416265,16.377163,18.362806,15.723257,14.758746,15.676468,16.002039,16.185448,16.63754,17.17413,15.886827,15.508405,16.246166,15.671446,16.310352,15.897642,15.851725,16.39266,15.863536,1.1331533,2.4867053,7.0495768,0.7993502,29.741312,31.459534,38.768795,17.294075,20.650068,20.987469,18.227392,16.022518,15.982628,56.11
4446075.405,657991.9799,96.97419,1.3448652,0.86363477,27.337675,32.546352,35.8981,27.537544,22.663073,30.427,30.530165,27.071358,28.384163,29.578451,41.711685,37.182804,37.458473,43.35084,47.613304,2.8363824,2.1224031,6.3473797,7.703555,1382.98,98.52136,-0.040527344,0.57936907,-0.001098633,0,15,0.6231817,0.42896283,0.32372022,0.23101304,0.6586788,0.98844385,2.1719413,17.29395,16.079727,17.490429,14.891319,18.168543,19.586721,17.547834,17.169672,21.555645,18.289461,19.59816,16.593292,22.91355,23.078794,22.52156,20.28666,22.441721,18.436993,19.18898,20.672792,21.839123,23.699219,20.63345,20.784235,19.167807,17.313135,18.375492,18.631268,18.310616,19.416265,16.377163,18.362806,15.723257,14.758746,15.676468,16.002039,16.185448,16.63754,17.17413,15.886827,15.508405,16.246166,15.671446,16.310352,15.897642,15.851725,16.39266,15.863536,1.10425,2.4793928,7.0254674,0.7751345,29.942013,30.478582,39.447243,17.294075,20.650068,20.987469,18.227392,16.022518,15.982628,56.11
4446075.405,657996.8598,95.65783,1.3426948,0.81866324,27.347017,33.20706,36.273434,27.82366,22.523684,29.767803,29.906734,26.722776,27.660545,28.73065,42.259037,37.211243,37.28134,43.715797,48.534134,2.828898,2.141304,6.329835,7.689461,1382.93,97.27951,-0.0390625,0.5629999,-0.002197266,0,15,0.6231817,0.42896283,0.32372022,0.23101304,0.6586788,0.98844385,2.1719413,17.395954,15.884177,16.191545,15.475856,17.785166,19.532194,16.7141,16.930685,21.37204,17.681473,19.194178,16.326588,23.590298,23.632643,21.651852,20.235691,22.486141,18.372831,19.501593,18.565027,21.118416,22.802893,19.415442,20.219143,19.459784,17.848536,17.719994,17.56838,17.546799,18.580875,15.906743,17.95444,15.669504,14.797758,15.495006,13.637978,16.251083,16.71076,16.43059,15.45543,16.62092,16.041513,15.582474,15.248086,15.4323845,16.472301,16.498343,15.860013,1.0806789,2.485101,7.0096483,0.7751345,30.277039,29.837269,39.735138,16.996998,20.492725,20.323193,17.804445,15.570383,15.985146,56.11
4446075.405,658001.7396,86.84482,1.350276,0.7898605,27.406147,33.14759,36.431076,27.930294,22.4932,29.351019,29.00831,26.317453,27.398636,28.503675,42.670124,37.707603,37.502243,43.923473,48.81228,2.823699,2.1365273,6.331433,7.680728,1382.88,96.32314,-0.080078125,0.51913476,-0.006713867,0,15,0.6231817,0.42896283,0.32372022,0.23101304,0.6586788,0.98844385,2.1719413,17.294058,15.129989,17.03085,15.717883,17.184477,19.466116,16.453512,16.830671,21.368755,17.345411,19.486477,16.88849,22.298351,24.017727,21.581692,20.145588,22.165152,18.722612,19.530016,18.285955,21.575417,23.619091,20.719212,20.580296,19.16936,17.812853,17.179346,17.45817,17.775414,18.427967,16.409273,17.888641,15.603665,14.460023,15.565895,14.245935,16.178352,16.93379,15.989807,15.453129,16.660793,16.264994,15.4897785,15.492828,15.4380865,15.271919,16.585535,15.74669,1.0700682,2.480113,7.0060806,0.7751345,30.276869,29.179665,40.188866,16.896698,20.4267,20.659636,17.747482,15.56821,15.886276,56.11
4446075.405,658006.6194,83.36782,1.3342282,0.7688707,27.868467,33.934692,36.420937,27.900429,22.278568,29.426441,28.712076,26.28452,27.476936,28.668516,42.62395,37.38481,37.634594,44.002552,48.807987,2.7805057,2.1577115,6.3579774,7.6802945,1382.84,98.62821,-0.040527344,0.47784942,-0.002319336,0,15,0.6231817,0.42896283,0.32372022,0.23101304,0.6586788,0.98844385,2.1719413,17.294058,15.129989,17.03085,15.717883,17.184477,19.466116,16.453512,16.830671,21.368755,17.345411,19.486477,16.88849,22.298351,24.017727,21.581692,20.145588,22.165152,18.722612,19.530016,18.285955,21.575417,23.619091,20.719212,20.580296,19.16936,17.812853,17.179346,17.45817,17.775414,18.427967,16.409273,17.888641,15.603665,14.460023,15.565895,14.245935,16.178352,16.93379,15.989807,15.453129,16.660793,16.264994,15.4897785,15.492828,15.4380865,15.271919,16.585535,15.74669,1.0515494,2.4691086,7.019136,0.7751345,30.90158,29.06926,40.00438,16.896698,20.4267,20.659636,17.747482,15.56821,15.886276,56.11
4446075.405,658011.4993,88.385956,1.3218845,0.7488553,27.622375,34.33365,36.451115,27.900908,22.28259,29.685778,28.61986,26.427599,27.65486,28.93781,42.564644,37.042736,37.32834,43.908478,48.74879,2.7790425,2.1865504,6.3996716,7.692687,1382.8,101.99335,0.000488281,0.4829839,-0.001098633,0,15,0.6231817,0.42896283,0.32372022,0.23101304,0.6586788,0.98844385,2.1719413,17.42495,15.34416,17.349222,15.62924,16.55257,18.94543,16.18537,16.693613,22.45924,17.68244,19.99366,16.672142,22.490839,23.557268,21.966223,20.243685,22.811815,20.479324,18.845425,20.92336,21.683998,23.971066,21.124777,21.29556,18.901003,18.58317,17.585516,18.679659,17.73325,18.755371,16.39539,18.180256,14.847861,14.161123,16.234072,14.27543,15.912439,15.821818,16.429508,15.220211,15.954666,16.180492,16.17636,16.083725,16.228218,16.36505,17.287987,16.211079,1.0353699,2.4827964,7.0461793,0.7751345,30.978012,29.152819,39.803688,16.77585,20.68883,21.40568,18.090479,15.383179,16.325214,56.11
4446075.405,658016.3791,104.87765,1.3144063,0.73854303,27.607208,34.337933,36.358192,27.91526,22.179613,30.007345,28.736881,26.636568,27.864689,29.310482,42.461708,36.768654,37.14551,43.7896,48.700592,2.7543473,2.1854584,6.451243,7.703672,1382.76,102.72436,0,0.45565704,-0.001098633,0,15,0.6231817,0.42896283,0.32372022,0.23101304,0.6586788,0.98844385,2.1719413,17.93843,15.448277,16.679295,15.774367,18.12968,19.679201,18.15463,17.14026,22.193834,17.062315,18.60045,16.052023,21.857992,21.707537,21.92152,19.404518,18.42712,18.326412,17.931477,17.74845,20.248295,18.142147,18.285229,18.377401,17.24433,16.204954,16.36332,16.282984,16.497627,16.375097,17.129915,16.358662,15.639237,14.260718,16.74076,14.947541,15.675459,14.883082,16.635563,15.402502,15.283884,16.128977,16.192984,16.321392,16.048319,15.98107,16.351318,15.951124,1.0264747,2.469903,7.0774574,0.7751345,30.97257,29.372112,39.61518,17.400555,19.913668,18.444162,16.58546,15.540338,16.043993,56.11
4446075.405,658021.2589,120.78829,1.301894,0.7359603,27.993362,34.925556,36.21336,27.95626,21.885862,30.319912,28.408722,26.634893,28.024767,29.744165,42.359962,36.618507,37.124645,43.813686,48.715607,2.7035546,2.2010014,6.504437,7.7100773,1382.72,97.13578,-0.040527344,0.46168047,-0.001098633,0,15,0.6113082,0.42874417,0.31705135,0.23294374,0.66082114,1.0131582,2.1681626,17.93843,15.448277,16.679295,15.774367,18.12968,19.679201,18.15463,17.14026,22.193834,17.062315,18.60045,16.052023,21.857992,21.707537,21.92152,19.404518,18.42712,18.326412,17.931477,17.74845,20.248295,18.142147,18.285229,18.377401,17.24433,16.204954,16.36332,16.282984,16.497627,16.375097,17.129915,16.358662,15.639237,14.260718,16.74076,14.947541,15.675459,14.883082,16.635563,15.402502,15.283884,16.128977,16.192984,16.321392,16.048319,15.98107,16.351318,15.951124,1.0189271,2.4522781,7.107257,0.77602714,31.45946,29.364317,39.489235,17.400555,19.913668,18.444162,16.58546,15.540338,16.043993,56.11
4446075.405,658026.1388,129.72816,1.2809505,0.73027366,28.155119,35.383194,36.23861,28.01143,21.999676,30.615528,28.301533,27.073092,28.233654,30.26564,42.191498,36.42701,36.64472,43.61227,48.315136,2.6644168,2.1615303,6.523386,7.702496,1382.68,93.371284,0.000488281,0.48762244,0,0,15,0.6113082,0.42874417,0.31705135,0.23294374,0.66082114,1.0131582,2.1681626,19.434134,15.532464,17.281881,15.681315,18.675808,20.845123,17.291624,17.652594,21.976976,17.93611,18.678633,16.335815,22.210575,22.423967,22.093386,19.729694,17.891811,18.414602,19.387636,18.452234,19.042439,18.748474,17.147131,18.361483,16.885244,16.2155,16.44245,16.151089,16.987087,17.711054,16.07861,16.506756,15.638116,14.119323,15.701346,14.273367,15.423325,15.417426,16.38714,15.08713,15.092647,15.710478,15.760689,16.085583,15.657521,16.580744,16.350477,15.740945,1.0056121,2.4129734,7.112941,0.77602714,31.769157,29.45853,39.309254,17.820337,20.236494,18.440617,16.63872,15.280006,15.891162,56.11
4446075.405,658031.0186,121.957436,1.2769822,0.7282656,28.104837,35.31924,36.578354,28.074543,22.221104,30.625618,28.361471,27.12493,28.615509,30.964382,42.121296,36.422764,36.401337,42.94436,47.388416,2.6370819,2.1493733,6.4668345,7.669855,1382.64,94.89909,0.080078125,0.5036548,0.003295898,0,15,0.6113082,0.42874417,0.31705135,0.23294374,0.66082114,1.0131582,2.1681626,19.258287,15.949498,17.252626,16.048855,20.336143,21.47623,18.995392,18.198603,20.493992,17.017363,18.97724,16.01208,21.66733,22.52498,22.975498,19.436111,18.97025,18.017942,19.314402,18.136179,19.216894,19.424366,19.216476,18.80777,16.708988,16.27146,16.30978,15.927466,16.674747,17.644018,17.189434,16.403286,15.529982,13.925859,14.948748,14.553213,15.399654,15.392217,16.22027,14.873977,15.127899,15.803925,15.743147,16.357363,15.115771,16.567188,16.116343,15.74538,1.0026239,2.3932276,7.068345,0.77602714,31.71204,29.493546,39.27203,18.473862,19.952639,18.899502,16.675127,15.138563,15.83309,56.11
4446075.405,658035.8984,118.14903,1.265555,0.7250614,28.09636,35.320354,36.909843,28.09868,22.30959,30.723326,28.283274,27.262022,28.947948,31.706947,41.987576,36.496475,36.078743,42.552628,46.448837,2.6126103,2.148362,6.4095044,7.637722,1382.59,98.60435,-0.080566406,0.4779961,-0.005615234,0,15,0.6113082,0.42874417,0.31705135,0.23294374,0.66082114,1.0131582,2.1681626,19.258287,15.949498,17.252626,16.048855,20.336143,21.47623,18.995392,18.198603,20.493992,17.017363,18.97724,16.01208,21.66733,22.52498,22.975498,19.436111,18.97025,18.017942,19.314402,18.136179,19.216894,19.424366,19.216476,18.80777,16.708988,16.27146,16.30978,15.927466,16.674747,17.644018,17.189434,16.403286,15.529982,13.925859,14.948748,14.553213,15.399654,15.392217,16.22027,14.873977,15.127899,15.803925,15.743147,16.357363,15.115771,16.567188,16.116343,15.74538,0.9953082,2.380486,7.023613,0.77602714,31.708357,29.5033,39.242027,18.473862,19.952639,18.899502,16.675127,15.138563,15.83309,56.11
4446075.405,658040.7783,128.23706,1.2536343,0.723727,28.10718,35.461006,37.34621,28.097935,22.451399,30.909586,28.017952,27.309526,29.39874,32.548412,41.773483,36.571476,35.50572,41.99368,45.44972,2.5783703,2.1354022,6.3587914,7.6011043,1382.55,102.7008,-0.07910156,0.45489785,-0.005493164,0,15,0.6113082,0.42874417,0.31705135,0.23294374,0.66082114,1.0131582,2.1681626,17.983047,14.81605,16.74946,15.076308,17.437475,21.216139,18.749723,17.014399,20.691406,16.478628,19.482414,16.24394,21.564129,22.984806,23.368307,19.560438,19.234447,16.910437,17.505426,17.07088,19.225998,20.30549,19.105968,18.288864,15.603745,14.763023,15.618139,14.425048,16.493856,17.379337,15.122325,15.543472,15.047839,14.277638,14.338405,13.510972,15.338953,15.75236,15.787369,14.606847,14.402433,15.296305,14.858965,14.938585,15.27458,16.741104,15.8146,15.222537,0.98868066,2.3568864,6.979948,0.77602714,31.784092,29.463768,39.172478,17.4326,20.116232,18.479807,15.6293545,14.864791,15.332367,56.11
4446075.405,658045.6581,127.24554,1.2404617,0.7205372,28.093008,35.458473,37.603687,28.155245,22.505056,31.17821,28.018415,27.51744,29.836786,33.51621,41.537846,36.643524,35.148193,41.494976,44.36786,2.5502198,2.1327372,6.322995,7.57707,1382.51,104.91547,-0.12011719,0.44494623,-0.0078125,0,15,0.6113082,0.42874417,0.31705135,0.23294374,0.66082114,1.0131582,2.1681626,17.59083,15.925258,16.922089,14.924142,18.312695,20.890772,18.729626,17.304144,20.361004,16.312666,19.345856,15.560575,22.152124,22.489164,22.814327,19.352427,18.631802,17.253399,17.227062,16.870363,20.540192,21.434689,19.67477,18.695118,15.638555,14.9333315,15.52848,14.173188,15.900357,16.95142,15.2380705,15.450421,14.292769,14.680869,14.912392,13.467417,15.131299,16.053911,14.6801815,14.683081,14.71309,15.665634,15.351114,15.732554,15.463662,16.282673,15.41749,15.481815,0.98049945,2.3414783,6.9500327,0.77602714,31.775742,29.598312,39.090683,17.61363,19.862246,18.804611,15.480486,14.745549,15.51803,56.11
4446075.405,658050.5379,124.3718,1.2008672,0.7189077,27.478697,35.052917,37.666924,28.20294,22.446564,31.76772,28.928276,28.275427,30.470041,34.760643,41.129044,36.350964,34.651684,40.81437,43.0105,2.497463,2.0888321,6.304933,7.568888,1382.48,105.25153,0.079589844,0.48986876,0.003295898,0,15,0.58812517,0.45955172,0.35043448,0.22726536,0.70320326,1.1522646,2.1973114,17.59083,15.925258,16.922089,14.924142,18.312695,20.890772,18.729626,17.304144,20.361004,16.312666,19.345856,15.560575,22.152124,22.489164,22.814327,19.352427,18.631802,17.253399,17.227062,16.870363,20.540192,21.434689,19.67477,18.695118,15.638555,14.9333315,15.52848,14.173188,15.900357,16.95142,15.2380705,15.450421,14.292769,14.680869,14.912392,13.467417,15.131299,16.053911,14.6801815,14.683081,14.71309,15.665634,15.351114,15.732554,15.463662,16.282673,15.41749,15.481815,0.95988744,2.2931476,6.9369106,0.81116515,31.265808,30.347998,38.740005,17.61363,19.862246,18.804611,15.480486,14.745549,15.51803,56.11
4446075.405,658055.4178,130.44742,1.1824846,0.7148068,27.242222,34.134922,37.73873,28.407228,22.665956,32.23596,29.492935,28.76713,31.215714,36.394707,40.734108,36.418415,34.058525,39.95379,41.28356,2.4858508,2.0561683,6.2910805,7.56071,1382.43,105.50807,-0.07910156,0.53492635,-0.004394531,0,15,0.58812517,0.45955172,0.35043448,0.22726536,0.70320326,1.1522646,2.1973114,19.067844,16.642223,18.116024,17.276827,19.838457,21.35583,19.869795,18.579779,20.365234,16.226011,19.089315,15.941014,22.022814,22.362476,22.369875,19.298176,18.709187,17.845905,16.817764,15.438384,20.095625,20.692244,18.632277,18.171425,15.79602,14.8213415,15.159848,14.766876,15.739235,17.351625,15.047235,15.491546,14.329928,14.611247,15.233659,13.711959,15.246601,15.262973,15.153148,14.733122,14.631612,15.048631,15.410073,14.762855,16.318306,16.172773,15.573321,15.401792,0.9486457,2.2710094,6.925895,0.81116515,30.688572,30.864447,38.576263,18.880999,19.768106,18.31877,15.526026,14.792787,15.416796,56.11
4446075.405,658060.2976,126.342834,1.1746283,0.71502423,27.539673,33.874397,37.61426,28.617826,22.680887,32.712765,29.663286,29.457642,32.203247,38.430473,40.228294,36.414165,33.471672,38.92262,39.10063,2.4515622,2.046728,6.285038,7.531611,1382.39,104.73089,0.040039062,0.56315964,0.003295898,0,15,0.58812517,0.45955172,0.35043448,0.22726536,0.70320326,1.1522646,2.1973114,19.067844,16.642223,18.116024,17.276827,19.838457,21.35583,19.869795,18.579779,20.365234,16.226011,19.089315,15.941014,22.022814,22.362476,22.369875,19.298176,18.709187,17.845905,16.817764,15.438384,20.095625,20.692244,18.632277,18.171425,15.79602,14.8213415,15.159848,14.766876,15.739235,17.351625,15.047235,15.491546,14.239816,14.630266,15.202009,13.777899,15.065924,15.056465,14.88405,14.664866,14.592955,14.997001,15.382134,14.703532,16.301323,16.12706,15.531377,15.365054,0.94482625,2.249145,6.9083242,0.81116515,30.707035,31.188026,38.321228,18.880999,19.768106,18.31877,15.526026,14.693776,15.376483,56.11
4446075.405,658065.1774,123.62915,1.1503007,0.7162922,27.664873,34.003616,37.486526,28.936865,22.874832,33.26401,30.039843,30.10267,33.267654,40.703323,39.65752,36.118618,32.859776,37.67784,36.619358,2.4036534,2.014871,6.282841,7.502956,1382.34,103.18576,0.119628906,0.69137853,0.006591797,0,15,0.58812517,0.45955172,0.35043448,0.22726536,0.70320326,1.1522646,2.1973114,18.97547,16.897337,17.509544,15.523984,20.560596,21.62499,19.247253,18.336966,20.12441,17.035633,17.457376,15.850327,21.993198,22.60777,21.70914,19.139744,17.932125,16.714441,14.700524,15.773047,19.255732,19.951931,16.695158,17.08283,15.631409,15.072953,15.203201,14.683273,15.52121,17.512074,15.613151,15.535015,13.901023,14.314506,14.569729,13.912239,15.259085,15.106675,15.173567,14.53563,14.479465,15.350202,15.737968,15.93149,15.101754,16.902052,16.01939,15.506427,0.93329644,2.2092621,6.8928986,0.81116515,30.834244,31.651928,37.88807,18.619883,19.539692,17.288996,15.605324,14.605261,15.646047,56.11
4446070.421,657923.6623,92.31638,1.2479968,1.7090278,26.987936,28.99254,25.074772,22.210226,22.653755,43.876217,36.669907,36.490715,41.522114,42.471935,29.224009,33.421497,37.24088,36.58903,35.381275,2.5243394,2.1138446,7.3655844,8.178189,1384.05,60.482483,0.16113281,1.3660849,0.010009766,0,15,0.5904523,0.39436832,0.29664865,0.2323382,0.66503316,0.8253858,1.5155851,18.879934,16.632572,17.426508,16.2011,19.558434,20.595396,18.111486,18.046803,23.042233,18.323898,20.826899,16.91002,24.119747,25.468546,22.499434,21.266039,22.7803,19.938797,19.904358,18.29198,21.29573,25.341581,22.088892,20.968248,19.708508,20.896488,19.395483,20.139467,21.80745,24.273977,18.157085,20.730816,15.558739,14.317292,15.621734,14.652038,17.126425,16.46751,16.45529,15.584689,17.014353,17.170763,17.552198,17.028936,17.488724,17.902925,18.222338,17.419529,1.4785123,2.319092,7.771887,0.6456874,27.990238,40.273064,31.322754,18.200775,21.598682,21.377378,20.625494,15.74272,17.482891,56.11
4446070.421,657928.5421,91.05839,1.2458118,1.7001705,26.969328,29.51535,25.36763,22.183483,22.658674,44.583954,36.576244,36.68031,41.873837,42.7363,28.671421,33.029335,36.957355,36.418438,35.048477,2.534419,2.1198466,7.38601,8.170896,1383.94,59.031673,0.1586914,1.5029643,0.006591797,0,15,0.5904523,0.39436832,0.29664865,0.2323382,0.66503316,0.8253858,1.5155851,18.879934,16.632572,17.426508,16.2011,19.558434,20.595396,18.111486,18.046803,23.042233,18.323898,20.826899,16.91002,24.119747,25.468546,22.499434,21.266039,22.7803,19.938797,19.904358,18.29198,21.29573,25.341581,22.088892,20.968248,19.708508,20.896488,19.395483,20.139467,21.80745,24.273977,18.157085,20.730816,15.558739,14.317292,15.621734,14.652038,17.126425,16.46751,16.45529,15.584689,17.014353,17.170763,17.552198,17.028936,17.488724,17.902925,18.222338,17.419529,1.4729912,2.3271327,7.778453,0.6456874,28.24234,40.5801,30.850378,18.200775,21.598682,21.377378,20.625494,15.74272,17.482891,56.11
4446070.421,657933.4219,93.63853,1.2498536,1.6679473,27.121315,29.581541,26.0607,22.280918,22.559021,44.511463,36.762066,36.654167,41.738335,42.721424,28.860983,32.827938,36.46157,36.50927,35.032803,2.553265,2.1146219,7.3556147,8.144641,1383.81,59.97801,-0.23876953,1.4884217,-0.013305664,0,15,0.603453,0.4267639,0.33646408,0.22115357,0.68078566,1.1058267,2.19929,18.662899,16.500166,17.478722,16.509138,19.050062,20.354782,18.085325,17.946356,23.08913,18.160297,20.587843,17.30502,24.165781,25.291706,21.850748,21.244257,22.302395,20.195215,18.411963,18.861124,21.39689,25.769638,22.931332,21.008041,19.710333,21.577105,20.303514,21.2621,21.767391,23.29639,19.040604,21.140001,15.400855,14.752761,16.428652,15.454286,16.770357,16.36403,16.565096,15.815571,17.32637,17.836182,17.837309,17.261234,17.190468,17.648159,18.630878,17.586473,1.4589005,2.3339434,7.750128,0.79624814,28.351429,40.636765,30.84446,18.091585,21.492933,21.409794,20.993917,15.96229,17.675798,56.11
4446070.421,657938.3018,96.664825,1.2861707,1.6171354,27.105593,29.981466,27.105694,22.530602,22.637848,43.706036,36.26556,36.034817,41.182487,42.517925,29.79814,33.02116,35.971497,36.702545,35.179695,2.6299047,2.107413,7.2621307,8.089733,1383.7,64.21969,-0.16113281,1.4156717,-0.012329102,0,15,0.603453,0.4267639,0.33646408,0.22115357,0.68078566,1.1058267,2.19929,19.59018,17.010616,17.426266,17.121706,19.121086,20.22973,18.042368,18.232292,23.195848,17.894936,20.50559,17.280926,24.357038,25.125565,22.957642,21.216412,22.430897,19.451468,18.531458,19.18682,23.033535,25.674953,21.144293,21.13647,19.648651,21.386896,20.875952,20.99496,21.398247,23.71919,18.225807,21.14857,15.391429,15.910697,16.3488,14.473428,16.811338,16.908783,16.713139,15.933885,17.263607,17.692469,17.651619,17.442291,17.04356,18.036364,18.214851,17.562937,1.451653,2.368659,7.675932,0.79624814,28.54353,39.985798,31.409649,18.363134,21.616793,21.350489,20.892813,16.07966,17.62068,56.11
4446070.421,657943.1816,94.31532,1.2960321,1.5558065,27.096033,30.511827,28.187864,22.865835,22.653383,42.506855,35.596058,35.28873,40.136585,41.89943,31.077047,33.43246,35.88093,37.51015,35.83569,2.6662197,2.1153345,7.1454444,8.029046,1383.59,67.28607,-0.16064453,1.335165,-0.013427734,0,15,0.603453,0.4267639,0.33646408,0.22115357,0.68078566,1.1058267,2.19929,19.59018,17.010616,17.426266,17.121706,19.121086,20.22973,18.042368,18.232292,23.195848,17.894936,20.50559,17.280926,24.357038,25.125565,22.957642,21.216412,22.430897,19.451468,18.531458,19.18682,23.033535,25.674953,21.144293,21.13647,19.648651,21.386896,20.875952,20.99496,21.398247,23.71919,18.225807,21.14857,15.391429,15.910697,16.3488,14.473428,16.811338,16.908783,16.713139,15.933885,17.263607,17.692469,17.651619,17.442291,17.04356,18.036364,18.214851,17.562937,1.4259193,2.390777,7.587245,0.79624814,28.80393,39.051456,32.254753,18.363134,21.616793,21.350489,20.892813,16.07966,17.62068,56.11
4446070.421,657948.0614,87.170685,1.3062271,1.4868731,27.100931,30.520815,29.264683,23.099203,22.665333,41.107418,35.121754,34.420357,39.22416,41.060596,32.51522,33.95918,35.956036,38.049465,36.63728,2.6991467,2.1188724,7.0243053,7.9725733,1383.49,66.61005,-0.20019531,1.154703,-0.012207031,0,15,0.603453,0.4267639,0.33646408,0.22115357,0.68078566,1.1058267,2.19929,18.363937,16.113953,17.549765,17.182058,18.530748,20.383528,18.338194,17.826538,23.162678,18.551168,20.513937,17.202284,23.85685,23.85408,22.771875,20.990221,22.03804,20.059816,20.325386,18.902847,22.739021,23.597448,21.049114,20.970194,20.864065,21.301022,21.30868,21.904903,21.026918,21.985937,18.449903,21.171679,15.702291,15.101889,15.791952,14.764155,17.016232,16.635654,16.587942,15.787691,17.169083,17.848396,17.691246,17.711008,16.700197,18.283678,17.705276,17.483038,1.3965502,2.4090095,7.4984393,0.79624814,28.810873,38.114586,33.237198,18.066027,21.416124,21.244524,20.977345,15.942874,17.586983,56.11
4446070.421,657952.9413,97.05181,1.3163468,1.416509,27.107107,30.530674,30.322311,23.27658,22.663866,39.659534,34.634613,33.572716,38.23406,39.930176,33.980667,34.471024,36.024334,38.690716,37.73024,2.733203,2.122359,6.9036684,7.917415,1383.42,68.50802,0.20117188,1.0159719,0.0078125,0,15,0.603453,0.4267639,0.33646408,0.22115357,0.68078566,1.1058267,2.19929,18.752794,16.585222,17.39558,15.895215,18.662983,20.22324,18.244366,17.720224,23.370121,18.991053,20.239529,17.14308,24.295658,24.341742,23.623549,21.281532,21.647432,20.126156,20.67425,19.519909,20.864094,23.893408,22.757132,20.96123,21.492252,20.850271,21.1953,20.612614,21.278807,21.902561,20.870932,21.125084,16.108393,14.151733,15.058846,14.153985,17.554636,16.969995,16.89462,15.663464,16.729425,17.400042,17.355047,18.099325,16.592491,17.672916,17.921942,17.300919,1.3664279,2.427781,7.4105415,0.79624814,28.81889,37.14707,34.225845,17.965628,21.714962,21.354626,21.171818,15.841744,17.395884,56.11
4446070.421,657957.8211,96.7185,1.3170097,1.3468789,26.969975,31.185905,31.505213,23.34616,22.702793,38.390526,34.662056,32.934723,37.257614,38.5111,35.313103,34.25587,35.38066,39.29455,39.085278,2.7607615,2.1280847,6.786094,7.853716,1383.33,74.44455,-0.08105469,0.9068846,-0.003417969,0,15,0.603453,0.4267639,0.33646408,0.22115357,0.68078566,1.1058267,2.19929,18.752794,16.585222,17.39558,15.895215,18.662983,20.22324,18.244366,17.720224,23.370121,18.991053,20.239529,17.14308,24.295658,24.341742,23.623549,21.281532,21.647432,20.126156,20.67425,19.519909,20.864094,23.893408,22.757132,20.96123,21.492252,20.850271,21.1953,20.612614,21.278807,21.902561,20.870932,21.125084,16.108393,14.151733,15.058846,14.153985,17.554636,16.969995,16.89462,15.663464,16.729425,17.400042,17.355047,18.099325,16.592491,17.672916,17.921942,17.300919,1.3319442,2.4444232,7.3199053,0.79624814,29.07794,36.52629,34.784485,17.965628,21.714962,21.354626,21.171818,15.841744,17.395884,56.11
4446070.421,657962.7009,96.93572,1.3212965,1.271355,26.990696,31.196419,32.312435,23.645187,22.676497,36.903973,34.141033,32.05941,35.99907,37.03502,36.67963,34.771103,35.669758,40.0879,40.50473,2.7836168,2.1287668,6.685654,7.8169208,1383.26,80.36875,-0.03955078,0.77019614,-0.002197266,0,15,0.5978463,0.42988455,0.33462268,0.22992685,0.6835492,1.1303942,2.1892278,19.156712,17.370008,17.633507,15.740582,19.525738,20.169647,18.20474,18.109524,22.829803,18.206142,20.581776,16.334799,23.154,23.541233,21.892317,20.658266,20.423498,19.525028,19.407854,18.223263,21.848467,23.639269,22.52313,20.525677,19.740057,19.926981,19.465237,18.39098,20.059706,21.084179,19.759884,19.829844,15.377038,14.58454,15.294432,15.117186,16.020302,16.399214,16.740183,15.549994,15.655836,16.487463,15.929627,17.182127,15.636824,16.135763,16.704203,16.18057,1.2963257,2.4561918,7.2512875,0.7993502,29.093557,35.522503,35.725365,18.257277,20.934296,20.798643,19.77529,15.647557,16.247406,56.11
4446070.421,657967.5808,86.26637,1.3126984,1.1906049,27.145054,32.188324,32.917076,24.48347,22.800728,35.521633,33.071545,30.96421,34.476116,35.752094,37.737183,35.144432,36.168045,40.687973,41.551342,2.7933257,2.1408207,6.608986,7.7889743,1383.2,84.39533,0.079589844,0.73400414,0.003295898,0,15,0.5978463,0.42988455,0.33462268,0.22992685,0.6835492,1.1303942,2.1892278,18.125872,16.875864,17.237349,15.568176,16.666813,19.904385,17.623875,17.262318,22.079794,17.999538,20.59141,16.184732,22.884193,23.911806,22.5094,20.488518,20.829832,19.434387,19.820465,17.700308,22.33613,22.649506,22.363802,20.59624,18.382767,17.953281,17.457628,17.070194,17.896132,19.93021,17.132223,18.120518,15.396274,15.097479,15.19305,14.71537,15.117308,16.710173,16.698355,15.415036,15.50354,15.825873,16.07632,16.817583,15.322697,16.262512,16.468311,15.981897,1.2516516,2.4670732,7.1989803,0.7993502,29.666689,34.29659,36.440807,17.428905,20.880123,20.73349,17.974634,15.561144,16.039549,56.11
4446070.421,657972.4606,86.32149,1.3171135,1.1071965,27.189096,32.20195,33.45256,25.182674,22.819378,34.209003,32.61508,30.07715,32.96184,34.28821,38.73868,35.491627,36.601036,41.362934,42.836765,2.7992868,2.141376,6.53809,7.771935,1383.13,86.49299,-0.079589844,0.70314085,-0.005493164,0,15,0.5978463,0.42988455,0.33462268,0.22992685,0.6835492,1.1303942,2.1892278,18.125872,16.875864,17.237349,15.568176,16.666813,19.904385,17.623875,17.262318,22.079794,17.999538,20.59141,16.184732,22.884193,23.911806,22.5094,20.488518,20.829832,19.434387,19.820465,17.700308,22.33613,22.649506,22.363802,20.59624,18.382767,17.953281,17.457628,17.070194,17.896132,19.93021,17.132223,18.120518,15.396274,15.097479,15.19305,14.71537,15.117308,16.710173,16.698355,15.415036,15.50354,15.825873,16.07632,16.817583,15.322697,16.262512,16.468311,15.981897,1.212155,2.4703314,7.1550126,0.7993502,29.695522,33.41204,37.115154,17.428905,20.880123,20.73349,17.974634,15.561144,16.039549,56.11
4446070.421,657977.3404,71.01227,1.3416644,1.019137,27.287128,32.27861,33.960293,25.761581,22.742773,32.883144,32.040215,28.957827,31.45295,32.71432,39.752438,35.87438,37.237473,42.20807,44.289677,2.8056185,2.1415398,6.475035,7.762258,1383.07,90,-0.12060547,0.60147166,-0.010009766,0,15,0.5978463,0.42988455,0.33462268,0.22992685,0.6835492,1.1303942,2.1892278,18.431866,16.685009,17.166794,15.48893,18.029488,20.282125,17.44332,17.582878,21.980646,18.221071,19.657633,16.768091,22.86621,23.337423,22.78338,20.407162,21.36758,19.568165,20.839952,20.346981,23.10652,23.976522,22.209402,21.503075,18.186808,18.076994,18.125124,17.946108,18.7462,19.87378,17.877558,18.493862,15.791512,15.122123,16.109886,15.376825,15.857735,16.427141,17.767168,15.911,15.3199415,16.257572,16.079561,16.752802,15.971273,16.166422,16.908014,16.080559,1.1804007,2.4735792,7.1186466,0.7993502,29.78287,32.461678,37.813408,17.646791,20.802065,21.630732,18.404652,16.064627,16.207941,56.11
4446070.421,657982.2203,73.73456,1.3430564,0.9412321,27.326374,32.291996,34.39055,26.237833,22.728796,31.72793,31.640257,28.245674,30.085564,31.185501,40.63175,36.118923,37.577755,42.94695,45.73278,2.8071322,2.1417623,6.4111686,7.7496557,1383.02,92.8659,-0.119628906,0.5735161,-0.00769043,0,15,0.5978463,0.42988455,0.33462268,0.22992685,0.6835492,1.1303942,2.1892278,17.29395,16.079727,17.490429,14.891319,18.168543,19.586721,17.547834,17.169672,21.555645,18.289461,19.59816,16.593292,22.91355,23.078794,22.52156,20.28666,22.441721,18.436993,19.18898,20.672792,21.839123,23.699219,20.63345,20.784235,19.167807,17.313135,18.375492,18.631268,18.310616,19.416265,16.377163,18.362806,15.723257,14.758746,15.676468,16.002039,16.185448,16.63754,17.17413,15.886827,15.508405,16.246166,15.671446,16.310352,15.897642,15.851725,16.39266,15.863536,1.1421442,2.4744473,7.080412,0.7993502,29.809185,31.684093,38.375336,17.294075,20.650068,20.987469,18.227392,16.022518,15.982628,56.11
4446070.421,657987.1001,84.35664,1.3430564,0.9412321,27.326374,32.291996,34.39055,26.237833,22.728796,31.72793,31.640257,28.245674,30.085564,31.185501,40.63175,36.118923,37.577755,42.94695,45.73278,2.8071322,2.1417623,6.4111686,7.7496557,1383.02,92.8659,-0.119628906,0.5735161,-0.00769043,0,15,0.5978463,0.42988455,0.33462268,0.22992685,0.6835492,1.1303942,2.1892278,17.29395,16.079727,17.490429,14.891319,18.168543,19.586721,17.547834,17.169672,21.555645,18.289461,19.59816,16.593292,22.91355,23.078794,22.52156,20.28666,22.441721,18.436993,19.18898,20.672792,21.839123,23.699219,20.63345,20.784235,19.167807,17.313135,18.375492,18.631268,18.310616,19.416265,16.377163,18.362806,15.723257,14.758746,15.676468,16.002039,16.185448,16.63754,17.17413,15.886827,15.508405,16.246166,15.671446,16.310352,15.897642,15.851725,16.39266,15.863536,1.1421442,2.4744473,7.080412,0.7993502,29.809185,31.684093,38.375336,17.294075,20.650068,20.987469,18.227392,16.022518,15.982628,56.11
4446070.421,657991.9799,86.02221,1.3286966,0.87614805,27.394484,33.01259,34.84483,26.61557,22.650713,30.737478,30.465567,27.45601,28.932835,29.848278,41.419548,36.600178,37.771366,43.63359,47.01605,2.8047633,2.1347077,6.357231,7.7294674,1382.97,91.47064,-0.12060547,0.5586463,-0.008911133,0,15,0.6231817,0.42896283,0.32372022,0.23101304,0.6586788,0.98844385,2.1719413,17.29395,16.079727,17.490429,14.891319,18.168543,19.586721,17.547834,17.169672,21.555645,18.289461,19.59816,16.593292,22.91355,23.078794,22.52156,20.28666,22.441721,18.436993,19.18898,20.672792,21.839123,23.699219,20.63345,20.784235,19.167807,17.313135,18.375492,18.631268,18.310616,19.416265,16.377163,18.362806,15.723257,14.758746,15.676468,16.002039,16.185448,16.63754,17.17413,15.886827,15.508405,16.246166,15.671446,16.310352,15.897642,15.851725,16.39266,15.863536,1.1024224,2.4697356,7.0433493,0.7751345,30.203537,30.601522,39.009865,17.294075,20.650068,20.987469,18.227392,16.022518,15.982628,56.11
4446070.421,657996.8598,90.963615,1.3177599,0.8194109,27.467783,33.085186,35.069874,26.894196,22.450535,30.166065,30.347666,27.161299,28.155447,29.004766,41.87379,36.56022,38.011806,44.094345,47.936375,2.79301,2.1219466,6.33578,7.7328496,1382.93,90,0.040527344,0.5441257,0.001098633,0,15,0.6231817,0.42896283,0.32372022,0.23101304,0.6586788,0.98844385,2.1719413,17.395954,15.884177,16.191545,15.475856,17.785166,19.532194,16.7141,16.930685,21.37204,17.681473,19.194178,16.326588,23.590298,23.632643,21.651852,20.235691,22.486141,18.372831,19.501593,18.565027,21.118416,22.802893,19.415442,20.219143,19.459784,17.848536,17.719994,17.56838,17.546799,18.580875,15.906743,17.95444,15.669504,14.797758,15.495006,13.637978,16.251083,16.71076,16.43059,15.45543,16.62092,16.041513,15.582474,15.248086,15.4323845,16.472301,16.498343,15.860013,1.0685854,2.4574783,7.034315,0.7751345,30.276485,30.256866,39.217003,16.996998,20.492725,20.323193,17.804445,15.570383,15.985146,56.11
4446070.421,658001.7396,89.1606,1.3159043,0.7847745,27.824299,34.008568,35.370544,27.097603,22.371595,29.75928,29.489403,26.78362,27.766891,28.705624,42.209274,36.592133,37.96547,44.319424,48.427227,2.7529855,2.1647983,6.328209,7.7116175,1382.88,90,-0.040039062,0.5161516,-0.003295898,0,15,0.6231817,0.42896283,0.32372022,0.23101304,0.6586788,0.98844385,2.1719413,17.294058,15.129989,17.03085,15.717883,17.184477,19.466116,16.453512,16.830671,21.368755,17.345411,19.486477,16.88849,22.298351,24.017727,21.581692,20.145588,22.165152,18.722612,19.530016,18.285955,21.575417,23.619091,20.719212,20.580296,19.16936,17.812853,17.179346,17.45817,17.775414,18.427967,16.409273,17.888641,15.603665,14.460023,15.565895,14.245935,16.178352,16.93379,15.989807,15.453129,16.660793,16.264994,15.4897785,15.492828,15.4380865,15.271919,16.585535,15.74669,1.0503393,2.4588919,7.019913,0.7751345,30.916433,29.62434,39.400703,16.896698,20.4267,20.659636,17.747482,15.56821,15.886276,56.11
4446070.421,658006.6194,83.11618,1.3222854,0.7646487,27.88112,33.947247,35.50625,27.274239,22.291899,29.495544,28.665874,26.481726,27.65887,28.749575,42.52519,37.06886,38.109997,44.359196,48.613407,2.7418196,2.1601365,6.344228,7.700554,1382.84,91.63886,0.03955078,0.50132054,0.002197266,0,15,0.6231817,0.42896283,0.32372022,0.23101304,0.6586788,0.98844385,2.1719413,17.294058,15.129989,17.03085,15.717883,17.184477,19.466116,16.453512,16.830671,21.368755,17.345411,19.486477,16.88849,22.298351,24.017727,21.581692,20.145588,22.165152,18.722612,19.530016,18.285955,21.575417,23.619091,20.719212,20.580296,19.16936,17.812853,17.179346,17.45817,17.775414,18.427967,16.409273,17.888641,15.603665,14.460023,15.565895,14.245935,16.178352,16.93379,15.989807,15.453129,16.660793,16.264994,15.4897785,15.492828,15.4380865,15.271919,16.585535,15.74669,1.043467,2.450978,7.022391,0.7751345,30.914185,29.08071,39.797024,16.896698,20.4267,20.659636,17.747482,15.56821,15.886276,56.11
4446070.421,658011.4993,88.79892,1.3164711,0.7490972,27.873686,33.95046,35.548004,27.389818,22.183691,29.63944,28.75419,26.631685,27.75249,29.013641,42.527443,36.847755,37.908978,44.24248,48.66966,2.718931,2.157169,6.384949,7.7023253,1382.79,94.9059,-0.079589844,0.50295794,-0.005493164,0,15,0.6231817,0.42896283,0.32372022,0.23101304,0.6586788,0.98844385,2.1719413,17.42495,15.34416,17.349222,15.62924,16.55257,18.94543,16.18537,16.693613,22.45924,17.68244,19.99366,16.672142,22.490839,23.557268,21.966223,20.243685,22.811815,20.479324,18.845425,20.92336,21.683998,23.971066,21.124777,21.29556,18.901003,18.58317,17.585516,18.679659,17.73325,18.755371,16.39539,18.180256,14.847861,14.161123,16.234072,14.27543,15.912439,15.821818,16.429508,15.220211,15.954666,16.180492,16.17636,16.083725,16.228218,16.36505,17.287987,16.211079,1.0327842,2.43805,7.0436373,0.7751345,30.912071,29.196815,39.6876,16.77585,20.68883,21.40568,18.090479,15.383179,16.325214,56.11
4446070.421,658016.3791,103.60356,1.301821,0.73800313,28.028667,35.064888,35.60773,27.510967,22.123709,29.835878,28.299038,26.555826,27.877472,29.387947,42.52976,36.520664,37.73997,44.15496,48.702705,2.7049265,2.2211344,6.4313397,7.702183,1382.75,97.59464,-0.080078125,0.4339363,-0.004394531,0,15,0.6231817,0.42896283,0.32372022,0.23101304,0.6586788,0.98844385,2.1719413,17.93843,15.448277,16.679295,15.774367,18.12968,19.679201,18.15463,17.14026,22.193834,17.062315,18.60045,16.052023,21.857992,21.707537,21.92152,19.404518,18.42712,18.326412,17.931477,17.74845,20.248295,18.142147,18.285229,18.377401,17.24433,16.204954,16.36332,16.282984,16.497627,16.375097,17.129915,16.358662,15.639237,14.260718,16.74076,14.947541,15.675459,14.883082,16.635563,15.402502,15.283884,16.128977,16.192984,16.321392,16.048319,15.98107,16.351318,15.951124,1.019912,2.4630303,7.066761,0.7751345,31.546778,29.06746,39.52521,17.400555,19.913668,18.444162,16.58546,15.540338,16.043993,56.11
4446070.421,658021.2589,111.500175,1.2985003,0.73103344,28.113653,35.327507,35.28695,27.691607,21.920332,30.337708,28.596151,26.939058,27.974491,29.80516,42.38028,36.038216,37.64821,44.055233,48.905693,2.6740973,2.2027504,6.5356417,7.7438707,1382.72,95.91602,0.079589844,0.41731593,0.003295898,0,15,0.6113082,0.42874417,0.31705135,0.23294374,0.66082114,1.0131582,2.1681626,17.93843,15.448277,16.679295,15.774367,18.12968,19.679201,18.15463,17.14026,22.193834,17.062315,18.60045,16.052023,21.857992,21.707537,21.92152,19.404518,18.42712,18.326412,17.931477,17.74845,20.248295,18.142147,18.285229,18.377401,17.24433,16.204954,16.36332,16.282984,16.497627,16.375097,17.129915,16.358662,15.639237,14.260718,16.74076,14.947541,15.675459,14.883082,16.635563,15.402502,15.283884,16.128977,16.192984,16.321392,16.048319,15.98107,16.351318,15.951124,1.0147669,2.4384239,7.139756,0.77602714,31.720581,29.46693,39.209248,17.400555,19.913668,18.444162,16.58546,15.540338,16.043993,56.11
4446070.421,658026.1388,116.5244,1.2695954,0.73055094,28.146496,35.39244,35.288982,27.789059,21.79606,30.738537,28.422167,27.183619,28.165741,30.34381,42.24775,36.048164,37.17153,43.90252,48.72215,2.633195,2.1664357,6.579693,7.7413774,1382.68,91.73827,0.040527344,0.47265917,0.002319336,0,15,0.6113082,0.42874417,0.31705135,0.23294374,0.66082114,1.0131582,2.1681626,19.434134,15.532464,17.281881,15.681315,18.675808,20.845123,17.291624,17.652594,21.976976,17.93611,18.678633,16.335815,22.210575,22.423967,22.093386,19.729694,17.891811,18.414602,19.387636,18.452234,19.042439,18.748474,17.147131,18.361483,16.885244,16.2155,16.44245,16.151089,16.987087,17.711054,16.07861,16.506756,15.638116,14.119323,15.701346,14.273367,15.423325,15.417426,16.38714,15.08713,15.092647,15.710478,15.760689,16.085583,15.657521,16.580744,16.350477,15.740945,1.0000732,2.3998153,7.160535,0.77602714,31.769468,29.580353,39.147957,17.820337,20.236494,18.440617,16.63872,15.280006,15.891162,56.11
4446070.421,658031.0186,130.00995,1.2662996,0.7303254,28.118279,35.33273,36.01143,27.802656,22.119087,30.439432,28.281229,27.11583,28.628458,31.13196,42.27587,36.18408,36.81118,43.180946,47.470802,2.6111276,2.155237,6.4649553,7.6778646,1382.63,90,-0.12011719,0.5161516,-0.005615234,0,15,0.6113082,0.42874417,0.31705135,0.23294374,0.66082114,1.0131582,2.1681626,19.258287,15.949498,17.252626,16.048855,20.336143,21.47623,18.995392,18.198603,20.493992,17.017363,18.97724,16.01208,21.66733,22.52498,22.975498,19.436111,18.97025,18.017942,19.314402,18.136179,19.216894,19.424366,19.216476,18.80777,16.708988,16.27146,16.30978,15.927466,16.674747,17.644018,17.189434,16.403286,15.529982,13.925859,14.948748,14.553213,15.399654,15.392217,16.22027,14.873977,15.127899,15.803925,15.743147,16.357363,15.115771,16.567188,16.116343,15.74538,0.9983125,2.3831823,7.07141,0.77602714,31.725504,29.36033,39.229973,18.473862,19.952639,18.899502,16.675127,15.138563,15.83309,56.11
4446070.421,658035.8984,132.51462,1.2553205,0.72949773,28.113497,35.334827,36.463814,27.796284,22.216082,30.452244,28.171614,27.228603,29.048483,31.954071,42.190308,36.26593,36.435738,42.73845,46.446583,2.589366,2.1546512,6.3993998,7.6383815,1382.59,90,-0.000488281,0.48677862,-0.002319336,0,15,0.6113082,0.42874417,0.31705135,0.23294374,0.66082114,1.0131582,2.1681626,19.258287,15.949498,17.252626,16.048855,20.336143,21.47623,18.995392,18.198603,20.493992,17.017363,18.97724,16.01208,21.66733,22.52498,22.975498,19.436111,18.97025,18.017942,19.314402,18.136179,19.216894,19.424366,19.216476,18.80777,16.708988,16.27146,16.30978,15.927466,16.674747,17.644018,17.189434,16.403286,15.529982,13.925859,14.948748,14.553213,15.399654,15.392217,16.22027,14.873977,15.127899,15.803925,15.743147,16.357363,15.115771,16.567188,16.116343,15.74538,0.9924091,2.3720086,7.0188904,0.77602714,31.724163,29.311928,39.22812,18.473862,19.952639,18.899502,16.675127,15.138563,15.83309,56.11
4446070.421,658040.7783,137.10132,1.2170856,0.7291612,27.992136,35.204224,36.77077,27.728926,22.138975,30.68647,28.336422,27.647558,29.628674,32.888878,41.96987,36.23437,35.956833,42.13083,45.404835,2.5406132,2.124598,6.35206,7.6087794,1382.55,91.73827,0.000488281,0.47265917,0.001098633,0,15,0.6113082,0.42874417,0.31705135,0.23294374,0.66082114,1.0131582,2.1681626,17.983047,14.81605,16.74946,15.076308,17.437475,21.216139,18.749723,17.014399,20.691406,16.478628,19.482414,16.24394,21.564129,22.984806,23.368307,19.560438,19.234447,16.910437,17.505426,17.07088,19.225998,20.30549,19.105968,18.288864,15.603745,14.763023,15.618139,14.425048,16.493856,17.379337,15.122325,15.543472,15.047839,14.277638,14.338405,13.510972,15.338953,15.75236,15.787369,14.606847,14.402433,15.296305,14.858965,14.938585,15.27458,16.741104,15.8146,15.222537,0.97312343,2.3326056,6.9804196,0.77602714,31.598179,29.511446,39.10212,17.4326,20.116232,18.479807,15.6293545,14.864791,15.332367,56.11
4446070.421,658045.6581,135.71095,1.2053286,0.7311415,27.5082,35.07276,37.08884,27.733955,22.276876,31.052635,28.79021,27.990923,30.229858,33.994854,41.73402,36.001793,35.3316,41.51482,44.238506,2.5094042,2.0995197,6.3269677,7.5877147,1382.51,97.125015,0.040039062,0.46237442,0.001098633,0,15,0.6113082,0.42874417,0.31705135,0.23294374,0.66082114,1.0131582,2.1681626,17.59083,15.925258,16.922089,14.924142,18.312695,20.890772,18.729626,17.304144,20.361004,16.312666,19.345856,15.560575,22.152124,22.489164,22.814327,19.352427,18.631802,17.253399,17.227062,16.870363,20.540192,21.434689,19.67477,18.695118,15.638555,14.9333315,15.52848,14.173188,15.900357,16.95142,15.2380705,15.450421,14.292769,14.680869,14.912392,13.467417,15.131299,16.053911,14.6801815,14.683081,14.71309,15.665634,15.351114,15.732554,15.463662,16.282673,15.41749,15.481815,0.968235,2.304462,6.957341,0.77602714,31.290482,29.921423,38.867905,17.61363,19.862246,18.804611,15.480486,14.745549,15.51803,56.11
4446070.421,658050.5379,128.99649,1.194878,0.7304415,27.485928,35.068233,37.273956,27.794876,22.323347,31.393671,28.868185,28.310696,30.952457,35.33321,41.479004,36.00519,34.88534,40.798836,42.860065,2.4839106,2.096056,6.3104334,7.565812,1382.47,101.32531,0.03955078,0.51106644,0.004394531,0,15,0.58812517,0.45955172,0.35043448,0.22726536,0.70320326,1.1522646,2.1973114,17.59083,15.925258,16.922089,14.924142,18.312695,20.890772,18.729626,17.304144,20.361004,16.312666,19.345856,15.560575,22.152124,22.489164,22.814327,19.352427,18.631802,17.253399,17.227062,16.870363,20.540192,21.434689,19.67477,18.695118,15.638555,14.9333315,15.52848,14.173188,15.900357,16.95142,15.2380705,15.450421,14.292769,14.680869,14.912392,13.467417,15.131299,16.053911,14.6801815,14.683081,14.71309,15.665634,15.351114,15.732554,15.463662,16.282673,15.41749,15.481815,0.9626597,2.2899833,6.9381227,0.81116515,31.27708,30.130928,38.742096,17.61363,19.862246,18.804611,15.480486,14.745549,15.51803,56.11
4446070.421,658055.4178,130.56586,1.1713665,0.7325137,27.657106,34.862694,37.34702,27.97599,22.505947,31.805864,29.096573,28.69972,31.788738,36.98379,41.107723,36.057617,34.420547,39.92415,41.138268,2.4549532,2.0927927,6.2974916,7.547777,1382.42,103.688675,-0.03955078,0.5452762,-0.002197266,0,15,0.58812517,0.45955172,0.35043448,0.22726536,0.70320326,1.1522646,2.1973114,19.067844,16.642223,18.116024,17.276827,19.838457,21.35583,19.869795,18.579779,20.365234,16.226011,19.089315,15.941014,22.022814,22.362476,22.369875,19.298176,18.709187,17.845905,16.817764,15.438384,20.095625,20.692244,18.632277,18.171425,15.79602,14.8213415,15.159848,14.766876,15.739235,17.351625,15.047235,15.491546,14.329928,14.611247,15.233659,13.711959,15.246601,15.262973,15.153148,14.733122,14.631612,15.048631,15.410073,14.762855,16.318306,16.172773,15.573321,15.401792,0.95194006,2.2738729,6.922634,0.81116515,31.2599,30.451218,38.582672,18.880999,19.768106,18.31877,15.526026,14.792787,15.416796,56.11
4446070.421,658060.2976,131.28357,1.1435479,0.73613274,27.830523,34.741444,37.29205,28.28199,22.74778,32.401295,29.56548,29.47542,32.781025,38.925495,40.536625,35.72162,33.66533,38.77343,38.974545,2.436934,2.0267088,6.3003125,7.530119,1382.38,105.73926,0.12011719,0.58076036,0.006713867,0,15,0.58812517,0.45955172,0.35043448,0.22726536,0.70320326,1.1522646,2.1973114,19.067844,16.642223,18.116024,17.276827,19.838457,21.35583,19.869795,18.579779,20.365234,16.226011,19.089315,15.941014,22.022814,22.362476,22.369875,19.298176,18.709187,17.845905,16.817764,15.438384,20.095625,20.692244,18.632277,18.171425,15.79602,14.8213415,15.159848,14.766876,15.739235,17.351625,15.047235,15.491546,14.239816,14.630266,15.202009,13.777899,15.065924,15.056465,14.88405,14.664866,14.592955,14.997001,15.382134,14.703532,16.301323,16.12706,15.531377,15.365054,0.9398403,2.2318215,6.9152155,0.81116515,31.285984,30.983387,38.12912,18.880999,19.768106,18.31877,15.526026,14.693776,15.376483,56.11
4446070.421,658065.1774,130.9239,1.1386919,0.74138224,28.073996,34.730026,37.162308,28.70423,22.756964,32.994343,29.681835,29.948225,33.850018,41.069954,39.944527,35.77829,33.264576,37.489147,36.55238,2.3753605,2.0522237,6.30688,7.504676,1382.32,104.02253,-0.041015625,0.7086023,0.001098633,0,15,0.58812517,0.45955172,0.35043448,0.22726536,0.70320326,1.1522646,2.1973114,18.97547,16.897337,17.509544,15.523984,20.560596,21.62499,19.247253,18.336966,20.12441,17.035633,17.457376,15.850327,21.993198,22.60777,21.70914,19.139744,17.932125,16.714441,14.700524,15.773047,19.255732,19.951931,16.695158,17.08283,15.631409,15.072953,15.203201,14.683273,15.52121,17.512074,15.613151,15.535015,13.901023,14.314506,14.569729,13.912239,15.259085,15.106675,15.173567,14.53563,14.479465,15.350202,15.737968,15.93149,15.101754,16.902052,16.01939,15.506427,0.9400371,2.213792,6.905778,0.81116515,31.402012,31.338089,37.86141,18.619883,19.539692,17.288996,15.605324,14.605261,15.646047,56.11
4446065.438,657923.6623,89.88132,1.2169933,1.7423407,27.408314,29.8404,24.65615,22.012413,22.423845,42.84354,36.3704,36.08417,40.97917,42.90852,30.14468,33.50305,38.16958,37.346634,35.19914,2.4980772,2.099568,7.326866,8.206297,1384.1,60.326683,0.03955078,1.3020223,0,0,15,0.5904523,0.39436832,0.29664865,0.2323382,0.66503316,0.8253858,1.5155851,18.879934,16.632572,17.426508,16.2011,19.558434,20.595396,18.111486,18.046803,23.042233,18.323898,20.826899,16.91002,24.119747,25.468546,22.499434,21.266039,22.7803,19.938797,19.904358,18.29198,21.29573,25.341581,22.088892,20.968248,19.708508,20.896488,19.395483,20.139467,21.80745,24.273977,18.157085,20.730816,15.558739,14.317292,15.621734,14.652038,17.126425,16.46751,16.45529,15.584689,17.014353,17.170763,17.552198,17.028936,17.488724,17.902925,18.222338,17.419529,1.479667,2.2988224,7.7665815,0.6456874,28.624357,39.60697,31.823866,18.200775,21.598682,21.377378,20.625494,15.74272,17.482891,56.11
4446065.438,657928.5421,86.90635,1.2364669,1.7316898,27.158169,29.57849,24.996338,21.985918,22.476301,43.356327,36.503475,36.259777,41.28743,43.439964,29.79274,33.376003,37.7101,37.05393,34.586823,2.5158064,2.1128123,7.3424616,8.194894,1384,60.24884,0,1.3855603,0.004394531,0,15,0.5904523,0.39436832,0.29664865,0.2323382,0.66503316,0.8253858,1.5155851,18.879934,16.632572,17.426508,16.2011,19.558434,20.595396,18.111486,18.046803,23.042233,18.323898,20.826899,16.91002,24.119747,25.468546,22.499434,21.266039,22.7803,19.938797,19.904358,18.29198,21.29573,25.341581,22.088892,20.968248,19.708508,20.896488,19.395483,20.139467,21.80745,24.273977,18.157085,20.730816,15.558739,14.317292,15.621734,14.652038,17.126425,16.46751,16.45529,15.584689,17.014353,17.170763,17.552198,17.028936,17.488724,17.902925,18.222338,17.419529,1.4840784,2.3143094,7.7686777,0.6456874,28.368328,39.9299,31.584372,18.200775,21.598682,21.377378,20.625494,15.74272,17.482891,56.11
4446065.438,657933.4219,80.61529,1.2461913,1.7111106,27.14068,29.58522,25.616604,22.089632,22.535341,43.367065,36.468296,36.137985,41.210155,43.565163,29.903547,33.2718,37.35081,37.05775,34.393078,2.5446754,2.1149306,7.3181243,8.163023,1383.9,58.855747,0.28027344,1.5226895,0.013305664,0,15,0.603453,0.4267639,0.33646408,0.22115357,0.68078566,1.1058267,2.19929,18.662899,16.500166,17.478722,16.509138,19.050062,20.354782,18.085325,17.946356,23.101542,18.171679,20.597803,17.31743,24.171757,25.296265,21.857576,21.254057,22.257755,20.150576,18.372904,18.771849,21.279716,25.725002,22.886694,20.941559,19.289396,21.366636,19.751036,20.841166,21.214912,22.875458,18.619669,20.701153,15.414534,14.753134,16.428652,15.454286,16.776505,16.36403,16.565468,15.818768,17.311224,17.82372,17.823679,17.248339,17.176838,17.63022,18.615736,17.572346,1.4786509,2.329803,7.740574,0.79624814,28.36295,39.91768,31.587673,18.091585,21.502008,21.349213,20.565466,15.96523,17.661394,56.11
4446065.438,657938.3018,76.005486,1.2533927,1.6728946,27.120222,30.11349,26.448019,22.367867,22.565762,42.897682,36.03198,35.83909,40.608685,43.175747,30.4923,33.33753,36.999405,37.558334,34.75865,2.5773032,2.1218264,7.2558775,8.115305,1383.77,58.3282,-0.079589844,1.5817738,-0.002197266,0,15,0.603453,0.4267639,0.33646408,0.22115357,0.68078566,1.1058267,2.19929,19.59018,17.010616,17.426266,17.121706,19.121086,20.22973,18.042368,18.232292,23.195848,17.894936,20.50559,17.280926,24.357038,25.125565,22.957642,21.216412,22.430897,19.451468,18.531458,19.18682,23.033535,25.674953,21.144293,21.13647,19.648651,21.386896,20.875952,20.99496,21.398247,23.71919,18.225807,21.14857,15.391429,15.910697,16.3488,14.473428,16.811338,16.908783,16.713139,15.933885,17.263607,17.692469,17.651619,17.442291,17.04356,18.036364,18.214851,17.562937,1.4631436,2.3495648,7.685591,0.79624814,28.616856,39.46483,31.914913,18.363134,21.616793,21.350489,20.892813,16.07966,17.62068,56.11
4446065.438,657943.1816,85.38763,1.2880092,1.6157296,27.109877,30.514088,27.497896,22.634644,22.62991,41.97307,35.506447,35.261166,40.071175,42.566456,31.512547,33.547348,36.476635,37.712444,35.250515,2.6529396,2.1140203,7.167457,8.059406,1383.65,57.35623,-0.119628906,1.5134435,-0.011108398,0,15,0.603453,0.4267639,0.33646408,0.22115357,0.68078566,1.1058267,2.19929,19.59018,17.010616,17.426266,17.121706,19.121086,20.22973,18.042368,18.232292,23.195848,17.894936,20.50559,17.280926,24.357038,25.125565,22.957642,21.216412,22.430897,19.451468,18.531458,19.18682,23.033535,25.674953,21.144293,21.13647,19.648651,21.386896,20.875952,20.99496,21.398247,23.71919,18.225807,21.14857,15.391429,15.910697,16.3488,14.473428,16.811338,16.908783,16.713139,15.933885,17.263607,17.692469,17.651619,17.442291,17.04356,18.036364,18.214851,17.562937,1.4518694,2.38348,7.613432,0.79624814,28.811981,38.739758,32.529945,18.363134,21.616793,21.350489,20.892813,16.07966,17.62068,56.11
4446065.438,657948.0614,95.045235,1.2977514,1.5518627,27.114347,30.523499,28.484766,22.870834,22.65512,40.81309,35.09392,34.57056,39.31259,41.577328,32.710114,33.943233,36.43382,38.138226,36.136383,2.6823587,2.1175613,7.071332,8.0072365,1383.54,56.976746,-0.19921875,1.3665322,-0.016601562,0,15,0.603453,0.4267639,0.33646408,0.22115357,0.68078566,1.1058267,2.19929,18.363937,16.113953,17.549765,17.182058,18.530748,20.383528,18.338194,17.826538,23.162678,18.551168,20.513937,17.202284,23.85685,23.85408,22.771875,20.990221,22.03804,20.059816,20.325386,18.902847,22.739021,23.597448,21.049114,20.970194,20.864065,21.301022,21.30868,21.904903,21.026918,21.985937,18.449903,21.171679,15.702291,15.101889,15.791952,14.764155,17.016232,16.635654,16.587942,15.787691,17.169083,17.848396,17.691246,17.711008,16.700197,18.283678,17.705276,17.483038,1.4248071,2.39996,7.539284,0.79624814,28.818924,37.953506,33.326675,18.066027,21.416124,21.244524,20.977345,15.942874,17.586983,56.11
4446065.438,657952.9413,105.96819,1.3074065,1.483872,27.120047,30.533794,29.468996,23.044035,22.665356,39.537632,34.649612,33.847942,38.431713,40.33751,34.005306,34.357853,36.42581,38.705,37.28301,2.713295,2.1210513,6.9686074,7.955421,1383.44,61.075245,-0.28125,1.243794,-0.018920898,0,15,0.603453,0.4267639,0.33646408,0.22115357,0.68078566,1.1058267,2.19929,18.980516,15.870974,17.74925,16.578165,19.04842,21.234226,18.012634,18.064325,23.019413,18.774412,21.206709,16.962738,24.18754,25.099192,22.34627,21.394562,23.031595,22.287512,20.683624,20.01544,20.97652,22.224878,22.014341,21.29786,21.215214,21.212017,20.954584,21.769617,21.119959,21.965092,20.053366,21.37119,15.622081,14.112536,15.496831,13.736382,16.656643,17.307137,16.538042,15.494716,16.715893,17.198833,17.759836,17.14365,16.719166,17.077492,18.242664,17.163366,1.3956393,2.4171731,7.462014,0.79624814,28.82692,37.09362,34.18158,18.210598,21.65661,21.604845,21.184263,15.638521,17.265362,56.11
4446065.438,657957.8211,95.94853,1.313407,1.4140389,27.09762,31.776197,30.573582,23.109724,22.701056,38.352345,34.403084,33.231422,37.519917,38.85444,35.238598,34.047165,35.886044,39.294395,38.650906,2.7406845,2.1330776,6.86144,7.8926153,1383.35,65.42669,-0.20019531,1.1023197,-0.018920898,0,15,0.603453,0.4267639,0.33646408,0.22115357,0.68078566,1.1058267,2.19929,18.980516,15.870974,17.74925,16.578165,19.04842,21.234226,18.012634,18.064325,23.019413,18.774412,21.206709,16.962738,24.18754,25.099192,22.34627,21.394562,23.031595,22.287512,20.683624,20.01544,20.97652,22.224878,22.014341,21.29786,21.215214,21.212017,20.954584,21.769617,21.119959,21.965092,20.053366,21.37119,15.622081,14.112536,15.496831,13.736382,16.656643,17.307137,16.538042,15.494716,16.715893,17.198833,17.759836,17.14365,16.719166,17.077492,18.242664,17.163366,1.3637229,2.436881,7.3770275,0.79624814,29.436909,36.377716,34.642883,18.210598,21.65661,21.604845,21.184263,15.638521,17.265362,56.11
4446065.438,657962.7009,106.16426,1.3186474,1.3347086,27.119461,31.788939,31.328478,23.38542,22.680214,36.93393,33.87995,32.391346,36.29701,37.335808,36.541218,34.509888,36.183506,40.086056,40.080956,2.7617733,2.1341314,6.762571,7.856432,1383.27,69.34602,-0.19921875,0.9338584,-0.01550293,0,15,0.5978463,0.42988455,0.33462268,0.22992685,0.6835492,1.1303942,2.1892278,19.225458,15.81041,17.864983,15.641549,18.562153,21.543024,18.326279,17.991957,23.038435,18.314528,20.351078,16.78675,23.403751,23.507471,22.061924,20.856548,23.202015,21.428314,20.636494,19.955923,21.638468,21.824873,22.736403,21.400719,20.16153,19.998327,19.434229,20.497553,20.080376,20.96115,18.150806,20.071018,15.109833,14.812807,15.87679,14.958435,16.38895,16.122953,16.237337,15.5536175,16.043716,17.144548,16.257917,15.830684,15.521431,16.172186,16.610056,16.102005,1.326678,2.4479523,7.3095016,0.7993502,29.4542,35.40694,35.52555,18.139122,21.066278,21.631784,19.897709,15.643873,16.22579,56.11
4446065.438,657967.5808,93.99873,1.3049135,1.2438961,27.330986,32.256363,31.877918,24.115799,22.653954,35.698338,33.395706,31.46237,34.842686,36.015167,37.464306,34.683876,36.622658,40.706787,41.185356,2.7647576,2.13459,6.6859746,7.838608,1383.2,74.74058,-0.16064453,0.8164432,-0.012207031,0,15,0.5978463,0.42988455,0.33462268,0.22992685,0.6835492,1.1303942,2.1892278,18.344666,16.453321,17.903296,15.284612,17.493511,20.465876,17.601809,17.552172,22.749044,17.952234,20.109539,16.825686,23.409046,23.80051,22.571653,20.775831,21.015387,19.76923,18.582186,19.473444,22.230906,22.956953,20.938267,20.599018,18.408682,18.006907,17.629404,18.360617,18.804403,19.003073,16.28641,18.253042,15.75058,15.254807,15.922441,14.205882,14.918601,16.905144,16.607641,15.487234,16.980879,15.729749,15.980677,16.299307,15.525669,16.740385,16.271057,16.144537,1.2744048,2.4496737,7.262291,0.7993502,29.793674,34.54702,36.07409,17.649586,21.059673,20.709482,18.071356,15.652156,16.218246,56.11
4446065.438,657972.4606,85.11018,1.3089768,1.1499991,27.372822,32.270954,32.385212,24.724766,22.676981,34.427486,32.93419,30.574562,33.34763,34.52319,38.43758,35.00053,37.0721,41.437332,42.47781,2.7679486,2.1351862,6.603561,7.8211856,1383.14,77.81724,-0.03955078,0.74732393,-0.004394531,0,15,0.5978463,0.42988455,0.33462268,0.22992685,0.6835492,1.1303942,2.1892278,18.344666,16.453321,17.903296,15.284612,17.493511,20.465876,17.601809,17.552172,22.749044,17.952234,20.109539,16.825686,23.409046,23.80051,22.571653,20.775831,21.015387,19.76923,18.582186,19.473444,22.230906,22.956953,20.938267,20.599018,18.408682,18.006907,17.629404,18.360617,18.804403,19.003073,16.28641,18.253042,15.75058,15.254807,15.922441,14.205882,14.918601,16.905144,16.607641,15.487234,16.980879,15.729749,15.980677,16.299307,15.525669,16.740385,16.271057,16.144537,1.2294879,2.4515674,7.2123733,0.7993502,29.821888,33.68084,36.719055,17.649586,21.059673,20.709482,18.071356,15.652156,16.218246,56.11
4446065.438,657977.3404,66.24071,1.3295871,1.0522773,27.40736,32.283867,32.8874,25.215979,22.802876,33.10098,31.984066,29.660803,31.861969,32.922867,39.478893,35.63387,37.448,42.213947,43.887337,2.7722816,2.1413066,6.5182877,7.800369,1383.08,80.123924,-0.040527344,0.66872543,-0.003417969,0,15,0.5978463,0.42988455,0.33462268,0.22992685,0.6835492,1.1303942,2.1892278,18.359085,17.125132,17.463089,15.967742,18.340336,20.426441,17.948107,17.782667,21.95143,17.787878,20.247852,16.943396,23.47689,24.055838,23.384142,20.691336,18.666233,20.259336,20.28302,19.689207,22.42265,25.50535,22.062962,21.031187,18.07607,18.6265,18.62113,18.697891,18.926096,19.963152,17.31728,18.681238,15.021345,14.768912,15.278025,14.064576,15.070748,16.319103,17.56898,15.133577,15.887512,15.653779,16.483171,15.647721,15.165986,16.197048,16.21642,15.8033695,1.1909323,2.4567943,7.1593285,0.7993502,29.845613,32.542522,37.55638,17.947132,21.121061,21.269823,18.604017,15.4416685,15.89309,56.11
4446065.438,657982.2203,78.59409,1.3304642,0.960129,27.443663,32.299187,33.295387,25.563866,22.805305,31.945068,31.566055,28.878159,30.451763,31.338634,40.366726,35.83371,37.865765,43.098118,45.322746,2.7713583,2.1414433,6.434075,7.787278,1383.03,83.03884,0.040527344,0.59149516,0.002319336,0,15,0.5978463,0.42988455,0.33462268,0.22992685,0.6835492,1.1303942,2.1892278,17.602499,16.266771,17.420176,16.418932,18.067719,20.60614,18.097408,17.623234,21.146069,17.24534,19.720715,16.795183,23.191935,24.115757,23.497183,20.331158,21.38776,18.999643,19.768585,19.198004,21.165924,23.766357,20.772272,20.542227,19.25729,18.534945,18.30454,18.211248,18.402523,20.059992,17.309898,18.681028,15.403823,15.317877,15.364721,13.694674,15.1011715,17.19017,17.287533,15.40556,16.653482,16.331242,15.555124,15.938151,14.607766,16.246277,16.503016,15.837704,1.1452966,2.4564009,7.110677,0.7993502,29.871426,31.755562,38.10022,17.782806,20.816025,20.72265,18.58292,15.622853,15.976436,56.11
4446065.438,657987.1001,83.117035,1.3304642,0.960129,27.443663,32.299187,33.295387,25.563866,22.805305,31.945068,31.566055,28.878159,30.451763,31.338634,40.366726,35.83371,37.865765,43.098118,45.322746,2.7713583,2.1414433,6.434075,7.787278,1383.03,83.03884,0.040527344,0.59149516,0.002319336,0,15,0.5978463,0.42988455,0.33462268,0.22992685,0.6835492,1.1303942,2.1892278,17.602499,16.266771,17.420176,16.418932,18.067719,20.60614,18.097408,17.623234,21.146069,17.24534,19.720715,16.795183,23.191935,24.115757,23.497183,20.331158,21.38776,18.999643,19.768585,19.198004,21.165924,23.766357,20.772272,20.542227,19.25729,18.534945,18.30454,18.211248,18.402523,20.059992,17.309898,18.681028,15.403823,15.317877,15.364721,13.694674,15.1011715,17.19017,17.287533,15.40556,16.653482,16.331242,15.555124,15.938151,14.607766,16.246277,16.503016,15.837704,1.1452966,2.4564009,7.110677,0.7993502,29.871426,31.755562,38.10022,17.782806,20.816025,20.72265,18.58292,15.622853,15.976436,56.11
4446065.438,657991.9799,94.147156,1.3204428,0.87684715,27.930565,33.612625,33.665665,25.800491,22.488894,30.86794,30.502214,27.776045,29.225508,29.957247,41.165257,35.914635,38.59392,44.07403,46.62759,2.7445292,2.1713305,6.3594074,7.76763,1382.98,85.59581,0.03955078,0.5601161,0.002197266,0,15,0.6231817,0.42896283,0.32372022,0.23101304,0.6586788,0.98844385,2.1719413,17.602499,16.266771,17.420176,16.418932,18.067719,20.60614,18.097408,17.623234,21.146069,17.24534,19.720715,16.795183,23.191935,24.115757,23.497183,20.331158,21.38776,18.999643,19.768585,19.198004,21.165924,23.766357,20.772272,20.542227,19.25729,18.534945,18.30454,18.211248,18.402523,20.059992,17.309898,18.681028,15.403823,15.317877,15.364721,13.694674,15.1011715,17.19017,17.287533,15.40556,16.653482,16.331242,15.555124,15.938151,14.607766,16.246277,16.503016,15.837704,1.098645,2.4579298,7.0635185,0.7751345,30.771595,30.685078,38.539948,17.782806,20.816025,20.72265,18.58292,15.622853,15.976436,56.11
4446065.438,657996.8598,96.45821,1.3260173,0.814485,28.002798,33.945423,34.120987,26.073732,22.461184,29.946587,29.114605,26.789862,28.314651,29.05237,41.941048,36.69618,38.94241,44.741383,47.569927,2.7405312,2.164624,6.3050275,7.746413,1382.93,90,0.000488281,0.57279885,0.002319336,0,15,0.6231817,0.42896283,0.32372022,0.23101304,0.6586788,0.98844385,2.1719413,18.401457,15.612129,16.905062,15.748426,17.962492,19.660387,16.954107,17.204033,21.822084,18.03198,19.690546,16.536444,23.256645,22.773035,23.20817,20.277027,23.256147,19.074522,19.265083,19.467663,21.84545,22.725906,20.206736,20.720823,18.899534,18.70231,17.184793,17.641024,18.743584,17.526318,16.189146,18.017658,15.448098,14.7273,16.157896,14.857291,15.485493,16.753633,16.8307,15.60529,15.7697,15.894884,16.245955,15.515427,15.764709,15.869911,16.11346,15.777128,1.0702511,2.4525776,7.0257206,0.7751345,30.97411,29.530596,39.31861,17.320581,20.759844,20.834501,17.840958,15.751487,15.882006,56.11
4446065.438,658001.7396,91.34627,1.3209236,0.7733182,28.118587,35.25767,34.549465,26.378214,22.43813,29.52811,28.10039,26.379576,27.891775,28.732357,42.319893,36.719376,38.71183,44.905087,48.13877,2.7292771,2.2344759,6.294101,7.724507,1382.88,94.63546,0,0.5322292,-0.001098633,0,15,0.6231817,0.42896283,0.32372022,0.23101304,0.6586788,0.98844385,2.1719413,18.213247,15.285394,16.585894,15.653337,17.002253,19.40885,16.406294,16.834538,21.472536,17.743525,19.571096,16.388445,22.784327,23.004839,22.564692,19.988478,21.326944,19.449755,17.921562,19.509937,21.269028,23.409204,19.402973,20.13961,18.533344,18.17983,17.94131,17.828735,17.70549,17.692434,14.600141,17.713554,15.587033,14.0284395,15.599592,14.287879,16.127914,16.417507,16.6774,15.380163,15.509023,15.987961,16.221558,15.650693,16.208748,16.36651,16.163548,15.930884,1.0471208,2.4818764,7.009304,0.7751345,31.68813,28.81425,39.519634,16.936466,20.504208,20.327057,17.497326,15.532252,16.015432,56.11
4446065.438,658006.6194,79.33577,1.3045851,0.7558232,28.005701,35.268036,34.782562,26.663727,22.354248,29.467512,27.87952,26.300894,27.767097,28.794174,42.451572,36.6899,38.578728,44.852215,48.381657,2.7066543,2.2328362,6.315686,7.7163754,1382.84,94.9059,0.079589844,0.50295794,0.005493164,0,15,0.6231817,0.42896283,0.32372022,0.23101304,0.6586788,0.98844385,2.1719413,18.213247,15.285394,16.585894,15.653337,17.002253,19.40885,16.406294,16.834538,21.472536,17.743525,19.571096,16.388445,22.784327,23.004839,22.564692,19.988478,21.326944,19.449755,17.921562,19.509937,21.269028,23.409204,19.402973,20.13961,18.533344,18.17983,17.94131,17.828735,17.70549,17.692434,14.600141,17.713554,15.587033,14.0284395,15.599592,14.287879,16.127914,16.417507,16.6774,15.380163,15.509023,15.987961,16.221558,15.650693,16.208748,16.36651,16.163548,15.930884,1.0302042,2.4697452,7.016031,0.7751345,31.636868,28.673515,39.570736,16.936466,20.504208,20.327057,17.497326,15.532252,16.015432,56.11
4446065.438,658011.4993,85.84346,1.2984213,0.7421447,28.0028,35.274788,34.97332,26.893465,22.228378,29.519386,27.905891,26.363785,27.807743,29.093529,42.515396,36.515896,38.33943,44.696827,48.464813,2.6875818,2.2332878,6.3501887,7.7101564,1382.79,91.63886,-0.03955078,0.50132054,-0.002197266,0,15,0.6231817,0.42896283,0.32372022,0.23101304,0.6586788,0.98844385,2.1719413,17.901503,16.179531,17.4046,15.040097,17.208706,18.597914,17.254099,17.013767,21.770935,17.506521,19.726105,16.63847,23.100683,23.386074,22.073301,20.142738,21.643549,20.016985,18.896257,19.925299,22.710073,23.83669,19.138645,20.732014,19.016262,17.899244,17.635721,17.801832,17.789316,17.833517,15.49908,17.786495,15.058108,14.828238,16.215965,14.427008,16.056953,15.889972,15.732008,15.373477,15.301727,16.287434,15.923495,16.31242,16.324543,16.971989,16.291075,16.109865,1.020283,2.460435,7.0301723,0.7751345,31.638794,28.712639,39.515648,17.083778,20.600298,20.881073,17.63928,15.458322,16.201813,56.11
4446065.438,658016.3791,107.85259,1.2908788,0.7357345,28.053576,35.07998,35.01597,27.118553,22.139194,29.609764,28.128386,26.60286,27.908752,29.493074,42.582348,36.333256,38.161266,44.44541,48.486095,2.6714053,2.2262847,6.387561,7.7018485,1382.75,91.84761,0,0.44469818,-0.001098633,0,15,0.6231817,0.42896283,0.32372022,0.23101304,0.6586788,0.98844385,2.1719413,19.087774,16.378328,17.64938,15.333474,18.163063,19.926893,18.70021,17.733006,21.89205,16.920916,18.540836,16.597057,22.75674,23.508844,21.25238,19.772882,18.833847,17.611975,16.201601,17.142971,20.284786,20.470392,16.88161,18.014479,17.145803,16.29308,16.578243,15.45938,16.30569,16.67967,16.112288,16.196619,15.358224,15.354111,15.89427,14.611882,15.949314,16.434776,16.008917,15.53748,15.561299,16.468874,16.189266,16.397268,16.113552,16.224188,16.403284,16.090813,1.0133066,2.448845,7.0447044,0.7751345,31.566776,28.869076,39.4578,17.891304,20.20983,18.203884,16.367737,15.658785,16.19396,56.11
4446065.438,658021.2589,106.54006,1.2878,0.7289162,28.154713,35.345768,35.00327,27.314842,21.994713,29.840218,28.275114,26.853182,28.003145,29.959723,42.548405,35.970917,38.0054,44.318245,48.496696,2.6472564,2.2095866,6.4438634,7.717878,1382.71,95.91602,-0.080566406,0.41731593,-0.003417969,0,15,0.6113082,0.42874417,0.31705135,0.23294374,0.66082114,1.0131582,2.1681626,19.087774,16.378328,17.64938,15.333474,18.163063,19.926893,18.70021,17.733006,21.89205,16.920916,18.540836,16.597057,22.75674,23.508844,21.25238,19.772882,18.833847,17.611975,16.201601,17.142971,20.284786,20.470392,16.88161,18.014479,17.145803,16.29308,16.578243,15.45938,16.30569,16.67967,16.112288,16.196619,15.358224,15.354111,15.89427,14.611882,15.949314,16.434776,16.008917,15.53748,15.561299,16.468874,16.189266,16.397268,16.113552,16.224188,16.403284,16.090813,1.0083581,2.4284215,7.0808706,0.77602714,31.75024,29.057667,39.25966,17.891304,20.20983,18.203884,16.367737,15.658785,16.19396,56.11
4446065.438,658026.1388,106.38336,1.2811232,0.72732365,28.143993,35.348988,35.20768,27.412214,21.905937,29.968904,28.286243,26.919073,28.188292,30.492706,42.54038,35.879543,37.778114,44.130997,48.243862,2.6286724,2.2104557,6.452277,7.707758,1382.68,95.5362,0.080566406,0.44584724,0.005615234,0,15,0.6113082,0.42874417,0.31705135,0.23294374,0.66082114,1.0131582,2.1681626,19.037363,15.940493,16.206081,14.564255,18.293278,20.821138,18.089144,17.344118,22.150604,17.42174,18.971333,16.55664,21.963459,23.656855,21.252502,19.869577,19.441671,17.377993,17.91051,16.546627,20.26884,20.551134,17.63474,18.363897,17.010778,16.154072,16.647032,16.353006,16.470413,17.140642,15.689059,16.391123,15.124037,15.2864275,15.64467,14.532004,15.782183,15.61273,16.134586,15.283121,15.212474,16.027658,15.59858,15.998157,15.342233,15.04175,16.10823,15.469644,1.0042233,2.419564,7.0800176,0.77602714,31.74649,29.127575,39.20996,17.564535,20.281874,18.533072,16.494999,15.445234,15.61844,56.11
4446065.438,658031.0186,126.67307,1.2562585,0.7343438,28.151093,35.349953,35.716293,27.514324,22.112745,29.981295,28.038534,27.01412,28.653759,31.315578,42.499203,36.047623,37.162846,43.390656,47.25601,2.5870326,2.1621728,6.405929,7.6604376,1382.64,91.63657,0.12011719,0.5020196,0.006713867,0,15,0.6113082,0.42874417,0.31705135,0.23294374,0.66082114,1.0131582,2.1681626,19.932402,16.755322,17.29822,16.118975,20.211946,21.954443,19.37636,18.583254,21.675217,16.364986,19.289944,16.310284,22.28463,23.016932,21.849207,19.708654,19.121647,17.563463,18.29825,17.736107,20.941275,19.811697,19.275036,18.836525,17.958227,15.975794,17.29918,15.315046,16.707027,17.401106,16.705624,16.695807,15.113091,15.667099,15.53923,14.09925,15.6616,16.071018,16.149757,15.349355,14.633475,16.391653,16.057762,15.8845825,15.010206,16.108934,16.688046,15.640376,0.9953011,2.3746028,7.033183,0.77602714,31.750523,29.009914,39.273415,18.806808,20.113028,18.963926,16.766003,15.471579,15.824951,56.11
4446065.438,658035.8984,120.6913,1.2455453,0.73648053,28.140078,35.35117,36.13197,27.508318,22.167072,30.05023,27.984545,27.14918,29.125113,32.176113,42.42267,36.076885,36.77851,42.921146,46.325558,2.5663676,2.161586,6.361711,7.6276383,1382.59,90,-0.040527344,0.48677862,-0.001098633,0,15,0.6113082,0.42874417,0.31705135,0.23294374,0.66082114,1.0131582,2.1681626,19.932402,16.755322,17.29822,16.118975,20.211946,21.954443,19.37636,18.583254,21.675217,16.364986,19.289944,16.310284,22.28463,23.016932,21.849207,19.708654,19.121647,17.563463,18.29825,17.736107,20.941275,19.811697,19.275036,18.836525,17.958227,15.975794,17.29918,15.315046,16.707027,17.401106,16.705624,16.695807,15.113091,15.667099,15.53923,14.09925,15.6616,16.071018,16.149757,15.349355,14.633475,16.391653,16.057762,15.8845825,15.010206,16.108934,16.688046,15.640376,0.99101293,2.363977,6.9946747,0.77602714,31.745625,29.017387,39.24978,18.806808,20.113028,18.963926,16.766003,15.471579,15.824951,56.11
4446065.438,658040.7783,124.46866,1.2073005,0.7401771,27.524681,34.948776,36.35092,27.436583,22.076378,30.433506,28.855179,27.829092,29.733946,33.16357,42.204067,35.74234,36.26503,42.3515,45.330086,2.5216477,2.1193328,6.336061,7.6144094,1382.55,90,0.040527344,0.48677862,0.001098633,0,15,0.6113082,0.42874417,0.31705135,0.23294374,0.66082114,1.0131582,2.1681626,18.911556,15.324251,16.044214,15.516887,18.577595,21.224712,18.065535,17.380451,21.1927,16.60792,19.054745,15.788976,20.943886,22.24209,22.826077,19.2459,19.703396,17.426973,17.674852,18.353455,19.322071,20.29541,19.457897,18.748562,16.548813,15.146998,15.315094,14.237099,16.131325,16.53027,15.807883,15.576586,14.918361,15.175424,14.513784,13.986099,15.490321,15.456945,15.134347,14.811602,14.841918,16.107079,15.184663,15.489784,15.478085,16.15811,16.239817,15.486135,0.9737388,2.3204904,6.975235,0.77602714,31.236729,29.644342,38.973206,17.666393,19.808056,18.89058,15.673927,14.953611,15.642779,56.11
4446065.438,658045.6581,126.909325,1.1886495,0.7440634,27.687,35.14413,36.726772,27.341146,22.072058,30.635754,28.751747,28.115301,30.502913,34.31485,42.053093,35.734333,35.561115,41.622143,44.231262,2.496694,2.105723,6.309834,7.5782566,1382.5,91.63657,-0.12011719,0.5020196,-0.006713867,0,15,0.6113082,0.42874417,0.31705135,0.23294374,0.66082114,1.0131582,2.1681626,18.911556,15.324251,16.044214,15.516887,18.577595,21.224712,18.065535,17.380451,21.1927,16.60792,19.054745,15.788976,20.943886,22.24209,22.826077,19.2459,19.703396,17.426973,17.674852,18.353455,19.322071,20.29541,19.457897,18.748562,16.548813,15.146998,15.315094,14.237099,16.131325,16.53027,15.807883,15.576586,14.918361,15.175424,14.513784,13.986099,15.490321,15.456945,15.134347,14.811602,14.841918,16.107079,15.184663,15.489784,15.478085,16.15811,16.239817,15.486135,0.96635646,2.3012085,6.944045,0.77602714,31.415565,29.69375,38.893715,17.666393,19.808056,18.89058,15.673927,14.953611,15.642779,56.11
4446065.438,658050.5379,116.03639,1.179522,0.74450237,27.658379,35.140106,36.927616,27.313856,22.08266,30.933737,28.848299,28.439121,31.331581,35.674046,41.880627,35.69178,35.083378,40.903763,42.96377,2.4737387,2.1025724,6.3030767,7.5579286,1382.46,94.641556,-0.000488281,0.5315321,-0.001098633,0,15,0.58812517,0.45955172,0.35043448,0.22726536,0.70320326,1.1522646,2.1973114,19.014746,16.293375,17.138935,15.085927,18.608936,20.14252,18.490353,17.57508,20.871204,16.428946,18.97773,15.874291,21.732874,22.491121,22.874552,19.348686,19.345554,15.685977,17.686407,17.010378,19.893293,20.747757,18.2131,18.290073,15.682561,14.926283,14.672274,14.416459,16.365894,17.586508,14.903327,15.482918,14.89677,15.324128,14.551371,13.175989,14.5963545,15.379601,14.652766,14.550678,14.302529,16.137432,14.99626,15.240114,15.236336,16.835062,16.153023,15.484598,0.9620122,2.2881556,6.930503,0.81116515,31.399242,29.891018,38.7862,17.82497,19.89296,18.368925,15.507616,14.653853,15.55725,56.11
4446065.438,658055.4178,129.47987,1.1670104,0.74719435,27.658453,34.877346,37.031914,27.480162,22.330963,31.372143,29.040253,28.69937,32.227978,37.308495,41.539978,35.707115,34.642365,40.020905,41.323196,2.4452217,2.1001801,6.3040004,7.5481024,1382.41,99.70011,-0.03955078,0.5956506,-0.002197266,0,15,0.58812517,0.45955172,0.35043448,0.22726536,0.70320326,1.1522646,2.1973114,19.5778,17.612463,18.04138,15.938982,19.400867,20.732813,19.77263,18.379559,20.110905,16.60631,18.52577,15.639146,21.113043,22.463755,23.015705,19.037731,19.2801,16.517962,18.252066,18.015804,20.234665,20.581318,17.559881,18.554691,15.854116,14.17961,14.71102,14.15182,16.00419,17.557573,15.187609,15.339651,14.227571,14.822737,14.399087,14.459923,15.153076,15.718591,15.479448,14.7845955,14.627854,15.830978,14.554745,15.902452,15.470464,16.223484,15.433548,15.33037,0.9571024,2.2727008,6.926051,0.81116515,31.267899,30.206198,38.623547,18.725277,19.639235,18.63454,15.377991,14.894347,15.434791,56.11
4446065.438,658060.2976,132.178,1.1428623,0.7552927,27.774118,35.004795,37.018116,27.939173,22.548637,32.04663,29.436602,29.215399,33.2352,39.199097,40.932537,35.45287,34.07896,38.71259,39.130123,2.4040594,2.067695,6.313741,7.534269,1382.36,105.9432,-0.000488281,0.6257131,0,0,15,0.58812517,0.45955172,0.35043448,0.22726536,0.70320326,1.1522646,2.1973114,19.5778,17.612463,18.04138,15.938982,19.400867,20.732813,19.77263,18.379559,20.110905,16.60631,18.52577,15.639146,21.113043,22.463755,23.015705,19.037731,19.2801,16.517962,18.252066,18.015804,20.234665,20.581318,17.559881,18.554691,15.854116,14.17961,14.71102,14.15182,16.00419,17.557573,15.187609,15.339651,14.078862,14.841757,14.336655,14.515115,14.944837,15.536512,15.140719,14.700519,14.589197,15.771879,14.520268,15.84313,15.447702,16.177769,15.398386,15.290424,0.9490775,2.235877,6.924005,0.81116515,31.389458,30.741615,38.192703,18.725277,19.639235,18.63454,15.377991,14.770637,15.392618,56.11
4446065.438,658065.1774,129.63734,1.1351857,0.7638598,28.065935,34.74069,36.848915,28.479803,22.653816,32.785007,29.685461,29.877579,34.354183,41.290287,40.215767,35.45571,33.54095,37.315784,36.632877,2.3660405,2.059056,6.3314195,7.5204673,1382.31,106.249016,0.12109375,0.71609,0.0078125,0,15,0.58812517,0.45955172,0.35043448,0.22726536,0.70320326,1.1522646,2.1973114,20.099243,17.03359,16.997261,16.563324,20.025707,21.256107,20.586147,18.585602,19.55913,16.707537,17.788618,14.862673,21.571186,22.679127,22.759998,18.803873,17.62442,17.8304,15.770964,15.611823,19.392122,20.249283,16.33992,17.375376,15.227393,14.247061,15.68387,14.224579,16.110584,17.361788,16.004587,15.384578,14.809867,14.399293,14.675494,14.570986,14.770089,16.01891,15.197389,14.799594,14.706761,15.534752,15.108591,15.89073,14.995543,15.979367,16.286066,15.372354,0.94952273,2.2125483,6.9259434,0.81116515,31.403313,31.235233,37.83574,18.937342,19.418322,17.54556,15.551408,14.92029,15.500259,56.11
4446060.454,657923.6623,93.01989,1.2040181,1.7778386,27.406357,30.10957,24.174055,21.865072,22.414616,42.06769,36.264843,35.884174,40.55308,43.377808,30.877314,33.565132,38.969788,37.81013,34.860996,2.4835765,2.0962596,7.2943068,8.219416,1384.15,55.51223,-0.27978516,1.4417992,-0.01550293,0,15,0.5904523,0.39436832,0.29664865,0.2323382,0.66503316,0.8253858,1.5155851,18.956732,15.75876,16.91993,15.419722,19.19513,20.046509,17.682041,17.541592,22.879026,18.136982,20.554686,17.082739,23.550278,23.252975,23.46203,20.85747,24.137045,20.086842,19.404703,19.504313,20.59109,24.307312,23.321512,21.173628,21.070705,20.206709,20.070288,20.463541,20.436563,20.849411,19.197641,20.442762,15.531182,13.664512,16.314789,14.624094,16.506382,16.364258,15.696611,15.447868,17.591078,17.275883,17.76434,17.416416,17.7795,18.4546,18.101898,17.70773,1.4909284,2.289918,7.756861,0.6456874,28.757963,39.166267,32.221222,17.71126,21.274103,21.62183,20.327837,15.528832,17.7691,56.11
4446060.454,657928.5421,96.96274,1.2243998,1.7806278,27.39801,29.846794,24.565481,21.79891,22.454416,42.54762,36.32355,35.878716,40.845867,44.361908,30.500555,33.49759,38.4623,37.60281,33.886585,2.5097682,2.1022973,7.311699,8.209137,1384.06,55.98035,0.041015625,1.38236,-0.003295898,0,15,0.5904523,0.39436832,0.29664865,0.2323382,0.66503316,0.8253858,1.5155851,18.956732,15.75876,16.91993,15.419722,19.19513,20.046509,17.682041,17.541592,22.879026,18.136982,20.554686,17.082739,23.550278,23.252975,23.46203,20.85747,24.137045,20.086842,19.404703,19.504313,20.59109,24.307312,23.321512,21.173628,21.070705,20.206709,20.070288,20.463541,20.436563,20.849411,19.197641,20.442762,15.531182,13.664512,16.314789,14.624094,16.506382,16.364258,15.696611,15.447868,17.591078,17.275883,17.76434,17.416416,17.7795,18.4546,18.101898,17.70773,1.5025139,2.3060327,7.760418,0.6456874,28.622402,39.435585,31.999073,17.71126,21.274103,21.62183,20.327837,15.528832,17.7691,56.11
4446060.454,657933.4219,84.05288,1.222741,1.764918,27.38403,29.712824,24.973907,21.829453,22.26593,42.613857,36.40351,35.90262,40.90019,44.695057,30.541065,33.46447,38.30164,37.527023,33.47514,2.5295544,2.108162,7.30335,8.1934,1383.95,57.70077,-0.20117188,1.4741769,-0.006713867,0,15,0.603453,0.4267639,0.33646408,0.22115357,0.68078566,1.1058267,2.19929,18.260502,16.953232,17.35064,16.242817,18.737947,20.031378,18.002085,17.798891,22.838978,18.105528,20.42052,17.35439,23.881968,23.23111,22.620478,20.803062,21.85652,19.978378,18.329182,19.951254,21.563637,24.84666,23.508633,21.054718,20.538006,21.28567,19.40456,20.555328,20.012463,20.551495,20.457632,20.470688,15.477958,14.663744,16.804262,14.96569,15.687746,16.37374,16.825518,15.677498,17.254147,17.065866,17.846273,17.534208,17.242603,18.12726,18.512407,17.52243,1.4938295,2.3188581,7.748375,0.79624814,28.548428,39.508682,32.00277,17.9398,21.207567,21.433468,20.400738,15.828379,17.65468,56.11
4446060.454,657938.3018,79.848335,1.2485129,1.7273909,27.141106,30.115036,25.826263,22.151567,22.544031,42.24097,35.908733,35.64189,40.464478,44.192036,31.03936,33.546734,37.703983,37.805595,33.88096,2.5637085,2.1216917,7.259567,8.143713,1383.85,59.927933,0.15966797,1.5719551,0.00769043,0,15,0.603453,0.4267639,0.33646408,0.22115357,0.68078566,1.1058267,2.19929,18.515326,16.00276,17.402704,15.971893,18.930483,20.751108,18.050657,17.824245,22.666143,18.207027,20.632387,17.31973,24.433067,24.252462,22.551632,21.068336,20.728542,20.261566,18.648329,19.954985,21.917961,23.796831,22.129171,20.793407,19.396519,21.217907,21.266788,21.3076,20.477499,21.27765,19.993526,20.901318,15.148128,14.117434,16.231197,14.476594,16.1157,16.757,16.137724,15.497125,17.015415,17.84168,17.776052,17.510807,16.644688,17.390575,18.351408,17.375177,1.4879519,2.3427,7.70164,0.79624814,28.62807,39.074852,32.293045,17.946419,21.437494,21.062483,20.705355,15.569112,17.504375,56.11
4446060.454,657943.1816,85.60887,1.2564621,1.675343,27.1349,30.123905,26.712877,22.448767,22.587158,41.50738,35.62351,35.250065,40.041004,43.30523,31.84904,33.745754,37.435406,37.927746,34.594074,2.592198,2.1238742,7.1964445,8.095614,1383.73,59.778942,0.03955078,1.5080054,0.004394531,0,15,0.603453,0.4267639,0.33646408,0.22115357,0.68078566,1.1058267,2.19929,18.515326,16.00276,17.402704,15.971893,18.930483,20.751108,18.050657,17.824245,22.666143,18.207027,20.632387,17.31973,24.433067,24.252462,22.551632,21.068336,20.728542,20.261566,18.648329,19.954985,21.917961,23.796831,22.129171,20.793407,19.396519,21.217907,21.266788,21.3076,20.477499,21.27765,19.993526,20.901318,15.148128,14.117434,16.231197,14.476594,16.1157,16.757,16.137724,15.497125,17.015415,17.84168,17.776052,17.510807,16.644688,17.390575,18.351408,17.375177,1.4659026,2.358036,7.6460295,0.79624814,28.629402,38.565445,32.797398,17.946419,21.437494,21.062483,20.705355,15.569112,17.504375,56.11
4446060.454,657948.0614,89.871346,1.2901545,1.6134521,27.127947,30.525427,27.736094,22.773056,22.660587,40.550236,35.07781,34.71938,39.435364,42.245102,32.87611,33.938416,36.891544,38.101418,35.453766,2.6635468,2.1163068,7.1187544,8.040483,1383.63,58.24224,0.2397461,1.4149355,0.01550293,0,15,0.603453,0.4267639,0.33646408,0.22115357,0.68078566,1.1058267,2.19929,18.367737,16.02269,16.93574,16.048798,19.17701,20.9051,17.62179,17.67256,22.889826,18.053734,20.517694,17.007921,24.15841,24.181688,21.483198,20.883966,22.079773,20.748758,20.64555,19.090181,22.237429,22.797428,22.604435,21.106956,20.316126,21.509672,21.024801,21.64316,21.342567,21.33301,18.979391,21.08073,15.489789,14.440183,15.586243,15.1256485,16.591188,17.026691,16.363825,15.679271,17.296394,17.729116,17.60895,17.423645,17.154285,17.659382,18.879286,17.552671,1.4518032,2.389927,7.579619,0.79624814,28.826687,37.814022,33.407265,17.868408,21.184637,21.457651,20.87839,15.803366,17.678722,56.11
4446060.454,657952.9413,108.801025,1.2934706,1.5491041,26.817766,30.859015,28.707384,23.042616,22.569662,39.533104,34.99957,34.147552,38.66017,40.96475,33.992733,33.870342,36.58649,38.481647,36.575768,2.6836913,2.1124377,7.031449,7.9872665,1383.52,59.239914,0.12060547,1.4000638,0.010009766,0,15,0.603453,0.4267639,0.33646408,0.22115357,0.68078566,1.1058267,2.19929,18.980516,15.870974,17.74925,16.578165,19.04842,21.234226,18.012634,18.064325,23.019413,18.774412,21.206709,16.962738,24.18754,25.099192,22.34627,21.394562,23.031595,22.287512,20.683624,20.01544,20.97652,22.224878,22.014341,21.29786,21.215214,21.212017,20.954584,21.769617,21.119959,21.965092,20.053366,21.37119,15.622081,14.112536,15.496831,13.736382,16.656643,17.307137,16.538042,15.494716,16.715893,17.198833,17.759836,17.14365,16.719166,17.077492,18.242664,17.163366,1.4212873,2.3980646,7.5093575,0.79624814,28.83839,37.266335,33.931538,18.210598,21.65661,21.604845,21.184263,15.638521,17.265362,56.11
4446060.454,657957.8211,94.41814,1.3056171,1.4764421,27.121614,31.77975,29.62997,23.285679,22.771524,38.427456,34.473557,33.51616,37.751457,39.579384,35.00462,33.86039,36.3146,38.961998,37.727386,2.7105942,2.1320078,6.95234,7.9367633,1383.41,60.57673,-0.0390625,1.2825541,-0.001098633,0,15,0.603453,0.4267639,0.33646408,0.22115357,0.68078566,1.1058267,2.19929,18.980516,15.870974,17.74925,16.578165,19.04842,21.234226,18.012634,18.064325,23.019413,18.774412,21.206709,16.962738,24.18754,25.099192,22.34627,21.394562,23.031595,22.287512,20.683624,20.01544,20.97652,22.224878,22.014341,21.29786,21.215214,21.212017,20.954584,21.769617,21.119959,21.965092,20.053366,21.37119,15.622081,14.112536,15.496831,13.736382,16.656643,17.307137,16.538042,15.494716,16.715893,17.198833,17.759836,17.14365,16.719166,17.077492,18.242664,17.163366,1.3910296,2.421301,7.4445515,0.79624814,29.450684,36.45051,34.432503,18.210598,21.65661,21.604845,21.184263,15.638521,17.265362,56.11
4446060.454,657962.7009,103.21922,1.3104751,1.394035,27.145601,31.792767,30.31157,23.621735,22.769188,37.12323,33.981113,32.708794,36.55871,38.092808,36.178253,34.262264,36.62247,39.68043,39.071156,2.727138,2.133025,6.862266,7.9041333,1383.32,62.787273,0.0390625,1.1274428,0.001098633,0,15,0.5978463,0.42988455,0.33462268,0.22992685,0.6835492,1.1303942,2.1892278,19.225458,15.81041,17.864983,15.641549,18.562153,21.543024,18.326279,17.991957,23.434006,18.816132,21.024132,17.165813,24.07323,24.470152,22.910221,21.456247,23.327188,21.648668,20.990355,20.426832,21.780413,22.135437,23.425034,21.70014,21.08572,21.063345,20.584915,22.361118,21.13271,22.27681,19.10713,21.306456,15.682851,14.851796,15.965062,14.950645,17.097147,16.6741,16.400179,15.868397,17.6538,18.465055,18.066938,17.147219,17.020676,17.451223,18.113935,17.603354,1.3522551,2.4300814,7.3831997,0.7993502,29.469185,35.55217,35.22026,18.139122,21.699097,21.96199,21.08739,15.945969,17.702692,56.11
4446060.454,657967.5808,87.82901,1.298967,1.3009363,27.344698,32.259872,30.904856,24.058641,22.72108,35.87491,33.468163,31.85065,35.20705,36.5779,37.192852,34.449417,36.97309,40.46253,40.422455,2.7337475,2.1336908,6.7708178,7.8796444,1383.23,66.782646,-0.12011719,0.98146015,-0.006713867,0,15,0.5978463,0.42988455,0.33462268,0.22992685,0.6835492,1.1303942,2.1892278,18.344666,16.453321,17.903296,15.284612,17.493511,20.465876,17.601809,17.552172,22.749044,17.952234,20.109539,16.825686,23.409046,23.80051,22.571653,20.775831,21.015387,19.76923,18.582186,19.473444,22.230906,22.956953,20.938267,20.599018,18.408682,18.006907,17.629404,18.360617,18.804403,19.003073,16.28641,18.253042,15.75058,15.254807,15.922441,14.205882,14.918601,16.905144,16.607641,15.487234,16.980879,15.729749,15.980677,16.299307,15.525669,16.740385,16.271057,16.144537,1.2999517,2.4337192,7.325231,0.7993502,29.802284,34.671535,35.821136,17.649586,21.059673,20.709482,18.071356,15.652156,16.218246,56.11
4446060.454,657972.4606,86.68607,1.3022937,1.199327,27.382517,32.275158,31.415956,24.484612,22.733187,34.612804,32.99393,30.987192,33.74442,34.95591,38.188473,34.75017,37.403362,41.313576,41.859997,2.7371168,2.1343205,6.6724334,7.859217,1383.16,72.16656,0.000488281,0.84265596,-0.002197266,0,15,0.5978463,0.42988455,0.33462268,0.22992685,0.6835492,1.1303942,2.1892278,18.344666,16.453321,17.903296,15.284612,17.493511,20.465876,17.601809,17.552172,22.749044,17.952234,20.109539,16.825686,23.409046,23.80051,22.571653,20.775831,21.015387,19.76923,18.582186,19.473444,22.230906,22.956953,20.938267,20.599018,18.408682,18.006907,17.629404,18.360617,18.804403,19.003073,16.28641,18.253042,15.75058,15.254807,15.922441,14.205882,14.918601,16.905144,16.607641,15.487234,16.980879,15.729749,15.980677,16.299307,15.525669,16.740385,16.271057,16.144537,1.2508104,2.4357185,7.2658253,0.7993502,29.828838,33.803368,36.469322,17.649586,21.059673,20.709482,18.071356,15.652156,16.218246,56.11
4446060.454,657977.3404,78.41643,1.3064684,1.091476,27.883753,33.071712,31.8613,24.803944,22.689096,33.271915,31.720312,29.901505,32.22261,33.24638,39.185516,35.229965,38.095688,42.340485,43.40357,2.716212,2.1650631,6.56346,7.83281,1383.09,77.81724,-0.080566406,0.74732393,-0.005615234,0,15,0.5978463,0.42988455,0.33462268,0.22992685,0.6835492,1.1303942,2.1892278,18.359085,17.125132,17.463089,15.967742,18.340336,20.426441,17.948107,17.782667,21.95143,17.787878,20.247852,16.943396,23.47689,24.055838,23.384142,20.691336,18.666233,20.259336,20.28302,19.689207,22.42265,25.50535,22.062962,21.031187,18.07607,18.6265,18.62113,18.697891,18.926096,19.963152,17.31728,18.681238,15.021345,14.768912,15.278025,14.064576,15.070748,16.319103,17.56898,15.133577,15.887512,15.653779,16.483171,15.647721,15.165986,16.197048,16.21642,15.8033695,1.1989722,2.4406376,7.198135,0.7993502,30.477734,32.496113,37.20774,17.947132,21.121061,21.269823,18.604017,15.4416685,15.89309,56.11
4446060.454,657982.2203,102.321754,1.3070304,0.98275226,27.924425,33.09087,32.247246,24.9972,22.709475,32.048042,31.233574,29.029371,30.707409,31.47983,40.123314,35.420017,38.612007,43.4366,44.956356,2.7075534,2.1664567,6.4508452,7.8174677,1383.03,83.652985,-0.079589844,0.6484547,-0.005493164,0,15,0.5978463,0.42988455,0.33462268,0.22992685,0.6835492,1.1303942,2.1892278,17.602499,16.266771,17.420176,16.418932,18.067719,20.60614,18.097408,17.623234,21.146069,17.24534,19.720715,16.795183,23.191935,24.115757,23.497183,20.331158,21.38776,18.999643,19.768585,19.198004,21.165924,23.766357,20.772272,20.542227,19.25729,18.534945,18.30454,18.211248,18.402523,20.059992,17.309898,18.681028,15.403823,15.317877,15.364721,13.694674,15.1011715,17.19017,17.287533,15.40556,16.653482,16.331242,15.555124,15.938151,14.607766,16.246277,16.503016,15.837704,1.1448914,2.437005,7.134156,0.7993502,30.507648,31.640808,37.771667,17.782806,20.816025,20.72265,18.58292,15.622853,15.976436,56.11
4446060.454,657987.1001,96.83691,1.3070304,0.98275226,27.924425,33.09087,32.247246,24.9972,22.709475,32.048042,31.233574,29.029371,30.707409,31.47983,40.123314,35.420017,38.612007,43.4366,44.956356,2.7075534,2.1664567,6.4508452,7.8174677,1383.03,83.652985,-0.079589844,0.6484547,-0.005493164,0,15,0.5978463,0.42988455,0.33462268,0.22992685,0.6835492,1.1303942,2.1892278,17.602499,16.266771,17.420176,16.418932,18.067719,20.60614,18.097408,17.623234,21.146069,17.24534,19.720715,16.795183,23.191935,24.115757,23.497183,20.331158,21.38776,18.999643,19.768585,19.198004,21.165924,23.766357,20.772272,20.542227,19.25729,18.534945,18.30454,18.211248,18.402523,20.059992,17.309898,18.681028,15.403823,15.317877,15.364721,13.694674,15.1011715,17.19017,17.287533,15.40556,16.653482,16.331242,15.555124,15.938151,14.607766,16.246277,16.503016,15.837704,1.1448914,2.437005,7.134156,0.7993502,30.507648,31.640808,37.771667,17.782806,20.816025,20.72265,18.58292,15.622853,15.976436,56.11
4446060.454,657991.9799,107.26231,1.3114824,0.87665755,27.947538,33.625134,32.622772,25.07798,22.597887,30.85143,30.410973,27.930876,29.2669,29.77753,41.069855,35.598763,39.2389,44.643513,46.424656,2.7016616,2.1717536,6.343834,7.802795,1382.98,88.60116,-0.000488281,0.5873103,-0.001098633,0,15,0.6231817,0.42896283,0.32372022,0.23101304,0.6586788,0.98844385,2.1719413,17.602499,16.266771,17.420176,16.418932,18.067719,20.60614,18.097408,17.623234,21.146069,17.24534,19.720715,16.795183,23.191935,24.115757,23.497183,20.331158,21.38776,18.999643,19.768585,19.198004,21.165924,23.766357,20.772272,20.542227,19.25729,18.534945,18.30454,18.211248,18.402523,20.059992,17.309898,18.681028,15.403823,15.317877,15.364721,13.694674,15.1011715,17.19017,17.287533,15.40556,16.653482,16.331242,15.555124,15.938151,14.607766,16.246277,16.503016,15.837704,1.09407,2.4367075,7.0733147,0.7751345,30.786335,30.631203,38.33431,17.782806,20.816025,20.72265,18.58292,15.622853,15.976436,56.11
4446060.454,657996.8598,101.28295,1.3162436,0.7999263,28.02262,33.959507,33.05698,25.26327,22.586548,29.857134,29.017702,26.91311,28.22903,28.690966,41.88697,36.323994,39.656414,45.47429,47.495354,2.6957328,2.1653879,6.2654138,7.7805448,1382.93,91.33373,0.040527344,0.61597484,0.002319336,0,15,0.6231817,0.42896283,0.32372022,0.23101304,0.6586788,0.98844385,2.1719413,18.401457,15.612129,16.905062,15.748426,17.962492,19.660387,16.954107,17.204033,21.822084,18.03198,19.690546,16.536444,23.256645,22.773035,23.20817,20.277027,23.256147,19.074522,19.265083,19.467663,21.84545,22.725906,20.206736,20.720823,18.899534,18.70231,17.184793,17.641024,18.743584,17.526318,16.189146,18.017658,15.448098,14.7273,16.157896,14.857291,15.485493,16.753633,16.8307,15.60529,15.7697,15.894884,16.245955,15.515427,15.764709,15.869911,16.11346,15.777128,1.058085,2.4305604,7.0229793,0.7751345,30.991062,29.437418,39.105484,17.320581,20.759844,20.834501,17.840958,15.751487,15.882006,56.11
4446060.454,658001.7396,89.23996,1.3108636,0.76344615,28.138252,35.271107,33.595963,25.704191,22.518003,29.465378,28.016436,26.545649,27.91032,28.57248,42.244873,36.393005,39.30324,45.43123,47.984734,2.686591,2.2372384,6.2587113,7.749266,1382.87,95.710594,-0.12011719,0.5763583,-0.0078125,0,15,0.6231817,0.42896283,0.32372022,0.23101304,0.6586788,0.98844385,2.1719413,18.213247,15.285394,16.585894,15.653337,17.002253,19.40885,16.406294,16.834538,21.472536,17.743525,19.571096,16.388445,22.784327,23.004839,22.564692,19.988478,21.326944,19.449755,17.921562,19.509937,21.269028,23.409204,19.402973,20.13961,18.533344,18.17983,17.94131,17.828735,17.70549,17.692434,14.600141,17.713554,15.587033,14.0284395,15.599592,14.287879,16.127914,16.417507,16.6774,15.380163,15.509023,15.987961,16.221558,15.650693,16.208748,16.36651,16.163548,15.930884,1.0371549,2.4619145,7.0039887,0.7751345,31.70468,28.740906,39.31894,16.936466,20.504208,20.327057,17.497326,15.532252,16.015432,56.11
4446060.454,658006.6194,77.91016,1.303849,0.74621433,28.143204,35.278538,33.988575,26.115168,22.369492,29.35398,27.987604,26.547916,27.890392,28.854383,42.396194,36.317333,38.97693,45.1617,48.133408,2.671892,2.2386734,6.2797127,7.726999,1382.83,101.32531,-0.000488281,0.51106644,0.001098633,0,15,0.6231817,0.42896283,0.32372022,0.23101304,0.6586788,0.98844385,2.1719413,18.213247,15.285394,16.585894,15.653337,17.002253,19.40885,16.406294,16.834538,21.472536,17.743525,19.571096,16.388445,22.784327,23.004839,22.564692,19.988478,21.326944,19.449755,17.921562,19.509937,21.269028,23.409204,19.402973,20.13961,18.533344,18.17983,17.94131,17.828735,17.70549,17.692434,14.600141,17.713554,15.587033,14.0284395,15.599592,14.287879,16.127914,16.417507,16.6774,15.380163,15.509023,15.987961,16.221558,15.650693,16.208748,16.36651,16.163548,15.930884,1.0250317,2.4552827,7.003356,0.7751345,31.71087,28.670792,39.356766,16.936466,20.504208,20.327057,17.497326,15.532252,16.015432,56.11
4446060.454,658011.4993,84.49231,1.2967092,0.73497087,28.14471,35.28669,34.32841,26.452509,22.23486,29.304039,27.962706,26.556646,27.924314,29.23459,42.52275,36.203342,38.682312,44.927353,48.17259,2.6565397,2.2401323,6.3041596,7.708534,1382.79,101.99335,0.080566406,0.4829839,0.003417969,0,15,0.6231817,0.42896283,0.32372022,0.23101304,0.6586788,0.98844385,2.1719413,17.901503,16.179531,17.4046,15.040097,17.208706,18.597914,17.254099,17.013767,21.770935,17.506521,19.726105,16.63847,23.100683,23.386074,22.073301,20.142738,21.643549,20.016985,18.896257,19.925299,22.710073,23.83669,19.138645,20.732014,19.016262,17.899244,17.635721,17.801832,17.789316,17.833517,15.49908,17.786495,15.058108,14.828238,16.215965,14.427008,16.056953,15.889972,15.732008,15.373477,15.301727,16.287434,15.923495,16.31242,16.324543,16.971989,16.291075,16.109865,1.01584,2.4483361,7.0063467,0.7751345,31.7157,28.633373,39.363045,17.083778,20.600298,20.881073,17.63928,15.458322,16.201813,56.11
4446060.454,658016.3791,105.74115,1.2805482,0.7349698,28.086235,35.096233,34.552094,26.757162,22.180946,29.27423,27.905832,26.623146,27.962166,29.636879,42.661785,36.181942,38.5374,44.692387,48.152596,2.638968,2.2319484,6.3247867,7.689933,1382.75,99.162346,0.040039062,0.45021096,0.004394531,0,15,0.6231817,0.42896283,0.32372022,0.23101304,0.6586788,0.98844385,2.1719413,19.087774,16.378328,17.64938,15.333474,18.163063,19.926893,18.70021,17.733006,21.89205,16.920916,18.540836,16.597057,22.75674,23.508844,21.25238,19.772882,18.833847,17.611975,16.201601,17.142971,20.284786,20.470392,16.88161,18.014479,17.145803,16.29308,16.578243,15.45938,16.30569,16.67967,16.112288,16.196619,15.358224,15.354111,15.89427,14.611882,15.949314,16.434776,16.008917,15.53748,15.561299,16.468874,16.189266,16.397268,16.113552,16.224188,16.403284,16.090813,1.007759,2.4354582,7.0073595,0.7751345,31.591234,28.59003,39.421864,17.891304,20.20983,18.203884,16.367737,15.658785,16.19396,56.11
4446060.454,658021.2589,118.23549,1.274724,0.7309351,28.082264,35.102364,34.804657,26.964659,22.071875,29.30833,27.906881,26.66338,28.05849,30.11881,42.73808,36.04635,38.30117,44.507484,48.028,2.6226137,2.2324977,6.3435545,7.6781726,1382.71,99.176544,0.03955078,0.44952053,0.002197266,0,15,0.6113082,0.42874417,0.31705135,0.23294374,0.66082114,1.0131582,2.1681626,19.087774,16.378328,17.64938,15.333474,18.163063,19.926893,18.70021,17.733006,21.89205,16.920916,18.540836,16.597057,22.75674,23.508844,21.25238,19.772882,18.833847,17.611975,16.201601,17.142971,20.284786,20.470392,16.88161,18.014479,17.145803,16.29308,16.578243,15.45938,16.30569,16.67967,16.112288,16.196619,15.358224,15.354111,15.89427,14.611882,15.949314,16.434776,16.008917,15.53748,15.561299,16.468874,16.189266,16.397268,16.113552,16.224188,16.403284,16.090813,1.0028296,2.4275556,7.0108633,0.77602714,31.592314,28.607605,39.392212,17.891304,20.20983,18.203884,16.367737,15.658785,16.19396,56.11
4446060.454,658026.1388,123.734375,1.2640308,0.72966534,28.11857,35.42387,35.039433,27.151176,22.183455,29.4077,28.258942,26.920368,28.387777,30.706968,42.74093,35.643917,38.011364,43.78267,47.58591,2.6010349,2.2113688,6.351328,7.667606,1382.67,102.74376,0.000488281,0.45497486,0.001098633,0,15,0.6113082,0.42874417,0.31705135,0.23294374,0.66082114,1.0131582,2.1681626,19.037363,15.940493,16.206081,14.564255,18.293278,20.821138,18.089144,17.344118,22.150604,17.42174,18.971333,16.55664,21.963459,23.656855,21.252502,19.869577,19.441671,17.377993,17.91051,16.546627,20.26884,20.551134,17.63474,18.363897,17.010778,16.154072,16.647032,16.353006,16.470413,17.140642,15.689059,16.391123,15.124037,15.2864275,15.64467,14.532004,15.782183,15.61273,16.134586,15.283121,15.212474,16.027658,15.59858,15.998157,15.342233,15.04175,16.10823,15.469644,0.9968481,2.4062018,7.009467,0.77602714,31.771221,28.83332,39.19242,17.564535,20.281874,18.533072,16.494999,15.445234,15.61844,56.11
4446060.454,658031.0186,127.778755,1.2372432,0.7379854,28.177658,35.493595,35.51482,27.222752,22.15703,29.465954,27.840248,26.997583,28.693676,31.464489,42.714375,35.85186,37.398186,43.54974,46.919937,2.5674272,2.1772232,6.3250785,7.629061,1382.63,100.61965,0,0.46679896,0,0,15,0.6113082,0.42874417,0.31705135,0.23294374,0.66082114,1.0131582,2.1681626,19.932402,16.755322,17.29822,16.118975,20.211946,21.954443,19.37636,18.583254,21.675217,16.364986,19.289944,16.310284,22.28463,23.016932,21.849207,19.708654,19.121647,17.563463,18.29825,17.736107,20.941275,19.811697,19.275036,18.836525,17.958227,15.975794,17.29918,15.315046,16.707027,17.401106,16.705624,16.695807,15.113091,15.667099,15.53923,14.09925,15.6616,16.071018,16.149757,15.349355,14.633475,16.391653,16.057762,15.8845825,15.010206,16.108934,16.688046,15.640376,0.9876143,2.3723252,6.97707,0.77602714,31.835627,28.653101,39.28312,18.806808,20.113028,18.963926,16.766003,15.471579,15.824951,56.11
4446060.454,658035.8984,115.024956,1.228479,0.7488143,27.86847,35.29335,35.877075,27.233093,22.148653,29.71406,28.269337,27.30458,29.193665,32.35766,42.59161,35.67411,36.85819,43.03835,46.1082,2.5392098,2.1446278,6.3086433,7.612439,1382.59,93.58178,-0.000488281,0.45900124,0,0,15,0.6113082,0.42874417,0.31705135,0.23294374,0.66082114,1.0131582,2.1681626,19.932402,16.755322,17.29822,16.118975,20.211946,21.954443,19.37636,18.583254,21.675217,16.364986,19.289944,16.310284,22.28463,23.016932,21.849207,19.708654,19.121647,17.563463,18.29825,17.736107,20.941275,19.811697,19.275036,18.836525,17.958227,15.975794,17.29918,15.315046,16.707027,17.401106,16.705624,16.695807,15.113091,15.667099,15.53923,14.09925,15.6616,16.071018,16.149757,15.349355,14.633475,16.391653,16.057762,15.8845825,15.010206,16.108934,16.688046,15.640376,0.9886466,2.341919,6.9605412,0.77602714,31.58091,28.9917,39.13286,18.806808,20.113028,18.963926,16.766003,15.471579,15.824951,56.11
4446060.454,658040.7783,112.05913,1.2169254,0.7551238,27.836859,35.290737,36.195072,27.182673,22.142664,29.941982,28.345488,27.545807,29.80574,33.349434,42.47749,35.623524,36.421234,42.497772,45.224895,2.517497,2.1422112,6.294105,7.59231,1382.55,90,0.000488281,0.48677862,0.002319336,0,15,0.6113082,0.42874417,0.31705135,0.23294374,0.66082114,1.0131582,2.1681626,18.911556,15.324251,16.044214,15.516887,18.577595,21.224712,18.065535,17.380451,21.1927,16.60792,19.054745,15.788976,20.943886,22.24209,22.826077,19.2459,19.703396,17.426973,17.674852,18.353455,19.322071,20.29541,19.457897,18.748562,16.548813,15.146998,15.315094,14.237099,16.131325,16.53027,15.807883,15.576586,14.918361,15.175424,14.513784,13.986099,15.490321,15.456945,15.134347,14.811602,14.841918,16.107079,15.184663,15.489784,15.478085,16.15811,16.239817,15.486135,0.9860246,2.329854,6.9432077,0.77602714,31.563797,29.143734,39.050507,17.666393,19.808056,18.89058,15.673927,14.953611,15.642779,56.11
4446060.454,658045.6581,99.53134,1.1834941,0.76039,27.70188,35.15863,36.454945,27.033573,21.98728,30.23841,28.619707,28.041374,30.616972,34.49836,42.329052,35.489563,35.853363,41.804554,44.262215,2.4795518,2.1130247,6.2861176,7.5728264,1382.51,90,0.12011719,0.5161516,0.005615234,0,15,0.6113082,0.42874417,0.31705135,0.23294374,0.66082114,1.0131582,2.1681626,18.911556,15.324251,16.044214,15.516887,18.577595,21.224712,18.065535,17.380451,21.1927,16.60792,19.054745,15.788976,20.943886,22.24209,22.826077,19.2459,19.703396,17.426973,17.674852,18.353455,19.322071,20.29541,19.457897,18.748562,16.548813,15.146998,15.315094,14.237099,16.131325,16.53027,15.807883,15.576586,14.918361,15.175424,14.513784,13.986099,15.490321,15.456945,15.134347,14.811602,14.841918,16.107079,15.184663,15.489784,15.478085,16.15811,16.239817,15.486135,0.97194207,2.2962883,6.929472,0.77602714,31.430256,29.429058,38.90931,17.666393,19.808056,18.89058,15.673927,14.953611,15.642779,56.11
4446060.454,658050.5379,76.716095,1.1745199,0.76052207,27.666836,35.154907,36.67855,26.823107,21.910543,30.442694,28.74832,28.39428,31.557457,35.82279,42.304497,35.389454,35.318554,41.159416,43.265064,2.4618104,2.1099932,6.2900443,7.5537558,1382.46,91.47064,-0.000488281,0.5586463,0.003295898,0,15,0.58812517,0.45955172,0.35043448,0.22726536,0.70320326,1.1522646,2.1973114,19.014746,16.293375,17.138935,15.085927,18.608936,20.14252,18.490353,17.57508,20.871204,16.428946,18.97773,15.874291,21.732874,22.491121,22.874552,19.348686,19.345554,15.685977,17.686407,17.010378,19.893293,20.747757,18.2131,18.290073,15.682561,14.926283,14.672274,14.416459,16.365894,17.586508,14.903327,15.482918,14.89677,15.324128,14.551371,13.175989,14.5963545,15.379601,14.652766,14.550678,14.302529,16.137432,14.99626,15.240114,15.236336,16.835062,16.153023,15.484598,0.96752095,2.2859018,6.9219,0.81116515,31.410872,29.595507,38.846977,17.82497,19.89296,18.368925,15.507616,14.653853,15.55725,56.11
4446060.454,658055.4178,124.618484,1.1627823,0.761526,27.657944,34.893818,36.82091,26.766886,22.05162,30.752823,28.96083,28.6797,32.5843,37.38679,42.156746,35.335064,34.809425,40.370613,41.93989,2.4390025,2.1078868,6.3014617,7.54309,1382.41,93.8182,0.12060547,0.64591396,0.004516602,0,15,0.58812517,0.45955172,0.35043448,0.22726536,0.70320326,1.1522646,2.1973114,19.5778,17.612463,18.04138,15.938982,19.400867,20.732813,19.77263,18.379559,20.110905,16.60631,18.52577,15.639146,21.113043,22.463755,23.015705,19.037731,19.2801,16.517962,18.252066,18.015804,20.234665,20.581318,17.559881,18.554691,15.854116,14.17961,14.71102,14.15182,16.00419,17.557573,15.187609,15.339651,14.227571,14.822737,14.399087,14.459923,15.153076,15.718591,15.479448,14.7845955,14.627854,15.830978,14.554745,15.902452,15.470464,16.223484,15.433548,15.33037,0.96215415,2.2734447,6.9222755,0.81116515,31.27588,29.856827,38.745903,18.725277,19.639235,18.63454,15.377991,14.894347,15.434791,56.11
4446060.454,658060.2976,126.955025,1.1392229,0.7770382,27.776117,35.01821,36.765877,27.541504,22.391275,31.690502,29.376364,29.144892,33.54562,39.277115,41.289703,35.140633,34.327297,38.83263,39.458427,2.394469,2.0748012,6.31947,7.540382,1382.34,97.43921,-0.2006836,0.66440845,-0.010009766,0,15,0.58812517,0.45955172,0.35043448,0.22726536,0.70320326,1.1522646,2.1973114,19.602097,17.615162,18.04138,15.94333,19.53897,20.974463,20.154999,18.443724,20.12033,16.390387,18.496838,15.635879,21.10617,22.466629,22.940533,18.989286,18.989737,16.28485,17.956339,17.877928,20.139778,20.33333,17.26367,18.333872,15.8506155,14.165631,14.707865,14.15182,15.993481,17.547071,15.170107,15.332086,14.078862,14.841757,14.336655,14.515115,14.944837,15.536512,15.140719,14.700519,14.589197,15.771879,14.520268,15.84313,15.447702,16.177769,15.398386,15.290424,0.95813054,2.234635,6.929926,0.81116515,31.397163,30.533432,38.215168,18.838627,19.593824,18.406519,15.3695135,14.770637,15.392618,56.11
4446060.454,658065.1774,125.72876,1.1316273,0.79013765,28.060358,34.75168,36.574154,28.28218,22.56333,32.608414,29.666132,29.77757,34.69464,41.343044,40.43118,35.156296,33.826004,37.241623,36.816982,2.3543046,2.0660455,6.3474274,7.536307,1382.29,100.417854,0.040527344,0.7135864,0,0,15,0.58812517,0.45955172,0.35043448,0.22726536,0.70320326,1.1522646,2.1973114,20.099243,17.03359,16.997261,16.563324,20.025707,21.256107,20.586147,18.585602,19.55913,16.707537,17.788618,14.862673,21.571186,22.679127,22.759998,18.803873,17.62442,17.8304,15.770964,15.611823,19.392122,20.249283,16.33992,17.375376,15.227393,14.247061,15.68387,14.224579,16.110584,17.361788,16.004587,15.384578,14.809867,14.399293,14.675494,14.570986,14.770089,16.01891,15.197389,14.799594,14.706761,15.534752,15.108591,15.89073,14.995543,15.979367,16.286066,15.372354,0.9608825,2.210175,6.941867,0.81116515,31.406017,31.137272,37.79374,18.937342,19.418322,17.54556,15.551408,14.92029,15.500259,56.11
4446055.47,657923.6623,93.265785,1.2039815,1.8058723,27.418303,30.112738,23.794106,21.759907,22.403475,41.454014,36.101063,35.686047,40.271282,43.831665,31.428108,33.78874,39.473877,38.11017,34.53209,2.4662523,2.0972698,7.2673097,8.232563,1384.24,53.353264,0.040039062,1.5349572,0.001098633,0,15,0.5905221,0.39148977,0.30153626,0.23209184,0.66439325,0.7665854,1.461557,18.956732,15.75876,16.91993,15.419722,19.19513,20.046509,17.682041,17.541592,22.879026,18.136982,20.554686,17.082739,23.550278,23.252975,23.46203,20.85747,24.137045,20.086842,19.404703,19.504313,20.59109,24.307312,23.321512,21.173628,21.070705,20.206709,20.070288,20.463541,20.436563,20.849411,19.197641,20.442762,15.531182,13.664512,16.314789,14.624094,16.506382,16.364258,15.696611,15.447868,17.591078,17.275883,17.76434,17.416416,17.7795,18.4546,18.101898,17.70773,1.5049269,2.2817612,7.749936,0.62973934,28.76552,38.77754,32.60842,17.71126,21.274103,21.62183,20.327837,15.528832,17.7691,56.11
4446055.47,657928.5421,89.962616,1.2240491,1.8252933,27.408688,29.84772,23.988815,21.545471,22.442719,42.00935,36.242146,35.664764,40.639366,45.514534,30.960878,33.68111,39.14001,37.935146,32.899075,2.495333,2.102837,7.300498,8.236072,1384.13,54.47335,-0.12011719,1.4780395,-0.001098633,0,15,0.5905221,0.39148977,0.30153626,0.23209184,0.66439325,0.7665854,1.461557,18.956732,15.75876,16.91993,15.419722,19.19513,20.046509,17.682041,17.541592,22.879026,18.136982,20.554686,17.082739,23.550278,23.252975,23.46203,20.85747,24.137045,20.086842,19.404703,19.504313,20.59109,24.307312,23.321512,21.173628,21.070705,20.206709,20.070288,20.463541,20.436563,20.849411,19.197641,20.442762,15.531182,13.664512,16.314789,14.624094,16.506382,16.364258,15.696611,15.447868,17.591078,17.275883,17.76434,17.416416,17.7795,18.4546,18.101898,17.70773,1.5246712,2.2990851,7.768285,0.62973934,28.628204,39.125748,32.320995,17.71126,21.274103,21.62183,20.327837,15.528832,17.7691,56.11
4446055.47,657933.4219,84.908806,1.2217169,1.8233105,27.395987,29.712992,24.249199,21.491997,22.255392,42.158215,36.373707,35.69213,40.768913,46.30355,30.903967,33.601933,39.07965,37.863914,32.052055,2.5174863,2.108384,7.3089123,8.229568,1384.04,58.469276,0.36083984,1.4785239,0.016723633,0,15,0.5989566,0.4231321,0.33513665,0.23205581,0.65781134,0.99821067,2.1798403,18.260502,16.953232,17.35064,16.242817,18.737947,20.031378,18.002085,17.798891,22.838978,18.105528,20.42052,17.35439,23.881968,23.23111,22.620478,20.803062,21.85652,19.978378,18.329182,19.951254,21.563637,24.84666,23.508633,21.054718,20.538006,21.28567,19.40456,20.555328,20.012463,20.551495,20.457632,20.470688,15.477958,14.663744,16.804262,14.96569,15.687746,16.37374,16.825518,15.677498,17.254147,17.065866,17.846273,17.534208,17.242603,18.12726,18.512407,17.52243,1.5225136,2.312935,7.76924,0.7750205,28.55449,39.26596,32.25295,17.9398,21.207567,21.433468,20.400738,15.828379,17.65468,56.11
4446055.47,657938.3018,84.4048,1.2439166,1.782011,27.160437,30.115578,25.171022,21.94809,22.527054,41.791878,35.859024,35.563786,40.469437,45.301414,31.38476,33.670338,38.31939,37.92681,32.879173,2.547322,2.1215668,7.2723365,8.174272,1383.91,62.264645,-0.03955078,1.56934,0.002319336,0,15,0.5989566,0.4231321,0.33513665,0.23205581,0.65781134,0.99821067,2.1798403,18.515326,16.00276,17.402704,15.971893,18.930483,20.751108,18.050657,17.824245,22.677526,18.223993,20.642347,17.331114,24.44303,24.26157,22.558462,21.07968,20.728542,20.083017,18.570213,19.865707,21.839844,23.662918,22.084534,20.700336,18.975582,21.007437,20.71431,20.886662,19.925018,20.856716,19.572592,20.46247,15.155153,14.117434,16.23185,14.476594,16.1157,16.757372,16.138096,15.498337,17.00027,17.829218,17.761946,17.497366,16.633162,17.372635,18.336267,17.36125,1.5129638,2.3344445,7.723304,0.7750205,28.638008,38.82545,32.52755,17.946419,21.448292,20.976397,20.276901,15.5703125,17.490124,56.11
4446055.47,657943.1816,93.872116,1.2518795,1.7297552,27.155022,30.12567,26.085762,22.37953,22.592054,41.142216,35.564976,35.29708,40.12283,44.05425,32.11041,33.826218,37.896065,37.90452,33.870556,2.5729482,2.1238894,7.2243543,8.123078,1383.78,62.948902,-0.15966797,1.5113997,-0.013305664,0,15,0.5989566,0.4231321,0.33513665,0.23205581,0.65781134,0.99821067,2.1798403,18.515326,16.00276,17.402704,15.971893,18.930483,20.751108,18.050657,17.824245,22.666143,18.207027,20.632387,17.31973,24.433067,24.252462,22.551632,21.068336,20.728542,20.261566,18.648329,19.954985,21.917961,23.796831,22.129171,20.793407,19.396519,21.217907,21.266788,21.3076,20.477499,21.27765,19.993526,20.901318,15.148128,14.117434,16.231197,14.476594,16.1157,16.757,16.137724,15.497125,17.015415,17.84168,17.776052,17.510807,16.644688,17.390575,18.351408,17.375177,1.4908173,2.3484187,7.6737165,0.7750205,28.640347,38.353596,32.968315,17.946419,21.437494,21.062483,20.705355,15.569112,17.504375,56.11
4446055.47,657948.0614,88.05774,1.2690418,1.6728623,27.501657,30.527506,26.994154,22.776657,22.618494,40.280567,34.971302,34.722816,39.580566,42.860104,32.98327,34.040302,37.65899,38.091267,34.836914,2.612954,2.1317124,7.1715918,8.075417,1383.67,63.705666,-0.15917969,1.3899214,-0.00769043,0,15,0.5989566,0.4231321,0.33513665,0.23205581,0.65781134,0.99821067,2.1798403,17.74446,15.31439,16.80223,15.05074,18.499844,20.595211,17.05787,17.177414,22.477129,17.835743,20.382206,17.245829,24.143356,24.569118,22.605762,20.961554,20.714106,20.003147,20.71431,21.231419,22.440042,22.286718,24.836712,21.379576,19.101429,19.788328,20.305468,20.62264,20.551588,22.595264,20.92067,20.43671,14.858521,14.101184,15.749594,14.146132,15.836821,17.227036,16.468897,15.304999,17.245129,17.473629,18.395502,16.995367,17.123032,17.650549,18.617203,17.546175,1.470952,2.372333,7.623504,0.7750205,29.014582,37.625935,33.511787,17.294964,21.322735,21.746637,20.555056,15.484026,17.642916,56.11
4446055.47,657952.9413,109.43696,1.2759665,1.6110171,27.195787,30.729683,27.833075,23.131165,22.543455,39.406723,34.89315,34.35616,38.911064,41.66584,33.94253,34.005623,37.305176,38.299145,35.755222,2.6615775,2.0942142,7.1108193,8.031991,1383.57,66.65387,0.07910156,1.3728459,0.002197266,0,15,0.5989566,0.4231321,0.33513665,0.23205581,0.65781134,0.99821067,2.1798403,18.194174,15.325365,17.60404,15.367984,19.043003,20.587727,17.900665,17.595306,22.824144,18.77418,20.25175,17.04175,24.35186,25.57007,22.490795,21.358374,21.660349,21.094992,20.192545,21.650192,22.148039,24.0446,22.853807,21.638304,19.786455,19.851917,20.79075,21.792238,20.077066,22.303862,21.577606,20.858408,15.940115,14.183539,15.8386545,14.494478,16.323305,16.73706,16.92756,15.592846,16.61017,17.590021,18.365866,17.53502,17.320528,17.852524,18.08692,17.573816,1.4434918,2.3778958,7.5714054,0.7750205,28.962734,37.149937,33.974075,17.717564,21.614935,21.949217,20.882843,15.777816,17.623007,56.11
4446055.47,657957.8211,96.89446,1.2838608,1.5438744,27.132807,31.91539,28.65891,23.46894,22.578932,38.335026,34.220528,33.658466,38.023064,40.356796,34.999268,33.944126,37.186386,38.74961,36.851257,2.6799936,2.1195817,7.038495,7.982637,1383.46,67.964966,-0.000488281,1.2977514,0,0,15,0.5989566,0.4231321,0.33513665,0.23205581,0.65781134,0.99821067,2.1798403,18.194174,15.325365,17.60404,15.367984,19.043003,20.587727,17.900665,17.595306,22.824144,18.77418,20.25175,17.04175,24.35186,25.57007,22.490795,21.358374,21.660349,21.094992,20.192545,21.650192,22.148039,24.0446,22.853807,21.638304,19.786455,19.851917,20.79075,21.792238,20.077066,22.303862,21.577606,20.858408,15.940115,14.183539,15.8386545,14.494478,16.323305,16.73706,16.92756,15.592846,16.61017,17.590021,18.365866,17.53502,17.320528,17.852524,18.08692,17.573816,1.4138676,2.3997877,7.5105658,0.7750205,29.524097,36.27778,34.471695,17.717564,21.614935,21.949217,20.882843,15.777816,17.623007,56.11
4446055.47,657962.7009,99.78947,1.3031988,1.4599241,27.163498,31.796024,29.409452,23.813717,22.848656,37.289036,34.061592,33.06494,36.95952,38.909107,35.910713,34.06506,36.958027,39.22087,38.036003,2.6970642,2.1321602,6.9633813,7.943968,1383.36,69.349434,0,1.1783521,0.001098633,0,15,0.62587625,0.42645448,0.34063992,0.23719388,0.6571154,1.0139691,2.1687894,18.942844,15.440738,18.006676,15.378006,18.415955,20.658442,18.353518,17.777626,23.16908,18.509933,20.648232,17.150433,23.426003,24.579264,22.241331,21.120682,22.378523,20.750702,19.909067,21.306833,22.00234,23.518536,23.163528,21.573502,20.876955,20.683453,20.810776,21.285559,20.794882,21.966154,20.46677,21.012054,16.062656,14.3594265,16.416985,14.287949,16.018429,16.981401,17.229586,15.740116,16.911884,17.547855,18.358194,17.557909,16.68891,18.015614,18.83659,17.587233,1.3815615,2.4146123,7.4536743,0.78143406,29.479761,35.675316,34.987885,17.885168,21.389181,21.86136,20.983507,15.908061,17.702423,56.11
4446055.47,657967.5808,85.73193,1.293938,1.3639544,27.35668,32.262356,29.995138,24.12721,22.79313,36.072296,33.548756,32.24977,35.654007,37.31224,36.92106,34.24571,37.273735,40.063515,39.495586,2.703965,2.1329303,6.8653927,7.917498,1383.27,71.062836,0.080078125,1.0596718,0.002197266,0,15,0.62587625,0.42645448,0.34063992,0.23719388,0.6571154,1.0139691,2.1687894,19.553816,15.762462,17.776638,15.813256,18.82066,20.96568,18.574305,18.058825,21.981833,17.297882,20.691465,16.701145,22.928139,23.939405,22.813215,20.522047,21.154911,20.602667,20.570381,20.393597,21.72773,23.605368,22.293163,21.27742,19.899298,20.266085,20.062046,20.560902,19.515116,19.642172,18.590984,19.923773,15.56318,14.446874,15.381544,14.583442,15.816555,15.229245,17.082617,15.247107,16.302467,15.3881445,16.653076,16.158161,14.700951,16.313791,17.763927,15.962134,1.3289462,2.4184475,7.391445,0.78143406,29.809517,34.810524,35.58338,18.180975,20.907583,21.47826,19.790943,15.443352,16.182932,56.11
4446055.47,657972.4606,92.268074,1.2980638,1.2543272,27.855223,33.05786,30.501013,24.400017,22.728811,34.73335,32.27898,31.193447,34.19348,35.57396,37.945713,34.756054,37.91035,41.075436,41.11794,2.6850066,2.163944,6.748726,7.884907,1383.18,72.128555,-0.119140625,0.93320334,-0.005493164,0,15,0.62587625,0.42645448,0.34063992,0.23719388,0.6571154,1.0139691,2.1687894,18.9773,15.765849,17.803776,15.823431,17.773596,20.040945,17.903082,17.666903,21.981833,17.297882,20.691465,16.701145,22.831936,23.829458,22.386745,20.458529,20.800526,20.207224,20.24542,20.09181,21.678314,23.148497,21.332766,20.91526,18.340092,18.34631,18.63188,18.992285,18.143305,18.40874,16.470106,18.34555,15.56318,14.446874,15.381544,14.583442,15.816555,15.229245,17.082617,15.247107,16.302467,15.3881445,16.653076,16.158161,14.700951,16.313791,17.763927,15.962134,1.2761955,2.4244752,7.3168163,0.78143406,30.456543,33.506165,36.350883,17.726854,20.817211,21.07208,18.190388,15.443352,16.182932,56.11
4446055.47,657977.3404,87.536736,1.2986554,1.1370882,27.896093,33.07649,30.951513,24.579508,22.726011,33.46961,31.780396,30.31089,32.653477,33.715782,38.922337,34.98902,38.395954,42.190956,42.809124,2.6779375,2.1655061,6.620659,7.8638864,1383.11,75.252815,-0.000488281,0.844136,-0.001098633,0,15,0.62587625,0.42645448,0.34063992,0.23719388,0.6571154,1.0139691,2.1687894,19.319904,15.558477,17.590977,15.492761,18.405651,19.982962,18.615513,17.698223,21.392881,17.437595,20.461184,17.018112,22.710379,23.653471,22.931019,20.368916,21.430515,18.909101,20.74111,19.625837,21.44268,23.520905,20.85404,20.83565,18.875895,18.449083,18.732496,18.33533,18.873306,18.196613,16.420994,18.481335,15.650002,14.533859,15.5109825,13.984704,15.7252035,15.432113,16.662073,15.182347,15.68794,15.301573,16.97487,16.148485,14.798586,15.708137,16.335571,15.795966,1.2178718,2.421722,7.2422724,0.78143406,30.48629,32.625,36.95568,17.852322,20.800663,20.932026,18.269102,15.35699,15.850738,56.11
4446055.47,657982.2203,110.91504,1.2985985,1.013495,27.938269,33.097446,31.325294,24.630226,22.749704,32.188236,31.255358,29.38644,31.041632,31.757408,39.900536,35.169403,38.97424,43.480495,44.53122,2.6675568,2.1669278,6.4816813,7.8469214,1383.04,81.24575,-0.03955078,0.75360954,-0.003295898,0,15,0.62587625,0.42645448,0.34063992,0.23719388,0.6571154,1.0139691,2.1687894,18.844744,15.692705,17.24549,16.160645,18.240585,20.032217,18.089432,17.603811,21.845493,17.760746,19.782,16.917492,22.26063,23.582743,23.054722,20.214,21.387085,19.126736,20.74329,19.93878,21.487701,23.74967,20.79912,20.893995,19.424244,18.33721,18.385136,18.701645,18.53247,18.807693,16.594187,18.48617,15.541125,14.848195,15.31001,13.888604,15.749573,15.69189,16.142742,15.16193,16.495419,15.898948,16.152035,16.21793,15.662886,16.03789,16.257608,16.069916,1.1560467,2.4172423,7.1643014,0.78143406,30.517857,31.721798,37.53497,17.757975,20.743402,21.0332,18.397512,15.310305,16.103245,56.11
4446055.47,657987.1001,94.51615,1.2985985,1.013495,27.938269,33.097446,31.325294,24.630226,22.749704,32.188236,31.255358,29.38644,31.041632,31.757408,39.900536,35.169403,38.97424,43.480495,44.53122,2.6675568,2.1669278,6.4816813,7.8469214,1383.04,81.24575,-0.03955078,0.75360954,-0.003295898,0,15,0.62587625,0.42645448,0.34063992,0.23719388,0.6571154,1.0139691,2.1687894,18.844744,15.692705,17.24549,16.160645,18.240585,20.032217,18.089432,17.603811,21.845493,17.760746,19.782,16.917492,22.26063,23.582743,23.054722,20.214,21.387085,19.126736,20.74329,19.93878,21.487701,23.74967,20.79912,20.893995,19.424244,18.33721,18.385136,18.701645,18.53247,18.807693,16.594187,18.48617,15.541125,14.848195,15.31001,13.888604,15.749573,15.69189,16.142742,15.16193,16.495419,15.898948,16.152035,16.21793,15.662886,16.03789,16.257608,16.069916,1.1560467,2.4172423,7.1643014,0.78143406,30.517857,31.721798,37.53497,17.757975,20.743402,21.0332,18.397512,15.310305,16.103245,56.11
4446055.47,657991.9799,101.93525,1.2979616,0.8829438,27.982578,33.123016,31.591604,24.481144,22.836493,30.829355,30.657223,28.340216,29.286783,29.626266,40.934284,35.282402,39.749016,45.096066,46.290295,2.653804,2.168205,6.32379,7.8366666,1382.98,87.394554,-0.040527344,0.63079625,-0.003417969,0,15,0.6302911,0.41940805,0.33034322,0.23648141,0.65905726,0.9926488,2.1661325,18.844744,15.692705,17.24549,16.160645,18.240585,20.032217,18.089432,17.603811,21.845493,17.760746,19.782,16.917492,22.26063,23.582743,23.054722,20.214,21.387085,19.126736,20.74329,19.93878,21.487701,23.74967,20.79912,20.893995,19.424244,18.33721,18.385136,18.701645,18.53247,18.807693,16.594187,18.48617,15.541125,14.848195,15.31001,13.888604,15.749573,15.69189,16.142742,15.16193,16.495419,15.898948,16.152035,16.21793,15.662886,16.03789,16.257608,16.069916,1.0904527,2.4110045,7.0802283,0.7763375,30.552797,30.74329,38.108345,17.757975,20.743402,21.0332,18.397512,15.310305,16.103245,56.11
4446055.47,657996.8598,97.80699,1.3072134,0.7669257,28.05632,33.981647,31.906958,24.259102,22.832315,29.384594,28.73068,26.685816,27.60036,27.70036,42.086193,35.93923,40.80174,46.936794,47.87551,2.64917,2.1661685,6.1700344,7.8239245,1382.93,90,0.040527344,0.63014424,0.003417969,0,15,0.6302911,0.41940805,0.33034322,0.23648141,0.65905726,0.9926488,2.1661325,18.854904,16.825228,16.843113,15.26388,17.219849,20.059649,16.735605,17.301952,21.898783,17.317228,19.90551,16.739931,22.210388,23.109888,23.937647,20.167048,21.854053,18.911243,20.585508,18.868097,22.559492,22.796604,21.907837,20.82596,18.93133,17.902317,18.214083,18.37543,17.948933,18.0325,17.323893,18.13605,15.778424,15.450821,15.6504,14.438578,14.887805,16.726728,16.556723,15.493129,15.3463335,15.624983,16.678839,16.243479,16.678131,16.557035,16.079712,16.186357,1.0370696,2.407669,6.9969797,0.7763375,31.018984,29.057636,39.01271,17.400318,20.731339,21.068975,18.104069,15.641355,16.172644,56.11
4446055.47,658001.7396,101.44022,1.3018118,0.7617729,28.1609,35.283085,32.73491,25.164879,22.572922,29.38771,27.938847,26.727392,27.969255,28.5057,42.156433,36.12206,39.816498,45.833683,47.84368,2.6450098,2.2402534,6.227578,7.7685237,1382.87,91.33222,-0.040039062,0.616674,-0.004394531,0,15,0.6302911,0.41940805,0.33034322,0.23648141,0.65905726,0.9926488,2.1661325,18.251917,16.797758,17.172998,15.334024,16.658325,18.650158,16.446283,16.922792,21.944214,17.593786,19.22513,16.589266,22.51075,22.825766,23.282408,20.049965,21.923292,18.803223,17.726036,18.79576,22.336662,23.97308,22.666784,20.534311,18.938131,17.8831,17.456099,17.059937,18.249952,19.279638,17.633387,18.10939,15.667699,15.551326,16.24464,14.726136,15.853682,16.385052,16.088707,15.690144,15.296471,16.667461,16.355953,16.657543,16.34024,17.156672,16.14272,16.370466,1.0317924,2.4426317,6.9980507,0.7763375,31.721992,28.663279,39.139244,17.044493,20.567331,20.889263,18.071463,15.788177,16.373867,56.11
4446055.47,658006.6194,97.68998,1.2951796,0.75045127,28.166658,35.289387,33.271465,25.717754,22.386442,29.271906,27.913416,26.762585,28.058231,29.001926,42.304523,36.097008,39.353893,45.34778,47.8798,2.6326773,2.2421215,6.251184,7.7341547,1382.82,96.01667,-0.040527344,0.54713947,-0.003417969,0,15,0.6302911,0.41940805,0.33034322,0.23648141,0.65905726,0.9926488,2.1661325,18.251917,16.797758,17.172998,15.334024,16.658325,18.650158,16.446283,16.922792,21.944214,17.593786,19.22513,16.589266,22.51075,22.825766,23.282408,20.049965,21.923292,18.803223,17.726036,18.79576,22.336662,23.97308,22.666784,20.534311,18.938131,17.8831,17.456099,17.059937,18.249952,19.279638,17.633387,18.10939,15.667699,15.551326,16.24464,14.726136,15.853682,16.385052,16.088707,15.690144,15.296471,16.667461,16.355953,16.657543,16.34024,17.156672,16.14272,16.370466,1.0228155,2.4373994,6.992669,0.7763375,31.728024,28.59266,39.200768,17.044493,20.567331,20.889263,18.071463,15.788177,16.373867,56.11
4446055.47,658011.4993,85.54307,1.2884266,0.73888814,28.17222,35.29846,33.738503,26.127071,22.250502,29.112986,27.845423,26.721472,28.067703,29.427343,42.49734,36.020264,39.02617,45.07093,47.87223,2.619834,2.2440186,6.262712,7.7051544,1382.77,103.25887,-0.15966797,0.50010896,-0.008911133,0,15,0.6302911,0.41940805,0.33034322,0.23648141,0.65905726,0.9926488,2.1661325,18.204485,15.788852,16.23067,14.747515,16.58655,18.93193,15.077604,16.404722,22.137177,17.804317,18.718163,16.733395,22.917295,23.73096,23.753141,20.236187,20.696075,19.05339,18.312069,18.528645,21.704798,23.39126,21.354572,20.14044,19.075792,17.335234,17.568102,17.247509,17.131676,18.271942,17.440954,17.723238,15.664977,15.130528,16.013973,15.249442,15.673492,15.709267,15.799479,15.497616,15.639464,16.552347,16.788715,15.689192,15.478931,16.757181,16.713533,16.15061,1.0136573,2.4319263,6.9839334,0.7763375,31.73534,28.479204,39.258804,16.509657,20.827778,20.4344,17.724459,15.60588,16.231337,56.11
4446055.47,658016.3791,91.47626,1.2816145,0.7299169,28.176592,35.3088,34.171158,26.441792,22.143524,28.953897,27.757088,26.649017,28.066223,29.856102,42.699085,35.91829,38.759983,44.88787,47.78769,2.6072602,2.2460158,6.2678003,7.6793675,1382.74,108.43495,0.080078125,0.45339578,0.002197266,0,15,0.6302911,0.41940805,0.33034322,0.23648141,0.65905726,0.9926488,2.1661325,18.986807,16.824783,16.77143,14.541262,17.857134,19.802612,17.897879,17.25489,21.38844,16.54665,18.101551,15.976099,23.07402,23.03779,23.071253,19.635439,18.946167,15.443903,16.303892,14.289042,19.453876,19.513617,16.974455,17.030287,17.34451,16.050882,16.442205,14.835907,15.860357,16.032103,15.743925,15.97513,15.530971,16.49115,15.899757,15.338927,15.820212,15.851468,16.223803,15.734662,15.637587,16.783047,16.599058,15.469747,15.946072,15.303373,17.379202,16.042442,1.0057657,2.4266381,6.973584,0.7763375,31.742695,28.355492,39.308685,17.525988,20.170828,17.274992,16.044271,15.87947,16.159727,56.11
4446055.47,658021.2589,105.506874,1.2616429,0.7309153,28.168608,35.437798,34.471504,26.749811,22.299812,28.833988,27.967634,26.82144,28.159733,30.283699,42.882294,35.630814,38.59652,44.298622,47.55044,2.5889843,2.2175074,6.267872,7.6561937,1382.7,104.95464,-0.000488281,0.44448447,0,0,15,0.63377136,0.41312298,0.32390022,0.23677081,0.657833,0.97931415,2.174106,18.986807,16.824783,16.77143,14.541262,17.857134,19.802612,17.897879,17.25489,21.38844,16.54665,18.101551,15.976099,23.07402,23.03779,23.071253,19.635439,18.946167,15.443903,16.303892,14.289042,19.453876,19.513617,16.974455,17.030287,17.34451,16.050882,16.442205,14.835907,15.860357,16.032103,15.743925,15.97513,15.530971,16.49115,15.899757,15.338927,15.820212,15.851468,16.223803,15.734662,15.637587,16.783047,16.599058,15.469747,15.946072,15.303373,17.379202,16.042442,0.9962791,2.403246,6.962033,0.77411693,31.803204,28.40081,39.256554,17.525988,20.170828,17.274992,16.044271,15.87947,16.159727,56.11
4446055.47,658026.1388,114.15372,1.2545446,0.73191285,28.159008,35.441826,34.846176,26.93407,22.244774,28.82442,27.947968,26.815855,28.359486,30.870787,42.96569,35.543873,38.33975,43.97004,47.16898,2.5730321,2.2180567,6.2630982,7.6359935,1382.66,97.606865,-0.03955078,0.43324307,-0.003295898,0,15,0.63377136,0.41312298,0.32390022,0.23677081,0.657833,0.97931415,2.174106,19.049896,16.314238,15.831791,14.599989,18.108027,21.24816,18.181767,17.35434,21.296062,17.69382,18.706873,15.495576,21.836178,23.765417,22.03471,19.627213,18.49964,15.699341,16.077507,15.054587,20.197083,19.65686,17.416683,17.300661,17.086195,15.424835,16.114399,15.216132,16.74052,17.587442,16.380367,16.298386,15.039435,14.855179,15.336134,15.057772,15.32831,16.273273,16.469671,15.309197,16.037916,15.996292,15.773931,15.524007,15.866229,16.079588,17.791145,15.990183,0.99322873,2.3955445,6.949546,0.77411693,31.800417,28.386194,39.254784,17.619123,20.118376,17.514528,16.364271,15.479968,16.152729,56.11
4446055.47,658031.0186,116.58717,1.216582,0.74021417,27.918259,35.310318,35.19575,27.017673,22.248938,29.022583,28.049925,27.176739,28.68653,31.576786,42.875843,35.51948,37.868076,43.61316,46.562508,2.528517,2.1808913,6.2513804,7.6098886,1382.62,93.81407,-0.12011719,0.43108466,-0.005615234,0,15,0.63377136,0.41312298,0.32390022,0.23677081,0.657833,0.97931415,2.174106,20.610813,17.367384,16.880949,15.624322,19.860413,22.263845,19.521988,18.613901,21.600054,17.733025,18.349781,16.095148,22.126995,23.223598,22.010359,19.657904,19.225931,16.48033,16.327759,15.823604,19.807005,19.236841,18.246628,17.644896,17.512072,15.948654,16.072289,15.514691,16.405884,17.594198,16.36832,16.494465,15.253316,14.908464,15.277356,14.487478,15.743492,16.088055,17.188038,15.384643,15.656249,16.133879,16.028933,15.623897,15.377977,15.712043,18.362988,15.853694,0.9783981,2.3547041,6.9306345,0.77411693,31.614288,28.536255,39.197662,18.875673,20.162708,17.8783,16.488016,15.563743,16.127995,56.11
4446055.47,658035.8984,122.7916,1.2044452,0.7537169,27.59469,35.107338,35.539757,27.04351,22.212746,29.387522,28.564104,27.526974,29.176138,32.419594,42.703724,35.294304,37.304634,43.084816,45.872753,2.4989712,2.1473885,6.250434,7.601942,1382.59,95.5362,0.079589844,0.44584724,0.003295898,0,15,0.63377136,0.41312298,0.32390022,0.23677081,0.657833,0.97931415,2.174106,20.610813,17.367384,16.880949,15.624322,19.860413,22.263845,19.521988,18.613901,21.600054,17.733025,18.349781,16.095148,22.126995,23.223598,22.010359,19.657904,19.225931,16.48033,16.327759,15.823604,19.807005,19.236841,18.246628,17.644896,17.512072,15.948654,16.072289,15.514691,16.405884,17.594198,16.36832,16.494465,15.253316,14.908464,15.277356,14.487478,15.743492,16.088055,17.188038,15.384643,15.656249,16.133879,16.028933,15.623897,15.377977,15.712043,18.362988,15.853694,0.97908103,2.3231797,6.926188,0.77411693,31.351013,28.975813,38.999016,18.875673,20.162708,17.8783,16.488016,15.563743,16.127995,56.11
4446055.47,658040.7783,121.21694,1.2073902,0.7732426,27.859854,35.30547,35.96564,27.021868,22.130013,29.583027,28.159061,27.43434,29.768166,33.447872,42.622868,35.445557,36.750587,42.66041,45.07598,2.4894867,2.1484268,6.246462,7.5809383,1382.55,96.71939,0.080566406,0.4901452,0.004516602,0,15,0.63377136,0.41312298,0.32390022,0.23677081,0.657833,0.97931415,2.174106,19.48232,16.254725,16.428158,15.865855,18.687887,22.248165,19.277832,17.972198,21.50723,16.980608,17.626604,15.772009,22.709082,22.737993,22.407574,19.397707,19.799665,15.87177,16.909065,16.52544,18.86399,19.579191,19.239285,17.851324,16.2027,14.231784,15.127815,14.448621,15.945104,16.782887,16.006449,15.437903,14.936038,15.830016,15.153379,14.360124,15.560449,15.426933,16.427332,15.2517605,15.806239,15.574899,15.63125,15.749431,16.268385,16.26331,18.090942,15.954725,0.9903164,2.3189569,6.9137,0.77411693,31.58266,28.871044,39.03421,18.320707,19.963015,18.112629,15.53505,15.384895,16.19778,56.11
4446055.47,658045.6581,107.82491,1.1781788,0.7840995,27.721579,35.17293,36.224453,26.895525,21.968771,29.93155,28.457054,27.907845,30.566334,34.5666,42.46693,35.29554,36.189877,41.97139,44.19218,2.4569309,2.1204827,6.25104,7.567704,1382.5,96.340195,-0.080078125,0.5193278,-0.002197266,0,15,0.63377136,0.41312298,0.32390022,0.23677081,0.657833,0.97931415,2.174106,19.48232,16.254725,16.428158,15.865855,18.687887,22.248165,19.277832,17.972198,21.50723,16.980608,17.626604,15.772009,22.709082,22.737993,22.407574,19.397707,19.799665,15.87177,16.909065,16.52544,18.86399,19.579191,19.239285,17.851324,16.2027,14.231784,15.127815,14.448621,15.945104,16.782887,16.006449,15.437903,14.936038,15.830016,15.153379,14.360124,15.560449,15.426933,16.427332,15.2517605,15.806239,15.574899,15.63125,15.749431,16.268385,16.26331,18.090942,15.954725,0.9811392,2.2887068,6.9093723,0.77411693,31.447254,29.194302,38.881233,18.320707,19.963015,18.112629,15.53505,15.384895,16.19778,56.11
4446055.47,658050.5379,87.841095,1.1692234,0.7883289,27.681925,35.16873,36.45,26.661348,21.869133,30.171785,28.613024,28.264982,31.532835,35.84952,42.450203,35.170517,35.644196,41.329014,43.29968,2.4409885,2.1174955,6.2651095,7.5538206,1382.46,95.71752,0.119628906,0.5756625,0.005493164,0,15,0.60660005,0.42976186,0.3300133,0.23076953,0.6835768,1.1204847,2.1759193,20.131495,16.516893,17.265692,15.586429,18.819395,21.169458,19.62967,18.101318,21.158007,16.065138,18.38843,15.37854,22.306446,22.333017,22.251938,19.134586,18.638014,16.619722,18.48192,16.442017,19.156893,19.828415,18.546509,18.15085,16.464622,14.658836,15.732474,14.488626,16.105885,16.373121,15.129311,15.482853,14.33542,14.696486,15.584703,14.564529,14.993461,14.541537,16.541655,14.8738,15.594954,15.159976,16.380745,15.706769,16.095642,16.746048,17.57997,16.009348,0.97877616,2.279242,6.909465,0.79673225,31.425327,29.392405,38.81036,18.445574,19.697357,18.244783,15.564696,15.036827,16.180586,56.11
4446055.47,658055.4178,119.71614,1.142987,0.7904423,27.786283,34.90141,36.562607,26.555191,21.923416,30.465282,29.282343,28.75521,32.575657,37.3444,42.348484,34.858276,35.107765,40.569897,42.164898,2.4223306,2.0960495,6.2878804,7.5473933,1382.4,93.8182,-0.079589844,0.64591396,-0.001098633,0,15,0.60660005,0.42976186,0.3300133,0.23076953,0.6835768,1.1204847,2.1759193,20.275402,17.368979,17.732502,16.050299,19.76786,22.106936,19.48902,18.641756,20.900791,17.073437,18.456299,15.240125,21.93912,22.96098,22.629221,19.353144,20.246994,17.17589,17.290728,16.814634,19.091652,19.988222,17.751465,18.246862,16.447632,15.472711,15.678825,14.485838,15.912739,18.169727,16.824627,15.926388,14.692197,14.97439,15.957114,14.412755,15.174598,16.363483,16.552969,15.305085,15.499454,16.158834,16.408579,15.6472025,15.671742,15.988205,15.951128,15.843965,0.9667146,2.25919,6.917637,0.79673225,31.343845,29.873814,38.60338,18.97014,19.885712,18.337084,16.141727,15.446787,15.903592,56.11
4446055.47,658060.2976,124.44288,1.1352702,0.8093266,27.784756,35.030956,36.549713,27.414572,22.346231,31.529987,29.283728,28.997528,33.572777,39.202835,41.39752,34.896248,34.64101,38.937008,39.614906,2.3768518,2.081951,6.3134327,7.5501866,1382.35,93.50701,0.15966797,0.70314085,0.00769043,0,15,0.60660005,0.42976186,0.3300133,0.23076953,0.6835768,1.1204847,2.1759193,20.275402,17.373325,17.732502,16.054646,19.980747,22.445057,19.847092,18.729647,20.841772,16.852016,18.31525,15.166858,21.937698,22.96716,22.623838,19.275902,19.922232,16.882236,16.970774,16.667526,18.874659,19.730999,17.464481,17.985615,16.44063,15.460471,15.664959,14.482337,15.903549,18.153986,16.810625,15.91621,14.591449,14.993408,15.89468,14.467946,14.984528,16.219822,16.354568,15.236164,15.460053,16.099615,16.374104,15.588102,15.643201,15.948352,15.932347,15.803814,0.9722984,2.2294014,6.9318094,0.79673225,31.407856,30.406857,38.14688,19.101254,19.814941,18.07327,16.130938,15.358056,15.863683,56.11
4446055.47,658065.1774,125.07303,1.1278785,0.82237595,28.059757,34.76261,36.35139,28.194584,22.521286,32.53431,29.617085,29.636576,34.780586,41.21978,40.506237,34.901546,34.126656,37.26206,37.01246,2.3375092,2.0731082,6.3525624,7.5526376,1382.28,95.60467,-0.03955078,0.73400414,0,0,15,0.60660005,0.42976186,0.3300133,0.23076953,0.6835768,1.1204847,2.1759193,19.739857,17.398643,17.53406,16.289705,19.845398,22.331326,20.75539,18.694332,19.393116,17.089855,18.229774,15.109874,21.311209,23.426516,22.658522,18.995995,17.672106,17.700773,17.506065,16.72333,19.28187,20.369171,16.625093,17.89326,16.29062,15.558517,15.706591,14.630903,16.213932,18.132944,15.8348875,16.000341,14.216102,14.376714,15.351948,15.929637,15.117019,15.8924465,14.874479,15.078502,15.665692,16.090162,15.704706,15.01031,15.079492,15.776354,15.432679,15.494666,0.9751272,2.2053087,6.9526,0.79673225,31.411184,31.075697,37.70389,19.127768,19.602694,17.98263,16.052626,15.1083355,15.537057,56.11
4446050.486,657923.6623,96.55242,1.2037811,1.8220308,27.430979,30.116472,23.526505,21.761538,22.40584,40.951187,35.948082,35.642002,40.11917,43.82965,31.861229,33.962337,39.74911,38.242397,34.567944,2.4436023,2.0985396,7.2402096,8.238196,1384.32,59.038662,0.15917969,1.4197145,0.012207031,0,15,0.5905221,0.39148977,0.30153626,0.23209184,0.66439325,0.7665854,1.461557,19.392866,15.313691,16.805256,15.454195,18.63909,21.418585,17.433788,17.57982,23.668606,18.003307,19.524405,16.947948,23.1534,23.891392,23.375134,20.756187,22.199404,18.983383,19.08521,19.653645,20.63682,22.324518,21.99181,20.278439,21.808626,20.972395,19.587929,20.80444,19.712349,20.578827,19.493052,20.498814,15.989653,14.283796,15.12133,14.567757,16.31164,16.225069,16.256166,15.344471,18.137472,17.255384,17.525354,17.050028,17.152557,17.41143,18.149082,17.396654,1.512906,2.271071,7.739203,0.62973934,28.773726,38.449635,32.91178,17.779638,21.223455,20.696398,20.422516,15.536487,17.5259,56.11
4446050.486,657928.5421,93.076355,1.2107877,1.8578488,27.419369,30.49919,23.41663,21.448458,22.243063,41.56252,35.820934,35.644886,40.408237,46.010345,31.33379,33.796062,39.816193,38.419113,32.513786,2.4765005,2.1133916,7.287478,8.254544,1384.21,61.69741,0.19970703,1.4799869,0.011108398,0,15,0.5905221,0.39148977,0.30153626,0.23209184,0.66439325,0.7665854,1.461557,19.392866,15.313691,16.805256,15.454195,18.63909,21.418585,17.433788,17.57982,23.668606,18.003307,19.524405,16.947948,23.1534,23.891392,23.375134,20.756187,22.199404,18.983383,19.08521,19.653645,20.63682,22.324518,21.99181,20.278439,21.808626,20.972395,19.587929,20.80444,19.712349,20.578827,19.493052,20.498814,15.989653,14.283796,15.12133,14.567757,16.31164,16.225069,16.256166,15.344471,18.137472,17.255384,17.525354,17.050028,17.152557,17.41143,18.149082,17.396654,1.5343182,2.2949462,7.7710114,0.62973934,28.959278,38.691727,32.564926,17.779638,21.223455,20.696398,20.422516,15.536487,17.5259,56.11
4446050.486,657933.4219,96.07097,1.2192068,1.8815764,27.402847,30.496384,23.398779,21.113194,22.277637,41.949654,36.090622,35.51097,40.717514,48.019157,31.021029,33.52614,39.95485,38.378006,30.4569,2.5119767,2.1140366,7.3260584,8.26862,1384.08,65.18767,-0.2006836,1.467177,-0.004516602,0,15,0.5989566,0.4231321,0.33513665,0.23205581,0.65781134,0.99821067,2.1798403,18.058647,15.325899,17.519138,15.649634,18.30668,20.775326,17.153036,17.399778,21.883678,18.99336,19.582067,16.763338,23.473564,24.438374,22.821276,20.783495,21.578814,20.746548,20.361897,20.277832,22.152233,22.335878,23.661148,21.294296,19.589207,21.007427,21.304111,20.374376,20.434605,21.416489,20.304052,20.803871,16.344584,14.288668,16.505188,14.643498,16.041542,16.64898,16.25436,15.757571,16.889875,16.754475,17.858397,17.466938,17.713066,18.213346,18.22428,17.492443,1.5503917,2.3130066,7.797339,0.7750205,28.949615,39.020138,32.273582,17.541193,21.136522,21.587765,20.632895,15.818117,17.588625,56.11
4446050.486,657938.3018,91.150215,1.228306,1.8240397,27.401855,29.725842,24.62194,21.87335,22.341793,41.432384,36.07938,35.66695,40.650074,45.833183,31.633932,33.74609,38.844414,37.719826,32.32844,2.522719,2.1115043,7.280716,8.199622,1383.98,65.64931,0.27978516,1.4932369,0.013305664,0,15,0.5989566,0.4231321,0.33513665,0.23205581,0.65781134,0.99821067,2.1798403,18.092875,15.379674,17.368734,15.813948,18.04181,20.26244,17.302408,17.301004,22.23709,18.844896,20.635202,17.316637,23.76811,24.765331,24.201565,21.173525,20.598816,20.469007,19.648678,20.981672,22.734396,23.780247,24.987751,21.557558,19.234837,20.827118,19.588453,20.291964,20.451437,23.090836,21.680841,20.752228,15.196635,13.9483385,16.402248,14.456401,15.329531,17.690882,17.274326,15.573764,17.336111,16.856031,17.691872,17.25914,17.031967,17.582556,18.320469,17.365461,1.5261729,2.3171115,7.740169,0.7750205,28.563848,38.755882,32.69001,17.465984,21.681261,21.885794,20.737926,15.756907,17.439737,56.11
4446050.486,657943.1816,91.46328,1.2475286,1.7749227,27.174051,30.127645,25.571257,22.428936,22.6054,40.8599,35.509106,35.46502,40.300476,44.441936,32.300724,33.8862,38.156742,37.730694,33.448254,2.5498652,2.1241286,7.248155,8.143064,1383.85,63.676952,-0.040527344,1.5177666,0.002197266,0,15,0.5989566,0.4231321,0.33513665,0.23205581,0.65781134,0.99821067,2.1798403,18.092875,15.379674,17.368734,15.813948,18.04181,20.26244,17.302408,17.301004,22.225708,18.82896,20.62036,17.30298,23.756159,24.758501,24.19701,21.161167,20.688093,20.602919,19.765852,21.07095,22.81251,23.869522,25.077026,21.663929,19.655773,21.037584,20.14093,20.712902,21.003918,23.51177,22.101776,21.191074,15.1896105,13.947966,16.3961,14.456401,15.329531,17.683855,17.274326,15.57057,17.3518,16.868494,17.705978,17.272583,17.04397,17.600494,18.335613,17.379555,1.5112257,2.336997,7.695609,0.7750205,28.650848,38.1845,33.09346,17.465984,21.669952,21.983839,21.166382,15.753969,17.454132,56.11
4446050.486,657948.0614,91.91317,1.2446232,1.7291406,27.451029,31.182405,26.359505,22.876905,22.596361,40.11774,34.824615,35.031834,39.84894,43.295074,33.078144,33.862778,38.04597,37.841606,34.29317,2.5743763,2.1319342,7.2180605,8.098086,1383.74,65.64596,0.19970703,1.493468,0.011108398,0,15,0.5989566,0.4231321,0.33513665,0.23205581,0.65781134,0.99821067,2.1798403,17.74446,15.31439,16.80223,15.05074,18.499844,20.595211,17.05787,17.177414,22.477129,17.835743,20.382206,17.245829,24.143356,24.569118,22.605762,20.961554,20.714106,20.003147,20.71431,21.231419,22.440042,22.286718,24.836712,21.379576,19.101429,19.788328,20.305468,20.62264,20.551588,22.595264,20.92067,20.43671,14.858521,14.101184,15.749594,14.146132,15.836821,17.227036,16.468897,15.304999,17.245129,17.473629,18.395502,16.995367,17.123032,17.650549,18.617203,17.546175,1.486882,2.3531551,7.6580734,0.7750205,29.316717,37.471176,33.47046,17.294964,21.322735,21.746637,20.555056,15.484026,17.642916,56.11
4446050.486,657952.9413,108.993,1.2470828,1.6784928,27.146404,31.513716,27.141857,23.298035,22.556992,39.356064,34.800762,34.584606,39.25705,42.23368,33.932278,33.706917,37.75764,37.975372,35.06533,2.5925193,2.1275811,7.1820793,8.055049,1383.61,70.10476,-0.080078125,1.4317112,-0.002197266,0,15,0.5989566,0.4231321,0.33513665,0.23205581,0.65781134,0.99821067,2.1798403,18.194174,15.325365,17.60404,15.367984,19.043003,20.587727,17.900665,17.595306,22.824144,18.77418,20.25175,17.04175,24.35186,25.57007,22.490795,21.358374,21.660349,21.094992,20.192545,21.650192,22.148039,24.0446,22.853807,21.638304,19.786455,19.851917,20.79075,21.792238,20.077066,22.303862,21.577606,20.858408,15.940115,14.183539,15.8386545,14.494478,16.323305,16.73706,16.92756,15.592846,16.61017,17.590021,18.365866,17.53502,17.320528,17.852524,18.08692,17.573816,1.4627879,2.3600502,7.618564,0.7750205,29.33006,37.078415,33.819595,17.717564,21.614935,21.949217,20.882843,15.777816,17.623007,56.11
4446050.486,657957.8211,98.48037,1.2793581,1.614818,27.142963,31.917345,27.898643,23.70683,22.664337,38.41668,34.26052,34.006138,38.490547,41.17202,34.865532,33.839825,37.439075,38.20721,35.822567,2.654403,2.119047,7.1379,8.0148735,1383.5,71.54575,0.040039062,1.3133183,0,0,15,0.5989566,0.4231321,0.33513665,0.23205581,0.65781134,0.99821067,2.1798403,18.194174,15.325365,17.60404,15.367984,19.043003,20.587727,17.900665,17.595306,22.824144,18.77418,20.25175,17.04175,24.35186,25.57007,22.490795,21.358374,21.660349,21.094992,20.192545,21.650192,22.148039,24.0446,22.853807,21.638304,19.786455,19.851917,20.79075,21.792238,20.077066,22.303862,21.577606,20.858408,15.940115,14.183539,15.8386545,14.494478,16.323305,16.73706,16.92756,15.592846,16.61017,17.590021,18.365866,17.53502,17.320528,17.852524,18.08692,17.573816,1.447088,2.386725,7.5763865,0.7750205,29.530155,36.3386,34.352676,17.717564,21.614935,21.949217,20.882843,15.777816,17.623007,56.11
4446050.486,657962.7009,110.46449,1.2865187,1.5373544,27.630068,32.57674,28.565887,24.04062,22.80082,37.44974,33.84661,33.32631,37.496567,39.819893,35.660862,33.81341,37.443268,38.70271,36.915962,2.6486058,2.1564438,7.0754275,7.9733257,1383.39,72.398125,-0.080078125,1.2319862,-0.004394531,0,15,0.62587625,0.42645448,0.34063992,0.23719388,0.6571154,1.0139691,2.1687894,18.942844,15.440738,18.006676,15.378006,18.415955,20.658442,18.353518,17.777626,23.16908,18.509933,20.648232,17.150433,23.426003,24.579264,22.241331,21.120682,22.378523,20.750702,19.909067,21.306833,22.00234,23.518536,23.163528,21.573502,20.876955,20.683453,20.810776,21.285559,20.794882,21.966154,20.46677,21.012054,16.062656,14.3594265,16.416985,14.287949,16.018429,16.981401,17.229586,15.740116,16.911884,17.547855,18.358194,17.557909,16.68891,18.015614,18.83659,17.587233,1.4119365,2.402525,7.524377,0.78143406,30.103405,35.64818,34.737137,17.885168,21.389181,21.86136,20.983507,15.908061,17.702423,56.11
4446050.486,657967.5808,80.924835,1.2897516,1.4386139,27.664402,32.592567,29.11863,24.28532,22.773579,36.248035,33.364574,32.529457,36.20201,38.176098,36.659386,34.123207,37.80566,39.574688,38.468502,2.6507921,2.158457,6.969975,7.9447203,1383.29,73.45607,-0.119140625,1.1057786,-0.00769043,0,15,0.62587625,0.42645448,0.34063992,0.23719388,0.6571154,1.0139691,2.1687894,19.553816,15.762462,17.776638,15.813256,18.82066,20.96568,18.574305,18.058825,21.981833,17.297882,20.691465,16.701145,22.928139,23.939405,22.813215,20.522047,21.154911,20.602667,20.570381,20.393597,21.72773,23.605368,22.293163,21.27742,19.899298,20.266085,20.062046,20.560902,19.515116,19.642172,18.590984,19.923773,15.56318,14.446874,15.381544,14.583442,15.816555,15.229245,17.082617,15.247107,16.302467,15.3881445,16.653076,16.158161,14.700951,16.313791,17.763927,15.962134,1.3641827,2.4046245,7.457348,0.78143406,30.128485,34.806305,35.391296,18.180975,20.907583,21.47826,19.790943,15.443352,16.182932,56.11
4446050.486,657972.4606,94.49122,1.2918639,1.3196776,27.86652,33.060158,29.673208,24.438547,22.765617,34.97122,32.372158,31.638071,34.746002,36.319847,37.659267,34.564224,38.12096,40.62836,40.284595,2.6494913,2.1645257,6.8374023,7.914434,1383.21,73.72121,0.0390625,0.96988606,0,0,15,0.62587625,0.42645448,0.34063992,0.23719388,0.6571154,1.0139691,2.1687894,18.9773,15.765849,17.803776,15.823431,17.773596,20.040945,17.903082,17.666903,21.981833,17.297882,20.691465,16.701145,22.831936,23.829458,22.386745,20.458529,20.800526,20.207224,20.24542,20.09181,21.678314,23.148497,21.332766,20.91526,18.340092,18.34631,18.63188,18.992285,18.143305,18.40874,16.470106,18.34555,15.56318,14.446874,15.381544,14.583442,15.816555,15.229245,17.082617,15.247107,16.302467,15.3881445,16.653076,16.158161,14.700951,16.313791,17.763927,15.962134,1.3057708,2.4070086,7.3759184,0.78143406,30.463339,33.671688,36.111748,17.726854,20.817211,21.07208,18.190388,15.443352,16.182932,56.11
4446050.486,657977.3404,86.18268,1.291894,1.1944239,27.907833,33.07868,30.138178,24.519602,22.728771,33.71989,31.877392,30.78393,33.204384,34.36979,38.6172,34.795685,38.569027,41.82044,42.158833,2.641048,2.1661112,6.691529,7.8897276,1383.13,75.534485,0,0.9168942,0,0,15,0.62587625,0.42645448,0.34063992,0.23719388,0.6571154,1.0139691,2.1687894,19.319904,15.558477,17.590977,15.492761,18.405651,19.982962,18.615513,17.698223,21.392881,17.437595,20.461184,17.018112,22.710379,23.653471,22.931019,20.368916,21.430515,18.909101,20.74111,19.625837,21.44268,23.520905,20.85404,20.83565,18.875895,18.449083,18.732496,18.33533,18.873306,18.196613,16.420994,18.481335,15.650002,14.533859,15.5109825,13.984704,15.7252035,15.432113,16.662073,15.182347,15.68794,15.301573,16.97487,16.148485,14.798586,15.708137,16.335571,15.795966,1.2431589,2.4035797,7.2906284,0.78143406,30.493256,32.79864,36.706444,17.852322,20.800663,20.932026,18.269102,15.35699,15.850738,56.11
4446050.486,657982.2203,91.49808,1.291403,1.0643089,27.95023,33.09913,30.53506,24.516018,22.719511,32.46157,31.362709,29.896793,31.62012,32.39481,39.569386,34.98052,39.0965,43.12491,43.989048,2.6296406,2.1675997,6.53951,7.868168,1383.05,77.16498,-0.07910156,0.8374288,-0.00769043,0,15,0.62587625,0.42645448,0.34063992,0.23719388,0.6571154,1.0139691,2.1687894,18.844744,15.692705,17.24549,16.160645,18.240585,20.032217,18.089432,17.603811,21.845493,17.760746,19.782,16.917492,22.26063,23.582743,23.054722,20.214,21.387085,19.126736,20.74329,19.93878,21.487701,23.74967,20.79912,20.893995,19.424244,18.33721,18.385136,18.701645,18.53247,18.807693,16.594187,18.48617,15.541125,14.848195,15.31001,13.888604,15.749573,15.69189,16.142742,15.16193,16.495419,15.898948,16.152035,16.21793,15.662886,16.03789,16.257608,16.069916,1.177856,2.3986201,7.203839,0.78143406,30.52468,31.91214,37.274952,17.757975,20.743402,21.0332,18.397512,15.310305,16.103245,56.11
4446050.486,657987.1001,93.474785,1.291403,1.0643089,27.95023,33.09913,30.53506,24.516018,22.719511,32.46157,31.362709,29.896793,31.62012,32.39481,39.569386,34.98052,39.0965,43.12491,43.989048,2.6296406,2.1675997,6.53951,7.868168,1383.05,77.16498,-0.07910156,0.8374288,-0.00769043,0,15,0.62587625,0.42645448,0.34063992,0.23719388,0.6571154,1.0139691,2.1687894,18.844744,15.692705,17.24549,16.160645,18.240585,20.032217,18.089432,17.603811,21.845493,17.760746,19.782,16.917492,22.26063,23.582743,23.054722,20.214,21.387085,19.126736,20.74329,19.93878,21.487701,23.74967,20.79912,20.893995,19.424244,18.33721,18.385136,18.701645,18.53247,18.807693,16.594187,18.48617,15.541125,14.848195,15.31001,13.888604,15.749573,15.69189,16.142742,15.16193,16.495419,15.898948,16.152035,16.21793,15.662886,16.03789,16.257608,16.069916,1.177856,2.3986201,7.203839,0.78143406,30.52468,31.91214,37.274952,17.757975,20.743402,21.0332,18.397512,15.310305,16.103245,56.11
4446050.486,657991.9799,95.75581,1.2946813,0.9354769,28.031458,33.701073,30.944666,24.42333,22.612757,31.013792,29.90402,28.622486,29.995476,30.443724,40.71103,35.554432,39.823563,44.622276,45.70419,2.625246,2.1787665,6.3788133,7.842769,1382.98,78.24801,-0.2006836,0.7022063,-0.012207031,0,15,0.6302911,0.41940805,0.33034322,0.23648141,0.65905726,0.9926488,2.1661325,18.844744,15.692705,17.24549,16.160645,18.240585,20.032217,18.089432,17.603811,21.845493,17.760746,19.782,16.917492,22.26063,23.582743,23.054722,20.214,21.387085,19.126736,20.74329,19.93878,21.487701,23.74967,20.79912,20.893995,19.424244,18.33721,18.385136,18.701645,18.53247,18.807693,16.594187,18.48617,15.541125,14.848195,15.31001,13.888604,15.749573,15.69189,16.142742,15.16193,16.495419,15.898948,16.152035,16.21793,15.662886,16.03789,16.257608,16.069916,1.1150792,2.4020061,7.110791,0.7763375,30.866264,30.458906,38.13273,17.757975,20.743402,21.0332,18.397512,15.310305,16.103245,56.11
4446050.486,657996.8598,94.98372,1.2948897,0.8318983,28.169031,34.890553,31.394323,24.473822,22.621561,29.992355,28.678776,27.437313,28.761272,29.094498,41.497692,35.67598,40.446045,45.745007,46.986034,2.6171076,2.240223,6.267247,7.82067,1382.93,82.5907,0.000976563,0.66436327,-0.002197266,0,15,0.6302911,0.41940805,0.33034322,0.23648141,0.65905726,0.9926488,2.1661325,18.854904,16.825228,16.843113,15.26388,17.219849,20.059649,16.735605,17.301952,21.898783,17.317228,19.90551,16.739931,22.210388,23.109888,23.937647,20.167048,21.854053,18.911243,20.585508,18.868097,22.559492,22.796604,21.907837,20.82596,18.93133,17.902317,18.214083,18.37543,17.948933,18.0325,17.323893,18.13605,15.778424,15.450821,15.6504,14.438578,14.887805,16.726728,16.556723,15.493129,15.3463335,15.624983,16.678839,16.243479,16.678131,16.557035,16.079712,16.186357,1.063394,2.4286652,7.0439587,0.7763375,31.529793,29.335566,38.586838,17.400318,20.731339,21.068975,18.104069,15.641355,16.172644,56.11
4446050.486,658001.7396,106.76335,1.2941831,0.7929507,28.178846,35.28808,32.089207,25.011408,22.502401,29.565859,27.985968,27.161182,28.495235,29.104921,41.86899,35.95688,39.90817,45.542225,47.436382,2.606499,2.2436686,6.2464204,7.7729726,1382.87,86.200356,-0.080078125,0.64642566,-0.005493164,0,15,0.6302911,0.41940805,0.33034322,0.23648141,0.65905726,0.9926488,2.1661325,18.251917,16.797758,17.172998,15.334024,16.658325,18.650158,16.446283,16.922792,21.944214,17.593786,19.22513,16.589266,22.51075,22.825766,23.282408,20.049965,21.923292,18.803223,17.726036,18.79576,22.336662,23.97308,22.666784,20.534311,18.938131,17.8831,17.456099,17.059937,18.249952,19.279638,17.633387,18.10939,15.667699,15.551326,16.24464,14.726136,15.853682,16.385052,16.088707,15.690144,15.296471,16.667461,16.355953,16.657543,16.34024,17.156672,16.14272,16.370466,1.043567,2.4250836,7.0096965,0.7763375,31.733463,28.775913,38.912933,17.044493,20.567331,20.889263,18.071463,15.788177,16.373867,56.11
4446050.486,658006.6194,114.19851,1.2875276,0.769579,28.189856,35.297066,32.665115,25.505346,22.348463,29.283964,27.88847,27.072035,28.407312,29.40981,42.125477,35.93644,39.5527,45.24842,47.559143,2.5940716,2.2458062,6.24181,7.7341,1382.82,88.60116,-0.000488281,0.5873103,-0.001098633,0,15,0.6302911,0.41940805,0.33034322,0.23648141,0.65905726,0.9926488,2.1661325,18.251917,16.797758,17.172998,15.334024,16.658325,18.650158,16.446283,16.922792,21.944214,17.593786,19.22513,16.589266,22.51075,22.825766,23.282408,20.049965,21.923292,18.803223,17.726036,18.79576,22.336662,23.97308,22.666784,20.534311,18.938131,17.8831,17.456099,17.059937,18.249952,19.279638,17.633387,18.10939,15.667699,15.551326,16.24464,14.726136,15.853682,16.385052,16.088707,15.690144,15.296471,16.667461,16.355953,16.657543,16.34024,17.156672,16.14272,16.370466,1.0285532,2.419939,6.987955,0.7763375,31.743462,28.586216,39.03096,17.044493,20.567331,20.889263,18.071463,15.788177,16.373867,56.11
4446050.486,658011.4993,95.55314,1.28094,0.7509516,28.200579,35.308468,33.217754,25.913956,22.236004,28.966257,27.754074,26.930056,28.297068,29.740599,42.42158,35.872707,39.27506,45.06509,47.56202,2.5825293,2.2480621,6.231159,7.697256,1382.77,93.016655,0.000488281,0.5448807,-0.002197266,0,15,0.6302911,0.41940805,0.33034322,0.23648141,0.65905726,0.9926488,2.1661325,18.204485,15.788852,16.23067,14.747515,16.58655,18.93193,15.077604,16.404722,22.137177,17.804317,18.718163,16.733395,22.917295,23.73096,23.753141,20.236187,20.696075,19.05339,18.312069,18.528645,21.704798,23.39126,21.354572,20.14044,19.075792,17.335234,17.568102,17.247509,17.131676,18.271942,17.440954,17.723238,15.664977,15.130528,16.013973,15.249442,15.673492,15.709267,15.799479,15.497616,15.639464,16.552347,16.788715,15.689192,15.478931,16.757181,16.713533,16.15061,1.0159458,2.4152956,6.9642076,0.7763375,31.754524,28.360165,39.147144,16.509657,20.827778,20.4344,17.724459,15.60588,16.231337,56.11
4446050.486,658016.3791,89.66536,1.2743906,0.73667586,28.210915,35.32163,33.759224,26.2508,22.154852,28.622335,27.590364,26.75549,28.180521,30.100634,42.74729,35.781147,39.04583,44.954777,47.454647,2.5726159,2.2504568,6.214434,7.661768,1382.72,99.162346,-0.16015625,0.45021096,-0.010009766,0,15,0.6302911,0.41940805,0.33034322,0.23648141,0.65905726,0.9926488,2.1661325,18.986807,16.824783,16.77143,14.541262,17.857134,19.802612,17.897879,17.25489,21.38844,16.54665,18.101551,15.976099,23.07402,23.03779,23.071253,19.635439,18.946167,15.443903,16.303892,14.289042,19.453876,19.513617,16.974455,17.030287,17.34451,16.050882,16.442205,14.835907,15.860357,16.032103,15.743925,15.97513,15.530971,16.49115,15.899757,15.338927,15.820212,15.851468,16.223803,15.734662,15.637587,16.783047,16.599058,15.469747,15.946072,15.303373,17.379202,16.042442,1.0055332,2.4115362,6.938101,0.7763375,31.766272,28.10635,39.26422,17.525988,20.170828,17.274992,16.044271,15.87947,16.159727,56.11
4446050.486,658021.2589,101.833336,1.2635546,0.7269847,28.258238,35.648476,34.22754,26.558147,22.273474,28.348028,27.796621,26.799276,28.18798,30.49515,43.03005,35.38695,38.80282,44.43766,47.16511,2.5582838,2.230057,6.197873,7.633186,1382.69,100.51004,-0.040527344,0.39301232,-0.002319336,0,15,0.63377136,0.41312298,0.32390022,0.23677081,0.657833,0.97931415,2.174106,18.986807,16.824783,16.77143,14.541262,17.857134,19.802612,17.897879,17.25489,21.38844,16.54665,18.101551,15.976099,23.07402,23.03779,23.071253,19.635439,18.946167,15.443903,16.303892,14.289042,19.453876,19.513617,16.974455,17.030287,17.34451,16.050882,16.442205,14.835907,15.860357,16.032103,15.743925,15.97513,15.530971,16.49115,15.899757,15.338927,15.820212,15.851468,16.223803,15.734662,15.637587,16.783047,16.599058,15.469747,15.946072,15.303373,17.379202,16.042442,0.99526966,2.3941703,6.9155293,0.77411693,31.953358,28.072325,39.2085,17.525988,20.170828,17.274992,16.044271,15.87947,16.159727,56.11
4446050.486,658026.1388,115.02149,1.2190298,0.735063,27.610022,35.05914,34.565952,26.762302,22.194239,28.385666,28.468296,27.16055,28.30933,31.01887,43.137745,35.10387,38.535175,44.1242,46.77298,2.5247128,2.182887,6.1831846,7.6120253,1382.66,96.35157,0.040527344,0.38880542,0.002319336,0,15,0.63377136,0.41312298,0.32390022,0.23677081,0.657833,0.97931415,2.174106,19.049896,16.314238,15.831791,14.599989,18.108027,21.24816,18.181767,17.35434,21.296062,17.69382,18.706873,15.495576,21.836178,23.765417,22.03471,19.627213,18.49964,15.699341,16.077507,15.054587,20.197083,19.65686,17.416683,17.300661,17.086195,15.424835,16.114399,15.216132,16.74052,17.587442,16.380367,16.298386,15.039435,14.855179,15.336134,15.057772,15.32831,16.273273,16.469671,15.309197,16.037916,15.996292,15.773931,15.524007,15.866229,16.079588,17.791145,15.990183,0.9770464,2.3537998,6.897605,0.77411693,31.33458,28.426981,39.120808,17.619123,20.118376,17.514528,16.364271,15.479968,16.152729,56.11
4446050.486,658031.0186,119.018585,1.1989202,0.7482333,27.592052,35.45205,35.08665,26.858673,22.25618,28.630505,28.133568,27.18418,28.615162,31.676634,43.012276,35.1314,37.888123,43.795086,46.230812,2.4949112,2.1690774,6.181409,7.5878525,1382.63,95.52754,0.16015625,0.44654337,0.010009766,0,15,0.63377136,0.41312298,0.32390022,0.23677081,0.657833,0.97931415,2.174106,20.419859,17.126673,16.840588,15.094328,19.339703,22.448801,19.829874,18.36592,21.247145,17.67778,18.665571,15.4911375,21.752075,23.669298,21.895826,19.574188,18.563528,15.768546,16.135075,15.109752,20.233093,19.696676,17.47394,17.356318,17.088114,15.424031,16.113562,15.217526,16.745537,17.587738,16.380375,16.299513,15.028678,14.844421,15.322016,15.025499,15.314192,16.273273,16.464293,15.295579,16.037916,15.996292,15.773931,15.524007,15.866229,16.079588,17.791145,15.990183,0.9735768,2.3319943,6.8846307,0.77411693,31.52205,28.382036,39.07184,18.728546,20.056976,17.568659,16.365269,15.467482,16.152729,56.11
4446050.486,658035.8984,120.04549,1.1992728,0.76796126,27.627735,35.12293,35.36339,26.958372,22.248419,28.956863,28.32255,27.373953,29.04746,32.480305,42.842766,35.16056,37.63662,43.257454,45.630882,2.4719398,2.1542933,6.1863756,7.58174,1382.58,100.022064,-0.040527344,0.4943212,-0.001098633,0,15,0.63377136,0.41312298,0.32390022,0.23677081,0.657833,0.97931415,2.174106,20.610813,17.367384,16.880949,15.624322,19.860413,22.263845,19.521988,18.613901,21.600054,17.733025,18.349781,16.095148,22.126995,23.223598,22.010359,19.657904,19.225931,16.48033,16.327759,15.823604,19.807005,19.236841,18.246628,17.644896,17.512072,15.948654,16.072289,15.514691,16.405884,17.594198,16.36832,16.494465,15.253316,14.908464,15.277356,14.487478,15.743492,16.088055,17.188038,15.384643,15.656249,16.133879,16.028933,15.623897,15.377977,15.712043,18.362988,15.853694,0.983617,2.3131166,6.884058,0.77411693,31.375332,28.639706,39.001663,18.875673,20.162708,17.8783,16.488016,15.563743,16.127995,56.11
4446050.486,658040.7783,116.45955,1.1895777,0.789402,27.591915,35.11869,35.685417,26.970018,22.21207,29.371397,28.445831,27.569286,29.625032,33.401806,42.6257,35.10213,37.19643,42.70599,44.902843,2.4511876,2.152049,6.1956587,7.5756536,1382.54,101.99335,0.000488281,0.4829839,0.001098633,0,15,0.63377136,0.41312298,0.32390022,0.23677081,0.657833,0.97931415,2.174106,19.48232,16.254725,16.428158,15.865855,18.687887,22.248165,19.277832,17.972198,21.50723,16.980608,17.626604,15.772009,22.709082,22.737993,22.407574,19.397707,19.799665,15.87177,16.909065,16.52544,18.86399,19.579191,19.239285,17.851324,16.2027,14.231784,15.127815,14.448621,15.945104,16.782887,16.006449,15.437903,14.936038,15.830016,15.153379,14.360124,15.560449,15.426933,16.427332,15.2517605,15.806239,15.574899,15.63125,15.749431,16.268385,16.26331,18.090942,15.954725,0.98948985,2.3016183,6.8856564,0.77411693,31.355303,28.908615,38.863914,18.320707,19.963015,18.112629,15.53505,15.384895,16.19778,56.11
4446050.486,658045.6581,112.51683,1.1711074,0.8166818,27.875443,35.183414,36.045742,26.97963,22.052597,29.71944,28.422176,27.655382,30.322891,34.55006,42.43275,35.094955,36.60256,42.117386,44.006615,2.430197,2.1175535,6.2073975,7.5625067,1382.5,99.462326,0.080078125,0.5232709,0.004394531,0,15,0.63377136,0.41312298,0.32390022,0.23677081,0.657833,0.97931415,2.174106,19.48232,16.254725,16.428158,15.865855,18.687887,22.248165,19.277832,17.972198,21.50723,16.980608,17.626604,15.772009,22.709082,22.737993,22.407574,19.397707,19.799665,15.87177,16.909065,16.52544,18.86399,19.579191,19.239285,17.851324,16.2027,14.231784,15.127815,14.448621,15.945104,16.782887,16.006449,15.437903,14.936038,15.830016,15.153379,14.360124,15.560449,15.426933,16.427332,15.2517605,15.806239,15.574899,15.63125,15.749431,16.268385,16.26331,18.090942,15.954725,0.9938946,2.2738752,6.884952,0.77411693,31.529428,29.070808,38.763855,18.320707,19.963015,18.112629,15.53505,15.384895,16.19778,56.11
4446050.486,658050.5379,108.1313,1.1616983,0.8311357,27.839064,35.177536,36.25953,26.978727,22.029785,30.159052,28.601377,27.971888,31.176552,35.792732,42.223957,34.987602,36.106564,41.36128,42.960484,2.4121127,2.1135573,6.2285943,7.55767,1382.45,98.54103,-0.000488281,0.5792221,0.002197266,0,15,0.60660005,0.42976186,0.3300133,0.23076953,0.6835768,1.1204847,2.1759193,21.050018,17.331099,18.37227,16.515055,19.81188,21.976107,20.792986,19.072626,21.15726,16.065138,18.387777,15.37854,22.30249,22.331526,22.247364,19.13347,18.64868,16.619722,18.557814,16.442017,19.156893,19.915152,18.609425,18.179861,16.464622,14.658836,15.731241,14.512804,16.105885,16.397297,15.151016,15.493077,14.33542,14.696486,15.584703,14.564529,15.005939,14.541537,16.570177,14.875923,15.594954,15.159976,16.380745,15.706769,16.095642,16.746048,17.57997,16.009348,0.99641705,2.262835,6.893132,0.79673225,31.5083,29.380215,38.60578,19.407059,19.695728,18.27853,15.574529,15.042684,16.180586,56.11
4446050.486,658055.4178,130.00206,1.137869,0.8419918,27.81622,34.910667,36.317577,27.145092,22.182762,30.786093,29.137358,28.492735,32.154743,37.265404,41.82549,34.787052,35.603043,40.386726,41.53094,2.3854022,2.1024382,6.257996,7.5646844,1382.4,96.63998,0.080566406,0.6199662,0.003417969,0,15,0.60660005,0.42976186,0.3300133,0.23076953,0.6835768,1.1204847,2.1759193,20.275402,17.368979,17.732502,16.050299,19.76786,22.106936,19.48902,18.641756,20.900791,17.073437,18.456299,15.240125,21.93912,22.96098,22.629221,19.353144,20.246994,17.17589,17.290728,16.814634,19.091652,19.988222,17.751465,18.246862,16.447632,15.472711,15.678825,14.485838,15.912739,18.169727,16.824627,15.926388,14.692197,14.97439,15.957114,14.412755,15.174598,16.363483,16.552969,15.305085,15.499454,16.158834,16.408579,15.6472025,15.671742,15.988205,15.951128,15.843965,0.9899304,2.2439203,6.91134,0.79673225,31.363443,29.961725,38.30627,18.97014,19.885712,18.337084,16.141727,15.446787,15.903592,56.11
4446050.486,658060.2976,120.93768,1.1284764,0.8525645,27.787624,34.89746,36.259605,27.640192,22.350622,31.620853,29.397566,28.902222,33.230984,38.980095,41.20967,34.751972,35.197964,39.083572,39.55058,2.3569596,2.097326,6.297887,7.5725727,1382.34,93.50701,-0.000488281,0.70314085,0.001098633,0,15,0.60660005,0.42976186,0.3300133,0.23076953,0.6835768,1.1204847,2.1759193,20.275402,17.373325,17.732502,16.054646,19.980747,22.445057,19.847092,18.729647,20.841772,16.852016,18.31525,15.166858,21.937698,22.96716,22.623838,19.275902,19.922232,16.882236,16.970774,16.667526,18.874659,19.730999,17.464481,17.985615,16.44063,15.460471,15.664959,14.482337,15.903549,18.153986,16.810625,15.91621,14.591449,14.993408,15.89468,14.467946,14.984528,16.219822,16.354568,15.236164,15.460053,16.099615,16.374104,15.588102,15.643201,15.948352,15.932347,15.803814,0.9905205,2.2271428,6.93523,0.79673225,31.342543,30.509209,37.98082,19.101254,19.814941,18.07327,16.130938,15.358056,15.863683,56.11
4446050.486,658065.1774,120.51797,1.1218143,0.860391,27.662918,34.50708,36.27419,28.245577,22.630188,32.591377,29.78878,29.394405,34.564346,40.896503,40.45804,34.693336,34.28213,37.33515,37.251022,2.3164122,2.081337,6.3395467,7.566854,1382.27,93.242676,-0.119628906,0.7603839,-0.006591797,0,15,0.60660005,0.42976186,0.3300133,0.23076953,0.6835768,1.1204847,2.1759193,19.739857,17.398643,17.53406,16.289705,19.845398,22.331326,20.75539,18.694332,19.393116,17.089855,18.229774,15.109874,21.311209,23.426516,22.658522,18.995995,17.672106,17.700773,17.506065,16.72333,19.28187,20.369171,16.625093,17.89326,16.29062,15.558517,15.706591,14.630903,16.213932,18.132944,15.8348875,16.000341,14.216102,14.376714,15.351948,15.929637,15.117019,15.8924465,14.874479,15.078502,15.665692,16.090162,15.704706,15.01031,15.079492,15.776354,15.432679,15.494666,0.99110264,2.1988745,6.9532003,0.79673225,31.085,31.190079,37.575687,19.127768,19.602694,17.98263,16.052626,15.1083355,15.537057,56.11
4446045.502,657923.6623,96.8856,1.1980245,1.8243332,27.448956,30.64045,23.462667,21.984758,22.380678,40.526554,35.53314,35.81741,39.90898,43.07238,32.210396,34.07503,39.640396,38.466896,35.303307,2.4170623,2.1034606,7.2042894,8.225858,1384.37,67.12153,0.080078125,1.2901149,0.0078125,0,15,0.5905221,0.39148977,0.30153626,0.23209184,0.66439325,0.7665854,1.461557,19.392866,15.313691,16.805256,15.454195,18.63909,21.418585,17.433788,17.57982,23.668606,18.003307,19.524405,16.947948,23.1534,23.891392,23.375134,20.756187,22.199404,18.983383,19.08521,19.653645,20.63682,22.324518,21.99181,20.278439,21.808626,20.972395,19.587929,20.80444,19.712349,20.578827,19.493052,20.498814,15.989653,14.283796,15.12133,14.567757,16.31164,16.225069,16.256166,15.344471,18.137472,17.255384,17.525354,17.050028,17.152557,17.41143,18.149082,17.396654,1.5111789,2.2602615,7.7150736,0.62973934,29.044703,38.029846,33.142715,17.779638,21.223455,20.696398,20.422516,15.536487,17.5259,56.11
4446045.502,657928.5421,102.22611,1.2045089,1.8520753,27.430153,30.639124,23.529436,21.79066,22.420473,41.06448,35.780235,36.0005,40.45,44.74418,31.758331,33.763947,39.402115,38.143745,33.635662,2.4474657,2.1043923,7.2436485,8.230199,1384.26,68.284225,0.080078125,1.4334843,0.0078125,0,15,0.5905221,0.39148977,0.30153626,0.23209184,0.66439325,0.7665854,1.461557,19.392866,15.313691,16.805256,15.454195,18.63909,21.418585,17.433788,17.57982,23.668606,18.003307,19.524405,16.947948,23.1534,23.891392,23.375134,20.756187,22.199404,18.983383,19.08521,19.653645,20.63682,22.324518,21.99181,20.278439,21.808626,20.972395,19.587929,20.80444,19.712349,20.578827,19.493052,20.498814,15.989653,14.283796,15.12133,14.567757,16.31164,16.225069,16.256166,15.344471,18.137472,17.255384,17.525354,17.050028,17.152557,17.41143,18.149082,17.396654,1.5282922,2.275929,7.7369237,0.62973934,29.034637,38.422356,32.76114,17.779638,21.223455,20.696398,20.422516,15.536487,17.5259,56.11
4446045.502,657933.4219,106.26572,1.2169952,1.8601089,27.424814,30.507523,23.779413,21.791248,22.32308,41.23709,35.666615,35.937897,40.747307,45.629684,31.664602,33.804955,39.276913,37.915627,32.683662,2.4759514,2.1159778,7.2679543,8.225096,1384.14,66.93623,0.12011719,1.4632037,0.001098633,0,15,0.5989566,0.4231321,0.33513665,0.23205581,0.65781134,0.99821067,2.1798403,18.058647,15.325899,17.519138,15.649634,18.30668,20.775326,17.153036,17.399778,21.883678,18.99336,19.582067,16.763338,23.473564,24.438374,22.821276,20.783495,21.578814,20.746548,20.361897,20.277832,22.152233,22.335878,23.661148,21.294296,19.589207,21.007427,21.304111,20.374376,20.434605,21.416489,20.304052,20.803871,16.344584,14.288668,16.505188,14.643498,16.041542,16.64898,16.25436,15.757571,16.889875,16.754475,17.858397,17.466938,17.713066,18.213346,18.22428,17.492443,1.538552,2.2959647,7.746525,0.7750205,28.966167,38.45185,32.73478,17.541193,21.136522,21.587765,20.632895,15.818117,17.588625,56.11
4446045.502,657938.3018,121.06945,1.2253389,1.8412571,27.416302,30.514774,24.444267,22.153389,22.401402,41.03499,35.540188,35.906147,40.750923,45.115147,31.952353,33.77936,38.792736,37.6612,32.973354,2.5016265,2.1178787,7.2669616,8.190092,1384.01,65.461044,-0.31982422,1.4484066,-0.011108398,0,15,0.5989566,0.4231321,0.33513665,0.23205581,0.65781134,0.99821067,2.1798403,18.092875,15.379674,17.368734,15.813948,18.04181,20.26244,17.302408,17.301004,22.23709,18.844896,20.635202,17.316637,23.76811,24.765331,24.201565,21.173525,20.598816,20.469007,19.648678,20.981672,22.734396,23.780247,24.987751,21.557558,19.234837,20.827118,19.588453,20.291964,20.451437,23.090836,21.680841,20.752228,15.196635,13.9483385,16.402248,14.456401,15.329531,17.690882,17.274326,15.573764,17.336111,16.856031,17.691872,17.25914,17.031967,17.582556,18.320469,17.365461,1.533298,2.3097525,7.728527,0.7750205,28.965538,38.28759,32.865856,17.465984,21.681261,21.885794,20.737926,15.756907,17.439737,56.11
4446045.502,657943.1816,81.99382,1.2358418,1.8087862,27.467627,31.171673,25.216087,22.610111,22.548477,40.595684,35.063633,35.691986,40.5489,44.267246,32.46431,33.77926,38.287163,37.478535,33.527515,2.5222478,2.1300817,7.2605553,8.150659,1383.91,68.101685,0.2006836,1.4970832,0.006713867,0,15,0.5989566,0.4231321,0.33513665,0.23205581,0.65781134,0.99821067,2.1798403,18.092875,15.379674,17.368734,15.813948,18.04181,20.26244,17.302408,17.301004,22.23709,18.844896,20.635202,17.316637,23.76811,24.765331,24.201565,21.173525,20.598816,20.469007,19.648678,20.981672,22.734396,23.780247,24.987751,21.557558,19.234837,20.827118,19.588453,20.291964,20.451437,23.090836,21.680841,20.752228,15.196635,13.9483385,16.402248,14.456401,15.329531,17.690882,17.274326,15.573764,17.336111,16.856031,17.691872,17.25914,17.031967,17.582556,18.320469,17.365461,1.522314,2.3261647,7.705607,0.7750205,29.319649,37.82966,33.121784,17.465984,21.681261,21.885794,20.737926,15.756907,17.439737,56.11
4446045.502,657948.0614,94.65386,1.2435344,1.775927,27.467134,31.185171,25.907951,23.069689,22.638184,39.978977,34.77661,35.335957,40.171215,43.432186,33.141525,33.877552,38.10428,37.45745,34.039307,2.5486164,2.1327202,7.257766,8.113666,1383.78,71.57328,0.000488281,1.539659,0.002319336,0,15,0.5989566,0.4231321,0.33513665,0.23205581,0.65781134,0.99821067,2.1798403,17.986853,16.135536,16.236582,14.866815,18.759626,21.410471,17.944805,17.446596,22.507536,17.570866,21.552593,16.787481,23.68915,24.80994,23.69301,20.994156,21.026224,21.222424,20.030256,19.33042,21.301378,23.214466,22.700048,20.839424,20.451199,20.897131,19.852968,20.830517,19.812134,23.116148,20.606207,20.733515,15.589654,15.057019,15.080015,14.91287,16.82178,16.609459,16.500301,15.591362,16.790384,17.929922,18.011007,17.44718,17.29668,18.034,17.830744,17.547163,1.5097307,2.3406682,7.6857157,0.7750205,29.326153,37.377792,33.509537,17.620098,21.515795,21.260744,20.795185,15.79587,17.619987,56.11
4446045.502,657952.9413,114.23596,1.246671,1.7401265,27.163292,31.515846,26.582348,23.537813,22.629995,39.321526,34.77944,34.905132,39.680122,42.681374,33.903767,33.69018,37.87975,37.47437,34.44679,2.5683494,2.1283653,7.2555737,8.077104,1383.65,71.92551,-0.03955078,1.4762554,-0.005493164,0,15,0.5989566,0.4231321,0.33513665,0.23205581,0.65781134,0.99821067,2.1798403,18.618107,15.858568,16.14847,14.409709,18.161587,21.269949,18.548235,17.346304,22.312122,17.874123,20.573008,16.786043,23.311575,24.943037,23.339935,20.931158,21.681606,21.43165,20.408222,18.8165,20.476385,24.92937,23.294886,21.278696,21.362722,21.431257,20.254786,21.836973,20.433807,23.052904,21.073725,21.446049,15.853601,15.784753,15.856084,15.772895,16.725924,17.25243,17.556507,16.31023,16.889175,17.63809,18.316696,17.193203,17.434431,17.4232,18.847279,17.599047,1.4933987,2.3483572,7.666339,0.7750205,29.33957,37.050484,33.796974,17.573519,21.305693,21.576948,21.349455,16.400312,17.67744,56.11
4446045.502,657957.8211,111.51459,1.2527544,1.6932815,27.170761,31.529045,27.130976,23.992352,22.730854,38.513107,34.442986,34.358418,39.05155,41.946133,34.722515,33.861107,37.99808,37.630627,34.817795,2.592536,2.1289964,7.2548056,8.048927,1383.53,70.804535,-0.15966797,1.3494688,-0.00769043,0,15,0.5989566,0.4231321,0.33513665,0.23205581,0.65781134,0.99821067,2.1798403,18.618107,15.858568,16.14847,14.409709,18.161587,21.269949,18.548235,17.346304,22.312122,17.874123,20.573008,16.786043,23.311575,24.943037,23.339935,20.931158,21.681606,21.43165,20.408222,18.8165,20.476385,24.92937,23.294886,21.278696,21.362722,21.431257,20.254786,21.836973,20.433807,23.052904,21.073725,21.446049,15.853601,15.784753,15.856084,15.772895,16.725924,17.25243,17.556507,16.31023,16.889175,17.63809,18.316696,17.193203,17.434431,17.4232,18.847279,17.599047,1.4730179,2.3607662,7.6518664,0.7750205,29.349903,36.478046,34.29181,17.573519,21.305693,21.576948,21.349455,16.400312,17.67744,56.11
4446045.502,657962.7009,99.30993,1.2821548,1.6234841,27.63724,32.57926,27.808886,24.368904,22.925589,37.6757,33.907143,33.74193,38.211185,40.89751,35.45207,33.68217,37.64133,37.890965,35.54477,2.6201525,2.1574535,7.213379,8.003526,1383.43,71.98076,0.08105469,1.295336,0.002319336,0,15,0.62587625,0.42645448,0.34063992,0.23719388,0.6571154,1.0139691,2.1687894,19.099745,14.708461,16.42132,14.965049,18.583317,20.831858,18.274363,17.350182,22.223568,17.941874,20.680292,17.145496,23.13215,23.72972,23.198277,20.766716,22.169086,20.479769,21.59301,20.801508,22.858147,22.51092,21.07817,21.561697,21.053354,22.122644,20.81157,20.409243,20.020863,22.230623,19.506495,20.994537,15.936943,15.386876,15.895561,14.362427,16.655159,16.077219,16.633675,15.756916,17.115253,17.101625,18.392311,17.539026,18.236689,17.64472,18.295391,17.666378,1.4528195,2.388803,7.6084523,0.78143406,30.10825,35.79142,34.56712,17.554873,21.150196,21.641516,20.879257,15.849694,17.760715,56.11
4446045.502,657967.5808,81.174126,1.2863437,1.5174103,27.834753,33.044205,28.386526,24.521753,22.888292,36.46301,32.954437,32.91188,36.88288,39.15273,36.427277,34.137543,37.91015,38.855816,37.324818,2.6225173,2.1635695,7.0923896,7.970814,1383.32,72.02398,-0.08105469,1.159601,-0.0078125,0,15,0.62587625,0.42645448,0.34063992,0.23719388,0.6571154,1.0139691,2.1687894,18.933153,14.5949335,16.918095,15.137343,19.214369,20.689505,18.602743,17.55772,22.110598,18.178104,20.475924,17.381773,23.298338,24.521086,23.485607,20.944738,21.713352,21.52126,22.153341,21.321596,21.723059,23.702723,21.709286,21.897675,20.950886,21.623074,20.482325,20.756044,20.223501,22.664871,19.557526,20.992039,16.05483,15.133352,15.930586,14.32232,17.208937,15.731784,16.597504,15.771818,17.711622,17.314577,18.35173,17.168121,17.582655,18.086044,18.748388,17.746637,1.4018769,2.3930435,7.531602,0.78143406,30.43948,34.708725,35.28241,17.727163,21.350204,21.977802,20.894032,15.854187,17.851877,56.11
4446045.502,657972.4606,88.66749,1.2864588,1.3928754,27.876322,33.060894,28.935701,24.562044,22.782837,35.230354,32.48196,32.114048,35.36973,37.115105,37.36605,34.407906,38.242046,40.05927,39.4751,2.6153662,2.1652396,6.9322805,7.9398327,1383.23,71.04039,-0.12011719,1.0143479,-0.006713867,0,15,0.62587625,0.42645448,0.34063992,0.23719388,0.6571154,1.0139691,2.1687894,18.27403,14.598321,16.939297,15.147516,18.271843,19.929857,17.924734,17.194859,21.374302,17.454357,19.7464,16.96578,22.440601,23.441282,22.193972,20.182932,21.359085,20.462229,21.568222,20.870409,21.13692,22.78744,20.303503,21.192667,18.530886,18.67429,17.664845,18.145695,17.788343,19.304674,16.500017,18.17788,15.455102,15.100471,15.793412,14.351347,16.606606,15.384347,16.384706,15.497169,16.408909,16.060455,16.561256,15.993291,16.087708,16.846027,17.168615,16.317219,1.3396671,2.390303,7.4360566,0.78143406,30.468609,33.856155,35.88698,17.297943,20.516672,21.212543,18.086964,15.582284,16.446608,56.11
4446045.502,657977.3404,85.18138,1.2860074,1.2606679,27.919117,33.078587,29.424288,24.573576,22.692837,34.007427,32.005127,31.310493,33.83686,35.102886,38.28138,34.646736,38.62128,41.297176,41.562695,2.6053052,2.1668289,6.7688966,7.9106846,1383.15,72.089554,-0.03955078,0.97841656,-0.004394531,0,15,0.62587625,0.42645448,0.34063992,0.23719388,0.6571154,1.0139691,2.1687894,18.969732,15.436934,16.944698,15.758988,18.126656,20.090353,17.57591,17.471254,22.20019,17.589771,20.113182,16.947733,22.495659,23.366184,22.836552,20.417711,21.205563,20.802582,21.535725,19.849161,22.380169,23.084839,20.671478,21.240088,18.458065,18.3138,17.472343,18.50887,18.18405,18.351915,16.188736,18.04406,15.372031,15.045183,15.260094,14.36257,16.240662,16.413143,16.85614,15.494761,15.7246685,16.20688,16.607557,16.56104,16.215998,16.829954,16.936995,16.308136,1.2733376,2.386067,7.3397903,0.78143406,30.498852,33.00628,36.464058,17.557611,20.792753,21.361359,17.925398,15.649974,16.440443,56.11
4446045.502,657982.2203,83.5348,1.2852074,1.1284552,27.96126,33.097168,29.855598,24.57166,22.629076,32.82086,31.529455,30.51322,32.350338,33.222763,39.16568,34.8458,39.037907,42.513767,43.461346,2.5931897,2.1683981,6.6119075,7.8832216,1383.07,72.157326,-0.12109375,0.8878766,-0.006713867,0,15,0.62587625,0.42645448,0.34063992,0.23719388,0.6571154,1.0139691,2.1687894,19.131397,15.566066,16.773142,16.175167,17.451246,20.02911,17.285038,17.417902,21.753418,17.364115,18.814905,16.882233,22.550816,23.401005,23.858427,20.107464,21.931654,19.803865,19.725948,20.005527,22.757378,23.10188,20.865343,20.940311,18.691525,18.24505,17.518354,19.013285,18.357368,18.872925,16.148232,18.14103,15.616347,14.781432,15.018571,14.080594,15.450716,16.09226,16.441284,15.22626,15.58044,16.125803,16.121296,16.984013,16.364264,16.419806,16.742313,16.2536,1.2068312,2.380794,7.2475643,0.78143406,30.529213,32.17516,37.005737,17.487309,20.660702,21.170227,18.120962,15.354459,16.33399,56.11
4446045.502,657987.1001,88.54101,1.2852074,1.1284552,27.96126,33.097168,29.855598,24.57166,22.629076,32.82086,31.529455,30.51322,32.350338,33.222763,39.16568,34.8458,39.037907,42.513767,43.461346,2.5931897,2.1683981,6.6119075,7.8832216,1383.07,72.157326,-0.12109375,0.8878766,-0.006713867,0,15,0.62587625,0.42645448,0.34063992,0.23719388,0.6571154,1.0139691,2.1687894,19.131397,15.566066,16.773142,16.175167,17.451246,20.02911,17.285038,17.417902,21.753418,17.364115,18.814905,16.882233,22.550816,23.401005,23.858427,20.107464,21.931654,19.803865,19.725948,20.005527,22.757378,23.10188,20.865343,20.940311,18.691525,18.24505,17.518354,19.013285,18.357368,18.872925,16.148232,18.14103,15.616347,14.781432,15.018571,14.080594,15.450716,16.09226,16.441284,15.22626,15.58044,16.125803,16.121296,16.984013,16.364264,16.419806,16.742313,16.2536,1.2068312,2.380794,7.2475643,0.78143406,30.529213,32.17516,37.005737,17.487309,20.660702,21.170227,18.120962,15.354459,16.33399,56.11
4446045.502,657991.9799,100.24347,1.2629684,1.0056602,27.75326,33.241344,30.216621,24.548502,22.375532,31.772757,31.337088,29.959112,31.039253,31.590336,39.98251,34.810593,39.41587,43.59344,45.071495,2.5690155,2.163108,6.469735,7.85716,1383.01,75.477234,0.12060547,0.79902935,0.005615234,0,15,0.6302911,0.41940805,0.33034322,0.23648141,0.65905726,0.9926488,2.1661325,19.131397,15.566066,16.773142,16.175167,17.451246,20.02911,17.285038,17.417902,21.753418,17.364115,18.814905,16.882233,22.550816,23.401005,23.858427,20.107464,21.931654,19.803865,19.725948,20.005527,22.757378,23.10188,20.865343,20.940311,18.691525,18.24505,17.518354,19.013285,18.357368,18.872925,16.148232,18.14103,15.616347,14.781432,15.018571,14.080594,15.450716,16.09226,16.441284,15.22626,15.58044,16.125803,16.121296,16.984013,16.364264,16.419806,16.742313,16.2536,1.1343143,2.3660617,7.1634474,0.7763375,30.497303,31.554922,37.396553,17.487309,20.660702,21.170227,18.120962,15.354459,16.33399,56.11
4446045.502,657996.8598,91.427345,1.2566954,0.9065706,27.940634,34.493866,30.770071,24.70497,22.338612,30.73004,29.612917,28.834414,29.958927,30.485611,40.795174,35.317173,39.863007,44.47648,46.24698,2.562287,2.2312741,6.356328,7.821345,1382.94,82.20424,-0.000976563,0.73730916,0.001098633,0,15,0.6302911,0.41940805,0.33034322,0.23648141,0.65905726,0.9926488,2.1661325,18.419296,16.172026,16.194613,15.317185,17.549984,19.234964,17.284365,17.091864,21.64883,17.4724,18.684565,16.787699,22.672659,23.429993,23.683962,20.03643,21.514084,18.407776,17.890762,19.023169,21.793427,22.88559,21.735044,20.192883,18.047342,17.42941,16.793058,17.614452,17.750103,19.262762,17.647709,17.800192,15.363318,14.896388,14.997372,14.870232,15.7969475,15.884559,15.851005,15.233165,15.883033,16.466646,16.590982,16.470953,16.041351,15.541408,16.737276,16.142597,1.081633,2.3967805,7.0888367,0.7763375,31.21725,30.171478,38.056175,17.16749,20.62573,20.464264,17.79212,15.379974,16.247377,56.11
4446045.502,658001.7396,94.21469,1.2644975,0.8406762,27.96243,34.762596,31.394037,25.016455,22.252304,30.033983,28.8439,27.993294,29.298193,30.014856,41.349007,35.61994,40.024708,44.901436,46.927998,2.5535526,2.2214644,6.2931314,7.7821784,1382.88,85.04141,0.040527344,0.66146666,0.001098633,0,15,0.6302911,0.41940805,0.33034322,0.23648141,0.65905726,0.9926488,2.1661325,18.5025,16.115099,16.226257,14.745376,16.959185,19.038836,16.220774,16.65045,22.354965,17.540075,18.963589,16.568705,22.4372,24.210522,22.876345,20.241564,21.48094,18.628927,19.110506,20.009281,21.765406,24.404776,21.83878,20.800406,18.905165,16.876667,17.071228,18.125658,17.797474,20.517496,18.862553,18.120127,15.660024,15.000447,16.218729,14.894561,15.747357,15.954695,16.064722,15.416787,14.982651,16.387049,17.079546,16.629385,16.041101,16.156796,16.270702,16.12123,1.0525868,2.3875084,7.037655,0.7763375,31.362513,29.438942,38.484474,16.829718,20.707342,21.034088,18.308033,15.648648,16.221033,56.11
4446045.502,658006.6194,84.50563,1.2807363,0.7999223,28.212194,35.301537,32.13185,25.43426,22.259138,29.398527,27.914701,27.4624,28.895142,29.995167,41.855408,35.83059,39.612,44.9326,47.24258,2.554769,2.2496095,6.248651,7.729963,1382.82,83.03884,-0.080566406,0.59149516,-0.005615234,0,15,0.6302911,0.41940805,0.33034322,0.23648141,0.65905726,0.9926488,2.1661325,18.5025,16.115099,16.226257,14.745376,16.959185,19.038836,16.220774,16.65045,22.354965,17.540075,18.963589,16.568705,22.4372,24.210522,22.876345,20.241564,21.48094,18.628927,19.110506,20.009281,21.765406,24.404776,21.83878,20.800406,18.905165,16.876667,17.071228,18.125658,17.797474,20.517496,18.862553,18.120127,15.660024,15.000447,16.218729,14.894561,15.747357,15.954695,16.064722,15.416787,14.982651,16.387049,17.079546,16.629385,16.041101,16.156796,16.270702,16.12123,1.0403293,2.4021893,6.989307,0.7763375,31.756866,28.656614,38.843,16.829718,20.707342,21.034088,18.308033,15.648648,16.221033,56.11
4446045.502,658011.4993,97.04865,1.2741485,0.77045554,28.22832,35.31599,32.739006,25.79347,22.186764,28.90586,27.703342,27.186047,28.61019,30.145039,42.26631,35.76366,39.439583,44.92537,47.286743,2.542973,2.252163,6.2117205,7.6875463,1382.77,79.81201,-0.079589844,0.5674082,-0.005493164,0,15,0.6302911,0.41940805,0.33034322,0.23648141,0.65905726,0.9926488,2.1661325,18.59751,15.723227,15.521163,14.913348,17.095734,19.183157,15.95366,16.563713,22.23932,17.641186,19.079254,16.701904,22.801888,24.092224,23.777939,20.318863,21.36047,18.408342,19.683733,20.469107,20.56357,24.026016,22.05798,20.662039,18.96342,16.254143,18.731354,18.29946,17.476976,19.518818,17.509253,18.165464,14.851863,15.044477,17.005163,15.014201,15.412228,16.364529,15.942809,15.501699,15.327464,17.308289,16.487421,16.528294,16.092321,16.874578,16.699457,16.377127,1.022302,2.397568,6.9496336,0.7763375,31.772156,28.304602,39.014984,16.712543,20.904816,20.93846,18.107632,15.662181,16.473976,56.11
4446045.502,658016.3791,96.74798,1.2677333,0.7483839,28.244825,35.332684,33.367302,26.128675,22.141768,28.359426,27.455954,26.888762,28.341051,30.386244,42.7323,35.66606,39.282986,44.937454,47.170517,2.5348547,2.254893,6.1714535,7.6434293,1382.72,79.99202,-0.16015625,0.4950099,-0.011108398,0,15,0.6302911,0.41940805,0.33034322,0.23648141,0.65905726,0.9926488,2.1661325,19.44759,16.482035,15.836935,15.620003,17.931412,20.141542,17.966145,17.305317,21.6742,16.766867,18.286352,15.946772,22.41864,23.046225,23.35159,19.645893,20.139969,14.99861,17.257719,16.457884,19.859861,20.260025,16.551289,17.864048,17.91114,15.392906,16.720852,16.969368,17.403858,17.84157,15.977992,16.91022,15.447237,16.029072,17.085634,15.862242,15.273231,16.455006,17.433985,15.9827585,15.73095,16.653318,16.351717,16.316303,15.982645,15.746809,16.892982,16.148413,1.0080585,2.3948739,6.907441,0.7763375,31.788754,27.90769,39.19918,17.632236,20.21295,17.932194,16.888239,16.22663,16.239246,56.11
4446045.502,658021.2589,113.01607,1.2565835,0.7314818,28.297886,35.663696,33.95983,26.471584,22.29707,27.788992,27.54491,26.78763,28.16368,30.688858,43.23835,35.264206,39.106686,44.563297,46.840374,2.5253289,2.2350235,6.128191,7.6013775,1382.69,88.02174,0.03955078,0.41534093,0,0,15,0.63377136,0.41312298,0.32390022,0.23677081,0.657833,0.97931415,2.174106,19.44759,16.482035,15.836935,15.620003,17.931412,20.141542,17.966145,17.305317,21.6742,16.766867,18.286352,15.946772,22.41864,23.046225,23.35159,19.645893,20.139969,14.99861,17.257719,16.457884,19.859861,20.260025,16.551289,17.864048,17.91114,15.392906,16.720852,16.969368,17.403858,17.84157,15.977992,16.91022,15.447237,16.029072,17.085634,15.862242,15.273231,16.455006,17.433985,15.9827585,15.73095,16.653318,16.351717,16.316303,15.982645,15.746809,16.892982,16.148413,0.9940326,2.380176,6.8647842,0.77411693,31.980791,27.66695,39.251278,17.632236,20.21295,17.932194,16.888239,16.22663,16.239246,56.11
4446045.502,658026.1388,115.19907,1.222901,0.7289509,27.708275,35.275703,34.479675,26.705332,22.196302,27.573826,28.167162,26.982067,28.12146,31.142017,43.528618,34.840534,38.77331,44.38285,46.413235,2.5002718,2.1943634,6.0964684,7.573468,1382.65,98.144104,-0.079589844,0.4048389,-0.004394531,0,15,0.63377136,0.41312298,0.32390022,0.23677081,0.657833,0.97931415,2.174106,19.435205,17.037712,14.783101,15.419324,18.090807,20.538273,18.048977,17.33805,21.350115,16.767134,18.704441,16.09744,21.468721,23.466875,23.373442,19.623083,20.028797,15.472689,16.291985,17.22999,20.021927,20.23563,16.96879,17.942099,17.202229,15.492631,15.899395,15.430189,16.803091,17.927673,16.211954,16.398191,15.443268,14.945715,15.370894,15.413722,14.845851,16.13743,17.569197,15.359267,15.498594,15.9965,15.964544,16.509304,15.741946,16.739904,17.157906,16.056774,0.9759259,2.3473177,6.8349686,0.77411693,31.49199,27.870495,39.184578,17.621914,20.175451,18.035686,16.42388,15.675154,16.229815,56.11
4446045.502,658031.0186,126.30673,1.1955286,0.7543682,27.634497,35.468376,34.91233,26.830122,22.304918,28.02524,27.844707,27.023178,28.426882,31.739456,43.256992,35.009514,38.25199,43.99521,45.96042,2.4675906,2.1751997,6.1046076,7.5568385,1382.62,101.96016,0.080078125,0.48346072,0.005493164,0,15,0.63377136,0.41312298,0.32390022,0.23677081,0.657833,0.97931415,2.174106,20.629923,17.902727,15.651044,15.911385,19.26721,21.615644,19.715014,18.281946,21.316319,16.735052,18.680252,16.069798,21.415768,23.344034,23.207838,19.571358,20.082655,15.549269,16.344898,17.272465,20.057938,20.286514,17.028706,17.996716,17.207962,15.487723,15.904669,15.427836,16.808107,17.927967,16.21196,16.399761,15.427132,14.940336,15.35207,15.381452,14.831732,16.132051,17.569197,15.344848,15.498594,15.9965,15.964544,16.509304,15.741946,16.739904,17.157906,16.056774,0.9749484,2.3213952,6.830723,0.77411693,31.551437,27.934975,39.133255,18.670422,20.109865,18.088919,16.425175,15.661995,16.229815,56.11
4446045.502,658035.8984,124.98341,1.1940546,0.78476685,27.661333,35.137516,35.187454,26.925234,22.288631,28.598078,28.092754,27.212168,28.877378,32.492317,42.902897,35.046936,37.975716,43.423824,45.42264,2.4394755,2.1611364,6.1245346,7.5622334,1382.57,102.508224,-0.041015625,0.5279833,-0.003417969,0,15,0.63377136,0.41312298,0.32390022,0.23677081,0.657833,0.97931415,2.174106,20.651655,17.70017,17.10332,16.169569,19.664083,20.457102,19.476025,18.386194,21.595167,17.30598,17.023426,16.158215,22.220592,23.08425,21.150278,19.251263,19.553396,14.951216,15.043436,15.79891,19.527115,20.845654,16.151186,17.192904,17.59296,16.103039,15.633233,15.0394125,17.176582,17.696255,15.604637,16.328444,15.614241,15.930496,15.085916,14.922673,15.643236,16.04782,16.912683,15.484548,15.504648,16.462786,15.9827795,16.219114,15.484441,17.517973,17.357882,16.195087,0.98941076,2.3003058,6.843384,0.77411693,31.399426,28.345417,38.974915,18.745989,19.791128,17.41013,16.40659,15.736724,16.361376,56.11
4446045.502,658040.7783,118.49765,1.1841832,0.81638914,27.62079,35.131874,35.511665,26.991343,22.259716,29.1521,28.246634,27.388247,29.39705,33.344032,42.585426,34.990784,37.55234,42.861748,44.73715,2.417194,2.159018,6.1424956,7.564947,1382.53,104.0311,0.000488281,0.4723725,0,0,15,0.63377136,0.41312298,0.32390022,0.23677081,0.657833,0.97931415,2.174106,19.21176,16.797012,16.526663,15.238364,19.34958,20.36763,18.818577,17.741655,21.538054,16.312489,17.826647,15.982798,21.954357,22.165928,21.154362,19.011784,19.637209,17.427132,16.584473,17.41197,19.61017,19.357393,16.290075,17.881584,16.252617,14.771494,15.116853,14.580676,16.177324,16.401873,15.468816,15.350793,14.928404,15.489373,14.681211,14.948059,16.05898,16.01919,16.493822,15.295765,15.398166,15.690763,16.345078,15.759858,16.324675,16.828976,16.999935,16.035637,1.0002862,2.288106,6.8537216,0.77411693,31.376331,28.699368,38.788105,18.044226,19.562088,18.045488,15.538522,15.517006,16.192493,56.11
4446045.502,658045.6581,116.33087,1.1649342,0.85422873,27.904919,35.196217,35.905945,27.107128,22.118889,29.600107,28.227285,27.422352,29.979776,34.40385,42.30729,34.989384,36.979275,42.274326,43.860527,2.3956125,2.1241343,6.157992,7.55856,1382.49,101.30993,0.040039062,0.5117522,0.002197266,0,15,0.63377136,0.41312298,0.32390022,0.23677081,0.657833,0.97931415,2.174106,19.21176,16.797012,16.526663,15.238364,19.34958,20.36763,18.818577,17.741655,21.538054,16.312489,17.826647,15.982798,21.954357,22.165928,21.154362,19.011784,19.637209,17.427132,16.584473,17.41197,19.61017,19.357393,16.290075,17.881584,16.252617,14.771494,15.116853,14.580676,16.177324,16.401873,15.468816,15.350793,14.928404,15.489373,14.681211,14.948059,16.05898,16.01919,16.493822,15.295765,15.398166,15.690763,16.345078,15.759858,16.324675,16.828976,16.999935,16.035637,1.0095814,2.2598734,6.858276,0.77411693,31.550568,28.913696,38.64834,18.044226,19.562088,18.045488,15.538522,15.517006,16.192493,56.11
4446045.502,658050.5379,110.120026,1.1553878,0.8789867,27.867348,35.189903,36.137184,27.240648,22.138218,30.165092,28.409904,27.694311,30.715643,35.565296,41.992615,34.888626,36.519936,41.49647,42.77423,2.3772838,2.1202097,6.18355,7.5614586,1382.44,97.31481,-0.040527344,0.5630443,-0.002319336,0,15,0.60660005,0.42976186,0.3300133,0.23076953,0.6835768,1.1204847,2.1759193,19.950735,17.234077,17.773022,15.873099,20.11877,21.946392,20.302282,18.681639,21.145731,15.955745,17.961939,15.978717,21.846088,22.552334,21.549875,19.003428,18.869528,17.581678,17.362185,17.010271,18.967375,19.639753,16.731464,17.858725,16.544928,14.788977,15.509451,14.695559,16.509457,17.431643,15.218896,15.680751,13.618797,15.176145,14.744012,14.969077,15.443,15.333777,16.329891,14.905877,15.429731,15.956065,16.1517,15.393058,15.771867,17.223866,16.893541,15.970126,1.0171872,2.2487469,6.872504,0.79673225,31.528625,29.287498,38.44062,19.02834,19.570063,18.02318,15.81413,15.087814,16.117117,56.11
4446045.502,658055.4178,119.192314,1.1327856,0.89530754,27.842535,34.922424,36.21045,27.474182,22.310345,30.88224,28.955229,28.193596,31.622768,36.95846,41.5319,34.690556,36.028225,40.520336,41.369774,2.3523026,2.109182,6.218796,7.574927,1382.39,94.18988,-0.03955078,0.5887086,-0.002197266,0,15,0.60660005,0.42976186,0.3300133,0.23076953,0.6835768,1.1204847,2.1759193,19.932957,17.604092,17.978024,16.094347,20.177528,22.115828,20.12192,18.814583,20.304995,16.83005,19.008429,15.492286,21.906862,23.171293,22.014278,19.306408,19.544071,18.376232,18.012268,16.481043,19.877224,20.152363,17.650593,18.477352,15.883517,15.471052,16.290808,14.875041,16.75716,17.49808,14.832489,15.961823,14.972107,14.435275,14.801978,14.351312,15.354791,16.340736,15.726939,15.024307,15.150613,15.912827,16.11534,15.428397,15.800158,15.848414,16.312654,15.682905,1.0140465,2.2307422,6.896861,0.79673225,31.38248,29.918736,38.11123,19.146387,19.818314,18.584826,15.944021,15.140449,15.7954855,56.11
4446045.502,658060.2976,116.94002,1.1151495,0.9034758,27.80689,35.302273,36.299397,27.818888,22.518522,31.73397,29.10412,28.55104,32.741093,38.55953,40.957455,34.55996,35.325672,39.34073,39.63516,2.3269408,2.1081343,6.2613387,7.5788445,1382.34,90,0.03955078,0.65881646,0.003295898,0,15,0.60660005,0.42976186,0.3300133,0.23076953,0.6835768,1.1204847,2.1759193,19.932957,17.604092,17.978024,16.097046,20.367714,22.452301,20.505938,18.897715,20.237366,16.75602,18.870533,15.4177065,21.76852,23.172373,21.94814,19.217096,19.22854,18.091808,17.692314,16.194384,19.668308,19.964916,17.429966,18.21478,15.876517,15.462205,16.281618,14.871541,16.74339,17.48408,14.816748,15.952166,14.972107,14.435275,14.801978,14.351312,15.354791,16.340736,15.726939,15.024307,15.150613,15.912827,16.11534,15.428397,15.800158,15.848414,16.312654,15.682905,1.0093126,2.2175374,6.9200916,0.79673225,31.55458,30.419044,37.758705,19.276869,19.738665,18.32432,15.933728,15.140449,15.7954855,56.11
4446045.502,658065.1774,117.30902,1.1053386,0.90177447,27.771194,35.28622,36.13786,28.271347,22.681385,32.680584,29.449131,29.090233,34.075947,40.385235,40.299156,34.487152,34.839302,37.881958,37.592545,2.299092,2.1019182,6.3214574,7.591645,1382.28,88.95745,0.12060547,0.7879677,0.006713867,0,15,0.60660005,0.42976186,0.3300133,0.23076953,0.6835768,1.1204847,2.1759193,20.15501,17.690722,17.304882,16.22072,20.579624,23.18869,20.337427,19.001993,21.085459,16.749979,18.786745,15.403184,21.689987,23.432251,22.182724,19.44166,18.232407,18.241829,18.502115,16.24801,19.462759,19.713964,17.913319,18.295624,15.774367,15.33019,15.491278,14.691957,16.763405,17.73505,15.772708,15.944896,13.999054,14.379976,15.512221,14.855454,15.676923,16.053822,15.606661,15.080637,15.085576,15.348909,15.564909,15.061755,14.976374,15.218035,16.242706,15.211272,1.0035565,2.2005053,6.956551,0.79673225,31.528708,31.064857,37.393154,19.353868,19.904331,18.33063,15.936992,15.154872,15.356895,56.11
4446045.502,658070.0573,117.25139,1.1015263,0.8955519,28.041828,35.15818,35.95782,28.74546,22.823092,33.666885,29.678978,29.785294,35.65032,42.344074,39.55786,34.393116,34.023846,36.10787,35.363346,2.2620268,2.0832567,6.3882427,7.5929184,1382.2,91.910706,-0.080566406,0.8599902,-0.002319336,0,15,0.60660005,0.42976186,0.3300133,0.23076953,0.6835768,1.1204847,2.1759193,19.79393,15.99294,16.583853,16.68005,19.970846,22.040379,20.478176,18.36946,21.122938,16.240587,18.227556,15.848063,21.351686,23.115528,22.569212,19.250534,17.786867,16.483963,17.875319,14.199792,16.842073,19.812105,18.556995,17.159126,14.300408,15.029382,15.012199,14.037816,15.784819,18.1562,15.597857,15.377818,14.212046,13.975489,15.589024,13.494264,14.287956,16.541224,15.117133,14.637648,15.163195,15.2362995,15.590689,14.44839,14.97292,15.40082,15.977492,15.148596,0.9985391,2.1726418,6.9905806,0.79673225,31.600004,31.672932,36.975487,18.791454,19.782225,17.365301,15.416953,14.745305,15.255686,56.11
4446040.518,657923.6623,91.59392,1.1965253,1.8141456,27.466393,30.644493,23.466654,22.20792,22.392786,40.163303,35.374264,36.076416,40.03311,42.051655,32.480095,34.20175,39.43308,38.234028,36.178223,2.3842838,2.1049755,7.168632,8.212995,1384.41,66.80141,0.040527344,1.1996319,0.004516602,0,15,0.5905221,0.39148977,0.30153626,0.23209184,0.66439325,0.7665854,1.461557,19.21518,13.924754,17.064291,15.136122,18.478271,21.038021,18.044468,17.366152,22.531023,17.966892,19.643755,17.184887,23.199078,24.603893,22.644094,20.781805,21.599476,18.673365,19.030645,20.18482,22.00258,22.40433,22.715939,20.743216,20.730906,21.04415,19.386957,20.07316,20.45003,21.484135,19.587084,20.53295,16.0424,14.214399,15.665992,14.029631,15.530435,16.650341,16.099045,15.299428,16.646872,16.743437,17.277565,16.480494,17.265125,17.554018,18.002735,17.040997,1.5053355,2.2446296,7.690813,0.62973934,29.055443,37.768784,33.340923,17.5573,21.110518,20.944452,20.393772,15.461748,17.138607,56.11
4446040.518,657928.5421,94.036766,1.203074,1.836717,27.44851,30.644663,23.621502,22.147663,22.44213,40.676243,35.57566,36.385265,40.628212,43.297726,32.06381,33.904522,39.00645,37.78479,34.894638,2.4141808,2.1060307,7.1999183,8.209282,1384.3,66.80512,-0.03955078,1.4176772,-0.002197266,0,15,0.5905221,0.39148977,0.30153626,0.23209184,0.66439325,0.7665854,1.461557,19.21518,13.924754,17.064291,15.136122,18.478271,21.038021,18.044468,17.366152,22.531023,17.966892,19.643755,17.184887,23.199078,24.603893,22.644094,20.781805,21.599476,18.673365,19.030645,20.18482,22.00258,22.40433,22.715939,20.743216,20.730906,21.04415,19.386957,20.07316,20.45003,21.484135,19.587084,20.53295,16.0424,14.214399,15.665992,14.029631,15.530435,16.650341,16.099045,15.299428,16.646872,16.743437,17.277565,16.480494,17.265125,17.554018,18.002735,17.040997,1.5198956,2.2601056,7.7046003,0.62973934,29.046585,38.125954,32.984165,17.5573,21.110518,20.944452,20.393772,15.461748,17.138607,56.11
4446040.518,657933.4219,92.86283,1.2146943,1.8459903,27.443085,30.513657,23.884665,22.217054,22.348589,40.862614,35.45076,36.410507,40.97827,44.013245,31.963037,33.93914,38.78855,37.47169,34.095684,2.4422047,2.117476,7.225111,8.202075,1384.18,65.754364,-0.19921875,1.429526,-0.008789063,0,15,0.5989566,0.4231321,0.33513665,0.23205581,0.65781134,0.99821067,2.1798403,17.752289,14.537248,17.013628,14.927564,18.502903,20.731953,18.215597,17.174486,22.27272,18.167048,20.180002,17.089853,23.415186,24.9911,22.424662,20.922865,21.78603,19.83971,19.011343,20.1147,22.925066,22.81708,22.0672,21.052917,20.271927,21.2034,20.403814,20.047365,20.315012,22.968893,19.22034,20.79975,15.593286,14.513854,16.772274,14.970042,15.713771,16.648043,16.127544,15.636179,17.411615,17.073606,18.654816,16.770048,17.009172,17.25511,17.882345,17.375603,1.5303423,2.2798405,7.713593,0.7750205,28.97837,38.156685,32.951088,17.383024,21.220081,21.223019,20.632965,15.762687,17.436674,56.11
4446040.518,657938.3018,93.1864,1.2233073,1.8444057,27.433672,30.519209,24.373943,22.474607,22.420715,40.76606,35.395546,36.362007,41.03534,44.032227,32.14226,33.866135,38.447483,37.239765,33.896534,2.4706266,2.119057,7.2428727,8.179358,1384.09,65.4702,0.39941406,1.448493,0.017700195,0,15,0.5989566,0.4231321,0.33513665,0.23205581,0.65781134,0.99821067,2.1798403,17.894613,16.573849,16.08305,14.437772,18.398127,20.883509,17.431889,17.248632,21.943396,17.945137,20.59768,17.466602,23.76844,25.156006,23.291304,21.052328,20.087158,21.765644,20.058775,18.934128,21.323765,22.665192,23.471884,20.802864,19.80836,22.026423,20.217976,19.92984,19.3364,22.344265,20.506758,20.59145,15.705198,14.892729,15.879502,14.210492,16.151115,16.83662,16.639584,15.58016,16.57351,17.699955,18.057419,16.554752,16.78765,17.205164,18.251781,17.185602,1.5338564,2.2948418,7.711115,0.7750205,28.97644,38.080803,33.004196,17.386114,21.452652,21.186647,20.595718,15.759321,17.30432,56.11
4446040.518,657943.1816,90.39982,1.2343009,1.8308158,27.484629,31.175161,24.989702,22.847515,22.56716,40.421303,34.978584,36.10511,40.865402,43.68979,32.556202,33.82135,38.0837,37.07894,33.987476,2.4929116,2.1311057,7.2597785,8.151834,1383.95,67.91024,-0.12060547,1.560955,-0.002319336,0,15,0.5989566,0.4231321,0.33513665,0.23205581,0.65781134,0.99821067,2.1798403,17.894613,16.573849,16.08305,14.437772,18.398127,20.883509,17.431889,17.248632,21.943396,17.945137,20.59768,17.466602,23.76844,25.156006,23.291304,21.052328,20.087158,21.765644,20.058775,18.934128,21.323765,22.665192,23.471884,20.802864,19.80836,22.026423,20.217976,19.92984,19.3364,22.344265,20.506758,20.59145,15.705198,14.892729,15.879502,14.210492,16.151115,16.83662,16.639584,15.58016,16.57351,17.699955,18.057419,16.554752,16.78765,17.205164,18.251781,17.185602,1.5325583,2.3120086,7.705806,0.7750205,29.329895,37.699944,33.188774,17.386114,21.452652,21.186647,20.595718,15.759321,17.30432,56.11
4446040.518,657948.0614,95.13034,1.242324,1.8152179,27.483246,31.18781,25.565292,23.278528,22.66094,39.876125,34.732952,35.71704,40.516037,43.21968,33.165348,33.885525,38.01253,37.04929,34.153057,2.5207527,2.1335735,7.2821255,8.123411,1383.82,68.967896,-0.080566406,1.5956651,-0.006713867,0,15,0.5989566,0.4231321,0.33513665,0.23205581,0.65781134,0.99821067,2.1798403,17.986853,16.135536,16.236582,14.866815,18.759626,21.410471,17.944805,17.446596,22.507536,17.570866,21.552593,16.787481,23.68915,24.80994,23.69301,20.994156,21.026224,21.222424,20.030256,19.33042,21.301378,23.214466,22.700048,20.839424,20.451199,20.897131,19.852968,20.830517,19.812134,23.116148,20.606207,20.733515,15.589654,15.057019,15.080015,14.91287,16.82178,16.609459,16.500301,15.591362,16.790384,17.929922,18.011007,17.44718,17.29668,18.034,17.830744,17.547163,1.5287709,2.3271632,7.7027683,0.7750205,29.33553,37.30454,33.525436,17.620098,21.515795,21.260744,20.795185,15.79587,17.619987,56.11
4446040.518,657952.9413,102.12324,1.2461553,1.796649,27.179647,31.51764,26.133072,23.76777,22.677004,39.29831,34.76257,35.271923,40.098915,42.822556,33.861816,33.676495,37.881252,36.985134,34.1794,2.5427432,2.1291773,7.3128614,8.09403,1383.69,68.50375,-0.16064453,1.523709,-0.010009766,0,15,0.5989566,0.4231321,0.33513665,0.23205581,0.65781134,0.99821067,2.1798403,18.618107,15.858568,16.14847,14.409709,18.161587,21.269949,18.548235,17.346304,22.312122,17.874123,20.573008,16.786043,23.311575,24.943037,23.339935,20.931158,21.681606,21.43165,20.408222,18.8165,20.476385,24.92937,23.294886,21.278696,21.362722,21.431257,20.254786,21.836973,20.433807,23.052904,21.073725,21.446049,15.853601,15.784753,15.856084,15.772895,16.725924,17.25243,17.556507,16.31023,16.889175,17.63809,18.316696,17.193203,17.434431,17.4232,18.847279,17.599047,1.5214021,2.3359604,7.703446,0.7750205,29.348644,37.03044,33.769157,17.573519,21.305693,21.576948,21.349455,16.400312,17.67744,56.11
4446040.518,657957.8211,76.714386,1.2493606,1.7712893,27.634907,32.306915,26.539019,24.32476,22.783234,38.56852,33.73297,34.5748,39.67175,42.607098,34.617813,34.002296,38.30026,36.920895,33.914913,2.5444543,2.1602066,7.368993,8.064479,1383.58,70.122116,0.079589844,1.4313686,0.002197266,0,15,0.5989566,0.4231321,0.33513665,0.23205581,0.65781134,0.99821067,2.1798403,18.618107,15.858568,16.14847,14.409709,18.161587,21.269949,18.548235,17.346304,22.312122,17.874123,20.573008,16.786043,23.311575,24.943037,23.339935,20.931158,21.681606,21.43165,20.408222,18.8165,20.476385,24.92937,23.294886,21.278696,21.362722,21.431257,20.254786,21.836973,20.433807,23.052904,21.073725,21.446049,15.853601,15.784753,15.856084,15.772895,16.725924,17.25243,17.556507,16.31023,16.889175,17.63809,18.316696,17.193203,17.434431,17.4232,18.847279,17.599047,1.510325,2.3523304,7.716736,0.7750205,29.970911,36.150745,34.310055,17.573519,21.305693,21.576948,21.349455,16.400312,17.67744,56.11
4446040.518,657962.7009,97.90609,1.2543656,1.7286757,27.638788,32.32161,26.906116,24.883642,22.973017,37.87604,33.428505,34.011463,39.17461,42.35791,35.37043,34.105934,38.56225,36.821003,33.621517,2.5637636,2.162215,7.417505,8.044261,1383.46,72.72433,-0.040527344,1.3498472,-0.003417969,0,15,0.62587625,0.42645448,0.34063992,0.23719388,0.6571154,1.0139691,2.1687894,19.099745,14.708461,16.42132,14.965049,18.583317,20.831858,18.274363,17.350182,22.223568,17.941874,20.680292,17.145496,23.13215,23.72972,23.198277,20.766716,22.169086,20.479769,21.59301,20.801508,22.858147,22.51092,21.07817,21.561697,21.053354,22.122644,20.81157,20.409243,20.020863,22.230623,19.506495,20.994537,15.936943,15.386876,15.895561,14.362427,16.655159,16.077219,16.633675,15.756916,17.115253,17.101625,18.392311,17.539026,18.236689,17.64472,18.295391,17.666378,1.4915206,2.3629894,7.7308826,0.78143406,29.980198,35.652275,34.738182,17.554873,21.150196,21.641516,20.879257,15.849694,17.760715,56.11
4446040.518,657967.5808,75.81257,1.282015,1.6048559,27.838776,33.04433,27.71017,24.79739,22.96129,36.72713,33.06229,33.37041,37.603214,40.070515,36.178856,34.00114,38.020725,38.074482,36.25251,2.592101,2.1644545,7.2173033,7.9968653,1383.35,70.66505,-0.16015625,1.1685512,-0.010009766,0,15,0.62587625,0.42645448,0.34063992,0.23719388,0.6571154,1.0139691,2.1687894,18.933153,14.5949335,16.918095,15.137343,19.214369,20.689505,18.602743,17.55772,22.110598,18.178104,20.475924,17.381773,23.298338,24.521086,23.485607,20.944738,21.713352,21.52126,22.153341,21.321596,21.723059,23.702723,21.709286,21.897675,20.950886,21.623074,20.482325,20.756044,20.223501,22.664871,19.557526,20.992039,16.05483,15.133352,15.930586,14.32232,17.208937,15.731784,16.597504,15.771818,17.711622,17.314577,18.35173,17.168121,17.582655,18.086044,18.748388,17.746637,1.4434354,2.3782778,7.6070843,0.78143406,30.441553,34.89471,35.089996,17.727163,21.350204,21.977802,20.894032,15.854187,17.851877,56.11
4446040.518,657972.4606,87.9506,1.2815794,1.4675782,27.887022,33.060608,28.307934,24.696583,22.763195,35.469757,32.59651,32.59552,35.965923,37.75372,37.080956,34.28561,38.278885,39.500168,38.925438,2.5813715,2.1659803,7.0156646,7.9609265,1383.27,67.60331,0.080078125,1.0530819,0.002197266,0,15,0.62587625,0.42645448,0.34063992,0.23719388,0.6571154,1.0139691,2.1687894,18.933153,14.5949335,16.918095,15.137343,19.214369,20.689505,18.602743,17.55772,21.484247,17.454357,19.7464,16.96578,22.440601,23.441282,22.523804,20.215683,21.590153,21.04337,21.838516,20.930288,21.37414,23.309345,21.179136,21.547812,19.955076,20.003298,19.19742,19.260036,19.26565,21.082632,18.444784,19.687086,15.455102,15.100471,15.793412,14.351347,16.606606,15.384347,16.384706,15.497169,16.408909,16.060455,16.561256,15.993291,16.087708,16.846027,17.168615,16.317219,1.3745787,2.3736758,7.4882956,0.78143406,30.473816,34.033134,35.68328,17.727163,20.579496,21.60928,19.60127,15.582284,16.446608,56.11
4446040.518,657977.3404,79.78099,1.2807232,1.32886,27.93159,33.07723,28.808128,24.65976,22.618465,34.2822,32.141773,31.846958,34.447586,35.720264,37.94556,34.536453,38.592518,40.765625,41.196148,2.569782,2.1675713,6.837537,7.927828,1383.18,69.07972,-0.07910156,1.0429239,-0.002197266,0,15,0.62587625,0.42645448,0.34063992,0.23719388,0.6571154,1.0139691,2.1687894,18.969732,15.436934,16.944698,15.758988,18.126656,20.090353,17.57591,17.471254,22.20019,17.589771,20.113182,16.947733,22.495659,23.366184,22.836552,20.417711,21.205563,20.802582,21.535725,19.849161,22.380169,23.084839,20.671478,21.240088,18.458065,18.3138,17.472343,18.50887,18.18405,18.351915,16.188736,18.04406,15.372031,15.045183,15.260094,14.36257,16.240662,16.413143,16.85614,15.494761,15.7246685,16.20688,16.607557,16.56104,16.215998,16.829954,16.936995,16.308136,1.3047917,2.3686767,7.3826823,0.78143406,30.50441,33.211987,36.241005,17.557611,20.792753,21.361359,17.925398,15.649974,16.440443,56.11
4446040.518,657982.2203,79.43318,1.2640339,1.1930184,27.731482,33.219143,29.214334,24.64316,22.315584,33.20416,31.946722,31.306583,33.066025,33.92384,38.759876,34.582954,38.905952,41.886593,43.143566,2.5503354,2.162798,6.6764584,7.897026,1383.1,72.64037,0.03955078,0.96041363,-0.001098633,0,15,0.62587625,0.42645448,0.34063992,0.23719388,0.6571154,1.0139691,2.1687894,19.131397,15.566066,16.773142,16.175167,17.451246,20.02911,17.285038,17.417902,21.753418,17.364115,18.814905,16.882233,22.550816,23.401005,23.858427,20.107464,21.931654,19.803865,19.725948,20.005527,22.757378,23.10188,20.865343,20.940311,18.691525,18.24505,17.518354,19.013285,18.357368,18.872925,16.148232,18.14103,15.616347,14.781432,15.018571,14.080594,15.450716,16.09226,16.441284,15.22626,15.58044,16.125803,16.121296,16.984013,16.364264,16.419806,16.742313,16.2536,1.2285261,2.3565667,7.286742,0.78143406,30.475311,32.57544,36.671417,17.487309,20.660702,21.170227,18.120962,15.354459,16.33399,56.11
4446040.518,657987.1001,86.26434,1.2640339,1.1930184,27.731482,33.219143,29.214334,24.64316,22.315584,33.20416,31.946722,31.306583,33.066025,33.92384,38.759876,34.582954,38.905952,41.886593,43.143566,2.5503354,2.162798,6.6764584,7.897026,1383.1,72.64037,0.03955078,0.96041363,-0.001098633,0,15,0.62587625,0.42645448,0.34063992,0.23719388,0.6571154,1.0139691,2.1687894,19.131397,15.566066,16.773142,16.175167,17.451246,20.02911,17.285038,17.417902,21.753418,17.364115,18.814905,16.882233,22.550816,23.401005,23.858427,20.107464,21.931654,19.803865,19.725948,20.005527,22.757378,23.10188,20.865343,20.940311,18.691525,18.24505,17.518354,19.013285,18.357368,18.872925,16.148232,18.14103,15.616347,14.781432,15.018571,14.080594,15.450716,16.09226,16.441284,15.22626,15.58044,16.125803,16.121296,16.984013,16.364264,16.419806,16.742313,16.2536,1.2285261,2.3565667,7.286742,0.78143406,30.475311,32.57544,36.671417,17.487309,20.660702,21.170227,18.120962,15.354459,16.33399,56.11
4446040.518,657991.9799,96.31158,1.2583221,1.0670251,27.924501,34.470634,29.74187,24.722107,22.24159,32.023064,30.1683,30.109104,31.775238,32.457855,39.66063,35.19192,39.435776,42.996292,44.748184,2.5436423,2.2294648,6.5289583,7.859461,1383.02,77.96006,-0.03955078,0.8934985,-0.002197266,0,15,0.6302911,0.41940805,0.33034322,0.23648141,0.65905726,0.9926488,2.1661325,19.131397,15.566066,16.773142,16.175167,17.451246,20.02911,17.285038,17.417902,21.753418,17.364115,18.814905,16.882233,22.550816,23.401005,23.858427,20.107464,21.931654,19.803865,19.725948,20.005527,22.757378,23.10188,20.865343,20.940311,18.691525,18.24505,17.518354,19.013285,18.357368,18.872925,16.148232,18.14103,15.616347,14.781432,15.018571,14.080594,15.450716,16.09226,16.441284,15.22626,15.58044,16.125803,16.121296,16.984013,16.364264,16.419806,16.742313,16.2536,1.1626736,2.3865535,7.1942096,0.7763375,31.197567,31.095682,37.426277,17.487309,20.660702,21.170227,18.120962,15.354459,16.33399,56.11
4446040.518,657996.8598,94.60905,1.2541722,0.96347916,27.957165,34.48989,30.218678,24.857504,22.156336,31.156649,29.808987,29.542814,30.779411,31.412767,40.300877,35.25766,39.60246,43.712532,45.930428,2.5286617,2.2339807,6.4147882,7.823582,1382.94,80.698586,-0.16064453,0.79833263,-0.012329102,0,15,0.6302911,0.41940805,0.33034322,0.23648141,0.65905726,0.9926488,2.1661325,18.419296,16.172026,16.194613,15.317185,17.549984,19.234964,17.284365,17.091864,21.64883,17.4724,18.684565,16.787699,22.672659,23.429993,23.683962,20.03643,21.514084,18.407776,17.890762,19.023169,21.793427,22.88559,21.735044,20.192883,18.047342,17.42941,16.793058,17.614452,17.750103,19.262762,17.647709,17.800192,15.363318,14.896388,14.997372,14.870232,15.7969475,15.884559,15.851005,15.233165,15.883033,16.466646,16.590982,16.470953,16.041351,15.541408,16.737276,16.142597,1.1088257,2.3813212,7.1191854,0.7763375,31.223528,30.482819,37.779266,17.16749,20.62573,20.464264,17.79212,15.379974,16.247377,56.11
4446040.518,658001.7396,90.21779,1.2503828,0.88692796,27.985037,34.509007,30.782743,25.083414,22.084715,30.41054,29.478601,29.02953,30.03942,30.81705,40.86416,35.278015,39.660824,44.159348,46.65222,2.513564,2.2388422,6.3284087,7.7823153,1382.88,78.67811,-0.119628906,0.65726995,-0.008911133,0,15,0.6302911,0.41940805,0.33034322,0.23648141,0.65905726,0.9926488,2.1661325,18.5025,16.115099,16.226257,14.745376,16.959185,19.038836,16.220774,16.65045,22.354965,17.540075,18.963589,16.568705,22.4372,24.210522,22.876345,20.241564,21.48094,18.628927,19.110506,20.009281,21.765406,24.404776,21.83878,20.800406,18.905165,16.876667,17.071228,18.125658,17.797474,20.517496,18.862553,18.120127,15.660024,15.000447,16.218729,14.894561,15.747357,15.954695,16.064722,15.416787,14.982651,16.387049,17.079546,16.629385,16.041101,16.156796,16.270702,16.12123,1.0686554,2.376203,7.0553617,0.7763375,31.24702,29.94457,38.071087,16.829718,20.707342,21.034088,18.308033,15.648648,16.221033,56.11
4446040.518,658006.6194,82.486885,1.2578157,0.8321734,28.006655,34.779312,31.495804,25.383533,22.0458,29.69436,28.671686,28.113476,29.438759,30.554823,41.430332,35.546654,39.83557,44.556072,47.012417,2.503263,2.2290664,6.2631116,7.7358575,1382.83,75.947296,-0.080566406,0.5904687,-0.004516602,0,15,0.6302911,0.41940805,0.33034322,0.23648141,0.65905726,0.9926488,2.1661325,18.5025,16.115099,16.226257,14.745376,16.959185,19.038836,16.220774,16.65045,22.354965,17.540075,18.963589,16.568705,22.4372,24.210522,22.876345,20.241564,21.48094,18.628927,19.110506,20.009281,21.765406,24.404776,21.83878,20.800406,18.905165,16.876667,17.071228,18.125658,17.797474,20.517496,18.862553,18.120127,15.660024,15.000447,16.218729,14.894561,15.747357,15.954695,16.064722,15.416787,14.982651,16.387049,17.079546,16.629385,16.041101,16.156796,16.270702,16.12123,1.0449946,2.3661647,6.9994845,0.7763375,31.392982,29.183023,38.488495,16.829718,20.707342,21.034088,18.308033,15.648648,16.221033,56.11
4446040.518,658011.4993,84.60783,1.2678965,0.7948927,28.25433,35.320515,32.271057,25.718338,22.106981,28.963055,27.700985,27.475523,28.981094,30.569172,42.006527,35.694904,39.55191,44.705486,47.101322,2.4991233,2.2562318,6.202889,7.679439,1382.79,76.98966,0.12060547,0.5731751,0.006713867,0,15,0.6302911,0.41940805,0.33034322,0.23648141,0.65905726,0.9926488,2.1661325,18.59751,15.723227,15.521163,14.913348,17.095734,19.183157,15.95366,16.563713,22.23932,17.641186,19.079254,16.701904,22.801888,24.092224,23.777939,20.318863,21.36047,18.408342,19.683733,20.469107,20.56357,24.026016,22.05798,20.662039,18.96342,16.254143,18.731354,18.29946,17.476976,19.518818,17.509253,18.165464,14.851863,15.044477,17.005163,15.014201,15.412228,16.364529,15.942809,15.501699,15.327464,17.308289,16.487421,16.528294,16.092321,16.874578,16.699457,16.377127,1.0313946,2.3776774,6.941164,0.7763375,31.787422,28.33202,38.850716,16.712543,20.904816,20.93846,18.107632,15.662181,16.473976,56.11
4446040.518,658016.3791,97.87271,1.2577254,0.7650155,28.315994,35.65332,32.90756,26.05392,22.25914,28.320814,27.744804,27.260273,28.638956,30.664701,42.532642,35.32092,39.447914,44.48545,46.940723,2.485335,2.2375407,6.146886,7.63387,1382.74,79.28688,0.080078125,0.5398981,0.003295898,0,15,0.6302911,0.41940805,0.33034322,0.23648141,0.65905726,0.9926488,2.1661325,19.44759,16.482035,15.836935,15.620003,17.931412,20.141542,17.966145,17.305317,21.6742,16.766867,18.286352,15.946772,22.41864,23.046225,23.35159,19.645893,20.139969,14.99861,17.257719,16.457884,19.859861,20.260025,16.551289,17.864048,17.91114,15.392906,16.720852,16.969368,17.403858,17.84157,15.977992,16.91022,15.447237,16.029072,17.085634,15.862242,15.273231,16.455006,17.433985,15.9827585,15.73095,16.653318,16.351717,16.316303,15.982645,15.746809,16.892982,16.148413,1.0113704,2.3614378,6.890378,0.7763375,31.984657,28.03281,38.92678,17.632236,20.21295,17.932194,16.888239,16.22663,16.239246,56.11
4446040.518,658021.2589,104.56365,1.2281973,0.7438447,27.746601,35.273346,33.578533,26.371086,22.196114,27.664085,28.191448,27.241312,28.281513,30.904896,43.14134,34.88456,39.220047,44.529762,46.593204,2.4679573,2.198511,6.0835886,7.5864177,1382.69,83.28061,-0.080566406,0.4901452,-0.002319336,0,15,0.63377136,0.41312298,0.32390022,0.23677081,0.657833,0.97931415,2.174106,19.44759,16.482035,15.836935,15.620003,17.931412,20.141542,17.966145,17.305317,21.6742,16.766867,18.286352,15.946772,22.41864,23.046225,23.35159,19.645893,20.139969,14.99861,17.257719,16.457884,19.859861,20.260025,16.551289,17.864048,17.91114,15.392906,16.720852,16.969368,17.403858,17.84157,15.977992,16.91022,15.447237,16.029072,17.085634,15.862242,15.273231,16.455006,17.433985,15.9827585,15.73095,16.653318,16.351717,16.316303,15.982645,15.746809,16.892982,16.148413,0.98602104,2.333234,6.835003,0.77411693,31.509974,27.927767,39.012947,17.632236,20.21295,17.932194,16.888239,16.22663,16.239246,56.11
4446040.518,658026.1388,125.098885,1.2204636,0.7259159,27.778784,35.30541,34.45423,26.761831,22.295221,26.347042,27.600182,26.66628,27.75356,31.199398,44.237473,34.67113,39.173946,44.792866,46.092678,2.4783769,2.199179,5.990218,7.5102544,1382.65,91.73827,0.000488281,0.47265917,-0.001098633,0,15,0.63377136,0.41312298,0.32390022,0.23677081,0.657833,0.97931415,2.174106,19.435205,17.037712,14.783101,15.419324,18.090807,20.538273,18.048977,17.33805,21.350115,16.767134,18.704441,16.09744,21.468721,23.466875,23.373442,19.623083,20.028797,15.472689,16.291985,17.22999,20.021927,20.23563,16.96879,17.942099,17.202229,15.492631,15.899395,15.430189,16.803091,17.927673,16.211954,16.398191,15.443268,14.945715,15.370894,15.413722,14.845851,16.13743,17.569197,15.359267,15.498594,15.9965,15.964544,16.509304,15.741946,16.739904,17.157906,16.056774,0.9731898,2.338778,6.7502365,0.77411693,31.542095,26.973612,39.4543,17.621914,20.175451,18.035686,16.42388,15.675154,16.229815,56.11
4446040.518,658031.0186,126.11832,1.2113672,0.76202613,27.710587,35.283825,34.613987,26.777699,22.168972,27.70828,28.104292,26.960335,28.37031,31.817577,43.26003,34.705524,38.741077,44.03758,45.807533,2.435402,2.1990807,6.051935,7.5495963,1382.61,98.11891,0.03955078,0.5063653,0.002197266,0,15,0.63377136,0.41312298,0.32390022,0.23677081,0.657833,0.97931415,2.174106,20.629923,17.902727,15.651044,15.911385,19.26721,21.615644,19.715014,18.281946,21.316319,16.735052,18.680252,16.069798,21.415768,23.344034,23.207838,19.571358,20.082655,15.549269,16.344898,17.272465,20.057938,20.286514,17.028706,17.996716,17.207962,15.487723,15.904669,15.427836,16.808107,17.927967,16.21196,16.399761,15.427132,14.940336,15.35207,15.381452,14.831732,16.132051,17.569197,15.344848,15.498594,15.9965,15.964544,16.509304,15.741946,16.739904,17.157906,16.056774,0.9866967,2.3172412,6.800766,0.77411693,31.497206,27.906286,38.982777,18.670422,20.109865,18.088919,16.425175,15.661995,16.229815,56.11
4446040.518,658035.8984,117.09888,1.197182,0.80075777,27.735447,35.339924,34.97519,26.879026,22.254045,28.477892,28.04236,27.14413,28.780252,32.485542,42.748547,34.850773,38.18803,43.51846,45.283524,2.3967135,2.1708097,6.078164,7.554364,1382.56,99.4371,-0.07910156,0.52252364,-0.004394531,0,15,0.63377136,0.41312298,0.32390022,0.23677081,0.657833,0.97931415,2.174106,20.651655,17.70017,17.10332,16.169569,19.664083,20.457102,19.476025,18.386194,21.595167,17.30598,17.023426,16.158215,22.220592,23.08425,21.150278,19.251263,19.553396,14.951216,15.043436,15.79891,19.527115,20.845654,16.151186,17.192904,17.59296,16.103039,15.633233,15.0394125,17.176582,17.696255,15.604637,16.328444,15.614241,15.930496,15.085916,14.922673,15.643236,16.04782,16.912683,15.484548,15.504648,16.462786,15.9827795,16.219114,15.484441,17.517973,17.357882,16.195087,0.9989699,2.2837615,6.816264,0.77411693,31.537685,28.260126,38.79966,18.745989,19.791128,17.41013,16.40659,15.736724,16.361376,56.11
4446040.518,658040.7783,112.37544,1.1787403,0.8460761,27.64822,35.14309,35.33242,27.024363,22.301487,29.045128,28.076723,27.212551,29.15321,33.233047,42.437733,34.908493,37.90255,43.013958,44.642536,2.3768883,2.165856,6.0938296,7.5565405,1382.52,101.96016,0,0.48346072,-0.001098633,0,15,0.63377136,0.41312298,0.32390022,0.23677081,0.657833,0.97931415,2.174106,19.21176,16.797012,16.526663,15.238364,19.34958,20.36763,18.818577,17.741655,21.538054,16.312489,17.826647,15.982798,21.954357,22.165928,21.154362,19.011784,19.637209,17.427132,16.584473,17.41197,19.61017,19.357393,16.290075,17.881584,16.252617,14.771494,15.116853,14.580676,16.177324,16.401873,15.468816,15.350793,14.928404,15.489373,14.681211,14.948059,16.05898,16.01919,16.493822,15.295765,15.398166,15.690763,16.345078,15.759858,16.324675,16.828976,16.999935,16.035637,1.0124081,2.271372,6.825185,0.77411693,31.395655,28.560925,38.67311,18.044226,19.562088,18.045488,15.538522,15.517006,16.192493,56.11
4446040.518,658045.6581,114.38305,1.1587276,0.8947969,27.934359,35.208324,35.80385,27.234873,22.175344,29.519123,28.033993,27.163332,29.554848,34.154804,42.134754,34.90789,37.354843,42.49163,43.835377,2.357278,2.130706,6.1066103,7.5548844,1382.48,101.96016,0,0.48346072,0.001098633,0,15,0.63377136,0.41312298,0.32390022,0.23677081,0.657833,0.97931415,2.174106,19.21176,16.797012,16.526663,15.238364,19.34958,20.36763,18.818577,17.741655,21.538054,16.312489,17.826647,15.982798,21.954357,22.165928,21.154362,19.011784,19.637209,17.427132,16.584473,17.41197,19.61017,19.357393,16.290075,17.881584,16.252617,14.771494,15.116853,14.580676,16.177324,16.401873,15.468816,15.350793,14.928404,15.489373,14.681211,14.948059,16.05898,16.01919,16.493822,15.295765,15.398166,15.690763,16.345078,15.759858,16.324675,16.828976,16.999935,16.035637,1.0267622,2.243992,6.8307476,0.77411693,31.571342,28.776558,38.521324,18.044226,19.562088,18.045488,15.538522,15.517006,16.192493,56.11
4446040.518,658050.5379,107.77341,1.1425899,0.9304517,28.014423,35.201458,36.13881,27.44679,22.272104,30.142344,28.16189,27.281548,30.10971,35.18719,41.763035,34.84926,36.85875,41.834564,42.811047,2.340927,2.13342,6.1308126,7.5681033,1382.44,96.310326,0.07910156,0.5185942,0.004394531,0,15,0.60660005,0.42976186,0.3300133,0.23076953,0.6835768,1.1204847,2.1759193,19.950735,17.234077,17.773022,15.873099,20.11877,21.946392,20.302282,18.681639,21.145731,15.955745,17.961939,15.978717,21.846088,22.552334,21.549875,19.003428,18.869528,17.581678,17.362185,17.010271,18.967375,19.639753,16.731464,17.858725,16.544928,14.788977,15.509451,14.695559,16.509457,17.431643,15.218896,15.680751,13.618797,15.176145,14.744012,14.969077,15.443,15.333777,16.329891,14.905877,15.429731,15.956065,16.1517,15.393058,15.771867,17.223866,16.893541,15.970126,1.0365208,2.2371736,6.8494577,0.79673225,31.60794,29.152117,38.306145,19.02834,19.570063,18.02318,15.81413,15.087814,16.117117,56.11
4446040.518,658055.4178,99.44524,1.1211029,0.9544923,27.867043,35.327797,36.32956,27.70309,22.478907,30.887451,28.603363,27.748707,30.896059,36.41158,41.318035,34.54043,36.221767,40.918724,41.544933,2.3208902,2.120062,6.161302,7.575697,1382.39,91.452255,0.000488281,0.5588166,0.001098633,0,15,0.60660005,0.42976186,0.3300133,0.23076953,0.6835768,1.1204847,2.1759193,19.932957,17.604092,17.978024,16.094347,20.177528,22.115828,20.12192,18.814583,20.304995,16.83005,19.008429,15.492286,21.906862,23.171293,22.014278,19.306408,19.544071,18.376232,18.012268,16.481043,19.877224,20.152363,17.650593,18.477352,15.883517,15.471052,16.290808,14.875041,16.75716,17.49808,14.832489,15.961823,14.972107,14.435275,14.801978,14.351312,15.354791,16.340736,15.726939,15.024307,15.150613,15.912827,16.11534,15.428397,15.800158,15.848414,16.312654,15.682905,1.0377976,2.2204762,6.8684998,0.79673225,31.59742,29.745407,37.92923,19.146387,19.818314,18.584826,15.944021,15.140449,15.7954855,56.11
4446040.518,658060.2976,110.53199,1.1116939,0.95887774,27.827179,35.313313,36.303783,28.00066,22.582138,31.752602,28.920736,28.234888,32.022133,37.94569,40.774586,34.45491,35.699165,39.732132,39.93084,2.2998445,2.1143532,6.217031,7.5889754,1382.34,91.274414,0.03955078,0.64463985,0.004394531,0,15,0.60660005,0.42976186,0.3300133,0.23076953,0.6835768,1.1204847,2.1759193,19.932957,17.604092,17.978024,16.097046,20.367714,22.452301,20.505938,18.897715,20.237366,16.75602,18.870533,15.4177065,21.76852,23.172373,21.94814,19.217096,19.22854,18.091808,17.692314,16.194384,19.668308,19.964916,17.429966,18.21478,15.876517,15.462205,16.281618,14.871541,16.74339,17.48408,14.816748,15.952166,14.972107,14.435275,14.801978,14.351312,15.354791,16.340736,15.726939,15.024307,15.150613,15.912827,16.11534,15.428397,15.800158,15.848414,16.312654,15.682905,1.0352858,2.207099,6.903003,0.79673225,31.570246,30.33667,37.614746,19.276869,19.738665,18.32432,15.933728,15.140449,15.7954855,56.11
4446040.518,658065.1774,114.450325,1.1020585,0.9468328,27.78535,35.295666,36.107338,28.322754,22.706005,32.750984,29.318598,28.86993,33.44323,39.716187,40.128338,34.361523,35.13285,38.305573,38.05718,2.2745588,2.1076474,6.290037,7.6045504,1382.28,93.015366,0.12060547,0.8176394,0.008911133,0,15,0.60660005,0.42976186,0.3300133,0.23076953,0.6835768,1.1204847,2.1759193,20.15501,17.690722,17.304882,16.22072,20.579624,23.18869,20.337427,19.001993,21.085459,16.749979,18.786745,15.403184,21.689987,23.432251,22.182724,19.44166,18.232407,18.241829,18.502115,16.24801,19.462759,19.713964,17.913319,18.295624,15.774367,15.33019,15.491278,14.691957,16.763405,17.73505,15.772708,15.944896,13.999054,14.379976,15.512221,14.855454,15.676923,16.053822,15.606661,15.080637,15.085576,15.348909,15.564909,15.061755,14.976374,15.218035,16.242706,15.211272,1.0244457,2.191103,6.9472938,0.79673225,31.540508,31.03479,37.24493,19.353868,19.904331,18.33063,15.936992,15.154872,15.356895,56.11
4446040.518,658070.0573,115.29775,1.0912015,0.926645,27.804956,35.084824,35.80542,28.661448,22.749771,33.836987,29.765196,29.68004,35.046455,41.58432,39.399387,34.30334,34.50558,36.63719,36.04372,2.2431362,2.0814981,6.37137,7.6211076,1382.2,94.541275,0.03955078,0.9053576,0.002197266,0,15,0.60660005,0.42976186,0.3300133,0.23076953,0.6835768,1.1204847,2.1759193,19.79393,15.99294,16.583853,16.68005,19.970846,22.040379,20.478176,18.36946,21.122938,16.240587,18.227556,15.848063,21.351686,23.115528,22.569212,19.250534,17.786867,16.483963,17.875319,14.199792,16.842073,19.812105,18.556995,17.159126,14.300408,15.029382,15.012199,14.037816,15.784819,18.1562,15.597857,15.377818,14.212046,13.975489,15.589024,13.494264,14.287956,16.541224,15.117133,14.637648,15.163195,15.2362995,15.590689,14.44839,14.97292,15.40082,15.977492,15.148596,1.0089233,2.1623173,6.9962387,0.79673225,31.44489,31.80109,36.851364,18.791454,19.782225,17.365301,15.416953,14.745305,15.255686,56.11
4446035.535,657923.6623,87.408195,1.1915569,1.7993078,27.58031,30.775784,23.451303,22.455462,22.527592,39.913895,34.75505,36.43695,40.151455,40.957157,32.6598,34.601086,39.24083,38.072285,37.07045,2.3653007,2.1132045,7.1591177,8.207179,1384.46,69.6336,0.31933594,1.0695246,0.019897461,0,15,0.5905221,0.39148977,0.30153626,0.23209184,0.66439325,0.7665854,1.461557,19.21518,13.924754,17.064291,15.136122,18.478271,21.038021,18.044468,17.366152,22.531023,17.966892,19.643755,17.184887,23.199078,24.603893,22.644094,20.781805,21.599476,18.673365,19.030645,20.18482,22.00258,22.40433,22.715939,20.743216,20.730906,21.04415,19.386957,20.07316,20.45003,21.484135,19.587084,20.53295,16.0424,14.214399,15.665992,14.029631,15.530435,16.650341,16.099045,15.299428,16.646872,16.743437,17.277565,16.480494,17.265125,17.554018,18.002735,17.040997,1.4954324,2.2392526,7.6831484,0.62973934,29.178047,37.334473,33.630444,17.5573,21.110518,20.944452,20.393772,15.461748,17.138607,56.11
4446035.535,657928.5421,82.801155,1.1963118,1.8183204,27.339718,30.515795,23.57865,22.441893,22.4871,40.525524,35.404396,36.97214,40.893265,42.02625,32.177906,34.102398,38.677635,37.459183,35.937553,2.3901954,2.1196787,7.1778703,8.205159,1384.36,69.59743,0.2397461,1.3138715,0.017700195,0,15,0.5905221,0.39148977,0.30153626,0.23209184,0.66439325,0.7665854,1.461557,19.21518,13.924754,17.064291,15.136122,18.478271,21.038021,18.044468,17.366152,22.531023,17.966892,19.643755,17.184887,23.199078,24.603893,22.644094,20.781805,21.599476,18.673365,19.030645,20.18482,22.00258,22.40433,22.715939,20.743216,20.730906,21.04415,19.386957,20.07316,20.45003,21.484135,19.587084,20.53295,16.0424,14.214399,15.665992,14.029631,15.530435,16.650341,16.099045,15.299428,16.646872,16.743437,17.277565,16.480494,17.265125,17.554018,18.002735,17.040997,1.5073161,2.2549372,7.691515,0.62973934,28.927757,37.96496,33.140152,17.5573,21.110518,20.944452,20.393772,15.461748,17.138607,56.11
4446035.535,657933.4219,82.24645,1.2123092,1.8339604,27.459265,30.517586,23.886621,22.524223,22.365065,40.727814,35.34332,37.018486,41.389828,42.75881,32.02031,33.979923,38.25161,36.956253,35.163967,2.4095209,2.1187465,7.1830325,8.18549,1384.24,68.19993,0.079589844,1.3882154,0.004394531,0,15,0.5989566,0.4231321,0.33513665,0.23205581,0.65781134,0.99821067,2.1798403,17.752289,14.537248,17.013628,14.927564,18.502903,20.731953,18.215597,17.174486,22.27272,18.167048,20.180002,17.089853,23.415186,24.9911,22.424662,20.922865,21.78603,19.83971,19.011343,20.1147,22.925066,22.81708,22.0672,21.052917,20.271927,21.2034,20.403814,20.047365,20.315012,22.968893,19.22034,20.79975,15.593286,14.513854,16.772274,14.970042,15.713771,16.648043,16.127544,15.636179,17.411615,17.073606,18.654816,16.770048,17.009172,17.25511,17.882345,17.375603,1.5231348,2.2641337,7.6842613,0.7750205,28.988426,38.03557,33.000114,17.383024,21.220081,21.223019,20.632965,15.762687,17.436674,56.11
4446035.535,657938.3018,84.63994,1.2211378,1.8442461,27.449862,30.522459,24.293926,22.743807,22.429245,40.66368,35.31433,36.955376,41.45074,42.983067,32.164406,33.891155,37.981663,36.745205,34.79949,2.4392557,2.120139,7.2114315,8.16901,1384.12,69.3657,-0.12011719,1.4232318,0,0,15,0.5989566,0.4231321,0.33513665,0.23205581,0.65781134,0.99821067,2.1798403,17.894613,16.573849,16.08305,14.437772,18.398127,20.883509,17.431889,17.248632,21.943396,17.945137,20.59768,17.466602,23.76844,25.156006,23.291304,21.052328,20.087158,21.765644,20.058775,18.934128,21.323765,22.665192,23.471884,20.802864,19.80836,22.026423,20.217976,19.92984,19.3364,22.344265,20.506758,20.59145,15.705198,14.892729,15.879502,14.210492,16.151115,16.83662,16.639584,15.58016,16.57351,17.699955,18.057419,16.554752,16.78765,17.205164,18.251781,17.185602,1.532692,2.2796974,7.690221,0.7750205,28.98616,37.989006,33.02778,17.386114,21.452652,21.186647,20.595718,15.759321,17.30432,56.11
4446035.535,657943.1816,97.17098,1.2326136,1.8470347,27.50151,31.178085,24.822052,23.06197,22.56729,40.329166,34.92098,36.61246,41.231216,42.914074,32.558464,33.83421,37.749756,36.65618,34.671494,2.462295,2.1321034,7.2451267,8.149903,1384.01,69.48888,0.20019531,1.5136882,0.008911133,0,15,0.5989566,0.4231321,0.33513665,0.23205581,0.65781134,0.99821067,2.1798403,17.894613,16.573849,16.08305,14.437772,18.398127,20.883509,17.431889,17.248632,21.943396,17.945137,20.59768,17.466602,23.76844,25.156006,23.291304,21.052328,20.087158,21.765644,20.058775,18.934128,21.323765,22.665192,23.471884,20.802864,19.80836,22.026423,20.217976,19.92984,19.3364,22.344265,20.506758,20.59145,15.705198,14.892729,15.879502,14.210492,16.151115,16.83662,16.639584,15.58016,16.57351,17.699955,18.057419,16.554752,16.78765,17.205164,18.251781,17.185602,1.5398241,2.2971992,7.697515,0.7750205,29.339798,37.625072,33.196335,17.386114,21.452652,21.186647,20.595718,15.759321,17.30432,56.11
4446035.535,657948.0614,71.60409,1.2409334,1.8472905,27.500483,31.189997,25.317888,23.446075,22.64934,39.79005,34.698906,36.145184,40.82594,42.679203,33.15256,33.889397,37.809265,36.700386,34.659843,2.4911523,2.1343791,7.2844644,8.129091,1383.88,66.91852,0.040039062,1.572229,0.004394531,0,15,0.5989566,0.4231321,0.33513665,0.23205581,0.65781134,0.99821067,2.1798403,19.082975,16.43118,16.233606,14.665904,18.81992,20.541782,19.089476,17.58673,22.422153,18.396898,20.38338,16.933071,23.9867,24.601395,22.768398,20.94645,21.76096,19.587461,19.705227,17.992168,21.558764,23.432606,20.88024,20.495926,21.193258,20.814472,21.026026,19.003216,19.648195,22.099325,18.305882,20.460215,16.467785,15.593974,15.134471,14.692472,16.957714,16.608866,16.90669,15.872551,17.107561,17.845507,18.437305,16.37204,17.54684,17.534,18.121338,17.460545,1.544112,2.3127656,7.7067776,0.7750205,29.34524,37.244476,33.52098,17.837833,21.356,20.702488,20.298626,16.05171,17.56637,56.11
4446035.535,657952.9413,85.618515,1.2417955,1.8416276,27.65365,32.29509,25.800343,23.894354,22.591074,39.150215,34.0096,35.470684,40.358086,42.43809,33.838013,33.883377,38.017365,36.749214,34.606014,2.4861562,2.1598287,7.327817,8.096151,1383.75,65.96431,0,1.5836821,-0.001098633,0,15,0.5989566,0.4231321,0.33513665,0.23205581,0.65781134,0.99821067,2.1798403,19.16208,16.040077,16.487732,15.439153,18.619152,21.304337,17.682346,17.685894,23.254948,17.69456,19.018257,16.808321,23.52044,23.866337,23.431688,20.607153,22.58341,19.184244,18.558939,18.746235,21.818672,23.237967,21.027935,20.450047,21.168858,20.125376,20.205153,19.998642,20.349033,21.96459,18.673143,20.51714,16.173216,15.826823,15.4645605,15.565791,16.775381,16.585306,17.001587,16.099834,16.600657,17.796871,17.665573,17.205488,16.973442,17.58099,18.270512,17.321354,1.5417116,2.3229923,7.711984,0.7750205,29.97437,36.57991,33.860695,17.81927,21.084934,20.736773,20.35497,16.198952,17.441935,56.11
4446035.535,657957.8211,38.0634,1.2479945,1.8270073,27.657358,32.30869,26.180698,24.42401,22.747585,38.524452,33.73613,34.914425,39.931057,42.381218,34.533752,33.97566,38.25559,36.66233,34.218754,2.509117,2.161824,7.39392,8.078011,1383.62,67.88647,-0.080078125,1.561218,-0.005615234,0,15,0.5989566,0.4231321,0.33513665,0.23205581,0.65781134,0.99821067,2.1798403,19.16208,16.040077,16.487732,15.439153,18.619152,21.304337,17.682346,17.685894,23.254948,17.69456,19.018257,16.808321,23.52044,23.866337,23.431688,20.607153,22.58341,19.184244,18.558939,18.746235,21.818672,23.237967,21.027935,20.450047,21.168858,20.125376,20.205153,19.998642,20.349033,21.96459,18.673143,20.51714,16.173216,15.826823,15.4645605,15.565791,16.775381,16.585306,17.001587,16.099834,16.600657,17.796871,17.665573,17.205488,16.973442,17.58099,18.270512,17.321354,1.5375009,2.3354704,7.7359653,0.7750205,29.983025,36.13029,34.254707,17.81927,21.084934,20.736773,20.35497,16.198952,17.441935,56.11
4446035.535,657962.7009,100.55548,1.2530196,1.7895734,27.662817,32.32286,26.52006,24.936117,22.90749,37.856045,33.44831,34.347305,39.417,42.188007,35.24705,34.07378,38.53665,36.61997,33.962166,2.5274072,2.1637678,7.4420643,8.059258,1383.49,68.293304,-0.24023438,1.4335821,-0.016723633,0,15,0.62587625,0.42645448,0.34063992,0.23719388,0.6571154,1.0139691,2.1687894,19.338223,16.01312,17.30205,15.00987,18.255896,21.193354,18.298199,17.763142,22.454071,17.790327,19.705515,16.828398,23.48227,24.286259,24.617981,20.717335,22.234531,18.840694,18.008888,19.07649,21.226706,23.987158,22.44313,20.317474,20.710829,19.396608,19.785408,19.75299,20.40398,22.802826,17.809483,20.230368,16.212854,16.022291,16.027615,13.830394,17.239649,16.994623,16.638775,16.027313,16.818111,17.46016,17.760836,16.438845,17.165104,17.743414,18.46182,17.297022,1.5212965,2.3455875,7.7506614,0.78143406,29.99284,35.652176,34.660416,17.915815,21.309261,20.831085,20.09459,16.13803,17.406898,56.11
4446035.535,657967.5808,71.19584,1.2554821,1.6742876,27.70594,32.33823,27.135992,24.841997,22.683388,36.69734,33.047707,33.63622,37.90448,40.10479,36.08085,34.318783,38.726395,37.97044,36.46803,2.5245466,2.1647105,7.25887,8.0232315,1383.39,66.44735,-0.079589844,1.2184734,-0.008911133,0,15,0.62587625,0.42645448,0.34063992,0.23719388,0.6571154,1.0139691,2.1687894,19.638828,16.482555,16.500425,15.559286,18.708857,21.499527,18.586243,17.952284,23.573809,18.12136,19.50341,17.046423,23.271355,23.87564,24.373505,20.816587,22.217905,19.666986,18.795073,21.699757,21.538784,24.109152,22.624615,21.063808,22.011662,21.076702,20.375523,20.246761,21.051868,22.805387,17.70901,20.909397,15.863118,15.287984,16.184877,14.542092,17.620514,16.9637,17.081335,16.108486,17.182247,17.206038,18.170052,17.793793,17.33467,17.868773,18.494856,17.61509,1.4648848,2.3446286,7.641051,0.78143406,30.022085,34.87252,35.199814,18.139389,21.395071,21.521753,20.753845,16.220516,17.72149,56.11
4446035.535,657972.4606,76.59366,1.276929,1.5353676,27.902681,33.059967,27.82669,24.745909,22.676275,35.62921,32.699978,33.04644,36.39434,37.96278,36.82249,34.198174,38.2301,39.136395,38.967422,2.5455618,2.166604,7.0611305,7.976784,1383.3,68.76356,-0.07910156,1.1062772,-0.002197266,0,15,0.62587625,0.42645448,0.34063992,0.23719388,0.6571154,1.0139691,2.1687894,19.638828,16.482555,16.500425,15.559286,18.708857,21.499527,18.586243,17.952284,23.573809,18.12136,19.50341,17.046423,23.271355,23.87564,24.373505,20.816587,22.217905,19.666986,18.795073,21.699757,21.538784,24.109152,22.624615,21.063808,22.011662,21.076702,20.375523,20.246761,21.051868,22.805387,17.70901,20.909397,15.863118,15.287984,16.184877,14.542092,17.620514,16.9637,17.081335,16.108486,17.182247,17.206038,18.170052,17.793793,17.33467,17.868773,18.494856,17.61509,1.4061483,2.356083,7.518957,0.78143406,30.481323,34.164597,35.51033,18.139389,21.395071,21.521753,20.753845,16.220516,17.72149,56.11
4446035.535,657977.3404,73.90141,1.2586836,1.3917989,27.75597,33.915367,28.28704,24.718168,22.320704,34.53565,32.14226,32.375267,34.93519,36.03944,37.63048,34.26877,38.64815,40.36665,41.186546,2.5310786,2.214138,6.8832593,7.945194,1383.22,73.96481,0.19921875,1.0880009,0.008911133,0,15,0.62587625,0.42645448,0.34063992,0.23719388,0.6571154,1.0139691,2.1687894,18.850725,16.332458,17.191967,15.946479,17.360458,20.581879,17.24731,17.538294,22.55922,17.554441,18.694895,16.551342,21.86962,22.451403,23.194475,19.876272,20.53417,18.794773,18.74335,20.458603,22.078157,22.837143,21.515427,20.394505,18.119984,17.768177,17.77342,18.34083,18.084435,17.884705,17.520433,17.861843,15.595863,14.860316,16.058968,13.890113,15.509189,15.872543,16.343964,15.369323,14.911811,15.783661,16.190666,16.18034,16.285252,16.630909,16.118567,15.964744,1.3252412,2.3726082,7.4142265,0.78143406,30.835669,33.338955,35.949623,17.644468,20.41077,20.708801,17.927425,15.44728,16.014458,56.11
4446035.535,657982.2203,84.952,1.2552805,1.2504646,27.796938,33.93441,28.699293,24.738972,22.161774,33.478687,31.702778,31.72056,33.60796,34.400455,38.398643,34.496986,38.9364,41.441307,43.120785,2.5187464,2.2187736,6.7216263,7.9107776,1383.12,76.152374,-0.080078125,1.0175643,-0.003295898,0,15,0.62587625,0.42645448,0.34063992,0.23719388,0.6571154,1.0139691,2.1687894,19.015268,15.64919,17.66258,15.920461,17.260563,18.784151,17.863031,17.293312,21.698637,17.703089,19.102606,16.84663,22.142475,23.000584,22.606771,19.971558,20.174665,20.040396,20.069372,20.562489,22.218142,23.743565,22.715683,21.05633,18.052134,18.111607,17.545124,18.712267,17.990255,19.048006,18.579834,18.12416,16.02307,14.273053,15.629364,14.180037,16.11651,15.829406,17.085306,15.412448,15.631552,16.46683,16.22191,16.070244,16.156242,16.855822,16.411684,16.176163,1.2528725,2.36876,7.316202,0.78143406,30.865673,32.590733,36.447815,17.45075,20.442968,21.360615,18.291319,15.590963,16.259182,56.11
4446035.535,657987.1001,85.356445,1.2552805,1.2504646,27.796938,33.93441,28.699293,24.738972,22.161774,33.478687,31.702778,31.72056,33.60796,34.400455,38.398643,34.496986,38.9364,41.441307,43.120785,2.5187464,2.2187736,6.7216263,7.9107776,1383.12,76.152374,-0.080078125,1.0175643,-0.003295898,0,15,0.62587625,0.42645448,0.34063992,0.23719388,0.6571154,1.0139691,2.1687894,19.015268,15.64919,17.66258,15.920461,17.260563,18.784151,17.863031,17.293312,21.698637,17.703089,19.102606,16.84663,22.142475,23.000584,22.606771,19.971558,20.174665,20.040396,20.069372,20.562489,22.218142,23.743565,22.715683,21.05633,18.052134,18.111607,17.545124,18.712267,17.990255,19.048006,18.579834,18.12416,16.02307,14.273053,15.629364,14.180037,16.11651,15.829406,17.085306,15.412448,15.631552,16.46683,16.22191,16.070244,16.156242,16.855822,16.411684,16.176163,1.2528725,2.36876,7.316202,0.78143406,30.865673,32.590733,36.447815,17.45075,20.442968,21.360615,18.291319,15.590963,16.259182,56.11
4446035.535,657991.9799,97.358604,1.2559749,1.118863,27.943241,34.467117,29.16987,24.81582,22.063585,32.36399,30.342756,30.755947,32.40697,33.03835,39.23126,35.147633,39.247646,42.44236,44.76172,2.5101774,2.2318575,6.5733647,7.868443,1383.04,76.99596,0.000488281,0.9556893,0.001098633,0,15,0.6302911,0.41940805,0.33034322,0.23648141,0.65905726,0.9926488,2.1661325,19.015268,15.64919,17.66258,15.920461,17.260563,18.784151,17.863031,17.293312,21.698637,17.703089,19.102606,16.84663,22.142475,23.000584,22.606771,19.971558,20.174665,20.040396,20.069372,20.562489,22.218142,23.743565,22.715683,21.05633,18.052134,18.111607,17.545124,18.712267,17.990255,19.048006,18.579834,18.12416,16.02307,14.273053,15.629364,14.180037,16.11651,15.829406,17.085306,15.412448,15.631552,16.46683,16.22191,16.070244,16.156242,16.855822,16.411684,16.176163,1.1874189,2.3710175,7.220904,0.7763375,31.20518,31.353374,37.189445,17.45075,20.442968,21.360615,18.291319,15.590963,16.259182,56.11
4446035.535,657996.8598,99.30445,1.2516015,1.0062302,27.977448,34.48578,29.621944,24.943657,21.958412,31.50325,29.983807,30.207159,31.417166,32.02449,39.85418,35.241276,39.417267,43.161705,45.974667,2.4940598,2.2365153,6.4508266,7.8297415,1382.96,78.30106,-0.040527344,0.8484655,-0.003417969,0,15,0.6302911,0.41940805,0.33034322,0.23648141,0.65905726,0.9926488,2.1661325,17.365824,14.421491,16.318605,14.826949,17.140926,19.315931,16.559635,16.44343,21.648352,17.418499,18.918999,16.823206,23.058266,22.904562,22.997509,20.071367,20.389378,19.085827,20.669054,19.94319,21.043324,23.784594,22.364225,20.776821,17.42873,17.21369,17.105867,17.448505,17.154722,18.637568,18.121851,17.42254,15.296651,14.489345,14.274858,13.649152,15.981836,16.365376,16.919254,15.05355,15.398054,16.014359,15.777557,16.051939,15.504647,16.404758,16.6261,15.858708,1.1289158,2.3652875,7.140284,0.7763375,31.231613,30.743528,37.54773,16.564194,20.538485,21.039942,17.587276,15.282353,15.968203,56.11
4446035.535,658001.7396,89.201515,1.2476875,0.9233248,28.006794,34.506027,30.215452,25.129725,21.910795,30.716164,29.620617,29.611876,30.622564,31.388613,40.433414,35.26293,39.534916,43.68014,46.662025,2.4758723,2.2415984,6.35289,7.7847657,1382.9,78.67811,0.040527344,0.65726995,0.002319336,0,15,0.6302911,0.41940805,0.33034322,0.23648141,0.65905726,0.9926488,2.1661325,18.18291,14.78192,16.201996,14.6490345,16.249521,19.268427,16.820288,16.422512,21.987896,17.240555,19.003733,16.548822,22.480927,23.805176,22.987263,20.057905,21.013367,18.56068,20.63429,19.496616,22.737156,25.168047,21.208815,21.0377,19.035067,17.109354,18.262827,17.784962,18.291973,19.255384,18.208555,18.238537,15.181883,14.710658,15.4536495,14.712682,15.502916,16.479408,15.950441,15.208723,15.7074175,16.399363,15.648954,15.922454,15.513176,17.26826,16.635883,15.980308,1.0855062,2.3587353,7.0688276,0.7763375,31.25641,30.16839,37.848175,16.593443,20.579195,21.259853,18.278305,15.427377,16.1565,56.11
4446035.535,658006.6194,72.70563,1.2431482,0.86369115,28.195728,34.973946,30.90799,25.368727,21.948896,29.98986,29.159098,29.032465,29.97515,31.087585,40.96589,35.183792,39.58829,44.091366,46.9396,2.4557092,2.220354,6.2734776,7.739079,1382.85,81.86057,0.119628906,0.60759187,0.00769043,0,15,0.6302911,0.41940805,0.33034322,0.23648141,0.65905726,0.9926488,2.1661325,18.18291,14.78192,16.201996,14.6490345,16.249521,19.268427,16.820288,16.422512,21.987896,17.240555,19.003733,16.548822,22.480927,23.805176,22.987263,20.057905,21.013367,18.56068,20.63429,19.496616,22.737156,25.168047,21.208815,21.0377,19.035067,17.109354,18.262827,17.784962,18.291973,19.255384,18.208555,18.238537,15.181883,14.710658,15.4536495,14.712682,15.502916,16.479408,15.950441,15.208723,15.7074175,16.399363,15.648954,15.922454,15.513176,17.26826,16.635883,15.980308,1.0534197,2.3380318,7.006278,0.7763375,31.584837,29.574478,38.07484,16.593443,20.579195,21.259853,18.278305,15.427377,16.1565,56.11
4446035.535,658011.4993,92.19065,1.2401234,0.8208591,28.217482,34.994858,31.641779,25.630787,21.95648,29.288366,28.784294,28.42887,29.438627,30.972338,41.50285,35.149586,39.61351,44.357395,46.982777,2.4392545,2.2252636,6.202106,7.6870456,1382.79,87.27052,-0.03955078,0.6021548,-0.001098633,0,15,0.6302911,0.41940805,0.33034322,0.23648141,0.65905726,0.9926488,2.1661325,17.802666,16.049685,16.861488,14.89922,16.690536,19.808577,16.283398,16.826479,21.90756,17.254114,19.60728,16.634655,22.753635,23.891893,22.484737,20.230011,20.475729,18.467146,20.75395,20.09433,21.301634,23.978624,20.809849,20.610462,19.210896,18.292648,18.025208,17.891262,17.128128,19.581314,16.955793,18.243828,14.70255,15.6696825,16.709661,14.184688,15.647011,16.393728,15.874841,15.432834,15.900109,16.6832,16.802557,15.952956,14.689666,16.593596,16.299332,16.009274,1.0304912,2.3322592,6.944576,0.7763375,31.60617,29.036331,38.326218,16.913652,20.647696,20.84018,18.155035,15.597451,16.131632,56.11
4446035.535,658016.3791,96.6459,1.2331116,0.7900945,27.75298,35.253826,32.393574,25.930202,22.093296,28.703127,28.58462,27.902317,29.03609,30.993021,42.04213,35.000805,39.438526,44.207985,46.805317,2.417869,2.201799,6.1435003,7.6373777,1382.74,90,-0.040039062,0.544825,-0.001098633,0,15,0.6302911,0.41940805,0.33034322,0.23648141,0.65905726,0.9926488,2.1661325,18.826097,16.48282,17.191511,15.407282,18.297613,21.008318,17.366531,17.632818,21.472635,16.475016,18.740017,16.306406,22.280865,23.624805,22.217587,19.717443,18.67628,16.546883,18.68113,17.672329,18.938114,20.181925,16.320484,18.033396,18.514103,16.523785,16.647585,15.508093,16.40687,18.920904,15.790108,16.917856,14.980285,16.086285,16.952679,14.60129,15.850735,16.810331,15.968802,15.73638,15.900109,16.6832,16.802557,15.952956,14.689666,16.593596,16.299332,16.009274,1.0116031,2.309834,6.890439,0.7763375,31.503403,28.643873,38.52147,17.797167,20.159618,18.145306,16.901636,15.892915,16.131632,56.11
4446035.535,658021.2589,105.13286,1.2252556,0.7686643,27.75942,35.26968,33.09396,26.215513,22.127478,28.082247,28.307007,27.47644,28.668537,31.163298,42.556816,34.88077,39.36294,44.285736,46.52063,2.4062917,2.202501,6.081265,7.589129,1382.7,91.5502,0.119628906,0.529983,0.006591797,0,15,0.63377136,0.41312298,0.32390022,0.23677081,0.657833,0.97931415,2.174106,19.018618,16.651493,16.508087,15.506151,18.285364,20.336807,17.128529,17.408731,21.239216,16.634108,18.859186,15.889585,21.672594,23.360197,23.184399,19.5758,20.24748,16.828466,18.058994,17.756191,17.448584,19.741306,16.559048,17.969805,18.069357,17.035482,16.730911,15.494267,17.246601,17.745523,15.172832,16.970873,15.206009,15.840689,15.86404,15.569212,15.266241,16.554193,16.35728,15.664208,15.657815,16.607931,16.304789,16.328472,15.404152,16.519075,16.425726,16.0361,0.9969599,2.3043964,6.835197,0.77411693,31.51455,28.194626,38.718796,17.633577,20.119898,18.09144,16.784994,15.808238,16.17828,56.11
4446035.535,658026.1388,125.45637,1.2170262,0.76442254,27.755165,35.28164,33.728153,26.47188,22.151775,27.73418,28.117104,27.161118,28.460096,31.461515,42.885086,34.76767,39.222923,44.2358,46.154743,2.3942842,2.2030878,6.0377874,7.5546207,1382.65,94.641556,0.040527344,0.5315321,0.002319336,0,15,0.63377136,0.41312298,0.32390022,0.23677081,0.657833,0.97931415,2.174106,18.44037,16.554337,16.184975,15.059706,17.736977,19.537497,17.105799,16.983912,21.496899,16.615967,18.836597,16.192575,21.808994,22.814642,22.939215,19.606995,21.327026,16.525698,17.473791,16.936993,17.612112,18.873827,16.865253,17.791359,18.041555,16.246946,16.707525,16.142391,16.133572,16.907093,14.628932,16.5372,14.027232,15.142219,16.53525,15.768156,15.814999,15.85208,16.068018,15.463171,15.281538,15.969338,16.534607,15.91075,14.792266,16.612537,16.37627,15.821418,0.9907244,2.298686,6.796204,0.77411693,31.518402,27.925642,38.826378,17.23138,20.100698,17.944958,16.401144,15.601136,15.92533,56.11
4446035.535,658031.0186,124.19623,1.2081661,0.785606,27.72663,35.28262,34.199337,26.648945,22.136637,28.038382,28.160294,27.067488,28.562956,31.913214,42.733845,34.69541,38.967712,43.924755,45.762035,2.3736374,2.203425,6.035637,7.550396,1382.6,97.70609,-0.080566406,0.5346169,-0.001098633,0,15,0.63377136,0.41312298,0.32390022,0.23677081,0.657833,0.97931415,2.174106,19.571918,17.168612,17.20649,15.432844,18.91338,20.506893,18.64752,17.8734,21.464815,16.579447,18.76722,16.160492,21.752157,22.703402,22.780773,19.546917,21.380884,16.584875,17.51095,16.97415,17.648125,18.89914,16.946276,17.837006,18.047289,16.245564,16.70187,16.148138,16.137045,16.90422,14.624008,16.537172,14.011098,15.120704,16.511719,15.735886,15.800879,15.841323,16.068018,15.444746,15.281538,15.969338,16.534607,15.91075,14.792266,16.612537,16.37627,15.821418,0.9968861,2.2885313,6.7930164,0.77411693,31.504623,28.099339,38.71463,18.206808,20.029757,17.992056,16.401163,15.584231,15.92533,56.11
4446035.535,658035.8984,130.03781,1.194468,0.8244072,27.758274,35.343822,34.658817,26.820261,22.251324,28.57972,27.999496,27.12553,28.774494,32.471485,42.411938,34.806145,38.48275,43.5339,45.24163,2.3443527,2.1761873,6.046825,7.5494595,1382.56,100.72694,0.12060547,0.539211,0.004516602,0,15,0.63377136,0.41312298,0.32390022,0.23677081,0.657833,0.97931415,2.174106,19.279406,17.77669,16.750477,16.67407,19.711273,20.87579,19.475119,18.31949,20.982845,16.62996,17.89012,15.905387,21.872654,22.720297,22.75259,19.302288,19.14393,16.443945,15.562606,15.6112585,17.747324,18.672028,16.790922,16.90386,17.641216,16.260698,16.19123,16.467226,16.991873,17.37604,15.230688,16.740122,15.615647,15.615005,16.122585,15.436978,16.52084,15.96042,16.889727,15.9021,14.887946,16.396585,15.796508,16.488829,15.668171,17.036793,16.61584,16.021055,1.0094376,2.26027,6.7981424,0.77411693,31.551048,28.289608,38.60904,18.648973,19.821978,17.138859,16.59414,16.023027,16.12724,56.11
4446035.535,658040.7783,114.791756,1.1829617,0.8717377,27.71728,35.34205,35.109604,27.013994,22.262375,29.12381,28.085098,27.148607,29.002333,33.112785,42.122692,34.736607,38.120735,43.103813,44.626026,2.3286688,2.175099,6.059893,7.5586486,1382.51,103.24052,-0.040039062,0.5007897,-0.001098633,0,15,0.63377136,0.41312298,0.32390022,0.23677081,0.657833,0.97931415,2.174106,19.49435,15.375356,16.544628,15.592811,19.431173,20.728468,19.075397,17.684694,20.786606,16.511724,17.31548,15.780037,21.926033,21.795755,23.144892,18.981182,19.598846,18.215548,15.581365,14.852179,18.536654,19.60939,16.882345,17.453623,16.795912,15.266733,15.134362,15.402702,16.12196,16.137112,15.381899,15.756568,14.97524,14.7336445,15.309335,15.640645,16.060879,15.702729,16.622892,15.42013,14.81754,15.7566805,15.331289,16.179892,15.130096,16.7458,16.428959,15.578354,1.0273497,2.251884,6.809271,0.77411693,31.529663,28.604454,38.42965,18.034597,19.608646,17.610903,15.748668,15.577909,15.770037,56.11
4446035.535,658045.6581,100.30934,1.1581012,0.9288983,27.887417,35.537704,35.693726,27.331278,22.347588,29.575178,27.935366,26.97704,29.156128,33.811527,41.85586,34.71082,37.654797,42.61629,43.89399,2.3178408,2.152911,6.0639834,7.5553603,1382.47,105.25153,-0.000488281,0.48986876,0.001098633,0,15,0.63377136,0.41312298,0.32390022,0.23677081,0.657833,0.97931415,2.174106,19.49435,15.375356,16.544628,15.592811,19.431173,20.728468,19.075397,17.684694,20.786606,16.511724,17.31548,15.780037,21.926033,21.795755,23.144892,18.981182,19.598846,18.215548,15.581365,14.852179,18.536654,19.60939,16.882345,17.453623,16.795912,15.266733,15.134362,15.402702,16.12196,16.137112,15.381899,15.756568,14.97524,14.7336445,15.309335,15.640645,16.060879,15.702729,16.622892,15.42013,14.81754,15.7566805,15.331289,16.179892,15.130096,16.7458,16.428959,15.578354,1.0434997,2.235376,6.809672,0.77411693,31.71256,28.755272,38.28334,18.034597,19.608646,17.610903,15.748668,15.577909,15.770037,56.11
4446035.535,658050.5379,110.67614,1.1381607,0.9869794,27.923277,35.6043,36.235157,27.629456,22.365873,30.058292,27.850595,26.914665,29.363312,34.605278,41.610558,34.69023,37.130383,42.242275,43.08828,2.307583,2.1372683,6.064196,7.5597997,1382.43,106.37394,0.041015625,0.50735474,0.003417969,0,15,0.60660005,0.42976186,0.3300133,0.23076953,0.6835768,1.1204847,2.1759193,20.864298,17.012262,17.1942,16.319544,20.25745,21.738316,19.745045,18.758257,20.760466,16.727373,18.099436,15.9872055,21.627754,21.1634,21.658525,18.908312,20.148771,17.492647,17.010643,15.842811,18.544197,19.412203,16.27713,17.68694,16.951427,15.185109,14.881092,14.689004,16.822468,17.081837,14.412438,15.734645,14.530411,15.16649,14.378133,14.308036,16.513865,16.104832,15.020956,15.059747,14.356859,15.242007,14.709323,15.507765,15.348867,16.201822,15.853109,15.175899,1.0625701,2.2224257,6.811998,0.79673225,31.76379,28.954445,38.150394,19.018728,19.432022,17.818342,15.717624,15.146104,15.317108,56.11
4446035.535,658055.4178,107.93121,1.1175181,1.0222647,27.89421,35.342484,36.49675,27.930962,22.544195,30.761124,28.314306,27.246967,29.89813,35.65502,41.198776,34.46582,36.67685,41.503002,41.953964,2.2925467,2.1269906,6.0931206,7.580384,1382.39,103.65781,0.12011719,0.54574454,0.008911133,0,15,0.60660005,0.42976186,0.3300133,0.23076953,0.6835768,1.1204847,2.1759193,20.181177,16.62762,17.035673,17.207438,19.78008,22.002691,20.413061,18.754639,21.285528,17.02846,18.329445,16.226398,21.408451,21.377344,21.263393,19.00158,19.181515,16.94798,17.374279,17.457043,18.391937,19.365831,16.654684,17.74775,16.10442,15.316293,15.198534,14.15244,16.44457,17.380331,14.852407,15.605573,14.628149,15.045141,14.706514,14.571712,16.13053,15.844965,15.934434,15.171254,14.830961,15.9818125,14.872115,15.466701,15.471946,15.892253,16.4041,15.456102,1.0698915,2.2097688,6.836752,0.79673225,31.618347,29.537716,37.8323,19.03539,19.559858,17.910467,15.6355715,15.265921,15.559983,56.11
4446035.535,658060.2976,104.78807,1.1082168,1.0200119,27.849688,35.326546,36.440098,28.162413,22.631117,31.683405,28.675608,27.809353,31.078676,37.14652,40.648907,34.36685,36.094868,40.319645,40.42955,2.2740903,2.1208792,6.1592317,7.596654,1382.34,99.876076,0.15966797,0.66872543,0.011108398,0,15,0.60660005,0.42976186,0.3300133,0.23076953,0.6835768,1.1204847,2.1759193,20.181177,16.62762,17.037115,17.207438,19.803703,22.143412,20.799778,18.780512,21.280241,16.872639,18.330187,16.139885,21.320484,21.384266,21.197954,18.940708,18.865982,16.651806,17.139606,17.179615,18.199173,19.196848,16.43406,17.50482,16.093813,15.303948,15.198534,14.1472,16.436922,17.369831,14.836665,15.597728,14.628149,15.045141,14.706514,14.571712,16.13053,15.844965,15.934434,15.171254,14.830961,15.9818125,14.872115,15.466701,15.471946,15.892253,16.4041,15.456102,1.0641143,2.1974847,6.877943,0.79673225,31.588116,30.179506,37.50788,19.11432,19.503664,17.666727,15.626701,15.265921,15.559983,56.11
4446035.535,658065.1774,99.95332,1.0987698,0.9910628,27.800983,35.305527,36.142853,28.353056,22.724617,32.78826,29.164211,28.613598,32.693226,38.944572,39.97082,34.260307,35.417572,38.836468,38.630016,2.249742,2.1133378,6.250988,7.6146092,1382.27,97.84964,0.040527344,0.8385236,0.005615234,0,15,0.60660005,0.42976186,0.3300133,0.23076953,0.6835768,1.1204847,2.1759193,19.614416,16.704744,16.75902,16.114992,20.280153,22.809986,19.917707,18.551523,21.525496,16.592285,18.838247,15.668947,21.551222,22.131851,20.964033,19.14342,19.08778,16.86548,16.716265,16.71668,18.248497,18.619799,17.073307,17.480854,16.214128,14.78135,15.435079,14.163454,16.515015,17.879583,15.115504,15.6868725,14.026084,14.959916,14.331404,14.472741,16.063625,15.314782,16.485998,14.947061,14.569869,15.982338,15.117338,15.258845,14.742682,15.905022,16.506117,15.29155,1.0449163,2.18154,6.9327984,0.79673225,31.553255,30.976236,37.115562,18.88586,19.610296,17.618258,15.729158,15.093508,15.440316,56.11
4446035.535,658070.0573,95.57581,1.0891765,0.955736,27.751652,35.28411,35.78445,28.556242,22.82638,33.950447,29.672693,29.45716,34.38144,40.800114,39.24728,34.13798,34.739075,37.294987,36.759804,2.2235487,2.1054091,6.3491077,7.6352024,1382.19,98.60121,-0.000976563,0.95627135,0.002197266,0,15,0.60660005,0.42976186,0.3300133,0.23076953,0.6835768,1.1204847,2.1759193,19.890366,16.66265,16.772099,15.586156,19.954414,21.675613,20.681194,18.306751,21.1689,15.964311,18.79777,15.725404,21.439985,22.800476,21.606237,19.127033,17.728727,15.289592,16.44205,13.772272,17.007866,19.081966,17.364819,16.491575,16.031897,14.504585,14.623667,13.942168,15.600836,16.938974,14.889572,15.130884,14.299451,14.326926,14.581694,13.833282,14.451776,14.965918,15.997212,14.412182,14.612306,14.814989,15.405934,15.889601,14.597332,15.90106,16.7751,15.246805,1.0224563,2.1644788,6.992155,0.79673225,31.517881,31.81157,36.69263,18.746069,19.643297,16.669615,15.218814,14.636609,15.428046,56.11
4446030.551,657928.5421,84.93829,1.1966025,1.8042617,27.574965,30.778753,23.620275,22.687773,22.59076,40.487083,34.928783,37.560005,41.3381,40.995033,32.120586,34.256096,38.068916,36.960052,36.79683,2.3642166,2.1155849,7.1378927,8.184525,1384.38,71.55429,-0.040039062,1.1774714,-0.003295898,0,15,0.5905221,0.39148977,0.30153626,0.23209184,0.66439325,0.7665854,1.461557,18.393946,15.511396,15.82803,15.8719225,18.595304,21.053513,17.98608,17.408108,21.908041,17.96286,19.765055,17.178476,23.83659,24.844143,23.273054,20.810675,21.490253,19.019812,18.816422,19.126833,23.079836,25.054932,23.213001,21.020727,20.14268,19.701773,19.074175,19.019438,21.60109,22.320448,19.469326,20.252567,15.886815,14.835204,15.212998,14.577569,17.199505,16.814924,16.04466,15.664487,17.128008,16.816414,17.571684,16.00274,17.054092,16.85676,17.645023,16.887852,1.500432,2.2399006,7.6612086,0.62973934,29.176859,37.70793,33.18834,17.605742,21.252604,21.400156,20.189848,15.795954,17.010675,56.11
4446030.551,657933.4219,87.11773,1.2084117,1.8183523,27.569618,30.647936,23.822557,22.78104,22.49644,40.839703,34.8586,37.86584,41.948532,41.6975,31.864628,34.21064,37.620064,36.411983,36.03257,2.3921134,2.1264997,7.150889,8.175725,1384.28,67.62069,0.000488281,1.3164352,-0.001098633,0,15,0.5989566,0.4231321,0.33513665,0.23205581,0.65781134,0.99821067,2.1798403,17.156464,15.551061,16.524982,14.578897,18.296091,21.201736,18.327791,17.143349,21.423397,17.708838,20.532114,17.111465,24.557835,24.922499,22.867218,20.936571,21.721003,19.000044,21.040325,17.897573,21.178812,23.089413,22.880924,20.568768,19.61831,20.739166,20.168304,19.01176,20.25721,21.361874,19.50649,20.150316,15.538759,14.552366,15.999719,14.555615,17.005667,16.532124,16.50617,15.695037,17.029894,17.264992,18.439953,16.907827,16.28976,16.846617,18.446806,17.20973,1.513382,2.2593064,7.663307,0.7750205,29.108776,37.84915,33.037636,17.376717,21.303339,20.972584,20.094728,15.812918,17.317978,56.11
4446030.551,657938.3018,101.35298,1.2188709,1.8413202,27.464485,30.524471,24.192822,22.949024,22.428305,40.744114,35.301758,37.71709,42.018623,42.02687,32.005997,33.84816,37.3733,36.15785,35.63428,2.408407,2.1210847,7.1705375,8.15897,1384.17,66.95245,0.040527344,1.4628376,0.001098633,0,15,0.5989566,0.4231321,0.33513665,0.23205581,0.65781134,0.99821067,2.1798403,17.789751,16.69011,16.178005,14.712326,18.680021,21.208971,17.713858,17.42538,21.52379,17.910345,20.630566,17.18864,23.980295,23.903532,23.640106,20.77433,22.22869,19.871904,20.67757,17.823263,21.907045,23.023733,22.510132,20.828756,20.137625,21.318651,20.400806,19.15418,20.086504,21.172598,19.562862,20.295647,15.8471575,15.900834,16.174875,13.856661,16.828344,16.447214,16.46244,15.822572,16.698801,18.069853,18.969679,16.038816,17.391363,17.251514,18.59813,17.494427,1.5300956,2.2647457,7.664754,0.7750205,28.994478,38.022934,32.92708,17.567577,21.253897,21.148905,20.261889,15.931075,17.574022,56.11
4446030.551,657943.1816,93.10553,1.2308517,1.860414,27.518126,31.18025,24.690636,23.22556,22.54756,40.306606,34.894516,37.179813,41.616966,42.048172,32.48211,33.819916,37.33425,36.246284,35.488327,2.4315214,2.1330109,7.2186193,8.146803,1384.04,68.811516,-0.19970703,1.5051491,-0.010009766,0,15,0.5989566,0.4231321,0.33513665,0.23205581,0.65781134,0.99821067,2.1798403,17.789751,16.69011,16.178005,14.712326,18.680021,21.208971,17.713858,17.42538,21.52379,17.910345,20.630566,17.18864,23.980295,23.903532,23.640106,20.77433,22.22869,19.871904,20.67757,17.823263,21.907045,23.023733,22.510132,20.828756,20.137625,21.318651,20.400806,19.15418,20.086504,21.172598,19.562862,20.295647,15.8471575,15.900834,16.174875,13.856661,16.828344,16.447214,16.46244,15.822572,16.698801,18.069853,18.969679,16.038816,17.391363,17.251514,18.59813,17.494427,1.5456328,2.2822661,7.682711,0.7750205,29.349188,37.600563,33.151012,17.567577,21.253897,21.148905,20.261889,15.931075,17.574022,56.11
4446030.551,657948.0614,72.97956,1.234379,1.8740447,27.978352,31.96786,25.1367,23.54654,22.53632,39.621155,33.943676,36.3872,41.035057,41.865498,33.130367,34.091877,37.799683,36.528183,35.536083,2.4285235,2.1642714,7.2632775,8.12178,1383.93,68.409935,0.080566406,1.4784663,0.002319336,0,15,0.5989566,0.4231321,0.33513665,0.23205581,0.65781134,0.99821067,2.1798403,19.082975,16.43118,16.233606,14.665904,18.81992,20.541782,19.089476,17.58673,22.43581,18.410557,20.397326,16.949007,23.994667,24.6105,22.775227,20.958656,21.537771,19.453548,19.627111,17.902893,21.480648,23.343332,20.835604,20.38291,20.772322,20.393538,20.657705,18.58228,19.279877,21.67839,17.884945,20.052711,16.474438,15.59472,15.135449,14.699125,16.963535,16.608866,16.90669,15.8758,17.092417,17.832066,18.422237,16.358051,17.532253,17.516607,18.105648,17.445702,1.5542119,2.2963974,7.6925287,0.7750205,29.973106,36.782417,33.611122,17.837833,21.367584,20.597273,19.892721,16.05469,17.551327,56.11
4446030.551,657952.9413,71.97925,1.2399812,1.8788394,27.679718,32.297146,25.61192,23.916342,22.502785,39.0041,33.982277,35.796566,40.44947,41.635666,33.810658,33.892788,37.868668,36.684456,35.574905,2.447874,2.1613739,7.3061213,8.101958,1383.81,67.2214,0.080566406,1.5531795,0.006713867,0,15,0.5989566,0.4231321,0.33513665,0.23205581,0.65781134,0.99821067,2.1798403,19.16208,16.040077,16.487732,15.439153,18.619152,21.304337,17.682346,17.685894,23.254948,17.69456,19.018257,16.808321,23.52044,23.866337,23.431688,20.607153,22.58341,19.184244,18.558939,18.746235,21.818672,23.237967,21.027935,20.450047,21.168858,20.125376,20.205153,19.998642,20.349033,21.96459,18.673143,20.51714,16.173216,15.826823,15.4645605,15.565791,16.775381,16.585306,17.001587,16.099834,16.600657,17.796871,17.665573,17.205488,16.973442,17.58099,18.270512,17.321354,1.5594103,2.304624,7.7040396,0.7750205,29.988432,36.493187,33.851723,17.81927,21.084934,20.736773,20.35497,16.198952,17.441935,56.11
4446030.551,657957.8211,90.70781,1.2460243,1.8639419,27.69063,32.310287,26.014496,24.29382,22.56958,38.305737,33.708748,35.18476,39.81761,41.318005,34.50457,34.005005,38.137295,36.89497,35.67939,2.4670067,2.1631043,7.339184,8.084604,1383.68,67.733864,0.040527344,1.624839,0.004516602,0,15,0.5989566,0.4231321,0.33513665,0.23205581,0.65781134,0.99821067,2.1798403,19.16208,16.040077,16.487732,15.439153,18.619152,21.304337,17.682346,17.685894,23.254948,17.69456,19.018257,16.808321,23.52044,23.866337,23.431688,20.607153,22.58341,19.184244,18.558939,18.746235,21.818672,23.237967,21.027935,20.450047,21.168858,20.125376,20.205153,19.998642,20.349033,21.96459,18.673143,20.51714,16.173216,15.826823,15.4645605,15.565791,16.775381,16.585306,17.001587,16.099834,16.600657,17.796871,17.665573,17.205488,16.973442,17.58099,18.270512,17.321354,1.5549831,2.3150554,7.711894,0.7750205,30.000458,36.00724,34.254787,17.81927,21.084934,20.736773,20.35497,16.198952,17.441935,56.11
4446030.551,657962.7009,101.27414,1.2507004,1.81644,27.708345,32.324047,26.427134,24.58222,22.583712,37.51669,33.407024,34.568268,39.005104,40.63975,35.21947,34.143738,38.400215,37.317398,36.262695,2.479343,2.1646943,7.322733,8.062584,1383.55,68.106674,0.000976563,1.4974074,-0.001098633,0,15,0.62587625,0.42645448,0.34063992,0.23719388,0.6571154,1.0139691,2.1687894,19.338223,16.01312,17.30205,15.00987,18.255896,21.193354,18.298199,17.763142,22.454071,17.790327,19.705515,16.828398,23.48227,24.286259,24.617981,20.717335,22.234531,18.840694,18.008888,19.07649,21.226706,23.987158,22.44313,20.317474,20.710829,19.396608,19.785408,19.75299,20.40398,22.802826,17.809483,20.230368,16.212854,16.022291,16.027615,13.830394,17.239649,16.994623,16.638775,16.027313,16.818111,17.46016,17.760836,16.438845,17.165104,17.743414,18.46182,17.297022,1.5335702,2.3220186,7.6926584,0.78143406,30.016197,35.461857,34.681602,17.915815,21.309261,20.831085,20.09459,16.13803,17.406898,56.11
4446030.551,657967.5808,67.34501,1.2536231,1.7243845,27.73828,32.338516,26.895086,24.681551,22.485083,36.570984,33.062706,33.924717,37.86302,39.319637,35.965782,34.33047,38.64128,38.165195,37.749027,2.4819136,2.1659763,7.220966,8.033028,1383.44,68.32945,0.0390625,1.2792133,0.002197266,0,15,0.62587625,0.42645448,0.34063992,0.23719388,0.6571154,1.0139691,2.1687894,19.638828,16.482555,16.500425,15.559286,18.708857,21.499527,18.586243,17.952284,23.573809,18.12136,19.50341,17.046423,23.271355,23.87564,24.373505,20.816587,22.217905,19.666986,18.795073,21.699757,21.538784,24.109152,22.624615,21.063808,22.011662,21.076702,20.375523,20.246761,21.051868,22.805387,17.70901,20.909397,15.863118,15.287984,16.184877,14.542092,17.620514,16.9637,17.081335,16.108486,17.182247,17.206038,18.170052,17.793793,17.33467,17.868773,18.494856,17.61509,1.4890039,2.323945,7.626997,0.78143406,30.038399,34.816845,35.148125,18.139389,21.395071,21.521753,20.753845,16.220516,17.72149,56.11
4446030.551,657972.4606,72.346855,1.247866,1.5971943,27.99333,33.38857,27.442759,24.70769,22.478062,35.591663,32.439373,33.170116,36.548534,37.696373,36.668427,34.31778,38.708687,39.19589,39.64963,2.4776762,2.2328331,7.0712194,7.996669,1383.34,72.854195,0.079589844,1.2139246,0.005493164,0,15,0.62587625,0.42645448,0.34063992,0.23719388,0.6571154,1.0139691,2.1687894,19.638828,16.482555,16.500425,15.559286,18.708857,21.499527,18.586243,17.952284,23.573809,18.12136,19.50341,17.046423,23.271355,23.87564,24.373505,20.816587,22.217905,19.666986,18.795073,21.699757,21.538784,24.109152,22.624615,21.063808,22.011662,21.076702,20.375523,20.246761,21.051868,22.805387,17.70901,20.909397,15.863118,15.287984,16.184877,14.542092,17.620514,16.9637,17.081335,16.108486,17.182247,17.206038,18.170052,17.793793,17.33467,17.868773,18.494856,17.61509,1.4225302,2.3552547,7.533944,0.78143406,30.690948,34.01552,35.493103,18.139389,21.395071,21.521753,20.753845,16.220516,17.72149,56.11
4446030.551,657977.3404,75.627884,1.2574793,1.4553955,27.776438,33.915833,27.918814,24.726452,22.195498,34.682335,32.22085,32.787872,35.29766,36.102417,37.35956,34.216934,38.51914,40.084614,41.51248,2.4976873,2.2164736,6.9090867,7.955829,1383.23,77.85144,-0.12011719,1.1572349,-0.006713867,0,15,0.62587625,0.42645448,0.34063992,0.23719388,0.6571154,1.0139691,2.1687894,18.850725,16.332458,17.191967,15.946479,17.360458,20.581879,17.24731,17.538294,22.55922,17.554441,18.694895,16.551342,21.86962,22.451403,23.194475,19.876272,20.53417,18.794773,18.74335,20.458603,22.078157,22.837143,21.515427,20.394505,18.119984,17.768177,17.77342,18.34083,18.084435,17.884705,17.520433,17.861843,15.595863,14.860316,16.058968,13.890113,15.509189,15.872543,16.343964,15.369323,14.911811,15.783661,16.190666,16.18034,16.285252,16.630909,16.118567,15.964744,1.3564374,2.3570805,7.432458,0.78143406,30.846134,33.45159,35.788246,17.644468,20.41077,20.708801,17.927425,15.44728,16.014458,56.11
4446030.551,657982.2203,88.215126,1.2538371,1.3078929,27.816952,33.933483,28.2657,24.773102,22.017637,33.691093,31.804945,32.199574,34.05603,34.64244,38.074932,34.46691,38.790142,41.077614,43.351273,2.4855871,2.2212074,6.751994,7.920234,1383.14,78.686226,-0.040039062,1.0221887,-0.003295898,0,15,0.62587625,0.42645448,0.34063992,0.23719388,0.6571154,1.0139691,2.1687894,19.015268,15.64919,17.66258,15.920461,17.260563,18.784151,17.863031,17.293312,21.698637,17.703089,19.102606,16.84663,22.142475,23.000584,22.606771,19.971558,20.174665,20.040396,20.069372,20.562489,22.218142,23.743565,22.715683,21.05633,18.052134,18.111607,17.545124,18.712267,17.990255,19.048006,18.579834,18.12416,16.02307,14.273053,15.629364,14.180037,16.11651,15.829406,17.085306,15.412448,15.631552,16.46683,16.22191,16.070244,16.156242,16.855822,16.411684,16.176163,1.280865,2.3533974,7.336114,0.78143406,30.875217,32.74802,36.27092,17.45075,20.442968,21.360615,18.291319,15.590963,16.259182,56.11
4446030.551,657987.1001,83.19427,1.2538371,1.3078929,27.816952,33.933483,28.2657,24.773102,22.017637,33.691093,31.804945,32.199574,34.05603,34.64244,38.074932,34.46691,38.790142,41.077614,43.351273,2.4855871,2.2212074,6.751994,7.920234,1383.14,78.686226,-0.040039062,1.0221887,-0.003295898,0,15,0.62587625,0.42645448,0.34063992,0.23719388,0.6571154,1.0139691,2.1687894,19.015268,15.64919,17.66258,15.920461,17.260563,18.784151,17.863031,17.293312,21.698637,17.703089,19.102606,16.84663,22.142475,23.000584,22.606771,19.971558,20.174665,20.040396,20.069372,20.562489,22.218142,23.743565,22.715683,21.05633,18.052134,18.111607,17.545124,18.712267,17.990255,19.048006,18.579834,18.12416,16.02307,14.273053,15.629364,14.180037,16.11651,15.829406,17.085306,15.412448,15.631552,16.46683,16.22191,16.070244,16.156242,16.855822,16.411684,16.176163,1.280865,2.3533974,7.336114,0.78143406,30.875217,32.74802,36.27092,17.45075,20.442968,21.360615,18.291319,15.590963,16.259182,56.11
4446030.551,657991.9799,91.46334,1.249928,1.161231,27.858032,33.950584,28.547527,24.857176,21.82533,32.758614,31.409052,31.695375,32.916656,33.369514,38.74056,34.71588,39.03033,41.97002,45.05771,2.47272,2.2260678,6.6018715,7.884618,1383.06,80.00493,0.08105469,0.9891966,0.004516602,0,15,0.6302911,0.41940805,0.33034322,0.23648141,0.65905726,0.9926488,2.1661325,19.015268,15.64919,17.66258,15.920461,17.260563,18.784151,17.863031,17.293312,21.698637,17.703089,19.102606,16.84663,22.142475,23.000584,22.606771,19.971558,20.174665,20.040396,20.069372,20.562489,22.218142,23.743565,22.715683,21.05633,18.052134,18.111607,17.545124,18.712267,17.990255,19.048006,18.579834,18.12416,16.02307,14.273053,15.629364,14.180037,16.11651,15.829406,17.085306,15.412448,15.631552,16.46683,16.22191,16.070244,16.156242,16.855822,16.411684,16.176163,1.2055795,2.3493938,7.2432446,0.7763375,30.904308,32.08383,36.728218,17.45075,20.442968,21.360615,18.291319,15.590963,16.259182,56.11
4446030.551,657996.8598,91.25033,1.2489554,1.0331163,28.001562,34.47988,28.934284,24.983566,21.704927,31.80392,30.167397,30.914227,31.90906,32.358543,39.432434,35.29327,39.260983,42.774666,46.429386,2.4601936,2.2387984,6.4662685,7.840813,1382.97,83.66468,-0.080566406,0.90788436,-0.005615234,0,15,0.6302911,0.41940805,0.33034322,0.23648141,0.65905726,0.9926488,2.1661325,17.885426,14.829499,16.970457,15.114648,17.594517,19.712833,17.314009,16.903845,21.566166,17.394978,18.870266,16.80266,22.988956,22.825352,22.91235,20.02023,20.471128,19.12079,20.709011,19.986143,21.112022,23.84841,22.564732,20.831598,17.593937,17.217922,17.11698,17.448505,17.299276,18.79854,18.442026,17.49825,15.468907,14.743118,14.502405,13.805194,16.143898,16.555725,17.095741,15.247716,15.398054,16.014359,15.777557,16.051939,15.504647,16.404758,16.6261,15.858708,1.1410358,2.349496,7.1535406,0.7763375,31.240723,30.985659,37.362854,17.060198,20.480104,21.116034,17.702456,15.473571,15.968203,56.11
4446030.551,658001.7396,100.85501,1.2450304,0.9515579,28.029863,34.5018,29.616863,25.142925,21.711693,31.005621,29.76902,30.192934,31.109539,31.767971,40.008636,35.288383,39.432938,43.308537,46.920925,2.4372327,2.2441864,6.3660097,7.790321,1382.9,88.8297,-0.079589844,0.70197064,-0.005493164,0,15,0.6302911,0.41940805,0.33034322,0.23648141,0.65905726,0.9926488,2.1661325,18.18291,14.78192,16.201996,14.6490345,16.249521,19.268427,16.820288,16.422512,21.987896,17.240555,19.003733,16.548822,22.480927,23.805176,22.987263,20.057905,21.013367,18.56068,20.63429,19.496616,22.737156,25.168047,21.208815,21.0377,19.035067,17.109354,18.262827,17.784962,18.291973,19.255384,18.208555,18.238537,15.181883,14.710658,15.4536495,14.712682,15.502916,16.479408,15.950441,15.208723,15.7074175,16.399363,15.648954,15.922454,15.513176,17.26826,16.635883,15.980308,1.0982941,2.3407097,7.078165,0.7763375,31.265831,30.387321,37.64851,16.593443,20.579195,21.259853,18.278305,15.427377,16.1565,56.11
4446030.551,658006.6194,74.80921,1.2409668,0.8953681,28.215584,34.970806,30.420736,25.340569,21.814194,30.258566,29.266527,29.44571,30.43869,31.47433,40.543716,35.183952,39.561745,43.75215,46.989014,2.4111218,2.2243614,6.282876,7.7382154,1382.85,92.605446,0.079589844,0.63079625,0.004394531,0,15,0.6302911,0.41940805,0.33034322,0.23648141,0.65905726,0.9926488,2.1661325,18.18291,14.78192,16.201996,14.6490345,16.249521,19.268427,16.820288,16.422512,21.987896,17.240555,19.003733,16.548822,22.480927,23.805176,22.987263,20.057905,21.013367,18.56068,20.63429,19.496616,22.737156,25.168047,21.208815,21.0377,19.035067,17.109354,18.262827,17.784962,18.291973,19.255384,18.208555,18.238537,15.181883,14.710658,15.4536495,14.712682,15.502916,16.479408,15.950441,15.208723,15.7074175,16.399363,15.648954,15.922454,15.513176,17.26826,16.635883,15.980308,1.0681674,2.3177416,7.0105457,0.7763375,31.593195,29.762547,37.863834,16.593443,20.579195,21.259853,18.278305,15.427377,16.1565,56.11
4446030.551,658011.4993,98.63519,1.2378701,0.85057694,28.238451,34.992683,31.193516,25.556578,21.858902,29.552298,28.867193,28.734655,29.858517,31.311602,41.05845,35.14021,39.663635,44.079266,46.96068,2.387837,2.2295406,6.2052193,7.683349,1382.79,91.33373,-0.03955078,0.61597484,-0.002197266,0,15,0.6302911,0.41940805,0.33034322,0.23648141,0.65905726,0.9926488,2.1661325,17.802666,16.049685,16.861488,14.89922,16.690536,19.808577,16.283398,16.826479,21.90756,17.254114,19.60728,16.634655,22.753635,23.891893,22.484737,20.230011,20.475729,18.467146,20.75395,20.09433,21.301634,23.978624,20.809849,20.610462,19.210896,18.292648,18.025208,17.891262,17.128128,19.581314,16.955793,18.243828,14.70255,15.6696825,16.709661,14.184688,15.647011,16.393728,15.874841,15.432834,15.900109,16.6832,16.802557,15.952956,14.689666,16.593596,16.299332,16.009274,1.0442235,2.3086886,6.9442844,0.7763375,31.615566,29.209745,38.099327,16.913652,20.647696,20.84018,18.155035,15.597451,16.131632,56.11
4446030.551,658016.3791,98.26588,1.2305418,0.8162556,27.7687,35.251247,31.941534,25.814316,22.013847,29.048586,28.68153,28.143879,29.454275,31.298342,41.524265,34.992496,39.54426,43.939262,46.746407,2.3576746,2.2054377,6.146282,7.635087,1382.74,92.84585,0,0.57403123,0,0,15,0.6302911,0.41940805,0.33034322,0.23648141,0.65905726,0.9926488,2.1661325,18.826097,16.48282,17.191511,15.407282,18.297613,21.008318,17.366531,17.632818,21.472635,16.475016,18.740017,16.306406,22.280865,23.624805,22.217587,19.717443,18.67628,16.546883,18.68113,17.672329,18.938114,20.181925,16.320484,18.033396,18.514103,16.523785,16.647585,15.508093,16.40687,18.920904,15.790108,16.917856,14.980285,16.086285,16.952679,14.60129,15.850735,16.810331,15.968802,15.73638,15.900109,16.6832,16.802557,15.952956,14.689666,16.593596,16.299332,16.009274,1.0233988,2.2815561,6.8906846,0.7763375,31.509974,28.865059,38.25838,17.797167,20.159618,18.145306,16.901636,15.892915,16.131632,56.11
4446030.551,658021.2589,92.372246,1.2223945,0.79340965,27.77177,35.264507,32.598698,26.048512,22.048918,28.583408,28.450401,27.70448,29.097015,31.403149,41.890423,34.89296,39.508926,44.020485,46.50818,2.3367674,2.2062743,6.086036,7.5919156,1382.69,98.50682,-0.000976563,0.5791703,0,0,15,0.63377136,0.41312298,0.32390022,0.23677081,0.657833,0.97931415,2.174106,19.018618,16.651493,16.508087,15.506151,18.285364,20.336807,17.128529,17.408731,21.239216,16.634108,18.859186,15.889585,21.672594,23.360197,23.184399,19.5758,20.24748,16.828466,18.058994,17.756191,17.448584,19.741306,16.559048,17.969805,18.069357,17.035482,16.730911,15.494267,17.246601,17.745523,15.172832,16.970873,15.206009,15.840689,15.86404,15.569212,15.266241,16.554193,16.35728,15.664208,15.657815,16.607931,16.304789,16.328472,15.404152,16.519075,16.425726,16.0361,1.007902,2.2715209,6.838976,0.77411693,31.518139,28.516905,38.391693,17.633577,20.119898,18.09144,16.784994,15.808238,16.17828,56.11
4446030.551,658026.1388,102.10011,1.2139268,0.78871524,27.764265,35.274296,33.20171,26.275616,22.074038,28.363007,28.299347,27.380814,28.8811,31.638117,42.103027,34.79641,39.397438,43.97594,46.186363,2.3186915,2.2069635,6.0446877,7.562492,1382.64,102.98938,-0.03955078,0.5733061,0,0,15,0.63377136,0.41312298,0.32390022,0.23677081,0.657833,0.97931415,2.174106,19.571918,17.168612,17.20649,15.432844,18.91338,20.506893,18.64752,17.8734,21.464815,16.579447,18.76722,16.160492,21.752157,22.703402,22.780773,19.546917,21.380884,16.584875,17.51095,16.97415,17.648125,18.89914,16.946276,17.837006,18.047289,16.245564,16.70187,16.148138,16.137045,16.90422,14.624008,16.537172,14.011098,15.120704,16.511719,15.735886,15.800879,15.841323,16.068018,15.444746,15.281538,15.969338,16.534607,15.91075,14.792266,16.612537,16.37627,15.821418,1.0013211,2.2628274,6.80359,0.77411693,31.51928,28.331177,38.44972,18.206808,20.029757,17.992056,16.401163,15.584231,15.92533,56.11
4446030.551,658031.0186,112.170395,1.2050511,0.80599725,27.742027,35.2792,33.742237,26.490704,22.08814,28.475962,28.258472,27.193556,28.833235,32.007107,42.103363,34.706146,39.192486,43.775978,45.78066,2.3030543,2.2074523,6.0283623,7.5517154,1382.6,105.76992,0.19970703,0.580303,0.008911133,0,15,0.63377136,0.41312298,0.32390022,0.23677081,0.657833,0.97931415,2.174106,19.571918,17.168612,17.20649,15.432844,18.91338,20.506893,18.64752,17.8734,21.464815,16.579447,18.76722,16.160492,21.752157,22.703402,22.780773,19.546917,21.380884,16.584875,17.51095,16.97415,17.648125,18.89914,16.946276,17.837006,18.047289,16.245564,16.70187,16.148138,16.137045,16.90422,14.624008,16.537172,14.011098,15.120704,16.511719,15.735886,15.800879,15.841323,16.068018,15.444746,15.281538,15.969338,16.534607,15.91075,14.792266,16.612537,16.37627,15.821418,1.0055242,2.2552533,6.790039,0.77411693,31.510614,28.367218,38.404755,18.206808,20.029757,17.992056,16.401163,15.584231,15.92533,56.11
4446030.551,658035.8984,114.09963,1.191835,0.8440058,27.77853,35.34454,34.28536,26.719614,22.230156,28.824347,28.017073,27.157183,28.88002,32.47983,41.950195,34.78808,38.753105,43.491226,45.248516,2.2835298,2.181112,6.027685,7.5465403,1382.54,107.546715,-0.119628906,0.5706768,-0.003295898,0,15,0.63377136,0.41312298,0.32390022,0.23677081,0.657833,0.97931415,2.174106,18.656351,17.188263,16.020327,16.04804,19.068714,20.393341,18.729906,17.674662,20.858221,16.44892,17.57374,15.723088,21.605516,22.53572,22.567495,19.085745,19.14393,16.442503,15.559924,15.6112585,17.747324,18.672028,16.787859,16.90273,16.911665,15.038208,15.254786,15.276137,16.358969,16.56488,14.219011,15.820316,15.161123,15.123279,15.606474,15.007777,16.039185,15.475459,16.395214,15.428672,14.651038,15.91037,15.35791,15.948387,15.4083,16.780954,16.39847,15.645708,1.0179205,2.2323208,6.7871127,0.77411693,31.561535,28.42071,38.369137,18.01499,19.6161,17.13783,15.660522,15.544072,15.779347,56.11
4446030.551,658040.7783,103.78979,1.1803775,0.8957751,27.738777,35.34534,34.81596,26.972086,22.263678,29.26966,28.050177,27.108397,28.949034,33.028164,41.760696,34.700623,38.41411,43.149166,44.6444,2.2757745,2.1802077,6.034374,7.5560756,1382.5,109.44003,0.040039062,0.5169475,0.001098633,0,15,0.63377136,0.41312298,0.32390022,0.23677081,0.657833,0.97931415,2.174106,19.49435,15.375356,16.544628,15.592811,19.431173,20.728468,19.075397,17.684694,20.786606,16.511724,17.31548,15.780037,21.926033,21.795755,23.144892,18.981182,19.598846,18.215548,15.581365,14.852179,18.536654,19.60939,16.882345,17.453623,16.795912,15.266733,15.134362,15.402702,16.12196,16.137112,15.381899,15.756568,14.97524,14.7336445,15.309335,15.640645,16.060879,15.702729,16.622892,15.42013,14.81754,15.7566805,15.331289,16.179892,15.130096,16.7458,16.428959,15.578354,1.0380763,2.227991,6.795225,0.77411693,31.542059,28.65992,38.23066,18.034597,19.608646,17.610903,15.748668,15.577909,15.770037,56.11
4446030.551,658045.6581,101.638016,1.1431417,0.9636105,27.986862,35.613495,35.665646,27.386002,22.325027,29.530483,27.641436,26.67657,28.76376,33.500267,41.641697,34.775036,37.817257,42.98185,44.12902,2.27179,2.1456397,6.006243,7.542013,1382.46,109.465866,0.079589844,0.5162881,0.004394531,0,15,0.63377136,0.41312298,0.32390022,0.23677081,0.657833,0.97931415,2.174106,19.49435,15.375356,16.544628,15.592811,19.431173,20.723078,19.075397,17.683893,20.786606,16.386917,17.31548,15.780037,21.905699,21.647709,23.081852,18.937082,19.578047,18.199892,15.556129,14.834615,18.510254,19.576975,16.860163,17.431438,16.795912,15.266733,15.134362,15.402702,16.12196,16.137112,15.381899,15.756568,14.506124,14.380042,14.949617,15.4747925,15.989861,15.623329,16.539967,15.1754055,14.643366,15.662286,15.3284445,16.180025,15.12625,16.745367,16.428213,15.536496,1.0533761,2.208715,6.774128,0.77411693,31.800179,28.58596,38.208366,18.033827,19.557756,17.58801,15.748668,15.351961,15.730566,56.11
4446030.551,658050.5379,95.62406,1.1330637,1.0358655,27.950233,35.615658,36.304306,27.771963,22.411234,29.977911,27.629915,26.534576,28.62598,34.02528,41.439766,34.63969,37.51875,42.696827,43.4287,2.2714055,2.1432638,6.003714,7.5593934,1382.41,109.465866,-0.079589844,0.5162881,-0.004394531,0,15,0.60660005,0.42976186,0.3300133,0.23076953,0.6835768,1.1204847,2.1759193,20.864298,17.012262,17.1942,16.319544,20.25745,21.738316,19.745045,18.758257,20.760466,16.727373,18.099436,15.9872055,21.627754,21.1634,21.658525,18.908312,20.148771,17.492647,17.010643,15.842811,18.544197,19.412203,16.27713,17.68694,16.951427,15.185109,14.881092,14.689004,16.822468,17.081837,14.412438,15.734645,14.530411,15.16649,14.378133,14.308036,16.513865,16.104832,15.020956,15.059747,14.356859,15.242007,14.709323,15.507765,15.348867,16.201822,15.853109,15.175899,1.0844646,2.2073345,6.7815537,0.79673225,31.782946,28.803913,38.039726,19.018728,19.432022,17.818342,15.717624,15.146104,15.317108,56.11
4446030.551,658055.4178,108.78344,1.1139379,1.1068988,27.927979,35.364925,36.96396,28.217834,22.608656,30.431719,27.836716,26.404291,28.392859,34.578537,41.211205,34.399525,37.269096,42.489315,42.673595,2.2686307,2.13492,5.995282,7.584263,1382.37,108.4233,0,0.5438488,0,0,15,0.60660005,0.42976186,0.3300133,0.23076953,0.6835768,1.1204847,2.1759193,20.181177,16.62762,17.035673,17.207438,19.78008,22.002691,20.413061,18.754639,21.285528,17.02846,18.329445,16.226398,21.408451,21.377344,21.263393,19.00158,19.181515,16.94798,17.374279,17.457043,18.391937,19.365831,16.654684,17.74775,16.10442,15.316293,15.198534,14.15244,16.44457,17.380331,14.852407,15.605573,14.628149,15.045141,14.706514,14.571712,16.13053,15.844965,15.934434,15.171254,14.830961,15.9818125,14.872115,15.466701,15.471946,15.892253,16.4041,15.456102,1.1104183,2.2017753,6.7897725,0.79673225,31.646452,29.134216,37.805367,19.03539,19.559858,17.910467,15.6355715,15.265921,15.559983,56.11
4446030.551,658060.2976,98.69907,1.104818,1.081254,27.874617,35.34178,36.685867,28.318031,22.671926,31.532627,28.372564,27.281784,29.980726,36.23344,40.575638,34.297348,36.51399,41.053055,41.06713,2.2495906,2.1274686,6.090794,7.6018767,1382.32,104.607254,-0.000976563,0.6808205,0.002197266,0,15,0.60660005,0.42976186,0.3300133,0.23076953,0.6835768,1.1204847,2.1759193,20.181177,16.62762,17.037115,17.207438,19.803703,22.143412,20.799778,18.780512,21.280241,16.872639,18.330187,16.139885,21.320484,21.384266,21.197954,18.940708,18.865982,16.651806,17.139606,17.179615,18.199173,19.196848,16.43406,17.50482,16.093813,15.303948,15.198534,14.1472,16.436922,17.369831,14.836665,15.597728,14.628149,15.045141,14.706514,14.571712,16.13053,15.844965,15.934434,15.171254,14.830961,15.9818125,14.872115,15.466701,15.471946,15.892253,16.4041,15.456102,1.0930359,2.1885295,6.8463354,0.79673225,31.6082,29.952595,37.436493,19.11432,19.503664,17.666727,15.626701,15.265921,15.559983,56.11
4446030.551,658065.1774,91.08205,1.0956014,1.0250388,27.817064,35.313995,36.170536,28.350016,22.735434,32.81698,29.027391,28.394056,32.003822,38.194042,39.813713,34.18644,35.66325,39.350536,39.216793,2.2240093,2.1185298,6.2122602,7.6210074,1382.26,101.680595,0.12011719,0.8480523,0.0078125,0,15,0.60660005,0.42976186,0.3300133,0.23076953,0.6835768,1.1204847,2.1759193,19.614416,16.704744,16.75902,16.114992,20.280153,22.809986,19.917707,18.551523,21.525496,16.592285,18.838247,15.668947,21.551222,22.131851,20.964033,19.14342,19.08778,16.86548,16.716265,16.71668,18.248497,18.619799,17.073307,17.480854,16.214128,14.78135,15.435079,14.163454,16.515015,17.879583,15.115504,15.6868725,14.026084,14.959916,14.331404,14.472741,16.063625,15.314782,16.485998,14.947061,14.569869,15.982338,15.117338,15.258845,14.742682,15.905022,16.506117,15.29155,1.0603201,2.1712694,6.9166336,0.79673225,31.565529,30.922184,37.000076,18.88586,19.610296,17.618258,15.729158,15.093508,15.440316,56.11
4446030.551,658070.0573,81.018486,1.1009865,0.96861845,27.635046,34.835003,35.60645,28.417456,22.826357,34.140476,29.59045,29.630316,33.789867,39.991867,39.009365,34.26793,34.99599,37.79497,37.489613,2.2107022,2.092984,6.326775,7.6507306,1382.18,99.99507,0.12109375,0.9891966,0.005615234,0,15,0.60660005,0.42976186,0.3300133,0.23076953,0.6835768,1.1204847,2.1759193,19.890366,16.66265,16.772099,15.586156,19.954414,21.675613,20.681194,18.306751,21.1689,15.964311,18.79777,15.725404,21.439985,22.800476,21.606237,19.127033,17.728727,15.289592,16.44205,13.772272,17.007866,19.081966,17.364819,16.491575,16.031897,14.504585,14.623667,13.942168,15.600836,16.938974,14.889572,15.130884,14.299451,14.326926,14.581694,13.833282,14.451776,14.965918,15.997212,14.412182,14.612306,14.814989,15.405934,15.889601,14.597332,15.90106,16.7751,15.246805,1.0348024,2.151843,6.988753,0.79673225,31.235023,31.865463,36.63865,18.746069,19.643297,16.669615,15.218814,14.636609,15.428046,56.11
4446025.567,657928.5421,74.95571,1.1948359,1.7905178,27.584812,30.780272,23.59666,22.874266,22.611425,40.62844,34.93979,38.3139,41.871826,40.11228,31.914711,34.188908,37.410973,36.397957,37.503677,2.3373415,2.117084,7.0986886,8.171699,1384.42,65.680305,0.000976563,1.1474804,0.001098633,0,15,0.59155446,0.38029975,0.27703637,0.23035686,0.6786058,0.7069576,1.2422795,18.393946,15.511396,15.82803,15.8719225,18.595304,21.053513,17.98608,17.408108,21.908041,17.96286,19.765055,17.178476,23.83659,24.844143,23.273054,20.810675,21.490253,19.019812,18.816422,19.126833,23.079836,25.054932,23.213001,21.020727,20.14268,19.701773,19.074175,19.019438,21.60109,22.320448,19.469326,20.252567,15.886815,14.835204,15.212998,14.577569,17.199505,16.814924,16.04466,15.664487,17.128008,16.816414,17.571684,16.00274,17.054092,16.85676,17.645023,16.887852,1.4926769,2.227213,7.635194,0.58672714,29.18254,37.784115,33.05181,17.605742,21.252604,21.400156,20.189848,15.795954,17.010675,56.11
4446025.567,657933.4219,101.8198,1.2055566,1.8006957,27.57628,30.648275,23.698599,22.954716,22.524311,41.3489,34.990288,39.180687,42.980568,40.89318,31.318424,33.993008,36.513214,35.412483,36.650192,2.3636897,2.1276152,7.0860457,8.159124,1384.33,66.11477,0.07910156,1.2374488,0.00769043,0,15,0.59534615,0.41028175,0.28315073,0.23857756,0.6588873,0.97066814,2.0716145,17.156464,15.551061,16.524982,14.578897,18.296091,21.201736,18.327791,17.143349,21.423397,17.708838,20.532114,17.111465,24.557835,24.922499,22.867218,20.936571,21.721003,19.000044,21.040325,17.897573,21.178812,23.089413,22.880924,20.568768,19.61831,20.739166,20.168304,19.01176,20.25721,21.361874,19.50649,20.150316,15.538759,14.552366,15.999719,14.555615,17.005667,16.532124,16.50617,15.695037,17.029894,17.264992,18.439953,16.907827,16.28976,16.846617,18.446806,17.20973,1.5031261,2.2456524,7.6225853,0.7469323,29.112278,38.169594,32.655716,17.376717,21.303339,20.972584,20.094728,15.812918,17.317978,56.11
4446025.567,657938.3018,128.00185,1.2150517,1.8350875,27.571196,30.653133,24.077673,23.126936,22.53887,41.006123,34.91149,38.685783,42.649036,41.13643,31.703213,33.992313,36.66259,35.576374,36.397728,2.392893,2.1284542,7.1366515,8.153321,1384.23,69.0503,0.2397461,1.4413648,0.017700195,0,15,0.59534615,0.41028175,0.28315073,0.23857756,0.6588873,0.97066814,2.0716145,17.789751,16.69011,16.178005,14.712326,18.680021,21.208971,17.713858,17.42538,21.52379,17.910345,20.630566,17.18864,23.980295,23.903532,23.640106,20.77433,22.22869,19.871904,20.67757,17.823263,21.907045,23.023733,22.510132,20.828756,20.137625,21.318651,20.400806,19.15418,20.086504,21.172598,19.562862,20.295647,15.8471575,15.900834,16.174875,13.856661,16.828344,16.447214,16.46244,15.822572,16.698801,18.069853,18.969679,16.038816,17.391363,17.251514,18.59813,17.494427,1.5250696,2.2606735,7.644986,0.7469323,29.112164,37.95881,32.847763,17.567577,21.253897,21.148905,20.261889,15.931075,17.574022,56.11
4446025.567,657943.1816,78.39072,1.2239239,1.8729724,27.99193,31.957281,24.58779,23.336481,22.445894,40.20095,34.159832,37.520714,41.89701,41.121765,32.40468,33.99283,37.182674,35.997993,36.428596,2.367072,2.1626189,7.1815486,8.132346,1384.1,68.811516,0.119628906,1.5051491,0.003295898,0,15,0.59534615,0.41028175,0.28315073,0.23857756,0.6588873,0.97066814,2.0716145,17.789751,16.69011,16.178005,14.712326,18.680021,21.208971,17.713858,17.42538,21.52379,17.910345,20.630566,17.18864,23.980295,23.903532,23.640106,20.77433,22.22869,19.871904,20.67757,17.823263,21.907045,23.023733,22.510132,20.828756,20.137625,21.318651,20.400806,19.15418,20.086504,21.172598,19.562862,20.295647,15.8471575,15.900834,16.174875,13.856661,16.828344,16.447214,16.46244,15.822572,16.698801,18.069853,18.969679,16.038816,17.391363,17.251514,18.59813,17.494427,1.5484481,2.2648454,7.656947,0.7469323,29.974606,37.18039,33.198753,17.567577,21.253897,21.148905,20.261889,15.931075,17.574022,56.11
4446025.567,657948.0614,70.36348,1.2321137,1.9019266,28.00039,31.970507,25.039808,23.603994,22.465096,39.47371,33.90864,36.71264,41.134773,40.945858,33.125282,34.097866,37.586285,36.41887,36.552227,2.3906417,2.1658468,7.237284,8.1223755,1383.97,66.95245,-0.2006836,1.4628376,-0.005615234,0,15,0.59534615,0.41028175,0.28315073,0.23857756,0.6588873,0.97066814,2.0716145,19.17869,16.352919,16.100697,15.370276,18.716478,21.418505,18.555685,17.694254,22.725922,17.935583,19.952873,16.86239,23.910378,24.266834,23.08322,20.793812,20.461592,18.973211,18.568144,18.534346,22.23441,22.336182,22.175695,20.021555,20.420528,21.080673,21.190643,19.056578,19.937826,21.328192,19.126026,20.284245,15.385737,15.950906,16.134325,14.6448,16.83174,16.998907,17.35676,15.923504,17.555567,17.381691,17.773935,17.026175,17.809921,17.670988,18.20675,17.512821,1.5670202,2.2782443,7.6798296,0.7469323,29.985447,36.691177,33.611572,17.956179,21.24817,20.469082,20.305782,16.186169,17.632147,56.11
4446025.567,657952.9413,71.89216,1.2381941,1.9177333,27.706278,32.299015,25.501148,23.893951,22.389515,38.807415,33.949623,36.048855,40.424168,40.654552,33.81881,33.917343,37.736584,36.73517,36.776066,2.4088724,2.1628728,7.2770267,8.107025,1383.86,68.50375,0.119628906,1.523709,0.004394531,0,15,0.59534615,0.41028175,0.28315073,0.23857756,0.6588873,0.97066814,2.0716145,19.3183,15.874929,16.099665,15.025266,17.897234,21.14411,18.25349,17.418932,23.782957,18.107748,19.1641,16.955992,23.919094,24.75986,23.250769,20.936913,20.954386,20.408848,18.876041,18.443907,22.748335,23.40939,22.249563,20.62048,21.24702,22.206057,20.300081,19.225946,19.873905,23.13155,19.762848,20.764503,16.2132,15.833633,15.98604,15.340413,16.947819,17.602932,16.78101,16.309668,17.921448,17.376614,17.741095,17.73868,17.550945,17.231382,18.342953,17.59983,1.5779637,2.2858725,7.692026,0.7469323,30.002647,36.378517,33.868076,17.658998,21.420073,21.012924,20.821058,16.386435,17.700445,56.11
4446025.567,657957.8211,86.0754,1.2442205,1.9097179,27.721193,32.31153,25.904179,24.170162,22.399218,38.08016,33.68774,35.409405,39.68215,40.206562,34.498665,34.03526,38.02937,37.113186,37.165257,2.425623,2.1644137,7.29592,8.092246,1383.73,68.967896,0.03955078,1.5956651,0.001098633,0,15,0.59534615,0.41028175,0.28315073,0.23857756,0.6588873,0.97066814,2.0716145,19.3183,15.874929,16.099665,15.025266,17.897234,21.14411,18.25349,17.418932,23.782957,18.107748,19.1641,16.955992,23.919094,24.75986,23.250769,20.936913,20.954386,20.408848,18.876041,18.443907,22.748335,23.40939,22.249563,20.62048,21.24702,22.206057,20.300081,19.225946,19.873905,23.13155,19.762848,20.764503,16.2132,15.833633,15.98604,15.340413,16.947819,17.602932,16.78101,16.309668,17.921448,17.376614,17.741095,17.73868,17.550945,17.231382,18.342953,17.59983,1.5769691,2.2950182,7.694083,0.7469323,30.016361,35.88395,34.26696,17.658998,21.420073,21.012924,20.821058,16.386435,17.700445,56.11
4446025.567,657962.7009,92.85423,1.2488879,1.8677768,27.741217,32.324627,26.3073,24.389977,22.373972,37.297676,33.40195,34.791573,38.827374,39.49513,35.181488,34.172977,38.29887,37.625107,37.894745,2.4362435,2.165891,7.2718287,8.071756,1383.59,67.90671,-0.2006836,1.5611826,-0.013427734,0,15,0.60277945,0.41455796,0.28384978,0.23905526,0.656979,0.9754554,2.0737433,19.651571,16.731771,17.613014,15.7532625,18.11808,20.959248,18.767303,18.022976,23.617496,17.891617,18.566643,16.784458,23.637669,24.894258,24.696484,20.82065,22.776646,19.31862,18.340078,18.645712,21.227594,24.743242,24.627413,20.768759,21.797003,21.20833,20.384182,18.603361,19.336056,22.491755,21.379076,20.561035,16.538404,14.891467,16.102274,14.283368,17.03674,16.941809,17.126732,16.031366,17.019224,17.763329,17.533176,17.402464,17.626793,17.711208,18.04696,17.543858,1.5583323,2.3010674,7.6717925,0.74948865,30.03292,35.349815,34.67723,18.22775,21.441233,21.382757,20.742825,16.131542,17.586164,56.11
4446025.567,657967.5808,70.184166,1.251975,1.7848713,27.76777,32.338413,26.719288,24.526215,22.298395,36.438152,33.084206,34.174423,37.808887,38.466805,35.873165,34.340626,38.55561,38.338993,39.058903,2.4397273,2.167262,7.1932135,8.043942,1383.47,68.18653,-0.20019531,1.3883452,-0.014526367,0,15,0.60277945,0.41455796,0.28384978,0.23905526,0.656979,0.9754554,2.0737433,18.97974,16.522366,16.574314,15.701689,18.64938,21.222925,18.847569,17.834402,22.78835,18.243822,19.104366,16.525476,23.538511,24.942598,24.64923,20.781796,21.932817,18.808346,19.003334,18.030436,21.307901,23.836185,23.782146,20.394463,21.309717,20.418812,20.101978,18.408522,20.343557,21.973856,20.462698,20.40276,17.249971,14.916799,15.740817,15.155278,16.927715,16.616758,16.970432,16.071959,17.012043,17.342958,18.163034,17.715733,18.08999,16.910866,18.022808,17.603313,1.5184232,2.3034947,7.618578,0.74948865,30.053093,34.761177,35.106895,18.07114,21.398909,20.95731,20.431305,16.225397,17.608204,56.11
4446025.567,657972.4606,72.77192,1.2456462,1.6640984,28.019367,33.38952,27.224833,24.627409,22.336637,35.57162,32.472893,33.438725,36.655422,37.230904,36.50705,34.29863,38.625347,39.179245,40.498135,2.4372373,2.2354493,7.0710063,8.007699,1383.37,71.15587,0.040039062,1.3314786,-0.001098633,0,15,0.60277945,0.41455796,0.28384978,0.23905526,0.656979,0.9754554,2.0737433,18.97974,16.522366,16.574314,15.701689,18.64938,21.222925,18.847569,17.834402,22.78835,18.243822,19.104366,16.525476,23.538511,24.942598,24.64923,20.781796,21.932817,18.808346,19.003334,18.030436,21.307901,23.836185,23.782146,20.394463,21.309717,20.418812,20.101978,18.408522,20.343557,21.973856,20.462698,20.40276,17.249971,14.916799,15.740817,15.155278,16.927715,16.616758,16.970432,16.071959,17.012043,17.342958,18.163034,17.715733,18.08999,16.910866,18.022808,17.603313,1.4548724,2.3363433,7.5393524,0.74948865,30.704443,34.022255,35.40284,18.07114,21.398909,20.95731,20.431305,16.225397,17.608204,56.11
4446025.567,657977.3404,87.32166,1.2564311,1.5226613,27.796244,33.9167,27.664953,24.694084,22.072416,34.784904,32.285515,33.119915,35.568115,35.982105,37.121967,34.1623,38.38915,39.896175,41.988075,2.4633465,2.218816,6.9247007,7.9646297,1383.25,73.592636,-0.24023438,1.2687948,-0.014404297,0,15,0.60277945,0.41455796,0.28384978,0.23905526,0.656979,0.9754554,2.0737433,19.029356,15.416038,15.8800125,15.745437,17.460629,20.586548,17.925974,17.212597,21.904797,17.787899,18.825268,16.554111,22.756657,22.423014,22.62219,19.95306,21.313047,18.98638,20.827272,19.513258,20.696606,22.115152,22.138386,20.29009,20.395075,19.654163,19.542633,19.610699,18.98325,20.065556,19.166607,19.53747,15.971497,15.694382,15.739176,14.990411,15.626081,15.670739,16.441893,15.609482,15.797745,16.566397,16.881168,17.128664,15.4123125,15.485757,16.040424,16.145987,1.3895462,2.3410811,7.444665,0.74948865,30.856472,33.53521,35.642136,17.434855,20.410563,20.798586,19.63114,15.733454,16.187496,56.11
4446025.567,657982.2203,77.470314,1.2526222,1.370321,27.83536,33.93346,27.962822,24.76928,21.89753,33.859,31.885408,32.567883,34.415062,34.73228,37.788353,34.42106,38.660152,40.80284,43.636715,2.451002,2.223682,6.774231,7.9273577,1383.16,76.32677,0.000488281,1.0909218,-0.004394531,0,15,0.60277945,0.41455796,0.28384978,0.23905526,0.656979,0.9754554,2.0737433,19.07526,15.851434,16.717087,15.575315,17.442158,19.646181,17.166042,17.195963,20.469254,17.75963,19.651573,16.7201,22.589298,22.815897,22.682835,19.948362,19.696548,19.089834,20.188795,20.040457,20.491734,22.848345,21.86446,20.21337,18.363342,19.003756,18.219976,18.383772,17.777155,18.433458,16.474604,18.120253,16.168242,15.639609,15.932383,14.9237,15.77148,15.838355,16.596325,15.674198,15.705407,16.9109,16.642994,16.197725,15.351328,16.684069,16.427572,16.171251,1.3114717,2.3373418,7.3507943,0.74948865,30.88441,32.872204,36.104706,17.353354,20.384083,20.60288,18.093723,15.838584,16.274284,56.11
4446025.567,657987.1001,92.68918,1.2526222,1.370321,27.83536,33.93346,27.962822,24.76928,21.89753,33.859,31.885408,32.567883,34.415062,34.73228,37.788353,34.42106,38.660152,40.80284,43.636715,2.451002,2.223682,6.774231,7.9273577,1383.16,76.32677,0.000488281,1.0909218,-0.004394531,0,15,0.60277945,0.41455796,0.28384978,0.23905526,0.656979,0.9754554,2.0737433,19.07526,15.851434,16.717087,15.575315,17.442158,19.646181,17.166042,17.195963,20.469254,17.75963,19.651573,16.7201,22.589298,22.815897,22.682835,19.948362,19.696548,19.089834,20.188795,20.040457,20.491734,22.848345,21.86446,20.21337,18.363342,19.003756,18.219976,18.383772,17.777155,18.433458,16.474604,18.120253,16.168242,15.639609,15.932383,14.9237,15.77148,15.838355,16.596325,15.674198,15.705407,16.9109,16.642994,16.197725,15.351328,16.684069,16.427572,16.171251,1.3114717,2.3373418,7.3507943,0.74948865,30.88441,32.872204,36.104706,17.353354,20.384083,20.60288,18.093723,15.838584,16.274284,56.11
4446025.567,657991.9799,105.56144,1.2484186,1.2115675,27.877731,33.948868,28.140974,24.865564,21.672176,32.97562,31.510921,32.14551,33.321934,33.56558,38.40753,34.71174,38.89583,41.66028,45.347134,2.438177,2.228578,6.6216326,7.8917165,1383.07,79.63623,-0.041015625,1.0340536,-0.002319336,0,15,0.6307672,0.4077755,0.28348458,0.24325873,0.6587688,0.97807485,2.076259,19.07526,15.851434,16.717087,15.575315,17.442158,19.646181,17.166042,17.195963,20.469254,17.75963,19.651573,16.7201,22.589298,22.815897,22.682835,19.948362,19.696548,19.089834,20.188795,20.040457,20.491734,22.848345,21.86446,20.21337,18.363342,19.003756,18.219976,18.383772,17.777155,18.433458,16.474604,18.120253,16.168242,15.639609,15.932383,14.9237,15.77148,15.838355,16.596325,15.674198,15.705407,16.9109,16.642994,16.197725,15.351328,16.684069,16.427572,16.171251,1.2299931,2.3333776,7.256675,0.7540555,30.9133,32.24327,36.559635,17.353354,20.384083,20.60288,18.093723,15.838584,16.274284,56.11
4446025.567,657996.8598,101.03717,1.2462844,1.0380648,28.036615,34.46665,27.903378,24.990742,21.241539,32.080963,30.4401,31.957499,32.24035,32.37699,39.010246,35.5386,39.080635,42.58215,47.617935,2.4311523,2.240536,6.4514713,7.8649244,1382.98,80.67489,-0.080078125,0.9721729,-0.0078125,0,15,0.6307672,0.4077755,0.28348458,0.24325873,0.6587688,0.97807485,2.076259,19.124365,15.564331,17.316757,14.814247,18.187899,19.861216,16.692722,17.304071,21.581224,17.511028,19.371445,16.864584,22.911175,23.70659,22.017565,20.131403,20.634058,18.855566,21.08802,19.60383,20.790117,23.808823,21.799402,20.62627,18.087568,16.823385,18.307089,18.402014,18.08605,18.736181,16.752493,17.915243,15.021408,15.528981,15.334883,14.322901,15.551103,16.328873,16.454975,15.317653,15.438782,15.808467,16.842167,16.60359,16.035872,16.851122,17.118574,16.291939,1.1421746,2.335844,7.158198,0.7540555,31.251633,31.260532,37.27442,17.365934,20.566229,20.939974,17.88497,15.50616,16.385511,56.11
4446025.567,658001.7396,94.200386,1.2422694,0.9861091,28.210888,34.943893,29.132576,25.133419,21.589058,31.275835,29.81086,30.68955,31.53327,32.07876,39.599716,35.24899,39.347485,43.032463,47.126236,2.3960009,2.2229154,6.377652,7.797231,1382.9,83.8792,-0.15966797,0.806771,-0.011108398,0,15,0.6307672,0.4077755,0.28348458,0.24325873,0.6587688,0.97807485,2.076259,18.325985,15.49176,16.498947,13.864782,16.79046,19.48644,15.997293,16.588112,21.495678,17.579113,18.649185,16.625668,21.901634,22.740576,22.783127,19.775194,22.113169,19.03913,18.229399,17.82868,21.47592,23.203953,22.5143,20.315945,18.527231,16.83896,17.381987,17.202131,17.119637,17.825312,17.141733,17.477236,15.445188,14.702652,15.851438,14.394194,14.907883,16.074034,16.455734,15.216726,16.327518,15.603292,16.572197,15.433716,15.812625,16.795881,16.685835,16.040447,1.1141893,2.3094583,7.0874414,0.7540555,31.57739,30.543346,37.424355,16.636524,20.253569,20.629223,17.433855,15.404447,16.175867,56.11
4446025.567,658006.6194,76.68118,1.2390962,0.9340561,28.232996,34.96828,30.036224,25.295618,21.71556,30.527575,29.361088,29.761688,30.868835,31.8058,40.1275,35.167,39.552036,43.44739,46.979095,2.364215,2.2282934,6.2944374,7.7363505,1382.84,91.22014,-0.080566406,0.67330515,-0.005615234,0,15,0.6307672,0.4077755,0.28348458,0.24325873,0.6587688,0.97807485,2.076259,18.325985,15.49176,16.498947,13.864782,16.79046,19.48644,15.997293,16.588112,21.495678,17.579113,18.649185,16.625668,21.901634,22.740576,22.783127,19.775194,22.113169,19.03913,18.229399,17.82868,21.47592,23.203953,22.5143,20.315945,18.527231,16.83896,17.381987,17.202131,17.119637,17.825312,17.141733,17.477236,15.445188,14.702652,15.851438,14.394194,14.907883,16.074034,16.455734,15.216726,16.327518,15.603292,16.572197,15.433716,15.812625,16.795881,16.685835,16.040447,1.0865761,2.2962542,7.015394,0.7540555,31.60064,29.944332,37.647247,16.636524,20.253569,20.629223,17.433855,15.404447,16.175867,56.11
4446025.567,658011.4993,97.30231,1.2358724,0.8842615,28.257738,34.990456,30.809473,25.472103,21.78034,29.830942,28.949427,28.979877,30.264366,31.608845,40.603947,35.12523,39.721737,43.81815,46.92018,2.3337526,2.2336814,6.2111998,7.678883,1382.79,95.44662,0.040527344,0.6041994,0.001098633,0,15,0.6307672,0.4077755,0.28348458,0.24325873,0.6587688,0.97807485,2.076259,18.173225,15.78108,16.333807,14.496614,17.10058,19.004124,16.470964,16.663845,21.62758,17.17557,18.617281,16.605503,21.823204,23.741472,22.83768,19.876865,19.565702,19.22463,18.644583,17.817837,21.922686,23.711033,21.826536,20.109352,18.35512,17.54816,17.833221,17.375906,18.146996,19.089535,16.84722,17.987633,15.113074,14.907571,16.379772,14.353531,16.081789,16.508694,16.311184,15.514646,15.721735,16.314941,16.326746,15.885931,15.699315,16.978163,16.450388,16.07831,1.0600669,2.2837172,6.9450417,0.7540555,31.624096,29.390184,37.864586,16.765772,20.346899,20.387571,17.885166,15.66509,16.196745,56.11
4446025.567,658016.3791,91.94823,1.2156366,0.8436304,27.884539,35.121307,31.468235,25.649994,21.836502,29.506351,28.956003,28.74799,29.892187,31.606998,40.887714,34.87601,39.380035,43.822174,46.70157,2.2887325,2.2124093,6.1458783,7.633552,1382.74,96.62206,0.079589844,0.6201197,0.005493164,0,15,0.6307672,0.4077755,0.28348458,0.24325873,0.6587688,0.97807485,2.076259,19.175137,16.151047,16.643969,14.816793,18.654427,20.115316,17.648016,17.417948,21.010204,16.396467,17.75002,16.09542,21.351187,23.382162,22.369995,19.26669,18.542017,17.099203,15.999668,14.113582,19.135159,19.650877,16.750439,17.108522,17.658325,16.237062,16.897713,14.992734,17.425735,18.503286,16.264376,16.87752,15.39081,15.324173,16.62279,14.770132,16.324808,16.925295,16.405146,15.82488,15.721735,16.314941,16.326746,15.885931,15.699315,16.978163,16.450388,16.07831,1.0296335,2.2505708,6.889715,0.7540555,31.502922,29.231178,37.881863,17.600674,19.765064,17.32728,16.854176,15.966164,16.196745,56.11
4446025.567,658021.2589,89.677765,1.2198282,0.8123668,27.790215,35.261303,32.14781,25.885994,21.97972,28.967178,28.548595,27.856571,29.482347,31.603886,41.29605,34.903786,39.69344,43.809902,46.512646,2.2643156,2.2098858,6.0847197,7.586081,1382.68,100.285255,-0.0390625,0.64043456,-0.001098633,0,15,0.62999505,0.40594876,0.28405836,0.25034082,0.6628183,0.9519604,2.0701385,18.697237,16.433737,17.016579,15.23112,18.507265,20.627985,17.338133,17.557718,20.866686,17.266006,17.827864,15.966034,21.78373,22.401043,22.649492,19.325188,19.1037,16.958563,15.31035,15.072653,18.513773,19.662292,16.997938,17.111933,17.809036,16.052233,16.956087,15.493858,16.816513,17.816442,16.219671,16.698544,15.463957,16.450916,16.184713,14.323135,16.061937,16.010515,15.88173,15.693047,15.487587,16.322603,16.109592,16.130602,15.497238,17.539331,16.24877,16.059076,1.0160975,2.2371006,6.8354006,0.75075144,31.525759,28.757887,38.09992,17.69315,19.822979,17.374182,16.737692,15.768128,16.190817,56.11
4446025.567,658026.1388,105.366936,1.2111832,0.8017885,27.78496,35.270924,32.726883,26.08996,22.00891,28.758938,28.394194,27.497921,29.225515,31.768236,41.472263,34.818455,39.633457,43.811623,46.237324,2.2411807,2.2106783,6.037899,7.5557857,1382.63,105.92341,0.080078125,0.6258332,0.002197266,0,15,0.62999505,0.40594876,0.28405836,0.25034082,0.6628183,0.9519604,2.0701385,19.599636,16.905106,17.720125,15.694532,19.240524,21.486057,19.616846,18.321653,21.024319,16.96455,18.470325,15.708558,21.794008,22.44876,22.20104,19.396393,18.440626,17.1825,16.392439,14.963994,19.238432,19.137867,17.176147,17.267994,17.633638,15.885622,16.585379,15.694826,17.018406,17.637836,14.568494,16.55895,14.662554,15.771781,15.674211,15.125754,15.748312,16.618986,15.66284,15.527467,16.044706,16.206913,16.058596,16.227741,15.774503,16.682484,16.40592,16.15084,1.0064858,2.2259295,6.7968426,0.75075144,31.527943,28.576565,38.14536,18.608976,19.801651,17.504574,16.432028,15.609206,16.200123,56.11
4446025.567,658031.0186,105.973015,1.2022465,0.8159204,27.764128,35.276974,33.28592,26.317133,22.03827,28.815596,28.327082,27.277157,29.108706,32.085873,41.522686,34.722805,39.45133,43.661987,45.82963,2.2281058,2.2111902,6.0167584,7.5441628,1382.57,109.2807,-0.16113281,0.6068324,-0.006713867,0,15,0.62999505,0.40594876,0.28405836,0.25034082,0.6628183,0.9519604,2.0701385,19.599636,16.905106,17.720125,15.694532,19.240524,21.486057,19.616846,18.321653,21.024319,16.96455,18.470325,15.708558,21.794008,22.44876,22.20104,19.396393,18.440626,17.1825,16.392439,14.963994,19.238432,19.137867,17.176147,17.267994,17.633638,15.885622,16.585379,15.694826,17.018406,17.637836,14.568494,16.55895,14.662554,15.771781,15.674211,15.125754,15.748312,16.618986,15.66284,15.527467,16.044706,16.206913,16.058596,16.227741,15.774503,16.682484,16.40592,16.15084,1.0090835,2.219648,6.7804604,0.75075144,31.52055,28.571339,38.122746,18.608976,19.801651,17.504574,16.432028,15.609206,16.200123,56.11
4446025.567,658035.8984,115.52114,1.1894531,0.8540859,27.799858,35.34388,33.870663,26.581213,22.198559,29.093336,28.059355,27.216566,29.080269,32.52602,41.458492,34.784874,39.012997,43.415703,45.265495,2.217672,2.1855197,6.0146365,7.5403366,1382.53,109.3599,0.080566406,0.5617248,0.001098633,0,15,0.62999505,0.40594876,0.28405836,0.25034082,0.6628183,0.9519604,2.0701385,19.270193,16.532152,16.545792,15.526862,18.375675,21.833553,18.580435,17.813135,20.975948,16.65803,18.893826,15.905355,22.0873,22.160395,21.957653,19.420744,18.37319,17.424952,16.874653,16.236204,17.705479,18.024435,16.761423,17.09408,16.91248,15.12209,14.744638,14.225417,15.992082,16.679495,14.440346,15.553658,14.552911,15.600624,14.832384,14.647377,15.142354,16.16121,15.0580015,15.08286,15.892996,16.500664,15.388879,15.163167,15.137473,16.558163,15.966982,15.699568,1.0217695,2.2015958,6.777487,0.75075144,31.571869,28.576345,38.12168,18.094952,19.8055,17.342905,15.445221,15.142122,15.801188,56.11
4446025.567,658040.7783,97.47586,1.1780885,0.9080027,27.75794,35.345715,34.443108,26.87024,22.249994,29.495508,28.074368,27.158226,29.081583,33.043407,41.343506,34.681168,38.6579,43.10312,44.63393,2.218793,2.184546,6.022788,7.552773,1382.48,109.42821,-0.080078125,0.51672447,-0.004516602,0,15,0.62999505,0.40594876,0.28405836,0.25034082,0.6628183,0.9519604,2.0701385,19.631372,16.430964,16.205519,16.340242,18.617292,21.42606,17.759504,17.839832,20.90884,16.975986,18.815338,16.10311,21.317097,22.340986,22.257242,19.376312,17.258703,18.358936,15.763146,16.365358,17.773846,19.010847,16.440983,17.056578,16.805197,14.795081,14.736719,14.425147,15.228875,16.948975,15.349092,15.424305,14.9774275,15.639241,14.397768,13.741998,14.843214,16.62974,15.799246,14.96082,15.583847,16.00706,14.776454,15.347612,14.855665,17.171764,16.465515,15.554821,1.0430456,2.2016695,6.787781,0.75075144,31.551826,28.784939,38.012337,18.058706,19.816944,17.281689,15.46987,15.146948,15.743988,56.11
4446025.567,658045.6581,117.10093,1.1382321,0.9702217,28.007477,35.615406,35.41689,27.354692,22.330727,29.67219,27.627636,26.66626,28.730358,33.355198,41.307945,34.762398,38.01642,43.014236,44.2199,2.2230382,2.149594,5.980541,7.5354767,1382.44,108.422226,-0.041015625,0.49795917,-0.002319336,0,15,0.62999505,0.40594876,0.28405836,0.25034082,0.6628183,0.9519604,2.0701385,20.534601,17.270536,17.297966,17.203148,19.603018,22.205278,18.777025,18.77349,20.904318,16.850431,18.702826,15.976015,21.184948,22.314714,22.192713,19.292452,17.292356,18.345953,15.804123,16.345697,17.738506,19.065928,16.524672,17.073355,16.828432,14.793673,14.736719,14.473504,15.241114,16.973154,15.341716,15.439345,14.669091,15.3758,14.067498,13.691187,14.582488,16.564524,15.827767,14.757788,15.409807,15.920105,14.768521,15.340171,14.849271,17.17203,16.45638,15.510662,1.0542269,2.186316,6.758009,0.75075144,31.811441,28.649914,38.03517,18.98451,19.73228,17.302464,15.484044,14.968336,15.702327,56.11
4446025.567,658050.5379,125.36962,1.1282855,1.0444816,27.9691,35.618168,36.098663,27.761389,22.424828,30.100899,27.605217,26.509855,28.505747,33.79627,41.147415,34.61776,37.70617,42.78128,43.56895,2.229073,2.1471941,5.9782186,7.5557137,1382.4,106.387314,0.000488281,0.5075718,0,0,15,0.6331966,0.40157968,0.31457075,0.25229663,0.6649462,0.95182234,2.0791097,20.594046,17.632496,18.120262,16.859,20.068075,21.309004,19.728516,18.898912,20.829512,16.5657,18.60258,16.298494,22.011976,20.367598,21.328938,19.012352,18.093245,15.982897,17.028221,16.916576,18.78833,18.004168,16.309935,17.114647,16.8667,15.6066,14.877155,14.289628,15.651617,15.793605,14.346047,15.3116665,15.265127,14.798343,14.54966,13.470494,14.843502,14.957326,15.561353,14.616657,15.810056,16.007366,15.326155,15.338031,15.029589,16.046474,16.143261,15.54654,1.0863836,2.1881337,6.766966,0.7567888,31.793634,28.853058,37.882587,19.187344,19.429256,17.303339,15.347335,14.777972,15.671563,56.11
4446025.567,658055.4178,121.95447,1.1107163,1.1203241,27.946575,35.369316,36.840485,28.22485,22.625513,30.509481,27.769352,26.308323,28.10664,34.20778,40.97243,34.37069,37.47346,42.697906,42.92826,2.2328706,2.139165,5.965225,7.583151,1382.36,106.55519,0.079589844,0.55288184,0.005493164,0,15,0.6331966,0.40157968,0.31457075,0.25229663,0.6649462,0.95182234,2.0791097,20.527283,16.915356,18.018166,16.356113,19.542818,22.152304,20.558945,18.8171,21.043797,16.755955,18.753096,16.16509,21.797188,20.390158,21.32463,18.945532,18.054926,16.29798,17.101046,15.7895,17.506922,19.191458,16.508236,16.983717,16.136196,14.992952,15.437402,14.322312,15.434906,16.52054,14.027262,15.294549,14.879913,14.797122,14.785701,14.215218,14.580032,14.753004,16.271526,14.6919775,14.845869,15.895474,15.540825,15.2669325,15.059739,16.35455,16.872953,15.539413,1.1155202,2.1860178,6.774188,0.7567888,31.657946,29.139416,37.671562,19.152998,19.461416,17.207151,15.267366,14.897502,15.6909075,56.11
4446025.567,658060.2976,93.60742,1.1017406,1.0909468,27.890476,35.345196,36.549717,28.28734,22.681068,31.629797,28.332682,27.238188,29.700787,35.801586,40.348145,34.262493,36.6756,41.27635,41.3956,2.2173946,2.1314585,6.0658913,7.602314,1382.31,105.44886,0.12109375,0.6983837,0.008911133,0,15,0.6331966,0.40157968,0.31457075,0.25229663,0.6649462,0.95182234,2.0791097,20.527283,16.918055,18.019608,16.367508,19.566439,22.29302,20.941313,18.844421,21.045307,16.611296,18.67912,16.170204,21.742167,20.404802,21.260328,18.895224,17.739395,16.113987,16.80532,15.581848,17.343193,19.064882,16.344738,16.77232,16.12559,14.989453,15.434245,14.322312,15.425716,16.513538,14.008019,15.288004,14.879913,14.797122,14.785701,14.215218,14.580032,14.753004,16.271526,14.6919775,14.845869,15.895474,15.540825,15.2669325,15.059739,16.35455,16.872953,15.539413,1.0963438,2.1744266,6.8341026,0.7567888,31.617836,29.98124,37.30532,19.233318,19.416172,16.999052,15.259839,14.897502,15.6909075,56.11
4446025.567,658065.1774,76.759766,1.0926865,1.0320638,27.830875,35.317215,36.046597,28.27345,22.733534,32.91692,28.996862,28.37223,31.680876,37.663914,39.60748,34.145657,35.79556,39.638706,39.66528,2.1952484,2.1223874,6.1896234,7.6227226,1382.24,102.84934,0.03955078,0.83729726,0.002197266,0,15,0.6331966,0.40157968,0.31457075,0.25229663,0.6649462,0.95182234,2.0791097,20.524475,16.866201,17.706146,16.475744,19.778664,22.331293,19.66452,18.743328,20.305826,15.72173,17.511782,15.850995,20.980371,20.348026,21.470097,18.341656,18.560335,15.676965,15.2009735,14.114892,17.263548,17.493952,16.135584,16.097126,16.9409,14.543174,15.086021,14.1524935,16.202515,16.166368,14.408221,15.43139,14.910719,14.594233,14.855167,14.534774,14.946558,15.237366,16.219736,14.859871,15.204507,16.397877,15.6228,16.28897,15.031581,15.940445,16.580296,15.629617,1.0623752,2.1588178,6.9061728,0.7567888,31.574045,30.95689,36.876568,19.049578,18.884119,16.349463,15.357099,15.04265,15.866638,56.11
4446025.567,658070.0573,75.0555,1.1000324,0.973508,27.646603,34.83782,35.477795,28.27824,22.81637,34.25451,29.55469,29.638866,33.42541,39.367058,38.821953,34.23989,35.09875,38.14958,38.043327,2.1877668,2.0972295,6.3045864,7.6548033,1382.16,97.888985,-0.079589844,0.9400797,-0.001098633,0,15,0.6331966,0.40157968,0.31457075,0.25229663,0.6649462,0.95182234,2.0791097,20.14565,16.95458,17.982584,16.939358,20.923023,20.784853,19.533918,18.788338,19.76451,15.787041,17.323067,16.172163,21.04528,19.812983,21.64604,18.244038,16.770914,14.62464,13.799567,15.124536,17.967497,17.857962,17.441309,15.94524,14.539596,14.753418,14.659824,14.037439,15.751362,15.326777,14.528803,14.839671,14.496062,14.993424,14.58561,14.573478,14.905924,15.162459,16.514406,14.848601,14.610869,15.232702,15.722261,15.714335,15.757893,15.802693,17.062065,15.462952,1.0367702,2.142498,6.979695,0.7567888,31.24221,31.904598,36.530922,19.037708,18.793013,16.226633,14.799602,15.0330515,15.700403,56.11
4446020.583,657928.5421,75.79742,1.1935954,1.7878602,27.595669,30.782236,23.63751,23.034184,22.619186,40.51166,34.888752,38.632774,41.956715,39.24274,31.950916,34.209396,37.11261,36.21528,38.249325,2.3150954,2.1184852,7.083764,8.164289,1384.46,65.077,-0.041015625,1.1214216,0,0,15,0.59155446,0.38029975,0.27703637,0.23035686,0.6786058,0.7069576,1.2422795,18.93246,15.216987,15.288607,14.52831,18.204927,20.760164,17.87624,17.080866,21.884007,17.494408,19.805532,16.852789,23.867561,24.822374,22.988276,20.625628,21.606653,18.553158,18.980736,18.528948,22.83862,23.511217,23.091938,20.567192,20.77529,19.367407,19.43532,18.383417,20.672262,20.292023,19.166056,19.677938,15.904332,15.356715,15.352802,14.601503,16.56892,16.630678,16.22237,15.606236,17.115866,16.857574,17.495882,16.830847,16.972618,18.1771,18.620962,17.295153,1.4907278,2.2167902,7.624027,0.58672714,29.188953,37.700207,33.080154,17.258242,21.102137,21.015896,19.727398,15.80533,17.438694,56.11
4446020.583,657933.4219,81.84257,1.2031088,1.7876862,27.58034,30.64749,23.555037,23.086596,22.55231,41.992855,35.19398,40.68675,44.050682,40.19347,30.649946,33.700455,35.248863,34.302948,37.16901,2.3381817,2.1286142,7.020658,8.142456,1384.37,67.314156,0.080078125,1.2261642,0.003295898,0,15,0.59534615,0.41028175,0.28315073,0.23857756,0.6588873,0.97066814,2.0716145,18.420467,15.901262,15.466734,14.4118595,17.997198,21.44134,17.882832,17.211678,21.63187,17.775064,20.446552,17.205862,24.387264,24.905252,22.847933,20.875908,22.985172,20.342688,19.198717,17.433304,21.360016,23.748077,21.260263,20.47408,20.59664,19.715036,20.315197,18.233429,20.126797,20.873152,19.639357,19.789722,15.995191,15.646339,15.511589,14.154633,16.830048,16.593199,17.35782,15.787216,18.136164,17.305368,17.8131,16.705738,16.394814,17.046606,18.243473,17.226292,1.4953976,2.233398,7.5815573,0.7469323,29.113914,38.59342,32.1752,17.360243,21.314257,20.904034,19.928516,16.01269,17.377895,56.11
4446020.583,657938.3018,85.38399,1.2130276,1.8412087,27.582174,30.654251,24.047,23.253819,22.524744,40.980774,34.90491,39.170372,42.85449,40.242306,31.644968,33.97223,36.26396,35.30465,37.235634,2.369,2.1293976,7.1122093,8.148605,1384.26,69.706825,0,1.4047972,0,0,15,0.59534615,0.41028175,0.28315073,0.23857756,0.6588873,0.97066814,2.0716145,18.715729,15.563661,16.15859,14.741699,19.218536,21.031363,18.65395,17.545519,22.220749,17.666628,20.336271,16.793295,24.500143,24.112381,22.732014,20.764772,21.42439,20.147373,19.132793,19.362207,21.712767,24.150393,21.17514,20.59174,19.980602,19.79146,20.362225,19.302782,20.705124,22.07544,19.36549,20.146675,16.274958,15.536311,16.23368,14.006307,16.89782,16.923689,16.849924,15.974286,17.369596,16.702417,17.52829,16.152903,17.057632,18.198648,18.031616,17.182934,1.5271182,2.249199,7.6304073,0.7469323,29.118214,37.94284,32.808598,17.726217,21.194498,21.01501,20.226162,16.103241,17.291586,56.11
4446020.583,657943.1816,87.632225,1.221764,1.8921125,28.012571,31.960642,24.573032,23.420504,22.391466,39.96843,34.089897,37.70058,41.869595,40.17644,32.490913,34.03055,37.047245,35.963936,37.417503,2.3306684,2.1643493,7.1580625,8.129243,1384.13,67.98981,-0.31982422,1.4520855,-0.01550293,0,15,0.59534615,0.41028175,0.28315073,0.23857756,0.6588873,0.97066814,2.0716145,18.715729,15.563661,16.15859,14.741699,19.218536,21.031363,18.65395,17.545519,22.220749,17.666628,20.336271,16.793295,24.500143,24.112381,22.732014,20.764772,21.42439,20.147373,19.132793,19.362207,21.712767,24.150393,21.17514,20.59174,19.980602,19.79146,20.362225,19.302782,20.705124,22.07544,19.36549,20.146675,16.274958,15.536311,16.23368,14.006307,16.89782,16.923689,16.849924,15.974286,17.369596,16.702417,17.52829,16.152903,17.057632,18.198648,18.031616,17.182934,1.5569382,2.247509,7.643653,0.7469323,29.986607,37.029163,33.26073,17.726217,21.194498,21.01501,20.226162,16.103241,17.291586,56.11
4446020.583,657948.0614,81.77079,1.2300682,1.9334482,28.022976,31.973337,25.004656,23.638031,22.383307,39.2135,33.846283,36.844112,41.036232,39.98095,33.2203,34.142815,37.51237,36.476997,37.64177,2.3533285,2.167422,7.2168174,8.123747,1384.04,68.409935,0.36083984,1.4784663,0.016723633,0,15,0.59534615,0.41028175,0.28315073,0.23857756,0.6588873,0.97066814,2.0716145,19.17869,16.352919,16.100697,15.370276,18.716478,21.418505,18.555685,17.694254,22.725922,17.935583,19.952873,16.86239,23.910378,24.266834,23.08322,20.793812,20.461592,18.973211,18.568144,18.534346,22.23441,22.336182,22.175695,20.021555,20.420528,21.080673,21.190643,19.056578,19.937826,21.328192,19.126026,20.284245,15.385737,15.950906,16.134325,14.6448,16.83174,16.998907,17.35676,15.923504,17.555567,17.381691,17.773935,17.026175,17.809921,17.670988,18.20675,17.512821,1.5817583,2.2603753,7.6702824,0.7469323,29.998158,36.529892,33.681557,17.956179,21.24817,20.469082,20.305782,16.186169,17.632147,56.11
4446020.583,657952.9413,69.12856,1.236631,1.9630768,27.731405,32.300854,25.445269,23.866476,22.275278,38.556168,33.90826,36.183884,40.29611,39.656303,33.88676,33.957832,37.67804,36.858204,37.99448,2.3708184,2.1643875,7.257496,8.113063,1383.9,69.513664,-0.079589844,1.5134435,-0.003295898,0,15,0.59534615,0.41028175,0.28315073,0.23857756,0.6588873,0.97066814,2.0716145,19.3183,15.874929,16.099665,15.025266,17.897234,21.14411,18.25349,17.418932,23.795368,18.122435,19.176054,16.972958,23.925068,24.768965,23.257597,20.94856,20.731201,20.319574,18.797926,18.309994,22.67022,23.36475,22.16029,20.50746,20.826084,21.785122,19.747602,18.80501,19.321426,22.710615,19.34191,20.294308,16.2206,15.834753,15.98604,15.347066,16.948145,17.602932,16.781384,16.311981,17.906305,17.363718,17.72651,17.725239,17.53636,17.213987,18.327261,17.585232,1.599854,2.267603,7.6852794,0.7469323,30.016129,36.232216,33.922295,17.658998,21.431208,20.90771,20.362537,16.388702,17.685627,56.11
4446020.583,657957.8211,57.230133,1.2427963,1.9701968,27.74795,32.31245,25.829628,24.079695,22.25076,37.85302,33.67507,35.569008,39.547054,39.17696,34.525135,34.06249,37.963657,37.283276,38.512783,2.3864727,2.1657865,7.2778625,8.102895,1383.78,67.50767,-0.03955078,1.5344414,0.002319336,0,15,0.59534615,0.41028175,0.28315073,0.23857756,0.6588873,0.97066814,2.0716145,19.3183,15.874929,16.099665,15.025266,17.897234,21.14411,18.25349,17.418932,23.782957,18.107748,19.1641,16.955992,23.919094,24.75986,23.250769,20.936913,20.954386,20.408848,18.876041,18.443907,22.748335,23.40939,22.249563,20.62048,21.24702,22.206057,20.300081,19.225946,19.873905,23.13155,19.762848,20.764503,16.2132,15.833633,15.98604,15.340413,16.947819,17.602932,16.78101,16.309668,17.921448,17.376614,17.741095,17.73868,17.550945,17.231382,18.342953,17.59983,1.6064966,2.2761297,7.6903787,0.7469323,30.030201,35.764046,34.29381,17.658998,21.420073,21.012924,20.821058,16.386435,17.700445,56.11
4446020.583,657962.7009,88.845184,1.2475975,1.9410208,27.768322,32.32468,26.20909,24.261465,22.206087,37.114025,33.417515,34.98129,38.72479,38.51363,35.15922,34.184643,38.22389,37.793488,39.257153,2.3963838,2.167189,7.2595277,8.085814,1383.66,67.34447,0.16064453,1.5983592,0.0078125,0,15,0.60277945,0.41455796,0.28384978,0.23905526,0.656979,0.9754554,2.0737433,19.651571,16.731771,17.613014,15.7532625,18.11808,20.959248,18.767303,18.022976,23.617496,17.891617,18.566643,16.784458,23.637669,24.894258,24.696484,20.82065,22.776646,19.31862,18.340078,18.645712,21.227594,24.743242,24.627413,20.768759,21.797003,21.20833,20.384182,18.603361,19.336056,22.491755,21.379076,20.561035,16.538404,14.891467,16.102274,14.283368,17.03674,16.941809,17.126732,16.031366,17.019224,17.763329,17.533176,17.402464,17.626793,17.711208,18.04696,17.543858,1.5943091,2.2817864,7.6726713,0.74948865,30.046501,35.26577,34.671932,18.22775,21.441233,21.382757,20.742825,16.131542,17.586164,56.11
4446020.583,657967.5808,72.497185,1.2507496,1.8629268,27.793058,32.337894,26.587603,24.40365,22.139675,36.318787,33.11915,34.385006,37.786755,37.673527,35.800377,34.338158,38.484844,38.43821,40.22912,2.3996022,2.168602,7.1907907,8.058316,1383.53,68.101685,0.040527344,1.4970832,0.002319336,0,15,0.60277945,0.41455796,0.28384978,0.23905526,0.656979,0.9754554,2.0737433,18.97974,16.522366,16.574314,15.701689,18.64938,21.222925,18.847569,17.834402,22.78835,18.243822,19.104366,16.525476,23.538511,24.942598,24.64923,20.781796,21.932817,18.808346,19.003334,18.030436,21.307901,23.836185,23.782146,20.394463,21.309717,20.418812,20.101978,18.408522,20.343557,21.973856,20.462698,20.40276,17.249971,14.916799,15.740817,15.155278,16.927715,16.616758,16.970432,16.071959,17.012043,17.342958,18.163034,17.715733,18.08999,16.910866,18.022808,17.603313,1.5568383,2.284102,7.6245537,0.74948865,30.065475,34.718967,35.069267,18.07114,21.398909,20.95731,20.431305,16.225397,17.608204,56.11
4446020.583,657972.4606,54.801746,1.2436374,1.7406687,28.04293,33.390385,27.085176,24.545397,22.211823,35.532516,32.50397,33.64131,36.727757,36.714264,36.37603,34.27439,38.556873,39.176525,41.335728,2.3972216,2.2381163,7.07809,8.019432,1383.41,70.4711,-0.03955078,1.4130472,0.002319336,0,15,0.60277945,0.41455796,0.28384978,0.23905526,0.656979,0.9754554,2.0737433,18.97974,16.522366,16.574314,15.701689,18.64938,21.222925,18.847569,17.834402,22.78835,18.243822,19.104366,16.525476,23.538511,24.942598,24.64923,20.781796,21.932817,18.808346,19.003334,18.030436,21.307901,23.836185,23.782146,20.394463,21.309717,20.418812,20.101978,18.408522,20.343557,21.973856,20.462698,20.40276,17.249971,14.916799,15.740817,15.155278,16.927715,16.616758,16.970432,16.071959,17.012043,17.342958,18.163034,17.715733,18.08999,16.910866,18.022808,17.603313,1.492153,2.317669,7.5487614,0.74948865,30.716658,34.01824,35.32521,18.07114,21.398909,20.95731,20.431305,16.225397,17.608204,56.11
4446020.583,657977.3404,73.70694,1.2556025,1.5961716,27.813622,33.918125,27.523216,24.64394,21.973455,34.859432,32.33615,33.359512,35.783585,35.788193,36.917454,34.093777,38.27256,39.75399,42.447536,2.4289877,2.2212083,6.9394274,7.971829,1383.3,72.72921,0.16064453,1.3496284,0.004516602,0,15,0.60277945,0.41455796,0.28384978,0.23905526,0.656979,0.9754554,2.0737433,19.029356,15.416038,15.8800125,15.745437,17.460629,20.586548,17.925974,17.212597,22.654879,18.310635,19.709436,16.910961,23.951963,23.913546,23.69943,20.84662,21.654755,19.475643,21.327274,20.041887,21.135063,22.495287,22.728456,20.745861,21.786604,21.362644,21.210949,21.09987,20.30891,21.539606,20.883986,21.069048,16.599375,15.700605,15.885426,14.987916,16.030846,16.240324,16.59995,15.882181,17.347311,17.732616,18.421305,18.228779,17.123083,16.594467,17.877151,17.564623,1.4258871,2.325098,7.4556284,0.74948865,30.865873,33.597794,35.505615,17.434855,21.307264,21.265482,21.170366,16.00635,17.617817,56.11
4446020.583,657982.2203,85.24778,1.2517208,1.4422662,27.849945,33.934917,27.829044,24.742086,21.83057,33.99454,31.9394,32.790855,34.71759,34.7654,37.539867,34.3355,38.553143,40.57626,43.80048,2.4152403,2.2262688,6.795671,7.9308777,1383.18,73.31278,-0.19921875,1.1963774,-0.009887695,0,15,0.60277945,0.41455796,0.28384978,0.23905526,0.656979,0.9754554,2.0737433,19.07526,15.851434,16.717087,15.575315,17.442158,19.646181,17.166042,17.195963,20.469254,17.75963,19.651573,16.7201,22.589298,22.815897,22.682835,19.948362,19.696548,19.089834,20.188795,20.040457,20.491734,22.848345,21.86446,20.21337,18.363342,19.003756,18.219976,18.383772,17.777155,18.433458,16.474604,18.120253,16.168242,15.639609,15.932383,14.9237,15.77148,15.838355,16.596325,15.674198,15.705407,16.9109,16.642994,16.197725,15.351328,16.684069,16.427572,16.171251,1.3469934,2.3207545,7.3632746,0.74948865,30.892431,32.966972,35.937683,17.353354,20.384083,20.60288,18.093723,15.838584,16.274284,56.11
4446020.583,657987.1001,108.300735,1.2517208,1.4422662,27.849945,33.934917,27.829044,24.742086,21.83057,33.99454,31.9394,32.790855,34.71759,34.7654,37.539867,34.3355,38.553143,40.57626,43.80048,2.4152403,2.2262688,6.795671,7.9308777,1383.18,73.31278,-0.19921875,1.1963774,-0.009887695,0,15,0.60277945,0.41455796,0.28384978,0.23905526,0.656979,0.9754554,2.0737433,19.07526,15.851434,16.717087,15.575315,17.442158,19.646181,17.166042,17.195963,20.469254,17.75963,19.651573,16.7201,22.589298,22.815897,22.682835,19.948362,19.696548,19.089834,20.188795,20.040457,20.491734,22.848345,21.86446,20.21337,18.363342,19.003756,18.219976,18.383772,17.777155,18.433458,16.474604,18.120253,16.168242,15.639609,15.932383,14.9237,15.77148,15.838355,16.596325,15.674198,15.705407,16.9109,16.642994,16.197725,15.351328,16.684069,16.427572,16.171251,1.3469934,2.3207545,7.3632746,0.74948865,30.892431,32.966972,35.937683,17.353354,20.384083,20.60288,18.093723,15.838584,16.274284,56.11
4446020.583,657991.9799,133.70332,1.2475451,1.2883488,27.888494,33.95127,28.08405,24.848015,21.66383,33.158947,31.556915,32.290417,33.70251,33.800068,38.12359,34.581573,38.808342,41.357765,45.162167,2.399316,2.2314305,6.6514983,7.890128,1383.09,73.94711,-0.040527344,1.0880975,-0.004516602,0,15,0.6307672,0.4077755,0.28348458,0.24325873,0.6587688,0.97807485,2.076259,19.07526,15.851434,16.717087,15.575315,17.442158,19.646181,17.166042,17.195963,20.469254,17.75963,19.651573,16.7201,22.589298,22.815897,22.682835,19.948362,19.696548,19.089834,20.188795,20.040457,20.491734,22.848345,21.86446,20.21337,18.363342,19.003756,18.219976,18.383772,17.777155,18.433458,16.474604,18.120253,16.168242,15.639609,15.932383,14.9237,15.77148,15.838355,16.596325,15.674198,15.705407,16.9109,16.642994,16.197725,15.351328,16.684069,16.427572,16.171251,1.267947,2.3153734,7.270813,0.7540555,30.919884,32.357933,36.35258,17.353354,20.384083,20.60288,18.093723,15.838584,16.274284,56.11
4446020.583,657996.8598,101.46997,1.2454568,1.1514568,28.030205,34.47913,28.440826,24.97002,21.559055,32.265377,30.336935,31.494745,32.757816,32.97875,38.753872,35.151207,39.095417,42.115482,46.30359,2.3806896,2.2441497,6.5147634,7.8420434,1383,74.59571,-0.080078125,1.0248036,-0.005493164,0,15,0.6307672,0.4077755,0.28348458,0.24325873,0.6587688,0.97807485,2.076259,19.124365,15.564331,17.316757,14.814247,18.187899,19.861216,16.692722,17.304071,21.581224,17.511028,19.371445,16.864584,22.911175,23.70659,22.017565,20.131403,20.634058,18.855566,21.08802,19.60383,20.790117,23.808823,21.799402,20.62627,18.087568,16.823385,18.307089,18.402014,18.08605,18.736181,16.752493,17.915243,15.021408,15.528981,15.334883,14.322901,15.551103,16.328873,16.454975,15.317653,15.438782,15.808467,16.842167,16.60359,16.035872,16.851122,17.118574,16.291939,1.1984568,2.3124197,7.1784034,0.7540555,31.254667,31.301155,36.952538,17.365934,20.566229,20.939974,17.88497,15.50616,16.385511,56.11
4446020.583,658001.7396,99.87453,1.2411966,1.0562009,28.219685,34.94555,29.076824,25.102287,21.614197,31.508604,29.848898,30.768679,31.966654,32.474148,39.26053,35.124958,39.322006,42.698486,46.69923,2.350937,2.2268481,6.4069595,7.790616,1382.92,77.672646,0.000976563,0.93848425,-0.002197266,0,15,0.6307672,0.4077755,0.28348458,0.24325873,0.6587688,0.97807485,2.076259,18.604763,15.153796,16.62362,14.52907,17.515934,19.464312,16.243307,16.80834,21.625288,17.549149,19.422775,16.867558,22.983086,23.785803,22.09975,20.176857,20.5563,18.8206,21.044567,19.560879,20.716143,23.745005,21.572926,20.571192,17.922361,16.819153,18.295979,18.402014,17.938309,18.57521,16.284044,17.838993,14.837773,15.264908,15.095092,14.178239,15.33567,16.148823,16.293781,15.112678,15.438782,15.808467,16.842167,16.60359,16.035872,16.851122,17.118574,16.291939,1.1486988,2.2888925,7.098788,0.7540555,31.582617,30.678751,37.19274,16.8764,20.619059,20.859488,17.748152,15.3077545,16.385511,56.11
4446020.583,658006.6194,70.68029,1.2376704,0.9860256,28.246044,34.967587,29.82356,25.240484,21.684475,30.78178,29.42598,29.931925,31.276728,32.135715,39.742928,35.104713,39.556393,43.159565,46.765625,2.3166652,2.232194,6.312126,7.7317734,1382.84,84.812454,-0.12060547,0.7909015,-0.008911133,0,15,0.6307672,0.4077755,0.28348458,0.24325873,0.6587688,0.97807485,2.076259,18.325985,15.49176,16.498947,13.864782,16.79046,19.48644,15.997293,16.588112,21.495678,17.579113,18.649185,16.625668,21.901634,22.740576,22.783127,19.775194,22.113169,19.03913,18.229399,17.82868,21.47592,23.203953,22.5143,20.315945,18.527231,16.83896,17.381987,17.202131,17.119637,17.825312,17.141733,17.477236,15.445188,14.702652,15.851438,14.394194,14.907883,16.074034,16.455734,15.216726,16.327518,15.603292,16.572197,15.433716,15.812625,16.795881,16.685835,16.040447,1.111848,2.2744296,7.02195,0.7540555,31.606815,30.10388,37.42382,16.636524,20.253569,20.629223,17.433855,15.404447,16.175867,56.11
4446020.583,658011.4993,94.522026,1.2342049,0.92401284,28.274426,34.988968,30.521713,25.383726,21.73478,30.096363,29.018307,29.1484,30.649761,31.885338,40.17509,35.091293,39.782013,43.573902,46.79691,2.2802265,2.2376683,6.2204275,7.673019,1382.78,93.8182,-0.079589844,0.64591396,-0.005493164,0,15,0.6307672,0.4077755,0.28348458,0.24325873,0.6587688,0.97807485,2.076259,18.173225,15.78108,16.333807,14.496614,17.10058,19.004124,16.470964,16.663845,21.62758,17.17557,18.617281,16.605503,21.823204,23.741472,22.83768,19.876865,19.565702,19.22463,18.644583,17.817837,21.922686,23.711033,21.826536,20.109352,18.35512,17.54816,17.833221,17.375906,18.146996,19.089535,16.84722,17.987633,15.113074,14.907571,16.379772,14.353531,16.081789,16.508694,16.311184,15.514646,15.721735,16.314941,16.326746,15.885931,15.699315,16.978163,16.450388,16.07831,1.0791088,2.2589474,6.946723,0.7540555,31.631697,29.557335,37.633194,16.765772,20.346899,20.387571,17.885166,15.66509,16.196745,56.11
4446020.583,658016.3791,103.64268,1.2123019,0.8698911,27.900288,35.118896,31.104475,25.519745,21.784403,29.836075,29.047235,28.93418,30.303493,31.863869,40.378178,34.847054,39.471897,43.580166,46.610394,2.2237263,2.2154732,6.1497383,7.6258373,1382.73,99.876076,0.03955078,0.66872543,0.003295898,0,15,0.6307672,0.4077755,0.28348458,0.24325873,0.6587688,0.97807485,2.076259,19.175137,16.151047,16.643969,14.816793,18.654427,20.115316,17.648016,17.417948,21.010204,16.396467,17.75002,16.09542,21.351187,23.382162,22.369995,19.26669,18.542017,17.099203,15.999668,14.113582,19.135159,19.650877,16.750439,17.108522,17.658325,16.237062,16.897713,14.992734,17.425735,18.503286,16.264376,16.87752,15.39081,15.324173,16.62279,14.770132,16.324808,16.925295,16.405146,15.82488,15.721735,16.314941,16.326746,15.885931,15.699315,16.978163,16.450388,16.07831,1.0410964,2.2195997,6.887788,0.7540555,31.509592,29.441654,37.612617,17.600674,19.765064,17.32728,16.854176,15.966164,16.196745,56.11
4446020.583,658021.2589,95.447,1.2176028,0.8251665,27.81483,35.259968,31.741117,25.72052,21.92099,29.232855,28.602468,27.926956,29.824022,31.767061,40.77257,34.914387,39.923504,43.658215,46.523785,2.1897426,2.2133272,6.076436,7.571388,1382.67,103.18576,0.040527344,0.69137853,0,0,15,0.62999505,0.40594876,0.28405836,0.25034082,0.6628183,0.9519604,2.0701385,18.697237,16.433737,17.016579,15.23112,18.507265,20.627985,17.338133,17.557718,20.866686,17.266006,17.827864,15.966034,21.78373,22.401043,22.649492,19.325188,19.1037,16.958563,15.31035,15.072653,18.513773,19.662292,16.997938,17.111933,17.809036,16.052233,16.956087,15.493858,16.816513,17.816442,16.219671,16.698544,15.463957,16.450916,16.184713,14.323135,16.061937,16.010515,15.88173,15.693047,15.487587,16.322603,16.109592,16.130602,15.497238,17.539331,16.24877,16.059076,1.0213847,2.2015347,6.8239117,0.75075144,31.5374,28.917662,37.84348,17.69315,19.822979,17.374182,16.737692,15.768128,16.190817,56.11
4446020.583,658026.1388,126.636894,1.2088052,0.802346,27.817455,35.270172,32.2717,25.88839,21.946617,28.979263,28.425146,27.513834,29.514608,31.842302,40.92608,34.84813,39.952305,43.73757,46.3357,2.1582866,2.2142508,6.0174294,7.534989,1382.61,104.34578,-0.080566406,0.635807,-0.003417969,0,15,0.62999505,0.40594876,0.28405836,0.25034082,0.6628183,0.9519604,2.0701385,19.599636,16.905106,17.720125,15.694532,19.240524,21.486057,19.616846,18.321653,21.024319,16.96455,18.470325,15.708558,21.794008,22.44876,22.20104,19.396393,18.440626,17.1825,16.392439,14.963994,19.238432,19.137867,17.176147,17.267994,17.633638,15.885622,16.585379,15.694826,17.018406,17.637836,14.568494,16.55895,14.662554,15.771781,15.674211,15.125754,15.748312,16.618986,15.66284,15.527467,16.044706,16.206913,16.058596,16.227741,15.774503,16.682484,16.40592,16.15084,1.0055757,2.1862688,6.776209,0.75075144,31.543814,28.702206,37.887104,18.608976,19.801651,17.504574,16.432028,15.609206,16.200123,56.11
4446020.583,658031.0186,114.93149,1.1998082,0.81329715,27.795288,35.276184,32.82455,26.118437,21.985415,29.033245,28.358149,27.300247,29.379642,32.14015,40.995815,34.749695,39.76789,43.60066,45.91726,2.1482246,2.214662,5.997061,7.525433,1382.56,102.97627,0.000976563,0.57309645,-0.003295898,0,15,0.62999505,0.40594876,0.28405836,0.25034082,0.6628183,0.9519604,2.0701385,19.599636,16.905106,17.720125,15.694532,19.240524,21.486057,19.616846,18.321653,21.024319,16.96455,18.470325,15.708558,21.794008,22.44876,22.20104,19.396393,18.440626,17.1825,16.392439,14.963994,19.238432,19.137867,17.176147,17.267994,17.633638,15.885622,16.585379,15.694826,17.018406,17.637836,14.568494,16.55895,14.662554,15.771781,15.674211,15.125754,15.748312,16.618986,15.66284,15.527467,16.044706,16.206913,16.058596,16.227741,15.774503,16.682484,16.40592,16.15084,1.0065527,2.1814432,6.7612467,0.75075144,31.535736,28.695698,37.872757,18.608976,19.801651,17.504574,16.432028,15.609206,16.200123,56.11
4446020.583,658035.8984,111.05774,1.1874027,0.8542615,27.823147,35.34255,33.42799,26.411695,22.161236,29.342684,28.112057,27.293098,29.36286,32.618347,40.976982,34.791267,39.265675,43.316906,45.269234,2.1497185,2.1893904,6.0055075,7.529513,1382.51,102.51442,-0.12011719,0.5285333,-0.005493164,0,15,0.62999505,0.40594876,0.28405836,0.25034082,0.6628183,0.9519604,2.0701385,19.270193,16.532152,16.545792,15.526862,18.375675,21.833553,18.580435,17.813135,20.975948,16.65803,18.893826,15.905355,22.0873,22.160395,21.957653,19.420744,18.37319,17.424952,16.874653,16.236204,17.705479,18.024435,16.761423,17.09408,16.91248,15.12209,14.744638,14.225417,15.992082,16.679495,14.440346,15.553658,14.552911,15.600624,14.832384,14.647377,15.142354,16.16121,15.0580015,15.08286,15.892996,16.500664,15.388879,15.163167,15.137473,16.558163,15.966982,15.699568,1.0208321,2.1695545,6.7675104,0.75075144,31.582848,28.727371,37.884125,18.094952,19.8055,17.342905,15.445221,15.142122,15.801188,56.11
4446020.583,658040.7783,109.364395,1.176162,0.9091394,27.774315,35.34359,34.00339,26.719776,22.227062,29.775602,28.150475,27.298641,29.399282,33.17804,40.904377,34.671955,38.844162,42.96044,44.559776,2.1612177,2.1880627,6.0252185,7.54877,1382.47,103.23479,-0.000488281,0.50023913,-0.002197266,0,15,0.62999505,0.40594876,0.28405836,0.25034082,0.6628183,0.9519604,2.0701385,19.631372,16.430964,16.205519,16.340242,18.617292,21.42606,17.759504,17.839832,20.90884,16.975986,18.815338,16.10311,21.317097,22.340986,22.257242,19.376312,17.258703,18.358936,15.763146,16.365358,17.773846,19.010847,16.440983,17.056578,16.805197,14.795081,14.736719,14.425147,15.228875,16.948975,15.349092,15.424305,14.9774275,15.639241,14.397768,13.741998,14.843214,16.62974,15.799246,14.96082,15.583847,16.00706,14.776454,15.347612,14.855665,17.171764,16.465515,15.554821,1.0426507,2.1746402,6.786994,0.75075144,31.558952,28.96304,37.788166,18.058706,19.816944,17.281689,15.46987,15.146948,15.743988,56.11
4446020.583,658045.6581,88.48915,1.155377,0.966043,27.82652,35.277313,34.798294,27.203772,22.412144,30.213015,28.602251,27.444016,29.275028,33.47183,40.698845,34.365036,38.101776,42.47511,44.048767,2.1762083,2.1453996,6.0126534,7.554406,1382.43,104.01566,0.000976563,0.4721605,0,0,15,0.62999505,0.40594876,0.28405836,0.25034082,0.6628183,0.9519604,2.0701385,20.534601,17.270536,17.297966,17.203148,19.603018,22.205278,18.777025,18.77349,20.904318,16.850431,18.702826,15.976015,21.184948,22.314714,22.192713,19.292452,17.292356,18.345953,15.804123,16.345697,17.738506,19.065928,16.524672,17.073355,16.828432,14.793673,14.736719,14.473504,15.241114,16.973154,15.341716,15.439345,14.669091,15.3758,14.067498,13.691187,14.582488,16.564524,15.827767,14.757788,15.409807,15.920105,14.768521,15.340171,14.849271,17.17203,16.45638,15.510662,1.06071,2.1608038,6.7835298,0.75075144,31.551918,29.407633,37.53194,18.98451,19.73228,17.302464,15.484044,14.968336,15.702327,56.11
4446020.583,658050.5379,105.80056,1.1396245,1.0262743,27.912651,35.54018,35.42838,27.55787,22.401468,30.639492,28.349659,27.281227,29.2562,34.057713,40.57276,34.320976,37.58195,42.229023,43.353413,2.182286,2.1390114,6.021468,7.569183,1382.39,104.40686,0.040039062,0.51792616,0.002197266,0,15,0.6331966,0.40157968,0.31457075,0.25229663,0.6649462,0.95182234,2.0791097,20.594046,17.632496,18.120262,16.859,20.068075,21.309004,19.728516,18.898912,20.829512,16.5657,18.60258,16.298494,22.011976,20.367598,21.328938,19.012352,18.093245,15.982897,17.028221,16.916576,18.78833,18.004168,16.309935,17.114647,16.8667,15.6066,14.877155,14.289628,15.651617,15.793605,14.346047,15.3116665,15.22399,14.822737,14.491928,13.536433,14.700098,14.806762,15.344098,14.569218,15.790959,15.949129,15.291679,15.278931,15.00689,16.009163,16.106136,15.509801,1.0829494,2.1606488,6.7953253,0.7567888,31.726416,29.494576,37.44687,19.187344,19.429256,17.303339,15.347335,14.703721,15.63327,56.11
4446020.583,658055.4178,125.41063,1.1079284,1.0485104,27.945272,35.35046,35.958042,27.90207,22.58937,31.109983,28.232588,27.174706,29.36574,34.740185,40.414333,34.38324,37.184525,41.88497,42.550358,2.1835659,2.1388521,6.021764,7.5767,1382.34,105.76992,-0.040527344,0.580303,-0.002319336,0,15,0.6331966,0.40157968,0.31457075,0.25229663,0.6649462,0.95182234,2.0791097,20.527283,16.918055,18.019608,16.367508,19.566439,22.29302,20.941313,18.844421,21.045307,16.611296,18.67912,16.170204,21.742167,20.404802,21.260328,18.895224,17.739395,16.113987,16.80532,15.581848,17.343193,19.064882,16.344738,16.77232,16.12559,14.989453,15.434245,14.322312,15.425716,16.513538,14.008019,15.288004,14.879913,14.797122,14.785701,14.215218,14.580032,14.753004,16.271526,14.6919775,14.845869,15.895474,15.540825,15.2669325,15.059739,16.35455,16.872953,15.539413,1.0782194,2.161209,6.799232,0.7567888,31.647865,29.671286,37.39879,19.233318,19.416172,16.999052,15.259839,14.897502,15.6909075,56.11
4446020.583,658060.2976,58.866116,1.0990311,1.0447199,27.895872,35.33533,35.981167,28.065847,22.659716,32.00661,28.589983,27.73918,30.346117,35.926624,39.949417,34.262497,36.5511,40.904957,41.344925,2.1775784,2.132565,6.090589,7.59811,1382.29,103.18576,0.040527344,0.69137853,0.002319336,0,15,0.6331966,0.40157968,0.31457075,0.25229663,0.6649462,0.95182234,2.0791097,20.527283,16.918055,18.019608,16.367508,19.566439,22.29302,20.941313,18.844421,21.045307,16.611296,18.67912,16.170204,21.742167,20.404802,21.260328,18.895224,17.739395,16.113987,16.80532,15.581848,17.343193,19.064882,16.344738,16.77232,16.12559,14.989453,15.434245,14.322312,15.425716,16.513538,14.008019,15.288004,14.879913,14.797122,14.785701,14.215218,14.580032,14.753004,16.271526,14.6919775,14.845869,15.895474,15.540825,15.2669325,15.059739,16.35455,16.872953,15.539413,1.0718756,2.1550717,6.84435,0.7567888,31.6156,30.298298,37.105957,19.233318,19.416172,16.999052,15.259839,14.897502,15.6909075,56.11
4446020.583,658065.1774,73.72122,1.1060836,1.0029826,27.722427,34.8598,35.57417,28.11031,22.740314,33.1969,29.040648,28.845493,31.855667,37.42682,39.282845,34.37171,35.899036,39.54608,39.838287,2.1793625,2.1125124,6.183815,7.629354,1382.22,99.301414,-0.12060547,0.79833263,-0.004516602,0,15,0.6331966,0.40157968,0.31457075,0.25229663,0.6649462,0.95182234,2.0791097,20.524475,16.866201,17.706146,16.475744,19.778664,22.331293,19.66452,18.743328,20.305826,15.72173,17.511782,15.850995,20.980371,20.348026,21.470097,18.341656,18.560335,15.676965,15.2009735,14.114892,17.263548,17.493952,16.135584,16.097126,16.9409,14.543174,15.086021,14.1524935,16.202515,16.166368,14.408221,15.43139,14.910719,14.594233,14.855167,14.534774,14.946558,15.237366,16.219736,14.859871,15.204507,16.397877,15.6228,16.28897,15.031581,15.940445,16.580296,15.629617,1.0545331,2.1459374,6.9065847,0.7567888,31.291113,31.118774,36.82728,19.049578,18.884119,16.349463,15.357099,15.04265,15.866638,56.11
4446020.583,658070.0573,69.1616,1.0994663,0.96403986,27.660286,34.83795,35.28135,28.144104,22.80659,34.338036,29.558025,29.721344,33.240818,38.865414,38.64187,34.255672,35.16671,38.37001,38.501583,2.164969,2.0999885,6.284936,7.6536155,1382.16,96.55148,0.2006836,0.8795898,0.008911133,0,15,0.6331966,0.40157968,0.31457075,0.25229663,0.6649462,0.95182234,2.0791097,20.14565,16.95458,17.982584,16.939358,20.923023,20.784853,19.533918,18.788338,19.76451,15.787041,17.323067,16.172163,21.04528,19.812983,21.64604,18.244038,16.770914,14.62464,13.799567,15.124536,17.967497,17.857962,17.441309,15.94524,14.539596,14.753418,14.659824,14.037439,15.751362,15.326777,14.528803,14.839671,14.496062,14.993424,14.58561,14.573478,14.905924,15.162459,16.514406,14.848601,14.610869,15.232702,15.722261,15.714335,15.757893,15.802693,17.062065,15.462952,1.0317531,2.1324787,6.9692755,0.7567888,31.249119,31.94803,36.44877,19.037708,18.793013,16.226633,14.799602,15.0330515,15.700403,56.11
4446015.599,657928.5421,62.79345,1.1931583,1.8033006,27.609846,30.78585,23.814655,23.184767,22.606482,39.81114,34.677258,38.05762,41.158813,38.281174,32.535797,34.437027,37.549377,36.78161,39.169624,2.2990508,2.1198251,7.1131673,8.165886,1384.51,65.80093,0.20019531,1.0833478,0.011108398,0,15,0.59155446,0.38029975,0.27703637,0.23035686,0.6786058,0.7069576,1.2422795,18.93246,15.216987,15.288607,14.52831,18.204927,20.760164,17.87624,17.080866,21.884007,17.494408,19.805532,16.852789,23.867561,24.822374,22.988276,20.625628,21.606653,18.553158,18.980736,18.528948,22.83862,23.511217,23.091938,20.567192,20.77529,19.367407,19.43532,18.383417,20.672262,20.292023,19.166056,19.677938,15.904332,15.356715,15.352802,14.601503,16.56892,16.630678,16.22237,15.606236,17.115866,16.857574,17.495882,16.830847,16.972618,18.1771,18.620962,17.295153,1.4982295,2.2094378,7.6395264,0.58672714,29.19785,37.244198,33.486412,17.258242,21.102137,21.015896,19.727398,15.80533,17.438694,56.11
4446015.599,657933.4219,74.11824,1.2003808,1.8278229,27.595802,30.786587,23.93657,23.255108,22.614227,40.343052,34.876167,38.746284,41.985588,38.90464,32.108562,34.119938,36.792942,36.031113,38.550503,2.324502,2.1203752,7.108053,8.155705,1384.41,67.32923,0.000488281,1.2260294,0.003417969,0,15,0.59534615,0.41028175,0.28315073,0.23857756,0.6588873,0.97066814,2.0716145,18.420467,15.901262,15.466734,14.4118595,17.997198,21.44134,17.882832,17.211678,21.63187,17.775064,20.446552,17.205862,24.387264,24.905252,22.847933,20.875908,22.985172,20.342688,19.198717,17.433304,21.360016,23.748077,21.260263,20.47408,20.59664,19.715036,20.315197,18.233429,20.126797,20.873152,19.639357,19.789722,15.995191,15.646339,15.511589,14.154633,16.830048,16.593199,17.35782,15.787216,18.136164,17.305368,17.8131,16.705738,16.394814,17.046606,18.243473,17.226292,1.5141019,2.2224386,7.6318793,0.7469323,29.191195,37.60961,33.11425,17.360243,21.314257,20.904034,19.928516,16.01269,17.377895,56.11
4446015.599,657938.3018,53.339363,1.2025888,1.8632447,27.854078,31.318533,24.235502,23.37832,22.46484,40.007057,34.40696,38.281055,41.7923,39.124798,32.36421,34.106567,37.096306,36.15755,38.407185,2.3021438,2.1597142,7.1270633,8.134931,1384.31,66.97042,0.08105469,1.3540312,0.0078125,0,15,0.59534615,0.41028175,0.28315073,0.23857756,0.6588873,0.97066814,2.0716145,18.715729,15.563661,16.15859,14.741699,19.218536,21.031363,18.65395,17.545519,22.220749,17.666628,20.336271,16.793295,24.500143,24.112381,22.732014,20.764772,21.42439,20.147373,19.132793,19.362207,21.712767,24.150393,21.17514,20.59174,19.980602,19.79146,20.362225,19.302782,20.705124,22.07544,19.36549,20.146675,16.274958,15.536311,16.23368,14.006307,16.89782,16.923689,16.849924,15.974286,17.369596,16.702417,17.52829,16.152903,17.057632,18.198648,18.031616,17.182934,1.5329168,2.230929,7.6309967,0.7469323,29.586306,37.20701,33.23539,17.726217,21.194498,21.01501,20.226162,16.103241,17.291586,56.11
4446015.599,657943.1816,51.982655,1.2167823,1.9146019,27.77979,32.22496,24.706001,23.547884,22.460716,39.45989,33.942524,37.469734,41.185432,39.14934,32.92984,34.066235,37.147884,36.49782,38.467403,2.323689,2.1841285,7.1829624,8.128769,1384.2,67.258514,0.19921875,1.4443852,0.008789063,0,15,0.59534615,0.41028175,0.28315073,0.23857756,0.6588873,0.97066814,2.0716145,18.715729,15.563661,16.15859,14.741699,19.218536,21.031363,18.65395,17.545519,22.220749,17.666628,20.336271,16.793295,24.500143,24.112381,22.732014,20.764772,21.42439,20.147373,19.132793,19.362207,21.712767,24.150393,21.17514,20.59174,19.980602,19.79146,20.362225,19.302782,20.705124,22.07544,19.36549,20.146675,16.274958,15.536311,16.23368,14.006307,16.89782,16.923689,16.849924,15.974286,17.369596,16.702417,17.52829,16.152903,17.057632,18.198648,18.031616,17.182934,1.5656922,2.2539086,7.6558657,0.7469323,30.002377,36.701206,33.49804,17.726217,21.194498,21.01501,20.226162,16.103241,17.291586,56.11
4446015.599,657948.0614,60.39888,1.2253869,1.9645203,27.794554,32.235863,25.078407,23.715626,22.4268,38.830692,33.7519,36.783012,40.529587,38.982613,33.520557,34.138695,37.499607,36.889313,38.717323,2.3425276,2.186125,7.2338643,8.125769,1384.07,70.20806,-0.080566406,1.5219623,0,0,15,0.59534615,0.41028175,0.28315073,0.23857756,0.6588873,0.97066814,2.0716145,19.145979,15.272279,15.884466,14.700302,18.741209,20.983704,18.74973,17.330378,22.35313,17.963537,19.92599,16.878975,23.885954,24.406431,22.856537,20.729937,22.116304,18.625326,19.481745,17.956673,22.18323,23.900728,21.078577,20.493357,21.495358,19.058836,20.685062,17.985285,20.559326,20.982962,19.885801,19.941887,15.606227,15.6133375,16.76897,13.859477,17.062994,17.249298,15.48287,15.919326,17.76627,16.432875,18.145887,16.604635,18.511257,18.182068,17.786722,17.60968,1.5949535,2.2643263,7.6798162,0.7469323,30.01521,36.291298,33.829628,17.639668,21.181507,20.763226,20.093233,15.949025,17.632816,56.11
4446015.599,657952.9413,77.157486,1.2352408,2.0108738,27.75463,32.30285,25.4353,23.845943,22.168674,38.242226,33.851257,36.178864,40.057697,38.703846,34.027264,34.01827,37.718864,37.053867,39.148304,2.3341885,2.1659408,7.2488585,8.119517,1383.94,69.45034,-0.16064453,1.4681635,-0.011108398,0,15,0.59534615,0.41028175,0.28315073,0.23857756,0.6588873,0.97066814,2.0716145,18.576426,15.666757,15.710224,14.7304325,19.227661,20.357927,17.865572,17.177212,23.259657,17.983414,19.446657,17.025331,24.032993,24.60295,22.740591,20.805904,21.044098,21.282896,18.67719,16.698942,21.922562,23.968746,20.562714,20.311522,20.77205,20.40982,20.054287,17.30029,20.552765,20.441776,19.951483,19.787811,15.560954,15.023116,16.39924,14.26192,17.329721,16.292624,15.609482,15.749344,17.27976,17.16397,18.002407,16.551172,18.198486,17.580225,17.56071,17.45337,1.6230574,2.2500646,7.684188,0.7469323,30.02874,36.04674,34.022766,17.447857,21.298798,20.593878,19.926067,15.782437,17.476675,56.11
4446015.599,657957.8211,56.232204,1.2416774,2.042495,27.771534,32.313084,25.788496,24.01368,22.118649,37.61194,33.6683,35.65246,39.389507,38.230858,34.591263,34.089252,37.950737,37.43517,39.732964,2.3496957,2.167203,7.282434,8.116781,1383.84,68.409935,0.2397461,1.4784663,0.013305664,0,15,0.59534615,0.41028175,0.28315073,0.23857756,0.6588873,0.97066814,2.0716145,18.576426,15.666757,15.710224,14.7304325,19.227661,20.357927,17.865572,17.177212,23.252825,17.968725,19.428923,17.011671,24.02702,24.593843,22.731487,20.794254,21.088736,21.282896,18.833422,16.698942,22.000677,24.10266,20.651989,20.384653,21.192987,20.830755,20.606766,17.721222,20.921085,20.862713,20.37242,20.226658,15.560954,15.015344,16.39924,14.26192,17.329395,16.292624,15.609482,15.74813,17.295996,17.177412,18.017471,16.56516,18.21355,17.597618,17.576403,17.468452,1.6420863,2.2584493,7.699608,0.7469323,30.042309,35.64012,34.340256,17.447857,21.287785,20.665619,20.358278,15.7812805,17.491945,56.11
4446015.599,657962.7009,95.75316,1.246789,2.0384817,27.791542,32.323948,26.137503,24.164474,22.056187,36.948765,33.46099,35.14289,38.660797,37.62094,35.155136,34.177452,38.166862,37.880344,40.47762,2.3597722,2.1685104,7.282723,8.1072235,1383.7,70.59551,-0.080566406,1.5942551,-0.003417969,0,15,0.60277945,0.41455796,0.28384978,0.23905526,0.656979,0.9754554,2.0737433,18.876926,15.668015,16.84657,15.383186,19.535957,20.413694,18.054142,17.576305,22.471313,17.851665,18.33286,17.410723,23.893866,25.522816,24.440876,20.85045,22.133469,20.663624,16.92408,18.023045,22.642443,25.488356,22.188313,20.707481,21.644375,21.081755,20.140469,17.96807,20.453707,22.117464,20.638836,20.48428,16.365107,15.770859,15.333692,14.256196,16.048754,17.067104,15.685134,15.714275,18.205843,17.193909,17.173937,16.64224,18.00293,17.696684,17.330885,17.438929,1.6426353,2.2641413,7.694973,0.74948865,30.057745,35.20488,34.666294,17.825499,21.41773,21.151903,20.577808,15.789549,17.463776,56.11
4446015.599,657967.5808,43.86195,1.2423115,1.9594445,28.039055,33.373295,26.629963,24.335388,22.169506,36.282658,32.92725,34.440533,37.772434,36.95092,35.654423,34.05349,38.20668,38.444637,41.219944,2.3612092,2.236528,7.2158284,8.07526,1383.57,70.894615,-0.080566406,1.5307021,-0.005615234,0,15,0.60277945,0.41455796,0.28384978,0.23905526,0.656979,0.9754554,2.0737433,18.488218,16.279469,17.027985,16.170221,19.961931,20.542212,18.057514,17.936432,22.174574,18.260834,19.413692,16.889133,23.247746,24.800344,22.926678,20.650291,21.32666,20.216051,18.77192,18.088923,21.06251,24.455526,22.67747,20.577513,21.26352,20.875639,20.328556,18.742138,21.011116,21.822584,18.905954,20.462383,16.65597,15.491958,15.50128,14.384195,17.227633,16.995718,15.865983,15.943152,17.574146,17.10817,17.451124,17.534962,17.825779,17.732641,17.393003,17.51991,1.600878,2.2988687,7.645544,0.74948865,30.706175,34.604954,34.85396,18.075363,21.101856,20.942722,20.421358,16.017534,17.517117,56.11
4446015.599,657972.4606,46.384197,1.2417505,1.8231041,28.063473,33.391186,27.008017,24.473898,22.109552,35.481678,32.532524,33.779568,36.77707,36.206932,36.27475,34.244667,38.511353,39.171978,42.089012,2.3584356,2.240838,7.0946,8.031858,1383.45,70.505104,0.03955078,1.4583513,-0.003417969,0,15,0.60277945,0.41455796,0.28384978,0.23905526,0.656979,0.9754554,2.0737433,18.488218,16.279469,17.027985,16.170221,19.961931,20.542212,18.057514,17.936432,22.174574,18.260834,19.413692,16.889133,23.247746,24.800344,22.926678,20.650291,21.32666,20.216051,18.77192,18.088923,21.06251,24.455526,22.67747,20.577513,21.26352,20.875639,20.328556,18.742138,21.011116,21.822584,18.905954,20.462383,16.65597,15.491958,15.50128,14.384195,17.227633,16.995718,15.865983,15.943152,17.574146,17.10817,17.451124,17.534962,17.825779,17.732641,17.393003,17.51991,1.5324273,2.2996368,7.5632296,0.74948865,30.72733,34.007103,35.25971,18.075363,21.101856,20.942722,20.421358,16.017534,17.517117,56.11
4446015.599,657977.3404,56.000423,1.2548735,1.6704109,27.828058,33.920048,27.4711,24.591614,21.902206,34.917168,32.372665,33.516445,35.960007,35.589775,36.743343,34.015198,38.174007,39.638103,42.81965,2.3957732,2.2236495,6.9542675,7.9770823,1383.32,68.20395,-0.32080078,1.3879883,-0.017822266,0,15,0.60277945,0.41455796,0.28384978,0.23905526,0.656979,0.9754554,2.0737433,18.78955,16.106354,15.979098,15.7971115,18.838108,20.503088,18.312593,17.5239,22.105667,18.126652,19.244003,16.690023,23.521654,23.77583,23.773497,20.471216,21.779993,19.717896,20.30178,17.810652,20.571571,23.45808,22.819746,20.613676,21.182623,19.610209,21.378942,19.503527,20.579208,21.684917,19.747025,20.484709,15.848306,14.845681,15.478929,14.304605,15.708846,16.243652,16.02119,15.345153,17.050539,17.938148,18.003199,17.361605,16.848873,17.013279,17.609955,17.353043,1.4626422,2.3097115,7.465675,0.74948865,30.874054,33.644917,35.379272,17.760843,21.033903,20.922817,20.526636,15.493029,17.403656,56.11
4446015.599,657982.2203,76.3757,1.2509599,1.5158254,27.861109,33.93729,27.81169,24.705473,21.801657,34.109188,31.973503,32.910416,34.972965,34.780678,37.32466,34.22903,38.464363,40.38662,43.854435,2.3801723,2.2289107,6.815122,7.931546,1383.22,66.80141,-0.080566406,1.308774,-0.008911133,0,15,0.60277945,0.41455796,0.28384978,0.23905526,0.656979,0.9754554,2.0737433,18.599527,16.191969,16.266876,15.601939,18.046959,19.453337,17.782972,17.236977,21.183777,17.570587,18.474037,16.453817,23.004265,22.704838,21.36914,19.700155,21.887194,17.711567,17.929255,17.380087,20.822327,22.174759,21.29704,19.656258,17.973885,16.06019,17.103912,16.372217,17.884686,18.184893,16.340153,17.172537,14.561295,15.312083,16.16601,14.549402,16.049301,15.751655,15.527786,15.330408,15.948674,16.743702,15.265137,17.0342,15.516053,15.715798,15.909192,15.946581,1.3833926,2.3045416,7.373334,0.74948865,30.8992,33.041344,35.776848,17.420511,20.108639,19.886032,17.131418,15.416791,16.018965,56.11
4446015.599,657987.1001,81.828285,1.2509599,1.5158254,27.861109,33.93729,27.81169,24.705473,21.801657,34.109188,31.973503,32.910416,34.972965,34.780678,37.32466,34.22903,38.464363,40.38662,43.854435,2.3801723,2.2289107,6.815122,7.931546,1383.22,66.80141,-0.080566406,1.308774,-0.008911133,0,15,0.60277945,0.41455796,0.28384978,0.23905526,0.656979,0.9754554,2.0737433,18.599527,16.191969,16.266876,15.601939,18.046959,19.453337,17.782972,17.236977,21.183777,17.570587,18.474037,16.453817,23.004265,22.704838,21.36914,19.700155,21.887194,17.711567,17.929255,17.380087,20.822327,22.174759,21.29704,19.656258,17.973885,16.06019,17.103912,16.372217,17.884686,18.184893,16.340153,17.172537,14.561295,15.312083,16.16601,14.549402,16.049301,15.751655,15.527786,15.330408,15.948674,16.743702,15.265137,17.0342,15.516053,15.715798,15.909192,15.946581,1.3833926,2.3045416,7.373334,0.74948865,30.8992,33.041344,35.776848,17.420511,20.108639,19.886032,17.131418,15.416791,16.018965,56.11
4446015.599,657991.9799,78.02583,1.2468832,1.3689165,27.89552,33.954636,28.150963,24.818108,21.696882,33.321445,31.583275,32.328922,34.034492,34.009396,37.874184,34.426064,38.73777,41.09507,44.857876,2.3611996,2.2343197,6.6797233,7.8860083,1383.12,68.94927,-0.080078125,1.1968466,-0.006713867,0,15,0.6307672,0.4077755,0.28348458,0.24325873,0.6587688,0.97807485,2.076259,18.599527,16.191969,16.266876,15.601939,18.046959,19.453337,17.782972,17.236977,21.183777,17.570587,18.474037,16.453817,23.004265,22.704838,21.36914,19.700155,21.887194,17.711567,17.929255,17.380087,20.822327,22.174759,21.29704,19.656258,17.973885,16.06019,17.103912,16.372217,17.884686,18.184893,16.340153,17.172537,14.561295,15.312083,16.16601,14.549402,16.049301,15.751655,15.527786,15.330408,15.948674,16.743702,15.265137,17.0342,15.516053,15.715798,15.909192,15.946581,1.3078998,2.2977595,7.2828655,0.7540555,30.925077,32.452362,36.150124,17.420511,20.108639,19.886032,17.131418,15.416791,16.018965,56.11
4446015.599,657996.8598,70.74714,1.2445127,1.2397655,28.033768,34.483738,28.609068,24.939436,21.655354,32.443344,30.333887,31.41397,33.143936,33.34071,38.497253,34.96458,39.061775,41.805584,45.680454,2.3385868,2.2471552,6.550248,7.832775,1383.03,72.50699,0.000488281,1.0963703,-0.001098633,0,15,0.6307672,0.4077755,0.28348458,0.24325873,0.6587688,0.97807485,2.076259,19.228361,16.147402,15.931736,16.14623,17.70039,19.714222,16.827427,17.225512,20.521622,17.75272,18.875238,16.84759,22.908554,22.509054,22.63699,19.797964,22.21229,18.080715,19.356543,19.28384,21.263065,23.222063,21.755787,20.48298,17.776773,16.14342,17.507586,17.196323,17.92061,18.564451,17.018614,17.480808,15.044649,15.09317,16.087101,14.800918,15.83513,15.432813,16.466919,15.400689,16.117088,17.564007,15.426422,16.506348,15.907954,16.528202,16.684507,16.339064,1.2421391,2.292871,7.1915116,0.7540555,31.258753,31.388615,36.73092,17.385107,20.29311,20.739185,17.446825,15.537244,16.390646,56.11
4446015.599,658001.7396,84.0616,1.2404141,1.1324604,28.224976,34.948025,29.131226,25.064123,21.675505,31.723486,29.869339,30.763968,32.35826,32.843292,38.95987,34.983414,39.298992,42.39923,46.172962,2.3082733,2.2306743,6.4372697,7.783445,1382.94,76.5445,-0.000976563,1.0458895,-0.001220703,0,15,0.6307672,0.4077755,0.28348458,0.24325873,0.6587688,0.97807485,2.076259,18.641085,15.793966,15.196114,15.920676,16.958828,19.31732,16.394115,16.718006,20.562714,17.805437,18.895819,16.885708,22.980465,22.570694,22.719173,19.845156,22.177322,18.04575,19.316584,19.252869,21.22311,23.161684,21.528944,20.442955,17.763485,16.139189,17.496473,17.196323,17.905796,18.403479,16.705727,17.449812,14.83628,14.878125,15.82669,14.612325,15.64374,15.241165,16.281229,15.189913,16.117088,17.564007,15.426422,16.506348,15.907954,16.528202,16.684507,16.339064,1.1864372,2.2694738,7.1103573,0.7540555,31.5865,30.796413,36.97164,16.888872,20.345716,20.672323,17.372925,15.331365,16.390646,56.11
4446015.599,658006.6194,85.72204,1.2365556,1.0458606,28.25463,34.96777,29.729012,25.184467,21.694897,31.02476,29.47544,30.020645,31.657007,32.45625,39.397865,35.017475,39.55306,42.88963,46.431118,2.2726169,2.2359438,6.333802,7.727082,1382.85,80.09342,-0.12011719,0.9156416,-0.008911133,0,15,0.6307672,0.4077755,0.28348458,0.24325873,0.6587688,0.97807485,2.076259,18.327341,15.784691,15.639196,14.710313,16.794289,19.298227,16.73958,16.626455,21.012068,17.599434,18.648586,16.649502,22.015339,22.79542,22.456284,19.718615,22.464077,18.214352,17.697983,18.44467,20.925766,23.441143,22.770632,20.272936,18.419718,15.993515,16.765404,16.081766,16.920301,17.782724,16.514938,17.013186,15.35211,15.230544,15.415597,14.477588,15.258453,15.447515,16.574585,15.229304,16.370363,17.023502,16.082394,16.124338,15.956273,16.58964,15.91316,16.284777,1.1412082,2.2542803,7.030442,0.7540555,31.611198,30.2501,37.207672,16.756233,20.16809,20.565517,16.92548,15.39377,16.294239,56.11
4446015.599,658011.4993,104.636055,1.2141994,0.967868,27.82922,34.516506,30.197577,25.275988,21.673567,30.814512,29.925257,29.838299,31.308872,32.374416,39.55577,34.738037,39.49666,42.956673,46.29492,2.2128808,2.1984477,6.2586675,7.6859,1382.78,86.757324,-0.079589844,0.7603839,-0.005493164,0,15,0.6307672,0.4077755,0.28348458,0.24325873,0.6587688,0.97807485,2.076259,18.28775,16.223341,15.539033,16.016197,17.386753,18.970789,16.540854,16.925568,21.56631,18.227016,18.66861,16.86608,21.966394,22.027475,23.50545,19.815332,22.252142,18.83913,18.249578,17.966646,21.020512,21.91094,22.486658,20.064873,19.085642,17.094378,16.410236,15.961527,17.642897,17.391798,17.122133,17.271187,15.792618,15.253394,15.162702,14.038977,16.269209,15.418983,16.363813,15.354402,15.60993,16.231749,16.22499,16.609531,15.763666,16.577578,15.969977,16.143654,1.0910337,2.2056642,6.972284,0.7540555,31.172863,30.369884,37.146904,16.99496,20.403904,20.389372,17.244087,15.471385,16.14106,56.11
4446015.599,658016.3791,80.86881,1.2069045,0.8996542,27.745335,34.7868,30.762861,25.439247,21.848589,30.182264,29.501816,29.196,30.81312,32.157547,39.90053,34.729774,39.617645,42.967308,46.341473,2.1624222,2.205956,6.1608663,7.6199937,1382.72,95.60467,0.03955078,0.73400414,0,0,15,0.6307672,0.4077755,0.28348458,0.24325873,0.6587688,0.97807485,2.076259,19.297377,16.52467,15.743884,16.257313,18.949926,20.220564,17.762373,17.66312,20.875834,17.448448,18.117785,15.99341,21.589973,21.8481,23.03822,19.237206,19.379446,15.529951,14.495769,13.632294,18.989351,18.306112,17.141918,16.526316,17.883116,15.765959,15.114097,14.725078,16.921637,16.491232,15.635324,16.084385,16.070354,15.669996,15.405719,14.455579,16.512224,15.835586,16.502682,15.664637,15.60993,16.231749,16.22499,16.609531,15.763666,16.577578,15.969977,16.143654,1.0532794,2.184189,6.89043,0.7540555,31.266068,29.842041,37.315155,17.822302,19.844538,16.78212,16.076635,15.778876,16.14106,56.11
4446015.599,658021.2589,77.936104,1.2001767,0.8357787,27.775185,34.80281,31.250895,25.528933,21.856026,29.600327,29.178873,28.488764,30.275919,31.956516,40.14195,34.73362,39.945747,43.336433,46.449497,2.1074533,2.2078116,6.060565,7.556683,1382.65,98.47982,-0.15966797,0.6805921,-0.010009766,0,15,0.62999505,0.40594876,0.28405836,0.25034082,0.6628183,0.9519604,2.0701385,19.256824,15.506714,16.386227,15.915092,18.713642,20.158825,17.833618,17.504265,21.475084,17.493143,18.194317,16.20215,21.593672,22.029129,22.183498,19.316296,19.534819,16.378517,15.445677,14.6192875,19.18619,19.160385,16.474356,17.011456,18.556911,16.179098,15.718771,15.235812,16.672314,16.144634,15.33873,16.180536,16.05307,15.033096,15.887199,14.754827,15.537763,15.975032,16.379652,15.557058,15.512068,16.165495,16.472015,15.902167,15.096246,17.02786,16.52135,16.003693,1.0179777,2.1576324,6.8086243,0.75075144,31.288998,29.389599,37.437782,17.681564,19.88157,17.257032,16.263752,15.66009,16.0996,56.11
4446015.599,658026.1388,125.508255,1.2067695,0.78722954,27.870481,35.272743,31.805159,25.643433,21.875914,28.984844,28.368624,27.37258,29.718538,31.81763,40.437355,34.904602,40.434315,43.812595,46.547684,2.0646765,2.2178016,5.973545,7.493339,1382.6,94.42065,-0.040527344,0.5603039,-0.006713867,0,15,0.62999505,0.40594876,0.28405836,0.25034082,0.6628183,0.9519604,2.0701385,20.268011,16.631792,17.571863,17.188726,19.790491,22.066853,19.693085,18.810768,21.252752,17.26548,18.90846,16.117184,21.902073,22.198988,21.136953,19.399786,18.560228,15.850001,16.551888,15.182828,19.308014,18.387878,16.252724,16.94936,18.422285,16.19492,16.019497,15.484297,16.654545,17.036882,14.730078,16.384924,15.336162,14.558465,15.703192,14.331732,15.539427,15.81247,15.613632,15.115474,15.542933,16.526997,15.672818,16.949137,15.073001,16.55556,16.64339,15.928373,0.9969995,2.1412392,6.7334423,0.75075144,31.571613,28.676735,37.67098,19.030117,19.825985,17.156223,16.363214,15.270726,16.137691,56.11
4446015.599,658031.0186,83.93229,1.1977293,0.79923606,27.838856,35.277203,32.35312,25.888134,21.926174,29.113445,28.340038,27.236872,29.627007,32.155613,40.515892,34.794044,40.17399,43.618263,46.0629,2.063141,2.2179189,5.965489,7.493339,1382.55,86.854614,-0.15917969,0.5162299,-0.008789063,0,15,0.62999505,0.40594876,0.28405836,0.25034082,0.6628183,0.9519604,2.0701385,19.644957,16.04337,16.85149,16.390715,19.06667,21.571775,18.955326,18.130377,21.114544,17.023098,18.577639,15.846543,21.59306,21.998755,20.88063,19.140724,18.560228,15.848561,16.550627,15.172373,19.305332,18.386438,16.249659,16.946247,17.361864,15.014197,15.088192,14.67006,15.899063,16.441244,13.955543,15.497859,14.876165,14.083062,15.232653,13.786394,15.113975,15.269429,15.097322,14.624141,15.261477,16.031706,15.236722,16.418232,14.740101,16.215641,16.33578,15.519582,0.9984827,2.14053,6.729414,0.75075144,31.55803,28.726742,37.65497,18.360613,19.576324,17.153316,15.490023,14.779857,15.748521,56.11
4446015.599,658035.8984,114.06328,1.182511,0.8476316,27.848745,35.337135,33.146526,26.320246,22.149708,29.543608,28.42979,27.345356,29.600515,32.57637,40.513256,34.68001,39.37292,43.15545,45.413963,2.0911186,2.203306,5.9775257,7.511902,1382.51,85.38178,0,0.5320408,-0.003295898,0,15,0.62999505,0.40594876,0.28405836,0.25034082,0.6628183,0.9519604,2.0701385,19.859161,15.871794,16.58487,16.132877,18.840044,20.787556,19.005009,17.89153,20.536102,16.892473,18.687477,15.743451,21.579123,22.495005,20.831877,19.118187,18.41004,15.102568,17.867981,14.950712,18.864347,19.227676,15.959098,17.029175,15.730781,15.169649,15.38432,14.201518,16.583902,16.564875,13.853587,15.378135,15.4886,14.308679,14.37994,13.339862,14.523724,14.760376,15.312127,14.404475,15.784292,16.27196,15.66834,15.732683,14.883974,16.739908,16.456127,15.807471,1.0150713,2.1472123,6.744714,0.75075144,31.592941,28.986698,37.596634,18.15447,19.53793,17.197489,15.355517,14.587615,15.933897,56.11
4446015.599,658040.7783,127.72704,1.1690726,0.90322244,27.743122,35.140656,33.75469,26.664515,22.2903,30.063519,28.446238,27.578186,29.70018,33.09695,40.44015,34.676167,38.735287,42.720955,44.660877,2.1145306,2.1776178,6.0064836,7.533851,1382.46,88.36114,-0.12060547,0.50132054,-0.008911133,0,15,0.62999505,0.40594876,0.28405836,0.25034082,0.6628183,0.9519604,2.0701385,19.03081,15.996709,16.646097,15.206918,18.92313,20.933033,19.266928,17.695627,20.440462,16.28734,18.66022,16.248592,21.058344,22.09271,19.993288,18.919302,19.173359,14.735794,17.355179,15.000593,18.206434,18.862532,15.378484,16.840752,16.206121,14.766454,15.03065,14.594783,15.86013,16.835522,13.88558,15.357863,14.51236,13.865123,14.29291,13.539269,13.733676,14.706184,15.315844,14.04831,15.795161,15.835755,15.393669,15.82083,14.897647,16.378527,15.833067,15.604886,1.0361476,2.1460743,6.7701674,0.75075144,31.441889,29.254879,37.55816,18.000517,19.254423,16.958912,15.311322,14.2807665,15.7078085,56.11
4446015.599,658045.6581,99.73881,1.1550925,0.95479596,27.835587,35.270634,34.36422,27.071255,22.403336,30.564743,28.771406,27.754986,29.784542,33.659504,40.26642,34.3581,38.087494,42.15757,43.915108,2.1327753,2.1475558,6.0312724,7.5526805,1382.42,90,-0.079589844,0.4581047,-0.006591797,0,15,0.62999505,0.40594876,0.28405836,0.25034082,0.6628183,0.9519604,2.0701385,19.976946,16.88082,17.769451,16.031012,19.8438,21.681211,20.377977,18.640028,20.436686,16.285053,18.654217,16.248592,21.057041,22.091967,19.991796,18.917044,19.22561,14.735794,17.415531,15.000593,18.206434,18.949266,15.423635,16.876862,16.206121,14.814811,15.051806,14.667319,15.948221,16.937138,13.931465,15.416433,14.51236,13.865123,14.29291,13.539269,13.733676,14.706184,15.344366,14.04831,15.795161,15.835755,15.393669,15.82083,14.897647,16.378527,15.833067,15.604886,1.0549443,2.1401656,6.7919765,0.75075144,31.55311,29.668076,37.31226,18.937317,19.252193,16.993837,15.365268,14.284842,15.7078085,56.11
4446015.599,658050.5379,96.40168,1.1440223,0.9991611,27.791637,35.2677,34.840103,27.384768,22.48091,31.119997,28.87846,27.884312,29.994352,34.310596,40.08269,34.242527,37.58527,41.66579,43.116627,2.1451008,2.1436672,6.059146,7.573113,1382.38,90,-0.040039062,0.5161516,-0.003295898,0,15,0.6331966,0.40157968,0.31457075,0.25229663,0.6649462,0.95182234,2.0791097,19.580078,16.882898,17.645258,15.354692,20.995106,22.146894,20.15761,18.747887,20.98689,16.429659,17.871244,15.9892,21.103853,21.870739,21.004667,18.874563,18.68651,15.249494,16.353943,14.383553,16.946701,18.907299,16.278336,16.402761,16.703608,14.86233,14.902891,14.124087,15.63171,16.451859,14.478374,15.265536,14.104747,14.454375,15.014766,13.675448,14.320262,15.699701,15.087361,14.519466,15.799722,16.204311,15.707662,15.258113,15.308167,16.569584,16.063837,15.796174,1.0715917,2.144384,6.8161297,0.7567888,31.529669,29.99923,37.16261,18.966076,19.322323,16.686548,15.307837,14.62238,15.844485,56.11
4446015.599,658055.4178,83.159164,1.1272802,1.0263888,27.936659,34.94012,35.192043,27.64654,22.473742,31.714787,29.003937,28.059454,30.378588,35.126774,39.82985,34.272125,37.054512,41.19311,42.271477,2.147809,2.1288395,6.090854,7.595678,1382.33,90,-0.080566406,0.57279885,-0.006713867,0,15,0.6331966,0.40157968,0.31457075,0.25229663,0.6649462,0.95182234,2.0791097,21.232492,15.821864,17.375149,16.210377,21.527,22.420654,21.273336,19.03158,20.710474,16.331926,17.57717,15.728982,21.39153,21.333525,22.37087,18.762592,18.457912,13.697632,15.515509,14.198501,16.691397,18.9973,17.02334,16.040934,16.39976,14.406657,14.51952,13.966952,15.984855,17.459822,15.190751,15.419917,15.282562,13.532679,15.831585,14.03282,14.958332,15.555655,15.993273,14.907085,14.256223,14.8256855,16.086336,15.649546,15.438775,16.415009,17.27005,15.515478,1.0768344,2.1383243,6.843266,0.7567888,31.438389,30.359362,37.050987,19.408695,19.34921,16.3688,15.41833,15.026702,15.705946,56.11
4446015.599,658060.2976,93.371735,1.1121101,0.9905266,27.789007,34.872364,35.288803,27.851936,22.659601,32.43965,28.750374,28.45286,31.04376,36.098858,39.526764,34.516975,36.530315,40.430607,41.148506,2.156912,2.1230986,6.105658,7.6038485,1382.28,90,-0.03955078,0.65881646,-0.001098633,0,15,0.6331966,0.40157968,0.31457075,0.25229663,0.6649462,0.95182234,2.0791097,21.232492,15.821864,17.375149,16.210377,21.527,22.420654,21.273336,19.03158,20.710474,16.331926,17.57717,15.728982,21.39153,21.333525,22.37087,18.762592,18.457912,13.697632,15.515509,14.198501,16.691397,18.9973,17.02334,16.040934,16.39976,14.406657,14.51952,13.966952,15.984855,17.459822,15.190751,15.419917,15.282562,13.532679,15.831585,14.03282,14.958332,15.555655,15.993273,14.907085,14.256223,14.8256855,16.086336,15.649546,15.438775,16.415009,17.27005,15.515478,1.0513184,2.1400054,6.8547535,0.7567888,31.330685,30.595013,37.02187,19.408695,19.34921,16.3688,15.41833,15.026702,15.705946,56.11
4446015.599,658065.1774,107.68725,1.1056494,0.9735827,27.733067,34.855137,35.216324,27.96298,22.731424,33.371174,29.144382,29.103907,32.051945,37.24928,39.03484,34.41454,35.886433,39.488377,40.03131,2.1523628,2.1129396,6.1817036,7.62578,1382.22,91.04255,0.079589844,0.7879677,0.001098633,0,15,0.6331966,0.40157968,0.31457075,0.25229663,0.6649462,0.95182234,2.0791097,19.130497,14.993232,17.48741,16.769367,21.316875,22.311186,20.68359,18.58631,20.080206,16.39594,17.668589,15.772847,21.572887,23.198412,21.591763,18.96775,17.3195,13.760406,13.546072,12.218122,16.23914,18.739805,15.999537,15.143446,15.117805,13.986864,14.316015,13.646098,16.164804,17.285477,14.429338,15.058216,14.292547,13.681113,14.711293,13.301195,15.321822,15.629096,15.816258,14.520974,14.83577,14.428491,15.653055,15.480017,14.882511,16.357096,15.979597,15.226037,1.039616,2.1326513,6.903742,0.7567888,31.294102,31.257778,36.72469,18.956024,19.468664,15.403226,14.992343,14.679047,15.373792,56.11
4446015.599,658070.0573,64.98576,1.0992378,0.94626826,27.676186,34.836597,35.059746,28.033527,22.799555,34.37336,29.576086,29.831015,33.159775,38.446384,38.485447,34.30645,35.21966,38.502346,38.88971,2.1438584,2.1018314,6.2648497,7.6483965,1382.14,91.910706,-0.15966797,0.8599902,-0.006591797,0,15,0.6331966,0.40157968,0.31457075,0.25229663,0.6649462,0.95182234,2.0791097,18.834429,15.279532,18.311127,16.142488,20.782276,22.316952,20.62836,18.563787,19.705425,16.206055,17.502058,15.63941,20.99759,22.636143,21.309464,18.57953,15.698471,13.705991,12.9644165,13.785403,17.419687,17.855139,15.16694,14.954927,15.387644,14.012456,14.415035,14.259105,15.859591,16.722809,14.16025,14.901785,14.422561,13.357789,14.347638,14.37152,14.964961,16.016592,15.330549,14.499404,15.10629,14.968996,15.80878,15.601318,15.463133,16.145905,15.817044,15.458682,1.022753,2.122845,6.956623,0.7567888,31.256392,31.974724,36.39595,18.89931,19.142305,15.228006,14.973841,14.687373,15.558782,56.11
4446010.616,657928.5421,82.540474,1.1930094,1.8212126,27.622986,30.789478,24.015392,23.317427,22.590294,39.044605,34.453644,37.3437,40.19934,37.387253,33.193542,34.684357,38.098,37.473938,40.045185,2.2873263,2.1210613,7.1504498,8.168967,1384.54,65.81315,-0.0390625,1.0834357,0.002319336,0,15,0.59155446,0.38029975,0.27703637,0.23035686,0.6786058,0.7069576,1.2422795,19.284883,14.490943,15.611558,15.441484,17.231495,20.619963,17.942202,16.978163,22.777319,17.586838,19.933928,16.626678,23.250256,24.332653,22.742992,20.596178,20.61739,17.494417,19.614874,18.79328,21.557335,23.488605,23.21311,20.270075,21.06235,18.694855,19.817566,18.524797,19.882015,20.969545,18.902344,19.747908,16.21147,14.5885515,15.309938,14.98838,15.992726,16.762732,16.515009,15.662247,17.2189,17.35781,18.01162,17.316452,17.381222,17.046415,17.724253,17.424797,1.5071111,2.2041938,7.6597085,0.58672714,29.206232,36.749123,33.93895,17.23179,21.03581,20.682714,19.693354,15.7669735,17.436668,56.11
4446010.616,657933.4219,84.69177,1.1944737,1.8414265,27.87667,31.31892,24.189987,23.389482,22.431244,39.137596,34.105026,37.44003,40.616245,37.852627,33.0271,34.520023,37.972904,37.139874,39.661095,2.258145,2.1598167,7.1310167,8.141143,1384.45,69.856415,0.07910156,1.2051997,0.003295898,0,15,0.59534615,0.41028175,0.28315073,0.23857756,0.6588873,0.97066814,2.0716145,19.612703,14.585843,16.51246,15.397717,17.5873,21.129826,18.67303,17.39314,23.533722,17.58144,19.869907,16.75365,23.40141,24.514254,22.868658,20.779593,21.578627,18.325008,19.237535,17.378922,21.130287,23.086987,22.76424,20.067205,22.142155,19.806595,20.819021,18.268635,19.684502,20.341516,18.206762,20.082914,16.327984,15.885285,15.899445,14.523744,16.028114,16.64159,15.666092,15.772579,17.706156,17.712614,17.431026,16.345232,16.95346,17.631636,17.910862,17.291204,1.51795,2.208981,7.63608,0.7469323,29.597795,36.62131,33.77356,17.642698,21.217577,20.500229,19.895597,15.853178,17.384428,56.11
4446010.616,657938.3018,70.85511,1.2021314,1.8834685,27.876652,31.324251,24.430092,23.486206,22.415203,39.09361,34.121357,37.399952,40.68624,38.119556,33.103207,34.396355,37.805035,36.99941,39.46691,2.2769837,2.1618202,7.1543317,8.135304,1384.35,69.90807,0.079589844,1.2503959,0.004394531,0,15,0.59534615,0.41028175,0.28315073,0.23857756,0.6588873,0.97066814,2.0716145,19.65308,15.878199,16.246382,15.316491,18.77257,21.298233,18.542135,17.71174,23.181723,17.926664,19.68845,16.57462,23.933151,24.195568,23.61115,20.739185,21.287283,18.647327,19.795311,19.130863,21.962923,24.958792,21.762888,20.704323,21.31267,20.210388,20.597797,19.101557,20.820873,21.73666,17.525127,20.410393,15.582923,15.563171,16.283827,14.703329,16.051609,17.063288,16.138702,15.750499,17.332994,17.75681,18.190865,17.167389,17.52537,17.94021,17.784607,17.601328,1.5428,2.2194018,7.6448183,0.7469323,29.600452,36.607483,33.74978,17.958157,21.301619,21.077911,20.186441,15.912407,17.671177,56.11
4446010.616,657943.1816,53.19892,1.2129873,1.9342408,28.089413,32.820248,24.797098,23.619843,22.358557,38.689278,33.59579,36.95381,40.392357,38.231956,33.50541,34.101364,37.7953,37.172802,39.47825,2.3007915,2.1764114,7.1868267,8.12534,1384.24,68.18653,0,1.3883452,0.002197266,0,15,0.59534615,0.41028175,0.28315073,0.23857756,0.6588873,0.97066814,2.0716145,19.65308,15.878199,16.246382,15.316491,18.77257,21.298233,18.542135,17.71174,23.181723,17.926664,19.68845,16.57462,23.933151,24.195568,23.61115,20.739185,21.287283,18.647327,19.795311,19.130863,21.962923,24.958792,21.762888,20.704323,21.31267,20.210388,20.597797,19.101557,20.820873,21.73666,17.525127,20.410393,15.582923,15.563171,16.283827,14.703329,16.051609,17.063288,16.138702,15.750499,17.332994,17.75681,18.190865,17.167389,17.52537,17.94021,17.784607,17.601328,1.5736141,2.2386014,7.6560836,0.7469323,30.45483,36.142532,33.803387,17.958157,21.301619,21.077911,20.186441,15.912407,17.671177,56.11
4446010.616,657948.0614,81.347115,1.2232697,1.9867883,27.814837,32.239445,25.155584,23.758625,22.367971,38.340176,33.605404,36.494022,39.98053,38.081676,33.856102,34.279736,37.741127,37.29834,39.712055,2.3133287,2.1875875,7.234421,8.126526,1384.12,67.197624,0,1.5534502,0,0,15,0.59534615,0.41028175,0.28315073,0.23857756,0.6588873,0.97066814,2.0716145,19.145979,15.272279,15.884466,14.700302,18.741209,20.983704,18.74973,17.330378,22.35313,17.963537,19.92599,16.878975,23.885954,24.406431,22.856537,20.729937,22.116304,18.625326,19.481745,17.956673,22.18323,23.900728,21.078577,20.493357,21.495358,19.058836,20.685062,17.985285,20.559326,20.982962,19.885801,19.941887,15.606227,15.6133375,16.76897,13.859477,17.062994,17.249298,15.48287,15.919326,17.76627,16.432875,18.145887,16.604635,18.511257,18.182068,17.786722,17.60968,1.605029,2.2504582,7.6804733,0.7469323,30.027142,35.97279,34.067917,17.639668,21.181507,20.763226,20.093233,15.949025,17.632816,56.11
4446010.616,657952.9413,98.5518,1.2337242,2.04683,27.775743,32.30531,25.463745,23.83674,22.077473,37.873848,33.768867,36.040466,39.715954,37.835762,34.231586,34.101597,37.8541,37.321033,40.181522,2.2986588,2.1675534,7.240372,8.122865,1383.99,67.06649,-0.12011719,1.5082775,-0.008911133,0,15,0.59534615,0.41028175,0.28315073,0.23857756,0.6588873,0.97066814,2.0716145,18.576426,15.666757,15.710224,14.7304325,19.227661,20.357927,17.865572,17.177212,23.259657,17.983414,19.446657,17.025331,24.032993,24.60295,22.740591,20.805904,21.044098,21.282896,18.67719,16.698942,21.922562,23.968746,20.562714,20.311522,20.77205,20.40982,20.054287,17.30029,20.552765,20.441776,19.951483,19.787811,15.560954,15.023116,16.39924,14.26192,17.329721,16.292624,15.609482,15.749344,17.27976,17.16397,18.002407,16.551172,18.198486,17.580225,17.56071,17.45337,1.6402771,2.2331061,7.6816187,0.7469323,30.040527,35.821358,34.16659,17.447857,21.298798,20.593878,19.926067,15.782437,17.476675,56.11
4446010.616,657957.8211,89.84593,1.2404526,2.1074681,27.792347,32.313858,25.779707,23.968122,22.00573,37.34573,33.65064,35.644974,39.1817,37.381348,34.70077,34.125797,37.999866,37.60446,40.806488,2.3145118,2.1686795,7.293884,8.129521,1383.88,68.38474,0.080078125,1.4787236,0.004394531,0,15,0.59534615,0.41028175,0.28315073,0.23857756,0.6588873,0.97066814,2.0716145,18.576426,15.666757,15.710224,14.7304325,19.227661,20.357927,17.865572,17.177212,23.252825,17.968725,19.428923,17.011671,24.02702,24.593843,22.731487,20.794254,21.088736,21.282896,18.833422,16.698942,22.000677,24.10266,20.651989,20.384653,21.192987,20.830755,20.606766,17.721222,20.921085,20.862713,20.37242,20.226658,15.560954,15.015344,16.39924,14.26192,17.329395,16.292624,15.609482,15.74813,17.295996,17.177412,18.017471,16.56516,18.21355,17.597618,17.576403,17.468452,1.6739604,2.2415957,7.7117023,0.7469323,30.053102,35.498184,34.413284,17.447857,21.287785,20.665619,20.358278,15.7812805,17.491945,56.11
4446010.616,657962.7009,79.54321,1.2463081,2.1666968,27.811827,32.321426,26.080736,24.0785,21.8998,36.819466,33.570343,35.333317,38.65816,36.769547,35.150684,34.12941,38.089893,37.86609,41.653996,2.3271527,2.1697693,7.353607,8.143831,1383.75,67.60883,-0.040039062,1.5799992,-0.003295898,0,15,0.60277945,0.41455796,0.28384978,0.23905526,0.656979,0.9754554,2.0737433,18.876926,15.668015,16.84657,15.383186,19.535957,20.413694,18.054142,17.576305,22.471313,17.851665,18.33286,17.410723,23.893866,25.522816,24.440876,20.85045,22.133469,20.663624,16.92408,18.023045,22.642443,25.488356,22.188313,20.707481,21.644375,21.081755,20.140469,17.96807,20.453707,22.117464,20.638836,20.48428,16.365107,15.770859,15.333692,14.256196,16.048754,17.067104,15.685134,15.714275,18.205843,17.193909,17.173937,16.64224,18.00293,17.696684,17.330885,17.438929,1.7065024,2.248461,7.748719,0.74948865,30.066628,35.194904,34.640045,17.825499,21.41773,21.151903,20.577808,15.789549,17.463776,56.11
4446010.616,657967.5808,63.89887,1.240719,2.0669591,28.058056,33.372566,26.582066,24.258955,22.0439,36.187923,32.993637,34.58441,37.78251,36.27142,35.61513,34.015743,38.154835,38.44074,42.16699,2.3266482,2.239062,7.2629013,8.100773,1383.62,65.7164,-0.079589844,1.6024747,-0.006713867,0,15,0.60277945,0.41455796,0.28384978,0.23905526,0.656979,0.9754554,2.0737433,18.488218,16.279469,17.027985,16.170221,19.961931,20.542212,18.057514,17.936432,22.174574,18.260834,19.413692,16.889133,23.247746,24.800344,22.926678,20.650291,21.32666,20.216051,18.77192,18.088923,21.06251,24.455526,22.67747,20.577513,21.26352,20.875639,20.328556,18.742138,21.011116,21.822584,18.905954,20.462383,16.65597,15.491958,15.50128,14.384195,17.227633,16.995718,15.865983,15.943152,17.574146,17.10817,17.451124,17.534962,17.825779,17.732641,17.393003,17.51991,1.6538391,2.282855,7.681837,0.74948865,30.715311,34.590782,34.815437,18.075363,21.101856,20.942722,20.421358,16.017534,17.517117,56.11
4446010.616,657972.4606,68.40488,1.2395978,1.8929956,28.081326,33.392418,26.98436,24.420147,22.03426,35.412575,32.54233,33.839684,36.77986,35.74614,36.206417,34.221077,38.500748,39.188618,42.716137,2.3207457,2.2436497,7.10815,8.040971,1383.49,63.665123,-0.24023438,1.5179216,-0.014404297,0,15,0.60277945,0.41455796,0.28384978,0.23905526,0.656979,0.9754554,2.0737433,18.488218,16.279469,17.027985,16.170221,19.961931,20.542212,18.057514,17.936432,22.174574,18.260834,19.413692,16.889133,23.247746,24.800344,22.926678,20.650291,21.32666,20.216051,18.77192,18.088923,21.06251,24.455526,22.67747,20.577513,21.26352,20.875639,20.328556,18.742138,21.011116,21.822584,18.905954,20.462383,16.65597,15.491958,15.50128,14.384195,17.227633,16.995718,15.865983,15.943152,17.574146,17.10817,17.451124,17.534962,17.825779,17.732641,17.393003,17.51991,1.5662967,2.2821977,7.57456,0.74948865,30.736872,33.977455,35.213745,18.075363,21.101856,20.942722,20.421358,16.017534,17.517117,56.11
4446010.616,657977.3404,73.24945,1.2385834,1.7272987,28.257027,34.11169,27.366562,24.548405,21.897387,34.645424,32.194935,33.31337,35.844276,35.16633,36.78309,34.19401,38.710667,39.884857,43.39641,2.3137958,2.2391748,6.964682,7.989649,1383.39,59.028984,0.080566406,1.4196546,-0.001098633,0,15,0.60277945,0.41455796,0.28384978,0.23905526,0.656979,0.9754554,2.0737433,18.78955,16.106354,15.979098,15.7971115,18.838108,20.503088,18.312593,17.5239,22.105667,18.126652,19.244003,16.690023,23.521654,23.77583,23.773497,20.471216,21.779993,19.717896,20.30178,17.810652,20.571571,23.45808,22.819746,20.613676,21.182623,19.610209,21.378942,19.503527,20.579208,21.684917,19.747025,20.484709,15.848306,14.845681,15.478929,14.304605,15.708846,16.243652,16.02119,15.345153,17.050539,17.938148,18.003199,17.361605,16.848873,17.013279,17.609955,17.353043,1.4829412,2.2764854,7.477165,0.74948865,31.184359,33.42018,35.48855,17.760843,21.033903,20.922817,20.526636,15.493029,17.403656,56.11
4446010.616,657982.2203,77.85935,1.2500703,1.5790702,27.869831,33.93996,27.84806,24.669899,21.788698,34.211613,31.993353,32.976444,35.180317,34.796333,37.136932,34.126865,38.386585,40.235497,43.8541,2.3476806,2.231531,6.8275075,7.9298096,1383.28,57.869034,-0.03955078,1.4541198,-0.003295898,0,15,0.60277945,0.41455796,0.28384978,0.23905526,0.656979,0.9754554,2.0737433,18.849594,16.168224,16.263487,15.584981,18.579775,20.209919,18.543106,17.469732,21.183777,17.570587,18.474037,16.453817,23.100464,22.911419,21.479082,19.747295,22.0177,17.82877,18.122873,17.534071,21.014397,22.59615,21.967516,19.855654,19.445807,18.231293,18.746113,18.422255,19.836193,19.92616,18.000769,19.003237,14.561295,15.312083,16.16601,14.549402,16.049301,15.751655,15.527786,15.330408,15.948674,16.743702,15.265137,17.0342,15.516053,15.715798,15.909192,15.946581,1.4145703,2.2896056,7.3786583,0.74948865,30.904896,33.10248,35.631897,17.742725,20.167599,20.154497,18.944082,15.416791,16.018965,56.11
4446010.616,657987.1001,78.956345,1.2500703,1.5790702,27.869831,33.93996,27.84806,24.669899,21.788698,34.211613,31.993353,32.976444,35.180317,34.796333,37.136932,34.126865,38.386585,40.235497,43.8541,2.3476806,2.231531,6.8275075,7.9298096,1383.28,57.869034,-0.03955078,1.4541198,-0.003295898,0,15,0.60277945,0.41455796,0.28384978,0.23905526,0.656979,0.9754554,2.0737433,18.849594,16.168224,16.263487,15.584981,18.579775,20.209919,18.543106,17.469732,21.183777,17.570587,18.474037,16.453817,23.100464,22.911419,21.479082,19.747295,22.0177,17.82877,18.122873,17.534071,21.014397,22.59615,21.967516,19.855654,19.445807,18.231293,18.746113,18.422255,19.836193,19.92616,18.000769,19.003237,14.561295,15.312083,16.16601,14.549402,16.049301,15.751655,15.527786,15.330408,15.948674,16.743702,15.265137,17.0342,15.516053,15.715798,15.909192,15.946581,1.4145703,2.2896056,7.3786583,0.74948865,30.904896,33.10248,35.631897,17.742725,20.167599,20.154497,18.944082,15.416791,16.018965,56.11
4446010.616,657991.9799,81.7401,1.2460836,1.4377065,27.901241,33.95747,28.22185,24.786108,21.7207,33.472435,31.606955,32.363052,34.30815,34.170998,37.650917,34.29529,38.667545,40.884846,44.61454,2.3269913,2.2370749,6.6993575,7.882161,1383.16,59.031403,-0.27978516,1.4194148,-0.020019531,0,15,0.6307672,0.4077755,0.28348458,0.24325873,0.6587688,0.97807485,2.076259,18.599527,16.191969,16.266876,15.601939,18.046959,19.453337,17.782972,17.236977,21.183777,17.570587,18.474037,16.453817,23.004265,22.704838,21.36914,19.700155,21.887194,17.711567,17.929255,17.380087,20.822327,22.174759,21.29704,19.656258,17.973885,16.06019,17.103912,16.372217,17.884686,18.184893,16.340153,17.172537,14.561295,15.312083,16.16601,14.549402,16.049301,15.751655,15.527786,15.330408,15.948674,16.743702,15.265137,17.0342,15.516053,15.715798,15.909192,15.946581,1.3418951,2.282033,7.290759,0.7540555,30.929356,32.539696,35.973106,17.420511,20.108639,19.886032,17.131418,15.416791,16.018965,56.11
4446010.616,657996.8598,85.33935,1.2421769,1.3114707,27.933163,33.975555,28.63344,24.899529,21.667479,32.751934,31.223148,31.7347,33.492058,33.604607,38.135124,34.431705,38.94314,41.48616,45.264946,2.3019228,2.2428272,6.578994,7.833482,1383.06,61.190884,-0.19921875,1.3078316,-0.016601562,0,15,0.6307672,0.4077755,0.28348458,0.24325873,0.6587688,0.97807485,2.076259,19.228361,16.147402,15.931736,16.14623,17.70039,19.714222,16.827427,17.225512,20.521622,17.75272,18.875238,16.84759,22.908554,22.509054,22.63699,19.797964,22.21229,18.080715,19.356543,19.28384,21.263065,23.222063,21.755787,20.48298,17.776773,16.14342,17.507586,17.196323,17.92061,18.564451,17.018614,17.480808,15.044649,15.09317,16.087101,14.800918,15.83513,15.432813,16.466919,15.400689,16.117088,17.564007,15.426422,16.506348,15.907954,16.528202,16.684507,16.339064,1.2768238,2.272375,7.206238,0.7540555,30.95436,31.987541,36.283417,17.385107,20.29311,20.739185,17.446825,15.537244,16.390646,56.11
4446010.616,658001.7396,85.2976,1.2238394,1.1965777,27.836153,34.67767,29.037058,25.001001,21.695612,32.414547,30.73836,31.366201,33.033257,33.433846,38.447884,34.47548,38.881958,41.736317,45.40367,2.2540565,2.2087595,6.491271,7.796562,1382.96,64.32446,-0.24072266,1.2238158,-0.018920898,0,15,0.6307672,0.4077755,0.28348458,0.24325873,0.6587688,0.97807485,2.076259,18.641085,15.793966,15.196114,15.920676,16.958828,19.31732,16.394115,16.718006,20.562714,17.805437,18.895819,16.885708,22.980465,22.570694,22.719173,19.845156,22.177322,18.04575,19.316584,19.252869,21.22311,23.161684,21.528944,20.442955,17.763485,16.139189,17.496473,17.196323,17.905796,18.403479,16.705727,17.449812,14.83628,14.878125,15.82669,14.612325,15.64374,15.241165,16.281229,15.189913,16.117088,17.564007,15.426422,16.506348,15.907954,16.528202,16.684507,16.339064,1.2102085,2.231408,7.1439166,0.7540555,31.256912,31.576454,36.46168,16.888872,20.345716,20.672323,17.372925,15.331365,16.390646,56.11
4446010.616,658006.6194,89.34291,1.2173868,1.1020811,27.803242,34.497063,29.53861,25.103733,21.673952,31.803877,30.372477,30.700037,32.379032,33.07044,38.82076,34.6212,39.1665,42.210003,45.69954,2.2162087,2.1978517,6.3882184,7.745078,1382.87,66.78452,-0.20019531,1.0906188,-0.016723633,0,15,0.6307672,0.4077755,0.28348458,0.24325873,0.6587688,0.97807485,2.076259,18.327341,15.784691,15.639196,14.710313,16.794289,19.298227,16.73958,16.626455,21.012068,17.599434,18.648586,16.649502,22.015339,22.79542,22.456284,19.718615,22.464077,18.214352,17.697983,18.44467,20.925766,23.441143,22.770632,20.272936,18.419718,15.993515,16.765404,16.081766,16.920301,17.782724,16.514938,17.013186,15.35211,15.230544,15.415597,14.477588,15.258453,15.447515,16.574585,15.229304,16.370363,17.023502,16.082394,16.124338,15.956273,16.58964,15.91316,16.284777,1.159734,2.2070303,7.0666485,0.7540555,31.150152,31.088177,36.720978,16.756233,20.16809,20.565517,16.92548,15.39377,16.294239,56.11
4446010.616,658011.4993,90.385826,1.2113583,1.0178568,27.826765,34.514053,30.04314,25.202597,21.678225,31.201344,30.038954,30.038195,31.764627,32.76186,39.156258,34.645065,39.417625,42.63576,45.915417,2.172038,2.2008832,6.288049,7.6893415,1382.79,70.46916,-0.119140625,0.9423962,-0.014404297,0,15,0.6307672,0.4077755,0.28348458,0.24325873,0.6587688,0.97807485,2.076259,18.28775,16.223341,15.539033,16.016197,17.386753,18.970789,16.540854,16.925568,21.56631,18.227016,18.66861,16.86608,21.966394,22.027475,23.50545,19.815332,22.252142,18.83913,18.249578,17.966646,21.020512,21.91094,22.486658,20.064873,19.085642,17.094378,16.410236,15.961527,17.642897,17.391798,17.122133,17.271187,15.792618,15.253394,15.162702,14.038977,16.269209,15.418983,16.363813,15.354402,15.60993,16.231749,16.22499,16.609531,15.763666,16.577578,15.969977,16.143654,1.1146076,2.1864605,6.988695,0.7540555,31.17041,30.620148,36.90066,16.99496,20.403904,20.389372,17.244087,15.471385,16.14106,56.11
4446010.616,658016.3791,96.382355,1.2038742,0.9403142,27.745342,34.783806,30.543135,25.363836,21.846682,30.571835,29.619623,29.416315,31.292892,32.523663,39.478996,34.65941,39.56021,42.618034,46.01541,2.1184819,2.2083664,6.1860642,7.6221824,1382.71,74.04965,-0.32080078,0.83410627,-0.020019531,0,15,0.6307672,0.4077755,0.28348458,0.24325873,0.6587688,0.97807485,2.076259,19.297377,16.52467,15.743884,16.257313,18.949926,20.220564,17.762373,17.66312,20.875834,17.448448,18.117785,15.99341,21.589973,21.8481,23.03822,19.237206,19.379446,15.529951,14.495769,13.632294,18.989351,18.306112,17.141918,16.526316,17.883116,15.765959,15.114097,14.725078,16.921637,16.491232,15.635324,16.084385,16.070354,15.669996,15.405719,14.455579,16.512224,15.835586,16.502682,15.664637,15.60993,16.231749,16.22499,16.609531,15.763666,16.577578,15.969977,16.143654,1.0720942,2.163424,6.9041233,0.7540555,31.264574,30.09573,37.069202,17.822302,19.844538,16.78212,16.076635,15.778876,16.14106,56.11
4446010.616,658021.2589,93.52051,1.1970444,0.8629336,27.784292,34.80019,30.958214,25.415201,21.839651,29.939224,29.275635,28.666128,30.718304,32.25078,39.69858,34.6921,39.98074,43.062653,46.233,2.0555496,2.2102993,6.0743375,7.5525064,1382.65,75.95004,-0.15966797,0.7086871,-0.01550293,0,15,0.62999505,0.40594876,0.28405836,0.25034082,0.6628183,0.9519604,2.0701385,19.256824,15.506714,16.386227,15.915092,18.713642,20.158825,17.833618,17.504265,21.475084,17.493143,18.194317,16.20215,21.593672,22.029129,22.183498,19.316296,19.534819,16.378517,15.445677,14.6192875,19.18619,19.160385,16.474356,17.011456,18.556911,16.179098,15.718771,15.235812,16.672314,16.144634,15.33873,16.180536,16.05307,15.033096,15.887199,14.754827,15.537763,15.975032,16.379652,15.557058,15.512068,16.165495,16.472015,15.902167,15.096246,17.02786,16.52135,16.003693,1.029989,2.1329246,6.813422,0.75075144,31.29224,29.60743,37.195343,17.681564,19.88157,17.257032,16.263752,15.66009,16.0996,56.11
4446010.616,658026.1388,102.12888,1.1900114,0.77619785,27.865984,34.822193,31.255589,25.373865,21.790762,29.051653,28.78253,27.630135,30.020136,31.841671,39.859375,34.79898,40.770027,43.77245,46.690914,1.9657924,2.212763,5.9219885,7.4484425,1382.6,74.48891,-0.16015625,0.53547853,-0.011108398,0,15,0.62999505,0.40594876,0.28405836,0.25034082,0.6628183,0.9519604,2.0701385,20.268011,16.631792,17.571863,17.188726,19.790491,22.066853,19.693085,18.810768,21.252752,17.26548,18.90846,16.117184,21.902073,22.198988,21.136953,19.399786,18.560228,15.850001,16.551888,15.182828,19.308014,18.387878,16.252724,16.94936,18.422285,16.19492,16.019497,15.484297,16.654545,17.036882,14.730078,16.384924,15.336162,14.558465,15.703192,14.331732,15.539427,15.81247,15.613632,15.115474,15.542933,16.526997,15.672818,16.949137,15.073001,16.55556,16.64339,15.928373,0.9831046,2.0892777,6.6852155,0.75075144,31.34409,28.917091,37.329178,19.030117,19.825985,17.156223,16.363214,15.270726,16.137691,56.11
4446010.616,658031.0186,118.598625,1.1959879,0.8017229,27.86714,35.276543,31.955652,25.708538,21.885801,29.288702,28.369024,27.269192,29.96748,32.31188,40.093246,34.81266,40.428627,43.52114,46.0359,1.9993618,2.2204685,5.959383,7.4746833,1382.57,71.577774,0.119140625,0.49795917,0.004394531,0,15,0.62999505,0.40594876,0.28405836,0.25034082,0.6628183,0.9519604,2.0701385,20.268011,16.631792,17.571863,17.188726,19.790491,22.066853,19.693085,18.810768,21.252752,17.26548,18.90846,16.117184,21.902073,22.198988,21.136953,19.399786,18.560228,15.850001,16.551888,15.182828,19.308014,18.387878,16.252724,16.94936,18.422285,16.19492,16.019497,15.484297,16.654545,17.036882,14.730078,16.384924,15.336162,14.558465,15.703192,14.331732,15.539427,15.81247,15.613632,15.115474,15.542933,16.526997,15.672818,16.949137,15.073001,16.55556,16.64339,15.928373,0.9988554,2.1099153,6.7170334,0.75075144,31.571842,28.828863,37.452953,19.030117,19.825985,17.156223,16.363214,15.270726,16.137691,56.11
4446010.616,658035.8984,97.345085,1.1798058,0.8566464,27.855232,35.33264,32.819054,26.215538,22.142233,29.877628,28.551485,27.557617,30.012909,32.768776,40.101906,34.67115,39.39316,42.901005,45.277107,2.0460634,2.2048767,5.991752,7.5105853,1382.52,72.47531,-0.03955078,0.5707908,-0.001098633,0,15,0.62999505,0.40594876,0.28405836,0.25034082,0.6628183,0.9519604,2.0701385,19.859161,15.871794,16.58487,16.132877,18.840044,20.787556,19.005009,17.89153,20.536102,16.892473,18.687477,15.743451,21.579123,22.495005,20.831877,19.118187,18.41004,15.102568,17.867981,14.950712,18.864347,19.227676,15.959098,17.029175,15.730781,15.169649,15.38432,14.201518,16.583902,16.564875,13.853587,15.378135,15.4886,14.308679,14.37994,13.339862,14.523724,14.760376,15.312127,14.404475,15.784292,16.27196,15.66834,15.732683,14.883974,16.739908,16.456127,15.807471,1.0182261,2.1254702,6.7511687,0.75075144,31.593937,29.214558,37.386528,18.15447,19.53793,17.197489,15.355517,14.587615,15.933897,56.11
4446010.616,658040.7783,116.96819,1.1655302,0.9063028,27.993425,35.13419,33.468166,26.63057,22.184496,30.38211,28.82561,27.735764,30.134005,33.36956,40.005238,34.53039,38.724346,42.301502,44.462143,2.074725,2.173809,6.0275054,7.53617,1382.47,71.56505,-0.080566406,0.54351705,-0.006713867,0,15,0.62999505,0.40594876,0.28405836,0.25034082,0.6628183,0.9519604,2.0701385,19.03081,15.996709,16.646097,15.206918,18.92313,20.933033,19.266928,17.695627,20.440462,16.28734,18.769426,16.248592,21.078678,22.155748,20.181135,18.969328,19.182322,14.75327,17.370508,15.033256,18.248167,18.886808,15.405672,16.864151,16.206121,14.766454,15.03065,14.594783,15.86013,16.836435,13.886495,15.358,14.757505,14.211489,14.509048,13.867448,14.094936,14.789111,15.3810625,14.305632,15.801446,15.924468,15.40089,15.821643,14.897531,16.376253,15.838484,15.621136,1.0359166,2.124267,6.7818375,0.75075144,31.563808,29.603859,37.267815,18.000517,19.308767,16.982859,15.311583,14.5158,15.7229595,56.11
4446010.616,658045.6581,108.048775,1.1550266,0.94933045,27.838968,35.263344,33.980434,26.962711,22.400267,30.938078,28.954502,28.093552,30.318245,33.88786,39.865074,34.347565,38.00875,41.804325,43.73559,2.0983012,2.149258,6.058364,7.555092,1382.43,71.577774,-0.0390625,0.49795917,-0.002197266,0,15,0.62999505,0.40594876,0.28405836,0.25034082,0.6628183,0.9519604,2.0701385,19.976946,16.88082,17.769451,16.031012,19.8438,21.681211,20.377977,18.640028,20.436686,16.285053,18.654217,16.248592,21.057041,22.091967,19.991796,18.917044,19.22561,14.735794,17.415531,15.000593,18.206434,18.949266,15.423635,16.876862,16.206121,14.814811,15.051806,14.667319,15.948221,16.937138,13.931465,15.416433,14.51236,13.865123,14.29291,13.539269,13.733676,14.706184,15.344366,14.04831,15.795161,15.835755,15.393669,15.82083,14.897647,16.378527,15.833067,15.604886,1.0521785,2.1237795,6.806728,0.75075144,31.551155,29.94629,37.10632,18.937317,19.252193,16.993837,15.365268,14.284842,15.7078085,56.11
4446010.616,658050.5379,97.34666,1.1440886,0.9830138,27.794285,35.25909,34.401928,27.249662,22.475645,31.499807,29.09212,28.287676,30.603388,34.547474,39.686108,34.23376,37.479324,41.274933,42.93814,2.1120365,2.1449707,6.090911,7.575146,1382.39,83.042946,0.040039062,0.5918423,0.006713867,0,15,0.6331966,0.40157968,0.31457075,0.25229663,0.6649462,0.95182234,2.0791097,19.580078,16.882898,17.645258,15.354692,20.995106,22.146894,20.15761,18.747887,20.98689,16.429659,17.871244,15.9892,21.103853,21.870739,21.004667,18.874563,18.68651,15.249494,16.353943,14.383553,16.946701,18.907299,16.278336,16.402761,16.703608,14.86233,14.902891,14.124087,15.63171,16.451859,14.478374,15.265536,14.104747,14.454375,15.014766,13.675448,14.320262,15.699701,15.087361,14.519466,15.799722,16.204311,15.707662,15.258113,15.308167,16.569584,16.063837,15.796174,1.0635512,2.1285036,6.833029,0.7567888,31.526688,30.295963,36.959934,18.966076,19.322323,16.686548,15.307837,14.62238,15.844485,56.11
4446010.616,658055.4178,85.913345,1.1275352,1.0029497,27.941824,34.931225,34.737667,27.492039,22.457348,32.057785,29.221752,28.478502,30.97904,35.311245,39.460438,34.275078,36.93976,40.83646,42.166683,2.115956,2.1298642,6.1205955,7.5969505,1382.34,96.31631,0.15917969,0.64841616,0.010009766,0,15,0.6331966,0.40157968,0.31457075,0.25229663,0.6649462,0.95182234,2.0791097,21.232492,15.821864,17.375149,16.210377,21.527,22.420654,21.273336,19.03158,20.710474,16.331926,17.57717,15.728982,21.39153,21.333525,22.37087,18.762592,18.457912,13.697632,15.515509,14.198501,16.691397,18.9973,17.02334,16.040934,16.39976,14.406657,14.51952,13.966952,15.984855,17.459822,15.190751,15.419917,15.282562,13.532679,15.831585,14.03282,14.958332,15.555655,15.993273,14.907085,14.256223,14.8256855,16.086336,15.649546,15.438775,16.415009,17.27005,15.515478,1.0652425,2.12291,6.858773,0.7567888,31.436523,30.639769,36.86776,19.408695,19.34921,16.3688,15.41833,15.026702,15.705946,56.11
4446010.616,658060.2976,116.55868,1.1171035,1.006969,27.898054,34.920616,34.906387,27.684969,22.532757,32.782967,29.477638,28.879473,31.630997,36.194016,39.12197,34.166496,36.372753,40.104027,41.220184,2.118013,2.1246402,6.1703796,7.615613,1382.29,103.16835,0.28076172,0.6915089,0.020019531,0,15,0.6331966,0.40157968,0.31457075,0.25229663,0.6649462,0.95182234,2.0791097,21.232492,15.821864,17.375149,16.210377,21.527,22.420654,21.273336,19.03158,20.710474,16.331926,17.57717,15.728982,21.39153,21.333525,22.37087,18.762592,18.457912,13.697632,15.515509,14.198501,16.691397,18.9973,17.02334,16.040934,16.39976,14.406657,14.51952,13.966952,15.984855,17.459822,15.190751,15.419917,15.282562,13.532679,15.831585,14.03282,14.958332,15.555655,15.993273,14.907085,14.256223,14.8256855,16.086336,15.649546,15.438775,16.415009,17.27005,15.515478,1.0620363,2.1213264,6.8929963,0.7567888,31.409336,31.130302,36.644234,19.408695,19.34921,16.3688,15.41833,15.026702,15.705946,56.11
4446010.616,658065.1774,127.792305,1.105423,0.94471884,27.744505,34.850742,34.90079,27.848078,22.726297,33.493774,29.230282,29.328558,32.227215,37.078793,38.826775,34.473877,35.87666,39.430664,40.212727,2.1292813,2.113262,6.176173,7.620995,1382.22,101.31971,0.119628906,0.80346495,0.013305664,0,15,0.6331966,0.40157968,0.31457075,0.25229663,0.6649462,0.95182234,2.0791097,19.130497,14.993232,17.48741,16.769367,21.316875,22.311186,20.68359,18.58631,20.080206,16.39594,17.668589,15.772847,21.572887,23.198412,21.591763,18.96775,17.3195,13.760406,13.546072,12.218122,16.23914,18.739805,15.999537,15.143446,15.117805,13.986864,14.316015,13.646098,16.164804,17.285477,14.429338,15.058216,14.292547,13.681113,14.711293,13.301195,15.321822,15.629096,15.816258,14.520974,14.83577,14.428491,15.653055,15.480017,14.882511,16.357096,15.979597,15.226037,1.0250709,2.1212716,6.8985844,0.7567888,31.297623,31.362028,36.650326,18.956024,19.468664,15.403226,14.992343,14.679047,15.373792,56.11
4446010.616,658070.0573,108.81138,1.0992591,0.9261191,27.693281,34.834785,34.8475,27.953228,22.79634,34.36308,29.591312,29.933798,33.114555,38.07501,38.359283,34.379032,35.270145,38.592133,39.230953,2.125559,2.103282,6.243194,7.6411023,1382.15,99.460434,0.2006836,0.8711842,0.014526367,0,15,0.6331966,0.40157968,0.31457075,0.25229663,0.6649462,0.95182234,2.0791097,18.834429,15.279532,18.311127,16.142488,20.782276,22.316952,20.62836,18.563787,19.705425,16.206055,17.502058,15.63941,20.99759,22.636143,21.309464,18.57953,15.698471,13.705991,12.9644165,13.785403,17.419687,17.855139,15.16694,14.954927,15.387644,14.012456,14.415035,14.259105,15.859591,16.722809,14.16025,14.901785,14.422561,13.357789,14.347638,14.37152,14.964961,16.016592,15.330549,14.499404,15.10629,14.968996,15.80878,15.601318,15.463133,16.145905,15.817044,15.458682,1.0126891,2.1144204,6.942148,0.7567888,31.264034,31.977196,36.369156,18.89931,19.142305,15.228006,14.973841,14.687373,15.558782,56.11
4446005.632,657928.5421,34.620346,1.1908321,1.8159992,28.177526,31.777893,24.296831,23.465664,22.525219,38.12508,33.808537,36.486076,39.19919,36.61322,33.82582,34.737713,38.85008,38.26295,40.86457,2.2233617,2.1475742,7.1440573,8.141497,1384.59,66.41973,0.23925781,1.1096468,0.014404297,0,15,0.59155446,0.38029975,0.27703637,0.23035686,0.6786058,0.7069576,1.2422795,19.284883,14.490943,15.611558,15.441484,17.231495,20.619963,17.942202,16.978163,22.777319,17.586838,19.933928,16.626678,23.250256,24.332653,22.742992,20.596178,20.61739,17.494417,19.614874,18.79328,21.557335,23.488605,23.21311,20.270075,21.06235,18.694855,19.817566,18.524797,19.882015,20.969545,18.902344,19.747908,16.21147,14.5885515,15.309938,14.98838,15.992726,16.762732,16.515009,15.662247,17.2189,17.35781,18.01162,17.316452,17.381222,17.046415,17.724253,17.424797,1.5034156,2.185468,7.642777,0.58672714,29.97771,35.96681,34.28177,17.23179,21.03581,20.682714,19.693354,15.7669735,17.436668,56.11
4446005.632,657933.4219,74.74319,1.1975076,1.8508742,28.17441,31.78178,24.451813,23.522654,22.504646,38.32974,33.898674,36.74375,39.598564,37.039806,33.67557,34.539497,38.475597,37.89242,40.51676,2.2410674,2.1494946,7.1495123,8.134988,1384.48,69.431496,-0.080078125,1.2236401,-0.004516602,0,15,0.59534615,0.41028175,0.28315073,0.23857756,0.6588873,0.97066814,2.0716145,19.612703,14.585843,16.51246,15.397717,17.5873,21.129826,18.67303,17.39314,23.533722,17.58144,19.869907,16.75365,23.40141,24.514254,22.868658,20.779593,21.578627,18.325008,19.237535,17.378922,21.130287,23.086987,22.76424,20.067205,22.142155,19.806595,20.819021,18.268635,19.684502,20.341516,18.206762,20.082914,16.327984,15.885285,15.899445,14.523744,16.028114,16.64159,15.666092,15.772579,17.706156,17.712614,17.431026,16.345232,16.95346,17.631636,17.910862,17.291204,1.5241909,2.195281,7.64225,0.7469323,29.978096,36.114204,34.107536,17.642698,21.217577,20.500229,19.895597,15.853178,17.384428,56.11
4446005.632,657938.3018,66.73606,1.2057625,1.8880687,28.227154,32.564407,24.658546,23.608349,22.419056,38.231674,33.50458,36.675545,39.70448,37.28273,33.796276,34.401756,38.39182,37.76157,40.3549,2.2628305,2.1637964,7.1647563,8.130431,1384.38,67.67943,-0.12011719,1.2074387,-0.005493164,0,15,0.59534615,0.41028175,0.28315073,0.23857756,0.6588873,0.97066814,2.0716145,19.65308,15.878199,16.246382,15.316491,18.77257,21.298233,18.542135,17.71174,23.181723,17.926664,19.68845,16.57462,23.933151,24.195568,23.61115,20.739185,21.287283,18.647327,19.795311,19.130863,21.962923,24.958792,21.762888,20.704323,21.31267,20.210388,20.597797,19.101557,20.820873,21.73666,17.525127,20.410393,15.582923,15.563171,16.283827,14.703329,16.051609,17.063288,16.138702,15.750499,17.332994,17.75681,18.190865,17.167389,17.52537,17.94021,17.784607,17.601328,1.5469155,2.2133136,7.6475935,0.7469323,30.39578,35.868126,34.099014,17.958157,21.301619,21.077911,20.186441,15.912407,17.671177,56.11
4446005.632,657943.1816,70.47467,1.211576,1.9408967,28.108215,32.82527,24.94241,23.692717,22.316406,38.03084,33.37622,36.396698,39.601036,37.398647,34.012405,34.302853,38.22984,37.761723,40.36086,2.276401,2.1783557,7.190478,8.120975,1384.29,65.97265,0.12060547,1.3013834,0.006713867,0,15,0.59534615,0.41028175,0.28315073,0.23857756,0.6588873,0.97066814,2.0716145,19.115173,15.034127,16.085253,16.393375,19.33112,21.120161,18.525879,17.736917,23.616817,17.714865,18.789106,17.05638,23.148207,24.345276,23.58724,20.607574,22.145948,18.68606,17.864672,19.861338,20.501207,22.35483,20.55715,19.935965,21.570492,18.498981,17.922485,19.316454,20.149288,20.601831,18.217253,19.443375,16.4335,14.765076,15.505932,15.11979,15.933566,16.634108,16.679485,15.658855,17.491388,18.014578,17.377855,17.31705,17.671524,17.387232,18.147436,17.498304,1.5762364,2.2273784,7.6557264,0.7469323,30.466743,35.70353,34.15763,17.943584,21.179699,20.281599,19.468111,15.867351,17.62958,56.11
4446005.632,657948.0614,74.98134,1.220876,1.9911201,27.833288,32.243454,25.258642,23.806973,22.325144,37.82485,33.437237,36.117085,39.35319,37.276657,34.22569,34.436913,38.04203,37.765507,40.57684,2.2858086,2.1891108,7.2292576,8.122956,1384.18,66.37368,0.12060547,1.5005025,0.010009766,0,15,0.59534615,0.41028175,0.28315073,0.23857756,0.6588873,0.97066814,2.0716145,18.034384,16.573204,15.533113,15.871348,19.016968,20.865025,18.443045,17.515615,22.108093,18.07051,18.884119,17.078295,23.611183,23.449911,23.569733,20.383635,22.379747,19.384165,17.748274,18.752237,19.50551,23.480618,21.06006,19.877474,21.175123,18.30183,18.31787,18.244501,19.191925,20.807383,18.659012,19.12184,16.296812,14.742993,15.613178,13.514241,16.615875,16.860939,15.873735,15.553891,17.267773,16.94111,17.32627,16.510633,17.826328,16.977327,17.99021,17.155462,1.605998,2.2374597,7.676107,0.7469323,30.038372,35.631042,34.3313,17.762442,20.967407,20.330088,19.24252,15.645395,17.262808,56.11
4446005.632,657952.9413,82.71208,1.2287714,2.0471272,27.848965,32.252186,25.54297,23.911943,22.25946,37.411526,33.338943,35.779972,38.99677,37.03909,34.58631,34.427208,38.14183,37.93694,40.972137,2.298403,2.1909523,7.263344,8.123218,1384.05,66.94196,0.040527344,1.5719551,0,0,15,0.59534615,0.41028175,0.28315073,0.23857756,0.6588873,0.97066814,2.0716145,18.440702,14.810721,15.599941,16.118378,19.855352,20.608358,18.570692,17.530699,22.472702,17.925552,18.548822,16.739473,23.907804,23.355778,22.650297,20.299538,22.542965,18.375113,17.255999,17.110188,19.455717,23.56988,19.996717,19.339779,19.909273,18.074652,17.571693,17.415358,19.62416,21.007776,17.533405,18.71127,15.739039,14.022933,14.936565,13.927365,16.451027,16.583317,14.930201,15.117642,17.395504,16.690474,18.191055,16.75797,17.440231,17.877659,17.597517,17.35137,1.6379493,2.2446775,7.6932807,0.7469323,30.050575,35.375237,34.50676,17.714878,20.800062,19.758081,18.73376,15.227206,17.421488,56.11
4446005.632,657957.8211,81.55886,1.2382578,2.1134598,27.810436,32.316483,25.811827,23.952837,21.93808,37.017456,33.555298,35.471912,38.845444,36.690384,34.87487,34.212654,38.157677,37.88034,41.61532,2.278274,2.170333,7.2659745,8.124661,1383.92,67.80102,-0.15966797,1.5157421,-0.004394531,0,15,0.59534615,0.41028175,0.28315073,0.23857756,0.6588873,0.97066814,2.0716145,18.440702,14.810721,15.599941,16.118378,19.855352,20.608358,18.570692,17.530699,22.472702,17.925552,18.548822,16.739473,23.907804,23.355778,22.650297,20.299538,22.542965,18.375113,17.255999,17.110188,19.455717,23.56988,19.996717,19.339779,19.909273,18.074652,17.571693,17.415358,19.62416,21.007776,17.533405,18.71127,15.739039,14.022933,14.936565,13.927365,16.451027,16.583317,14.930201,15.117642,17.395504,16.690474,18.191055,16.75797,17.440231,17.877659,17.597517,17.35137,1.6758587,2.2243035,7.695318,0.7469323,30.06346,35.286377,34.543762,17.714878,20.800062,19.758081,18.73376,15.227206,17.421488,56.11
4446005.632,657962.7009,76.01203,1.2440063,2.1723518,27.828852,32.323578,26.091738,24.049103,21.83713,36.556587,33.49086,35.210182,38.39858,36.163445,35.263313,34.200176,38.215965,38.095005,42.373756,2.289833,2.1714087,7.3225756,8.13788,1383.81,68.81632,0.16113281,1.5054749,0.008911133,0,15,0.60277945,0.41455796,0.28384978,0.23905526,0.656979,0.9754554,2.0737433,18.967546,14.253316,16.182384,16.321932,19.95029,21.470102,17.348856,17.596682,22.138166,18.023998,18.635643,16.970114,23.225754,25.21192,22.912992,20.539259,21.985159,18.387009,17.638687,17.163786,19.544483,24.651186,20.854425,19.609846,20.125854,18.692947,17.876423,16.596424,19.402027,22.314177,18.92676,19.02978,15.141337,14.335091,14.205798,13.627559,16.182146,17.022459,15.302483,14.990964,18.073793,18.248024,16.898512,17.502474,16.634996,18.54278,17.298292,17.545359,1.708179,2.2306209,7.730228,0.74948865,30.076214,35.023724,34.731743,17.784918,21.016941,20.032106,19.133516,15.116697,17.599838,56.11
4446005.632,657967.5808,72.55383,1.236522,2.0814564,28.109228,33.702118,26.563179,24.238302,21.871145,35.91311,32.700974,34.476456,37.5586,35.788418,35.77795,34.124393,38.484776,38.70098,42.78678,2.2955985,2.2271547,7.2307754,8.101158,1383.69,66.804855,0.19873047,1.5267996,0.012207031,0,15,0.60277945,0.41455796,0.28384978,0.23905526,0.656979,0.9754554,2.0737433,18.664455,15.319658,15.998182,15.062874,19.408728,21.417118,18.708788,17.478645,21.520079,17.732601,18.903992,17.138485,23.095415,24.66474,22.158144,20.31951,21.336023,18.465097,18.103018,17.690678,20.508003,24.167553,21.875427,19.91076,20.700974,19.178112,18.502459,17.536467,19.800697,23.293642,19.104614,19.579586,15.4138775,14.232123,14.820556,13.528758,16.20246,17.333448,15.030756,15.103962,17.53743,17.755121,17.47392,15.915545,17.65126,17.992643,17.48712,17.358438,1.6589892,2.2613766,7.665967,0.74948865,30.905674,34.30704,34.95117,17.797115,20.74478,20.306543,19.730997,15.22314,17.401863,56.11
4446005.632,657972.4606,72.99749,1.2365859,1.9177017,28.097229,33.39535,27.0183,24.395132,22.000063,35.305775,32.493496,33.77628,36.68226,35.378593,36.17999,34.226265,38.55033,39.280518,43.14694,2.28299,2.2466538,7.0919995,8.037355,1383.56,63.18879,-0.03857422,1.4921361,0.00012207,0,15,0.60277945,0.41455796,0.28384978,0.23905526,0.656979,0.9754554,2.0737433,18.664455,15.319658,15.998182,15.062874,19.408728,21.417118,18.708788,17.478645,21.520079,17.732601,18.903992,17.138485,23.095415,24.66474,22.158144,20.31951,21.336023,18.465097,18.103018,17.690678,20.508003,24.167553,21.875427,19.91076,20.700974,19.178112,18.502459,17.536467,19.800697,23.293642,19.104614,19.579586,15.4138775,14.232123,14.820556,13.528758,16.20246,17.333448,15.030756,15.103962,17.53743,17.755121,17.47392,15.915545,17.65126,17.992643,17.48712,17.358438,1.5771438,2.264822,7.5646772,0.74948865,30.74629,33.899635,35.203125,17.797115,20.74478,20.306543,19.730997,15.22314,17.401863,56.11
4446005.632,657977.3404,75.41163,1.2364846,1.7605437,28.269302,34.113754,27.402834,24.519903,21.875687,34.59751,32.163696,33.270832,35.837772,34.936356,36.715714,34.182064,38.736797,39.90457,43.653893,2.2764852,2.2425597,6.95751,7.9862475,1383.45,62.910442,-0.041015625,1.3835555,0.003295898,0,15,0.60277945,0.41455796,0.28384978,0.23905526,0.656979,0.9754554,2.0737433,18.853275,15.60106,16.423273,14.670953,18.902195,20.417562,18.861055,17.374424,22.434265,18.123976,18.891092,16.78337,23.413912,24.407574,23.068163,20.447002,21.420732,19.160095,17.788662,17.384188,19.860735,24.088697,21.849943,19.800333,20.763899,18.78996,18.65019,17.63053,19.842705,23.16531,19.230118,19.582973,15.286925,14.817636,15.427089,13.845342,15.701756,17.310713,14.761259,15.235657,17.458593,17.087904,17.769253,17.284666,17.669853,17.666128,17.084257,17.405083,1.4985142,2.2595224,7.471879,0.74948865,31.191528,33.380604,35.44889,17.675625,21.017477,20.221865,19.724672,15.307246,17.431522,56.11
4446005.632,657982.2203,79.62818,1.2346232,1.6158836,28.292261,34.131805,27.777872,24.644213,21.82843,33.91245,31.791397,32.66735,35.00268,34.42612,37.209698,34.32646,38.989437,40.51156,44.24345,2.2642007,2.2471342,6.8313484,7.937677,1383.36,65.85723,0.35986328,1.365179,0.024414062,0,15,0.60277945,0.41455796,0.28384978,0.23905526,0.656979,0.9754554,2.0737433,18.853275,15.60106,16.423273,14.670953,18.902195,20.417562,18.861055,17.374424,22.434265,18.123976,18.891092,16.78337,23.413912,24.407574,23.068163,20.447002,21.420732,19.160095,17.788662,17.384188,19.860735,24.088697,21.849943,19.800333,20.763899,18.78996,18.65019,17.63053,19.842705,23.16531,19.230118,19.582973,15.286925,14.817636,15.427089,13.845342,15.701756,17.310713,14.761259,15.235657,17.458593,17.087904,17.769253,17.284666,17.669853,17.666128,17.084257,17.405083,1.4252534,2.2556674,7.384513,0.74948865,31.212032,32.85192,35.76808,17.675625,21.017477,20.221865,19.724672,15.307246,17.431522,56.11
4446005.632,657987.1001,80.2387,1.2346232,1.6158836,28.292261,34.131805,27.777872,24.644213,21.82843,33.91245,31.791397,32.66735,35.00268,34.42612,37.209698,34.32646,38.989437,40.51156,44.24345,2.2642007,2.2471342,6.8313484,7.937677,1383.36,65.85723,0.35986328,1.365179,0.024414062,0,15,0.60277945,0.41455796,0.28384978,0.23905526,0.656979,0.9754554,2.0737433,18.853275,15.60106,16.423273,14.670953,18.902195,20.417562,18.861055,17.374424,22.434265,18.123976,18.891092,16.78337,23.413912,24.407574,23.068163,20.447002,21.420732,19.160095,17.788662,17.384188,19.860735,24.088697,21.849943,19.800333,20.763899,18.78996,18.65019,17.63053,19.842705,23.16531,19.230118,19.582973,15.286925,14.817636,15.427089,13.845342,15.701756,17.310713,14.761259,15.235657,17.458593,17.087904,17.769253,17.284666,17.669853,17.666128,17.084257,17.405083,1.4252534,2.2556674,7.384513,0.74948865,31.212032,32.85192,35.76808,17.675625,21.017477,20.221865,19.724672,15.307246,17.431522,56.11
4446005.632,657991.9799,82.39979,1.2450231,1.491168,27.905415,33.95985,28.29062,24.75813,21.736988,33.616676,31.627205,32.39717,34.531586,34.31051,37.452053,34.1883,38.595066,40.71739,44.412453,2.2974057,2.2396863,6.7100205,7.8781486,1383.25,68.96867,0.31982422,1.3960971,0.027709961,0,15,0.6307672,0.4077755,0.28348458,0.24325873,0.6587688,0.97807485,2.076259,18.278936,16.527716,16.322815,15.581762,18.340973,20.602045,18.558271,17.481432,21.146526,17.553469,18.252167,16.59073,22.477045,23.152643,22.043732,19.648565,20.402756,17.049656,18.133364,17.508972,20.260834,21.31751,21.352636,18.98323,19.652979,17.714617,17.9857,16.727339,19.12849,19.820438,18.098112,18.332314,15.755083,14.798211,15.635621,13.8928,15.21357,16.092916,14.859282,15.079463,16.455872,15.496999,16.478222,16.823702,16.121435,15.766122,15.0466585,16.070631,1.3680956,2.268546,7.2940845,0.7540555,30.932632,32.62194,35.820175,17.744646,20.173758,19.432247,18.44681,15.178213,16.027002,56.11
4446005.632,657996.8598,84.55827,1.2412052,1.3704469,27.935238,33.97726,28.69248,24.869505,21.697021,32.941875,31.259348,31.780056,33.76595,33.82145,37.90366,34.314663,38.869144,41.27714,44.953854,2.2722294,2.2454414,6.5968113,7.8307166,1383.14,71.56988,0.39990234,1.3133181,0.027832031,0,15,0.6307672,0.4077755,0.28348458,0.24325873,0.6587688,0.97807485,2.076259,18.05823,15.769496,15.501478,15.745402,18.345407,19.672293,16.479277,16.930038,20.958609,17.393167,18.138288,16.796354,22.458338,22.103476,21.891994,19.451342,20.158884,18.507902,17.583925,18.57471,20.593311,21.843294,20.415096,19.250261,17.142492,16.479635,16.172209,16.038698,16.982874,17.510868,16.908575,16.601873,15.045052,14.378961,14.806531,14.456157,14.845901,16.968048,15.308073,14.985493,16.201778,16.199102,15.84702,16.280603,15.464737,15.926649,15.302483,15.907392,1.3058261,2.2588353,7.213764,0.7540555,30.95625,32.100613,36.10916,17.081654,19.96289,19.668161,16.747906,15.115532,15.88891,56.11
4446005.632,658001.7396,83.89729,1.2208382,1.2544867,27.774363,34.479984,29.044191,24.95884,21.709137,32.75198,30.787334,31.47465,33.441704,33.819572,38.14126,34.45919,38.806355,41.448616,44.932148,2.2222211,2.1972098,6.521408,7.800441,1383.03,75.317116,0.24023438,1.2435846,0.026733398,0,15,0.6307672,0.4077755,0.28348458,0.24325873,0.6587688,0.97807485,2.076259,18.05823,15.769496,15.501478,15.745402,18.345407,19.672293,16.479277,16.930038,20.958609,17.393167,18.138288,16.796354,22.458338,22.103476,21.891994,19.451342,20.158884,18.507902,17.583925,18.57471,20.593311,21.843294,20.415096,19.250261,17.142492,16.479635,16.172209,16.038698,16.982874,17.510868,16.908575,16.601873,15.045052,14.378961,14.806531,14.456157,14.845901,16.968048,15.308073,14.985493,16.201778,16.199102,15.84702,16.280603,15.464737,15.926649,15.302483,15.907392,1.2376624,2.2097154,7.1609244,0.7540555,31.127174,31.769657,36.300224,17.081654,19.96289,19.668161,16.747906,15.115532,15.88891,56.11
4446005.632,658006.6194,87.37902,1.2147075,1.1583694,27.794264,34.495167,29.487625,25.058638,21.698042,32.18394,30.480867,30.883318,32.81427,33.477573,38.486904,34.507507,39.02907,41.884315,45.237843,2.185299,2.2000062,6.4224916,7.7514267,1382.93,83.80597,0.4008789,1.1958076,0.030029297,0,15,0.6307672,0.4077755,0.28348458,0.24325873,0.6587688,0.97807485,2.076259,17.765158,15.3273945,15.690952,14.65962,16.724173,19.475668,16.561764,16.406485,20.836565,17.383839,18.512207,16.419508,22.198494,23.247509,22.343441,19.602777,19.82608,19.121565,18.03474,17.312872,21.580797,22.883572,21.766752,19.684174,17.441046,16.81901,16.16549,15.8483515,17.450035,18.406263,17.12302,16.821838,15.723097,14.59619,14.349152,13.948525,15.591378,15.779969,15.457269,14.901625,15.7169895,16.074736,16.150293,15.790735,16.067944,16.64605,16.129253,16.097782,1.1865385,2.1926527,7.086959,0.7540555,31.144714,31.332405,36.497208,16.600676,20.13451,20.075197,17.036175,15.063654,16.082285,56.11
4446005.632,658011.4993,89.42605,1.2085601,1.072101,27.815914,34.510685,29.9354,25.15104,21.693016,31.636227,30.174044,30.278883,32.230953,33.18761,38.79199,34.54255,39.264996,42.29073,45.471104,2.1434917,2.2028937,6.3266697,7.70021,1382.83,93.272766,0.2788086,1.0044914,0.025512695,0,15,0.6307672,0.4077755,0.28348458,0.24325873,0.6587688,0.97807485,2.076259,16.892149,15.61363,15.356542,15.292563,17.321041,19.550701,17.176754,16.58058,21.427568,17.8675,17.807629,16.739004,22.514944,23.516596,22.063272,19.786062,20.1606,17.404951,17.64944,18.136349,21.115435,24.047924,20.697174,19.565342,17.721958,16.773405,15.796366,16.0478,18.131268,19.126694,16.786707,17.062119,15.5812,14.419212,13.812997,14.0657215,15.74168,15.433415,14.777663,14.786699,15.3532505,16.109797,15.829598,15.250594,15.596861,16.915842,16.099054,15.869058,1.1403306,2.1731927,7.01344,0.7540555,31.1633,30.905136,36.667267,16.743341,20.276644,19.88741,17.197742,14.833127,15.879285,56.11
