latitude,longitude,yield,Carbon (0-15 cm),Carbon (15-30 cm),Clay (0-15 cm),Clay (15-30 cm),Clay (30-60 cm),Clay (60-90 cm),Clay (90-120 cm),Sand (0-15 cm),Sand (15-30 cm),Sand (30-60 cm),Sand (60-90 cm),Sand (90-120 cm),Silt (0-15 cm),Silt (15-30 cm),Silt (30-60 cm),Silt (60-90 cm),Silt (90-120 cm),OM (0-15 cm),OM (15-30 cm),pH (0-15 cm),pH (15-30 cm),Elevation,Aspect,Curvature,Slope,TPI,Nitrogen,Phosphorous,ETa_Oct,ETa_Nov,ETa_Dec,ETa_Jan,ETa_Feb,ETa_Mar,ETa_Apr,SM 30 cm Oct,SM 30 cm Nov,SM 30 cm Dec,SM 30 cm Jan,SM 30 cm Feb,SM 30 cm Mar,SM 30 cm Apr,SM 30 cm growing,SM 60 cm Oct,SM 60 cm Nov,SM 60 cm Dec,SM 60 cm Jan,SM 60 cm Feb,SM 60 cm Mar,SM 60 cm Apr,SM 60 cm growing,SM 90 cm Oct,SM 90 cm Nov,SM 90 cm Dec,SM 90 cm Jan,SM 90 cm Feb,SM 90 cm Mar,SM 90 cm Apr,SM 90 cm growing,SM 120 cm Oct,SM 120 cm Nov,SM 120 cm Dec,SM 120 cm Jan,SM 120 cm Feb,SM 120 cm Mar,SM 120 cm Apr,SM 120 cm growing,SM 150 cm Oct,SM 150 cm Nov,SM 150 cm Dec,SM 150 cm Jan,SM 150 cm Feb,SM 150 cm Mar,SM 150 cm Apr,SM 150 cm growing,SM 180 cm Oct,SM 180 cm Nov,SM 180 cm Dec,SM 180 cm Jan,SM 180 cm Feb,SM 180 cm Mar,SM 180 cm Apr,SM 180 cm growing,Carbon,OM,pH,ETa,Clay,Sand,Silt,SM 30 cm,SM 60 cm,SM 90 cm,SM 120 cm,SM 150 cm,SM 180 cm,Precipitation
4446176.924,658184.7026,14.743359,1.0837412,1.1264752,27.930809,30.187702,27.289349,23.819126,22.676735,36.260567,33.39648,43.33394,42.04221,45.52043,35.99626,37.224495,29.818691,33.38301,32.32802,2.2996266,1.8370333,7.248166,7.9099507,1383.33,10.939899,3.3188477,3.4683206,0.2944336,20,30,0.38446772,0.4319282,0.26961222,0.28223866,0.36592788,0.69927126,0.80453485,12.238975,15.725327,11.855578,14.290088,17.69291,18.757837,18.093891,15.363966,16.51556,18.7365,15.705971,17.28205,20.539371,21.350525,18.63786,18.572418,16.119,17.726002,18.177845,18.034714,20.101881,19.099564,19.210037,18.225668,16.490967,16.248615,17.39504,19.409353,18.467018,18.690008,20.03113,18.013851,14.83819,14.164436,14.248418,14.300222,16.578526,15.654294,15.611078,14.876455,18.606358,19.07049,18.623838,18.08305,16.29968,17.378622,15.281993,17.879684,1.1051083,2.0683298,7.5790586,0.4625687,29.059256,34.82852,36.61038,15.522086,18.395405,18.35272,18.10459,15.056452,17.620577,22.08
4446176.924,658189.7026,15.788421,1.0839741,1.1281015,27.866816,30.19143,27.547798,24.345467,22.879002,36.37128,33.471745,43.15513,41.71259,45.041275,36.045822,37.003387,29.841475,33.448322,32.47657,2.2742393,1.832018,7.1671743,7.8724794,1383.3,8.680135,3.8813477,2.93909,0.31115723,20,30,0.38446772,0.4319282,0.26961222,0.28223866,0.36592788,0.69927126,0.80453485,13.557852,15.759969,11.191917,13.341696,17.888905,19.975302,18.012983,15.563701,16.84904,18.300371,15.934427,17.554424,20.875061,21.206263,18.752083,18.667397,15.357065,15.561923,16.169046,17.24171,20.5383,19.52838,18.787098,17.399569,17.811895,16.762508,16.598932,18.406147,18.62067,19.743532,19.09884,18.090475,14.308673,13.982775,12.819777,13.654455,16.700144,16.523012,16.164593,14.705779,17.554409,19.21847,17.457333,18.502542,17.700436,17.99442,16.128841,18.04459,1.1060379,2.0531287,7.519827,0.4625687,29.029121,34.921513,36.524605,15.675519,18.495953,17.597645,18.148932,14.879061,17.79378,22.08
4446176.924,658194.7026,18.077093,1.0837026,1.1375333,27.782873,30.785692,27.653076,24.91216,23.032774,36.42229,33.674446,43.523155,41.422657,44.830776,36.083927,36.442356,29.838694,33.43195,32.27117,2.2542362,1.8456563,7.077373,7.846742,1383.25,8.581387,3.5200195,2.59148,0.29663086,20,30,0.38446772,0.4319282,0.26961222,0.28223866,0.36592788,0.69927126,0.80453485,13.557852,15.759969,11.191917,13.341696,17.888905,19.975302,18.012983,15.563701,16.57896,16.094067,15.370013,16.927996,19.179272,19.177538,18.067684,17.426512,14.900003,15.034433,15.536174,16.6876,20.027819,19.041147,18.345669,16.871023,16.702133,15.74175,15.395877,17.855066,18.26178,19.11502,18.48913,17.282515,14.301616,13.985837,12.827637,13.556185,16.646194,16.34675,16.123005,14.6474905,15.809622,17.38212,15.786153,16.678175,16.12525,16.43618,14.75166,16.33081,1.1106179,2.0499463,7.4620576,0.4625687,29.284283,35.04837,36.26314,15.675519,17.34222,17.081835,17.365822,14.826745,16.138453,22.08
4446176.924,658199.7026,21.08752,1.0821767,1.1251756,27.691559,30.789267,28.02311,25.662218,23.269228,36.636333,33.823303,43.218555,41.035366,44.23863,36.08124,36.13477,29.94689,33.465126,32.469437,2.2274196,1.8395481,6.968641,7.801922,1383.21,330.57376,3.6796875,1.2827922,0.20214844,20,30,0.38446772,0.4319282,0.26961222,0.28223866,0.36592788,0.69927126,0.80453485,13.759455,14.565333,10.165911,14.889017,16.875244,19.67595,18.272589,15.307381,16.13035,16.4885,14.97307,15.83992,18.653526,19.395308,18.062506,17.151743,16.647785,16.671726,15.296727,15.602023,18.973078,19.131922,19.97727,17.269045,14.392153,13.336952,13.792727,15.388127,15.855302,16.977621,17.410404,15.177546,15.407331,13.924065,13.443468,14.078047,15.970953,16.303358,16.17354,14.880586,16.57303,17.204582,16.46887,15.267466,15.43071,14.910464,14.917482,15.917644,1.1036761,2.033484,7.3852816,0.4625687,29.240414,35.22982,36.108006,15.457643,17.077597,17.471504,15.307612,15.042967,15.8246565,22.08
4446176.924,658204.7026,23.994204,1.050624,1.083182,27.307785,31.05319,28.37184,26.391691,23.39415,36.834248,33.928856,43.295826,40.626877,44.24864,36.226097,35.832336,29.81426,33.73953,32.443333,2.1882834,1.8319315,6.8801284,7.7260437,1383.11,198.75008,-0.6801758,1.6483064,0.055541992,20,30,0.38750547,0.4428849,0.26965034,0.2786321,0.3394213,0.68064165,0.7890352,11.846547,14.821043,9.5245,15.599994,16.505865,19.791925,16.99911,14.927205,15.557709,16.489767,15.3348055,15.689077,18.222813,20.765947,17.581894,17.270273,15.541725,15.855397,15.962465,16.079367,17.27774,21.539762,18.047092,17.16602,13.970659,13.593636,14.366467,15.532672,15.58636,18.718908,16.010344,15.40351,16.656084,13.374232,13.908879,14.844358,15.745216,16.533735,15.828718,15.15412,16.660187,17.243298,16.069286,15.307533,14.421402,15.575783,14.204931,15.836223,1.066903,2.0101075,7.3030863,0.45539585,29.180489,35.381554,36.029217,15.012712,17.091717,17.186222,15.397008,15.270175,15.640346,22.08
4446176.924,658209.7026,27.941265,1.049169,1.055554,27.203129,31.058447,28.886477,27.438469,23.654282,37.244015,34.120323,42.769173,40.134113,43.45157,36.07858,35.429386,30.06438,33.839703,32.761215,2.161396,1.8246559,6.7428627,7.6744328,1383.07,169.33344,-0.32080078,3.0145059,-0.0234375,20,30,0.38750547,0.4428849,0.26965034,0.2786321,0.3394213,0.68064165,0.7890352,11.846547,14.821043,9.5245,15.599994,16.505865,19.791925,16.99911,14.927205,15.557709,16.489767,15.3348055,15.689077,18.222813,20.765947,17.581894,17.270273,15.541725,15.855397,15.962465,16.079367,17.27774,21.539762,18.047092,17.16602,13.970659,13.593636,14.366467,15.532672,15.58636,18.718908,16.010344,15.40351,16.656084,13.374232,13.908879,14.844358,15.745216,16.533735,15.828718,15.15412,16.660187,17.243298,16.069286,15.307533,14.421402,15.575783,14.204931,15.836223,1.0523615,1.993026,7.2086477,0.45539585,29.130787,35.682167,35.753983,15.012712,17.091717,17.186222,15.397008,15.270175,15.640346,22.08
4446171.924,658129.7026,16.0302,1.1898271,1.3569422,28.766108,31.438204,27.87598,23.491423,23.205812,38.237514,32.41335,40.55952,40.636063,44.7265,32.788933,36.789967,30.772945,35.32459,31.709284,2.4057872,1.8968717,7.034153,7.9742074,1383.39,358.62668,3.800293,3.5775335,0.3277588,20,30,0.38482162,0.43470854,0.2935844,0.2871587,0.37619177,0.6901191,0.78515565,12.285342,14.563382,11.903955,13.522296,18.485464,20.313704,17.002317,15.394846,16.980982,18.20731,16.655537,16.923626,20.072172,21.106352,19.17462,18.590559,17.139444,16.479092,15.595949,17.184023,18.944725,20.147816,19.582428,17.69108,17.260906,16.830431,17.108313,17.69249,19.116102,20.231913,19.760038,18.203732,15.361827,15.73817,13.812187,15.814896,18.01252,19.726234,18.462282,16.484251,18.322123,19.385105,16.783062,19.128666,17.104359,17.925114,16.357254,17.956259,1.2733846,2.1513295,7.50418,0.46453428,30.102156,35.32543,34.78945,15.439494,18.4458,17.86764,18.285742,16.704016,17.857954,22.08
4446171.924,658134.7026,17.755262,1.1839925,1.3589215,28.77309,31.43315,27.508179,23.329515,23.193262,37.776066,32.379654,41.2477,41.23411,46.363464,33.28246,37.03544,30.431662,34.96716,30.384895,2.4002156,1.8953238,7.1085424,7.9895635,1383.41,357.35498,4.0405273,3.7230887,0.33666992,20,30,0.38482162,0.43470854,0.2935844,0.2871587,0.37619177,0.6901191,0.78515565,12.466497,16.049221,12.809278,13.96681,17.394253,19.493505,16.772074,15.561324,16.745256,18.15475,16.293068,17.312206,20.248972,20.386223,18.795536,18.426561,15.8771515,16.761597,15.895421,17.051939,18.917727,18.804012,20.318771,17.456207,17.894331,18.33038,16.619318,17.266438,18.131762,19.020037,20.649635,18.099957,15.139791,15.880386,14.352618,14.140988,17.365538,17.670805,17.929071,15.777149,18.213345,19.089975,17.303238,18.202549,17.198715,16.997404,17.784683,17.805136,1.271457,2.1477697,7.549053,0.46453428,30.103119,35.077858,35.15895,15.564521,18.276571,17.660946,18.273127,16.068457,17.827131,22.08
4446171.924,658139.7026,18.508516,1.1603905,1.3137565,28.44026,31.36979,27.822342,23.896463,23.436563,37.885338,32.790424,40.87045,40.985058,47.13478,33.51148,36.850014,30.499355,34.654934,30.043823,2.3748422,1.884897,7.122833,7.95528,1383.43,358.70215,4.161133,3.7772062,0.34899902,20,30,0.38482162,0.43470854,0.2935844,0.2871587,0.37619177,0.6901191,0.78515565,12.466497,16.049221,12.809278,13.96681,17.394253,19.493505,16.772074,15.561324,16.745256,18.15475,16.293068,17.312206,20.248972,20.386223,18.795536,18.426561,15.8771515,16.761597,15.895421,17.051939,18.917727,18.804012,20.318771,17.456207,17.894331,18.33038,16.619318,17.266438,18.131762,19.020037,20.649635,18.099957,15.139791,15.880386,14.352618,14.140988,17.365538,17.670805,17.929071,15.777149,18.213345,19.089975,17.303238,18.202549,17.198715,16.997404,17.784683,17.805136,1.2370734,2.1298695,7.5390563,0.46453428,29.905025,35.337883,35.180748,15.564521,18.276571,17.660946,18.273127,16.068457,17.827131,22.08
4446171.924,658144.7026,18.360529,1.1274948,1.2961067,28.523027,30.905647,27.710312,23.776926,23.47134,37.782616,33.10028,41.633007,41.813488,48.465454,33.584885,37.053688,29.79293,33.81072,28.950655,2.3512359,1.8776957,7.175619,7.947294,1383.44,0.44998524,4.279297,3.6906908,0.35888672,20,30,0.38502312,0.42951617,0.28760728,0.28160283,0.36809498,0.7005972,0.7981804,12.9833555,14.814258,12.253958,13.098126,16.200552,20.4676,19.13129,15.31294,16.287384,18.854883,15.98009,16.611006,20.288532,21.120707,19.00341,18.450527,16.333017,16.318842,15.75903,15.7579975,19.182621,19.676805,19.64533,17.364536,17.878174,17.80951,16.341759,16.874878,17.980068,19.350012,20.075336,17.891489,14.938486,14.93844,14.521027,14.20047,16.539131,18.23984,17.047977,15.552629,17.833048,19.094227,17.419003,17.861443,17.462643,17.230635,16.378042,17.681826,1.2118008,2.1144657,7.5614567,0.46437457,29.714336,35.44145,35.319286,15.564163,18.306574,17.524805,18.044249,15.775053,17.611292,22.08
4446171.924,658149.7026,16.718721,1.1230849,1.2798423,28.497578,30.902824,27.573357,23.608433,23.34717,37.426735,33.04383,41.96592,42.136646,48.9344,34.03011,37.23889,29.617538,33.667118,28.776533,2.3487275,1.8755304,7.238632,7.9556613,1383.45,329.9227,4.7197266,2.5142367,0.2689209,20,30,0.38502312,0.42951617,0.28760728,0.28160283,0.36809498,0.7005972,0.7981804,12.9833555,14.814258,12.253958,13.098126,16.200552,20.4676,19.13129,15.31294,16.287384,18.854883,15.98009,16.611006,20.288532,21.120707,19.00341,18.450527,16.333017,16.318842,15.75903,15.7579975,19.182621,19.676805,19.64533,17.364536,17.878174,17.80951,16.341759,16.874878,17.980068,19.350012,20.075336,17.891489,14.938486,14.93844,14.521027,14.20047,16.539131,18.23984,17.047977,15.552629,17.833048,19.094227,17.419003,17.861443,17.462643,17.230635,16.378042,17.681826,1.2014636,2.112129,7.597147,0.46437457,29.700201,35.235283,35.6345,15.564163,18.306574,17.524805,18.044249,15.775053,17.611292,22.08
4446171.924,658154.7026,15.548865,1.1186948,1.2545207,28.467258,30.900387,27.50839,23.43377,23.166353,37.096256,32.98331,42.23292,42.42728,49.025185,34.467716,37.406334,29.458748,33.54861,28.944363,2.346745,1.8730452,7.2952275,7.962478,1383.41,242.10197,0.16064453,1.3779308,0.13220215,20,30,0.38502312,0.42951617,0.28760728,0.28160283,0.36809498,0.7005972,0.7981804,12.872156,13.937874,11.757093,13.625578,18.822176,19.997623,19.563705,15.48876,16.411936,18.665659,16.497355,16.31886,20.656467,21.170843,19.410517,18.554148,15.8211975,15.595967,16.918394,16.973286,17.986195,20.182878,19.606586,17.51348,17.08244,17.357773,17.396603,17.277113,18.169998,19.139107,21.463675,18.017778,14.967773,12.926949,14.689566,14.834326,16.770306,17.759573,17.515265,15.304854,17.939533,18.558084,17.949503,19.033268,16.833027,17.32205,16.908947,17.912338,1.1866077,2.1098952,7.628853,0.46437457,29.683823,35.039783,35.937027,15.7966,18.447376,17.583498,18.26953,15.63768,17.792059,22.08
4446171.924,658159.7026,10.709206,1.1140741,1.221085,28.432533,30.89812,27.505892,23.253553,22.938477,36.78405,32.920822,42.446667,42.695744,48.79975,34.901905,37.562283,29.31175,33.44843,29.397032,2.3456788,1.8703893,7.346023,7.9681916,1383.4,175.16992,0.35986328,2.0404491,0.027832031,20,30,0.38502312,0.42951617,0.28760728,0.28160283,0.36809498,0.7005972,0.7981804,13.693997,15.802843,11.861548,13.280699,18.123602,19.775248,18.46278,15.627769,16.321365,18.944544,16.09632,16.44117,20.891119,22.339651,19.069284,18.737911,15.97732,17.359644,15.508459,16.91567,21.058392,21.191536,19.551853,18.201,16.78648,17.238651,16.190649,16.83145,18.255226,20.028667,21.117512,17.833584,14.403753,14.101507,14.762644,14.912817,16.509716,18.584013,18.638668,15.679455,17.728893,19.228067,17.432333,19.686993,16.79844,16.466335,17.474516,17.907887,1.1675795,2.1080341,7.6571074,0.46437457,29.665327,34.852436,36.232094,15.857245,18.586208,18.223269,18.06409,15.98759,17.830797,22.08
4446171.924,658164.7026,14.432749,1.1040336,1.1826283,28.58782,30.504944,27.454813,23.049088,22.699276,36.586754,33.080162,42.74708,42.74978,48.142857,35.168247,37.70594,29.313784,33.569984,30.417788,2.3514886,1.8726835,7.4003196,7.9808006,1383.38,172.66602,0.31982422,2.020914,0.026611328,20,30,0.38502312,0.42951617,0.28760728,0.28160283,0.36809498,0.7005972,0.7981804,13.693997,15.802843,11.861548,13.280699,18.123602,19.775248,18.46278,15.627769,16.321365,18.944544,16.09632,16.44117,20.891119,22.339651,19.069284,18.737911,15.97732,17.359644,15.508459,16.91567,21.058392,21.191536,19.551853,18.201,16.78648,17.238651,16.190649,16.83145,18.255226,20.028667,21.117512,17.833584,14.403753,14.101507,14.762644,14.912817,16.509716,18.584013,18.638668,15.679455,17.728893,19.228067,17.432333,19.686993,16.79844,16.466335,17.474516,17.907887,1.1433309,2.112086,7.6905603,0.46437457,29.546383,34.833458,36.437096,15.857245,18.586208,18.223269,18.06409,15.98759,17.830797,22.08
4446171.924,658169.7026,16.899881,1.096946,1.1423994,28.546722,30.502615,27.565916,22.87017,22.394953,36.297863,33.00834,42.876972,42.98548,47.54388,35.588974,37.863747,29.166517,33.482796,31.14653,2.3526943,1.86983,7.4388676,7.9846916,1383.35,170.45987,0.2397461,1.9889176,0.021118164,20,30,0.38502312,0.42951617,0.28760728,0.28160283,0.36809498,0.7005972,0.7981804,13.567721,14.9557705,12.515895,13.87039,18.015549,19.148432,17.930408,15.534387,16.248657,18.938564,16.227295,16.806866,20.567333,22.509283,18.692362,18.774889,15.33212,17.822788,15.685481,16.604185,18.574352,20.833426,20.774597,17.772116,16.143034,16.459553,16.949825,16.945293,17.935333,20.393373,20.550032,17.915009,14.03392,14.405939,14.173123,14.215408,16.245502,17.790586,18.308926,15.262319,16.91261,19.345987,17.252752,18.66164,16.202938,16.721056,16.660633,17.561134,1.1196728,2.111262,7.7117796,0.46437457,29.52467,34.6531,36.72636,15.714881,18.570051,17.946707,17.910921,15.596202,17.393946,22.08
4446171.924,658174.7026,18.239742,1.0919759,1.1196684,28.50364,30.704174,26.994839,22.52261,22.034012,35.782566,32.800785,43.88482,43.13565,46.91087,35.976868,37.946213,28.976606,33.42388,32.00374,2.3578944,1.8673686,7.460132,8.004638,1383.32,168.0514,0.31933594,2.0050135,0.02331543,20,30,0.38446772,0.4319282,0.26961222,0.28223866,0.36592788,0.69927126,0.80453485,12.409143,15.206902,13.112265,14.608528,17.753963,19.67588,18.328766,15.733668,16.63121,18.503687,15.725665,16.788458,20.475538,21.989794,18.985004,18.615356,17.177004,16.388762,16.192287,17.548203,18.588364,19.854647,18.991999,17.791124,16.72766,15.13851,15.732984,17.01682,18.279127,19.139748,20.354197,17.327204,14.23264,14.941689,14.935455,14.299599,16.165504,16.469131,16.07648,15.121494,18.520086,18.277386,18.231968,18.228737,16.012053,16.506624,15.965182,17.571766,1.1058221,2.1126316,7.7323847,0.4625687,29.603907,34.291676,36.96154,15.870779,18.442764,17.82018,17.48415,15.302928,17.39172,22.08
4446171.924,658179.7026,17.927034,1.0791819,1.1245359,28.014082,30.181488,26.938913,22.847445,22.209793,35.873196,33.206284,43.75724,42.703106,46.389828,36.181965,37.70844,29.6239,33.25294,32.152454,2.334296,1.843344,7.417064,7.972061,1383.27,159.54813,0.28027344,2.047798,0.02331543,20,30,0.38446772,0.4319282,0.26961222,0.28223866,0.36592788,0.69927126,0.80453485,12.409143,15.206902,13.112265,14.608528,17.753963,19.67588,18.328766,15.733668,16.38392,16.594845,15.301817,16.240005,18.391838,20.251822,17.925861,17.433542,16.710999,16.015545,15.545189,17.024216,18.147717,19.357561,18.595678,17.30884,15.614489,14.436182,15.08846,16.389679,18.136776,18.680456,19.057055,16.63739,14.227854,14.922424,14.898666,14.179004,16.139462,16.336315,16.07954,15.064727,16.877367,16.319399,16.656921,16.363712,14.532805,14.988056,14.677855,15.8983965,1.1018589,2.08882,7.694563,0.4625687,29.097786,34.53974,36.9452,15.870779,17.298588,17.342415,16.771872,15.254752,15.773732,22.08
4446171.924,658184.7026,6.3831987,1.081751,1.1390353,27.951977,30.185865,27.128998,23.338634,22.468594,35.989304,33.292126,43.60699,42.353477,45.94166,36.217194,37.450443,29.648193,33.33038,32.252647,2.3040423,1.8377395,7.339315,7.9321303,1383.18,153.61145,0.08105469,2.0299249,-0.005493164,20,30,0.38446772,0.4319282,0.26961222,0.28223866,0.36592788,0.69927126,0.80453485,12.261365,15.747716,11.877968,14.312477,17.720047,18.65383,18.10678,15.362061,16.269905,17.032185,15.258921,16.474339,18.87685,19.38575,17.754131,17.388805,15.165721,17.176947,17.519989,17.317554,19.722603,18.511087,18.840546,17.595499,13.902063,13.259732,13.8934355,16.37768,16.180956,16.041582,16.886883,15.098313,14.833403,14.1228485,14.211629,14.179629,16.524574,15.540082,15.591815,14.8162,16.760342,17.164768,16.950062,16.239735,14.778506,15.819286,13.9780445,16.153866,1.1103932,2.070891,7.6357226,0.4625687,29.06892,34.640717,36.833817,15.525741,17.293154,17.750635,15.220332,15.000569,15.955819,22.08
4446171.924,658189.7026,15.087353,1.0829567,1.1491798,27.886444,30.190092,27.385824,23.88792,22.726477,36.126427,33.38539,43.417828,41.98716,45.436474,36.24064,37.185947,29.67656,33.406345,32.378014,2.2749047,1.8327088,7.249778,7.890418,1383.07,159.14647,-0.8413086,1.9306159,-0.052246094,20,30,0.38446772,0.4319282,0.26961222,0.28223866,0.36592788,0.69927126,0.80453485,13.58024,15.763356,11.195308,13.354587,17.916044,19.871292,18.035372,15.55586,16.57896,16.094067,15.370013,16.638783,19.179272,19.177538,18.067684,17.381323,14.654261,15.034433,15.536174,16.524555,20.027819,19.041147,18.342773,16.806698,15.093702,13.8556185,13.691281,15.772173,16.064766,17.051596,16.590258,15.379926,14.301616,13.985837,12.827637,13.556185,16.646194,16.34675,16.123005,14.6474905,15.809622,17.38212,15.786153,16.678175,16.12525,16.43618,14.75166,16.33081,1.1160682,2.0538068,7.570098,0.4625687,29.038269,34.75591,36.713295,15.673743,17.300903,17.023024,15.445627,14.826745,16.138453,22.08
4446171.924,658194.7026,15.946287,1.0830956,1.1615529,27.798323,30.784227,27.541111,24.464,22.91249,36.205677,33.59833,43.731503,41.646667,45.139317,36.261906,36.613895,29.684721,33.397465,32.19937,2.2523208,1.8459716,7.153713,7.859559,1383.03,163.99518,-0.43945312,1.9214557,-0.039916992,20,30,0.38446772,0.4319282,0.26961222,0.28223866,0.36592788,0.69927126,0.80453485,13.58024,15.763356,11.195308,13.354587,17.916044,19.871292,18.035372,15.55586,16.57896,16.094067,15.370013,16.638783,19.179272,19.177538,18.067684,17.381323,14.654261,15.034433,15.536174,16.524555,20.027819,19.041147,18.342773,16.806698,15.093702,13.8556185,13.691281,15.772173,16.064766,17.051596,16.590258,15.379926,14.301616,13.985837,12.827637,13.556185,16.646194,16.34675,16.123005,14.6474905,15.809622,17.38212,15.786153,16.678175,16.12525,16.43618,14.75166,16.33081,1.1223242,2.0491462,7.506636,0.4625687,29.291275,34.902004,36.4379,15.673743,17.300903,17.023024,15.445627,14.826745,16.138453,22.08
4446171.924,658199.7026,21.961876,1.0813406,1.1526151,27.70331,30.788006,27.946522,25.220304,23.17293,36.42971,33.75891,43.406525,41.24498,44.508698,36.25417,36.284058,29.792578,33.434593,32.40122,2.2242901,1.8403704,7.0390897,7.811666,1382.98,160.7463,-0.5205078,1.910866,-0.036743164,20,30,0.38446772,0.4319282,0.26961222,0.28223866,0.36592788,0.69927126,0.80453485,13.759455,14.565333,10.165911,14.889017,16.875244,19.67595,18.272589,15.307381,16.13035,16.4885,14.97307,15.83992,18.653526,19.395308,18.062506,17.151743,16.647785,16.671726,15.296727,15.602023,18.973078,19.131922,19.97727,17.269045,14.392153,13.336952,13.792727,15.388127,15.855302,16.977621,17.410404,15.177546,15.407331,13.924065,13.443468,14.078047,15.970953,16.303358,16.17354,14.880586,16.57303,17.204582,16.46887,15.267466,15.43071,14.910464,14.917482,15.917644,1.1169778,2.0323303,7.425378,0.4625687,29.245659,35.09431,36.26911,15.457643,17.077597,17.471504,15.307612,15.042967,15.8246565,22.08
4446171.924,658204.7026,27.314274,1.051803,1.1119567,27.32458,31.05154,28.36836,26.036154,23.339014,36.66909,33.885456,43.388405,40.779118,44.354313,36.355095,35.952206,29.70199,33.705803,32.435448,2.1867056,1.8329515,6.934368,7.7350264,1382.93,155.62726,-0.118652344,1.839116,-0.028808594,20,30,0.38750547,0.4428849,0.26965034,0.2786321,0.3394213,0.68064165,0.7890352,11.337914,13.056714,10.407594,14.720411,18.22692,19.15374,17.99052,14.731794,15.720914,16.439493,15.316107,16.44259,19.019257,20.853102,18.305847,17.524942,15.433336,16.36407,14.883093,15.868268,19.66611,20.769104,17.965166,17.21436,15.01434,12.950117,13.610135,15.042734,16.109488,17.905594,16.343632,15.24925,15.43717,13.7489805,13.098982,14.601819,16.53229,16.460222,15.367767,14.923883,16.257177,18.453588,15.597529,16.17828,14.904711,14.944191,14.849759,16.032013,1.0818799,2.0098286,7.3346972,0.45539585,29.18806,35.277275,36.15365,14.984831,17.442472,17.278448,15.282292,15.035318,15.883605,22.08
4446171.924,658209.7026,29.199245,1.0497226,1.08124,27.211252,31.05694,28.971767,27.195621,23.627737,37.13279,34.104763,42.787254,40.240982,43.503254,36.18168,35.511288,29.973637,33.809063,32.761036,2.1583169,1.8252869,6.786196,7.6774125,1382.83,159.44533,-1.0410156,1.7126539,-0.07556152,20,30,0.38750547,0.4428849,0.26965034,0.2786321,0.3394213,0.68064165,0.7890352,11.337914,13.056714,10.407594,14.720411,18.22692,19.15374,17.99052,14.731794,15.720914,16.439493,15.316107,16.44259,19.019257,20.853102,18.305847,17.524942,15.433336,16.36407,14.883093,15.868268,19.66611,20.769104,17.965166,17.21436,15.01434,12.950117,13.610135,15.042734,16.109488,17.905594,16.343632,15.24925,15.43717,13.7489805,13.098982,14.601819,16.53229,16.460222,15.367767,14.923883,16.257177,18.453588,15.597529,16.17828,14.904711,14.944191,14.849759,16.032013,1.0654813,1.9918019,7.2318044,0.45539585,29.134096,35.618774,35.84648,14.984831,17.442472,17.278448,15.282292,15.035318,15.883605,22.08
4446166.924,658074.7026,11.912709,1.3623335,0.9690141,27.876984,31.662462,34.878136,26.233076,23.59329,35.728825,31.577131,33.062244,33.332417,34.7789,37.329884,36.47203,32.52342,39.75816,40.914196,2.5836573,1.9637672,6.426051,7.6020007,1383.14,21.083984,3.0800781,1.9493152,0.27111816,20,30,0.36332345,0.43918997,0.27805668,0.2567923,0.32183152,0.68341976,0.79857653,12.757026,14.308789,12.045208,16.182713,17.180964,20.627329,18.538303,15.819299,16.029913,16.760975,16.595325,16.455135,18.473217,20.58044,18.673145,17.755665,15.467684,17.072346,14.881601,15.079552,19.145252,22.126188,20.72749,17.550827,15.331454,14.270001,13.673749,14.257388,16.636345,18.35176,17.788418,15.549957,15.093669,15.313452,14.741565,14.281644,18.078144,19.46931,18.393267,16.43854,16.35635,17.444881,16.136066,14.760468,16.227291,16.96289,16.427517,16.376688,1.1656739,2.2737122,7.0140257,0.44874147,29.769722,33.652977,36.900955,15.948619,17.652592,17.785732,15.758445,16.481579,16.330782,22.08
4446166.924,658079.7026,12.055767,1.3464993,1.0010433,27.909334,31.659,34.669586,26.17905,23.633095,36.251305,31.66646,33.56775,33.84136,35.353336,36.645325,36.4227,32.20368,39.35843,40.278732,2.557954,1.9607787,6.422572,7.61802,1383.06,274.62122,2.1611328,1.2498668,0.11230469,20,30,0.36332345,0.43918997,0.27805668,0.2567923,0.32183152,0.68341976,0.79857653,12.757026,14.308789,12.045208,16.182713,17.180964,20.627329,18.538303,15.819299,16.029913,16.760975,16.595325,16.455135,18.473217,20.58044,18.673145,17.755665,15.467684,17.072346,14.881601,15.079552,19.145252,22.126188,20.72749,17.550827,15.331454,14.270001,13.673749,14.257388,16.636345,18.35176,17.788418,15.549957,15.093669,15.313452,14.741565,14.281644,18.078144,19.46931,18.393267,16.43854,16.35635,17.444881,16.136066,14.760468,16.227291,16.96289,16.427517,16.376688,1.1737714,2.2593665,7.020296,0.44874147,29.784168,33.95888,36.53401,15.948619,17.652592,17.785732,15.758445,16.481579,16.330782,22.08
4446166.924,658084.7026,11.607417,1.3020445,1.0260077,28.093048,31.459887,34.134735,25.953058,23.46966,36.75578,31.859644,34.72418,34.69514,35.65254,35.96845,36.394936,31.650457,38.703995,40.07387,2.53686,1.9563743,6.4798923,7.6610026,1383.2,215.1645,1.1191406,3.0804205,0.15551758,20,30,0.3677966,0.43642884,0.28724924,0.27641624,0.35606772,0.69639456,0.79829335,12.434519,15.22674,11.918096,15.834471,17.640104,21.03464,18.392157,15.960207,16.038498,17.47939,16.087137,16.04241,18.813839,20.995523,18.210129,17.829409,16.322733,17.96333,14.789556,15.306773,21.384796,21.796167,19.800598,18.111942,15.226682,14.3896885,14.245531,14.420563,16.837208,18.261826,16.89191,15.644267,13.837746,14.939247,13.460727,14.395706,18.027115,19.890188,18.759241,16.04985,15.744097,16.843584,15.902792,15.300443,16.60417,16.989655,15.98591,16.280474,1.164026,2.246617,7.0704474,0.45980662,29.776466,34.307713,36.181694,16.068676,17.666704,18.19485,15.753344,16.187138,16.195807,22.08
4446166.924,658089.7026,13.297395,1.3118237,1.0602243,27.972244,30.936092,33.445347,25.764297,23.378666,37.256504,31.864952,35.238644,35.334126,36.32992,35.28794,36.640892,31.917198,38.250843,39.27119,2.5119565,1.9243094,6.5079393,7.7021475,1383.2,176.30762,0.7998047,3.5549555,0.044433594,20,30,0.3677966,0.43642884,0.28724924,0.27641624,0.35606772,0.69639456,0.79829335,13.148799,14.122763,12.891462,15.037392,18.086445,19.61791,17.991356,15.697375,16.328648,16.672047,16.1848,16.578457,18.518927,20.631218,18.246365,17.750961,16.689829,16.6674,16.198757,15.505399,18.266935,20.816223,19.98323,17.502462,15.094673,13.885165,13.7064,13.730326,15.879292,17.219955,17.351793,15.0780735,15.169698,14.368475,13.738852,16.123343,17.895824,19.170614,19.236105,16.409603,15.732823,17.066769,15.288959,16.764174,16.144009,16.542976,16.578823,16.380322,1.186024,2.218133,7.1050434,0.45980662,29.454168,34.56073,35.964417,15.842305,17.59435,17.73254,15.2668,16.528988,16.302647,22.08
4446166.924,658094.7026,13.939302,1.2991049,1.1107339,28.015121,30.932314,32.73384,25.5289,23.365782,37.79418,31.93036,35.65393,35.885796,36.732136,34.457745,36.606438,32.002304,37.96295,38.903366,2.4941099,1.9211488,6.5414286,7.741543,1383.08,176.22478,-1.5205078,3.2549531,-0.07006836,20,30,0.3677966,0.43642884,0.28724924,0.27641624,0.35606772,0.69639456,0.79829335,13.148799,14.122763,12.891462,15.037392,18.086445,19.61791,17.991356,15.697375,16.328648,16.672047,16.1848,16.578457,18.518927,20.631218,18.246365,17.750961,16.689829,16.6674,16.198757,15.505399,18.266935,20.816223,19.98323,17.502462,15.094673,13.885165,13.7064,13.730326,15.879292,17.219955,17.351793,15.0780735,15.169698,14.368475,13.738852,16.123343,17.895824,19.170614,19.236105,16.409603,15.732823,17.066769,15.288959,16.764174,16.144009,16.542976,16.578823,16.380322,1.2049193,2.2076292,7.1414857,0.45980662,29.473717,34.86227,35.53209,15.842305,17.59435,17.73254,15.2668,16.528988,16.302647,22.08
4446166.924,658099.7026,13.465855,1.2871681,1.1711355,28.099098,31.191395,31.84916,25.222895,23.303808,38.40711,32.276333,36.15897,36.462364,37.09517,33.497334,36.28539,32.18594,37.66542,38.57765,2.4791143,1.932863,6.588145,7.7881627,1383.16,178.33337,0.8408203,2.949283,0.030029297,20,30,0.3677966,0.43642884,0.28724924,0.27641624,0.35606772,0.69639456,0.79829335,12.241115,14.090845,11.547319,14.99966,16.221457,19.697906,17.08324,14.988199,15.987859,16.643919,16.089064,16.595575,17.865774,19.778494,18.281597,17.464016,15.548622,15.150731,16.521849,15.726812,17.037027,19.079357,19.619154,16.727493,14.894625,13.468767,14.452505,13.3847885,15.797018,16.434416,17.460264,14.929073,15.296542,13.256322,14.457476,15.370257,17.7518,18.933775,19.334942,16.164274,16.010036,16.741793,15.70199,16.325394,15.563912,16.001667,16.85787,16.232092,1.2291518,2.2059886,7.1881537,0.45980662,29.645247,35.34172,34.89136,15.125936,17.320326,16.954792,15.127484,16.343018,16.171808,22.08
4446166.924,658104.7026,12.156048,1.274992,1.242864,28.151695,31.188889,30.872536,24.84658,23.278542,39.03621,32.337906,36.51967,36.963947,37.37765,32.461098,36.21507,32.489014,37.530716,38.36925,2.467087,1.9307541,6.645408,7.845885,1383.1,179.71748,-0.5605469,2.9053454,-0.030029297,20,30,0.3677966,0.43642884,0.28724924,0.27641624,0.35606772,0.69639456,0.79829335,11.490592,13.939163,11.188269,14.936148,17.05293,19.702345,17.587366,14.892593,15.881589,16.715801,16.026993,16.427958,17.71693,19.571716,18.419119,17.380423,15.258336,15.620575,16.140081,15.973574,17.176455,19.720335,19.579525,16.854961,15.131633,13.9307785,13.964178,14.245371,16.574478,16.5439,17.708252,15.196593,14.948378,14.200605,14.159311,14.876035,17.762728,19.28987,18.22348,16.051044,17.462622,15.842402,15.806587,16.792297,15.906974,16.416758,16.760853,16.425001,1.2589281,2.1989205,7.2456465,0.45980662,29.670292,35.687057,34.33808,15.128118,17.251444,17.066982,15.442656,16.20863,16.426928,22.08
4446166.924,658109.7026,16.005857,1.257392,1.3124355,28.583302,31.516682,29.763144,24.310034,23.266756,39.640354,32.431698,36.96579,37.67977,37.825726,31.365875,35.934544,32.814754,37.176113,37.866344,2.4595575,1.9462676,6.7042413,7.9010167,1383.14,186.58807,0.040039062,2.9965627,-0.001098633,20,30,0.3677966,0.43642884,0.28724924,0.27641624,0.35606772,0.69639456,0.79829335,11.490592,13.939163,11.188269,14.936148,17.05293,19.702345,17.587366,14.892593,15.881589,16.715801,16.026993,16.427958,17.71693,19.571716,18.419119,17.380423,15.258336,15.620575,16.140081,15.973574,17.176455,19.720335,19.579525,16.854961,15.131633,13.9307785,13.964178,14.245371,16.574478,16.5439,17.708252,15.196593,14.948378,14.200605,14.159311,14.876035,17.762728,19.28987,18.22348,16.051044,17.462622,15.842402,15.806587,16.792297,15.906974,16.416758,16.760853,16.425001,1.2849138,2.2029126,7.302629,0.45980662,30.049992,36.036026,33.650208,15.128118,17.251444,17.066982,15.442656,16.20863,16.426928,22.08
4446166.924,658114.7026,15.255893,1.2075084,1.377286,28.682348,31.25237,28.777308,23.92316,23.246243,40.201202,32.41969,37.56378,38.32845,38.58582,30.44276,36.061577,32.838554,36.73859,36.9951,2.4288354,1.9249902,6.7910104,7.965641,1383.17,185.13704,0.000488281,2.8741045,0.006713867,20,30,0.38482162,0.43470854,0.2935844,0.2871587,0.37619177,0.6901191,0.78515565,12.113177,13.59623,11.406754,14.919815,18.183277,19.600985,16.450535,15.075628,15.971725,16.564747,15.898229,15.965517,18.213406,20.045216,18.033438,17.379591,16.312094,14.733908,16.443707,15.170706,17.304289,19.891806,17.926361,16.779732,14.8342285,13.733938,15.1151705,14.658719,16.810217,17.001785,15.8827915,15.378168,14.909139,14.448183,15.28303,14.354486,18.23552,19.368551,18.501034,16.279257,16.469555,15.134626,16.072598,16.214506,16.510872,17.478971,16.186825,16.397228,1.2923973,2.1769128,7.3783255,0.46453428,29.96736,36.310448,33.252167,15.181539,17.241753,16.826124,15.433836,16.44285,16.295424,22.08
4446166.924,658119.7026,13.431892,1.1972045,1.3780383,28.687803,31.247152,28.372952,23.867994,23.280815,39.655304,32.378273,38.33544,39.117664,40.715557,31.064207,36.362534,32.394985,36.132973,35.07583,2.4169965,1.9248903,6.8564363,7.971337,1383.2,181.886,0.4790039,2.6068437,0.019897461,20,30,0.38482162,0.43470854,0.2935844,0.2871587,0.37619177,0.6901191,0.78515565,12.765607,13.522863,11.301123,14.911052,16.822784,20.829773,16.920055,15.191495,16.234415,17.130207,15.631075,15.748828,19.22232,21.241278,18.255953,17.805902,15.255983,16.514648,15.169378,15.845774,18.49204,19.578537,18.657843,16.872587,14.762268,13.475454,14.12068,14.783386,15.8714485,16.5067,16.94783,15.0265465,13.750127,14.149141,13.721304,14.100233,16.211555,19.392157,19.247807,15.507714,16.698431,16.632786,15.012915,15.60956,16.330488,17.321665,16.567863,16.399208,1.2876214,2.1709433,7.4138865,0.46453428,29.967478,36.01679,33.71337,15.29618,17.637724,17.073458,15.209681,15.796046,16.31053,22.08
4446166.924,658124.7026,14.2845955,1.1867607,1.3695412,28.687853,31.241638,28.059467,23.835316,23.32496,38.95065,32.3166,39.151134,39.938465,43.158165,31.896797,36.714252,31.864012,35.499397,32.878693,2.4055688,1.9248384,6.9268146,7.9723334,1383.17,183.1249,-0.51904297,2.365835,-0.022216797,20,30,0.38482162,0.43470854,0.2935844,0.2871587,0.37619177,0.6901191,0.78515565,12.765607,13.522863,11.301123,14.911052,16.822784,20.829773,16.920055,15.191495,16.234415,17.130207,15.631075,15.748828,19.22232,21.241278,18.255953,17.805902,15.255983,16.514648,15.169378,15.845774,18.49204,19.578537,18.657843,16.872587,14.762268,13.475454,14.12068,14.783386,15.8714485,16.5067,16.94783,15.0265465,13.750127,14.149141,13.721304,14.100233,16.211555,19.392157,19.247807,15.507714,16.698431,16.632786,15.012915,15.60956,16.330488,17.321665,16.567863,16.399208,1.2781509,2.1652036,7.449574,0.46453428,29.964745,35.633625,34.305527,15.29618,17.637724,17.073458,15.209681,15.796046,16.31053,22.08
4446166.924,658129.7026,16.70886,1.183976,1.3570635,28.78521,31.437685,27.665016,23.628422,23.300234,38.410328,32.47235,40.66005,40.786633,45.43629,32.52421,36.755867,30.784025,35.143085,31.00044,2.393471,1.8964899,7.0159664,7.9771514,1383.21,187.16948,0.119140625,2.1789231,0,20,30,0.38482162,0.43470854,0.2935844,0.2871587,0.37619177,0.6901191,0.78515565,11.996089,13.814967,11.734556,15.269897,18.410269,20.554995,17.823193,15.504024,16.387402,16.496922,15.865334,15.435916,18.964241,19.706448,18.618828,17.424732,14.957242,14.930069,14.320572,14.431412,17.883272,18.957788,20.261753,16.2153,14.6595125,13.138124,13.091657,14.366295,16.151918,15.986075,16.989155,14.691508,14.724594,14.486185,13.606592,14.104671,16.592907,19.442247,17.782299,15.599391,17.055157,16.330585,15.784025,15.554991,16.622528,17.274355,16.758293,16.472393,1.2705197,2.1449804,7.496559,0.46453428,30.111446,35.441338,34.640038,15.657708,17.353584,16.534588,14.911819,15.819929,16.482847,22.08
4446166.924,658134.7026,19.06292,1.1781236,1.3651111,28.79308,31.432041,27.258387,23.449146,23.318607,37.86908,32.432102,41.429886,41.43544,47.438793,33.098362,37.03965,30.396942,34.7551,29.33142,2.3882966,1.8951447,7.100931,7.9937305,1383.23,187.22623,-0.040527344,2.049474,-0.001098633,20,30,0.38482162,0.43470854,0.2935844,0.2871587,0.37619177,0.6901191,0.78515565,12.14076,15.00957,12.196148,15.004239,15.255039,20.104486,18.246983,15.264177,16.526073,16.628885,15.865557,15.707449,18.252003,20.261793,17.846745,17.442163,16.293686,14.572371,14.678606,14.56043,17.193169,18.977863,18.384789,16.132154,14.740687,13.662628,12.977671,13.880613,14.932843,16.110796,17.202616,14.531476,15.2191725,14.47668,13.807386,13.872891,16.334024,18.68794,17.859472,15.450421,17.263569,16.040823,15.405787,15.375513,15.734656,16.051064,16.717642,15.905628,1.2716174,2.1417208,7.547331,0.46453428,30.11256,35.15059,35.069008,15.4224615,17.298357,16.38013,14.786837,15.751081,16.08415,22.08
4446166.924,658139.7026,19.938948,1.1573519,1.3350223,28.477264,31.367981,27.391253,23.805367,23.558966,37.818016,32.81693,41.25614,41.353054,48.565506,33.427563,36.92556,30.395166,34.43883,28.786264,2.3679333,1.8863178,7.1427975,7.970551,1383.25,182.87546,0.12011719,1.9929303,0.002197266,20,30,0.38482162,0.43470854,0.2935844,0.2871587,0.37619177,0.6901191,0.78515565,12.12855,15.006182,12.192759,15.00085,15.25165,20.279512,18.243591,15.292864,16.526073,16.628885,15.865557,15.707449,18.252003,20.261793,17.846745,17.442163,16.535208,14.572371,14.922434,14.56043,17.193169,19.113733,18.384789,16.233467,16.34791,15.240885,15.060568,15.696324,16.729088,18.0645,19.285511,16.361223,15.2191725,14.47668,13.807386,13.872891,16.334024,18.68794,17.859472,15.450421,17.263569,16.040823,15.405787,15.375513,15.734656,16.051064,16.717642,15.905628,1.2461871,2.1271255,7.556674,0.46453428,29.922623,35.317474,35.17656,15.443299,17.298357,16.468876,16.63211,15.751081,16.08415,22.08
4446166.924,658144.7026,18.502865,1.1267577,1.321597,28.55971,30.904388,27.212835,23.629587,23.604666,37.624622,33.098106,42.027313,42.13048,49.913364,33.60218,37.156914,29.724573,33.663017,27.754532,2.348697,1.8798453,7.2125254,7.967312,1383.23,177.46626,-0.2397461,1.9491895,-0.024414062,20,30,0.38502312,0.42951617,0.28760728,0.28160283,0.36809498,0.7005972,0.7981804,12.417009,14.906954,11.467776,13.006772,16.00923,19.925148,17.091494,14.926176,16.248953,16.429966,16.164598,15.767939,18.381807,20.331997,17.989195,17.50115,13.833014,15.355372,15.421553,15.150763,17.507904,20.380571,17.799564,16.433899,14.691132,13.864942,13.247892,13.980661,15.437539,17.157751,17.272314,14.952306,15.398947,14.554659,13.44487,14.146734,15.585098,19.07289,18.422455,15.597337,15.680351,17.311691,16.538448,16.798922,17.114773,16.15825,15.552078,16.450916,1.2241774,2.1142712,7.5899186,0.46437457,29.732048,35.361366,35.379547,14.974912,17.330637,16.492678,15.093176,15.803665,16.450644,22.08
4446166.924,658149.7026,17.45467,1.1228552,1.3075129,28.533936,30.90158,27.05765,23.41775,23.46241,37.237324,33.02961,42.38741,42.477837,50.408665,34.07898,37.358498,29.53813,33.520496,27.583174,2.3464012,1.8775929,7.283473,7.977747,1383.19,176.89615,-0.9604492,1.8497416,-0.061157227,20,30,0.38502312,0.42951617,0.28760728,0.28160283,0.36809498,0.7005972,0.7981804,12.417009,14.906954,11.467776,13.006772,16.00923,19.925148,17.091494,14.926176,16.248953,16.429966,16.164598,15.767939,18.381807,20.331997,17.989195,17.50115,13.833014,15.355372,15.421553,15.150763,17.507904,20.380571,17.799564,16.433899,14.691132,13.864942,13.247892,13.980661,15.437539,17.157751,17.272314,14.952306,15.398947,14.554659,13.44487,14.146734,15.585098,19.07289,18.422455,15.597337,15.680351,17.311691,16.538448,16.798922,17.114773,16.15825,15.552078,16.450916,1.215184,2.1119971,7.63061,0.46437457,29.717758,35.13347,35.71874,14.974912,17.330637,16.492678,15.093176,15.803665,16.450644,22.08
4446166.924,658154.7026,17.482893,1.1190753,1.2807832,28.50164,30.899363,26.99556,23.199804,23.239075,36.882465,32.954697,42.660725,42.784893,50.394375,34.549324,37.535835,29.373623,33.40827,27.876844,2.3443604,1.8747863,7.3459826,7.9858885,1383.2,177.10419,-0.4008789,1.6919717,-0.044433594,20,30,0.38502312,0.42951617,0.28760728,0.28160283,0.36809498,0.7005972,0.7981804,12.75348,13.998202,10.259424,12.930313,17.472338,19.485086,17.072233,14.646955,16.328098,16.573528,16.291615,15.50139,18.49242,19.93411,17.73138,17.425293,15.145233,15.49671,15.455847,15.11495,18.122662,21.926474,18.037762,17.057457,14.831062,13.554901,13.203817,14.166949,15.4515,18.315596,17.048107,15.146907,16.21604,14.880399,12.9935665,14.529567,15.3752165,18.164154,18.567535,15.559438,16.02174,17.213535,16.215038,16.615147,15.854336,16.450525,16.029753,16.396807,1.1999292,2.1095734,7.6659355,0.46437457,29.7005,34.91858,36.04258,14.853011,17.26465,17.042805,15.224564,15.8180685,16.342869,22.08
4446166.924,658159.7026,16.556467,1.1150267,1.2440935,28.463974,30.897306,27.000917,22.969515,22.95584,36.544476,32.876408,42.873356,43.072285,50.005436,35.021942,37.703087,29.224798,33.31586,28.513008,2.3434377,1.8717144,7.4028597,7.993086,1383.18,175.2884,-0.7192383,1.56634,-0.05444336,20,30,0.38502312,0.42951617,0.28760728,0.28160283,0.36809498,0.7005972,0.7981804,13.28011,13.60359,11.083941,13.104395,17.050499,19.630419,17.631975,14.885593,16.275383,17.142294,15.1294155,16.088518,18.580278,20.8264,17.86542,17.615301,15.395358,15.708883,14.641161,15.898509,17.549332,22.126848,18.524616,17.166803,14.683401,14.184858,13.698108,14.165547,15.645655,18.248997,17.743597,15.41973,14.983661,14.5243435,14.139261,14.140188,15.493073,18.38133,18.414637,15.460982,15.9660845,17.028608,15.450231,17.802622,15.846783,16.205671,15.733075,16.332047,1.1795602,2.107576,7.697973,0.46437457,29.680641,34.71044,36.362514,15.05499,17.415386,17.12067,15.481453,15.725213,16.29044,22.08
4446166.924,658164.7026,17.40826,1.1036963,1.1998985,28.618374,30.504087,26.970245,22.690107,22.644203,36.30622,33.009426,43.166462,43.14814,49.13608,35.342255,37.876675,29.217958,33.4458,29.814798,2.3497045,1.8736243,7.4664965,8.007352,1383.17,172.32608,-0.5996094,1.5028641,-0.049926758,20,30,0.38502312,0.42951617,0.28760728,0.28160283,0.36809498,0.7005972,0.7981804,13.28011,13.60359,11.083941,13.104395,17.050499,19.630419,17.631975,14.885593,16.275383,17.142294,15.1294155,16.088518,18.580278,20.8264,17.86542,17.615301,15.395358,15.708883,14.641161,15.898509,17.549332,22.126848,18.524616,17.166803,14.683401,14.184858,13.698108,14.165547,15.645655,18.248997,17.743597,15.41973,14.983661,14.5243435,14.139261,14.140188,15.493073,18.38133,18.414637,15.460982,15.9660845,17.028608,15.450231,17.802622,15.846783,16.205671,15.733075,16.332047,1.1517974,2.1116643,7.736924,0.46437457,29.56123,34.65782,36.609467,15.05499,17.415386,17.12067,15.481453,15.725213,16.29044,22.08
4446166.924,658169.7026,12.102564,1.0954416,1.1482469,28.572628,30.501068,27.06804,22.359993,22.205719,35.91871,32.902027,43.342964,43.500553,48.333054,35.869434,38.105366,29.046717,33.343056,30.81482,2.3561172,1.8707702,7.524051,8.019714,1383.15,168.6793,-0.5595703,1.4605,-0.048828125,20,30,0.38502312,0.42951617,0.28760728,0.28160283,0.36809498,0.7005972,0.7981804,14.12323,14.697743,11.190958,13.91571,17.750711,19.818707,18.297398,15.499676,16.318329,17.312057,15.705742,15.303091,19.012426,19.714895,18.39435,17.45518,15.249786,15.935251,14.49762,15.92251,19.010817,19.890188,21.984356,17.019062,14.7769985,13.642599,13.660204,14.336405,15.350005,16.25485,18.679356,14.952114,14.886015,14.128072,13.594362,14.285263,15.939616,16.12433,18.293911,14.981767,16.154202,17.369236,15.349193,16.831982,15.5272255,16.468786,16.407436,16.299004,1.1218443,2.1134439,7.771883,0.46437457,29.536848,34.41037,36.9874,15.684921,17.394413,17.498646,15.242918,15.321653,16.301151,22.08
4446166.924,658174.7026,17.986105,1.0573263,1.0695306,28.582039,30.822409,27.054977,21.66871,21.250376,35.27364,32.63843,43.599503,44.015995,47.19818,36.578007,38.54215,29.142054,33.36692,32.393673,2.3837729,1.8652297,7.6242313,8.061689,1383.12,163.73756,-0.5996094,1.4320543,-0.047729492,20,30,0.38446772,0.4319282,0.26961222,0.28223866,0.36592788,0.69927126,0.80453485,11.515783,14.836075,12.173133,15.082189,17.550606,19.361372,18.338099,15.341631,16.370243,17.005045,15.232992,15.500593,18.686111,19.465082,18.02255,17.248209,15.491259,15.830139,15.928469,15.532297,19.08268,18.720581,20.193485,16.933624,14.250738,13.570902,13.875837,14.730745,15.271691,16.576178,17.960339,14.9601,13.9628315,14.146405,12.706404,14.359518,16.12549,16.02862,16.734268,14.648337,16.118944,17.162674,15.976671,16.020609,16.027681,15.902119,15.815646,16.177326,1.0634284,2.1245012,7.8429604,0.4625687,29.702225,33.956036,37.560078,15.551036,17.183231,17.254131,15.176634,14.8662195,16.146334,22.08
4446166.924,658179.7026,19.099028,1.0910187,1.1334217,28.472696,30.705336,26.929356,22.350395,21.903704,35.488888,32.719654,44.108475,43.26651,46.95359,36.37443,38.052666,28.788736,33.415565,32.116554,2.3397338,1.8626852,7.5100117,8.0015955,1383.08,155.56802,-0.56103516,1.3842219,-0.044433594,20,30,0.38446772,0.4319282,0.26961222,0.28223866,0.36592788,0.69927126,0.80453485,11.515783,14.836075,12.173133,15.082189,17.550606,19.361372,18.338099,15.341631,16.370243,17.005045,15.232992,15.500593,18.686111,19.465082,18.02255,17.248209,15.491259,15.830139,15.928469,15.532297,19.08268,18.720581,20.193485,16.933624,14.250738,13.570902,13.875837,14.730745,15.271691,16.576178,17.960339,14.9601,13.9628315,14.146405,12.706404,14.359518,16.12549,16.02862,16.734268,14.648337,16.118944,17.162674,15.976671,16.020609,16.027681,15.902119,15.815646,16.177326,1.1122202,2.1012096,7.7558036,0.4625687,29.589016,34.10427,37.213547,15.551036,17.183231,17.254131,15.176634,14.8662195,16.146334,22.08
4446166.924,658184.7026,21.367167,1.0823216,1.1606451,27.977446,30.18449,26.886755,22.891867,22.31305,35.742558,33.20012,43.903854,42.62971,46.4223,36.404762,37.640854,29.4939,33.286957,32.111782,2.302399,1.8373456,7.424827,7.9525576,1383.03,145.38585,-0.4794922,1.2356818,-0.036621094,20,30,0.38446772,0.4319282,0.26961222,0.28223866,0.36592788,0.69927126,0.80453485,12.062121,15.855501,11.724698,14.189908,16.966162,19.243332,16.9647,15.283344,16.20144,17.250666,15.219907,17.05632,18.815834,19.976141,18.900911,17.753216,15.274043,16.148325,16.323727,17.033325,18.244282,19.826735,19.145496,17.323935,13.85464,13.688982,13.7716465,15.475105,14.531311,18.284441,17.264622,15.251495,13.934959,14.131805,13.453684,14.562985,16.029818,16.362528,15.924373,14.836398,15.694174,17.397894,16.068394,15.884186,15.190339,14.7880945,15.046255,15.844231,1.1214833,2.0698724,7.688692,0.4625687,29.080967,34.471336,37.022808,15.286631,17.631603,17.42799,15.267249,14.914307,15.724191,22.08
4446166.924,658189.7026,17.873457,1.0838448,1.1780581,27.911442,30.189064,27.136774,23.414665,22.600672,35.881603,33.304516,43.7253,42.254726,45.877083,36.419716,37.34825,29.51278,33.370544,32.237698,2.2715068,1.8327167,7.331482,7.9085846,1382.98,140.71614,-0.24023438,1.0178103,-0.027832031,20,30,0.38446772,0.4319282,0.26961222,0.28223866,0.36592788,0.69927126,0.80453485,11.907869,14.496323,11.204436,15.673677,18.187569,20.411299,16.144619,15.494982,15.702611,17.34161,15.417892,16.74995,18.88747,20.10892,18.075054,17.579529,15.580391,15.392248,16.774714,16.382563,18.84834,21.128973,18.656063,17.54075,14.587667,14.097639,14.282343,15.2085705,14.786861,18.650974,16.499409,15.462794,14.594501,14.258153,13.997381,14.278302,15.994092,16.603949,16.410028,15.04344,15.995974,17.596779,16.839748,15.264795,15.424953,16.052423,14.38117,16.135895,1.1309514,2.0521116,7.6200333,0.4625687,29.050253,34.59306,36.883984,15.432256,17.469072,17.537613,15.44478,15.162344,15.936549,22.08
4446166.924,658194.7026,9.23044,1.0839416,1.1933074,27.821123,30.782984,27.327108,23.938244,22.799562,35.957672,33.519714,44.013847,41.894093,45.49327,36.444756,36.779358,29.514654,33.364944,32.102833,2.2480624,1.8462862,7.2339377,7.8747497,1382.93,142.77368,-0.27929688,0.8993866,-0.02331543,20,30,0.38446772,0.4319282,0.26961222,0.28223866,0.36592788,0.69927126,0.80453485,11.502754,14.262059,10.966638,15.2943325,17.925602,20.031527,15.950676,15.178965,15.731375,17.34161,15.417892,16.774553,18.91822,20.12942,18.099657,17.599398,15.490308,15.362076,16.750134,16.363575,18.82935,21.105324,18.620302,17.505413,14.369883,14.097639,14.282343,15.202646,14.779453,18.641098,16.499409,15.425063,14.344412,14.06218,13.817648,14.032766,15.805802,16.356028,16.140863,14.816911,15.995974,17.596779,16.839748,15.264795,15.424953,16.052423,14.38117,16.135895,1.1386244,2.0471742,7.5543437,0.4625687,29.302053,34.738693,36.612057,15.133369,17.487532,17.50301,15.410353,14.9370985,15.936549,22.08
4446166.924,658199.7026,26.47328,1.0815241,1.1895326,27.724398,30.786837,27.752626,24.630228,23.069523,36.155167,33.68209,43.694965,41.510544,44.837276,36.456676,36.44557,29.606073,33.402653,32.3099,2.2202296,1.8419453,7.117717,7.8257656,1382.88,141.47273,-0.31982422,0.8970873,-0.025512695,20,30,0.38446772,0.4319282,0.26961222,0.28223866,0.36592788,0.69927126,0.80453485,11.405882,14.475339,10.414662,15.393458,18.567423,19.543276,17.02082,15.172563,16.057919,17.440653,15.3471575,16.04892,19.105412,20.938536,17.735605,17.708063,15.491333,17.636044,16.459568,14.457457,18.936098,20.407,18.393984,17.307484,14.615677,13.741374,14.072805,14.411298,16.43021,18.101545,16.374958,15.348661,15.1862545,14.634531,13.455046,14.370779,16.738804,16.660952,15.872564,15.147493,16.119354,17.907644,15.877538,14.996762,15.327999,15.485803,14.904683,15.913723,1.1355283,2.0310874,7.471741,0.4625687,29.255617,34.91863,36.451126,15.260123,17.524885,17.397354,15.392552,15.274134,15.802826,22.08
4446166.924,658204.7026,29.280987,1.0537113,1.150943,27.353676,31.049868,28.226593,25.455238,23.262436,36.405914,33.821896,43.60505,41.00493,44.536705,36.53285,36.098362,29.547737,33.670055,32.406498,2.1852646,1.8355316,7.001957,7.74972,1382.83,135,-0.36132812,0.83030564,-0.024536133,20,30,0.38750547,0.4428849,0.26965034,0.2786321,0.3394213,0.68064165,0.7890352,11.337914,13.056714,10.407594,14.720411,18.22692,19.15374,17.99052,14.731794,15.720914,16.439493,15.316107,16.44259,19.019257,20.853102,18.305847,17.524942,15.433336,16.36407,14.883093,15.868268,19.66611,20.769104,17.965166,17.21436,15.01434,12.950117,13.610135,15.042734,16.109488,17.905594,16.343632,15.24925,15.43717,13.7489805,13.098982,14.601819,16.53229,16.460222,15.367767,14.923883,16.257177,18.453588,15.597529,16.17828,14.904711,14.944191,14.849759,16.032013,1.1023271,2.0103981,7.3758383,0.45539585,29.20177,35.113907,36.315605,14.984831,17.442472,17.278448,15.282292,15.035318,15.883605,22.08
4446166.924,658209.7026,30.87819,1.0508751,1.1169184,27.234367,31.055338,28.888878,26.673967,23.565405,36.904232,34.070576,42.948536,40.436596,43.648136,36.34238,35.62172,29.840334,33.7772,32.739338,2.1565514,1.8278176,6.8455753,7.6869054,1382.79,127.86691,-0.15917969,0.65314597,-0.01550293,20,30,0.38750547,0.4428849,0.26965034,0.2786321,0.3394213,0.68064165,0.7890352,11.337914,13.056714,10.407594,14.720411,18.22692,19.15374,17.99052,14.731794,15.720914,16.439493,15.316107,16.44259,19.019257,20.853102,18.305847,17.524942,15.433336,16.36407,14.883093,15.868268,19.66611,20.769104,17.965166,17.21436,15.01434,12.950117,13.610135,15.042734,16.109488,17.905594,16.343632,15.24925,15.43717,13.7489805,13.098982,14.601819,16.53229,16.460222,15.367767,14.923883,16.257177,18.453588,15.597529,16.17828,14.904711,14.944191,14.849759,16.032013,1.0838968,1.9921844,7.26624,0.45539585,29.144852,35.487404,35.982048,14.984831,17.442472,17.278448,15.282292,15.035318,15.883605,22.08
4446161.924,658074.7026,11.51352,1.3515297,0.9312828,27.862036,31.663015,35.414692,26.509764,23.600405,35.67422,31.566347,32.98674,33.191826,34.757324,37.541405,36.48823,32.237946,39.66777,40.940758,2.569651,1.9619762,6.388927,7.5739574,1382.93,161.57297,0.44091797,2.399322,0.006713867,20,30,0.36332345,0.43918997,0.27805668,0.2567923,0.32183152,0.68341976,0.79857653,12.436809,14.070993,11.799964,15.879392,16.909216,20.171478,18.50385,15.524261,16.05868,16.818506,16.619926,16.479738,18.473217,20.600943,18.72235,17.788368,15.431921,17.04217,14.851428,15.060562,19.126263,22.102537,20.697317,17.524849,15.331454,14.270001,13.673749,14.251462,16.628939,18.341885,17.788418,15.546253,14.896161,15.11748,14.545591,14.08869,17.889856,19.234558,18.127888,16.236969,16.35635,17.444881,16.136066,14.760468,16.227291,16.96289,16.427517,16.376688,1.1414063,2.2658136,6.9814425,0.44874147,29.762526,33.620285,37.014816,15.681672,17.68191,17.758886,15.755129,16.27146,16.330782,22.08
4446161.924,658079.7026,11.247995,1.3354489,0.9596406,27.893282,31.659283,35.297302,26.471752,23.647377,36.229763,31.664701,33.53505,33.728436,35.379707,36.845863,36.43492,31.820805,39.231297,40.2413,2.5420408,1.9588863,6.3767133,7.5863757,1382.78,171.448,-1.5600586,2.2153196,-0.11999512,20,30,0.36332345,0.43918997,0.27805668,0.2567923,0.32183152,0.68341976,0.79857653,12.436809,14.070993,11.799964,15.879392,16.909216,20.171478,18.50385,15.524261,16.05868,16.818506,16.619926,16.479738,18.473217,20.600943,18.72235,17.788368,15.431921,17.04217,14.851428,15.060562,19.126263,22.102537,20.697317,17.524849,15.331454,14.270001,13.673749,14.251462,16.628939,18.341885,17.788418,15.546253,14.896161,15.11748,14.545591,14.08869,17.889856,19.234558,18.127888,16.236969,16.35635,17.444881,16.136066,14.760468,16.227291,16.96289,16.427517,16.376688,1.1475447,2.2504635,6.9815445,0.44874147,29.776283,33.94723,36.640392,15.681672,17.68191,17.758886,15.755129,16.27146,16.330782,22.08
4446161.924,658084.7026,10.036233,1.2933778,0.9850918,28.075325,31.460518,34.837296,26.28171,23.508688,36.771557,31.862013,34.643524,34.54376,35.77313,36.13674,36.397976,31.254938,38.588364,39.902023,2.5188656,1.9544168,6.4169803,7.6236267,1382.79,189.77621,-1.6391602,2.527438,-0.107788086,20,30,0.3677966,0.43642884,0.28724924,0.27641624,0.35606772,0.69639456,0.79829335,12.1143,14.909007,11.672852,15.531149,17.373247,20.581736,18.357706,15.653847,16.071424,17.508154,16.087137,16.04241,18.844591,21.057028,18.259333,17.862108,16.286968,17.933155,14.759384,15.287784,21.365807,21.777176,19.781609,18.086836,15.226682,14.3896885,14.245531,14.414637,16.829802,18.251947,16.89191,15.640564,13.656476,14.690694,13.264753,14.202753,17.838825,19.655436,18.496265,15.842598,15.744097,16.843584,15.902792,15.300443,16.60417,16.989655,15.98591,16.280474,1.1392348,2.2366412,7.0203037,0.45980662,29.767921,34.316784,36.267357,15.791428,17.695726,18.170269,15.750029,15.972173,16.195807,22.08
4446161.924,658089.7026,11.9123335,1.3030267,1.0185535,27.957817,30.93688,34.127914,26.099127,23.42469,37.302784,31.881845,35.18557,35.242085,36.447876,35.399704,36.618553,31.506788,38.100628,39.099842,2.492701,1.9217842,6.440084,7.6645265,1382.86,181.6343,-0.60009766,2.5059364,-0.05114746,20,30,0.3677966,0.43642884,0.28724924,0.27641624,0.35606772,0.69639456,0.79829335,12.75218,13.8014965,12.5698185,14.650601,17.819588,19.165003,17.956905,15.353545,16.357412,16.672047,16.209402,16.603058,18.549679,20.651718,18.270967,17.774675,16.654064,16.631638,16.174177,15.480818,18.247946,20.797234,19.964241,17.476482,15.094673,13.885165,13.7064,13.724399,15.871884,17.210081,17.351793,15.074369,14.935846,14.152911,13.525696,15.910797,17.707537,18.935862,18.904747,16.193544,15.732823,17.066769,15.288959,16.764174,16.144009,16.542976,16.578823,16.380322,1.1607901,2.2072425,7.052305,0.45980662,29.44735,34.592316,36.00913,15.530799,17.616327,17.707159,15.263486,16.2962,16.302647,22.08
4446161.924,658094.7026,15.807367,1.2900802,1.0671699,28.004631,30.932894,33.303997,25.858524,23.40567,37.868,31.953669,35.619564,35.858517,36.851994,34.517017,36.578777,31.647552,37.765682,38.737553,2.4737945,1.9185445,6.4753475,7.706635,1382.87,181.854,-0.35986328,2.2201576,-0.05114746,20,30,0.3677966,0.43642884,0.28724924,0.27641624,0.35606772,0.69639456,0.79829335,12.75218,13.8014965,12.5698185,14.650601,17.819588,19.165003,17.956905,15.353545,16.357412,16.672047,16.209402,16.603058,18.549679,20.651718,18.270967,17.774675,16.654064,16.631638,16.174177,15.480818,18.247946,20.797234,19.964241,17.476482,15.094673,13.885165,13.7064,13.724399,15.871884,17.210081,17.351793,15.074369,14.935846,14.152911,13.525696,15.910797,17.707537,18.935862,18.904747,16.193544,15.732823,17.066769,15.288959,16.764174,16.144009,16.542976,16.578823,16.380322,1.1786251,2.1961694,7.090991,0.45980662,29.468761,34.910835,35.547897,15.530799,17.616327,17.707159,15.263486,16.2962,16.302647,22.08
4446161.924,658099.7026,17.290405,1.2770936,1.1264541,28.093042,31.191933,32.28296,25.546429,23.336596,38.51257,32.308685,36.142174,36.496593,37.206615,33.49645,36.24699,31.90334,37.424747,38.428303,2.4575837,1.9309162,6.5251994,7.757,1382.89,181.1703,-0.35986328,2.1050696,-0.024414062,20,30,0.3677966,0.43642884,0.28724924,0.27641624,0.35606772,0.69639456,0.79829335,11.756066,13.849515,11.218607,14.612869,15.959491,19.175444,17.048788,14.629506,16.016624,16.643919,16.089064,16.64478,17.865774,19.778494,18.281597,17.476196,15.47874,15.120558,16.486084,15.70223,17.018038,19.055708,19.600164,16.694437,14.67684,13.468767,14.452505,13.378863,15.789611,16.42454,17.460264,14.89134,15.029269,13.06035,14.241911,15.157713,17.56351,18.655207,19.071968,15.937467,16.010036,16.741793,15.70199,16.325394,15.563912,16.001667,16.85787,16.232092,1.2017739,2.1942499,7.1411,0.45980662,29.642487,35.41063,34.87172,14.802969,17.331467,16.923075,15.093056,16.111418,16.171808,22.08
4446161.924,658104.7026,19.762087,1.2643209,1.1983104,28.302212,30.995893,31.157364,25.097675,23.400642,39.13665,32.495415,36.54088,37.10698,37.499825,32.417248,36.135582,32.256058,37.24105,38.17882,2.4446688,1.9301656,6.576366,7.8100557,1382.86,180,-0.80029297,2.0043943,-0.06896973,20,30,0.3677966,0.43642884,0.28724924,0.27641624,0.35606772,0.69639456,0.79829335,11.165413,13.617897,10.859555,14.549357,16.691046,19.306402,17.552914,14.55762,15.910353,16.715801,16.026993,16.452557,17.71693,19.595686,18.419119,17.393257,15.228163,15.584811,16.104319,15.948993,17.157465,19.696688,19.554943,16.827236,15.131633,13.9307785,13.964178,14.239444,16.567072,16.534021,17.708252,15.192889,14.717878,13.985041,13.943748,14.663492,17.594194,19.055119,17.993496,15.837604,17.462622,15.842402,15.806587,16.792297,15.906974,16.416758,16.760853,16.425001,1.2313156,2.1874173,7.1932106,0.45980662,29.649052,35.816032,34.276413,14.820369,17.262491,17.03934,15.43934,15.993281,16.426928,22.08
4446161.924,658109.7026,18.896618,1.2123222,1.2773478,28.68176,31.056969,29.951439,24.68964,23.29311,40.02167,32.59262,36.94095,37.73386,37.880463,31.005663,36.02259,32.64418,36.74935,37.738464,2.4154825,1.9204594,6.6593604,7.890103,1382.88,188.7239,-0.7602539,1.9843718,-0.057739258,20,30,0.3677966,0.43642884,0.28724924,0.27641624,0.35606772,0.69639456,0.79829335,11.165413,13.617897,10.859555,14.549357,16.691046,19.306402,17.552914,14.55762,15.910353,16.715801,16.026993,16.452557,17.71693,19.595686,18.419119,17.393257,15.228163,15.584811,16.104319,15.948993,17.157465,19.696688,19.554943,16.827236,15.131633,13.9307785,13.964178,14.239444,16.567072,16.534021,17.708252,15.192889,14.717878,13.985041,13.943748,14.663492,17.594194,19.055119,17.993496,15.837604,17.462622,15.842402,15.806587,16.792297,15.906974,16.416758,16.760853,16.425001,1.244835,2.167971,7.2747316,0.45980662,29.869366,36.307144,33.514126,14.820369,17.262491,17.03934,15.43934,15.993281,16.426928,22.08
4446161.924,658114.7026,14.864557,1.2048624,1.3791226,28.767332,31.057516,28.55032,24.01391,23.253561,41.002125,32.680237,37.16965,38.070156,37.897087,29.361975,35.78143,33.35807,37.015804,37.869816,2.4165325,1.9225414,6.7476935,7.98678,1382.91,190.51222,-0.6796875,2.0385818,-0.05883789,20,30,0.38482162,0.43470854,0.2935844,0.2871587,0.37619177,0.6901191,0.78515565,11.788,13.274963,10.998106,14.616493,17.82139,19.205042,16.419994,14.741209,16.00049,16.564747,15.898229,15.965517,18.213406,20.089687,18.033438,17.392424,16.281921,14.698145,16.40235,15.151716,17.278309,19.868158,17.907372,16.751131,14.8342285,13.733938,15.1151705,14.652792,16.802809,16.991909,15.8827915,15.374465,14.67864,14.232618,15.047876,14.161532,18.022741,19.133799,18.306446,16.060287,16.469555,15.134626,16.072598,16.214506,16.510872,17.478971,16.186825,16.397228,1.2919924,2.169537,7.367237,0.46453428,29.912424,36.84118,32.5717,14.874856,17.252218,16.79828,15.430519,16.226236,16.295424,22.08
4446161.924,658119.7026,12.575147,1.1902093,1.3489062,28.699423,31.247646,28.31194,24.094557,23.316809,39.903954,32.45223,38.381012,39.234005,40.933353,30.778599,36.264923,32.36717,35.93646,34.842808,2.4000406,1.9235525,6.8135557,7.962892,1382.95,189.80565,-0.640625,1.9325315,-0.04333496,20,30,0.38482162,0.43470854,0.2935844,0.2871587,0.37619177,0.6901191,0.78515565,12.443962,13.285067,10.97241,14.60773,16.560818,20.377184,16.809582,14.88503,16.26318,17.130207,15.631075,15.748828,19.22232,21.302782,18.280556,17.821928,15.231402,16.484476,15.1336155,15.826784,18.473051,19.554888,18.63326,16.847485,14.762268,13.475454,14.12068,14.77746,15.86404,16.496824,16.94783,15.022844,13.486638,13.953168,13.505742,13.90728,16.023268,19.157406,19.033625,15.292775,16.698431,16.632786,15.012915,15.60956,16.330488,17.321665,16.567863,16.399208,1.2695577,2.1617966,7.3882236,0.46453428,29.973534,36.178093,33.52176,15.008107,17.654135,17.048212,15.206367,15.581018,16.31053,22.08
4446161.924,658124.7026,13.625507,1.179583,1.3419847,28.69869,31.24156,27.974768,24.068336,23.383448,39.08751,32.38176,39.296783,40.1181,43.734287,31.738401,36.66115,31.75897,35.242188,32.295788,2.3883758,1.9235942,6.891515,7.962491,1382.99,189.85556,-0.24023438,1.7585491,-0.032226562,20,30,0.38482162,0.43470854,0.2935844,0.2871587,0.37619177,0.6901191,0.78515565,12.765607,13.522863,11.301123,14.911052,16.822784,20.829773,16.920055,15.191495,16.234415,17.130207,15.631075,15.748828,19.22232,21.241278,18.255953,17.805902,15.255983,16.514648,15.169378,15.845774,18.49204,19.578537,18.657843,16.872587,14.762268,13.475454,14.12068,14.783386,15.8714485,16.5067,16.94783,15.0265465,13.750127,14.149141,13.721304,14.100233,16.211555,19.392157,19.247807,15.507714,16.698431,16.632786,15.012915,15.60956,16.330488,17.321665,16.567863,16.399208,1.2607839,2.1559849,7.427003,0.46453428,29.970125,35.734634,34.199776,15.29618,17.637724,17.073458,15.209681,15.796046,16.31053,22.08
4446161.924,658129.7026,16.39889,1.1772858,1.340157,28.79983,31.436977,27.517885,23.851543,23.399038,38.47689,32.528652,40.82852,40.995785,46.330555,32.414707,36.746616,30.693604,34.87217,30.132763,2.3775494,1.8955809,6.9894824,7.9711905,1383.02,193.80212,-0.39990234,1.680841,-0.028930664,20,30,0.38482162,0.43470854,0.2935844,0.2871587,0.37619177,0.6901191,0.78515565,11.996089,13.814967,11.734556,15.269897,18.410269,20.554995,17.823193,15.504024,16.387402,16.496922,15.865334,15.435916,18.964241,19.706448,18.618828,17.424732,14.957242,14.930069,14.320572,14.431412,17.883272,18.957788,20.261753,16.2153,14.6595125,13.138124,13.091657,14.366295,16.151918,15.986075,16.989155,14.691508,14.724594,14.486185,13.606592,14.104671,16.592907,19.442247,17.782299,15.599391,17.055157,16.330585,15.784025,15.554991,16.622528,17.274355,16.758293,16.472393,1.2587214,2.1365652,7.480336,0.46453428,30.118404,35.50277,34.58066,15.657708,17.353584,16.534588,14.911819,15.819929,16.482847,22.08
4446161.924,658134.7026,17.635822,1.1716475,1.3621826,28.812368,31.43074,27.027416,23.623817,23.462772,37.892014,32.485332,41.678226,41.682087,48.729523,33.002922,37.05984,30.289265,34.479813,28.074642,2.3738573,1.8947546,7.088494,7.9927154,1383.06,192.52264,-0.19873047,1.5842167,-0.020996094,20,30,0.38482162,0.43470854,0.2935844,0.2871587,0.37619177,0.6901191,0.78515565,12.14076,15.00957,12.196148,15.004239,15.255039,20.104486,18.246983,15.264177,16.526073,16.628885,15.865557,15.707449,18.252003,20.261793,17.846745,17.442163,16.293686,14.572371,14.678606,14.56043,17.193169,18.977863,18.384789,16.132154,14.740687,13.662628,12.977671,13.880613,14.932843,16.110796,17.202616,14.531476,15.2191725,14.47668,13.807386,13.872891,16.334024,18.68794,17.859472,15.450421,17.263569,16.040823,15.405787,15.375513,15.734656,16.051064,16.717642,15.905628,1.2669151,2.134306,7.5406046,0.46453428,30.121555,35.188675,35.03138,15.4224615,17.298357,16.38013,14.786837,15.751081,16.08415,22.08
4446161.924,658139.7026,19.79799,1.1427401,1.3880174,29.049747,30.898733,26.543266,23.37954,23.557522,37.554535,32.698402,42.952324,42.57905,51.185707,33.25187,37.42442,29.499073,33.651352,25.766693,2.3529553,1.8842607,7.179104,8.024613,1383.08,188.12411,-0.36083984,1.4176594,-0.02331543,20,30,0.38482162,0.43470854,0.2935844,0.2871587,0.37619177,0.6901191,0.78515565,12.14076,15.00957,12.196148,15.004239,15.255039,20.104486,18.246983,15.264177,16.526073,16.628885,15.865557,15.707449,18.252003,20.261793,17.846745,17.442163,16.293686,14.572371,14.678606,14.56043,17.193169,18.977863,18.384789,16.132154,14.740687,13.662628,12.977671,13.880613,14.932843,16.110796,17.202616,14.531476,15.2191725,14.47668,13.807386,13.872891,16.334024,18.68794,17.859472,15.450421,17.263569,16.040823,15.405787,15.375513,15.734656,16.051064,16.717642,15.905628,1.2653787,2.118608,7.6018586,0.46453428,29.97424,35.12647,35.338142,15.4224615,17.298357,16.38013,14.786837,15.751081,16.08415,22.08
4446161.924,658144.7026,19.321331,1.1256975,1.3514178,28.601421,30.902618,26.669104,23.52267,23.811253,37.431847,33.10383,42.502666,42.476513,51.755634,33.638103,37.27741,29.616247,33.479183,26.192968,2.344505,1.882361,7.2487745,7.986705,1383.1,184.18988,-0.20019531,1.1772928,-0.014404297,20,30,0.38502312,0.42951617,0.28760728,0.28160283,0.36809498,0.7005972,0.7981804,12.417009,14.906954,11.467776,13.006772,16.00923,19.925148,17.091494,14.926176,16.248953,16.429966,16.164598,15.767939,18.381807,20.331997,17.989195,17.50115,13.833014,15.355372,15.421553,15.150763,17.507904,20.380571,17.799564,16.433899,14.691132,13.864942,13.247892,13.980661,15.437539,17.157751,17.272314,14.952306,15.398947,14.554659,13.44487,14.146734,15.585098,19.07289,18.422455,15.597337,15.680351,17.311691,16.538448,16.798922,17.114773,16.15825,15.552078,16.450916,1.2385576,2.1134331,7.6177397,0.46437457,29.75202,35.267838,35.457756,14.974912,17.330637,16.492678,15.093176,15.803665,16.450644,22.08
4446161.924,658149.7026,18.80692,1.122667,1.3407674,28.575592,30.900066,26.500277,23.268858,23.645708,37.02866,33.022507,42.875977,42.831333,52.223392,34.129322,37.485416,29.42695,33.347965,26.067448,2.3420882,1.8799725,7.326401,7.999029,1383.12,184.40529,0.12011719,0.93324167,0,20,30,0.38502312,0.42951617,0.28760728,0.28160283,0.36809498,0.7005972,0.7981804,12.417009,14.906954,11.467776,13.006772,16.00923,19.925148,17.091494,14.926176,16.248953,16.429966,16.164598,15.767939,18.381807,20.331997,17.989195,17.50115,13.833014,15.355372,15.421553,15.150763,17.507904,20.380571,17.799564,16.433899,14.691132,13.864942,13.247892,13.980661,15.437539,17.157751,17.272314,14.952306,15.398947,14.554659,13.44487,14.146734,15.585098,19.07289,18.422455,15.597337,15.680351,17.311691,16.538448,16.798922,17.114773,16.15825,15.552078,16.450916,1.2317171,2.1110303,7.662715,0.46437457,29.73783,35.02558,35.80737,14.974912,17.330637,16.492678,15.093176,15.803665,16.450644,22.08
4446161.924,658154.7026,20.312115,1.1200236,1.3118964,28.540354,30.89853,26.465694,23.022078,23.362673,36.672043,32.931736,43.12635,43.126125,51.97691,34.61576,37.654446,29.265379,33.25436,26.594702,2.3388822,1.8765732,7.3907547,8.006868,1383.12,184.24213,-0.12011719,0.77527606,-0.003295898,20,30,0.38502312,0.42951617,0.28760728,0.28160283,0.36809498,0.7005972,0.7981804,12.75348,13.998202,10.259424,12.930313,17.472338,19.485086,17.072233,14.646955,16.328098,16.573528,16.291615,15.50139,18.49242,19.93411,17.73138,17.425293,15.145233,15.49671,15.455847,15.11495,18.122662,21.926474,18.037762,17.057457,14.831062,13.554901,13.203817,14.166949,15.4515,18.315596,17.048107,15.146907,16.21604,14.880399,12.9935665,14.529567,15.3752165,18.164154,18.567535,15.559438,16.02174,17.213535,16.215038,16.615147,15.854336,16.450525,16.029753,16.396807,1.21596,2.1077278,7.6988115,0.46437457,29.71944,34.801888,36.1351,14.853011,17.26465,17.042805,15.224564,15.8180685,16.342869,22.08
4446161.924,658159.7026,21.454977,1.110763,1.2697138,28.698023,30.50599,26.416452,22.749863,23.069485,36.438595,33.061638,43.42159,43.170376,51.028152,34.947998,37.805466,29.270746,33.41081,28.092484,2.340304,1.8781475,7.4583707,8.019244,1383.13,178.72629,0.12011719,0.64498943,0.004394531,20,30,0.38502312,0.42951617,0.28760728,0.28160283,0.36809498,0.7005972,0.7981804,13.28011,13.60359,11.083941,13.104395,17.050499,19.630419,17.631975,14.885593,16.275383,17.142294,15.1294155,16.088518,18.580278,20.8264,17.86542,17.615301,15.395358,15.708883,14.641161,15.898509,17.549332,22.126848,18.524616,17.166803,14.683401,14.184858,13.698108,14.165547,15.645655,18.248997,17.743597,15.41973,14.983661,14.5243435,14.139261,14.140188,15.493073,18.38133,18.414637,15.460982,15.9660845,17.028608,15.450231,17.802622,15.846783,16.205671,15.733075,16.332047,1.1902384,2.1092257,7.7388077,0.46437457,29.602005,34.750114,36.37673,15.05499,17.415386,17.12067,15.481453,15.725213,16.29044,22.08
4446161.924,658164.7026,22.181208,1.1060796,1.2308203,28.653723,30.504328,26.490852,22.481161,22.688417,36.111988,32.959858,43.55023,43.419678,50.253876,35.431965,37.9783,29.143429,33.344437,29.020824,2.3391385,1.8737814,7.513776,8.025362,1383.12,166.32869,0,0.5459557,0.001098633,20,30,0.38502312,0.42951617,0.28760728,0.28160283,0.36809498,0.7005972,0.7981804,13.28011,13.60359,11.083941,13.104395,17.050499,19.630419,17.631975,14.885593,16.275383,17.142294,15.1294155,16.088518,18.580278,20.8264,17.86542,17.615301,15.395358,15.708883,14.641161,15.898509,17.549332,22.126848,18.524616,17.166803,14.683401,14.184858,13.698108,14.165547,15.645655,18.248997,17.743597,15.41973,14.983661,14.5243435,14.139261,14.140188,15.493073,18.38133,18.414637,15.460982,15.9660845,17.028608,15.450231,17.802622,15.846783,16.205671,15.733075,16.332047,1.1684499,2.10646,7.769569,0.46437457,29.579025,34.535923,36.70513,15.05499,17.415386,17.12067,15.481453,15.725213,16.29044,22.08
4446161.924,658169.7026,23.654276,1.0792252,1.187767,28.68963,30.83077,26.399822,22.155495,22.222637,35.86205,32.825462,43.556087,43.518257,49.24483,35.746284,38.06199,29.455242,33.472603,30.337168,2.3399463,1.8644907,7.5784707,8.032841,1383.1,152.75279,-0.080078125,0.5319937,-0.003295898,20,30,0.38502312,0.42951617,0.28760728,0.28160283,0.36809498,0.7005972,0.7981804,14.12323,14.697743,11.190958,13.91571,17.750711,19.818707,18.297398,15.499676,16.318329,17.312057,15.705742,15.303091,19.012426,19.714895,18.39435,17.45518,15.249786,15.935251,14.49762,15.92251,19.010817,19.890188,21.984356,17.019062,14.7769985,13.642599,13.660204,14.336405,15.350005,16.25485,18.679356,14.952114,14.886015,14.128072,13.594362,14.285263,15.939616,16.12433,18.293911,14.981767,16.154202,17.369236,15.349193,16.831982,15.5272255,16.468786,16.407436,16.299004,1.133496,2.1022186,7.8056555,0.46437457,29.7602,34.343758,36.904137,15.684921,17.394413,17.498646,15.242918,15.321653,16.301151,22.08
4446161.924,658174.7026,28.719732,1.0742042,1.1613436,28.626532,30.829844,26.599878,22.01488,21.929007,35.609962,32.76196,43.59573,43.607437,48.39323,36.170593,38.16299,29.30107,33.47576,31.150007,2.3371253,1.8603815,7.602273,8.028385,1383.08,141.12344,0.07910156,0.5702462,0.003295898,20,30,0.38446772,0.4319282,0.26961222,0.28223866,0.36592788,0.69927126,0.80453485,11.515783,14.836075,12.173133,15.082189,17.550606,19.361372,18.338099,15.341631,16.370243,17.005045,15.232992,15.500593,18.686111,19.465082,18.02255,17.248209,15.491259,15.830139,15.928469,15.532297,19.08268,18.720581,20.193485,16.933624,14.250738,13.570902,13.875837,14.730745,15.271691,16.576178,17.960339,14.9601,13.9628315,14.146405,12.706404,14.359518,16.12549,16.02862,16.734268,14.648337,16.118944,17.162674,15.976671,16.020609,16.027681,15.902119,15.815646,16.177326,1.1177739,2.0987535,7.815329,0.4625687,29.728188,34.18596,37.166794,15.551036,17.183231,17.254131,15.176634,14.8662195,16.146334,22.08
4446161.924,658179.7026,28.059307,1.0961946,1.1757511,28.491123,30.705927,26.541096,22.172668,21.9748,35.40974,32.70384,44.33175,43.371674,47.671036,36.420017,38.08178,28.778069,33.397396,31.66915,2.3211772,1.8598639,7.5632954,8.010129,1383.04,131.04985,-0.0390625,0.588666,-0.002197266,20,30,0.38446772,0.4319282,0.26961222,0.28223866,0.36592788,0.69927126,0.80453485,11.515783,14.836075,12.173133,15.082189,17.550606,19.361372,18.338099,15.341631,16.370243,17.005045,15.232992,15.500593,18.686111,19.465082,18.02255,17.248209,15.491259,15.830139,15.928469,15.532297,19.08268,18.720581,20.193485,16.933624,14.250738,13.570902,13.875837,14.730745,15.271691,16.576178,17.960339,14.9601,13.9628315,14.146405,12.706404,14.359518,16.12549,16.02862,16.734268,14.648337,16.118944,17.162674,15.976671,16.020609,16.027681,15.902119,15.815646,16.177326,1.1359729,2.0905206,7.786712,0.4625687,29.598526,34.05679,37.2509,15.551036,17.183231,17.254131,15.176634,14.8662195,16.146334,22.08
4446161.924,658184.7026,24.672468,1.0869273,1.1953248,28.00729,30.184004,26.543602,22.55752,22.267496,35.570736,33.139645,44.203323,42.81462,46.97308,36.512672,37.7526,29.381674,33.26271,31.864748,2.2906563,1.8350341,7.4953594,7.9674864,1383,121.418564,0,0.6044149,0,20,30,0.38446772,0.4319282,0.26961222,0.28223866,0.36592788,0.69927126,0.80453485,12.062121,15.855501,11.724698,14.189908,16.966162,19.243332,16.9647,15.283344,16.20144,17.250666,15.219907,17.05632,18.815834,19.976141,18.900911,17.753216,15.274043,16.148325,16.323727,17.033325,18.244282,19.826735,19.145496,17.323935,13.85464,13.688982,13.7716465,15.475105,14.531311,18.284441,17.264622,15.251495,13.934959,14.131805,13.453684,14.562985,16.029818,16.362528,15.924373,14.836398,15.694174,17.397894,16.068394,15.884186,15.190339,14.7880945,15.046255,15.844231,1.141126,2.0628452,7.731423,0.4625687,29.095646,34.35519,37.132637,15.286631,17.631603,17.42799,15.267249,14.914307,15.724191,22.08
4446161.924,658189.7026,24.39897,1.087136,1.2143041,27.941866,30.188503,26.792343,22.972486,22.516794,35.666004,33.239227,44.069305,42.485588,46.34584,36.55718,37.469505,29.361444,33.346283,32.054935,2.2626758,1.8314644,7.408166,7.925498,1382.95,117.12196,-0.041015625,0.65966827,-0.002319336,20,30,0.38446772,0.4319282,0.26961222,0.28223866,0.36592788,0.69927126,0.80453485,11.502754,14.262059,10.966638,15.2943325,17.925602,20.031527,15.950676,15.178965,15.731375,17.34161,15.417892,16.774553,18.91822,20.12942,18.099657,17.599398,15.490308,15.362076,16.750134,16.363575,18.82935,21.105324,18.620302,17.505413,14.369883,14.097639,14.282343,15.202646,14.779453,18.641098,16.499409,15.425063,14.344412,14.06218,13.817648,14.032766,15.805802,16.356028,16.140863,14.816911,15.995974,17.596779,16.839748,15.264795,15.424953,16.052423,14.38117,16.135895,1.1507201,2.04707,7.666832,0.4625687,29.065186,34.452614,37.013344,15.133369,17.487532,17.50301,15.410353,14.9370985,15.936549,22.08
4446161.924,658194.7026,25.53843,1.0864574,1.2315671,27.851742,30.782068,27.001781,23.36847,22.698236,35.697727,33.44606,44.373226,42.147873,45.870937,36.613873,36.923683,29.331726,33.33743,31.989334,2.2408996,1.8461515,7.3155675,7.891735,1382.9,120.53994,-0.03955078,0.64860916,-0.002197266,20,30,0.38446772,0.4319282,0.26961222,0.28223866,0.36592788,0.69927126,0.80453485,11.502754,14.262059,10.966638,15.2943325,17.925602,20.031527,15.950676,15.178965,15.731375,17.34161,15.417892,16.774553,18.91822,20.12942,18.099657,17.599398,15.490308,15.362076,16.750134,16.363575,18.82935,21.105324,18.620302,17.505413,14.369883,14.097639,14.282343,15.202646,14.779453,18.641098,16.499409,15.425063,14.344412,14.06218,13.817648,14.032766,15.805802,16.356028,16.140863,14.816911,15.995974,17.596779,16.839748,15.264795,15.424953,16.052423,14.38117,16.135895,1.1590123,2.0435255,7.603651,0.4625687,29.316906,34.57189,36.768776,15.133369,17.487532,17.50301,15.410353,14.9370985,15.936549,22.08
4446161.924,658199.7026,28.629742,1.082765,1.2364204,27.756071,30.78581,27.427633,23.891703,22.959284,35.80866,33.59082,44.102516,41.834076,45.213665,36.687817,36.618732,29.378834,33.369324,32.200665,2.2151177,1.844298,7.2040358,7.844939,1382.86,121.87777,0.119628906,0.62408453,0.006591797,20,30,0.38446772,0.4319282,0.26961222,0.28223866,0.36592788,0.69927126,0.80453485,10.557032,14.257097,10.732838,14.537115,19.24422,19.252678,17.123638,15.024877,15.972308,17.611706,15.658221,15.482546,19.484447,19.136583,17.456768,17.329124,16.319147,16.492275,16.67835,14.264257,18.586607,20.177008,17.321339,17.162003,14.955755,13.303436,14.136691,13.5744705,15.981918,17.793818,16.869188,15.184794,15.937218,15.10688,12.423487,13.410147,16.329897,15.794491,15.457883,14.717703,16.830692,17.075817,16.078617,16.139805,15.850331,15.801479,14.811365,16.297636,1.1595926,2.029708,7.5244875,0.4625687,29.27094,34.699738,36.653275,15.10066,17.257511,17.119856,15.230753,14.922858,16.084017,22.08
4446161.924,658204.7026,30.726854,1.0562624,1.203421,27.397612,31.048155,27.926966,24.603909,23.1629,36.009975,33.722954,43.981606,41.327427,44.80513,36.78149,36.289215,29.33045,33.629395,32.354507,2.1841688,1.8403944,7.0847034,7.7723937,1382.81,122.013245,-0.0390625,0.54026073,-0.001098633,20,30,0.38750547,0.4428849,0.26965034,0.2786321,0.3394213,0.68064165,0.7890352,10.905554,14.390198,10.306852,14.2841625,18.34668,19.608461,18.980078,14.966246,16.024075,16.353313,15.58357,15.72135,18.824795,20.515875,18.027737,17.401213,15.811336,16.670984,16.2815,14.516887,18.234726,20.059029,21.48137,17.19385,15.0934725,14.231445,13.781062,13.879799,15.782335,17.270681,17.709957,15.164688,16.138374,13.591495,13.119196,13.569539,16.117292,15.708236,16.195055,14.733374,15.831308,15.901468,17.255413,16.336304,15.150103,15.747882,15.399916,16.033344,1.1298417,2.0122817,7.428549,0.45539585,29.222883,34.866463,36.535355,15.260283,17.292957,17.579403,15.392678,14.919884,15.946055,22.08
4446161.924,658209.7026,31.61738,1.0525861,1.1643543,27.274927,31.053644,28.61832,25.843,23.463919,36.53541,34.00849,43.284657,40.735104,43.888447,36.572777,35.770992,29.647682,33.743176,32.697258,2.1563413,1.8326389,6.922204,7.704555,1382.78,120.9569,0.16015625,0.50137013,0.008911133,20,30,0.38750547,0.4428849,0.26965034,0.2786321,0.3394213,0.68064165,0.7890352,10.905554,14.390198,10.306852,14.2841625,18.34668,19.608461,18.980078,14.966246,16.024075,16.353313,15.58357,15.72135,18.824795,20.515875,18.027737,17.401213,15.811336,16.670984,16.2815,14.516887,18.234726,20.059029,21.48137,17.19385,15.0934725,14.231445,13.781062,13.879799,15.782335,17.270681,17.709957,15.164688,16.138374,13.591495,13.119196,13.569539,16.117292,15.708236,16.195055,14.733374,15.831308,15.901468,17.255413,16.336304,15.150103,15.747882,15.399916,16.033344,1.1084702,1.9944901,7.3133793,0.45539585,29.164286,35.27195,36.171883,15.260283,17.292957,17.579403,15.392678,14.919884,15.946055,22.08
4446156.924,658074.7026,11.752518,1.3401384,0.8914782,27.847189,31.663473,36.001415,26.83228,23.608936,35.603237,31.55097,32.938187,33.082294,34.858337,37.76855,36.519196,31.886316,39.521835,40.85696,2.5542076,1.9600872,6.3458033,7.543127,1382.74,163.8936,-0.5205078,1.3416153,-0.027832031,20,30,0.36332345,0.43918997,0.27805668,0.2567923,0.32183152,0.68341976,0.79857653,12.179522,14.263327,12.38513,15.899638,15.928941,18.977102,18.909388,15.235724,15.871274,16.681963,15.604414,15.514952,17.364506,20.790794,17.970186,17.26489,14.752192,13.714719,11.036489,9.786693,14.216948,17.039276,15.669174,13.589099,12.278593,11.942815,11.979132,12.744021,15.392923,16.647831,16.284168,13.695101,13.238177,13.791826,13.641396,14.978831,17.06728,17.99574,18.107777,15.426045,14.71937,18.203506,15.394852,15.922269,17.016756,16.41548,16.905079,16.25215,1.1158082,2.2571473,6.944465,0.44874147,29.755331,33.577103,37.143875,15.50615,17.114012,13.74507,13.89564,15.545861,16.368189,22.08
4446156.924,658079.7026,11.588596,1.3238515,0.91403294,27.874418,31.659458,36.062912,26.815332,23.668922,36.186756,31.659784,33.53265,33.624397,35.538326,37.09463,36.460766,31.3114,39.061985,40.0722,2.5244153,1.9568903,6.320932,7.548569,1382.73,164.8953,0.03955078,0.9346257,-0.013427734,20,30,0.36332345,0.43918997,0.27805668,0.2567923,0.32183152,0.68341976,0.79857653,12.179522,14.263327,12.38513,15.899638,15.928941,18.977102,18.909388,15.235724,15.871274,16.681963,15.604414,15.514952,17.364506,20.790794,17.970186,17.26489,14.752192,13.714719,11.036489,9.786693,14.216948,17.039276,15.669174,13.589099,12.278593,11.942815,11.979132,12.744021,15.392923,16.647831,16.284168,13.695101,13.238177,13.791826,13.641396,14.978831,17.06728,17.99574,18.107777,15.426045,14.71937,18.203506,15.394852,15.922269,17.016756,16.41548,16.905079,16.25215,1.1189423,2.2406528,6.9347506,0.44874147,29.766937,33.92327,36.7777,15.50615,17.114012,13.74507,13.89564,15.545861,16.368189,22.08
4446156.924,658084.7026,11.654342,1.3043869,0.9415712,28.117203,31.397316,35.782166,26.743248,23.848768,36.84022,32.078167,34.38671,34.253326,36.225998,36.24726,36.24213,30.759733,38.512035,39.26985,2.4917607,1.9576092,6.3218236,7.571158,1382.73,187.84964,0.03955078,0.8385236,-0.003417969,20,30,0.3677966,0.43642884,0.28724924,0.27641624,0.35606772,0.69639456,0.79829335,11.950001,14.57398,13.245903,16.085201,17.782633,18.331297,18.626099,15.497364,15.805876,16.924294,15.431313,16.036924,17.867844,20.244421,17.474762,17.302868,12.509501,11.628549,11.071517,10.150496,14.063239,16.2761,16.032116,12.862913,12.209625,12.27317,12.621063,12.752879,15.146911,16.155704,15.611743,13.656536,13.0582905,13.65336,13.790056,14.814293,16.757294,18.15877,18.284328,15.289563,14.76575,16.23725,15.176877,16.070015,17.1765,17.156254,16.589344,16.115152,1.122979,2.224685,6.946491,0.45980662,29.75726,34.459194,36.244698,15.799302,17.112206,13.104503,13.824441,15.502341,16.167425,22.08
4446156.924,658089.7026,8.589733,1.2661767,0.97269356,28.09328,31.456402,35.105442,26.499046,23.554167,37.329433,31.952332,35.089,35.071877,36.52368,35.551548,36.37117,30.662945,37.991886,39.09549,2.4760232,1.9493765,6.35859,7.608779,1382.73,188.56966,-0.28027344,1.0571289,-0.015625,20,30,0.3677966,0.43642884,0.28724924,0.27641624,0.35606772,0.69639456,0.79829335,13.457428,14.242854,13.65819,15.222113,17.083197,19.321169,18.5215,15.7320175,15.906824,16.940844,15.474228,16.378752,18.02151,19.500826,17.410603,17.241297,11.500502,10.64829,10.691317,10.754528,13.630516,16.403452,16.476511,12.609867,13.270151,11.553279,11.974379,13.298172,15.814672,17.06805,16.16333,13.9773445,14.311755,13.640692,14.151476,15.376622,17.364708,17.977745,17.865334,15.562072,16.306501,17.093445,14.628141,16.207312,16.805878,16.265396,16.785152,16.227062,1.1194351,2.2127,6.9836845,0.45980662,29.774841,34.640884,35.961357,15.929494,17.090511,12.87216,14.163147,15.812617,16.298832,22.08
4446156.924,658094.7026,16.390556,1.2804782,1.0102795,27.989698,30.933306,33.998592,26.249458,23.447653,37.86415,31.968641,35.61213,35.882214,37.135735,34.702427,36.578854,31.181936,37.490063,38.422688,2.451148,1.9156922,6.4003825,7.6629333,1382.74,188.53119,-0.28027344,1.1584728,-0.02331543,20,30,0.3677966,0.43642884,0.28724924,0.27641624,0.35606772,0.69639456,0.79829335,13.457428,14.242854,13.65819,15.222113,17.083197,19.321169,18.5215,15.7320175,15.906824,16.940844,15.474228,16.378752,18.02151,19.500826,17.410603,17.241297,11.500502,10.64829,10.691317,10.754528,13.630516,16.403452,16.476511,12.609867,13.270151,11.553279,11.974379,13.298172,15.814672,17.06805,16.16333,13.9773445,14.311755,13.640692,14.151476,15.376622,17.364708,17.977745,17.865334,15.562072,16.306501,17.093445,14.628141,16.207312,16.805878,16.265396,16.785152,16.227062,1.1453788,2.1834202,7.031658,0.45980662,29.461502,34.916397,35.64064,15.929494,17.090511,12.87216,14.163147,15.812617,16.298832,22.08
4446156.924,658099.7026,23.717796,1.2656268,1.062548,28.136019,31.389551,32.84678,25.907621,23.407803,38.429897,32.128765,36.047188,36.651363,37.574505,33.740868,36.27296,31.505928,37.1484,38.051346,2.434177,1.9247657,6.443845,7.704298,1382.76,186.8391,-0.19970703,1.0820423,-0.013305664,20,30,0.3677966,0.43642884,0.28724924,0.27641624,0.35606772,0.69639456,0.79829335,11.982851,13.472354,13.155482,14.698651,16.90744,19.573761,18.506557,15.198216,15.786036,16.399336,15.771065,16.643627,17.13182,19.863829,17.55716,17.195597,10.743708,11.508157,10.163477,10.704153,13.767616,15.867902,15.741243,12.385056,12.135717,10.971502,11.608315,13.548627,14.8572235,16.938753,16.409374,13.560943,15.425061,13.576654,14.174693,14.742137,16.906511,18.333426,17.878872,15.643457,16.955744,17.023932,15.721501,15.323441,17.19032,15.4795685,16.206268,16.239769,1.1640874,2.1794713,7.0740714,0.45980662,29.762785,35.27933,35.006912,15.471015,17.02184,12.6423235,13.781359,15.862479,16.27154,22.08
4446156.924,658104.7026,24.291523,1.2174662,1.1229435,28.287657,30.926174,31.71319,25.672737,23.37588,39.159798,32.31455,36.42788,37.25213,37.982784,32.61487,36.388863,31.836166,36.69921,37.708942,2.398106,1.8999113,6.515539,7.7716584,1382.77,188.62193,-0.19970703,0.9563237,-0.016601562,20,30,0.3677966,0.43642884,0.28724924,0.27641624,0.35606772,0.69639456,0.79829335,12.523397,14.21907,11.713299,13.122126,17.30811,19.391233,18.990524,15.005802,16.17741,16.971083,16.004147,17.427599,18.47025,20.113764,18.469254,17.797775,15.960139,16.48703,14.841344,16.224594,17.189787,19.700901,18.417044,16.90513,14.699681,13.483574,13.472883,14.644922,15.715338,16.768026,17.03166,14.956304,15.366089,13.817349,13.172643,14.735827,17.699446,18.456297,18.136425,15.661307,17.05401,17.942112,14.4914,15.801821,17.002977,17.114664,15.325518,16.503145,1.1702049,2.1490088,7.1435986,0.45980662,29.606915,35.737175,34.501865,15.323966,17.66193,16.974405,15.116584,15.912011,16.390356,22.08
4446156.924,658109.7026,21.75436,1.2023691,1.1815583,28.654966,31.055222,30.432892,25.264723,23.333065,39.674477,32.620632,37.11561,38.05265,38.71102,31.670372,36.119987,32.14651,36.12986,36.911182,2.3893764,1.9183495,6.585441,7.8347297,1382.8,195.11226,0.080566406,0.93484,-0.001098633,20,30,0.3677966,0.43642884,0.28724924,0.27641624,0.35606772,0.69639456,0.79829335,12.523397,14.21907,11.713299,13.122126,17.30811,19.391233,18.990524,15.005802,16.17741,16.971083,16.004147,17.427599,18.47025,20.113764,18.469254,17.797775,15.960139,16.48703,14.841344,16.224594,17.189787,19.700901,18.417044,16.90513,14.699681,13.483574,13.472883,14.644922,15.715338,16.768026,17.03166,14.956304,15.366089,13.817349,13.172643,14.735827,17.699446,18.456297,18.136425,15.661307,17.05401,17.942112,14.4914,15.801821,17.002977,17.114664,15.325518,16.503145,1.1919637,2.153863,7.2100854,0.45980662,29.855095,36.147552,33.89518,15.323966,17.66193,16.974405,15.116584,15.912011,16.390356,22.08
4446156.924,658114.7026,22.166931,1.1935725,1.2392286,28.705956,31.052605,29.362806,24.891817,23.326305,39.963135,32.664524,37.65219,38.668137,39.749817,31.050772,36.129765,32.340267,35.89919,35.991367,2.383451,1.9193667,6.665115,7.8910756,1382.81,202.10036,-0.31933594,0.9893539,-0.019897461,20,30,0.38482162,0.43470854,0.2935844,0.2871587,0.37619177,0.6901191,0.78515565,11.674654,13.827902,11.046753,14.028498,16.563818,19.911839,18.019114,14.879622,16.197489,16.986713,16.13774,16.979208,18.517437,20.528517,17.941212,17.781214,15.332126,15.39771,15.020773,15.707782,18.029669,20.918783,18.118935,16.897266,14.125552,14.060034,13.85537,13.831113,15.825332,17.565752,16.430758,15.003979,14.371579,13.869596,13.646419,14.938934,16.307877,18.48932,18.47317,15.480628,15.7226305,17.456161,15.046381,15.060063,16.584515,16.53441,15.097036,16.055798,1.2164006,2.151409,7.2780952,0.46453428,29.87928,36.313828,33.590267,15.010368,17.612616,16.932255,15.099129,15.728127,15.928742,22.08
4446156.924,658119.7026,20.551142,1.1841617,1.2670779,28.734083,31.048231,28.630098,24.676039,23.35695,39.678215,32.653286,38.40861,39.451385,41.845375,31.230211,36.33443,32.116253,35.411007,34.037304,2.375647,1.920048,6.7479134,7.9208674,1382.86,204.03235,0.03955078,1.0191638,-0.002197266,20,30,0.38482162,0.43470854,0.2935844,0.2871587,0.37619177,0.6901191,0.78515565,11.702695,14.015811,12.531937,15.524793,17.213903,19.93262,18.57812,15.411701,15.943634,16.728031,16.06696,15.475,18.162386,21.263245,18.10975,17.574022,14.991879,15.887527,15.4256115,14.837178,18.493187,20.607185,18.618145,16.775713,13.560089,13.739939,13.7366085,13.887436,15.687761,17.2696,17.020412,14.792794,13.81957,13.471033,13.245646,14.38048,15.8102045,18.64731,18.913107,15.13599,16.503986,16.845272,16.034771,15.0924425,16.675406,17.021372,15.712811,16.272755,1.2256198,2.1478477,7.3343906,0.46453428,29.891157,36.16575,33.782322,15.6428385,17.392714,16.9801,14.985977,15.469622,16.269438,22.08
4446156.924,658124.7026,19.336906,1.1711112,1.2798592,28.696915,31.240961,28.048922,24.467863,23.433136,38.992516,32.434303,39.5288,40.40377,44.557446,31.93778,36.67194,31.4737,34.79868,31.507328,2.3657515,1.9215405,6.8413763,7.9343534,1382.88,200.4702,-0.27978516,1.0243483,-0.017822266,20,30,0.38482162,0.43470854,0.2935844,0.2871587,0.37619177,0.6901191,0.78515565,11.702695,14.015811,12.531937,15.524793,17.213903,19.93262,18.57812,15.411701,15.943634,16.728031,16.06696,15.475,18.162386,21.263245,18.10975,17.574022,14.991879,15.887527,15.4256115,14.837178,18.493187,20.607185,18.618145,16.775713,13.560089,13.739939,13.7366085,13.887436,15.687761,17.2696,17.020412,14.792794,13.81957,13.471033,13.245646,14.38048,15.8102045,18.64731,18.913107,15.13599,16.503986,16.845272,16.034771,15.0924425,16.675406,17.021372,15.712811,16.272755,1.2254852,2.143646,7.387865,0.46453428,29.968937,35.71341,34.30486,15.6428385,17.392714,16.9801,14.985977,15.469622,16.269438,22.08
4446156.924,658129.7026,22.965849,1.1560553,1.3120211,28.808691,31.23762,27.568527,24.161732,23.579344,38.436115,32.339108,40.311146,41.277058,47.426723,32.445942,37.003788,30.917753,34.341595,28.793926,2.3570795,1.9264432,6.9462614,7.958623,1382.92,203.80392,-0.119140625,1.0647434,-0.012207031,20,30,0.38482162,0.43470854,0.2935844,0.2871587,0.37619177,0.6901191,0.78515565,12.037081,12.582377,12.978312,15.570181,17.452908,20.076777,17.79982,15.363021,16.257202,16.269445,16.407663,15.703407,18.461763,20.392767,18.553545,17.549913,15.13102,14.685225,15.65789,14.8990755,18.803852,20.378172,19.943735,16.821512,13.679886,12.995372,13.476198,13.231255,15.099362,17.72443,17.332943,14.6317,14.270447,13.503528,13.22267,14.266296,16.563171,17.44136,18.475237,14.866435,16.740168,17.705515,15.403325,14.310493,16.12186,16.242666,15.853867,16.04236,1.2340382,2.1417613,7.452442,0.46453428,30.023155,35.38761,34.724865,15.499637,17.435114,17.071281,14.791351,15.391815,16.053984,22.08
4446156.924,658134.7026,23.738113,1.1390158,1.3463829,29.057356,30.90245,26.82713,23.874557,23.665028,38.019592,32.802044,42.45317,42.195133,50.38657,32.744072,37.157597,29.677952,33.663593,26.269312,2.3392677,1.8844777,7.061002,7.992925,1382.96,203.39734,-0.12109375,1.0456406,-0.006713867,20,30,0.38482162,0.43470854,0.2935844,0.2871587,0.37619177,0.6901191,0.78515565,12.037081,12.582377,12.978312,15.570181,17.452908,20.076777,17.79982,15.363021,16.257202,16.269445,16.407663,15.703407,18.461763,20.392767,18.553545,17.549913,15.13102,14.685225,15.65789,14.8990755,18.803852,20.378172,19.943735,16.821512,13.679886,12.995372,13.476198,13.231255,15.099362,17.72443,17.332943,14.6317,14.270447,13.503528,13.22267,14.266296,16.563171,17.44136,18.475237,14.866435,16.740168,17.705515,15.403325,14.310493,16.12186,16.242666,15.853867,16.04236,1.2426994,2.1118727,7.526963,0.46453428,29.979904,35.41082,34.950836,15.499637,17.435114,17.071281,14.791351,15.391815,16.053984,22.08
4446156.924,658139.7026,28.209213,1.1376396,1.3972774,29.070705,30.89668,26.200445,23.521044,23.79856,37.43312,32.74427,43.276638,42.84344,53.10609,33.279667,37.491447,29.392347,33.38745,23.867313,2.3425474,1.885499,7.184311,8.026383,1383,200.05797,0.080078125,0.9604086,0.001098633,20,30,0.38482162,0.43470854,0.2935844,0.2871587,0.37619177,0.6901191,0.78515565,11.461092,13.684288,12.834633,14.700621,16.045586,21.240335,17.510174,15.273237,16.780645,16.654846,16.37038,15.458948,18.329647,19.538769,18.178864,17.42623,15.056229,15.926969,14.969976,14.400996,17.740475,20.091375,20.502338,16.50316,14.442429,13.4539995,13.403575,13.316824,15.094794,17.38532,17.479002,14.690504,15.068205,14.334335,13.03375,13.981882,16.233772,17.496504,18.383183,15.034005,16.664455,17.689396,15.295641,14.343961,16.538147,16.170618,16.657818,16.04215,1.2674584,2.1140232,7.605347,0.46453428,29.983692,35.088696,35.38556,15.353819,17.330301,16.955479,14.939422,15.5045185,16.19429,22.08
4446156.924,658144.7026,26.64241,1.1428554,1.4186287,29.07492,38.114006,25.690823,23.149551,23.789118,36.917557,32.743267,43.790504,43.375683,54.772217,33.786724,37.032566,29.261412,33.133842,23.082651,2.348136,1.9081297,7.3055286,8.0568,1383.02,197.24753,-0.079589844,0.8697734,-0.004394531,20,30,0.38502312,0.42951617,0.28760728,0.28160283,0.36809498,0.7005972,0.7981804,11.817124,13.985715,12.406805,15.344149,18.749321,20.267775,17.25574,15.514161,16.39943,17.042019,16.139042,15.722928,18.792143,20.922998,18.107922,17.766035,14.349027,16.004892,14.884958,14.223829,19.647398,20.88585,19.927921,16.778893,14.359073,13.590581,13.147362,13.009682,17.0601,16.786846,16.995747,14.75723,14.739975,14.590332,13.096637,14.605635,16.745281,17.585228,16.991795,15.221257,15.756605,16.585651,14.655498,14.135709,16.469685,15.489877,16.59355,15.442341,1.280742,2.1281328,7.6811643,0.46437457,33.594463,34.830414,35.409645,15.689519,17.589497,17.131983,14.992769,15.47927,15.669511,22.08
4446156.924,658149.7026,19.218859,1.1299975,1.380267,28.656858,38.45478,25.838333,23.142334,23.807596,36.832188,32.767384,43.56439,43.20006,54.44222,34.132565,36.943253,29.212341,33.092873,24.172672,2.336342,1.8885943,7.3695936,8.032597,1383.04,192.105,-0.079589844,0.8204119,-0.002197266,20,30,0.38502312,0.42951617,0.28760728,0.28160283,0.36809498,0.7005972,0.7981804,11.817124,13.985715,12.406805,15.344149,18.749321,20.267775,17.25574,15.514161,16.39943,17.042019,16.139042,15.722928,18.792143,20.922998,18.107922,17.766035,14.349027,16.004892,14.884958,14.223829,19.647398,20.88585,19.927921,16.778893,14.359073,13.590581,13.147362,13.009682,17.0601,16.786846,16.995747,14.75723,14.739975,14.590332,13.096637,14.605635,16.745281,17.585228,16.991795,15.221257,15.756605,16.585651,14.655498,14.135709,16.469685,15.489877,16.59355,15.442341,1.2551322,2.1124682,7.701095,0.46437457,33.55582,34.799786,35.53791,15.689519,17.589497,17.131983,14.992769,15.47927,15.669511,22.08
4446156.924,658154.7026,25.466656,1.1213049,1.3425356,28.58352,30.898092,25.944782,22.899002,23.515045,36.46824,32.911884,43.62826,43.45246,53.660805,34.661484,37.755123,29.12101,33.08652,25.207336,2.3304763,1.8784343,7.4265556,8.024858,1383.06,190.47571,0.12109375,0.78661156,0.003417969,20,30,0.38502312,0.42951617,0.28760728,0.28160283,0.36809498,0.7005972,0.7981804,11.701231,14.702563,12.374451,15.057306,17.403011,20.188604,16.850758,15.366579,16.35658,17.316486,16.198761,16.122532,18.567738,20.9973,18.52276,17.846985,14.46535,15.883306,14.967367,15.762776,18.13511,22.034182,20.592342,17.065048,14.319059,12.992602,13.060803,13.714673,16.393509,17.845821,16.949606,14.881961,14.754477,14.899251,13.55408,14.451754,16.228146,17.53957,17.078857,15.233787,16.760303,16.05308,14.3527355,15.359411,15.518485,15.805855,15.634114,15.576446,1.2319202,2.1044552,7.725707,0.46437457,29.740807,34.690063,36.208305,15.468275,17.72602,17.405777,15.039438,15.500876,15.640571,22.08
4446156.924,658159.7026,24.384838,1.1125091,1.2981176,28.740622,30.506424,25.955534,22.62641,23.161932,36.26616,33.023922,43.841618,43.431236,52.31246,34.99061,37.885677,29.156391,33.286137,27.13749,2.3274822,1.8788849,7.49188,8.034068,1383.07,188.11012,-0.000976563,0.7089135,0.005493164,20,30,0.38502312,0.42951617,0.28760728,0.28160283,0.36809498,0.7005972,0.7981804,12.45823,15.446344,10.809149,14.200238,18.842953,20.737867,17.742691,15.644921,16.606195,17.568945,15.433833,15.490069,18.58392,20.997316,18.797668,17.752075,14.325267,17.719837,14.86051,15.029181,18.024702,20.256979,21.07143,16.926626,13.915187,13.245471,12.913814,14.143056,16.121445,17.998844,17.669022,15.009423,14.018005,14.604253,13.124011,13.457834,16.293629,18.042835,17.270147,14.982556,15.31209,17.467236,16.78983,16.084015,16.251284,16.220873,15.819094,16.26346,1.2053134,2.1031835,7.762974,0.46437457,29.623524,34.645042,36.43814,15.74821,17.639708,17.326845,15.143834,15.258673,16.277773,22.08
4446156.924,658164.7026,25.701801,1.1103321,1.266713,28.692602,30.505527,26.036,22.380732,22.774208,35.97747,32.918114,43.904552,43.605785,51.37796,35.465202,38.03178,29.07841,33.256565,28.175219,2.3219943,1.8732668,7.545675,8.037281,1383.08,176.00456,0.19970703,0.6173082,0.013305664,20,30,0.38502312,0.42951617,0.28760728,0.28160283,0.36809498,0.7005972,0.7981804,12.45823,15.446344,10.809149,14.200238,18.842953,20.737867,17.742691,15.644921,16.606195,17.568945,15.433833,15.490069,18.58392,20.997316,18.797668,17.752075,14.325267,17.719837,14.86051,15.029181,18.024702,20.256979,21.07143,16.926626,13.915187,13.245471,12.913814,14.143056,16.121445,17.998844,17.669022,15.009423,14.018005,14.604253,13.124011,13.457834,16.293629,18.042835,17.270147,14.982556,15.31209,17.467236,16.78983,16.084015,16.251284,16.220873,15.819094,16.26346,1.1885226,2.0976305,7.791478,0.46437457,29.599064,34.447792,36.74849,15.74821,17.639708,17.326845,15.143834,15.258673,16.277773,22.08
4446156.924,658169.7026,27.741018,1.1059886,1.2395608,28.755747,37.868977,25.969406,22.128868,22.317047,35.83354,32.700825,43.851604,43.683964,50.40006,35.699276,37.477844,29.350178,33.097477,29.170383,2.316734,1.8777392,7.602986,8.039947,1383.07,160.65102,0.19921875,0.56150186,0.013305664,20,30,0.38502312,0.42951617,0.28760728,0.28160283,0.36809498,0.7005972,0.7981804,12.379133,16.370163,10.440503,13.896437,18.06461,20.002493,18.41308,15.441852,16.570332,16.999775,15.33346,15.710199,18.439072,20.118742,17.9533,17.411198,15.042402,16.229605,16.320635,14.340016,18.182453,18.8057,22.094666,16.698034,13.838385,13.7871475,13.720111,13.714314,16.109903,17.002247,18.556828,15.000659,14.171936,14.026555,13.520441,14.243464,16.052822,16.019854,16.705944,14.824984,15.741092,18.091434,16.12067,15.688937,15.449686,15.387662,15.420654,16.071083,1.1727748,2.0972366,7.8214664,0.46437457,33.312363,34.26718,36.588562,15.652346,17.303555,17.287926,15.246989,14.963002,15.985734,22.08
4446156.924,658174.7026,28.85812,1.0858091,1.2255958,28.660168,30.833345,26.130495,22.074286,22.182919,35.630222,32.756016,43.79439,43.530262,49.391228,36.0975,38.085606,29.340435,33.497932,30.315372,2.3053238,1.8566008,7.620107,8.025567,1383.04,145.9005,0.000976563,0.5361153,0.003417969,20,30,0.38446772,0.4319282,0.26961222,0.28223866,0.36592788,0.69927126,0.80453485,11.544232,14.140501,10.288302,14.655355,17.649195,20.586714,18.40522,15.148223,16.373148,17.27763,15.549948,15.690143,18.463501,20.074884,17.785917,17.445623,14.927568,16.373184,17.099163,15.150088,17.71492,19.744978,19.338367,16.920362,14.031263,13.892416,14.435251,14.19263,15.797855,16.795837,17.39577,15.028622,14.215332,14.473254,13.557844,13.940544,15.995147,16.17209,16.507061,14.856371,15.734921,17.67543,16.939129,16.733395,15.38863,14.807976,15.213493,16.181736,1.1557025,2.0809622,7.822837,0.4625687,29.746758,34.19312,37.091553,15.324218,17.316454,17.19261,15.220146,14.980181,16.070423,22.08
4446156.924,658179.7026,28.245525,1.0952553,1.2301648,28.250011,37.809723,26.35466,22.165554,22.071371,35.727737,32.84855,43.588806,43.170567,48.49937,36.206142,37.309208,29.250929,33.405884,30.942705,2.2902403,1.8610635,7.6087985,7.9985485,1383.01,135,0,0.506662,0.001098633,20,30,0.38446772,0.4319282,0.26961222,0.28223866,0.36592788,0.69927126,0.80453485,11.544232,14.140501,10.288302,14.655355,17.649195,20.586714,18.40522,15.148223,16.373148,17.27763,15.549948,15.690143,18.463501,20.074884,17.785917,17.445623,14.927568,16.373184,17.099163,15.150088,17.71492,19.744978,19.338367,16.920362,14.031263,13.892416,14.435251,14.19263,15.797855,16.795837,17.39577,15.028622,14.215332,14.473254,13.557844,13.940544,15.995147,16.17209,16.507061,14.856371,15.734921,17.67543,16.939129,16.733395,15.38863,14.807976,15.213493,16.181736,1.16271,2.075652,7.8036737,0.4625687,33.02987,34.288143,36.757675,15.324218,17.316454,17.19261,15.220146,14.980181,16.070423,22.08
4446156.924,658184.7026,26.668434,1.0699774,1.2388045,27.782053,30.313337,26.246906,22.458855,22.318289,35.83123,33.49049,43.638855,42.95076,47.577076,36.397846,37.480225,29.880081,33.299496,31.54494,2.262856,1.8328416,7.5505195,7.9676294,1382.98,122.019135,0.119628906,0.54050165,0.0078125,20,30,0.38446772,0.4319282,0.26961222,0.28223866,0.36592788,0.69927126,0.80453485,11.14963,15.247728,10.489418,14.479517,17.751966,20.914545,17.734095,15.3160305,16.561687,17.525457,15.493864,15.944838,18.368437,19.994255,18.545788,17.65642,14.860764,16.426756,16.697765,15.228142,17.18275,19.445082,18.76603,16.85824,13.732674,14.270361,13.6859,14.269175,15.275153,17.580458,17.121151,15.044995,14.235492,14.805202,12.86939,14.627667,15.798143,16.4182,17.114689,14.956673,16.391394,17.428976,16.290785,16.843838,14.571923,15.036533,16.211432,16.092245,1.1543909,2.0478487,7.759074,0.4625687,29.047695,34.66086,36.939034,15.395271,17.490618,16.9439,15.1335535,15.12411,16.110697,22.08
4446156.924,658189.7026,27.572977,1.0925238,1.2523861,27.97708,30.188377,26.3609,22.602772,22.457743,35.506027,33.196453,44.439125,42.65972,46.790375,36.633583,37.54024,29.229523,33.33681,31.86777,2.2491307,1.8283451,7.478842,7.9407253,1382.93,112.515594,0.041015625,0.6355785,0.002319336,20,30,0.38446772,0.4319282,0.26961222,0.28223866,0.36592788,0.69927126,0.80453485,10.402099,14.45818,12.018683,14.621172,18.686865,19.388659,17.433903,15.194149,15.863358,17.189266,15.234663,16.152943,19.422447,19.481956,17.65614,17.365631,14.924329,16.698624,15.0583315,15.3876095,18.838655,19.989674,19.09078,17.104946,14.424904,12.046385,13.93057,14.0997925,16.054081,17.797731,17.40842,15.011055,14.988605,14.892099,12.6066265,14.233798,16.316002,15.468122,16.682507,14.790419,17.10636,16.99135,15.755028,16.811876,16.092583,15.842869,15.134842,16.405684,1.172455,2.0387378,7.7097836,0.4625687,29.08273,34.351242,37.086914,15.287081,17.285826,17.141142,15.108841,15.026823,16.247845,22.08
4446156.924,658194.7026,31.324207,1.0905322,1.2699981,27.88947,30.781553,26.570004,22.836143,22.600876,35.47615,33.39649,44.797146,42.369377,46.21156,36.72864,37.017548,29.147375,33.32083,31.890024,2.230918,1.8444532,7.394886,7.908827,1382.87,112.50353,-0.12011719,0.6359016,-0.008911133,20,30,0.38446772,0.4319282,0.26961222,0.28223866,0.36592788,0.69927126,0.80453485,10.402099,14.45818,12.018683,14.621172,18.686865,19.388659,17.433903,15.194149,15.863358,17.189266,15.234663,16.152943,19.422447,19.481956,17.65614,17.365631,14.924329,16.698624,15.0583315,15.3876095,18.838655,19.989674,19.09078,17.104946,14.424904,12.046385,13.93057,14.0997925,16.054081,17.797731,17.40842,15.011055,14.988605,14.892099,12.6066265,14.233798,16.316002,15.468122,16.682507,14.790419,17.10636,16.99135,15.755028,16.811876,16.092583,15.842869,15.134842,16.405684,1.1802652,2.0376856,7.6518564,0.4625687,29.33551,34.436317,36.873093,15.287081,17.285826,17.141142,15.108841,15.026823,16.247845,22.08
4446156.924,658199.7026,30.45172,1.0854543,1.2649192,27.582527,38.042316,26.983324,23.042416,22.806103,35.27174,33.28689,44.743973,42.150387,46.122158,37.149704,36.276966,28.777111,32.940506,31.222158,2.2062833,1.8507828,7.3058467,7.8522873,1382.82,117.18192,-0.16113281,0.59555817,-0.010009766,20,30,0.38446772,0.4319282,0.26961222,0.28223866,0.36592788,0.69927126,0.80453485,10.557032,14.257097,10.732838,14.537115,19.24422,19.252678,17.123638,15.024877,15.972308,17.611706,15.658221,15.482546,19.484447,19.136583,17.456768,17.329124,16.319147,16.492275,16.67835,14.264257,18.586607,20.177008,17.321339,17.162003,14.955755,13.303436,14.136691,13.5744705,15.981918,17.793818,16.869188,15.184794,15.937218,15.10688,12.423487,13.410147,16.329897,15.794491,15.457883,14.717703,16.830692,17.075817,16.078617,16.139805,15.850331,15.801479,14.811365,16.297636,1.1751868,2.028533,7.579067,0.4625687,32.812424,34.279312,36.713333,15.10066,17.257511,17.119856,15.230753,14.922858,16.084017,22.08
4446156.924,658204.7026,28.239023,1.0793973,1.2776166,27.49017,38.03303,27.49655,23.409056,23.079077,35.275322,33.398964,44.425785,41.932636,45.45124,37.303967,36.10083,28.852283,32.982937,31.460358,2.1846461,1.8540553,7.186676,7.810324,1382.78,124.52429,-0.079589844,0.55623585,-0.006591797,20,30,0.38750547,0.4428849,0.26965034,0.2786321,0.3394213,0.68064165,0.7890352,10.905554,14.390198,10.306852,14.2841625,18.34668,19.608461,18.980078,14.966246,16.024075,16.353313,15.58357,15.72135,18.824795,20.515875,18.027737,17.401213,15.811336,16.670984,16.2815,14.516887,18.234726,20.059029,21.48137,17.19385,15.0934725,14.231445,13.781062,13.879799,15.782335,17.270681,17.709957,15.164688,16.138374,13.591495,13.119196,13.569539,16.117292,15.708236,16.195055,14.733374,15.831308,15.901468,17.255413,16.336304,15.150103,15.747882,15.399916,16.033344,1.178507,2.0193508,7.4985,0.45539585,32.7616,34.337143,36.7024,15.260283,17.292957,17.579403,15.392678,14.919884,15.946055,22.08
4446156.924,658209.7026,36.371246,1.056097,1.2201062,27.26518,30.918606,28.190603,24.778486,23.399172,35.9253,34.030323,43.820347,41.25513,44.366108,37.004147,35.96635,29.180092,33.265625,32.122814,2.158046,1.8337506,7.0149536,7.7359037,1382.75,128.88185,0.080078125,0.57073796,0.005493164,20,30,0.38750547,0.4428849,0.26965034,0.2786321,0.3394213,0.68064165,0.7890352,11.249824,14.700727,10.509446,14.330594,18.519001,20.119501,19.03122,15.222519,15.757471,15.7641735,15.798803,15.385504,17.75434,20.013155,17.040249,16.96501,12.40579,12.661364,11.293368,9.893678,13.684441,16.84262,15.371074,13.022159,12.785434,12.266212,11.924422,12.600166,15.061074,16.540878,16.555937,13.74336,16.138374,13.591495,13.119196,13.569539,15.407137,14.965454,15.303717,14.45483,15.831308,15.901468,17.255413,16.336304,15.150103,15.747882,15.399916,16.033344,1.1381016,1.9958982,7.3754287,0.45539585,29.091892,34.977814,36.48525,15.494329,16.787672,13.164619,13.962019,14.584989,15.946055,22.08
4446151.924,658074.7026,12.382103,1.3281237,0.85187733,27.835577,31.663849,36.56263,27.191093,23.613668,35.51922,31.528143,32.922333,33.04747,35.109512,37.976326,36.56841,31.509384,39.294647,40.65021,2.5375512,1.9581112,6.299358,7.512269,1382.67,164.75833,-0.15917969,0.65311533,-0.013305664,20,30,0.36332345,0.43918997,0.27805668,0.2567923,0.32183152,0.68341976,0.79857653,12.179522,14.263327,12.38513,15.899638,15.928941,18.977102,18.909388,15.235724,15.871274,16.681963,15.604414,15.514952,17.364506,20.790794,17.970186,17.26489,14.752192,13.714719,11.036489,9.786693,14.216948,17.039276,15.669174,13.589099,12.278593,11.942815,11.979132,12.744021,15.392923,16.647831,16.284168,13.695101,13.238177,13.791826,13.641396,14.978831,17.06728,17.99574,18.107777,15.426045,14.71937,18.203506,15.394852,15.922269,17.016756,16.41548,16.905079,16.25215,1.0900005,2.247831,6.905813,0.44874147,29.749714,33.52368,37.27237,15.50615,17.114012,13.74507,13.89564,15.545861,16.368189,22.08
4446151.924,658079.7026,11.95419,1.3080665,0.86561143,28.063967,31.401503,36.876534,27.203157,23.827755,36.18299,31.957209,33.838634,33.59221,35.92565,37.279408,36.35409,30.516567,38.742245,39.652027,2.5003386,1.9586678,6.2633877,7.512129,1382.66,173.65298,-0.15966797,0.6484547,-0.012207031,20,30,0.36332345,0.43918997,0.27805668,0.2567923,0.32183152,0.68341976,0.79857653,12.179522,14.263327,12.38513,15.899638,15.928941,18.977102,18.909388,15.235724,15.871274,16.681963,15.604414,15.514952,17.364506,20.790794,17.970186,17.26489,14.752192,13.714719,11.036489,9.786693,14.216948,17.039276,15.669174,13.589099,12.278593,11.942815,11.979132,12.744021,15.392923,16.647831,16.284168,13.695101,13.238177,13.791826,13.641396,14.978831,17.06728,17.99574,18.107777,15.426045,14.71937,18.203506,15.394852,15.922269,17.016756,16.41548,16.905079,16.25215,1.086839,2.2295032,6.8877583,0.44874147,29.732735,34.0701,36.81675,15.50615,17.114012,13.74507,13.89564,15.545861,16.368189,22.08
4446151.924,658084.7026,11.818389,1.2918643,0.8837264,28.08121,31.39673,37.05938,27.167435,23.89286,36.781734,32.07391,34.40718,34.09293,36.5418,36.655457,36.295193,29.876186,38.33969,38.910217,2.4710896,1.9556006,6.233364,7.5125513,1382.66,177.61163,-0.079589844,0.6880861,-0.006591797,20,30,0.3677966,0.43642884,0.28724924,0.27641624,0.35606772,0.69639456,0.79829335,11.950001,14.57398,13.245903,16.085201,17.782633,18.331297,18.626099,15.497364,15.805876,16.924294,15.431313,16.036924,17.867844,20.244421,17.474762,17.302868,12.509501,11.628549,11.071517,10.150496,14.063239,16.2761,16.032116,12.862913,12.209625,12.27317,12.621063,12.752879,15.146911,16.155704,15.611743,13.656536,13.0582905,13.65336,13.790056,14.814293,16.757294,18.15877,18.284328,15.289563,14.76575,16.23725,15.176877,16.070015,17.1765,17.156254,16.589344,16.115152,1.0877954,2.213345,6.8729577,0.45980662,29.73897,34.427822,36.475327,15.799302,17.112206,13.104503,13.824441,15.502341,16.167425,22.08
4446151.924,658089.7026,15.652311,1.275554,0.9125373,28.131489,31.392334,36.20078,26.98547,23.88714,37.351986,32.17033,34.89069,34.907867,37.070858,35.766,36.2429,30.008303,37.80187,38.407455,2.4463465,1.9527969,6.2560215,7.5483665,1382.66,182.20467,-0.079589844,0.74538285,-0.006591797,20,30,0.3677966,0.43642884,0.28724924,0.27641624,0.35606772,0.69639456,0.79829335,13.457428,14.242854,13.65819,15.222113,17.083197,19.321169,18.5215,15.7320175,15.906824,16.940844,15.474228,16.378752,18.02151,19.500826,17.410603,17.241297,11.500502,10.64829,10.691317,10.754528,13.630516,16.403452,16.476511,12.609867,13.270151,11.553279,11.974379,13.298172,15.814672,17.06805,16.16333,13.9773445,14.311755,13.640692,14.151476,15.376622,17.364708,17.977745,17.865334,15.562072,16.306501,17.093445,14.628141,16.207312,16.805878,16.265396,16.785152,16.227062,1.0940456,2.1995716,6.902194,0.45980662,29.761911,34.761158,36.004448,15.929494,17.090511,12.87216,14.163147,15.812617,16.298832,22.08
4446151.924,658094.7026,17.472624,1.2391227,0.94775987,28.099764,31.520628,34.793247,26.674854,23.471088,37.896633,32.270206,35.58892,35.930332,37.445232,34.846424,36.174564,30.496765,37.17033,38.233032,2.4308155,1.9469506,6.3211226,7.607118,1382.67,191.29526,-0.0390625,0.80339634,-0.004394531,20,30,0.3677966,0.43642884,0.28724924,0.27641624,0.35606772,0.69639456,0.79829335,13.457428,14.242854,13.65819,15.222113,17.083197,19.321169,18.5215,15.7320175,15.906824,16.940844,15.474228,16.378752,18.02151,19.500826,17.410603,17.241297,11.500502,10.64829,10.691317,10.754528,13.630516,16.403452,16.476511,12.609867,13.270151,11.553279,11.974379,13.298172,15.814672,17.06805,16.16333,13.9773445,14.311755,13.640692,14.151476,15.376622,17.364708,17.977745,17.865334,15.562072,16.306501,17.093445,14.628141,16.207312,16.805878,16.265396,16.785152,16.227062,1.0934412,2.188883,6.9641204,0.45980662,29.810196,35.08342,35.510494,15.929494,17.090511,12.87216,14.163147,15.812617,16.298832,22.08
4446151.924,658099.7026,21.879053,1.2171056,0.98372805,28.220068,30.929462,33.47976,26.45842,23.433308,38.448833,32.243393,36.01095,36.82719,38.069286,33.92707,36.486095,31.03719,36.51656,37.567883,2.387054,1.8990438,6.3769727,7.663727,1382.69,192.83502,-0.000976563,0.8374288,0.003295898,20,30,0.3677966,0.43642884,0.28724924,0.27641624,0.35606772,0.69639456,0.79829335,11.982851,13.472354,13.155482,14.698651,16.90744,19.573761,18.506557,15.198216,15.786036,16.399336,15.771065,16.643627,17.13182,19.863829,17.55716,17.195597,10.743708,11.508157,10.163477,10.704153,13.767616,15.867902,15.741243,12.385056,12.135717,10.971502,11.608315,13.548627,14.8572235,16.938753,16.409374,13.560943,15.425061,13.576654,14.174693,14.742137,16.906511,18.333426,17.878872,15.643457,16.955744,17.023932,15.721501,15.323441,17.19032,15.4795685,16.206268,16.239769,1.1004169,2.1430488,7.0203495,0.45980662,29.574764,35.346115,35.20658,15.471015,17.02184,12.6423235,13.781359,15.862479,16.27154,22.08
4446151.924,658104.7026,22.221249,1.208018,1.0269611,28.269888,30.925566,32.178513,26.190844,23.394522,38.959343,32.341423,36.493397,37.55539,38.56046,33.06236,36.42987,31.442308,36.123486,37.15655,2.3733535,1.8983872,6.437814,7.7203417,1382.71,192.43591,0.15966797,0.86548066,0.005493164,20,30,0.3677966,0.43642884,0.28724924,0.27641624,0.35606772,0.69639456,0.79829335,12.848094,14.271631,11.841146,13.168556,17.444237,19.878143,19.038599,15.197978,15.656756,16.381943,15.96534,17.091755,17.082235,19.398699,17.481764,17.202671,10.515816,11.80467,10.212069,10.819522,13.920098,16.418795,15.250302,12.551505,12.734447,11.86114,11.273439,13.126318,14.272814,16.092012,16.220444,13.471124,15.366089,13.817349,13.172643,14.735827,17.087166,17.844019,17.401691,15.4317,17.05401,17.942112,14.4914,15.801821,17.002977,17.114664,15.325518,16.503145,1.1174896,2.1358705,7.0790777,0.45980662,29.597727,35.650383,34.746117,15.498629,17.008356,12.705896,13.654373,15.6321125,16.390356,22.08
4446151.924,658109.7026,21.089108,1.1915377,1.0679755,28.627796,31.053463,30.905266,25.910526,23.35596,39.325897,32.656948,37.26452,38.422855,39.492065,32.358356,36.20952,31.677979,35.43245,36.16942,2.3602533,1.9158865,6.502786,7.774789,1382.72,196.08618,-0.12060547,0.8796126,-0.002319336,20,30,0.3677966,0.43642884,0.28724924,0.27641624,0.35606772,0.69639456,0.79829335,12.848094,14.271631,11.841146,13.168556,17.444237,19.878143,19.038599,15.197978,15.656756,16.381943,15.96534,17.091755,17.082235,19.398699,17.481764,17.202671,10.515816,11.80467,10.212069,10.819522,13.920098,16.418795,15.250302,12.551505,12.734447,11.86114,11.273439,13.126318,14.272814,16.092012,16.220444,13.471124,15.366089,13.817349,13.172643,14.735827,17.087166,17.844019,17.401691,15.4317,17.05401,17.942112,14.4914,15.801821,17.002977,17.114664,15.325518,16.503145,1.1297567,2.1380699,7.1387873,0.45980662,29.84063,35.991425,34.283936,15.498629,17.008356,12.705896,13.654373,15.6321125,16.390356,22.08
4446151.924,658114.7026,22.271324,1.1823329,1.1118678,28.673439,31.05008,29.835478,25.617771,23.353674,39.491837,32.70366,37.886753,39.10871,40.736103,31.928465,36.257557,31.788908,35.082638,35.042618,2.352126,1.9166782,6.581101,7.8246727,1382.75,202.96071,0.03955078,0.9178882,0,20,30,0.38482162,0.43470854,0.2935844,0.2871587,0.37619177,0.6901191,0.78515565,12.040758,14.0730715,11.148708,13.969333,16.736141,20.398748,18.065542,15.092342,15.930883,16.650867,16.0997,16.39086,17.44698,19.814093,17.20777,17.26586,10.73285,10.422766,10.3914995,10.418952,14.417238,16.782946,14.952194,12.445208,12.160315,11.860591,11.313123,12.894281,14.382809,17.175404,15.61954,13.519539,14.371579,13.869596,13.646419,14.938934,15.597722,17.877043,17.738436,15.238787,15.7226305,17.456161,15.046381,15.060063,16.584515,16.53441,15.097036,16.055798,1.1471003,2.134402,7.2028866,0.46453428,29.86176,36.097748,34.09301,15.204616,17.077307,12.588349,13.629437,15.434247,15.928742,22.08
4446151.924,658119.7026,20.856548,1.173239,1.15265,28.711922,31.046228,28.954786,25.316517,23.38102,39.333706,32.70209,38.652576,39.8566,42.702126,31.888407,36.41485,31.651066,34.68374,33.218513,2.3460455,1.9177804,6.6714716,7.865961,1382.79,204.99648,0.12109375,0.94832397,0.010009766,20,30,0.38482162,0.43470854,0.2935844,0.2871587,0.37619177,0.6901191,0.78515565,11.702695,14.015811,12.531937,15.524793,17.213903,19.93262,18.57812,15.411701,15.943634,16.728031,16.06696,15.475,18.162386,21.263245,18.10975,17.574022,14.991879,15.887527,15.4256115,14.837178,18.493187,20.607185,18.618145,16.775713,13.560089,13.739939,13.7366085,13.887436,15.687761,17.2696,17.020412,14.792794,13.81957,13.471033,13.245646,14.38048,15.8102045,18.64731,18.913107,15.13599,16.503986,16.845272,16.034771,15.0924425,16.675406,17.021372,15.712811,16.272755,1.1629446,2.131913,7.2687163,0.46453428,29.879074,36.0179,34.151627,15.6428385,17.392714,16.9801,14.985977,15.469622,16.269438,22.08
4446151.924,658124.7026,20.152113,1.1644411,1.1970128,28.7463,31.042023,28.210299,24.979563,23.439884,38.924335,32.658905,39.528538,40.649612,45.29769,32.13498,36.66159,31.331266,34.269665,30.778223,2.3425117,1.9192462,6.775468,7.9027743,1382.82,204.14346,0.07910156,0.9104754,0.004394531,20,30,0.38482162,0.43470854,0.2935844,0.2871587,0.37619177,0.6901191,0.78515565,11.702695,14.015811,12.531937,15.524793,17.213903,19.93262,18.57812,15.411701,15.943634,16.728031,16.06696,15.475,18.162386,21.263245,18.10975,17.574022,14.991879,15.887527,15.4256115,14.837178,18.493187,20.607185,18.618145,16.775713,13.560089,13.739939,13.7366085,13.887436,15.687761,17.2696,17.020412,14.792794,13.81957,13.471033,13.245646,14.38048,15.8102045,18.64731,18.913107,15.13599,16.503986,16.845272,16.034771,15.0924425,16.675406,17.021372,15.712811,16.272755,1.180727,2.130879,7.339121,0.46453428,29.894161,35.79162,34.398285,15.6428385,17.392714,16.9801,14.985977,15.469622,16.269438,22.08
4446151.924,658129.7026,21.789644,1.1467834,1.2450081,28.814295,31.23697,27.583237,24.547892,23.614714,38.331192,32.393753,40.603497,41.57344,48.233784,32.60307,37.001827,30.612217,33.893658,28.055195,2.334375,1.9249066,6.8959203,7.9335456,1382.85,204.60274,-0.040527344,0.92936057,0.002197266,20,30,0.38482162,0.43470854,0.2935844,0.2871587,0.37619177,0.6901191,0.78515565,12.037081,12.582377,12.978312,15.570181,17.452908,20.076777,17.79982,15.363021,16.257202,16.269445,16.407663,15.703407,18.461763,20.392767,18.553545,17.549913,15.13102,14.685225,15.65789,14.8990755,18.803852,20.378172,19.943735,16.821512,13.679886,12.995372,13.476198,13.231255,15.099362,17.72443,17.332943,14.6317,14.270447,13.503528,13.22267,14.266296,16.563171,17.44136,18.475237,14.866435,16.740168,17.705515,15.403325,14.310493,16.12186,16.242666,15.853867,16.04236,1.1958957,2.1296408,7.414733,0.46453428,30.025633,35.362473,34.80245,15.499637,17.435114,17.071281,14.791351,15.391815,16.053984,22.08
4446151.924,658134.7026,21.459427,1.1327646,1.3041544,29.06976,30.902288,26.737549,24.144302,23.748604,37.89364,32.836487,42.718086,42.44304,51.409927,32.84558,37.167057,29.460049,33.34378,25.33317,2.3226097,1.8843052,7.0288873,7.978008,1382.89,203.63512,0.16015625,1.000402,0.006713867,20,30,0.38482162,0.43470854,0.2935844,0.2871587,0.37619177,0.6901191,0.78515565,12.037081,12.582377,12.978312,15.570181,17.452908,20.076777,17.79982,15.363021,16.257202,16.269445,16.407663,15.703407,18.461763,20.392767,18.553545,17.549913,15.13102,14.685225,15.65789,14.8990755,18.803852,20.378172,19.943735,16.821512,13.679886,12.995372,13.476198,13.231255,15.099362,17.72443,17.332943,14.6317,14.270447,13.503528,13.22267,14.266296,16.563171,17.44136,18.475237,14.866435,16.740168,17.705515,15.403325,14.310493,16.12186,16.242666,15.853867,16.04236,1.2184595,2.1034575,7.5034475,0.46453428,29.986023,35.365063,35.006317,15.499637,17.435114,17.071281,14.791351,15.391815,16.053984,22.08
4446151.924,658139.7026,19.757843,1.1319559,1.3891838,29.09433,30.895142,25.910784,23.691292,24.014708,37.281334,32.785217,43.662933,43.133163,54.906963,33.326607,37.547028,29.195621,33.087803,22.1114,2.329736,1.8866566,7.178501,8.023934,1382.92,203.62193,-0.0390625,1.0004921,0.003417969,20,30,0.38482162,0.43470854,0.2935844,0.2871587,0.37619177,0.6901191,0.78515565,11.144406,13.44649,12.672858,14.317365,15.783617,20.790688,17.319765,14.969202,16.80941,16.654846,16.37038,15.458948,18.329647,19.579771,18.203465,17.438412,14.971738,15.896795,14.9453945,14.382007,17.721485,20.072386,20.477757,16.47131,14.224646,13.4539995,13.403575,13.3109,15.087387,17.375444,17.479002,14.652772,14.8377075,14.138364,12.857368,13.804733,16.045483,17.234262,18.11642,14.830126,16.664455,17.689396,15.295641,14.343961,16.538147,16.170618,16.657818,16.04215,1.2605698,2.1081963,7.6012177,0.46453428,29.994736,35.033276,35.436817,15.067884,17.34378,16.923937,14.904993,15.290619,16.19429,22.08
4446151.924,658144.7026,20.709557,1.1406221,1.475375,29.118223,38.106663,24.941227,23.211172,24.437117,36.67253,32.826454,44.43007,43.753754,58.42506,33.8192,37.271843,29.152107,32.832138,19.53697,2.342021,1.9132578,7.3515954,8.076283,1382.96,200.13083,0.19921875,0.9154276,0.012207031,20,30,0.38502312,0.42951617,0.28760728,0.28160283,0.36809498,0.7005972,0.7981804,11.496906,13.747917,12.245031,14.957357,18.487352,19.818129,17.061794,15.208469,16.428196,17.066622,16.139042,15.722928,18.792143,20.984503,18.157124,17.785908,14.258946,15.974716,14.860376,14.199249,19.628408,20.866863,19.892155,16.744423,14.141291,13.590581,13.147362,13.003756,17.052692,16.776972,16.995747,14.719498,14.542467,14.394359,12.920256,14.393091,16.556992,17.322985,16.72263,15.011469,15.756605,16.585651,14.655498,14.135709,16.469685,15.489877,16.59355,15.442341,1.3079987,2.1276393,7.7139397,0.46437457,33.612442,34.749493,35.54552,15.402069,17.612936,17.097244,14.9583435,15.264681,15.669511,22.08
4446151.924,658149.7026,19.166197,1.1343029,1.4251598,29.303768,38.11764,25.019928,22.893206,23.945213,36.394535,32.68447,44.764572,44.092567,56.957584,34.176098,37.345287,28.862328,32.828377,22.053082,2.3358924,1.9073665,7.4157,8.079144,1382.98,195.25298,0.15966797,0.81678057,0.0078125,20,30,0.38502312,0.42951617,0.28760728,0.28160283,0.36809498,0.7005972,0.7981804,11.817124,13.985715,12.406805,15.344149,18.749321,20.267775,17.25574,15.514161,16.39943,17.042019,16.139042,15.722928,18.792143,20.922998,18.107922,17.766035,14.349027,16.004892,14.884958,14.223829,19.647398,20.88585,19.927921,16.778893,14.359073,13.590581,13.147362,13.009682,17.0601,16.786846,16.995747,14.75723,14.739975,14.590332,13.096637,14.605635,16.745281,17.585228,16.991795,15.221257,15.756605,16.585651,14.655498,14.135709,16.469685,15.489877,16.59355,15.442341,1.2797313,2.1216295,7.7474217,0.46437457,33.710705,34.539505,35.760693,15.689519,17.589497,17.131983,14.992769,15.47927,15.669511,22.08
4446151.924,658154.7026,21.338667,1.1353271,1.3584497,28.660294,38.476967,25.487068,22.82058,23.49758,36.33073,32.615124,44.223446,43.743416,55.074223,34.630894,37.02824,28.857193,32.85707,24.076895,2.318336,1.8868629,7.445216,8.0488615,1382.98,192.99069,-0.28027344,0.7645717,-0.010009766,20,30,0.38502312,0.42951617,0.28760728,0.28160283,0.36809498,0.7005972,0.7981804,11.701231,14.702563,12.374451,15.057306,17.403011,20.188604,16.850758,15.366579,16.35658,17.316486,16.198761,16.122532,18.567738,20.9973,18.52276,17.846985,14.46535,15.883306,14.967367,15.762776,18.13511,22.034182,20.592342,17.065048,14.319059,12.992602,13.060803,13.714673,16.393509,17.845821,16.949606,14.881961,14.754477,14.899251,13.55408,14.451754,16.228146,17.53957,17.078857,15.233787,16.760303,16.05308,14.3527355,15.359411,15.518485,15.805855,15.634114,15.576446,1.2468884,2.1025994,7.747039,0.46437457,33.56863,34.472927,35.829567,15.468275,17.72602,17.405777,15.039438,15.500876,15.640571,22.08
4446151.924,658159.7026,22.86289,1.1144383,1.3155152,28.786299,30.507887,25.571363,22.557734,23.208115,36.123817,32.98195,44.2558,43.66556,53.358784,34.997856,37.9256,29.005165,33.15871,26.387547,2.3112788,1.8793559,7.50955,8.044388,1383.01,189.6356,0.20019531,0.7698514,0.006713867,20,30,0.38502312,0.42951617,0.28760728,0.28160283,0.36809498,0.7005972,0.7981804,12.45823,15.446344,10.809149,14.200238,18.842953,20.737867,17.742691,15.644921,16.606195,17.568945,15.433833,15.490069,18.58392,20.997316,18.797668,17.752075,14.325267,17.719837,14.86051,15.029181,18.024702,20.256979,21.07143,16.926626,13.915187,13.245471,12.913814,14.143056,16.121445,17.998844,17.669022,15.009423,14.018005,14.604253,13.124011,13.457834,16.293629,18.042835,17.270147,14.982556,15.31209,17.467236,16.78983,16.084015,16.251284,16.220873,15.819094,16.26346,1.2149768,2.0953174,7.776969,0.46437457,29.647093,34.552883,36.461727,15.74821,17.639708,17.326845,15.143834,15.258673,16.277773,22.08
4446151.924,658164.7026,24.227592,1.1160254,1.2881961,28.85302,37.88501,25.490131,22.275297,22.701143,35.972847,32.72341,44.120476,43.728745,52.20255,35.28276,37.32397,29.363628,33.02407,27.68607,2.3014057,1.8831261,7.5815887,8.048802,1383.01,182.19174,-0.03955078,0.7452014,0.001098633,20,30,0.38502312,0.42951617,0.28760728,0.28160283,0.36809498,0.7005972,0.7981804,12.45823,15.446344,10.809149,14.200238,18.842953,20.737867,17.742691,15.644921,16.606195,17.568945,15.433833,15.490069,18.58392,20.997316,18.797668,17.752075,14.325267,17.719837,14.86051,15.029181,18.024702,20.256979,21.07143,16.926626,13.915187,13.245471,12.913814,14.143056,16.121445,17.998844,17.669022,15.009423,14.018005,14.604253,13.124011,13.457834,16.293629,18.042835,17.270147,14.982556,15.31209,17.467236,16.78983,16.084015,16.251284,16.220873,15.819094,16.26346,1.2021108,2.0922658,7.8151956,0.46437457,33.369015,34.34813,36.303368,15.74821,17.639708,17.326845,15.143834,15.258673,16.277773,22.08
4446151.924,658169.7026,31.152838,1.1186867,1.2789859,28.785847,37.88559,25.56696,22.096996,22.39272,35.744083,32.631546,44.07997,43.749615,51.311638,35.740547,37.43929,29.340319,33.063156,28.528694,2.2916315,1.8758748,7.630346,8.046419,1383.01,172.5777,0.040527344,0.6645592,0.003417969,20,30,0.38502312,0.42951617,0.28760728,0.28160283,0.36809498,0.7005972,0.7981804,12.379133,16.370163,10.440503,13.896437,18.06461,20.002493,18.41308,15.441852,16.570332,16.999775,15.33346,15.710199,18.439072,20.118742,17.9533,17.411198,15.042402,16.229605,16.320635,14.340016,18.182453,18.8057,22.094666,16.698034,13.838385,13.7871475,13.720111,13.714314,16.109903,17.002247,18.556828,15.000659,14.171936,14.026555,13.520441,14.243464,16.052822,16.019854,16.705944,14.824984,15.741092,18.091434,16.12067,15.688937,15.449686,15.387662,15.420654,16.071083,1.1988363,2.083753,7.8383827,0.46437457,33.335716,34.187813,36.58992,15.652346,17.303555,17.287926,15.246989,14.963002,15.985734,22.08
4446151.924,658174.7026,30.967188,1.0965312,1.2747917,28.689335,30.835989,25.657549,22.032688,22.276512,35.555325,32.69456,44.01317,43.55533,50.268467,36.14152,38.112896,29.381807,33.49881,29.68982,2.277364,1.8522612,7.655494,8.032838,1383,161.5767,0.080078125,0.5438488,0.004516602,20,30,0.38446772,0.4319282,0.26961222,0.28223866,0.36592788,0.69927126,0.80453485,11.544232,14.140501,10.288302,14.655355,17.649195,20.586714,18.40522,15.148223,16.373148,17.27763,15.549948,15.690143,18.463501,20.074884,17.785917,17.445623,14.927568,16.373184,17.099163,15.150088,17.71492,19.744978,19.338367,16.920362,14.031263,13.892416,14.435251,14.19263,15.797855,16.795837,17.39577,15.028622,14.215332,14.473254,13.557844,13.940544,15.995147,16.17209,16.507061,14.856371,15.734921,17.67543,16.939129,16.733395,15.38863,14.807976,15.213493,16.181736,1.1856614,2.0648127,7.844166,0.4625687,29.762661,34.124943,37.12721,15.324218,17.316454,17.19261,15.220146,14.980181,16.070423,22.08
4446151.924,658179.7026,29.641401,1.1100608,1.2752811,28.274305,37.826103,25.841225,22.054462,22.120583,35.641125,32.783165,43.82773,43.21197,49.22613,36.262077,37.26665,29.280476,33.410667,30.493483,2.2639425,1.8568214,7.655393,8.008227,1382.98,144.87094,0.040039062,0.4731146,0.004394531,20,30,0.38446772,0.4319282,0.26961222,0.28223866,0.36592788,0.69927126,0.80453485,11.544232,14.140501,10.288302,14.655355,17.649195,20.586714,18.40522,15.148223,16.373148,17.27763,15.549948,15.690143,18.463501,20.074884,17.785917,17.445623,14.927568,16.373184,17.099163,15.150088,17.71492,19.744978,19.338367,16.920362,14.031263,13.892416,14.435251,14.19263,15.797855,16.795837,17.39577,15.028622,14.215332,14.473254,13.557844,13.940544,15.995147,16.17209,16.507061,14.856371,15.734921,17.67543,16.939129,16.733395,15.38863,14.807976,15.213493,16.181736,1.192671,2.060382,7.83181,0.4625687,33.050205,34.212143,36.764366,15.324218,17.316454,17.19261,15.220146,14.980181,16.070423,22.08
4446151.924,658184.7026,26.946148,1.1065521,1.2850155,28.228605,37.828896,26.057507,22.219658,22.164778,35.67404,32.863197,43.819073,42.97891,48.279697,36.330944,37.042107,29.12267,33.512142,31.011986,2.2480214,1.8534203,7.6086407,7.9756413,1382.95,128.43542,0.0390625,0.5299169,0.004394531,20,30,0.38446772,0.4319282,0.26961222,0.28223866,0.36592788,0.69927126,0.80453485,10.827985,15.013466,10.331556,14.096639,17.49,20.534773,17.54015,15.024993,16.590452,17.55422,15.493864,15.944838,18.368437,20.014757,18.57455,17.673744,14.785292,16.396584,16.673183,15.203562,17.163761,19.421432,18.730265,16.824306,13.51489,14.270361,13.6859,14.2632475,15.267745,17.570581,17.121151,15.007263,14.037984,14.627284,12.709246,14.415123,15.524374,16.170279,16.845522,14.738713,16.391394,17.428976,16.290785,16.843838,14.571923,15.036533,16.211432,16.092245,1.1957839,2.0507207,7.792141,0.4625687,33.02875,34.26862,36.686523,15.119224,17.505875,16.910582,15.099126,14.904259,16.110697,22.08
4446151.924,658189.7026,27.535816,1.0739663,1.2914855,27.759829,30.317673,25.980349,22.451164,22.424484,35.765114,33.56352,43.993725,42.78839,47.186676,36.482273,37.23038,29.66519,33.400974,31.707922,2.225702,1.8261343,7.5364313,7.943248,1382.91,117.766884,0.080566406,0.6151277,0.006713867,20,30,0.38446772,0.4319282,0.26961222,0.28223866,0.36592788,0.69927126,0.80453485,10.402099,14.45818,12.018683,14.621172,18.686865,19.388659,17.433903,15.194149,15.863358,17.189266,15.234663,16.152943,19.422447,19.481956,17.65614,17.365631,14.924329,16.698624,15.0583315,15.3876095,18.838655,19.989674,19.09078,17.104946,14.424904,12.046385,13.93057,14.0997925,16.054081,17.797731,17.40842,15.011055,14.988605,14.892099,12.6066265,14.233798,16.316002,15.468122,16.682507,14.790419,17.10636,16.99135,15.755028,16.811876,16.092583,15.842869,15.134842,16.405684,1.1827259,2.0259182,7.7398396,0.4625687,29.03875,34.664314,36.856327,15.287081,17.285826,17.141142,15.108841,15.026823,16.247845,22.08
4446151.924,658194.7026,28.613642,1.1002369,1.2732321,27.713734,38.063248,26.090063,22.440287,22.438843,35.240425,33.17344,45.31216,42.43108,46.932648,36.948635,36.37613,28.647305,32.915638,30.983404,2.2164237,1.8442404,7.477924,7.90416,1382.86,111.80442,0.079589844,0.6171212,0.004394531,20,30,0.38446772,0.4319282,0.26961222,0.28223866,0.36592788,0.69927126,0.80453485,10.402099,14.45818,12.018683,14.621172,18.686865,19.388659,17.433903,15.194149,15.863358,17.189266,15.234663,16.152943,19.422447,19.481956,17.65614,17.365631,14.924329,16.698624,15.0583315,15.3876095,18.838655,19.989674,19.09078,17.104946,14.424904,12.046385,13.93057,14.0997925,16.054081,17.797731,17.40842,15.011055,14.988605,14.892099,12.6066265,14.233798,16.316002,15.468122,16.682507,14.790419,17.10636,16.99135,15.755028,16.811876,16.092583,15.842869,15.134842,16.405684,1.1867344,2.030332,7.691042,0.4625687,32.88849,34.206932,36.662384,15.287081,17.285826,17.141142,15.108841,15.026823,16.247845,22.08
4446151.924,658199.7026,28.048462,1.0932306,1.2950157,27.63394,38.05379,26.454302,22.514929,22.654856,35.160297,33.29107,45.20169,42.27992,46.18178,37.12492,36.197945,28.613077,32.964855,31.267776,2.1990185,1.8486055,7.383142,7.868414,1382.81,111.0303,0.041015625,0.59831285,0.004516602,20,30,0.38446772,0.4319282,0.26961222,0.28223866,0.36592788,0.69927126,0.80453485,11.395524,14.332588,11.872297,15.425102,15.829931,18.799309,16.98404,14.865712,15.876378,16.803558,15.542725,15.237106,18.51915,20.071589,17.867481,17.238972,16.093857,17.886847,16.690155,14.523892,17.743511,20.144215,19.391521,17.283794,14.79011,14.546,14.262108,13.689412,15.974161,17.678095,17.070274,15.250755,15.525274,13.975357,14.22697,13.532184,15.941885,15.785149,16.27691,14.812323,16.444765,17.73464,15.596205,15.452649,15.779058,15.344619,15.002195,15.958842,1.1941231,2.023812,7.625778,0.4625687,32.843864,34.225685,36.66143,14.9484,17.13114,17.496286,15.430022,15.037675,15.907735,22.08
4446151.924,658204.7026,23.975307,1.0843638,1.3425149,27.557167,38.037838,26.905424,22.321209,22.906845,34.77189,33.255646,45.104763,42.32653,45.686,37.569393,36.28282,28.536795,32.97709,31.454004,2.1828256,1.8616621,7.2859883,7.8445168,1382.76,117.173836,0.040039062,0.59610456,0,20,30,0.38750547,0.4428849,0.26965034,0.2786321,0.3394213,0.68064165,0.7890352,11.665987,14.403358,12.093992,14.442904,15.2812805,19.657331,17.383549,14.9445305,15.932849,16.224268,15.162989,14.687454,16.794403,19.869278,16.603607,16.652637,11.384251,12.994659,11.309508,9.217952,14.812928,17.02653,14.586838,12.991355,12.770998,11.778056,12.418314,12.909264,15.439083,17.616013,16.323315,14.013067,16.432163,14.221395,14.103819,13.694956,15.263462,15.642528,15.025096,14.806513,16.809109,17.156769,16.24797,16.113604,16.257612,15.486627,15.363405,16.316954,1.2134393,2.022244,7.5652523,0.45539585,32.7975,34.013767,36.92611,14.989772,16.467836,13.0475235,14.179293,14.911916,16.205013,22.08
4446151.924,658209.7026,30.10103,1.058289,1.2543573,27.319826,30.918728,27.643158,23.950727,23.209225,35.686913,34.055172,44.34929,41.463116,44.44126,37.06214,35.95305,28.97449,33.305218,32.190804,2.1565368,1.8341569,7.0992785,7.7524657,1382.71,124.89089,-0.12060547,0.57618463,-0.006713867,20,30,0.38750547,0.4428849,0.26965034,0.2786321,0.3394213,0.68064165,0.7890352,11.665987,14.403358,12.093992,14.442904,15.2812805,19.657331,17.383549,14.9445305,15.932849,16.224268,15.162989,14.687454,16.794403,19.869278,16.603607,16.652637,11.384251,12.994659,11.309508,9.217952,14.812928,17.02653,14.586838,12.991355,12.770998,11.778056,12.418314,12.909264,15.439083,17.616013,16.323315,14.013067,16.432163,14.221395,14.103819,13.694956,15.263462,15.642528,15.025096,14.806513,16.809109,17.156769,16.24797,16.113604,16.257612,15.486627,15.363405,16.316954,1.1563232,1.9953468,7.425872,0.45539585,29.119278,34.87104,36.507595,14.989772,16.467836,13.0475235,14.179293,14.911916,16.205013,22.08
4446146.924,658074.7026,12.102014,1.3154544,0.81570476,27.833344,31.664268,36.935207,27.556808,23.601921,35.42146,31.490707,32.931522,33.164463,35.53175,38.1058,36.641106,31.219395,38.949635,40.32954,2.5202513,1.9560755,6.2569213,7.4869995,1382.63,158.50967,-0.040039062,0.508302,-0.002197266,20,30,0.36967543,0.44068784,0.28382248,0.2606274,0.32462433,0.6673137,0.8615573,13.945213,15.474676,12.425532,16.272848,20.852844,22.150412,19.378586,17.037958,15.864843,16.179762,15.972414,15.929823,18.594803,21.065481,17.746925,17.502932,12.174871,13.86371,11.8470335,9.759525,15.129066,16.779516,15.533038,13.436766,12.845573,12.518037,12.193624,12.586002,15.011233,16.580257,16.367306,13.81748,13.459857,14.355762,13.697522,14.519656,17.456886,19.24037,18.516842,15.7296,15.212332,18.067749,15.679152,15.938644,16.101072,15.720692,16.176746,16.122229,1.0655795,2.2381635,6.8719606,0.45832977,29.748806,33.456085,37.37345,17.214302,17.336294,13.583823,14.014577,15.892415,16.128056,22.08
4446146.924,658079.7026,11.127292,1.2950214,0.82049084,28.05144,31.40135,37.556946,27.563953,23.82554,36.08146,31.920918,33.82008,33.686577,36.381958,37.50249,36.437943,30.051588,38.424614,39.281013,2.4817169,1.9567491,6.203432,7.4745617,1382.62,166.3422,0.040039062,0.54574454,0.002197266,20,30,0.36967543,0.44068784,0.28382248,0.2606274,0.32462433,0.6673137,0.8615573,13.945213,15.474676,12.425532,16.272848,20.852844,22.150412,19.378586,17.037958,15.864843,16.179762,15.972414,15.929823,18.594803,21.065481,17.746925,17.502932,12.174871,13.86371,11.8470335,9.759525,15.129066,16.779516,15.533038,13.436766,12.845573,12.518037,12.193624,12.586002,15.011233,16.580257,16.367306,13.81748,13.459857,14.355762,13.697522,14.519656,17.456886,19.24037,18.516842,15.7296,15.212332,18.067749,15.679152,15.938644,16.101072,15.720692,16.176746,16.122229,1.0577562,2.219233,6.838997,0.45832977,29.726395,34.00119,36.970215,17.214302,17.336294,13.583823,14.014577,15.892415,16.128056,22.08
4446146.924,658084.7026,12.837246,1.2788361,0.82256246,28.013882,31.395777,39.13678,27.688742,24.003733,36.73199,32.08679,34.515835,33.753853,37.00596,37.269993,36.347137,28.294807,38.27208,38.328667,2.4479496,1.9534844,6.108053,7.4251184,1382.61,171.87923,0.03955078,0.60774016,0.001098633,20,30,0.3659266,0.4378043,0.28419557,0.27584568,0.36606267,0.6915101,0.7891391,13.867651,14.672945,13.571528,16.004282,20.159227,20.088522,17.81419,16.509693,15.753897,16.551453,16.043247,15.745044,18.150827,20.515636,17.476864,17.359623,12.238801,12.290601,11.698452,10.473655,14.153375,15.981175,15.33208,12.95901,12.63825,11.916736,12.249411,12.522015,14.981162,17.176125,15.473253,13.739392,14.047727,14.561996,13.217508,14.863851,17.078695,18.631285,18.16088,15.556723,15.576312,17.360706,15.626661,15.251409,16.261482,16.556879,15.718119,16.060476,1.0506992,2.200717,6.766586,0.45864055,29.70483,34.40939,36.808563,16.596907,17.17671,13.166877,13.850992,15.794563,16.050222,22.08
4446146.924,658089.7026,16.202196,1.2621293,0.8485877,28.111013,31.391861,37.125904,27.360243,23.898859,37.24581,32.146343,34.91042,35.043133,37.58786,36.088646,36.31981,29.347914,37.441257,37.94329,2.4240913,1.9507365,6.179322,7.4968553,1382.6,177.50781,-0.080566406,0.65944016,-0.004516602,20,30,0.3659266,0.4378043,0.28419557,0.27584568,0.36606267,0.6915101,0.7891391,14.054529,16.10365,14.093931,16.330679,21.163982,20.514236,19.448246,17.188215,15.504537,16.766924,15.638141,15.896993,17.880106,20.146494,17.618244,17.228172,11.795023,11.586599,11.604444,10.909134,14.665157,15.955022,15.553513,12.925841,12.811064,12.614535,13.151857,13.0652895,16.16936,16.728539,16.106838,14.222993,14.960948,13.823611,13.713404,14.518753,17.187408,17.58496,18.620419,15.42559,16.709972,16.861364,15.153854,15.382685,16.24813,16.592707,16.108046,16.140892,1.0553585,2.187414,6.8380885,0.45864055,29.751438,34.696075,36.204227,17.387035,17.06449,13.152699,14.378211,15.772786,16.150965,22.08
4446146.924,658094.7026,17.81139,1.245872,0.8750744,28.156147,31.456818,35.383804,27.09305,23.736544,37.848774,32.459705,35.380367,36.134224,38.065384,34.991287,36.075634,30.1871,36.747494,37.617302,2.4005723,1.9516608,6.2406387,7.558461,1382.6,185.3824,-0.12060547,0.76235276,-0.006713867,20,30,0.3659266,0.4378043,0.28419557,0.27584568,0.36606267,0.6915101,0.7891391,14.054529,16.10365,14.093931,16.330679,21.163982,20.514236,19.448246,17.188215,15.504537,16.766924,15.638141,15.896993,17.880106,20.146494,17.618244,17.228172,11.795023,11.586599,11.604444,10.909134,14.665157,15.955022,15.553513,12.925841,12.811064,12.614535,13.151857,13.0652895,16.16936,16.728539,16.106838,14.222993,14.960948,13.823611,13.713404,14.518753,17.187408,17.58496,18.620419,15.42559,16.709972,16.861364,15.153854,15.382685,16.24813,16.592707,16.108046,16.140892,1.0604732,2.1761165,6.89955,0.45864055,29.806482,35.15424,35.533463,17.387035,17.06449,13.152699,14.378211,15.772786,16.150965,22.08
4446146.924,658099.7026,17.946917,1.2074538,0.89992267,28.211187,30.929886,33.92578,26.880737,23.43565,38.29624,32.24636,36.014828,37.150005,38.606487,34.223824,36.517624,30.710848,36.000496,37.114532,2.3638592,1.8976657,6.3033023,7.6174355,1382.62,188.3933,0.16015625,0.8827759,0.005493164,20,30,0.3659266,0.4378043,0.28419557,0.27584568,0.36606267,0.6915101,0.7891391,13.158251,15.983536,14.188724,16.099476,20.091343,22.175951,19.191874,17.139511,16.135548,16.486319,15.577093,15.80999,17.539665,19.15267,17.592627,17.029358,11.446104,11.30883,12.155436,10.218175,13.981333,15.761735,15.162455,12.687449,12.137729,11.621254,11.9028,12.768806,16.36569,16.433882,16.245281,13.719149,14.500788,13.402391,13.937284,14.868347,17.08588,18.212378,18.753016,15.505091,17.66328,17.53867,15.419275,15.11308,16.33323,16.437645,16.185009,16.411467,1.0536883,2.1307626,6.960369,0.45864055,29.570538,35.2713,35.370724,17.269878,16.89913,12.862009,13.925064,15.822869,16.384312,22.08
4446146.924,658104.7026,18.254648,1.1979278,0.9239001,28.25593,30.925177,32.575726,26.717758,23.393858,38.772583,32.36576,36.52305,37.919376,39.080284,33.467884,36.466537,31.123178,35.494934,36.70824,2.347116,1.89674,6.3580613,7.668604,1382.62,191.66403,-0.20019531,0.921007,-0.008911133,20,30,0.3659266,0.4378043,0.28419557,0.27584568,0.36606267,0.6915101,0.7891391,12.922976,15.846361,12.920046,16.223341,20.82945,20.662607,18.498423,16.63998,15.967234,16.235022,15.562561,16.028555,18.084183,20.146242,17.00266,17.228249,11.238123,10.689769,11.378675,10.606622,14.2968,17.166937,15.32706,12.757459,12.73708,11.004332,12.10664,12.94121,15.055135,16.69747,16.004318,13.629212,14.895685,13.704134,14.500897,14.668988,16.70166,18.374441,18.044088,15.662348,17.733406,17.887339,15.373294,16.426805,16.039265,15.633495,16.105808,16.428164,1.060914,2.121928,7.0133324,0.45864055,29.590553,35.56917,34.96721,16.843315,17.00378,12.957711,13.792312,15.8414135,16.45706,22.08
4446146.924,658109.7026,18.134092,1.1801695,0.94914025,28.605791,31.052063,31.270739,26.568586,23.353615,39.10639,32.712112,37.33182,38.79814,39.97473,32.878323,36.24988,31.35176,34.727715,35.753963,2.329576,1.9132441,6.41406,7.7176113,1382.65,196.19391,0.080566406,0.92468905,0.002197266,20,30,0.3659266,0.4378043,0.28419557,0.27584568,0.36606267,0.6915101,0.7891391,11.837417,14.883699,11.863105,14.968508,19.553284,19.247238,17.817303,15.494281,16.03332,16.278646,15.568774,16.028555,18.084183,20.15142,17.00266,17.247334,11.17099,10.617265,11.295336,10.540715,14.247822,17.104765,15.276724,12.6928425,12.743383,11.010814,12.103137,12.949255,15.06904,16.696953,16.007927,13.63422,14.903215,13.704134,14.508428,14.668988,16.70166,18.374441,18.044088,15.664701,17.733406,17.887339,15.373294,16.426805,16.039265,15.633495,16.105808,16.428164,1.0646548,2.1214101,7.065836,0.45864055,29.828926,35.909252,34.564102,15.738649,17.02108,12.8933735,13.797215,15.843565,16.45706,22.08
4446146.924,658114.7026,18.652634,1.1707401,0.9810787,28.647972,31.048145,30.157675,26.349264,23.348177,39.263233,32.779255,37.9916,39.503586,41.17937,32.504417,36.29284,31.453932,34.308414,34.658943,2.3195016,1.913836,6.4879856,7.7650094,1382.67,198.9643,-0.0390625,0.969462,-0.003295898,20,30,0.37712175,0.43378338,0.28284875,0.2925186,0.37869775,0.6833245,0.80203784,12.892385,14.326172,11.974953,14.056587,16.597267,21.409815,17.621134,15.567561,15.982142,17.041128,15.379636,15.78508,17.446672,20.600761,17.20211,17.305471,10.767874,12.195509,11.385989,9.598278,14.6375065,17.44072,14.877276,12.851734,12.32939,11.799831,12.165435,12.895727,14.211937,17.111885,16.17343,13.741761,15.050453,13.509854,14.403999,14.876333,14.528741,19.102808,19.190151,15.641574,16.55221,17.320023,16.139498,15.312116,16.124859,17.029394,17.445923,16.459723,1.0759094,2.1166687,7.1264973,0.4643332,29.848059,36.021244,34.39863,15.554045,17.062504,12.986165,13.81252,15.808906,16.560574,22.08
4446146.924,658119.7026,19.25693,1.1618521,1.0260481,28.692253,31.044662,29.20694,25.99941,23.369678,39.140873,32.778564,38.802677,40.234085,43.090282,32.378918,36.4292,31.317348,33.953583,32.89612,2.314445,1.915264,6.582764,7.8119583,1382.7,201.93985,-0.08105469,1.0345916,-0.003417969,20,30,0.37712175,0.43378338,0.28284875,0.2925186,0.37869775,0.6833245,0.80203784,12.159338,13.573993,12.737474,15.451968,17.953705,21.32937,17.832546,15.79937,16.18687,16.18742,16.3372,15.58798,18.13641,19.923487,17.54785,17.317194,10.525362,11.377885,12.134794,10.263296,14.214705,16.831596,15.250659,12.75951,12.355327,11.713709,12.516927,12.593466,15.559161,16.845854,17.191366,13.880872,14.314837,14.04352,13.944539,14.993418,15.132044,19.031261,18.827686,15.567236,15.802332,18.076805,16.714777,15.633598,15.7203,16.557493,16.173513,16.442749,1.09395,2.1148546,7.197361,0.4643332,29.868458,35.959717,34.40406,15.862627,17.129602,12.942614,14.11083,15.755327,16.382689,22.08
4446146.924,658124.7026,20.62046,1.1535743,1.0858274,28.738674,31.041456,28.388203,25.525763,23.421196,38.77495,32.717857,39.741436,40.9929,45.66651,32.466705,36.65216,30.98503,33.65653,30.49509,2.314069,1.91744,6.698021,7.859454,1382.74,204.45035,0.040039062,1.038262,0.001098633,20,30,0.37712175,0.43378338,0.28284875,0.2925186,0.37869775,0.6833245,0.80203784,12.159338,13.573993,12.737474,15.451968,17.953705,21.32937,17.832546,15.79937,16.18687,16.18742,16.3372,15.58798,18.13641,19.923487,17.54785,17.317194,10.525362,11.377885,12.134794,10.263296,14.214705,16.831596,15.250659,12.75951,12.355327,11.713709,12.516927,12.593466,15.559161,16.845854,17.191366,13.880872,14.314837,14.04352,13.944539,14.993418,15.132044,19.031261,18.827686,15.567236,15.802332,18.076805,16.714777,15.633598,15.7203,16.557493,16.173513,16.442749,1.1197009,2.1157546,7.2787375,0.4643332,29.890064,35.746403,34.559433,15.862627,17.129602,12.942614,14.11083,15.755327,16.382689,22.08
4446146.924,658129.7026,20.48717,1.1369411,1.1534469,28.819752,31.237429,27.68884,24.967945,23.581835,38.22042,32.43829,40.872734,41.863144,48.611183,32.77175,36.97026,30.264324,33.427032,27.803568,2.3094037,1.9231591,6.8299685,7.9020553,1382.78,202.7615,0.16064453,0.96298826,0.006713867,20,30,0.37712175,0.43378338,0.28284875,0.2925186,0.37869775,0.6833245,0.80203784,11.935014,12.250443,13.17594,14.377457,16.05831,20.600424,19.130604,15.2478285,16.305721,16.18327,16.004324,15.760852,18.355047,19.891111,18.419573,17.409191,14.767586,15.176724,15.96608,14.685733,17.60467,19.498304,21.252617,16.629389,13.610418,13.747907,13.804871,14.051779,16.140808,17.619562,17.942135,15.062004,14.275116,14.027609,13.18664,14.995311,16.370693,16.74631,17.571651,14.939371,15.864077,17.352615,15.513922,15.2759,16.239265,15.949664,15.811887,15.972971,1.145194,2.1162815,7.3660116,0.4643332,30.028591,35.329353,34.871006,15.361171,17.274271,16.993101,15.273926,15.310475,16.001047,22.08
4446146.924,658134.7026,17.964777,1.1260213,1.2283704,29.082315,30.904081,26.809055,24.443073,23.700182,37.771645,32.850624,42.979366,42.67452,51.733852,32.944286,37.12359,29.139948,33.018303,25.166159,2.3025877,1.8835624,6.973989,7.954808,1382.79,201.15683,-0.359375,0.9523638,-0.016601562,20,30,0.37712175,0.43378338,0.28284875,0.2925186,0.37869775,0.6833245,0.80203784,11.935014,12.250443,13.17594,14.377457,16.05831,20.600424,19.130604,15.2478285,16.305721,16.18327,16.004324,15.760852,18.355047,19.891111,18.419573,17.409191,14.767586,15.176724,15.96608,14.685733,17.60467,19.498304,21.252617,16.629389,13.610418,13.747907,13.804871,14.051779,16.140808,17.619562,17.942135,15.062004,14.275116,14.027609,13.18664,14.995311,16.370693,16.74631,17.571651,14.939371,15.864077,17.352615,15.513922,15.2759,16.239265,15.949664,15.811887,15.972971,1.1771958,2.093075,7.4643984,0.4643332,29.993198,35.311134,35.033936,15.361171,17.274271,16.993101,15.273926,15.310475,16.001047,22.08
4446146.924,658139.7026,16.402124,1.1260779,1.3207241,29.11406,30.897837,25.964098,23.907124,23.933685,37.17683,32.782875,43.975555,43.35755,55.13902,33.350475,37.48438,28.838924,32.810703,22.069042,2.3112996,1.8864582,7.129777,8.006309,1382.84,201.93985,0.119140625,1.0345916,0.002197266,20,30,0.37712175,0.43378338,0.28284875,0.2925186,0.37869775,0.6833245,0.80203784,11.533321,13.357587,11.808403,14.368433,16.291168,20.22639,18.409555,14.981691,16.235132,16.552202,16.155704,15.912094,18.432375,19.125961,18.815647,17.347334,14.386955,16.802235,16.34325,15.482277,17.844446,18.751104,19.127478,16.733213,13.839914,14.044614,14.137387,14.436295,15.919872,17.289682,17.057596,15.099425,14.238783,14.225403,13.7178755,14.77305,16.224924,17.095781,17.692114,15.072446,15.72144,17.645971,16.388678,15.847837,14.709652,16.127562,16.796055,16.060766,1.2234011,2.0988789,7.5680428,0.4643332,30.005947,34.97985,35.417427,15.142121,17.318445,16.962536,15.24648,15.423989,16.176743,22.08
4446146.924,658144.7026,17.785477,1.1398444,1.3997711,29.137333,38.12708,25.131947,23.392591,24.169746,36.626766,32.790176,44.66234,43.913303,57.955513,33.78319,37.057507,28.772123,32.62867,20.226164,2.3218849,1.913606,7.292789,8.05623,1382.87,198.93716,0,1.0596718,0.002197266,20,30,0.38510153,0.4321237,0.27710888,0.28675696,0.37153873,0.698153,0.8065088,12.698136,14.624919,11.310274,14.4091215,15.832094,17.309229,18.56448,14.687995,16.368162,16.55611,16.02541,15.9171295,18.628866,19.851355,18.077667,17.459528,14.4046755,17.89408,16.721113,15.542641,18.556553,19.559662,19.079403,17.149998,13.436104,14.202413,14.338144,14.428736,16.110493,17.461624,16.770905,15.106687,13.78818,14.11266,13.612429,14.599304,16.024054,17.269583,16.462973,14.887607,16.001884,16.97012,16.241266,15.426331,14.980711,16.845264,16.474798,16.078074,1.2698078,2.1177454,7.674509,0.46532735,33.632206,34.708473,35.42035,14.964037,17.346386,17.394018,15.249773,15.124169,16.13434,22.08
4446146.924,658149.7026,18.204565,1.144652,1.3904854,29.12367,38.14369,25.034185,23.0172,23.76519,36.25608,32.6286,45.03018,44.25739,57.59334,34.237705,37.127083,28.550957,32.57311,20.992065,2.3178048,1.911251,7.371145,8.07344,1382.9,198.42859,0.000488281,0.9960642,0.004516602,20,30,0.38510153,0.4321237,0.27710888,0.28675696,0.37153873,0.698153,0.8065088,12.698136,14.624919,11.310274,14.4091215,15.832094,17.309229,18.56448,14.687995,16.368162,16.55611,16.02541,15.9171295,18.628866,19.851355,18.077667,17.459528,14.4046755,17.89408,16.721113,15.542641,18.556553,19.559662,19.079403,17.149998,13.436104,14.202413,14.338144,14.428736,16.110493,17.461624,16.770905,15.106687,13.78818,14.11266,13.612429,14.599304,16.024054,17.269583,16.462973,14.887607,16.001884,16.97012,16.241266,15.426331,14.980711,16.845264,16.474798,16.078074,1.2675687,2.114528,7.722292,0.46532735,33.63368,34.44234,35.682396,14.964037,17.346386,17.394018,15.249773,15.124169,16.13434,22.08
4446146.924,658154.7026,19.581223,1.1376605,1.3466954,29.309631,38.151134,25.11438,22.697409,23.24042,36.046005,32.481934,45.222717,44.48567,55.71824,34.573013,37.22484,28.418182,32.64683,23.71341,2.3076518,1.9033262,7.437004,8.0774975,1382.94,193.13586,0.43896484,0.88242334,0.02331543,20,30,0.38510153,0.4321237,0.27710888,0.28675696,0.37153873,0.698153,0.8065088,12.485107,16.088688,10.852264,15.442728,16.286499,19.533773,18.26639,15.477476,16.32898,16.529135,15.632332,15.87157,18.646551,19.988417,18.158764,17.378393,14.471608,17.60894,15.081286,15.457926,19.080137,19.678934,19.760792,16.956623,13.263181,14.156125,13.394887,13.83949,15.330016,17.9913,17.833912,14.886941,14.209192,14.239919,13.637286,15.313665,15.387896,17.804337,17.428707,15.100992,15.957601,17.20264,15.807993,15.389194,16.460083,16.462059,16.61489,16.201786,1.242178,2.105489,7.757251,0.46532735,33.730385,34.26397,35.898926,15.565064,17.307964,17.30566,15.11556,15.431571,16.270636,22.08
4446146.924,658159.7026,18.014034,1.1394737,1.3190846,29.101736,37.82902,25.21006,22.397146,22.921108,35.8071,32.625065,44.87245,44.277695,54.20342,35.072063,37.286537,28.716293,32.994286,25.69714,2.2998273,1.9066657,7.5130405,8.063461,1382.93,188.9802,-0.1586914,0.82663876,-0.003295898,20,30,0.38510153,0.4321237,0.27710888,0.28675696,0.37153873,0.698153,0.8065088,12.701435,16.755991,10.911891,15.428462,16.964329,19.599924,16.196812,15.39639,16.241177,16.572058,15.3083515,15.903414,18.538128,19.631975,18.456558,17.29188,14.415593,16.236385,15.493426,14.929857,18.37747,20.356852,20.024767,16.795822,13.026476,13.825676,13.306813,13.4437685,16.237623,18.069397,18.259434,14.91731,13.423376,14.936841,13.340281,13.825579,16.456459,17.62253,17.647701,14.941879,15.918307,16.75169,16.421637,15.507956,14.894751,15.786972,16.394985,15.883018,1.2292792,2.1032465,7.788251,0.46532735,33.465378,34.21608,36.1793,15.508406,17.23595,17.119192,15.167027,15.321823,15.953757,22.08
4446146.924,658164.7026,22.34106,1.1251825,1.3000492,28.889454,37.90315,25.21993,22.244198,22.66603,35.86599,32.642754,44.395805,43.873817,52.852234,35.304375,37.25614,29.24878,32.944614,27.305933,2.2799828,1.8830539,7.5912304,8.054294,1382.95,188.72797,0.119140625,0.75355643,0.005493164,20,30,0.38510153,0.4321237,0.27710888,0.28675696,0.37153873,0.698153,0.8065088,12.701435,16.755991,10.911891,15.428462,16.964329,19.599924,16.196812,15.39639,16.241177,16.572058,15.3083515,15.903414,18.538128,19.631975,18.456558,17.29188,14.415593,16.236385,15.493426,14.929857,18.37747,20.356852,20.024767,16.795822,13.026476,13.825676,13.306813,13.4437685,16.237623,18.069397,18.259434,14.91731,13.423376,14.936841,13.340281,13.825579,16.456459,17.62253,17.647701,14.941879,15.918307,16.75169,16.421637,15.507956,14.894751,15.786972,16.394985,15.883018,1.2126158,2.0815184,7.822762,0.46532735,33.3963,34.25437,36.28026,15.508406,17.23595,17.119192,15.167027,15.321823,15.953757,22.08
4446146.924,658169.7026,33.091324,1.1314622,1.3069555,28.8134,37.903404,25.201906,22.042223,22.372366,35.627968,32.524853,44.26892,43.850044,52.071854,35.8265,37.427647,29.352362,33.020096,28.066212,2.266648,1.8736035,7.6596246,8.055807,1382.95,181.27441,-0.040527344,0.64463985,0,20,30,0.38510153,0.4321237,0.27710888,0.28675696,0.37153873,0.698153,0.8065088,12.190573,14.815498,10.979471,13.155708,16.680311,19.161089,17.8393,14.799339,16.316914,16.85458,15.3299465,15.650427,18.684217,20.247261,17.651312,17.388493,14.792122,17.851992,16.144972,14.65777,19.998411,20.31037,20.023167,17.50676,13.329272,13.571939,13.944466,13.622335,16.134136,16.948154,17.587442,14.876715,13.327039,14.552399,13.346167,13.613718,16.327198,15.907116,16.871788,14.616291,16.025248,17.786457,15.550845,15.867686,15.8405695,15.480048,14.748403,16.119328,1.2192088,2.0701258,7.8577156,0.46532735,33.358402,34.07641,36.627075,14.974565,17.247808,17.682688,15.019676,14.849347,15.899895,22.08
4446146.924,658174.7026,33.450275,1.1275872,1.3071948,28.344196,37.84112,25.226149,21.907892,22.167023,35.567772,32.641205,44.004215,43.451813,50.90992,36.20636,37.411285,29.473263,33.30225,29.48771,2.2498128,1.8571702,7.717423,8.044872,1382.95,175.59581,-0.000488281,0.5601161,0.001098633,20,30,0.3864108,0.43752354,0.2738685,0.2795737,0.35639465,0.6707263,0.86818755,12.377719,14.026387,10.200602,12.809367,16.488235,19.287638,17.82558,14.472973,16.454126,17.070831,15.23749,15.865198,18.833042,19.637264,17.711174,17.356293,14.5096035,16.272785,16.162746,14.988632,19.929573,19.722921,21.328611,17.271852,14.259384,13.432825,13.981009,14.435687,16.617624,16.721468,17.11164,15.099252,14.954663,14.419696,13.371416,14.42734,16.265701,15.646568,16.763794,14.947143,15.952965,16.831469,16.299265,16.260067,14.584391,15.569507,15.02167,15.934236,1.217391,2.0534916,7.8811474,0.46752644,33.09266,34.10449,36.808823,14.716505,17.258446,17.559269,15.222806,15.12131,15.788475,22.08
4446146.924,658179.7026,29.641136,1.1258765,1.3131478,28.293995,37.842915,25.319672,21.932505,22.082981,35.52925,32.674137,44.00935,43.269604,49.904972,36.37882,37.280853,29.373163,33.417423,30.140455,2.2373903,1.851126,7.7119646,8.022963,1382.95,158.50635,0.19921875,0.50774986,0.013305664,20,30,0.3864108,0.43752354,0.2738685,0.2795737,0.35639465,0.6707263,0.86818755,12.377719,14.026387,10.200602,12.809367,16.488235,19.287638,17.82558,14.472973,16.454126,17.070831,15.23749,15.865198,18.833042,19.637264,17.711174,17.356293,14.5096035,16.272785,16.162746,14.988632,19.929573,19.722921,21.328611,17.271852,14.259384,13.432825,13.981009,14.435687,16.617624,16.721468,17.11164,15.099252,14.954663,14.419696,13.371416,14.42734,16.265701,15.646568,16.763794,14.947143,15.952965,16.831469,16.299265,16.260067,14.584391,15.569507,15.02167,15.934236,1.2195122,2.044258,7.8674636,0.46752644,33.068455,34.101692,36.829834,14.716505,17.258446,17.559269,15.222806,15.12131,15.788475,22.08
4446146.924,658184.7026,23.017948,1.1198884,1.3157552,28.256588,37.8463,25.499298,22.071638,22.100647,35.603714,32.805367,44.118843,43.034515,48.7319,36.35911,36.96898,29.127808,33.5261,30.803875,2.2265987,1.8484893,7.662638,7.9893203,1382.92,137.12398,0.08105469,0.5470937,0.006713867,20,30,0.3864108,0.43752354,0.2738685,0.2795737,0.35639465,0.6707263,0.86818755,11.746905,12.97626,10.294148,14.11324,17.22309,20.444918,17.923092,14.818184,16.1879,16.291126,15.452047,15.580668,18.720312,19.947512,17.572655,17.177244,15.821251,16.783232,16.143335,14.513681,18.439892,19.96878,19.427692,17.103615,13.988981,13.199211,13.750032,14.34538,15.938723,16.990519,17.13461,14.941555,14.922522,14.553515,13.603427,14.039343,16.482279,15.619016,15.220373,14.789691,16.29686,16.739414,16.467794,14.909607,14.649551,15.783412,16.641697,15.885992,1.2178218,2.037544,7.825979,0.46752644,33.051445,34.20454,36.664047,14.960236,17.10746,17.299694,15.049637,14.920068,15.926904,22.08
4446146.924,658189.7026,26.27853,1.0871716,1.289997,27.577995,37.58386,25.495815,22.255932,22.250748,35.67675,33.365097,44.381863,42.722507,47.63056,36.55639,36.50706,29.309618,33.09498,31.155897,2.2071362,1.8252162,7.6024284,7.935924,1382.88,125.53012,0.040039062,0.61618626,0.004394531,20,30,0.3864108,0.43752354,0.2738685,0.2795737,0.35639465,0.6707263,0.86818755,12.398184,14.239405,12.035259,15.906984,15.9106655,19.298227,18.30051,15.331915,15.719968,16.980968,15.617243,15.419058,18.277994,19.329931,17.464666,17.03708,16.467682,16.870174,16.26892,15.701529,17.5755,19.260351,19.121983,17.119947,14.80927,13.190587,14.133928,14.822914,15.284202,17.311403,17.2147,15.1202965,15.204389,14.478976,13.387962,14.626027,16.45046,15.653506,15.730597,14.91172,17.129951,17.865282,14.89048,15.6621475,14.828959,15.1598215,16.191965,15.982307,1.1885843,2.0161762,7.7691765,0.46752644,32.580925,34.520924,36.531723,15.441319,16.972834,17.323734,15.252428,15.075988,15.961228,22.08
4446146.924,658194.7026,26.779919,1.0829692,1.2904301,27.494251,38.182053,25.605997,22.396877,22.3166,35.693493,33.669083,44.961456,42.414917,46.778587,36.567924,35.85649,29.104822,33.048897,31.316486,2.1984324,1.8404325,7.5275836,7.9022365,1382.83,122.28257,-0.041015625,0.6436048,-0.001220703,20,30,0.3864108,0.43752354,0.2738685,0.2795737,0.35639465,0.6707263,0.86818755,12.398184,14.239405,12.035259,15.906984,15.9106655,19.298227,18.30051,15.331915,15.719968,16.980968,15.617243,15.419058,18.277994,19.329931,17.464666,17.03708,16.467682,16.870174,16.26892,15.701529,17.5755,19.260351,19.121983,17.119947,14.80927,13.190587,14.133928,14.822914,15.284202,17.311403,17.2147,15.1202965,15.204389,14.478976,13.387962,14.626027,16.45046,15.653506,15.730597,14.91172,17.129951,17.865282,14.89048,15.6621475,14.828959,15.1598215,16.191965,15.982307,1.1866996,2.0194325,7.71491,0.46752644,32.83815,34.68129,36.212208,15.441319,16.972834,17.323734,15.252428,15.075988,15.961228,22.08
4446146.924,658199.7026,29.626783,1.1026205,1.2874155,27.683035,38.072742,25.854914,22.5259,22.47681,35.414776,33.46617,45.627144,42.155563,45.943996,36.790367,35.804703,28.517096,33.028366,31.432142,2.1887305,1.8368973,7.4388275,7.86983,1382.79,120.53994,0.16064453,0.64860916,0.0078125,20,30,0.3864108,0.43752354,0.2738685,0.2795737,0.35639465,0.6707263,0.86818755,11.395524,14.332588,11.872297,15.425102,15.829931,18.799309,16.98404,14.865712,15.876378,16.803558,15.542725,15.237106,18.51915,20.071589,17.867481,17.238972,16.093857,17.886847,16.690155,14.523892,17.743511,20.144215,19.391521,17.283794,14.79011,14.546,14.262108,13.689412,15.974161,17.678095,17.070274,15.250755,15.525274,13.975357,14.22697,13.532184,15.941885,15.785149,16.27691,14.812323,16.444765,17.73464,15.596205,15.452649,15.779058,15.344619,15.002195,15.958842,1.195018,2.0128138,7.654329,0.46752644,32.877888,34.440475,36.297535,14.9484,17.13114,17.496286,15.430022,15.037675,15.907735,22.08
4446146.924,658204.7026,25.321465,1.0944915,1.2807946,27.588934,38.064518,26.341133,22.925007,22.699276,35.53208,33.695663,45.320286,41.842167,45.10714,36.838467,35.487988,28.604,33.10485,31.74713,2.1716185,1.8372887,7.318478,7.8182073,1382.73,117.75172,-0.12011719,0.61543715,-0.005615234,20,30,0.3869539,0.44069475,0.27091718,0.2536575,0.3286892,0.6849433,0.7957214,11.665987,14.403358,12.093992,14.442904,15.2812805,19.657331,17.383549,14.9445305,15.932849,16.224268,15.162989,14.687454,16.794403,19.869278,16.603607,16.652637,11.384251,12.994659,11.309508,9.217952,14.812928,17.02653,14.586838,12.991355,12.770998,11.778056,12.418314,12.909264,15.439083,17.616013,16.323315,14.013067,16.432163,14.221395,14.103819,13.694956,15.263462,15.642528,15.025096,14.806513,16.809109,17.156769,16.24797,16.113604,16.257612,15.486627,15.363405,16.316954,1.187643,2.0044537,7.5683427,0.4516539,32.826725,34.613873,36.163227,14.989772,16.467836,13.0475235,14.179293,14.911916,16.205013,22.08
4446146.924,658209.7026,27.18065,1.062014,1.2316984,27.363726,30.920095,27.025599,23.914059,22.991543,36.00418,34.350826,44.79449,41.278126,44.09042,36.66666,35.548504,28.889511,33.40978,32.421837,2.1501765,1.8191053,7.1552024,7.746231,1382.69,118.49828,-0.000976563,0.57020235,0.001098633,20,30,0.3869539,0.44069475,0.27091718,0.2536575,0.3286892,0.6849433,0.7957214,11.665987,14.403358,12.093992,14.442904,15.2812805,19.657331,17.383549,14.9445305,15.932849,16.224268,15.162989,14.687454,16.794403,19.869278,16.603607,16.652637,11.384251,12.994659,11.309508,9.217952,14.812928,17.02653,14.586838,12.991355,12.770998,11.778056,12.418314,12.909264,15.439083,17.616013,16.323315,14.013067,16.432163,14.221395,14.103819,13.694956,15.263462,15.642528,15.025096,14.806513,16.809109,17.156769,16.24797,16.113604,16.257612,15.486627,15.363405,16.316954,1.1468562,1.9846408,7.450717,0.4516539,29.14191,35.177505,36.107582,14.989772,16.467836,13.0475235,14.179293,14.911916,16.205013,22.08
4446141.924,658074.7026,14.399365,1.2978474,0.78308666,28.054722,31.40617,36.96899,27.900293,23.694101,35.352318,31.74467,33.177193,33.50478,36.179836,38.051662,36.604195,30.96967,38.386406,39.85095,2.4986682,1.9582139,6.22784,7.4773674,1382.59,152.73553,-0.000488281,0.53168285,-0.001098633,20,30,0.36967543,0.44068784,0.28382248,0.2606274,0.32462433,0.6673137,0.8615573,13.945213,15.474676,12.425532,16.272848,20.852844,22.150412,19.378586,17.037958,15.864843,16.179762,15.972414,15.929823,18.594803,21.065481,17.746925,17.502932,12.174871,13.86371,11.8470335,9.759525,15.129066,16.779516,15.533038,13.436766,12.845573,12.518037,12.193624,12.586002,15.011233,16.580257,16.367306,13.81748,13.459857,14.355762,13.697522,14.519656,17.456886,19.24037,18.516842,15.7296,15.212332,18.067749,15.679152,15.938644,16.101072,15.720692,16.176746,16.122229,1.040467,2.228441,6.852604,0.45832977,29.730446,33.548492,37.327927,17.214302,17.336294,13.583823,14.014577,15.892415,16.128056,22.08
4446141.924,658079.7026,14.093184,1.2812319,0.78482544,28.069933,31.401676,37.49118,27.809776,23.762854,35.941853,31.847769,33.764107,34.18115,37.03725,37.479305,36.55437,30.10864,37.884155,38.871464,2.4641342,1.954892,6.1770873,7.461397,1382.57,160.65102,-0.000976563,0.56150186,-0.003417969,20,30,0.36967543,0.44068784,0.28382248,0.2606274,0.32462433,0.6673137,0.8615573,13.945213,15.474676,12.425532,16.272848,20.852844,22.150412,19.378586,17.037958,15.864843,16.179762,15.972414,15.929823,18.594803,21.065481,17.746925,17.502932,12.174871,13.86371,11.8470335,9.759525,15.129066,16.779516,15.533038,13.436766,12.845573,12.518037,12.193624,12.586002,15.011233,16.580257,16.367306,13.81748,13.459857,14.355762,13.697522,14.519656,17.456886,19.24037,18.516842,15.7296,15.212332,18.067749,15.679152,15.938644,16.101072,15.720692,16.176746,16.122229,1.0330286,2.2095132,6.8192425,0.45832977,29.735806,33.89481,37.016838,17.214302,17.336294,13.583823,14.014577,15.892415,16.128056,22.08
4446141.924,658084.7026,15.941587,1.2646668,0.78747404,28.087364,31.39698,37.757935,27.719105,23.824306,36.52533,31.962204,34.337856,34.822483,37.743534,36.8905,36.49298,29.418201,37.412334,38.05023,2.4319208,1.951726,6.1404276,7.4537416,1382.55,168.13176,-0.19921875,0.5560107,-0.010009766,20,30,0.3659266,0.4378043,0.28419557,0.27584568,0.36606267,0.6915101,0.7891391,12.859566,13.462427,12.546758,15.027475,19.353659,19.388159,17.361027,15.573255,15.592201,16.09119,15.774488,15.475357,17.575329,20.083076,16.937136,16.971914,12.234763,12.286563,11.694414,10.467599,14.142965,15.972552,15.321733,12.95227,12.14721,11.387929,11.788414,12.580701,14.793903,16.86123,15.102011,13.445407,13.636396,14.142067,12.821157,14.365042,16.564972,18.102213,17.609493,15.08998,15.191225,16.901693,15.148494,14.79346,15.817507,16.118414,15.204547,15.616262,1.0260704,2.1918235,6.797085,0.45864055,29.742172,34.243767,36.691742,15.714152,16.789824,13.160083,13.523057,15.32019,15.596477,22.08
4446141.924,658089.7026,18.085173,1.2494406,0.7968306,28.106758,31.460081,36.915478,27.541227,23.720629,37.136658,32.2901,34.889915,35.719017,38.324146,36.027756,36.261486,29.602192,36.79904,37.496696,2.402278,1.9511236,6.1547527,7.4822054,1382.55,170.2999,0.040527344,0.5956506,0,20,30,0.3659266,0.4378043,0.28419557,0.27584568,0.36606267,0.6915101,0.7891391,12.957362,14.902323,13.035129,15.134619,20.28756,19.614777,18.992329,16.153528,15.218332,16.415806,15.41342,15.565822,17.378368,19.661667,17.019505,16.834753,11.786695,11.57398,11.600406,10.898787,14.6493845,15.93925,15.538874,12.914404,12.339926,12.159389,12.546897,12.8957615,16.223585,16.55297,15.512217,13.918394,14.501538,13.399219,13.23024,14.013585,16.549076,17.105494,18.060825,14.929804,16.261799,16.428799,14.699831,14.937288,15.814022,16.171246,15.583809,15.701108,1.0231355,2.1767008,6.818479,0.45864055,29.78342,34.71338,36.144623,16.417728,16.667559,13.141053,14.032964,15.26571,15.699542,22.08
4446141.924,658094.7026,18.364515,1.2319545,0.8078111,28.1642,31.457174,35.59466,27.353313,23.682983,37.675816,32.4042,35.35188,36.669037,38.74622,35.133026,36.17212,30.046907,36.159668,37.143814,2.3780873,1.9498608,6.193608,7.5258102,1382.54,175.23154,0.000488281,0.68987596,-0.004394531,20,30,0.3659266,0.4378043,0.28419557,0.27584568,0.36606267,0.6915101,0.7891391,12.957362,14.902323,13.035129,15.134619,20.28756,19.614777,18.992329,16.153528,15.218332,16.415806,15.41342,15.565822,17.378368,19.661667,17.019505,16.834753,11.786695,11.57398,11.600406,10.898787,14.6493845,15.93925,15.538874,12.914404,12.339926,12.159389,12.546897,12.8957615,16.223585,16.55297,15.512217,13.918394,14.501538,13.399219,13.23024,14.013585,16.549076,17.105494,18.060825,14.929804,16.261799,16.428799,14.699831,14.937288,15.814022,16.171246,15.583809,15.701108,1.0198828,2.163974,6.859709,0.45864055,29.810688,35.04001,35.652573,16.417728,16.667559,13.141053,14.032964,15.26571,15.699542,22.08
4446141.924,658099.7026,17.54834,1.1972135,0.8195204,28.212946,30.930876,34.22148,27.231834,23.411976,38.128628,32.224728,35.99258,37.583046,39.2075,34.43655,36.562336,30.502008,35.447968,36.668335,2.3406854,1.8963239,6.238441,7.5758333,1382.53,183.1249,-0.27978516,0.7890103,-0.013305664,20,30,0.3659266,0.4378043,0.28419557,0.27584568,0.36606267,0.6915101,0.7891391,11.992536,14.782209,13.1425495,15.042287,19.33975,21.356499,18.67106,16.148392,15.789098,16.096142,15.292127,15.478819,17.037928,18.700487,17.052898,16.61713,11.437777,11.296212,12.147107,10.207828,13.965559,15.749538,15.147818,12.676014,11.595499,11.26693,11.361979,12.820862,16.601002,16.118431,15.8400755,13.460248,14.062291,12.912363,13.45412,14.218714,16.53415,17.615852,18.19018,14.968228,17.233194,17.106104,14.96525,14.68252,15.920473,16.003132,15.693227,15.977048,1.008367,2.1185045,6.907137,0.45864055,29.57191,35.176678,35.499443,16.332413,16.492498,12.850263,13.6578245,15.283953,15.943415,22.08
4446141.924,658104.7026,16.760159,1.1873907,0.82266057,28.249422,30.925343,32.875954,27.198383,23.37238,38.61745,32.37969,36.507435,38.32623,39.526886,33.770508,36.493973,30.906425,34.86233,36.383766,2.320771,1.8951148,6.280864,7.61979,1382.55,191.29648,0.041015625,0.87649006,-0.003295898,20,30,0.3659266,0.4378043,0.28419557,0.27584568,0.36606267,0.6915101,0.7891391,11.68968,14.389769,11.921015,15.204701,19.956465,20.019304,17.969353,15.6292305,15.620783,15.782123,15.214569,15.638377,17.582447,19.695093,16.439384,16.783861,11.229795,10.675131,11.370348,10.596274,14.281027,17.158316,15.312424,12.746378,11.989317,10.722887,11.562785,12.769883,15.109361,16.413462,15.781543,13.320852,14.473284,13.147467,14.017733,14.019168,16.173124,17.852821,17.481579,15.122665,17.30332,17.461258,14.838895,15.963789,15.612663,15.18986,15.614019,15.974339,1.0050256,2.1079428,6.950327,0.45864055,29.587383,35.49857,35.13224,15.878612,16.56754,12.946189,13.478462,15.309311,15.997686,22.08
4446141.924,658109.7026,16.800077,1.1683767,0.8282244,28.588074,31.05093,31.525978,27.23354,23.326948,39.007668,32.786144,37.311356,39.17234,40.160416,33.241886,36.24523,31.175009,34.013073,35.659473,2.2977808,1.9104376,6.3201184,7.6625333,1382.57,195.09157,-0.000976563,0.9347489,0.001098633,20,30,0.3659266,0.4378043,0.28419557,0.27584568,0.36606267,0.6915101,0.7891391,12.922976,15.846361,12.920046,16.223341,20.82945,20.662607,18.498423,16.63998,15.967234,16.235022,15.562561,16.028555,18.084183,20.146242,17.00266,17.228249,11.238123,10.689769,11.378675,10.606622,14.2968,17.166937,15.32706,12.757459,12.73708,11.004332,12.10664,12.94121,15.055135,16.69747,16.004318,13.629212,14.895685,13.704134,14.500897,14.668988,16.70166,18.374441,18.044088,15.662348,17.733406,17.887339,15.373294,16.426805,16.039265,15.633495,16.105808,16.428164,0.99830055,2.1041093,6.991326,0.45864055,29.819502,35.896904,34.74356,16.843315,17.00378,12.957711,13.792312,15.8414135,16.45706,22.08
4446141.924,658114.7026,18.04635,1.1587223,0.8411617,28.621374,31.046007,30.34991,27.163952,23.312702,39.23936,32.907143,37.959717,39.872433,41.090073,32.889458,36.25086,31.32729,33.489716,34.817005,2.2842262,1.9105092,6.3805275,7.7056885,1382.59,196.29863,-0.040527344,0.9699841,-0.002197266,20,30,0.37712175,0.43378338,0.28284875,0.2925186,0.37869775,0.6833245,0.80203784,13.955731,15.121519,12.901926,15.3457155,17.839592,22.865618,18.408215,16.671267,15.932302,17.024883,15.373421,15.78508,17.446672,20.582047,17.185865,17.288128,10.831615,12.2433195,11.455287,9.660792,14.708276,17.494291,14.923892,12.91035,12.323085,11.795819,12.164502,12.892118,14.203577,17.108706,16.16695,13.73669,15.042923,13.502324,14.388939,14.876333,14.528741,19.102808,19.190151,15.6368685,16.55221,17.320023,16.139498,15.312116,16.124859,17.029394,17.445923,16.459723,0.999942,2.0973678,7.043108,0.4643332,29.83369,36.07325,34.57016,16.634047,17.047182,13.045354,13.807822,15.804603,16.560574,22.08
4446141.924,658119.7026,17.622536,1.1500582,0.88737464,28.671247,31.043123,29.376366,26.75795,23.32395,39.11407,32.89693,38.835632,40.577335,42.9533,32.718254,36.37384,31.143019,33.19011,33.115654,2.2805197,1.9123487,6.479034,7.7567883,1382.62,200.46446,0.040039062,1.0241234,0,20,30,0.37712175,0.43378338,0.28284875,0.2925186,0.37869775,0.6833245,0.80203784,13.955731,15.121519,12.901926,15.3457155,17.839592,22.865618,18.408215,16.671267,15.932302,17.024883,15.373421,15.78508,17.446672,20.582047,17.185865,17.288128,10.831615,12.2433195,11.455287,9.660792,14.708276,17.494291,14.923892,12.91035,12.323085,11.795819,12.164502,12.892118,14.203577,17.108706,16.16695,13.73669,15.042923,13.502324,14.388939,14.876333,14.528741,19.102808,19.190151,15.6368685,16.55221,17.320023,16.139498,15.312116,16.124859,17.029394,17.445923,16.459723,1.0187163,2.096434,7.1179113,0.4643332,29.857185,36.0055,34.546047,16.634047,17.047182,13.045354,13.807822,15.804603,16.560574,22.08
4446141.924,658124.7026,21.852482,1.14235,0.9620781,28.733068,31.041647,28.567669,26.085926,23.36055,38.692684,32.783054,39.893787,41.300446,45.62513,32.713177,36.59888,30.690248,33.054306,30.665075,2.2847877,1.9155717,6.6096077,7.814178,1382.65,205.19568,-0.119140625,1.0764002,-0.005493164,20,30,0.37712175,0.43378338,0.28284875,0.2925186,0.37869775,0.6833245,0.80203784,12.159338,13.573993,12.737474,15.451968,17.953705,21.32937,17.832546,15.79937,16.18687,16.18742,16.3372,15.58798,18.13641,19.923487,17.54785,17.317194,10.525362,11.377885,12.134794,10.263296,14.214705,16.831596,15.250659,12.75951,12.355327,11.713709,12.516927,12.593466,15.559161,16.845854,17.191366,13.880872,14.314837,14.04352,13.944539,14.993418,15.132044,19.031261,18.827686,15.567236,15.802332,18.076805,16.714777,15.633598,15.7203,16.557493,16.173513,16.442749,1.052214,2.1001797,7.211893,0.4643332,29.887358,35.73787,34.65603,15.862627,17.129602,12.942614,14.11083,15.755327,16.382689,22.08
4446141.924,658129.7026,21.068596,1.118686,1.045685,29.051176,30.911104,27.78532,25.388016,23.446327,38.22374,32.950577,42.137657,42.208363,48.55072,32.75283,36.740437,29.190996,32.846775,28.144276,2.2708015,1.8788974,6.751739,7.871083,1382.7,205.49675,0.07910156,1.031637,0.00769043,20,30,0.37712175,0.43378338,0.28284875,0.2925186,0.37869775,0.6833245,0.80203784,12.092994,12.469721,13.407491,14.321355,16.251266,21.028666,19.359268,15.448267,16.29393,16.355518,15.967056,15.426547,17.28459,19.389036,17.432085,17.09279,10.161931,10.553517,11.293165,10.062523,14.951623,16.39013,15.142322,12.481012,11.987984,11.20566,11.605432,12.772146,14.623555,16.744408,16.788116,13.477327,14.275116,14.027609,13.18664,14.995311,15.660537,16.068777,16.758615,14.673062,15.864077,17.352615,15.513922,15.2759,16.239265,15.949664,15.811887,15.972971,1.0821855,2.0748496,7.311411,0.4643332,29.98114,35.58716,34.746635,15.561537,16.878395,12.6507435,13.675328,14.996086,16.001047,22.08
4446141.924,658134.7026,20.191687,1.1188409,1.1261812,29.09889,30.907907,27.021055,24.72531,23.532543,37.65675,32.839176,43.248306,42.87728,51.425045,33.00471,37.028545,28.720943,32.718895,25.69631,2.28102,1.8826958,6.901206,7.9261775,1382.74,201.7974,0.27978516,0.92568576,0.012207031,20,30,0.37712175,0.43378338,0.28284875,0.2925186,0.37869775,0.6833245,0.80203784,12.092994,12.469721,13.407491,14.321355,16.251266,21.028666,19.359268,15.448267,16.29393,16.355518,15.967056,15.426547,17.28459,19.389036,17.432085,17.09279,10.161931,10.553517,11.293165,10.062523,14.951623,16.39013,15.142322,12.481012,11.987984,11.20566,11.605432,12.772146,14.623555,16.744408,16.788116,13.477327,14.275116,14.027609,13.18664,14.995311,15.660537,16.068777,16.758615,14.673062,15.864077,17.352615,15.513922,15.2759,16.239265,15.949664,15.811887,15.972971,1.1225111,2.081858,7.4136915,0.4643332,30.003399,35.247963,35.01663,15.561537,16.878395,12.6507435,13.675328,14.996086,16.001047,22.08
4446141.924,658139.7026,17.693928,1.119831,1.2053126,29.135174,30.90399,26.28167,24.12688,23.62362,37.10355,32.742146,44.26954,43.532677,54.16312,33.328377,37.327503,28.32538,32.56497,23.350998,2.2895691,1.88561,7.0486703,7.978472,1382.75,200.13083,-0.19970703,0.9154276,-0.0078125,20,30,0.37712175,0.43378338,0.28284875,0.2925186,0.37869775,0.6833245,0.80203784,11.691301,13.709524,12.039955,14.312335,16.484127,20.654634,18.563227,15.190884,15.969295,16.470404,16.117664,15.5770235,17.36192,18.411537,17.828907,16.911488,10.140157,12.628702,11.534546,9.834591,15.1914,15.563956,15.487251,12.675145,12.217479,11.502372,11.937948,13.156664,14.40262,16.414526,16.484669,13.514748,14.238783,14.225403,13.7178755,14.77305,15.514769,16.418253,16.879076,14.806135,15.72144,17.645971,16.388678,15.847837,14.709652,16.127562,16.796055,16.060766,1.1625718,2.0875895,7.5135713,0.4643332,30.01958,34.922848,35.32794,15.350729,16.819536,12.911514,13.730896,15.109601,16.176743,22.08
4446141.924,658144.7026,20.000717,1.1391467,1.2603133,29.15483,38.15886,25.703642,23.599865,23.548592,36.64451,32.705433,44.82463,44.006447,55.771572,33.687016,36.655544,28.208302,32.4566,22.681076,2.2966359,1.9128207,7.1872573,8.021814,1382.78,196.87016,-0.079589844,0.9880305,-0.004394531,20,30,0.38510153,0.4321237,0.27710888,0.28675696,0.37153873,0.698153,0.8065088,12.698136,14.624919,11.310274,14.4091215,15.832094,17.309229,18.56448,14.687995,16.368162,16.55611,16.02541,15.9171295,18.628866,19.851355,18.077667,17.459528,14.4046755,17.89408,16.721113,15.542641,18.556553,19.559662,19.079403,17.149998,13.436104,14.202413,14.338144,14.428736,16.110493,17.461624,16.770905,15.106687,13.78818,14.11266,13.612429,14.599304,16.024054,17.269583,16.462973,14.887607,16.001884,16.97012,16.241266,15.426331,14.980711,16.845264,16.474798,16.078074,1.1997299,2.1047282,7.604536,0.46532735,33.656845,34.674973,35.17128,14.964037,17.346386,17.394018,15.249773,15.124169,16.13434,22.08
4446141.924,658149.7026,19.028227,1.1447377,1.2870964,29.149588,38.171432,25.379885,23.167711,23.33848,36.249798,32.564075,45.297615,44.40099,56.287792,34.115734,36.795067,28.043705,32.390675,22.545645,2.2958243,1.9119114,7.2911143,8.050399,1382.81,195.62842,0.041015625,1.1155789,0.00012207,20,30,0.38510153,0.4321237,0.27710888,0.28675696,0.37153873,0.698153,0.8065088,12.698136,14.624919,11.310274,14.4091215,15.832094,17.309229,18.56448,14.687995,16.368162,16.55611,16.02541,15.9171295,18.628866,19.851355,18.077667,17.459528,14.4046755,17.89408,16.721113,15.542641,18.556553,19.559662,19.079403,17.149998,13.436104,14.202413,14.338144,14.428736,16.110493,17.461624,16.770905,15.106687,13.78818,14.11266,13.612429,14.599304,16.024054,17.269583,16.462973,14.887607,16.001884,16.97012,16.241266,15.426331,14.980711,16.845264,16.474798,16.078074,1.2159171,2.1038678,7.6707563,0.46532735,33.66051,34.406937,35.4554,14.964037,17.346386,17.394018,15.249773,15.124169,16.13434,22.08
4446141.924,658154.7026,26.178333,1.1381125,1.2885313,29.346138,38.174843,25.221369,22.800274,23.009096,36.02744,32.435177,45.549244,44.661278,55.381477,34.434948,36.963882,28.026716,32.474842,24.223936,2.287453,1.90494,7.384562,8.064591,1382.84,192.98938,0.079589844,1.1464974,0.008911133,20,30,0.38510153,0.4321237,0.27710888,0.28675696,0.37153873,0.698153,0.8065088,12.485107,16.088688,10.852264,15.442728,16.286499,19.533773,18.26639,15.477476,16.32898,16.529135,15.632332,15.87157,18.646551,19.988417,18.158764,17.378393,14.471608,17.60894,15.081286,15.457926,19.080137,19.678934,19.760792,16.956623,13.263181,14.156125,13.394887,13.83949,15.330016,17.9913,17.833912,14.886941,14.209192,14.239919,13.637286,15.313665,15.387896,17.804337,17.428707,15.100992,15.957601,17.20264,15.807993,15.389194,16.460083,16.462059,16.61489,16.201786,1.2133219,2.0961964,7.724577,0.46532735,33.76049,34.231308,35.699417,15.565064,17.307964,17.30566,15.11556,15.431571,16.270636,22.08
4446141.924,658159.7026,16.909475,1.1421707,1.2904003,29.140709,37.85178,25.16445,22.468843,22.77664,35.794632,32.574463,45.182983,44.44016,54.266487,34.940968,37.061,28.442652,32.850334,25.801085,2.2794733,1.908081,7.480236,8.058714,1382.86,192.88803,0.119628906,1.0284063,0.005493164,20,30,0.38510153,0.4321237,0.27710888,0.28675696,0.37153873,0.698153,0.8065088,12.701435,16.755991,10.911891,15.428462,16.964329,19.599924,16.196812,15.39639,16.241177,16.572058,15.3083515,15.903414,18.538128,19.631975,18.456558,17.29188,14.415593,16.236385,15.493426,14.929857,18.37747,20.356852,20.024767,16.795822,13.026476,13.825676,13.306813,13.4437685,16.237623,18.069397,18.259434,14.91731,13.423376,14.936841,13.340281,13.825579,16.456459,17.62253,17.647701,14.941879,15.918307,16.75169,16.421637,15.507956,14.894751,15.786972,16.394985,15.883018,1.2162855,2.0937772,7.769475,0.46532735,33.496246,34.184547,36.000984,15.508406,17.23595,17.119192,15.167027,15.321823,15.953757,22.08
4446141.924,658164.7026,22.12116,1.1326884,1.2951368,28.931396,37.924915,25.05608,22.234234,22.550144,35.793118,32.559387,44.66339,44.042957,53.177567,35.264668,37.11152,29.084518,32.844707,27.197414,2.259629,1.8842288,7.5811687,8.056702,1382.88,194.92706,0.040039062,0.88916314,0.0078125,20,30,0.38510153,0.4321237,0.27710888,0.28675696,0.37153873,0.698153,0.8065088,12.701435,16.755991,10.911891,15.428462,16.964329,19.599924,16.196812,15.39639,16.241177,16.572058,15.3083515,15.903414,18.538128,19.631975,18.456558,17.29188,14.415593,16.236385,15.493426,14.929857,18.37747,20.356852,20.024767,16.795822,13.026476,13.825676,13.306813,13.4437685,16.237623,18.069397,18.259434,14.91731,13.423376,14.936841,13.340281,13.825579,16.456459,17.62253,17.647701,14.941879,15.918307,16.75169,16.421637,15.507956,14.894751,15.786972,16.394985,15.883018,1.2139126,2.071929,7.8189354,0.46532735,33.428154,34.176254,36.188095,15.508406,17.23595,17.119192,15.167027,15.321823,15.953757,22.08
4446141.924,658169.7026,29.542526,1.143592,1.3229923,28.84018,37.923176,24.900213,21.980244,22.2707,35.506313,32.38919,44.404373,43.985806,52.646877,35.924923,37.414135,29.383072,32.962704,27.79242,2.2425838,1.8716667,7.6825824,8.066378,1382.9,188.74313,0.2006836,0.75341016,0.012207031,20,30,0.38510153,0.4321237,0.27710888,0.28675696,0.37153873,0.698153,0.8065088,12.190573,14.815498,10.979471,13.155708,16.680311,19.161089,17.8393,14.799339,16.316914,16.85458,15.3299465,15.650427,18.684217,20.247261,17.651312,17.388493,14.792122,17.851992,16.144972,14.65777,19.998411,20.31037,20.023167,17.50676,13.329272,13.571939,13.944466,13.622335,16.134136,16.948154,17.587442,14.876715,13.327039,14.552399,13.346167,13.613718,16.327198,15.907116,16.871788,14.616291,16.025248,17.786457,15.550845,15.867686,15.8405695,15.480048,14.748403,16.119328,1.2332921,2.057125,7.8744802,0.46532735,33.381676,33.947754,36.66953,14.974565,17.247808,17.682688,15.019676,14.849347,15.899895,22.08
4446141.924,658174.7026,37.985733,1.1539071,1.3538775,28.748386,37.92001,24.720758,21.792906,22.055882,35.258434,32.252663,44.18524,43.85304,52.111885,36.542942,37.693424,29.655693,33.10813,28.335276,2.2242794,1.8587395,7.7710905,8.072281,1382.9,182.49219,0.040527344,0.65944016,0.005615234,20,30,0.3864108,0.43752354,0.2738685,0.2795737,0.35639465,0.6707263,0.86818755,12.377719,14.026387,10.200602,12.809367,16.488235,19.287638,17.82558,14.472973,16.454126,17.070831,15.23749,15.865198,18.833042,19.637264,17.711174,17.356293,14.5096035,16.272785,16.162746,14.988632,19.929573,19.722921,21.328611,17.271852,14.259384,13.432825,13.981009,14.435687,16.617624,16.721468,17.11164,15.099252,14.954663,14.419696,13.371416,14.42734,16.265701,15.646568,16.763794,14.947143,15.952965,16.831469,16.299265,16.260067,14.584391,15.569507,15.02167,15.934236,1.2538923,2.0415094,7.9216857,0.46752644,33.334198,33.755547,37.118183,14.716505,17.258446,17.559269,15.222806,15.12131,15.788475,22.08
4446141.924,658179.7026,29.77374,1.1433712,1.3469063,28.304651,37.85982,24.791029,21.795805,21.965593,35.37649,32.499115,44.074596,43.34593,50.589237,36.593655,37.38977,29.580322,33.42854,29.853611,2.2097232,1.8436366,7.779111,8.04393,1382.9,167.21223,0.12060547,0.64617014,0.012207031,20,30,0.3864108,0.43752354,0.2738685,0.2795737,0.35639465,0.6707263,0.86818755,12.377719,14.026387,10.200602,12.809367,16.488235,19.287638,17.82558,14.472973,16.454126,17.070831,15.23749,15.865198,18.833042,19.637264,17.711174,17.356293,14.5096035,16.272785,16.162746,14.988632,19.929573,19.722921,21.328611,17.271852,14.259384,13.432825,13.981009,14.435687,16.617624,16.721468,17.11164,15.099252,14.954663,14.419696,13.371416,14.42734,16.265701,15.646568,16.763794,14.947143,15.952965,16.831469,16.299265,16.260067,14.584391,15.569507,15.02167,15.934236,1.2451388,2.02668,7.9115205,0.46752644,33.082237,33.937805,36.991714,14.716505,17.258446,17.559269,15.222806,15.12131,15.788475,22.08
4446141.924,658184.7026,23.637566,1.1323382,1.3369123,28.287764,37.86628,24.973974,21.98244,21.992846,35.58668,32.750946,44.385616,43.08364,49.029705,36.32944,36.84481,29.147318,33.532658,30.71721,2.2061815,1.843741,7.7070093,8.002736,1382.88,152.35278,0.15966797,0.6789919,0.011108398,20,30,0.3864108,0.43752354,0.2738685,0.2795737,0.35639465,0.6707263,0.86818755,11.746905,12.97626,10.294148,14.11324,17.22309,20.444918,17.923092,14.818184,16.1879,16.291126,15.452047,15.580668,18.720312,19.947512,17.572655,17.177244,15.821251,16.783232,16.143335,14.513681,18.439892,19.96878,19.427692,17.103615,13.988981,13.199211,13.750032,14.34538,15.938723,16.990519,17.13461,14.941555,14.922522,14.553515,13.603427,14.039343,16.482279,15.619016,15.220373,14.789691,16.29686,16.739414,16.467794,14.909607,14.649551,15.783412,16.641697,15.885992,1.2346252,2.0249612,7.8548727,0.46752644,33.077023,34.168816,36.587128,14.960236,17.10746,17.299694,15.049637,14.920068,15.926904,22.08
4446141.924,658189.7026,26.876516,1.0992966,1.301414,27.640335,37.605137,24.963915,22.184492,22.115532,35.772774,33.374638,44.791546,42.70845,47.59992,36.32573,36.243862,29.18202,33.146717,31.262724,2.193663,1.8212892,7.641973,7.946802,1382.85,140.17914,0.19921875,0.6711052,0.014404297,20,30,0.3864108,0.43752354,0.2738685,0.2795737,0.35639465,0.6707263,0.86818755,12.398184,14.239405,12.035259,15.906984,15.9106655,19.298227,18.30051,15.331915,15.719968,16.980968,15.617243,15.419058,18.277994,19.329931,17.464666,17.03708,16.467682,16.870174,16.26892,15.701529,17.5755,19.260351,19.121983,17.119947,14.80927,13.190587,14.133928,14.822914,15.284202,17.311403,17.2147,15.1202965,15.204389,14.478976,13.387962,14.626027,16.45046,15.653506,15.730597,14.91172,17.129951,17.865282,14.89048,15.6621475,14.828959,15.1598215,16.191965,15.982307,1.2003553,2.007476,7.794388,0.46752644,32.622734,34.573708,36.284798,15.441319,16.972834,17.323734,15.252428,15.075988,15.961228,22.08
4446141.924,658194.7026,32.919704,1.0938416,1.2887516,27.56103,38.20294,24.985386,22.389692,22.146528,35.886204,33.767574,45.48888,42.3302,46.517296,36.235077,35.485497,28.922758,33.116283,31.529902,2.1874967,1.8329283,7.570871,7.9096165,1382.8,129.79984,0.041015625,0.67112756,0.003417969,20,30,0.3864108,0.43752354,0.2738685,0.2795737,0.35639465,0.6707263,0.86818755,12.398184,14.239405,12.035259,15.906984,15.9106655,19.298227,18.30051,15.331915,15.719968,16.980968,15.617243,15.419058,18.277994,19.329931,17.464666,17.03708,16.467682,16.870174,16.26892,15.701529,17.5755,19.260351,19.121983,17.119947,14.80927,13.190587,14.133928,14.822914,15.284202,17.311403,17.2147,15.1202965,15.204389,14.478976,13.387962,14.626027,16.45046,15.653506,15.730597,14.91172,17.129951,17.865282,14.89048,15.6621475,14.828959,15.1598215,16.191965,15.982307,1.1912966,2.0102124,7.740244,0.46752644,32.881985,34.82689,35.860287,15.441319,16.972834,17.323734,15.252428,15.075988,15.961228,22.08
4446141.924,658199.7026,32.44561,1.1118016,1.2715843,27.741356,38.09478,25.139128,22.65887,22.269485,35.757805,33.689705,46.194454,41.98252,45.534615,36.346786,35.292194,28.363312,33.10022,31.66887,2.178454,1.8230144,7.4897985,7.8720083,1382.75,125.83056,-0.080078125,0.63619316,-0.002197266,20,30,0.3864108,0.43752354,0.2738685,0.2795737,0.35639465,0.6707263,0.86818755,11.394518,15.053014,11.56074,16.18951,16.842552,19.000198,17.982182,15.254096,15.960108,16.223612,14.902471,16.154638,17.631998,18.83737,16.886948,16.802835,10.720453,12.334644,13.633852,10.37715,14.492502,16.818785,15.654172,13.168751,12.818537,12.586871,12.150094,13.2936325,15.121344,17.787024,15.913923,14.066129,15.3616085,13.499179,14.466362,12.997081,15.497187,15.269298,14.644903,14.386879,16.34028,17.051914,16.214306,14.916908,15.031788,15.49039,15.547,15.771184,1.191693,2.000734,7.6809034,0.46752644,32.918068,34.723755,35.81949,15.431817,16.656734,13.433081,14.238775,14.53366,15.79894,22.08
4446141.924,658204.7026,28.028967,1.1033753,1.2506655,27.645039,38.087387,25.562836,23.149239,22.460468,35.980785,33.9995,45.924953,41.573765,44.571857,36.306667,34.87726,28.45476,33.206055,32.040154,2.1625106,1.8194504,7.3725276,7.8151984,1382.71,123.67661,0.0390625,0.61960226,0.003295898,20,30,0.3869539,0.44069475,0.27091718,0.2536575,0.3286892,0.6849433,0.7957214,12.118094,14.566829,11.675768,14.630035,15.781594,19.603937,18.588198,15.129752,15.465528,16.772205,14.820633,15.788694,16.986462,20.537622,16.638493,16.93264,12.417422,13.733136,12.778304,9.872852,14.448013,17.844023,17.488882,13.703354,12.812004,12.513776,12.626675,13.085683,15.317845,17.672134,17.079685,14.228574,16.411879,14.444217,14.474144,13.259918,13.627268,15.293714,15.360525,14.58046,17.675144,16.977566,16.508808,14.824301,15.653286,16.315714,16.277525,16.361198,1.1770204,1.9909805,7.593863,0.4516539,32.86621,34.990143,35.591965,15.280637,16.715664,14.083234,14.443972,14.695952,16.318905,22.08
4446141.924,658209.7026,27.702837,1.065586,1.2076662,27.417988,30.921822,26.229456,23.92144,22.743101,36.352974,34.66523,45.46085,41.07044,43.585316,36.211533,35.09408,28.70989,33.525455,32.71994,2.1424737,1.8015722,7.216978,7.746629,1382.67,124.36847,0.20117188,0.65940976,0.010009766,20,30,0.3869539,0.44069475,0.27091718,0.2536575,0.3286892,0.6849433,0.7957214,12.118094,14.566829,11.675768,14.630035,15.781594,19.603937,18.588198,15.129752,15.465528,16.772205,14.820633,15.788694,16.986462,20.537622,16.638493,16.93264,12.417422,13.733136,12.778304,9.872852,14.448013,17.844023,17.488882,13.703354,12.812004,12.513776,12.626675,13.085683,15.317845,17.672134,17.079685,14.228574,16.411879,14.444217,14.474144,13.259918,13.627268,15.293714,15.360525,14.58046,17.675144,16.977566,16.508808,14.824301,15.653286,16.315714,16.277525,16.361198,1.136626,1.972023,7.481804,0.4516539,29.169905,35.5091,35.65281,15.280637,16.715664,14.083234,14.443972,14.695952,16.318905,22.08
4446136.924,658074.7026,14.842134,1.283756,0.7576904,28.074347,31.40625,36.896427,28.209063,23.6395,35.22604,31.670153,33.169785,33.965485,36.935684,37.98765,36.73581,30.963955,37.8257,39.338108,2.4815314,1.9563663,6.1991158,7.467198,1382.55,145.87454,0.000976563,0.53606856,-0.001098633,20,30,0.36967543,0.44068784,0.28382248,0.2606274,0.32462433,0.6673137,0.8615573,13.110359,13.739891,11.970721,14.835764,19.250538,21.114489,18.687649,15.966043,15.637561,16.23626,15.556737,15.975851,17.213385,20.682178,16.846197,17.110945,11.690928,13.515416,12.044832,9.986448,15.024467,17.437845,15.4425125,13.47675,12.433812,11.239425,11.96223,12.468088,15.528591,17.447624,16.092356,13.781537,13.897281,13.456816,13.7252245,12.961382,17.471207,18.695908,17.616581,15.351004,14.67421,16.101898,16.027119,15.296812,16.25396,16.285206,15.849332,15.864397,1.0207232,2.2189488,6.8331566,0.45832977,29.7403,33.448097,37.361732,16.101345,16.87831,13.591779,13.881732,15.403486,15.784078,22.08
4446136.924,658079.7026,16.828043,1.2669506,0.7558347,28.099855,31.402355,37.244743,27.989153,23.6817,35.788998,31.751429,33.705387,34.87205,37.884247,37.35272,36.69173,30.275764,37.24431,38.33953,2.4464204,1.9530569,6.1598325,7.454536,1382.52,155.54965,-0.19970703,0.5191736,-0.008911133,20,30,0.36967543,0.44068784,0.28382248,0.2606274,0.32462433,0.6673137,0.8615573,13.110359,13.739891,11.970721,14.835764,19.250538,21.114489,18.687649,15.966043,15.637561,16.23626,15.556737,15.975851,17.213385,20.682178,16.846197,17.110945,11.690928,13.515416,12.044832,9.986448,15.024467,17.437845,15.4425125,13.47675,12.433812,11.239425,11.96223,12.468088,15.528591,17.447624,16.092356,13.781537,13.897281,13.456816,13.7252245,12.961382,17.471207,18.695908,17.616581,15.351004,14.67421,16.101898,16.027119,15.296812,16.25396,16.285206,15.849332,15.864397,1.0113926,2.1997387,6.807184,0.45832977,29.751106,33.770214,37.022224,16.101345,16.87831,13.591779,13.881732,15.403486,15.784078,22.08
4446136.924,658084.7026,19.962938,1.2501975,0.7542464,28.129934,31.398117,37.245857,27.793596,23.712954,36.34034,31.846914,34.23798,35.73005,38.65812,36.691917,36.63686,29.81109,36.681065,37.52203,2.4138765,1.9499084,6.136639,7.453001,1382.52,164.4889,0.20019531,0.53547853,0.0078125,20,30,0.3659266,0.4378043,0.28419557,0.27584568,0.36606267,0.6915101,0.7891391,13.218458,12.268595,12.062446,14.378146,19.239431,21.46222,16.791983,15.631389,15.747317,16.41776,15.445122,16.783098,16.649227,19.398823,16.613117,16.963177,11.90031,13.322075,10.844681,11.420685,14.251059,16.175798,14.69782,13.139028,12.949739,12.406523,12.004306,12.564224,15.072844,16.620619,15.954074,13.839466,14.173248,14.571622,13.669708,13.792898,17.386429,16.950281,17.378342,15.23672,15.796476,15.956897,15.807118,14.712889,16.093662,16.022028,14.941788,15.664519,1.002222,2.1818924,6.79482,0.45864055,29.764027,34.093628,36.66439,15.631612,16.722065,13.230347,13.938904,15.417503,15.618692,22.08
4446136.924,658089.7026,21.693527,1.2352803,0.7534198,28.140165,31.461523,36.64571,27.625242,23.61933,36.94748,32.186836,34.809296,36.567055,39.247223,35.917988,36.386192,29.824677,36.10609,36.926414,2.3824291,1.9494629,6.1382685,7.4703274,1382.5,164.24883,0,0.58097607,0.001098633,20,30,0.3659266,0.4378043,0.28419557,0.27584568,0.36606267,0.6915101,0.7891391,12.100882,12.861117,11.615675,15.447159,18.30074,20.089796,17.976778,15.261839,15.963643,16.270983,14.7904005,15.969263,16.875854,18.98882,17.048578,16.715694,11.922628,12.166013,12.698184,9.969778,14.614044,15.64911,14.962181,12.99524,12.568585,11.039519,13.143457,12.823639,15.628843,15.657726,15.681668,13.630732,14.873472,14.122156,15.519031,14.48893,17.332596,17.051262,17.321404,15.700524,15.488136,16.509184,15.962395,14.868823,16.336548,16.124979,15.574941,15.895929,0.9943501,2.165946,6.804298,0.45864055,29.800844,34.567158,36.152092,15.484593,16.55822,13.140277,13.791921,15.81555,15.837858,22.08
4446136.924,658094.7026,21.593267,1.2177997,0.75090384,28.184471,31.458426,35.66032,27.49767,23.60902,37.474915,32.31529,35.3033,37.35369,39.606735,35.167725,36.284103,30.01495,35.54439,36.56456,2.3566594,1.9481755,6.157989,7.499221,1382.48,169.8245,-0.16015625,0.5680965,-0.010009766,20,30,0.3659266,0.4378043,0.28419557,0.27584568,0.36606267,0.6915101,0.7891391,12.100882,12.861117,11.615675,15.447159,18.30074,20.089796,17.976778,15.261839,15.963643,16.270983,14.7904005,15.969263,16.875854,18.98882,17.048578,16.715694,11.922628,12.166013,12.698184,9.969778,14.614044,15.64911,14.962181,12.99524,12.568585,11.039519,13.143457,12.823639,15.628843,15.657726,15.681668,13.630732,14.873472,14.122156,15.519031,14.48893,17.332596,17.051262,17.321404,15.700524,15.488136,16.509184,15.962395,14.868823,16.336548,16.124979,15.574941,15.895929,0.98435175,2.1524174,6.8286047,0.45864055,29.82145,34.895103,35.725914,15.484593,16.55822,13.140277,13.791921,15.81555,15.837858,22.08
4446136.924,658099.7026,21.359411,1.2170737,0.74661374,28.126665,31.06083,34.42902,27.50003,23.473988,37.990303,32.2276,35.781456,37.97998,39.916767,34.506485,36.55302,30.49987,34.99359,36.168083,2.316627,1.9004117,6.1878886,7.546093,1382.48,178.5312,0,0.5593454,-0.005615234,20,30,0.3659266,0.4378043,0.28419557,0.27584568,0.36606267,0.6915101,0.7891391,11.392154,13.127393,13.462094,14.605219,20.972134,20.358246,17.30059,15.686987,15.841385,16.197136,15.440552,15.181933,17.322838,18.88992,16.48575,16.663494,11.862652,10.903,12.825659,10.233294,14.410544,15.718001,14.637634,12.831472,11.6546755,10.726463,12.532717,13.236685,15.978504,15.395024,15.242726,13.327282,14.655192,13.83505,14.23851,13.851802,17.407898,16.820097,17.117046,15.215032,16.278412,16.992655,15.637703,15.062055,15.754213,15.798564,14.882792,15.910373,0.9818437,2.1085193,6.866991,0.45864055,29.593746,35.10895,35.529755,15.888261,16.47993,12.941541,13.538115,15.417943,15.772341,22.08
4446136.924,658104.7026,16.263119,1.1766757,0.73424095,28.253971,30.926643,33.12394,27.548252,23.336258,38.449295,32.35779,36.469772,38.73991,40.028847,33.96721,36.526455,30.740656,34.311577,36.05405,2.296527,1.8937716,6.2129936,7.575791,1382.47,189.23285,-0.3203125,0.6244216,-0.021118164,20,30,0.3659266,0.4378043,0.28419557,0.27584568,0.36606267,0.6915101,0.7891391,11.1793995,14.130074,12.90782,14.732742,20.305435,21.509558,16.131815,15.876003,15.5257435,16.115414,15.47997,15.382996,17.201027,19.71044,16.751593,16.850126,11.903087,11.329487,12.605211,10.492033,14.26452,16.100927,14.4643955,12.927931,12.135013,11.341124,12.321765,13.915535,16.13293,16.081236,15.763891,13.793761,14.32811,13.8178,13.962171,15.07977,16.740034,17.660044,17.332327,15.3886795,16.25444,17.081274,15.282763,16.101933,16.0662,15.5374,14.375978,15.928943,0.9554583,2.0951493,6.894392,0.45864055,29.590307,35.40354,35.246834,15.842406,16.595312,13.022809,13.955928,15.560036,15.814284,22.08
4446136.924,658109.7026,15.367189,1.1564131,0.71532536,28.577864,31.050516,31.71403,27.826176,23.283178,38.96303,32.85279,37.231388,39.519814,40.215603,33.476692,36.216434,31.094643,33.351593,35.726734,2.26723,1.9078441,6.228283,7.610387,1382.49,194.8559,-0.15966797,0.7262732,-0.012207031,20,30,0.3659266,0.4378043,0.28419557,0.27584568,0.36606267,0.6915101,0.7891391,11.1793995,14.130074,12.90782,14.732742,20.305435,21.509558,16.131815,15.876003,15.5257435,16.115414,15.47997,15.382996,17.201027,19.71044,16.751593,16.850126,11.903087,11.329487,12.605211,10.492033,14.26452,16.100927,14.4643955,12.927931,12.135013,11.341124,12.321765,13.915535,16.13293,16.081236,15.763891,13.793761,14.32811,13.8178,13.962171,15.07977,16.740034,17.660044,17.332327,15.3886795,16.25444,17.081274,15.282763,16.101933,16.0662,15.5374,14.375978,15.928943,0.9358692,2.087537,6.919335,0.45864055,29.81419,35.907913,34.846565,15.842406,16.595312,13.022809,13.955928,15.560036,15.814284,22.08
4446136.924,658114.7026,21.391697,1.1462475,0.6865476,28.580257,31.042135,30.37856,28.193905,23.249512,39.48444,33.146523,37.720375,40.219048,40.348957,33.130955,36.1086,31.500095,32.501827,35.62764,2.2440515,1.9060639,6.2479606,7.640225,1382.51,195.26804,-0.079589844,0.8166579,-0.010009766,20,30,0.37712175,0.43378338,0.28284875,0.2925186,0.37869775,0.6833245,0.80203784,13.4700775,13.89059,11.96964,14.992575,18.036566,21.313688,17.661785,15.877088,15.080281,16.250538,15.309085,16.10625,16.310843,20.29265,17.196777,16.847511,11.831796,11.359325,11.591047,10.277577,14.10412,16.891815,14.4125595,12.828772,12.701061,11.557262,12.25785,13.047012,14.3109255,16.468348,15.678278,13.641559,14.540239,13.770477,13.850034,14.210905,14.618151,18.568193,17.323833,15.164205,15.472173,17.122635,15.091199,15.060061,15.715073,15.547534,16.447464,15.716616,0.9163976,2.0750577,6.9440928,0.4643332,29.811195,36.315483,34.619778,15.90499,16.649488,12.924034,13.717248,15.268834,15.779448,22.08
4446136.924,658119.7026,23.905033,1.137967,0.7405164,28.644386,31.041061,29.455696,27.613888,23.250912,39.259083,33.074543,38.725636,40.874718,42.321526,32.93188,36.246143,31.159418,32.366745,33.842495,2.244517,1.9089295,6.359236,7.698281,1382.53,201.29282,-0.19921875,0.9070889,-0.013305664,20,30,0.37712175,0.43378338,0.28284875,0.2925186,0.37869775,0.6833245,0.80203784,13.4700775,13.89059,11.96964,14.992575,18.036566,21.313688,17.661785,15.877088,15.080281,16.250538,15.309085,16.10625,16.310843,20.29265,17.196777,16.847511,11.831796,11.359325,11.591047,10.277577,14.10412,16.891815,14.4125595,12.828772,12.701061,11.557262,12.25785,13.047012,14.3109255,16.468348,15.678278,13.641559,14.540239,13.770477,13.850034,14.210905,14.618151,18.568193,17.323833,15.164205,15.472173,17.122635,15.091199,15.060061,15.715073,15.547534,16.447464,15.716616,0.9392417,2.0767233,7.028758,0.4643332,29.842724,36.166813,34.589012,15.90499,16.649488,12.924034,13.717248,15.268834,15.779448,22.08
4446136.924,658124.7026,23.96928,1.1310253,0.840857,28.735155,31.043112,28.765,26.55745,23.272924,38.62366,32.82628,40.012314,41.54351,45.38035,32.8675,36.520977,30.41322,32.54768,31.07754,2.257709,1.9141365,6.520412,7.770073,1382.57,205.81569,-0.041015625,0.9864366,-0.005615234,20,30,0.37712175,0.43378338,0.28284875,0.2925186,0.37869775,0.6833245,0.80203784,13.753627,14.824005,12.960605,15.958326,16.816454,20.804863,18.391314,16.166405,15.732124,16.561352,16.432678,15.031363,17.32727,19.828098,17.30534,17.117527,10.346701,12.602694,12.108371,10.889872,14.570743,16.792696,15.774651,13.070821,12.02355,12.272642,11.799858,13.408437,14.244601,16.324562,16.289234,13.569409,14.179703,13.633886,13.150533,14.41129,14.8387985,18.038927,17.352976,14.969205,15.698939,17.613682,16.178612,15.816223,16.017288,16.486214,17.325146,16.379454,0.9859412,2.0859227,7.1452427,0.4643332,29.889133,35.724968,34.694237,16.2156,16.888319,13.297961,13.766127,15.086587,16.448015,22.08
4446136.924,658129.7026,22.31848,1.1108836,0.93994546,28.957054,38.35636,28.134264,25.681675,23.302145,38.091904,32.51673,41.520493,42.395695,48.342533,32.851677,35.983635,29.184628,32.419228,28.33829,2.2489452,1.9206421,6.6731915,7.8298216,1382.61,204.8486,-0.040039062,1.057181,-0.002197266,20,30,0.37712175,0.43378338,0.28284875,0.2925186,0.37869775,0.6833245,0.80203784,14.423941,13.989621,14.571744,15.950345,16.65325,21.818604,18.317062,16.537184,15.904927,16.738878,15.582144,16.05009,17.516068,19.971668,16.863352,17.17669,10.244523,12.835782,10.645015,11.48893,15.671332,16.72616,15.7248535,13.076447,11.912755,12.350889,11.620114,12.777456,15.407415,16.374681,16.33884,13.597947,14.556462,13.755254,13.62005,14.005092,15.671196,17.120005,16.192242,14.807322,15.868793,16.176083,15.554164,14.821547,15.910868,16.454525,15.849802,15.678612,1.0254145,2.0847936,7.251507,0.4643332,33.656708,35.304317,34.417656,16.53208,16.946733,13.333799,13.826021,14.988615,15.805112,22.08
4446136.924,658134.7026,24.19014,1.1111958,1.0173703,29.125418,30.913094,27.296494,24.928017,23.322063,37.521317,32.799885,43.573025,43.0576,50.937233,33.009,36.91215,28.210896,32.47272,26.44208,2.2609518,1.8825558,6.8245287,7.8975286,1382.65,201.36833,0.000488281,1.0609102,0.003417969,20,30,0.37712175,0.43378338,0.28284875,0.2925186,0.37869775,0.6833245,0.80203784,13.383273,13.278814,13.559977,14.95993,15.91343,20.619204,17.601807,15.593763,15.954767,16.738878,15.588359,16.066336,17.536373,19.99874,16.863352,17.195599,10.206702,12.780527,10.607195,11.447904,15.608062,16.67209,15.687961,13.029836,11.912124,12.345126,11.62105,12.776629,15.407144,16.380255,16.34245,13.598638,14.571523,13.777844,13.642641,14.012622,15.680609,17.120005,16.192242,14.819086,15.87142,16.176083,15.554164,14.821547,15.910868,16.454525,15.849802,15.679023,1.0642831,2.0717537,7.3610287,0.4643332,30.019257,35.1606,34.960575,15.616632,16.96383,13.287206,13.826396,14.99964,15.805487,22.08
4446136.924,658139.7026,15.666057,1.1127813,1.0854354,29.168318,30.91068,26.608238,24.282066,23.316093,36.996418,32.687878,44.693836,43.726727,53.254673,33.253086,37.164715,27.689528,32.33454,24.585653,2.2695296,1.8857543,6.9669313,7.952907,1382.69,198.42223,0.23925781,0.9963959,0.013305664,20,30,0.37712175,0.43378338,0.28284875,0.2925186,0.37869775,0.6833245,0.80203784,11.554731,14.144831,11.890463,14.816121,16.74733,20.707531,16.535482,15.16161,15.983725,17.33573,15.858572,15.637784,17.878857,19.84079,17.241135,17.30544,10.035126,14.308395,10.768501,11.717427,15.684418,16.771643,15.074499,13.34787,12.782202,12.789365,11.610889,13.434802,15.382132,16.86377,15.416753,13.948252,15.446866,13.524832,13.585825,14.388164,15.651049,17.013744,16.23176,14.99682,15.455679,16.37493,15.756315,16.157652,16.215193,16.874878,15.025177,16.019567,1.0991083,2.077642,7.459919,0.4643332,30.0395,34.842148,35.2089,15.199499,17.110943,13.480001,14.039988,15.120321,15.979975,22.08
4446136.924,658144.7026,22.63766,1.1370842,1.139013,29.19287,38.18637,26.081213,23.733717,23.129839,36.583546,32.640053,45.26129,44.193832,54.55683,33.542553,36.3269,27.534693,32.247883,24.176771,2.2759023,1.9145999,7.0995607,7.99833,1382.71,194.04652,0.15966797,0.9451048,0.008911133,20,30,0.38510153,0.4321237,0.27710888,0.28675696,0.37153873,0.698153,0.8065088,11.178132,14.649304,10.88868,14.155474,17.505348,19.763659,17.769543,14.944525,16.209854,16.979206,15.498991,16.033466,17.761112,18.98346,16.863583,17.109003,10.0222,13.851639,10.523074,11.731448,15.418478,16.217388,14.543917,13.049209,12.153681,12.867221,11.974817,13.536858,14.62837,16.05935,15.61673,13.725756,15.272696,14.703674,13.643801,14.261194,16.366386,17.093704,16.830656,15.16416,16.655556,16.180851,15.701616,16.289059,15.440294,15.647603,14.258278,15.861072,1.1380486,2.095251,7.5489454,0.46532735,33.68962,34.6118,34.934727,15.13002,16.904238,13.186876,13.833861,15.453158,15.7390375,22.08
4446136.924,658149.7026,12.097347,1.1434819,1.1808722,29.19057,38.199383,25.689713,23.281727,22.964691,36.21266,32.50682,45.756577,44.610413,55.265285,33.9278,36.45255,27.392681,32.176037,23.835054,2.2763722,1.9143817,7.2097387,8.031255,1382.71,190.98035,-0.24072266,0.97757095,-0.012207031,20,30,0.38510153,0.4321237,0.27710888,0.28675696,0.37153873,0.698153,0.8065088,11.178132,14.649304,10.88868,14.155474,17.505348,19.763659,17.769543,14.944525,16.209854,16.979206,15.498991,16.033466,17.761112,18.98346,16.863583,17.109003,10.0222,13.851639,10.523074,11.731448,15.418478,16.217388,14.543917,13.049209,12.153681,12.867221,11.974817,13.536858,14.62837,16.05935,15.61673,13.725756,15.272696,14.703674,13.643801,14.261194,16.366386,17.093704,16.830656,15.16416,16.655556,16.180851,15.701616,16.289059,15.440294,15.647603,14.258278,15.861072,1.1621771,2.095377,7.6204967,0.46532735,33.694977,34.35974,35.190174,15.13002,16.904238,13.186876,13.833861,15.453158,15.7390375,22.08
4446136.924,658154.7026,23.539465,1.1369101,1.2139661,29.394308,38.20217,25.414793,22.894514,22.727552,36.02678,32.390556,45.975418,44.877705,54.811546,34.20805,36.62168,27.496517,32.277863,24.965582,2.2687812,1.9081712,7.31452,8.049621,1382.73,194.0431,-0.16015625,1.0627509,-0.013305664,20,30,0.38510153,0.4321237,0.27710888,0.28675696,0.37153873,0.698153,0.8065088,11.698482,15.469505,10.791644,14.0584545,18.097687,18.447824,18.923464,15.036055,16.525713,16.963705,15.505493,15.086374,18.027742,19.49505,17.069803,17.157583,9.943775,13.889809,12.1038,9.439859,14.181398,16.183004,15.313024,12.820218,12.586795,13.593994,11.58251,12.434688,14.629901,16.07541,15.331736,13.664999,15.019714,14.7265,12.919421,14.0321245,15.091961,16.95462,16.441488,14.767152,16.344412,16.392889,16.573612,15.887123,15.3283615,15.256569,15.861836,15.883729,1.1754382,2.0884762,7.6820703,0.46532735,33.79824,34.208668,35.414864,15.355294,16.953411,13.007811,13.747862,15.026547,15.949258,22.08
4446136.924,658159.7026,13.105826,1.1424526,1.2440237,29.191084,37.878918,25.244059,22.554298,22.575262,35.827007,32.538036,45.543396,44.63903,53.997578,34.69956,36.71937,28.05444,32.67767,26.185974,2.2617438,1.911785,7.421213,8.049261,1382.76,199.41066,-0.12011719,1.0779172,-0.008911133,20,30,0.38510153,0.4321237,0.27710888,0.28675696,0.37153873,0.698153,0.8065088,12.22689,14.673566,10.564347,14.322372,17.551012,19.318392,17.608442,14.868997,16.26188,16.667042,15.662558,15.705587,18.198133,19.031506,16.997164,17.066132,10.053548,13.176267,11.769328,9.243893,14.52277,15.769363,16.058754,12.689425,11.975124,13.7685375,11.22011,12.884033,15.394947,16.354216,15.840976,13.82903,14.540802,15.240613,12.436798,13.819875,15.6192875,16.587284,16.911327,14.707591,16.08473,17.35544,16.031696,15.8434925,15.232136,16.62628,16.449919,16.197739,1.1932381,2.0867643,7.735237,0.46532735,33.535,34.18252,35.709465,15.180717,16.931982,12.941989,13.919706,15.0222845,16.231958,22.08
4446136.924,658164.7026,21.592419,1.1363795,1.2721034,28.986948,37.951538,25.03815,22.269691,22.388845,35.79909,32.50988,44.961365,44.24944,53.12919,35.072018,36.81019,28.813017,32.70575,27.358984,2.243491,1.8887336,7.5359516,8.052549,1382.8,199.47437,0.08105469,0.9874929,0.003417969,20,30,0.38510153,0.4321237,0.27710888,0.28675696,0.37153873,0.698153,0.8065088,11.966379,14.439672,10.361753,14.27594,17.510683,18.895348,17.437698,14.658812,16.27444,17.00137,15.701367,15.787387,19.26859,19.745928,17.98465,17.462526,14.659203,16.63342,16.262815,13.8671055,20.353653,19.933449,18.804382,17.062708,13.597559,15.282373,13.419551,14.163666,15.980469,16.794382,16.417984,15.054996,14.540802,15.240613,12.436798,13.819875,16.329443,17.264814,17.724365,14.9739,16.08473,17.35544,16.031696,15.8434925,15.232136,16.62628,16.449919,16.197739,1.2042415,2.0661123,7.7942505,0.46532735,33.469242,34.154488,35.9411,14.983925,17.39482,17.21629,15.093712,15.336673,16.231958,22.08
4446136.924,658169.7026,29.305162,1.1509221,1.3198779,28.882998,37.948097,24.75705,21.976755,22.13326,35.480213,32.300922,44.57019,44.173126,52.818417,35.839195,37.218708,29.298813,32.853745,27.797586,2.2243712,1.8738136,7.6642895,8.069476,1382.82,195.41211,-0.041015625,0.8618301,-0.001220703,20,30,0.38510153,0.4321237,0.27710888,0.28675696,0.37153873,0.698153,0.8065088,11.428144,14.377577,10.33291,13.8699465,18.448517,20.255373,18.79981,15.067657,16.140406,16.84946,15.253545,16.06046,19.490885,20.705275,17.874838,17.564024,14.594823,16.883663,16.171322,15.543323,20.546345,20.354155,17.678638,17.361519,13.388272,14.504176,13.996043,14.735217,15.986226,18.233965,16.829243,15.370507,13.295471,15.16403,13.461484,13.52669,16.414726,15.884143,15.922704,14.606963,16.47043,17.08492,16.269136,16.117805,15.261627,15.37862,14.744847,16.026678,1.2354,2.0490923,7.866883,0.46532735,33.415546,33.890568,36.528954,15.358896,17.482124,17.396038,15.381877,14.809893,15.903913,22.08
4446136.924,658174.7026,30.541296,1.1746644,1.3895868,28.728325,37.934,24.219862,21.599865,21.848644,34.934967,31.90304,43.924995,43.98874,53.083176,37.093174,38.11376,30.16506,33.127907,27.928467,2.193334,1.8493115,7.85295,8.105943,1382.84,185.39424,0.079589844,0.7625432,0.00769043,20,30,0.3864108,0.43752354,0.2738685,0.2795737,0.35639465,0.6707263,0.86818755,11.185236,13.752068,10.138801,13.856268,17.500341,19.089823,18.544476,14.624191,16.649088,16.497263,15.335043,16.053984,19.060505,19.741179,17.83643,17.419857,14.426478,17.137882,15.695073,16.625557,20.329212,19.131006,18.886673,17.412567,14.340375,13.580072,13.605654,14.616031,16.168308,17.836931,16.742886,15.258642,15.198321,14.550342,13.142941,14.254109,16.398548,16.098352,16.197231,14.933167,16.79093,16.733881,16.661806,17.24114,15.278421,15.677383,14.985446,16.382896,1.2821256,2.0213227,7.9794464,0.46752644,33.33116,33.419003,37.60347,14.866716,17.3105,17.461697,15.270037,15.119978,16.195572,22.08
4446136.924,658179.7026,27.407434,1.1582972,1.3699415,28.319494,37.879505,24.354326,21.70052,21.807209,35.264557,32.321247,44.077446,43.4631,51.075336,36.747025,37.441467,29.796022,33.411095,29.714268,2.1855137,1.8382515,7.8214726,8.06369,1382.84,169.13043,0.19921875,0.7584367,0.010009766,20,30,0.3864108,0.43752354,0.2738685,0.2795737,0.35639465,0.6707263,0.86818755,11.185236,13.752068,10.138801,13.856268,17.500341,19.089823,18.544476,14.624191,16.649088,16.497263,15.335043,16.053984,19.060505,19.741179,17.83643,17.419857,14.426478,17.137882,15.695073,16.625557,20.329212,19.131006,18.886673,17.412567,14.340375,13.580072,13.605654,14.616031,16.168308,17.836931,16.742886,15.258642,15.198321,14.550342,13.142941,14.254109,16.398548,16.098352,16.197231,14.933167,16.79093,16.733881,16.661806,17.24114,15.278421,15.677383,14.985446,16.382896,1.2641194,2.0118825,7.942581,0.46752644,33.0995,33.7929,37.094246,14.866716,17.3105,17.461697,15.270037,15.119978,16.195572,22.08
4446136.924,658184.7026,29.72392,1.1259776,1.3330921,28.463907,38.142822,24.595894,21.99037,21.8887,35.53006,32.526466,44.76291,43.18107,49.16606,36.26382,36.682095,28.888874,33.45019,30.404543,2.188426,1.8373035,7.712559,7.994722,1382.81,160.20805,-0.119140625,0.76111543,-0.003295898,20,30,0.3864108,0.43752354,0.2738685,0.2795737,0.35639465,0.6707263,0.86818755,11.991537,14.220335,10.497455,15.149234,18.023415,20.033823,17.970226,15.274397,16.426489,16.59244,15.292987,15.964045,18.875977,19.96866,17.96963,17.378515,14.563299,16.975208,15.535387,15.253944,18.244547,20.532356,19.601889,17.00818,13.896006,13.126762,13.835068,14.902727,15.986824,18.321085,17.634333,15.168697,14.8895645,14.26089,13.076779,14.777188,15.700436,16.443222,15.902481,14.858226,16.930037,16.88086,15.372206,16.462109,15.419586,16.107626,15.713366,16.294537,1.2295349,2.0128648,7.8536406,0.46752644,33.303364,34.028263,36.472958,15.412288,17.298603,17.243805,15.386114,15.007223,16.126543,22.08
4446136.924,658189.7026,30.254185,1.1110177,1.3035083,27.963545,38.011105,24.65791,22.195723,21.891783,35.98161,33.267548,45.210487,42.620667,47.368572,35.84595,35.875042,28.406464,33.536655,31.55491,2.1847656,1.8263527,7.654907,7.950565,1382.79,152.92136,0.040527344,0.7240126,0.002197266,20,30,0.3864108,0.43752354,0.2738685,0.2795737,0.35639465,0.6707263,0.86818755,11.9161215,14.99968,10.09862,15.664923,16.936625,18.752192,17.69183,14.985457,16.299135,16.551641,15.512403,16.110853,18.95554,19.277458,17.565273,17.287397,14.537573,16.404245,15.763898,16.569302,18.927021,20.683586,18.264061,17.194529,13.723948,13.330973,13.915715,14.683612,15.6451,18.022964,17.729223,15.030868,14.918808,13.459284,13.703969,14.564821,15.56464,15.800217,15.818509,14.647284,16.042881,17.668768,15.578267,15.360082,14.476887,14.779239,16.022663,15.71361,1.207263,2.0055592,7.8027363,0.46752644,32.987324,34.62458,35.860497,15.151426,17.181757,17.307098,15.2930765,14.832892,15.70411,22.08
4446136.924,658194.7026,28.718851,1.1021918,1.281363,27.638737,38.227108,24.343103,22.443398,21.95884,36.149208,33.904133,46.109592,42.246304,46.0687,35.791756,34.996384,28.675808,33.17325,31.830761,2.1783776,1.8268461,7.599208,7.916863,1382.76,141.91629,0.080078125,0.6735134,0.005615234,20,30,0.3864108,0.43752354,0.2738685,0.2795737,0.35639465,0.6707263,0.86818755,12.147674,15.351618,10.406809,15.711351,17.108946,19.263233,18.015282,15.259063,15.524439,16.216547,15.473593,15.776552,17.884117,18.351973,16.577017,16.692657,10.470202,12.350985,10.9551935,10.076567,14.376737,16.72168,15.495871,12.654019,12.101515,11.365741,11.313686,13.403979,14.202578,17.342981,15.829822,13.465816,14.918808,13.459284,13.703969,14.564821,14.854484,15.057434,14.92717,14.368741,16.042881,17.668768,15.578267,15.360082,14.476887,14.779239,16.022663,15.71361,1.1917775,2.0026119,7.7580357,0.46752644,32.932922,35.026672,35.39407,15.429273,16.543463,12.921033,13.651471,14.497995,15.70411,22.08
4446136.924,658199.7026,27.330847,1.0948895,1.25223,27.410936,38.098923,24.343557,22.751099,22.03308,36.38677,34.39075,46.357338,41.569656,44.94501,35.71848,34.45794,28.575489,33.351208,32.09932,2.1667962,1.8011178,7.5433416,7.869184,1382.72,133.1502,0.0390625,0.6281442,0.003295898,20,30,0.3864108,0.43752354,0.2738685,0.2795737,0.35639465,0.6707263,0.86818755,11.394518,15.053014,11.56074,16.18951,16.842552,19.000198,17.982182,15.254096,15.960108,16.223612,14.902471,16.154638,17.631998,18.83737,16.886948,16.802835,10.720453,12.334644,13.633852,10.37715,14.492502,16.818785,15.654172,13.168751,12.818537,12.586871,12.150094,13.2936325,15.121344,17.787024,15.913923,14.066129,15.3616085,13.499179,14.466362,12.997081,15.497187,15.269298,14.644903,14.386879,16.34028,17.051914,16.214306,14.916908,15.031788,15.49039,15.547,15.771184,1.1735598,1.983957,7.7062626,0.46752644,32.75493,35.38876,35.08821,15.431817,16.656734,13.433081,14.238775,14.53366,15.79894,22.08
4446136.924,658204.7026,26.002136,1.0847924,1.2257781,27.300608,38.09036,24.609634,23.21944,22.18255,36.66991,34.778786,46.200397,41.094543,43.87742,35.640762,33.988132,28.656248,33.491615,32.523376,2.1509771,1.792717,7.4445066,7.813271,1382.68,128.08118,0.12109375,0.67326796,0.006713867,20,30,0.3869539,0.44069475,0.27091718,0.2536575,0.3286892,0.6849433,0.7957214,12.118094,14.566829,11.675768,14.630035,15.781594,19.603937,18.588198,15.129752,15.465528,16.772205,14.820633,15.788694,16.986462,20.537622,16.638493,16.93264,12.417422,13.733136,12.778304,9.872852,14.448013,17.844023,17.488882,13.703354,12.812004,12.513776,12.626675,13.085683,15.317845,17.672134,17.079685,14.228574,16.411879,14.444217,14.474144,13.259918,13.627268,15.293714,15.360525,14.58046,17.675144,16.977566,16.508808,14.824301,15.653286,16.315714,16.277525,16.361198,1.1552852,1.971847,7.628889,0.4516539,32.695484,35.72435,34.814445,15.280637,16.715664,14.083234,14.443972,14.695952,16.318905,22.08
4446136.924,658209.7026,27.211136,1.0688558,1.1905481,27.485603,30.923801,25.17684,23.854961,22.455023,36.678757,34.97618,46.459866,40.882015,42.92118,35.732533,34.619267,28.380402,33.648582,33.085266,2.1339471,1.7823001,7.2945485,7.7595286,1382.62,126.6282,-0.16015625,0.6963059,-0.0078125,20,30,0.3869539,0.44069475,0.27091718,0.2536575,0.3286892,0.6849433,0.7957214,13.073682,15.3359585,12.490783,15.839108,16.426325,20.61001,19.10453,16.022442,15.3932295,16.712337,14.820633,15.788694,16.986462,20.518908,16.632278,16.90848,12.502319,13.784668,12.812073,9.914209,14.502727,17.88766,17.526373,13.753221,12.812605,12.502455,12.629774,13.08651,15.318621,17.672651,17.069672,14.227045,16.404348,14.4366865,14.451553,13.259918,13.617855,15.281163,15.345465,14.571047,17.675144,16.977566,16.508808,14.824301,15.653286,16.315714,16.277525,16.361198,1.1297019,1.9581237,7.5270386,0.4516539,29.204702,35.82747,35.1759,16.12577,16.69322,14.132861,14.441755,14.685286,16.318905,22.08
4446131.924,658074.7026,16.114174,1.26935,0.7366818,28.097742,31.40656,36.846466,28.47739,23.584833,35.102375,31.580788,33.17044,34.496704,37.834557,37.88086,36.881306,30.930565,37.23817,38.69648,2.4638252,1.9545274,6.1704426,7.457088,1382.51,145.49611,-0.040039062,0.556524,-0.001098633,20,30,0.36967543,0.44068784,0.28382248,0.2606274,0.32462433,0.6673137,0.8615573,13.110359,13.739891,11.970721,14.835764,19.250538,21.114489,18.687649,15.966043,15.637561,16.23626,15.556737,15.975851,17.213385,20.682178,16.846197,17.110945,11.690928,13.515416,12.044832,9.986448,15.024467,17.437845,15.4425125,13.47675,12.433812,11.239425,11.96223,12.468088,15.528591,17.447624,16.092356,13.781537,13.897281,13.456816,13.7252245,12.961382,17.471207,18.695908,17.616581,15.351004,14.67421,16.101898,16.027119,15.296812,16.25396,16.285206,15.849332,15.864397,1.003016,2.2091763,6.8137655,0.45832977,29.752151,33.341583,37.38108,16.101345,16.87831,13.591779,13.881732,15.403486,15.784078,22.08
4446131.924,658079.7026,17.751015,1.2524242,0.7314601,28.12958,31.403385,37.1799,28.120272,23.606718,35.639732,31.638025,33.655697,35.63295,38.915417,37.211308,36.842777,30.307507,36.585304,37.631477,2.4277918,1.9512242,6.136927,7.4426517,1382.49,151.51141,0.12011719,0.5707467,0.004394531,20,30,0.36967543,0.44068784,0.28382248,0.2606274,0.32462433,0.6673137,0.8615573,13.110359,13.739891,11.970721,14.835764,19.250538,21.114489,18.687649,15.966043,15.637561,16.23626,15.556737,15.975851,17.213385,20.682178,16.846197,17.110945,11.690928,13.515416,12.044832,9.986448,15.024467,17.437845,15.4425125,13.47675,12.433812,11.239425,11.96223,12.468088,15.528591,17.447624,16.092356,13.781537,13.897281,13.456816,13.7252245,12.961382,17.471207,18.695908,17.616581,15.351004,14.67421,16.101898,16.027119,15.296812,16.25396,16.285206,15.849332,15.864397,0.99194217,2.189508,6.789789,0.45832977,29.766483,33.638878,37.027042,16.101345,16.87831,13.591779,13.881732,15.403486,15.784078,22.08
4446131.924,658084.7026,20.795242,1.2355902,0.7255323,28.164398,31.399681,37.17557,27.827785,23.62312,36.161594,31.715887,34.15929,36.65408,39.788868,36.53653,36.79177,29.879522,35.968887,36.760418,2.394505,1.9480822,6.1166267,7.4388623,1382.46,160.70918,-0.12060547,0.6070551,-0.005615234,20,30,0.3659266,0.4378043,0.28419557,0.27584568,0.36606267,0.6915101,0.7891391,13.218458,12.268595,12.062446,14.378146,19.239431,21.46222,16.791983,15.631389,15.747317,16.41776,15.445122,16.783098,16.649227,19.398823,16.613117,16.963177,11.878736,13.296377,10.814019,11.392332,14.221154,16.141706,14.679013,13.110636,12.949739,12.406523,12.004306,12.564224,15.072844,16.620619,15.954074,13.839466,14.057152,14.339429,13.477537,13.676802,17.386429,16.853533,17.262243,15.115993,15.796661,15.955759,15.80598,14.711752,16.09224,16.015644,14.934125,15.661445,0.98056126,2.1712937,6.7777443,0.45864055,29.78204,33.93874,36.66415,15.631612,16.722065,13.203334,13.938904,15.2933035,15.616023,22.08
4446131.924,658089.7026,21.106792,1.1962359,0.717456,28.229641,31.594122,36.768063,27.659353,23.523594,36.777603,31.88579,34.58917,37.463917,40.400036,35.774513,36.590492,29.709852,35.388836,36.148758,2.3541682,1.9401656,6.1182055,7.451398,1382.45,165.9473,-0.000488281,0.5904687,0,20,30,0.3659266,0.4378043,0.28419557,0.27584568,0.36606267,0.6915101,0.7891391,13.265409,14.306032,13.144907,16.48801,19.146008,20.937893,18.5722,16.370905,15.962599,16.270983,14.7904005,15.969263,16.823984,18.95424,17.048578,16.702564,11.89844,12.331142,12.6755295,9.954629,14.633335,15.667691,14.941408,13.015599,12.670134,11.147935,13.211156,12.925188,15.793765,15.792998,15.823931,13.747611,14.6612425,13.889961,15.314466,14.516559,17.222012,16.954514,17.321404,15.571473,15.489461,16.508045,15.954733,14.860025,16.326971,16.117645,15.566141,15.889618,0.95684594,2.147167,6.7848015,0.45864055,29.91188,34.331696,36.182503,16.551495,16.545721,13.157454,13.909301,15.6971655,15.831861,22.08
4446131.924,658094.7026,24.087313,1.1842022,0.70479953,28.083008,31.2629,35.82022,27.566284,23.576971,37.307472,32.404522,35.21312,38.109486,40.647305,35.110462,36.374126,29.962723,34.688576,35.801174,2.3256028,1.927537,6.131097,7.477375,1382.44,172.29391,-0.000488281,0.5346169,-0.001098633,45,30,0.3659266,0.4378043,0.28419557,0.27584568,0.36606267,0.6915101,0.7891391,13.265409,14.306032,13.144907,16.48801,19.146008,20.937893,18.5722,16.370905,15.962599,16.270983,14.7904005,15.969263,16.823984,18.95424,17.048578,16.702564,11.89844,12.331142,12.6755295,9.954629,14.633335,15.667691,14.941408,13.015599,12.670134,11.147935,13.211156,12.925188,15.793765,15.792998,15.823931,13.747611,14.6612425,13.889961,15.314466,14.516559,17.222012,16.954514,17.321404,15.571473,15.489461,16.508045,15.954733,14.860025,16.326971,16.117645,15.566141,15.889618,0.94450086,2.1265697,6.804236,0.45864055,29.672955,34.855995,35.742294,16.551495,16.545721,13.157454,13.909301,15.6971655,15.831861,22.08
4446131.924,658099.7026,23.618673,1.1959082,0.6945965,28.087591,31.129623,34.656677,27.536215,23.53342,37.71486,32.32,35.78284,38.620136,40.8285,34.594074,36.475067,30.345217,34.27039,35.41077,2.2955766,1.8989733,6.141468,7.5052905,1382.44,176.81587,0.03955078,0.51624924,0.005493164,45,30,0.3659266,0.4378043,0.28419557,0.27584568,0.36606267,0.6915101,0.7891391,12.775029,14.572306,14.991323,15.795833,21.71593,21.206347,17.896015,16.84088,15.840342,16.197136,15.440552,15.181933,17.27097,18.85534,16.48575,16.650364,11.844867,11.037455,12.808658,10.252807,14.3955555,15.757537,14.611896,12.853983,11.756226,10.834878,12.600416,13.372084,16.143427,15.603923,15.4188385,13.468547,14.57912,13.602857,14.122412,13.851802,17.442432,16.853449,17.117046,15.159296,16.279736,16.990381,15.636564,15.060918,15.744637,15.797616,14.881656,15.908493,0.94525236,2.097275,6.8233795,0.45864055,29.608608,35.01743,35.53457,16.993256,16.467432,12.958396,13.675684,15.367018,15.770215,22.08
4446131.924,658104.7026,17.995417,1.1887635,0.6686931,28.113235,31.123981,33.386196,27.66858,23.514816,38.214844,32.520924,36.31595,39.11298,40.773354,34.062973,36.358482,30.683687,33.754814,35.41122,2.2725914,1.8975222,6.1625786,7.537398,1382.44,183.01665,0.079589844,0.5448807,0.004394531,45,30,0.3659266,0.4378043,0.28419557,0.27584568,0.36606267,0.6915101,0.7891391,12.55427,15.501814,14.437052,15.996531,20.893406,22.354513,16.795826,17.019295,15.524701,16.115414,15.47997,15.382996,16.930742,19.67586,16.710096,16.803211,11.881505,11.529375,12.585535,10.514544,14.249531,16.125122,14.42332,12.95585,12.20074,11.483389,12.389465,14.017085,16.297853,16.253323,15.940005,13.922525,14.252039,13.701703,13.846074,15.07977,16.740034,17.563295,17.256256,15.328628,16.254627,17.081274,15.281626,16.091997,16.0546,15.5374,14.374842,15.925792,0.92872834,2.0850568,6.849988,0.45864055,29.618608,35.36788,35.210728,16.933346,16.545683,13.044131,14.083123,15.49131,15.810907,22.08
4446131.924,658109.7026,20.937786,1.1691633,0.640955,28.5567,31.380228,32.03758,28.006971,23.362532,38.7295,32.61975,36.907215,39.631126,40.715652,33.605785,36.223915,31.014505,33.222137,35.458557,2.2463923,1.9079256,6.167001,7.5687118,1382.45,190.79654,0.15966797,0.61230963,0.008911133,45,30,0.3659266,0.4378043,0.28419557,0.27584568,0.36606267,0.6915101,0.7891391,12.55427,15.501814,14.437052,15.996531,20.893406,22.354513,16.795826,17.019295,15.524701,16.115414,15.47997,15.382996,16.930742,19.67586,16.710096,16.803211,11.881505,11.529375,12.585535,10.514544,14.249531,16.125122,14.42332,12.95585,12.20074,11.483389,12.389465,14.017085,16.297853,16.253323,15.940005,13.922525,14.252039,13.701703,13.846074,15.07977,16.740034,17.563295,17.256256,15.328628,16.254627,17.081274,15.281626,16.091997,16.0546,15.5374,14.374842,15.925792,0.90505916,2.077159,6.867856,0.45864055,29.968464,35.674625,34.91485,16.933346,16.545683,13.044131,14.083123,15.49131,15.810907,22.08
4446131.924,658114.7026,25.101141,1.134518,0.5852187,28.576231,31.042675,30.540306,28.670633,23.18961,39.456814,33.20939,37.61529,40.433445,40.25669,33.269318,36.039524,31.461584,31.972286,35.87733,2.2173033,1.9040976,6.158769,7.589917,1382.45,193.75061,-0.12060547,0.6634948,-0.004516602,20,30,0.37712175,0.43378338,0.28284875,0.2925186,0.37869775,0.6833245,0.80203784,14.763769,15.274923,13.344522,16.1066,18.726007,22.119263,18.282314,16.967443,15.079237,16.250538,15.309085,16.10625,16.310843,20.25807,17.155283,16.834385,11.810222,11.490782,11.561885,10.269768,14.092463,16.88551,14.386114,12.835872,12.7667885,11.655352,12.3594,13.178949,14.531067,16.640432,15.844061,13.7734585,14.424141,13.565912,13.657865,14.238535,14.296078,18.492105,17.363857,15.033866,15.4734955,17.122635,15.091199,15.051264,15.562672,15.547534,16.439802,15.695199,0.8598684,2.0607004,6.874343,0.4643332,29.809452,36.3331,34.65442,16.945343,16.638472,12.928106,13.853722,15.148355,15.755515,22.08
4446131.924,658119.7026,27.265223,1.1266121,0.64473313,28.655563,31.043657,29.688236,27.914917,23.180534,39.120575,33.067734,38.75455,41.03125,42.308804,33.049995,36.193424,30.946325,32.018036,34.029594,2.2221105,1.908067,6.281895,7.654707,1382.47,199.80879,-0.040527344,0.76101017,-0.003417969,20,30,0.37712175,0.43378338,0.28284875,0.2925186,0.37869775,0.6833245,0.80203784,13.4700775,13.89059,11.96964,14.992575,18.036566,21.313688,17.661785,15.877088,15.080281,16.250538,15.309085,16.10625,16.310843,20.29265,17.196777,16.847511,11.831796,11.359325,11.591047,10.277577,14.10412,16.891815,14.4125595,12.828772,12.701061,11.557262,12.25785,13.047012,14.3109255,16.468348,15.678278,13.641559,14.540239,13.770477,13.850034,14.210905,14.618151,18.568193,17.323833,15.164205,15.472173,17.122635,15.091199,15.060061,15.715073,15.547534,16.447464,15.716616,0.88567257,2.0650887,6.968301,0.4643332,29.84961,36.094154,34.62171,15.90499,16.649488,12.924034,13.717248,15.268834,15.779448,22.08
4446131.924,658124.7026,25.500362,1.1033683,0.750144,28.641045,30.259583,29.031534,26.71078,23.196318,38.451855,33.725517,40.469032,41.773266,45.428467,32.909557,36.196255,29.813478,32.030136,31.06169,2.2308786,1.8910507,6.4521785,7.739123,1382.5,201.30084,0.040039062,0.90676314,0.002197266,20,30,0.37712175,0.43378338,0.28284875,0.2925186,0.37869775,0.6833245,0.80203784,12.726107,13.485059,11.794701,14.847565,16.01649,19.97233,17.812916,15.139796,15.507403,16.083101,16.058401,14.701431,16.751774,19.394508,16.764376,16.691063,10.342662,12.596638,12.100042,10.879524,14.560332,16.780497,15.760013,13.061753,11.521349,11.713397,11.182357,13.207997,13.859055,16.046782,15.723785,13.162765,13.828888,13.229123,12.828158,13.910278,14.324627,17.539965,16.787527,14.529347,15.25999,17.146955,15.704628,15.346684,15.551629,16.060205,16.830133,15.924088,0.92675614,2.0609646,7.0956507,0.4643332,29.450314,36.088684,34.552906,15.236452,16.465857,13.288529,13.3221035,14.63551,15.985746,22.08
4446131.924,658129.7026,21.767563,1.1061234,0.8421576,28.717234,37.904724,28.450735,25.776423,23.116531,37.9365,33.262978,41.609123,42.52108,48.235607,32.851376,35.509693,28.850405,32.1248,28.541822,2.2342074,1.911027,6.6049256,7.8026004,1382.53,200.4702,0.040527344,1.0243483,0.002197266,20,30,0.37712175,0.43378338,0.28284875,0.2925186,0.37869775,0.6833245,0.80203784,13.396418,12.957991,13.56366,14.818735,16.152412,21.204796,17.738667,15.658397,15.680206,16.302164,15.357422,15.718923,16.943665,19.589312,16.322386,16.78988,10.240485,12.831744,10.638705,11.478582,15.6662855,16.717537,15.710215,13.069347,11.511376,11.691937,11.453378,12.723684,14.949755,16.089266,15.934717,13.299585,14.127409,13.431915,13.187134,13.602005,15.230174,16.551332,15.558309,14.351359,15.440053,15.701464,15.10383,14.347807,15.442908,16.008047,15.378897,15.226286,0.9741405,2.072617,7.203763,0.4643332,33.310978,35.59974,34.180534,15.690382,16.559155,13.3262205,13.479158,14.526896,15.346145,22.08
4446131.924,658134.7026,22.526487,1.1279298,0.91558075,29.103565,38.384666,27.646145,25.011574,22.995256,37.42854,32.69664,43.64856,43.068684,50.57624,32.881516,35.72877,27.75405,32.377136,27.072865,2.2448866,1.8948244,6.7527523,7.8667054,1382.56,198.89354,0.000976563,1.1052119,0.001220703,20,30,0.37712175,0.43378338,0.28284875,0.2925186,0.37869775,0.6833245,0.80203784,14.423941,13.989621,14.571744,15.950345,16.65325,21.818604,18.317062,16.537184,15.904927,16.738878,15.582144,16.05009,17.516068,19.971668,16.863352,17.17669,10.244523,12.835782,10.645015,11.48893,15.671332,16.72616,15.7248535,13.076447,11.912755,12.350889,11.620114,12.777456,15.407415,16.374681,16.33884,13.597947,14.556462,13.755254,13.62005,14.005092,15.671196,17.120005,16.192242,14.807322,15.868793,16.176083,15.554164,14.821547,15.910868,16.454525,15.849802,15.678612,1.0217552,2.0698555,7.3097286,0.4643332,33.744118,35.06259,34.305145,16.53208,16.946733,13.333799,13.826021,14.988615,15.805112,22.08
4446131.924,658139.7026,13.526511,1.13336,0.97111356,29.15401,38.399033,26.955275,24.358385,22.914389,36.94102,32.590977,44.94242,43.790794,52.702557,33.033207,35.856377,27.06685,32.20466,25.476074,2.2530937,1.8987386,6.8916674,7.926809,1382.59,196.62337,-0.000488281,1.1507428,0.001098633,20,30,0.37712175,0.43378338,0.28284875,0.2925186,0.37869775,0.6833245,0.80203784,12.376491,14.779261,12.916287,15.921751,17.542423,21.98063,17.289755,16.097425,15.933884,17.33573,15.852359,15.594157,17.858551,19.827253,17.241135,17.28479,10.06739,14.36365,10.8378,11.758455,15.725483,16.845514,15.128557,13.3994665,12.783205,12.795128,11.61439,13.431192,15.373268,16.858198,15.413144,13.947172,15.431807,13.502241,13.570765,14.380633,15.632224,17.013744,16.22423,14.985056,15.455679,16.37493,15.756315,16.157652,16.215193,16.874878,15.025177,16.019567,1.0522368,2.0759163,7.409238,0.4643332,33.77652,34.766,34.444794,16.115229,17.091867,13.532408,14.038362,15.107949,15.979975,22.08
4446131.924,658144.7026,20.300741,1.1337608,1.0254219,29.250822,38.21288,26.368757,23.790257,22.789843,36.46215,32.575855,45.975574,44.455254,53.91183,33.330727,36.021023,26.674173,32.0183,25.14788,2.2588525,1.9185127,7.0216317,7.982833,1382.62,195.14305,0.040039062,1.0975907,0.005615234,20,30,0.38510153,0.4321237,0.27710888,0.28675696,0.37153873,0.698153,0.8065088,12.10684,15.360112,11.798696,15.2661085,18.75269,20.891867,18.5716,15.921595,16.160015,16.972994,15.492777,15.9898405,17.753345,18.98346,16.863583,17.091486,10.054464,13.920937,10.578329,11.772476,15.458796,16.279558,14.594254,13.098516,12.154686,12.872984,11.97832,13.533249,14.619508,16.056168,15.6086855,13.724433,15.257637,14.688614,13.621211,14.253664,16.34756,17.08743,16.830656,15.1512165,16.655556,16.180851,15.701616,16.289059,15.440294,15.647603,14.258278,15.861072,1.0795913,2.0886827,7.5022326,0.46532735,33.73185,34.519005,34.675873,16.106846,16.888002,13.236974,13.831943,15.4409685,15.7390375,22.08
4446131.924,658149.7026,16.652122,1.1406685,1.0753844,29.249916,38.2273,25.949036,23.345467,22.64226,36.13593,32.45624,46.474895,44.900032,54.641846,33.66132,36.104332,26.545248,31.924679,24.763018,2.260195,1.9189347,7.130379,8.017886,1382.65,193.0009,0.28027344,0.95513904,0.013305664,20,30,0.38510153,0.4321237,0.27710888,0.28675696,0.37153873,0.698153,0.8065088,11.178132,14.649304,10.88868,14.155474,17.505348,19.763659,17.769543,14.944525,16.209854,16.979206,15.498991,16.033466,17.761112,18.98346,16.863583,17.109003,10.0222,13.851639,10.523074,11.731448,15.418478,16.217388,14.543917,13.049209,12.153681,12.867221,11.974817,13.536858,14.62837,16.05935,15.61673,13.725756,15.272696,14.703674,13.643801,14.261194,16.366386,17.093704,16.830656,15.16416,16.655556,16.180851,15.701616,16.289059,15.440294,15.647603,14.258278,15.861072,1.1080265,2.0895648,7.574133,0.46532735,33.73861,34.296085,34.882828,15.13002,16.904238,13.186876,13.833861,15.453158,15.7390375,22.08
4446131.924,658154.7026,17.196753,1.1182847,1.1328783,29.66961,37.951412,25.576244,22.971012,22.462656,36.0411,32.454544,46.479694,45.160427,54.310608,33.826344,36.36277,27.11134,31.873947,25.563261,2.2516701,1.9160372,7.232737,8.048599,1382.65,193.8175,-0.19970703,0.89970404,-0.006591797,20,30,0.38510153,0.4321237,0.27710888,0.28675696,0.37153873,0.698153,0.8065088,11.698482,15.469505,10.791644,14.0584545,18.097687,18.447824,18.923464,15.036055,16.525713,16.963705,15.505493,15.086374,18.027742,19.49505,17.069803,17.157583,9.943775,13.889809,12.1038,9.439859,14.181398,16.183004,15.313024,12.820218,12.586795,13.593994,11.58251,12.434688,14.629901,16.07541,15.331736,13.664999,15.019714,14.7265,12.919421,14.0321245,15.091961,16.95462,16.441488,14.767152,16.344412,16.392889,16.573612,15.887123,15.3283615,15.256569,15.861836,15.883729,1.1255815,2.0838537,7.640668,0.46532735,33.81051,34.24782,35.09456,15.355294,16.953411,13.007811,13.747862,15.026547,15.949258,22.08
4446131.924,658159.7026,15.966578,1.1203666,1.1893489,29.315271,37.28761,25.2746,22.669817,22.308826,35.868587,33.219063,46.33488,45.242695,53.953037,34.34653,36.201496,27.684078,31.926527,25.85048,2.2457209,1.9068371,7.325165,8.077598,1382.68,198.94066,0.000976563,1.0147871,-0.001098633,20,30,0.38510153,0.4321237,0.27710888,0.28675696,0.37153873,0.698153,0.8065088,12.22689,14.673566,10.564347,14.322372,17.551012,19.318392,17.608442,14.868997,16.26188,16.667042,15.662558,15.705587,18.198133,19.031506,16.997164,17.066132,10.053548,13.176267,11.769328,9.243893,14.52277,15.769363,16.058754,12.689425,11.975124,13.7685375,11.22011,12.884033,15.394947,16.354216,15.840976,13.82903,14.540802,15.240613,12.436798,13.819875,15.6192875,16.587284,16.911327,14.707591,16.08473,17.35544,16.031696,15.8434925,15.232136,16.62628,16.449919,16.197739,1.1548578,2.076279,7.701381,0.46532735,33.30144,34.543823,35.274014,15.180717,16.931982,12.941989,13.919706,15.0222845,16.231958,22.08
4446131.924,658164.7026,36.888252,1.1325953,1.2409844,29.092726,37.36414,25.126598,22.381786,22.129335,35.71323,33.159325,45.629097,45.154293,53.191383,34.890244,36.25467,28.290304,32.17509,26.779469,2.236368,1.9011632,7.4344826,8.061813,1382.72,199.84496,0.15917969,1.0964437,0.011108398,20,30,0.38510153,0.4321237,0.27710888,0.28675696,0.37153873,0.698153,0.8065088,12.22689,14.673566,10.564347,14.322372,17.551012,19.318392,17.608442,14.868997,16.26188,16.667042,15.662558,15.705587,18.198133,19.031506,16.997164,17.066132,10.053548,13.176267,11.769328,9.243893,14.52277,15.769363,16.058754,12.689425,11.975124,13.7685375,11.22011,12.884033,15.394947,16.354216,15.840976,13.82903,14.540802,15.240613,12.436798,13.819875,15.6192875,16.587284,16.911327,14.707591,16.08473,17.35544,16.031696,15.8434925,15.232136,16.62628,16.449919,16.197739,1.1867899,2.0687656,7.748148,0.46532735,33.22843,34.43628,35.572456,15.180717,16.931982,12.941989,13.919706,15.0222845,16.231958,22.08
4446131.924,658169.7026,34.08465,1.1403733,1.2877492,29.176773,38.23497,24.869781,22.111502,21.929823,35.524487,32.206123,44.978382,44.626186,52.29066,35.409103,36.650246,28.947151,33.009388,28.320309,2.218326,1.8897084,7.5575056,8.057444,1382.75,197.4581,0.12011719,1.0507187,0.012207031,20,30,0.38510153,0.4321237,0.27710888,0.28675696,0.37153873,0.698153,0.8065088,11.659697,14.547282,10.458866,13.993013,18.488844,20.67842,18.922878,15.26329,15.873797,16.260319,14.960689,15.978663,18.420427,19.99085,16.887352,17.048431,10.168595,11.849565,11.5420475,9.895635,14.715461,16.392248,14.933011,12.626489,11.765837,12.8817425,12.139405,13.455585,15.400705,17.839651,15.90943,14.13617,13.295471,15.16403,13.461484,13.52669,15.704571,15.14136,15.031364,14.328421,16.47043,17.08492,16.269136,16.117805,15.261627,15.37862,14.744847,16.026678,1.2140613,2.0540173,7.8074746,0.46532735,33.70587,33.865303,36.029675,15.535573,16.9103,12.785224,14.198908,14.474997,15.903913,22.08
4446131.924,658174.7026,23.070429,1.15157,1.3382161,29.086136,38.23182,24.525034,21.893627,21.747274,35.295124,32.074272,44.689114,44.472904,51.81217,36.032425,36.945557,29.373196,33.205097,28.797308,2.2002199,1.8752967,7.6664953,8.069045,1382.78,186.90964,0.40039062,0.95190626,0.024536133,20,30,0.3864108,0.43752354,0.2738685,0.2795737,0.35639465,0.6707263,0.86818755,11.185236,13.752068,10.138801,13.856268,17.500341,19.089823,18.544476,14.624191,16.649088,16.497263,15.335043,16.053984,19.060505,19.741179,17.83643,17.419857,14.426478,17.137882,15.695073,16.625557,20.329212,19.131006,18.886673,17.412567,14.340375,13.580072,13.605654,14.616031,16.168308,17.836931,16.742886,15.258642,15.198321,14.550342,13.142941,14.254109,16.398548,16.098352,16.197231,14.933167,16.79093,16.733881,16.661806,17.24114,15.278421,15.677383,14.985446,16.382896,1.2448931,2.0377584,7.86777,0.46752644,33.658978,33.6847,36.48899,14.866716,17.3105,17.461697,15.270037,15.119978,16.195572,22.08
4446131.924,658179.7026,32.128212,1.1346622,1.3287007,28.567324,38.169537,24.491453,21.927683,21.782791,35.513077,32.310513,44.613873,43.67489,50.338295,36.037773,36.65194,29.108858,33.188076,29.799744,2.1851025,1.8481612,7.6917615,8.023385,1382.76,175.15201,-0.119628906,0.84821147,0,20,30,0.3864108,0.43752354,0.2738685,0.2795737,0.35639465,0.6707263,0.86818755,11.416788,13.998411,10.311263,13.979335,17.54067,19.512869,18.773138,14.84359,16.128433,16.416212,15.296234,15.972188,17.989086,19.026754,16.848171,16.983532,10.17968,12.769406,10.393059,9.773965,14.49833,15.835629,15.116568,12.481253,12.717941,11.957637,11.749011,13.336398,15.5827875,17.442616,15.823074,14.024306,15.198321,14.550342,13.142941,14.254109,15.688393,15.355571,15.305891,14.654622,16.79093,16.733881,16.661806,17.24114,15.278421,15.677383,14.985446,16.382896,1.2316813,2.0166318,7.8575735,0.46752644,33.36843,33.911797,36.344856,15.076068,16.81101,12.652376,14.087067,14.785081,16.195572,22.08
4446131.924,658184.7026,37.052532,1.1254501,1.3199346,28.549929,38.175106,24.450565,22.112,21.792955,35.826515,32.645084,45.094887,43.307568,48.58595,35.664112,36.028145,28.648178,33.357964,30.79612,2.183858,1.8453401,7.6467113,7.98769,1382.76,166.52437,0.20019531,0.736792,0.010009766,20,30,0.3864108,0.43752354,0.2738685,0.2795737,0.35639465,0.6707263,0.86818755,12.12056,14.572273,10.775512,15.195663,18.159538,20.456867,18.275524,15.506249,16.159882,16.511389,15.000132,15.629744,17.804556,19.25488,16.98137,16.902855,10.137072,12.427302,10.412802,9.606257,14.97486,16.383245,15.315906,12.54228,12.27357,11.161524,11.635625,13.623095,15.401305,17.92677,16.11735,13.827235,14.8895645,14.26089,13.076779,14.777188,14.99028,15.70044,15.011144,14.579682,16.930037,16.88086,15.372206,16.462109,15.419586,16.107626,15.713366,16.294537,1.2226924,2.014599,7.8172007,0.46752644,33.36252,34.2358,35.84613,15.650848,16.763136,12.751062,14.01989,14.672327,16.126543,22.08
4446131.924,658189.7026,34.176964,1.1069882,1.285032,28.081017,39.14318,24.329628,22.278275,21.738247,36.281277,33.031425,45.78602,42.765327,47.014343,35.265728,35.243416,27.880701,33.414528,31.428799,2.1797063,1.8450714,7.6338744,7.9486313,1382.73,157.10593,-0.080566406,0.6997746,-0.001098633,20,30,0.3864108,0.43752354,0.2738685,0.2795737,0.35639465,0.6707263,0.86818755,12.147674,15.351618,10.406809,15.711351,17.108946,19.263233,18.015282,15.259063,15.524439,16.216547,15.473593,15.776552,17.884117,18.351973,16.577017,16.692657,10.470202,12.350985,10.9551935,10.076567,14.376737,16.72168,15.495871,12.654019,12.101515,11.365741,11.313686,13.403979,14.202578,17.342981,15.829822,13.465816,14.918808,13.459284,13.703969,14.564821,14.854484,15.057434,14.92717,14.368741,16.042881,17.668768,15.578267,15.360082,14.476887,14.779239,16.022663,15.71361,1.1960101,2.012389,7.791253,0.46752644,33.6121,34.65635,35.25457,15.429273,16.543463,12.921033,13.651471,14.497995,15.70411,22.08
4446131.924,658194.7026,28.249382,1.1085969,1.2708516,27.944204,38.633057,23.881617,22.519741,21.697828,36.49159,33.963158,46.75465,42.09758,45.5052,35.15754,34.390995,27.851791,33.577892,32.27445,2.1721191,1.8290371,7.6065307,7.920169,1382.71,151.38731,0.07910156,0.71779615,0.006591797,20,30,0.3864108,0.43752354,0.2738685,0.2795737,0.35639465,0.6707263,0.86818755,12.147674,15.351618,10.406809,15.711351,17.108946,19.263233,18.015282,15.259063,15.524439,16.216547,15.473593,15.776552,17.884117,18.351973,16.577017,16.692657,10.470202,12.350985,10.9551935,10.076567,14.376737,16.72168,15.495871,12.654019,12.101515,11.365741,11.313686,13.403979,14.202578,17.342981,15.829822,13.465816,14.918808,13.459284,13.703969,14.564821,14.854484,15.057434,14.92717,14.368741,16.042881,17.668768,15.578267,15.360082,14.476887,14.779239,16.022663,15.71361,1.1897242,2.0005782,7.7633495,0.46752644,33.28863,35.22737,34.77427,15.429273,16.543463,12.921033,13.651471,14.497995,15.70411,22.08
4446131.924,658199.7026,28.071682,1.1029832,1.2510548,27.874313,38.62469,23.54553,22.825848,21.715282,36.755802,34.387585,47.373375,41.522797,44.08916,35.01304,33.878128,27.533516,33.812714,32.939407,2.1610346,1.812707,7.580969,7.883167,1382.68,146.32146,0.16113281,0.7229804,0.008911133,20,30,0.3864108,0.43752354,0.2738685,0.2795737,0.35639465,0.6707263,0.86818755,13.133252,14.968901,11.0320835,16.41243,15.636961,18.92388,18.26951,15.260625,15.095251,16.469765,14.937335,16.901485,17.229263,19.145033,17.118145,16.84739,11.337344,11.646025,12.525569,11.486379,14.301473,16.104439,15.349523,13.074209,12.876567,11.800835,12.228017,13.248975,14.011011,15.938886,15.760831,13.539941,15.964206,13.781407,13.596334,14.161951,14.753493,14.899459,14.27487,14.440769,14.569479,17.106668,15.463445,14.572725,17.209824,16.236258,15.4453125,15.8146305,1.177019,1.9868708,7.732068,0.46752644,33.249504,35.571693,34.445583,15.482431,16.699469,13.250108,13.695018,14.490247,15.80053,22.08
4446131.924,658204.7026,21.910961,1.0944111,1.2129285,27.394098,38.112206,23.25847,23.205538,21.8394,37.008915,35.068798,47.657856,40.89169,43.005882,35.081703,33.337215,28.085934,33.623188,32.96702,2.1451888,1.7725989,7.535141,7.8373356,1382.64,136.54918,0.080078125,0.74998206,0.011108398,20,30,0.3869539,0.44069475,0.27091718,0.2536575,0.3286892,0.6849433,0.7957214,12.839399,15.744176,11.827635,16.154495,16.298916,20.220613,18.648207,15.853957,14.755938,16.312374,15.107147,16.772005,17.145386,20.093216,17.25565,16.95169,10.385054,12.424515,13.131378,11.369553,14.133268,17.190676,15.770033,13.396742,12.027012,11.527338,11.865938,13.188558,13.618097,16.653719,16.400396,13.468897,15.220019,14.321886,13.528506,13.614636,12.805951,15.1779785,14.391368,14.144432,15.666464,16.607609,15.761731,14.469182,16.44623,16.693417,15.098091,15.886297,1.1536698,1.9588938,7.6862383,0.4516539,32.75315,36.038857,34.209457,15.961921,16.777388,13.486354,13.61158,14.151477,15.820388,22.08
4446131.924,658209.7026,23.824875,1.0820725,1.1762153,27.263794,38.10329,23.925003,23.732903,22.054605,37.284595,35.423157,46.95776,40.403156,42.1966,35.08197,32.92989,28.431307,33.758682,33.279686,2.123487,1.767933,7.3952427,7.7684126,1382.59,133.36171,0.07910156,0.70920336,0.002197266,20,30,0.3869539,0.44069475,0.27091718,0.2536575,0.3286892,0.6849433,0.7957214,12.839399,15.744176,11.827635,16.154495,16.298916,20.220613,18.648207,15.853957,14.755938,16.312374,15.107147,16.772005,17.145386,20.093216,17.25565,16.95169,10.385054,12.424515,13.131378,11.369553,14.133268,17.190676,15.770033,13.396742,12.027012,11.527338,11.865938,13.188558,13.618097,16.653719,16.400396,13.468897,15.220019,14.321886,13.528506,13.614636,12.805951,15.1779785,14.391368,14.144432,15.666464,16.607609,15.761731,14.469182,16.44623,16.693417,15.098091,15.886297,1.129144,1.94571,7.5818276,0.4516539,32.68354,36.353874,34.005928,15.961921,16.777388,13.486354,13.61158,14.151477,15.820388,22.08
4446126.924,658074.7026,16.181732,1.2669904,0.7213103,27.43934,32.19158,36.98293,28.71124,23.345247,34.99973,31.56294,32.16946,35.046402,38.91571,37.828976,36.592754,31.488228,36.600307,37.98803,2.4453917,1.9601842,6.1375613,7.433939,1382.47,142.83618,-0.000488281,0.5930525,-0.001098633,45,30,0.36967543,0.44068784,0.28382248,0.2606274,0.32462433,0.6673137,0.8615573,12.751622,14.158228,11.40526,14.669408,19.189047,22.44999,17.485462,16.0343,15.33862,16.428337,14.838394,15.775375,16.409994,21.466269,16.745493,17.013567,11.048533,13.496036,11.431821,9.760798,14.732396,17.261208,15.315222,13.119452,12.952417,11.512889,12.071638,12.071592,14.792711,16.949062,15.480832,13.591777,14.665616,14.168857,14.139483,13.123596,17.52457,18.775183,18.120785,15.497117,15.022319,16.19952,14.568494,15.068077,16.276165,16.10408,15.716232,15.490187,0.9941504,2.2027879,6.7857504,0.45832977,29.81546,33.281334,37.210865,16.015574,16.71464,13.292288,13.690164,15.7883,15.564984,22.08
4446126.924,658079.7026,16.44293,1.2378181,0.7115834,28.15816,31.404892,37.346046,28.183552,23.53969,35.50136,31.50518,33.600845,36.4472,40.115902,37.061165,37.005875,30.191214,35.928005,36.74756,2.4082398,1.9494125,6.108492,7.4245543,1382.44,148.1274,-0.000976563,0.6238437,-0.001220703,20,30,0.36967543,0.44068784,0.28382248,0.2606274,0.32462433,0.6673137,0.8615573,13.908145,15.603144,12.772138,15.799438,20.01601,23.15439,18.209751,17.120329,15.337578,16.428337,14.838394,15.775375,16.13971,21.431688,16.703997,16.966652,11.035341,13.63279,11.403834,9.775093,14.790182,17.262598,15.281183,13.142451,13.053967,11.580589,12.139337,12.281555,14.915321,17.176146,15.690794,13.736451,14.54952,13.936663,13.907288,12.891401,17.52457,18.775183,18.004688,15.370136,15.022505,16.198381,14.568494,15.068077,16.266218,16.098799,15.716232,15.487803,0.97470075,2.178826,6.7665234,0.45832977,29.781525,33.503273,37.03352,17.066145,16.66501,13.311574,13.833959,15.655618,15.562673,22.08
4446126.924,658084.7026,18.245823,1.2007226,0.70111537,28.063768,31.205763,37.465904,27.830011,23.58618,36.06396,31.787003,34.01774,37.748566,41.15807,36.337654,36.892796,29.771315,34.86655,35.723644,2.3621564,1.929069,6.0938644,7.420257,1382.41,157.17128,-0.119140625,0.59036696,-0.00769043,45,30,0.3659266,0.4378043,0.28419557,0.27584568,0.36606267,0.6915101,0.7891391,13.653331,15.5301285,12.695466,15.359517,18.360004,22.439478,18.208878,16.616026,15.43603,16.289806,14.962934,15.813944,16.601246,20.011408,17.186255,16.810617,11.018302,13.891195,11.521147,9.989379,14.980378,16.371294,14.6078825,13.05291,12.444891,11.272673,12.041061,12.551856,15.517957,17.313524,16.53797,13.783805,14.519342,13.372958,13.314868,13.414391,17.246498,18.325485,17.070108,15.15905,14.394888,16.206665,15.1689205,16.572506,16.059805,15.91109,16.099327,15.757897,0.950919,2.1456127,6.757061,0.45864055,29.634766,33.925484,36.615227,16.606686,16.614517,13.197082,13.954276,15.323379,15.773314,22.08
4446126.924,658089.7026,20.458889,1.1870228,0.6896154,28.072601,31.268536,36.99769,27.577368,23.491997,36.61071,32.12238,34.605846,38.546494,41.78318,35.642395,36.630302,29.707294,34.382465,35.08503,2.330165,1.9269655,6.0889087,7.4278646,1382.4,166.98967,0.000488281,0.5731751,-0.001098633,45,30,0.3659266,0.4378043,0.28419557,0.27584568,0.36606267,0.6915101,0.7891391,13.13197,14.367345,12.685423,15.621653,18.816442,22.376375,20.030392,16.510672,15.490408,15.560259,15.269133,15.894785,16.886532,19.894485,16.903286,16.77832,12.80972,13.300984,12.3349,10.983782,14.138311,16.683601,14.997266,13.55574,12.737374,11.46472,11.580575,12.791862,14.55365,17.377226,15.814447,13.696066,15.123675,13.549814,14.561014,13.907535,16.061176,18.177519,17.063318,15.388139,14.911,16.716812,16.357435,16.61328,15.951385,16.444326,16.556826,16.206003,0.9383191,2.1285653,6.7583866,0.45864055,29.670568,34.366547,36.13635,16.718515,16.556986,13.606938,13.759979,15.492007,16.22158,22.08
4446126.924,658094.7026,24.286673,1.1725717,0.67400694,28.109026,31.266468,36.12838,27.469004,23.515121,37.049484,32.25799,35.15066,38.915527,41.945168,35.0629,36.492706,29.78082,34.128113,34.815765,2.3077972,1.927084,6.1002507,7.4476485,1382.39,174.28249,-0.03955078,0.5756625,-0.003295898,45,30,0.3659266,0.4378043,0.28419557,0.27584568,0.36606267,0.6915101,0.7891391,13.13197,14.367345,12.685423,15.621653,18.816442,22.376375,20.030392,16.510672,15.490408,15.560259,15.269133,15.894785,16.886532,19.894485,16.903286,16.77832,12.80972,13.300984,12.3349,10.983782,14.138311,16.683601,14.997266,13.55574,12.737374,11.46472,11.580575,12.791862,14.55365,17.377226,15.814447,13.696066,15.098369,13.566394,14.585874,13.935934,16.124218,18.19312,17.195961,15.413801,14.912041,16.716812,16.357435,16.61328,15.881656,16.374598,16.47315,16.180017,0.9232893,2.1174407,6.7739496,0.45864055,29.687748,34.65374,35.7778,16.718515,16.556986,13.606938,13.759979,15.528552,16.189854,22.08
4446126.924,658099.7026,23.989784,1.1826152,0.66148806,28.115925,31.133717,34.962887,27.444124,23.485926,37.41273,32.173378,35.759663,39.10935,41.957638,34.60321,36.56873,30.126902,33.937954,34.553085,2.2802267,1.8989955,6.1120434,7.4759173,1382.39,175.81012,0.040527344,0.5887086,0.002319336,45,30,0.3659266,0.4378043,0.28419557,0.27584568,0.36606267,0.6915101,0.7891391,12.827528,13.589266,13.899887,14.890579,19.284094,20.99969,19.78962,16.169374,15.953038,16.237158,14.849401,16.000982,17.397951,19.547625,16.230526,16.82254,12.5547085,12.981761,12.1170025,10.359385,15.391621,15.219279,14.70314,13.214864,12.489468,11.527259,11.59244,11.9728565,15.456901,15.984065,15.02702,13.279554,13.989883,13.137878,13.159494,13.733446,17.178585,17.759134,17.12097,14.972598,16.047396,16.878351,15.023367,16.09347,16.574856,15.67258,16.029331,16.116238,0.9220516,2.089611,6.7939806,0.45864055,29.62482,34.793053,35.585968,16.468666,16.602383,13.332414,13.435716,15.154198,16.04562,22.08
4446126.924,658104.7026,20.31538,1.1756474,0.63652706,28.144632,31.128935,33.718853,27.514376,23.477976,37.828495,32.353283,36.346504,39.39362,41.85804,34.12131,36.44759,30.397503,33.62138,34.560925,2.260298,1.8979524,6.136482,7.508239,1382.38,177.39455,-0.079589844,0.63079625,-0.006591797,45,30,0.3659266,0.4378043,0.28419557,0.27584568,0.36606267,0.6915101,0.7891391,12.827528,13.589266,13.899887,14.890579,19.284094,20.99969,19.78962,16.169374,15.953038,16.237158,14.849401,16.000982,17.397951,19.547625,16.230526,16.82254,12.5547085,12.981761,12.1170025,10.359385,15.391621,15.219279,14.70314,13.214864,12.489468,11.527259,11.59244,11.9728565,15.456901,15.984065,15.02702,13.279554,13.989883,13.137878,13.159494,13.733446,17.178585,17.759134,17.12097,14.972598,16.047396,16.878351,15.023367,16.09347,16.574856,15.67258,16.029331,16.116238,0.9060872,2.0791252,6.82236,0.45864055,29.636784,35.09089,35.28445,16.468666,16.602383,13.332414,13.435716,15.154198,16.04562,22.08
4446126.924,658109.7026,29.195097,1.1558118,0.6208436,28.610796,31.387436,32.460663,27.635416,23.321371,38.188053,32.35569,37.04923,39.72142,41.913788,33.681774,36.350952,30.56531,33.398624,34.52449,2.2406468,1.9095691,6.1535087,7.5438685,1382.38,186.07872,-0.15966797,0.67695844,-0.00769043,45,30,0.3659266,0.4378043,0.28419557,0.27584568,0.36606267,0.6915101,0.7891391,13.205536,14.413402,13.139692,14.990763,19.548561,21.218454,19.32671,16.31266,15.961136,16.320988,14.471332,15.988581,17.345663,19.385765,16.6271,16.82141,13.5005245,13.809008,11.4191675,10.098634,15.146933,16.84668,14.208162,13.587421,12.906157,10.554751,11.453545,12.400165,15.428321,16.20582,16.228558,13.355138,14.343717,13.19544,12.548796,14.159024,16.217804,17.869398,17.933554,14.861328,16.240597,17.233551,14.864049,16.942188,16.761946,15.315326,15.024014,16.101252,0.8883277,2.075108,6.8486886,0.45864055,29.999115,35.271873,35.016365,16.549015,16.585794,13.575586,13.596761,15.181106,16.054523,22.08
4446126.924,658114.7026,28.576986,1.1248105,0.6085147,28.681519,31.056278,31.204674,27.662344,23.172087,38.469246,32.6993,38.10275,40.374626,42.28575,33.343056,36.275276,30.53507,32.73373,34.142075,2.2252495,1.9091712,6.1962166,7.5834084,1382.4,190.41786,0.12060547,0.7135864,0.004516602,45,30,0.37712175,0.43378338,0.28284875,0.2925186,0.37869775,0.6833245,0.80203784,13.2217455,14.980429,13.954216,15.822363,18.84751,21.517054,18.009693,16.614017,15.7268095,16.48261,14.971682,15.2490635,17.03076,19.425909,16.668583,16.659954,12.616188,11.577539,11.632032,10.475269,14.113199,16.29389,14.669363,12.908672,11.917354,10.889931,11.61585,12.585341,16.261108,17.035696,15.7990265,13.606073,14.1541,13.657455,14.333699,14.509058,14.371045,17.885384,16.879112,15.06858,14.496323,16.81194,15.5473585,16.058575,16.21336,16.164534,15.079953,15.873458,0.8666626,2.0672104,6.8898125,0.4643332,29.868898,35.584274,34.809166,16.621859,16.507917,13.053926,13.729187,15.112837,15.767435,22.08
4446126.924,658119.7026,23.362505,1.0985636,0.63856155,28.616457,30.265448,30.21937,27.233135,23.153492,38.42047,33.690254,39.417084,41.07165,43.690727,33.07232,36.028393,29.984514,32.213676,32.731106,2.2144182,1.8877492,6.2856526,7.6445932,1382.41,191.73561,0.040527344,0.7753726,0.002319336,20,30,0.37712175,0.43378338,0.28284875,0.2925186,0.37869775,0.6833245,0.80203784,13.2217455,14.980429,13.954216,15.822363,18.84751,21.517054,18.009693,16.614017,15.7268095,16.48261,14.971682,15.2490635,17.03076,19.425909,16.668583,16.659954,12.616188,11.577539,11.632032,10.475269,14.113199,16.29389,14.669363,12.908672,11.917354,10.889931,11.61585,12.585341,16.261108,17.035696,15.7990265,13.606073,14.1541,13.657455,14.333699,14.509058,14.371045,17.885384,16.879112,15.06858,14.496323,16.81194,15.5473585,16.058575,16.21336,16.164534,15.079953,15.873458,0.8685626,2.0510836,6.965123,0.4643332,29.440952,36.055363,34.550354,16.621859,16.507917,13.053926,13.729187,15.112837,15.767435,22.08
4446126.924,658124.7026,26.197472,1.0934179,0.7010726,28.681206,30.266073,29.44927,26.440691,23.117422,38.02879,33.58741,40.656815,41.745163,45.866783,32.94086,36.15196,29.327463,32.204914,30.863554,2.223245,1.8926364,6.41562,7.712892,1382.42,192.018,-0.07910156,0.89342564,-0.003295898,20,30,0.37712175,0.43378338,0.28284875,0.2925186,0.37869775,0.6833245,0.80203784,12.99762,16.435345,12.793601,16.104544,18.609003,20.74959,19.578194,16.54485,15.530214,16.124176,15.32292,15.080505,16.83686,18.572569,16.656942,16.413713,10.548802,11.855522,11.153517,10.838575,14.7282505,15.584584,15.541797,12.630784,11.850521,11.146332,11.724672,12.464831,15.725885,16.698704,16.073826,13.511313,13.43543,14.012733,13.006195,14.040256,14.22887,17.354502,15.90318,14.43105,14.301405,16.478935,15.626915,15.542172,16.034492,15.671275,17.020895,15.645215,0.8972452,2.0579407,7.0642557,0.4643332,29.47364,35.808098,34.54641,16.752556,16.303455,12.893006,13.669252,14.568738,15.810869,22.08
4446126.924,658129.7026,21.35129,1.0994768,0.7729844,28.750332,37.92524,28.831842,25.663275,22.987545,37.660027,33.174156,41.80772,42.52459,48.230473,32.828484,35.32894,28.37849,32.163403,28.7885,2.2232268,1.9133693,6.5507503,7.775542,1382.44,194.41167,-0.041015625,1.0354291,-0.003417969,20,30,0.37712175,0.43378338,0.28284875,0.2925186,0.37869775,0.6833245,0.80203784,14.093168,16.104862,11.853656,15.836095,17.2763,21.704681,19.010807,16.36521,15.486811,15.911186,15.37912,15.447578,17.071651,19.062721,16.884682,16.593168,10.932912,12.223711,11.002241,10.099299,14.11552,15.796603,15.261148,12.531391,12.686895,11.60037,11.959966,13.207614,15.153455,15.985207,15.557813,13.576891,14.173144,13.863686,12.490572,12.980082,13.602907,16.135777,15.155222,13.853184,16.537504,16.821793,15.510877,15.376358,14.699819,15.097594,15.412741,15.478465,0.9362306,2.068298,7.163146,0.4643332,33.337784,35.41709,34.078712,16.554224,16.463392,12.775919,13.735903,14.057342,15.636671,22.08
4446126.924,658134.7026,21.111063,1.1011343,0.8235726,28.808823,37.942673,28.110144,24.968605,22.900335,37.193123,33.070248,43.243073,43.3654,50.53255,32.849655,35.415775,27.537977,31.935938,26.991083,2.2325852,1.9200225,6.6868896,7.8447065,1382.47,195.6457,0.079589844,1.1156732,0.003295898,20,30,0.37712175,0.43378338,0.28284875,0.2925186,0.37869775,0.6833245,0.80203784,12.772636,14.728531,10.416432,14.637479,16.485388,20.93638,18.433735,15.253969,15.486811,15.911186,15.382319,15.489075,17.071651,19.131884,17.10091,16.619602,10.950687,12.082845,11.039484,10.119364,14.139205,15.775523,15.29306,12.521772,12.585347,11.491956,11.858416,13.072217,14.933314,15.841329,15.425875,13.435626,14.289243,13.952154,12.838862,13.071386,14.247049,16.2095,15.152753,14.048176,16.53732,16.824066,15.512014,15.376358,15.004621,15.104926,15.42202,15.518445,0.96235347,2.076304,7.265798,0.4643332,33.375748,35.131683,34.132713,15.4872265,16.510548,12.771452,13.601207,14.251565,15.683046,22.08
4446126.924,658139.7026,16.052288,1.103418,0.8628234,28.864826,37.95926,27.403952,24.344824,22.778957,36.705437,32.96959,44.763443,44.28866,52.718674,32.92613,35.52118,26.615116,31.60335,25.350555,2.239277,1.9260234,6.8187037,7.912602,1382.49,194.38808,-0.080078125,1.1531528,-0.002197266,20,30,0.37712175,0.43378338,0.28284875,0.2925186,0.37869775,0.6833245,0.80203784,11.3991375,13.283839,12.495472,13.665756,17.855576,20.18841,18.748796,15.049314,14.96092,16.170614,15.134026,15.898984,17.008158,19.187227,17.18753,16.609688,10.900496,12.389573,10.985394,10.102905,14.107153,16.270245,15.352264,12.636582,11.034335,11.091932,11.57211,13.563731,13.9072275,16.336477,15.875113,13.113132,14.296397,14.34178,13.117447,13.299477,14.448992,16.52543,15.824713,14.299638,16.322765,15.845133,15.555311,16.45674,15.183874,15.5985565,14.8151655,15.620118,0.9831207,2.0826502,7.365653,0.4643332,33.41204,34.837513,34.223656,15.376712,16.506779,12.872576,13.340133,14.550605,15.6825075,22.08
4446126.924,658144.7026,21.42977,1.129188,0.91423845,29.333153,38.23846,26.5752,23.762579,22.48246,36.268387,32.50683,47.0869,44.80494,53.75715,33.040333,35.740257,25.517067,31.757355,25.706873,2.244919,1.9244498,6.9533916,7.9770675,1382.52,195.02534,0.040039062,1.2158797,0.001098633,20,30,0.38510153,0.4321237,0.27710888,0.28675696,0.37153873,0.698153,0.8065088,10.881561,14.648514,11.146337,13.989912,18.54651,21.174788,17.03206,15.310789,15.332193,16.672441,15.881729,15.746081,16.879707,18.094381,16.858974,16.626411,11.180269,13.480936,11.232246,10.357121,14.297884,15.767391,14.66786,12.859617,11.331793,11.453957,11.941456,13.044495,13.903316,16.095076,15.301758,13.183994,14.614067,13.6906185,13.731346,13.41353,15.190609,16.764345,15.628758,14.5015545,15.419729,15.860044,15.467331,15.928538,15.123512,15.141929,15.33045,15.299985,1.0217133,2.0846844,7.4652295,0.46532735,33.785805,34.387608,34.390297,15.345668,16.495073,12.997672,13.295978,14.719039,15.467362,22.08
4446126.924,658149.7026,14.4075165,1.1153651,0.9678278,29.23159,37.700413,26.058388,23.347507,22.305342,36.00721,33.20426,47.617676,45.483356,54.5473,33.31895,35.57871,25.629087,31.303814,25.00972,2.2425797,1.9138992,7.0558085,8.023846,1382.55,196.68721,0.000976563,1.1963774,0.004516602,20,30,0.38510153,0.4321237,0.27710888,0.28675696,0.37153873,0.698153,0.8065088,10.881561,14.648514,11.146337,13.989912,18.54651,21.174788,17.03206,15.310789,15.332193,16.672441,15.881729,15.746081,16.879707,18.094381,16.858974,16.626411,11.180269,13.480936,11.232246,10.357121,14.297884,15.767391,14.66786,12.859617,11.331793,11.453957,11.941456,13.044495,13.903316,16.095076,15.301758,13.183994,14.614067,13.6906185,13.731346,13.41353,15.190609,16.764345,15.628758,14.5015545,15.419729,15.860044,15.467331,15.928538,15.123512,15.141929,15.33045,15.299985,1.0415964,2.0782394,7.5398273,0.46532735,33.466003,34.605736,34.44883,15.345668,16.495073,12.997672,13.295978,14.719039,15.467362,22.08
4446126.924,658154.7026,16.715286,1.103631,1.0505742,29.419506,37.30282,25.76987,23.045053,22.264492,36.07223,33.39717,47.231968,45.385376,53.894424,33.50358,35.634567,26.522108,31.63333,25.986692,2.2387714,1.9185818,7.1417403,8.048949,1382.59,195.93748,0.359375,1.0429336,0.016601562,20,30,0.38510153,0.4321237,0.27710888,0.28675696,0.37153873,0.698153,0.8065088,12.211874,15.90844,11.522402,15.756752,18.30307,21.806402,18.705296,16.175247,15.737854,16.998642,15.274577,15.852506,18.280735,20.061596,17.086245,17.282804,10.705235,13.844261,12.270584,9.945178,14.251907,16.337635,14.028127,13.018203,12.625885,12.981502,12.042639,12.313224,14.549463,16.837618,16.024105,13.756931,15.555916,13.740061,13.758883,14.058565,14.934288,17.828009,16.504004,14.965452,16.459785,16.28681,15.449259,14.926214,15.322363,16.580162,14.900371,15.788097,1.0771027,2.0786767,7.5953445,0.46532735,33.36116,34.734703,34.569073,16.316319,17.041737,13.054704,13.910634,15.197104,15.703567,22.08
4446126.924,658159.7026,16.876837,1.1136838,1.1240485,29.362858,37.316505,25.617815,22.800629,22.131184,36.004818,33.299282,46.64615,45.50057,53.31093,33.906834,35.633366,27.153883,31.67291,26.522028,2.2361271,1.9147093,7.217869,8.058506,1382.59,191.63393,-0.2006836,0.9944371,-0.005615234,20,30,0.38510153,0.4321237,0.27710888,0.28675696,0.37153873,0.698153,0.8065088,13.497304,16.056736,11.931982,15.085223,19.383717,22.499086,18.201935,16.495508,15.796072,17.222513,15.576033,15.280362,17.871746,20.873367,16.616604,17.291752,10.835044,15.57204,11.748,9.684343,14.143733,16.975239,14.2093,13.303289,12.766206,13.37341,11.800533,12.519176,15.233473,16.8182,15.868075,13.902868,14.777807,14.73335,13.61111,14.08563,15.64957,18.358955,16.368702,15.169254,15.844528,16.29628,15.354709,16.148802,14.917995,16.242632,14.326597,15.668774,1.1188662,2.0754182,7.6381874,0.46532735,33.339684,34.65205,34.7701,16.66514,17.033813,13.30967,14.0541525,15.369304,15.59022,22.08
4446126.924,658164.7026,33.652058,1.1251178,1.1897076,29.148884,37.39763,25.470657,22.5583,21.991785,35.95076,33.291126,45.849194,45.431805,52.44498,34.334003,35.542,27.858507,31.905554,27.40477,2.2306461,1.9115112,7.307081,8.039616,1382.61,194.38808,-0.12011719,1.1531528,-0.010009766,20,30,0.38510153,0.4321237,0.27710888,0.28675696,0.37153873,0.698153,0.8065088,13.497304,16.056736,11.931982,15.085223,19.383717,22.499086,18.201935,16.495508,15.796072,17.222513,15.576033,15.280362,17.871746,20.873367,16.616604,17.291752,10.835044,15.57204,11.748,9.684343,14.143733,16.975239,14.2093,13.303289,12.766206,13.37341,11.800533,12.519176,15.233473,16.8182,15.868075,13.902868,14.777807,14.73335,13.61111,14.08563,15.64957,18.358955,16.368702,15.169254,15.844528,16.29628,15.354709,16.148802,14.917995,16.242632,14.326597,15.668774,1.1574128,2.0710788,7.6733484,0.46532735,33.273254,34.62094,34.938004,16.66514,17.033813,13.30967,14.0541525,15.369304,15.59022,22.08
4446126.924,658169.7026,35.329044,1.1300174,1.2412802,29.2664,38.275185,25.252401,22.35543,21.842197,35.8844,32.3496,45.20609,44.909508,51.324318,34.630604,35.76244,28.491776,32.744045,28.981718,2.2188492,1.9058789,7.398175,8.027386,1382.65,195.9531,0.12011719,1.2511569,0.005615234,20,30,0.38510153,0.4321237,0.27710888,0.28675696,0.37153873,0.698153,0.8065088,13.119815,14.744703,10.256931,13.971774,18.199987,20.328407,17.28635,15.263496,15.985254,16.853983,15.131457,15.525179,17.713871,20.236975,17.74336,17.136244,10.698625,15.148645,11.273985,9.505156,14.348166,16.336988,14.499601,13.014909,12.106934,13.28126,11.268466,12.900946,14.81683,17.060328,15.387083,13.718371,15.202133,14.484433,13.023592,13.511645,16.270336,16.01521,15.205507,14.655816,16.22366,16.292778,16.012535,16.17036,15.543793,15.41705,13.036733,15.719029,1.1856488,2.062364,7.71278,0.46532735,33.77079,34.117,35.19652,15.415425,17.027155,13.115882,13.831693,14.816123,15.528131,22.08
4446126.924,658174.7026,18.494062,1.1357982,1.2865065,29.20379,38.276638,24.967108,22.229408,21.718092,35.807976,32.340504,45.050137,44.79403,50.507065,34.95261,35.79316,28.756218,32.881092,29.60325,2.2078395,1.8961134,7.467898,8.029417,1382.67,189.90822,-0.0390625,1.1633548,0.003417969,20,30,0.3864108,0.43752354,0.2738685,0.2795737,0.35639465,0.6707263,0.86818755,11.798884,14.657542,10.146215,15.051308,18.00769,21.124825,17.956911,15.387656,15.829661,16.702763,15.073448,15.933817,17.878597,19.685127,17.161886,17.041817,10.242581,14.630612,10.391922,9.760097,14.108326,15.415372,15.048373,12.63205,12.892789,12.6454315,11.134203,12.67927,14.486427,16.789314,15.89992,13.657267,16.646181,14.653116,12.498072,13.653369,15.709632,15.105449,14.832972,14.606281,16.244877,17.377113,16.533092,15.84963,14.969471,15.477967,15.767183,16.026642,1.2111523,2.0519764,7.748657,0.46752644,33.740215,34.07424,35.372887,15.534767,16.895044,12.799612,13.789621,14.728398,16.031332,22.08
4446126.924,658179.7026,25.889772,1.1215167,1.2897229,28.694794,38.212383,24.808138,22.210297,21.744013,35.996113,32.56017,44.946297,43.954338,49.18555,35.03094,35.570354,28.61467,32.943195,30.456137,2.1933897,1.8696642,7.5157514,7.9921827,1382.69,184.01143,0.19921875,1.0196846,0.011108398,20,30,0.3864108,0.43752354,0.2738685,0.2795737,0.35639465,0.6707263,0.86818755,11.798884,14.657542,10.146215,15.051308,18.00769,21.124825,17.956911,15.387656,15.829661,16.702763,15.073448,15.933817,17.878597,19.685127,17.161886,17.041817,10.242581,14.630612,10.391922,9.760097,14.108326,15.415372,15.048373,12.63205,12.892789,12.6454315,11.134203,12.67927,14.486427,16.789314,15.89992,13.657267,16.646181,14.653116,12.498072,13.653369,15.709632,15.105449,14.832972,14.606281,16.244877,17.377113,16.533092,15.84963,14.969471,15.477967,15.767183,16.026642,1.2056198,2.031527,7.7539673,0.46752644,33.45359,34.27814,35.300648,15.534767,16.895044,12.799612,13.789621,14.728398,16.031332,22.08
4446126.924,658184.7026,34.17487,1.1072882,1.2826056,28.198944,38.59282,24.589638,22.287035,21.689514,36.378765,32.94219,45.316357,43.679348,47.700115,34.852596,35.03428,28.220167,32.57873,31.311213,2.1825318,1.8677001,7.5401173,7.9670386,1382.69,177.20506,0.119140625,0.8748873,0.011108398,20,30,0.3864108,0.43752354,0.2738685,0.2795737,0.35639465,0.6707263,0.86818755,12.693013,14.431662,10.276851,16.132732,17.89389,21.304092,17.851706,15.6646185,15.7385,16.82431,14.933789,16.592894,17.191437,19.202787,17.41775,16.959164,11.703095,11.529782,10.134507,10.245684,13.876029,15.584133,15.786272,12.422182,12.566683,11.760381,11.146118,12.525513,13.943937,16.649961,16.265991,13.418446,16.14716,14.040456,12.710252,13.766268,15.340619,15.156787,15.370328,14.4660635,15.768549,16.245148,16.47298,14.962369,16.349682,15.366673,15.20033,15.787267,1.194947,2.025116,7.753578,0.46752644,33.39588,34.660477,34.943436,15.797707,16.843067,12.694214,13.551227,14.647409,15.766533,22.08
4446126.924,658189.7026,33.210648,1.1009377,1.2690569,28.158848,39.176292,24.230648,22.435774,21.627523,36.658554,33.193226,46.042603,42.868507,46.361862,34.617596,34.491703,27.684656,33.331226,31.782478,2.175098,1.8553035,7.559851,7.9410744,1382.68,164.20808,0.16113281,0.7889405,0.012329102,20,30,0.3864108,0.43752354,0.2738685,0.2795737,0.35639465,0.6707263,0.86818755,11.745906,14.571236,9.701161,16.306934,16.408005,19.648123,18.030848,14.990931,15.114365,16.046915,15.15803,16.32568,17.954353,19.489424,17.253325,16.905663,11.637705,12.003638,10.637147,11.612819,13.888908,15.601146,15.549444,12.782704,13.079706,12.027159,11.662686,13.619853,14.181442,16.058693,16.210463,13.67711,16.190418,14.484883,13.951683,14.066589,14.716638,14.898636,14.898493,14.628061,14.850716,17.535938,15.996435,15.081349,17.637306,15.115089,15.273969,15.977433,1.1849973,2.0152006,7.7504625,0.46752644,33.667572,34.925888,34.55465,15.201745,16.763157,12.990115,13.834287,14.743905,15.9272585,22.08
4446126.924,658194.7026,27.306828,1.0965471,1.2566116,28.10098,39.168255,23.697792,22.636381,21.602808,36.945644,33.585117,46.82192,42.261044,44.82957,34.43203,34.039387,27.270927,33.625256,32.516933,2.1632473,1.8338825,7.58138,7.914161,1382.65,154.35991,0.080566406,0.79437333,0.004516602,20,30,0.3864108,0.43752354,0.2738685,0.2795737,0.35639465,0.6707263,0.86818755,11.745906,14.571236,9.701161,16.306934,16.408005,19.648123,18.030848,14.990931,15.114365,16.046915,15.15803,16.32568,17.954353,19.489424,17.253325,16.905663,11.637705,12.003638,10.637147,11.612819,13.888908,15.601146,15.549444,12.782704,13.079706,12.027159,11.662686,13.619853,14.181442,16.058693,16.210463,13.67711,16.190418,14.484883,13.951683,14.066589,14.716638,14.898636,14.898493,14.628061,14.850716,17.535938,15.996435,15.081349,17.637306,15.115089,15.273969,15.977433,1.1765794,1.998565,7.7477703,0.46752644,33.634617,35.26538,34.23571,15.201745,16.763157,12.990115,13.834287,14.743905,15.9272585,22.08
4446126.924,658199.7026,29.797794,1.1057788,1.2396622,27.953852,38.650806,22.633091,22.87083,21.471664,37.142776,34.632282,48.38675,41.400925,43.24235,34.391026,33.192883,27.13681,33.89877,33.43226,2.1534169,1.8041642,7.6125937,7.8995047,1382.61,152.96867,-0.16064453,0.78788507,-0.005615234,20,30,0.3864108,0.43752354,0.2738685,0.2795737,0.35639465,0.6707263,0.86818755,14.106949,15.809622,11.804034,17.595205,16.998493,19.877047,19.085629,16.239428,15.045412,16.45352,14.937335,16.869,17.229263,19.145033,17.118145,16.831987,11.37993,11.694165,12.577102,11.531128,14.372242,16.167604,15.404778,13.12591,12.88004,11.793951,12.236456,13.242495,14.011787,15.939403,15.754351,13.539941,15.956676,13.781407,13.573743,14.161951,14.753493,14.899459,14.26734,14.436062,14.569479,17.106668,15.463445,14.572725,17.209824,16.236258,15.4453125,15.8146305,1.1727204,1.9787905,7.756049,0.46752644,33.30233,35.887527,33.791954,16.46814,16.685389,13.303849,13.694068,14.484868,15.80053,22.08
4446126.924,658204.7026,21.20074,1.1023345,1.2066059,27.768396,39.029045,21.561447,23.145315,21.355347,37.37263,35.02686,49.839558,40.990067,41.94241,34.355312,32.662827,26.517586,33.546,33.36778,2.1429324,1.7646399,7.6567535,7.8718667,1382.59,144.91818,0.23925781,0.82257205,0.012207031,20,30,0.3869539,0.44069475,0.27091718,0.2536575,0.3286892,0.6849433,0.7957214,12.839399,15.744176,11.827635,16.154495,16.298916,20.220613,18.648207,15.853957,14.755938,16.312374,15.107147,16.772005,17.145386,20.093216,17.25565,16.95169,10.385054,12.424515,13.131378,11.369553,14.133268,17.190676,15.770033,13.396742,12.027012,11.527338,11.865938,13.188558,13.618097,16.653719,16.400396,13.468897,15.220019,14.321886,13.528506,13.614636,12.805951,15.1779785,14.391368,14.144432,15.666464,16.607609,15.761731,14.469182,16.44623,16.693417,15.098091,15.886297,1.1544702,1.9537861,7.76431,0.4516539,33.39872,36.199745,33.50907,15.961921,16.777388,13.486354,13.61158,14.151477,15.820388,22.08
4446126.924,658209.7026,21.587454,1.0837914,1.1452782,27.159431,39.223206,22.094099,23.568527,21.467884,37.681892,35.612194,48.922604,40.406708,40.89508,34.497074,32.09112,27.537819,33.36819,34.720882,2.1170137,1.7357231,7.537993,7.7969832,1382.53,143.98114,-0.19921875,0.7792871,-0.010009766,20,30,0.3869539,0.44069475,0.27091718,0.2536575,0.3286892,0.6849433,0.7957214,11.63698,14.68398,10.855352,15.110025,15.511294,19.69188,18.007637,14.92451,14.453522,15.918457,14.779381,16.50108,16.56989,19.612513,16.75622,16.524508,10.376726,12.420477,13.12734,11.359205,14.122859,17.183735,15.763725,13.388974,11.332632,11.154612,11.17081,13.236844,13.115098,15.931973,15.4951,12.96123,14.72772,13.897586,13.209694,13.046843,12.287921,14.705299,13.819348,13.674584,15.252594,16.156485,15.225865,14.028415,15.980572,16.204893,14.57385,15.42039,1.1145349,1.9263685,7.667488,0.4516539,33.19132,36.64704,33.294098,15.071021,16.370152,13.479154,13.062439,13.67063,15.346098,22.08
4446126.924,658214.7026,28.756876,1.0638974,1.1041889,26.907936,39.822704,24.379261,24.146572,22.177404,37.784092,35.865013,46.060375,39.821888,40.544575,34.792267,31.563953,28.955153,32.680885,35.16006,2.0805173,1.7496539,7.25637,7.6913176,1382.51,144.46863,0.20019531,0.7395085,0.012207031,20,30,0.3869539,0.44069475,0.27091718,0.2536575,0.3286892,0.6849433,0.7957214,10.928413,14.595228,9.635097,14.641446,14.086462,20.430975,19.079632,14.606353,15.179581,16.77319,15.141119,15.168642,16.150501,20.187496,16.36338,16.648794,10.307213,12.341613,12.32932,10.49647,13.434322,18.107655,15.782232,13.118586,11.789691,12.336754,11.131331,11.883965,13.769847,16.867178,15.610205,13.230478,15.077128,14.946307,13.08652,13.018606,12.404069,14.579567,14.460538,13.839681,14.979416,17.6907,16.052029,14.657301,15.736008,15.45792,15.79907,15.788406,1.0840431,1.9150856,7.4738436,0.4516539,33.36532,36.824554,33.17811,14.771035,16.423414,13.256975,13.341283,13.938963,15.767493,22.08
4446121.924,658074.7026,13.227574,1.2530023,0.7066566,27.459091,32.192783,37.11427,28.852148,23.315777,34.882675,31.461733,32.178818,35.53352,39.96839,37.738567,36.72499,31.353456,36.0919,37.108467,2.4281666,1.9596709,6.114699,7.421435,1382.43,138.45094,0.041015625,0.66957957,0.002319336,45,30,0.36967543,0.44068784,0.28382248,0.2606274,0.32462433,0.6673137,0.8615573,13.908145,15.603144,12.772138,15.799438,20.01601,23.15439,18.209751,17.120329,15.337578,16.428337,14.838394,15.775375,16.13971,21.431688,16.703997,16.966652,11.035341,13.63279,11.403834,9.775093,14.790182,17.262598,15.281183,13.142451,13.053967,11.580589,12.139337,12.281555,14.915321,17.176146,15.690794,13.736451,14.54952,13.936663,13.907288,12.891401,17.52457,18.775183,18.004688,15.370136,15.022505,16.198381,14.568494,15.068077,16.266218,16.098799,15.716232,15.487803,0.97982943,2.1939187,6.768067,0.45832977,29.825937,33.172203,37.23178,17.066145,16.66501,13.311574,13.833959,15.655618,15.562673,22.08
4446121.924,658079.7026,12.566589,1.2079474,0.6976957,27.89312,31.930334,37.743237,28.233852,23.170073,35.412266,31.420034,33.233692,37.304,41.46194,36.930626,36.87003,30.066141,35.022316,35.740677,2.3773239,1.9400539,6.083507,7.402527,1382.39,147.71259,-0.079589844,0.643846,-0.004394531,20,30,0.36967543,0.44068784,0.28382248,0.2606274,0.32462433,0.6673137,0.8615573,13.908145,15.603144,12.772138,15.799438,20.01601,23.15439,18.209751,17.120329,15.337578,16.428337,14.838394,15.775375,16.13971,21.431688,16.703997,16.966652,11.035341,13.63279,11.403834,9.775093,14.790182,17.262598,15.281183,13.142451,13.053967,11.580589,12.139337,12.281555,14.915321,17.176146,15.690794,13.736451,14.522283,13.953241,13.939672,12.919803,17.587614,18.784513,18.121527,15.395494,15.023546,16.198381,14.568494,15.068077,16.183208,16.020216,15.632868,15.458498,0.9528215,2.158689,6.743017,0.45832977,29.911728,33.41615,36.90033,17.066145,16.66501,13.311574,13.833959,15.689809,15.527826,22.08
4446121.924,658084.7026,13.367035,1.1891176,0.6851883,28.091923,31.209412,38.12089,27.630575,23.50168,35.903355,31.6071,33.897007,39.123825,42.87388,36.15211,37.05621,29.402933,33.927406,34.40165,2.341338,1.9282545,6.0535984,7.384086,1382.37,157.18445,0.040039062,0.59068924,0.001098633,20,30,0.3659266,0.4378043,0.28419557,0.27584568,0.36606267,0.6915101,0.7891391,13.653331,15.5301285,12.695466,15.359517,18.360004,22.439478,18.208878,16.616026,15.43603,16.289806,14.962934,15.813944,16.601246,20.011408,17.186255,16.810617,11.018302,13.891195,11.521147,9.989379,14.980378,16.371294,14.6078825,13.05291,12.444891,11.272673,12.041061,12.551856,15.517957,17.313524,16.53797,13.783805,14.484583,13.389539,13.347255,13.442792,17.309542,18.341087,17.202751,15.184409,14.395929,16.206665,15.1689205,16.572506,15.990076,15.841361,16.015652,15.731913,0.9371529,2.1347961,6.7188425,0.45864055,29.650667,33.755226,36.60416,16.606686,16.614517,13.197082,13.954276,15.35965,15.741588,22.08
4446121.924,658089.7026,19.999865,1.1753798,0.6724135,28.102114,31.272936,37.678833,27.334291,23.408209,36.40718,31.930828,34.48234,39.86405,43.513786,35.48312,36.78755,29.32385,33.51967,33.747986,2.3097234,1.9264301,6.0495777,7.3892155,1382.35,164.25139,-0.040527344,0.5804238,-0.002197266,20,30,0.3659266,0.4378043,0.28419557,0.27584568,0.36606267,0.6915101,0.7891391,13.139526,14.374901,12.69298,15.632986,18.830606,22.38582,20.041727,16.520117,15.364566,15.54455,15.147815,15.800227,16.757185,19.801224,16.806076,16.673246,12.76851,13.077327,12.247237,11.001944,14.22221,16.660028,15.061879,13.513599,12.732473,11.46472,11.575674,12.786961,14.5475235,17.368935,15.814447,13.691448,15.098369,13.566394,14.585874,13.935934,16.124218,18.19312,17.195961,15.413801,14.912041,16.716812,16.357435,16.61328,15.881656,16.374598,16.47315,16.180017,0.9238967,2.1180768,6.7193966,0.45864055,29.687525,34.169006,36.135338,16.728363,16.460234,13.57702,13.755819,15.528552,16.189854,22.08
4446121.924,658094.7026,25.542822,1.1590106,0.6570419,28.193602,31.729427,36.573772,27.27804,23.366896,36.725464,31.957434,35.04639,39.671593,43.394413,35.04845,36.50271,29.507936,33.71884,33.658295,2.2919087,1.9375995,6.0678635,7.4078884,1382.34,173.03885,-0.040527344,0.59149516,-0.002319336,45,30,0.3659266,0.4378043,0.28419557,0.27584568,0.36606267,0.6915101,0.7891391,13.139526,14.374901,12.69298,15.632986,18.830606,22.38582,20.041727,16.520117,15.364566,15.54455,15.147815,15.800227,16.757185,19.801224,16.806076,16.673246,12.76851,13.077327,12.247237,11.001944,14.22221,16.660028,15.061879,13.513599,12.732473,11.46472,11.575674,12.786961,14.5475235,17.368935,15.814447,13.691448,15.098369,13.566394,14.585874,13.935934,16.124218,18.19312,17.195961,15.413801,14.912041,16.716812,16.357435,16.61328,15.881656,16.374598,16.47315,16.180017,0.9080263,2.1147542,6.737876,0.45864055,29.961514,34.34145,35.77558,16.728363,16.460234,13.57702,13.755819,15.528552,16.189854,22.08
4446121.924,658099.7026,26.19625,1.14535,0.6375865,28.22848,31.725922,35.339878,27.279448,23.408846,37.091236,32.124947,35.6657,39.52421,43.1676,34.55724,36.34298,29.749096,33.76318,33.684326,2.2751045,1.9377503,6.0965114,7.4406424,1382.34,173.36002,0.079589844,0.6199662,0.005493164,45,30,0.3659266,0.4378043,0.28419557,0.27584568,0.36606267,0.6915101,0.7891391,12.835085,13.602907,13.903666,14.905691,19.293537,21.009134,19.800953,16.17918,15.827194,16.22483,14.714981,16.003023,17.277533,19.470304,16.236282,16.751236,12.513498,12.855787,12.029341,10.377546,15.478651,15.206474,14.767752,13.190401,12.484568,11.527259,11.587538,11.9728565,15.450775,15.97998,15.02702,13.276491,13.989883,13.137878,13.159494,13.733446,17.178585,17.759134,17.12097,14.972598,16.047396,16.878351,15.023367,16.09347,16.574856,15.67258,16.029331,16.116238,0.8914682,2.1064274,6.7685766,0.45864055,29.9772,34.608093,35.45011,16.478712,16.536306,13.318437,13.432857,15.154198,16.04562,22.08
4446121.924,658104.7026,21.820614,1.1630619,0.62438905,28.182745,31.135046,34.056942,27.244503,23.458532,37.39945,32.148903,36.365112,39.50303,43.043236,34.139034,36.54374,30.118126,33.68431,33.57922,2.2516363,1.8988669,6.1226835,7.483102,1382.33,174.79984,-0.000488281,0.6327483,0,45,30,0.3659266,0.4378043,0.28419557,0.27584568,0.36606267,0.6915101,0.7891391,12.835085,13.602907,13.903666,14.905691,19.293537,21.009134,19.800953,16.17918,15.827194,16.22483,14.714981,16.003023,17.277533,19.470304,16.236282,16.751236,12.513498,12.855787,12.029341,10.377546,15.478651,15.206474,14.767752,13.190401,12.484568,11.527259,11.587538,11.9728565,15.450775,15.97998,15.02702,13.276491,13.989883,13.137878,13.159494,13.733446,17.178585,17.759134,17.12097,14.972598,16.047396,16.878351,15.023367,16.09347,16.574856,15.67258,16.029331,16.116238,0.89372545,2.0752516,6.8028927,0.45864055,29.658895,34.774178,35.341385,16.478712,16.536306,13.318437,13.432857,15.154198,16.04562,22.08
4446121.924,658109.7026,35.01735,1.1571472,0.60812485,28.218966,31.131418,32.851574,27.161652,23.44212,37.65166,32.284447,37.063835,39.732132,43.105576,33.730095,36.442738,30.25386,33.51848,33.46459,2.237741,1.8984746,6.159521,7.5194454,1382.33,181.22014,0.03955078,0.67330515,0.002197266,45,30,0.3659266,0.4378043,0.28419557,0.27584568,0.36606267,0.6915101,0.7891391,13.213091,14.420957,13.147247,15.002095,19.558004,21.227898,19.344128,16.322107,15.814325,16.319395,14.456926,15.894023,17.225246,19.287033,16.62971,16.747448,13.459314,13.7677965,11.390879,10.103872,15.233963,16.88544,14.272774,13.593127,12.901256,10.54985,11.453545,12.395266,15.416069,16.201736,16.228558,13.350544,14.343717,13.19544,12.548796,14.159024,16.217804,17.869398,17.933554,14.861328,16.240597,17.233551,14.864049,16.942188,16.761946,15.315326,15.024014,16.101252,0.882636,2.0681078,6.8394833,0.45864055,29.675192,34.968056,35.08642,16.559061,16.518093,13.58772,13.592326,15.181106,16.054523,22.08
4446121.924,658114.7026,30.221695,1.1244922,0.6166837,28.715038,31.128483,31.69122,26.988668,23.356518,37.824177,32.542923,38.242188,40.278843,43.675182,33.28649,36.2746,30.00816,32.87157,32.81325,2.2218566,1.9060962,6.202189,7.5692697,1382.33,186.58807,-0.040527344,0.74978167,-0.003417969,20,30,0.37712175,0.43378338,0.28284875,0.2925186,0.37869775,0.6833245,0.80203784,13.229301,14.987986,13.964081,15.836006,18.856955,21.526499,18.017248,16.623594,15.5981655,16.491251,14.958387,15.157156,16.910343,19.418447,16.674908,16.608833,12.574977,11.536329,11.603744,10.382825,14.20023,16.33265,14.651718,12.899112,11.912453,10.88503,11.61585,12.580441,16.248857,17.035696,15.7990265,13.602244,14.1118145,13.697365,14.366084,14.521654,14.434088,17.894714,17.011755,15.092763,14.496323,16.81194,15.5473585,16.058575,16.143631,16.094805,14.996592,15.847309,0.87058794,2.0639763,6.8857293,0.4643332,29.92176,35.183548,34.78055,16.631153,16.45838,13.040353,13.725336,15.148211,15.735603,22.08
4446121.924,658119.7026,31.953577,1.0890682,0.63962436,28.680847,30.27454,30.711632,26.574831,23.116848,37.76854,33.426365,39.579,40.863358,44.73771,33.08006,36.059044,29.476233,32.77133,31.91195,2.2166796,1.8907739,6.2823725,7.6249022,1382.34,189.64626,-0.040527344,0.770053,-0.002319336,20,30,0.37712175,0.43378338,0.28284875,0.2925186,0.37869775,0.6833245,0.80203784,13.229301,14.987986,13.964081,15.836006,18.856955,21.526499,18.017248,16.623594,15.5981655,16.491251,14.958387,15.157156,16.910343,19.418447,16.674908,16.608833,12.574977,11.536329,11.603744,10.382825,14.20023,16.33265,14.651718,12.899112,11.912453,10.88503,11.61585,12.580441,16.248857,17.035696,15.7990265,13.602244,14.1118145,13.697365,14.366084,14.521654,14.434088,17.894714,17.011755,15.092763,14.496323,16.81194,15.5473585,16.058575,16.143631,16.094805,14.996592,15.847309,0.86434627,2.0537267,6.953637,0.4643332,29.477694,35.59745,34.56955,16.631153,16.45838,13.040353,13.725336,15.148211,15.735603,22.08
4446121.924,658124.7026,26.73951,1.092011,0.6878332,28.7371,37.930653,30.029259,26.008694,22.976023,37.67295,33.10037,40.534298,41.61135,46.385944,32.842464,35.128952,28.728268,32.614536,30.389492,2.2090762,1.9100034,6.384307,7.6809874,1382.35,186.3345,-0.000488281,0.778077,-0.002197266,20,30,0.37712175,0.43378338,0.28284875,0.2925186,0.37869775,0.6833245,0.80203784,13.008954,16.442898,12.81333,16.118187,18.618448,20.759033,19.581972,16.556557,15.425337,16.113684,15.318912,15.08891,16.845146,18.493042,16.67041,16.383018,10.554041,11.81431,11.125227,10.903186,14.831434,15.6125765,15.524153,12.653024,11.84562,11.141431,11.724672,12.464831,15.725885,16.69462,16.073826,13.509017,13.429039,14.052645,13.046103,14.068655,14.291911,17.383272,16.035824,14.468131,14.301405,16.478935,15.626915,15.542172,15.964763,15.601546,16.937841,15.619067,0.8899221,2.0595398,7.032647,0.4643332,33.333878,35.386658,33.98571,16.76326,16.279348,12.909276,13.667269,14.61535,15.779083,22.08
4446121.924,658129.7026,22.732544,1.0931563,0.7269491,28.78641,37.94848,29.269287,25.431265,22.883404,37.384396,33.061874,41.845722,42.380123,48.229507,32.762665,35.118153,28.023026,32.372017,28.977135,2.2168384,1.9166214,6.5028076,7.7489586,1382.35,189.46422,-0.20019531,0.8708393,-0.014526367,20,30,0.37712175,0.43378338,0.28284875,0.2925186,0.37869775,0.6833245,0.80203784,14.104503,16.112417,11.864989,15.851206,17.285744,21.714127,19.014584,16.375835,15.38674,15.900693,15.370641,15.44619,17.079937,18.983194,16.898148,16.560991,10.891701,12.097738,10.922719,10.150989,14.218703,15.813825,15.2435055,12.521086,12.681994,11.595469,11.959966,13.202715,15.153455,15.977038,15.557813,13.573064,14.166754,13.903597,12.546285,13.024286,13.66595,16.164549,15.287865,13.895204,16.528257,16.821793,15.510877,15.376358,14.630479,15.0278635,15.329689,15.450919,0.9100527,2.06673,7.125883,0.4643332,33.367443,35.223137,33.940407,16.563938,16.437935,12.762741,13.732636,14.108469,15.603617,22.08
4446121.924,658134.7026,21.211857,1.09475,0.7595296,28.839924,37.96613,28.529938,24.85337,22.761475,37.027378,33.01033,43.380985,43.295578,50.251034,32.72623,35.140213,27.102705,32.021473,27.474539,2.2234104,1.923193,6.6262736,7.8200564,1382.37,195.26408,-0.16015625,0.97954327,-0.011108398,20,30,0.37712175,0.43378338,0.28284875,0.2925186,0.37869775,0.6833245,0.80203784,14.093168,16.104862,11.853656,15.836095,17.2763,21.704681,19.010807,16.36521,15.486811,15.911186,15.37912,15.447578,17.071651,19.062721,16.884682,16.593168,10.932912,12.223711,11.002241,10.099299,14.11552,15.796603,15.261148,12.531391,12.686895,11.60037,11.959966,13.207614,15.153455,15.985207,15.557813,13.576891,14.166754,13.903597,12.546285,13.024286,13.66595,16.164549,15.287865,13.895204,16.528257,16.821793,15.510877,15.376358,14.630479,15.0278635,15.329689,15.450919,0.9271398,2.0733018,7.223165,0.4643332,33.403027,35.018852,33.93322,16.554224,16.463392,12.775919,13.735903,14.108469,15.603617,22.08
4446121.924,658139.7026,23.393644,1.0967318,0.7788771,28.905268,37.982346,27.754293,24.281687,22.595955,36.56983,32.941944,45.275105,44.37728,52.414207,32.718437,35.21476,25.880219,31.541256,25.92991,2.2281032,1.9295096,6.752852,7.8955483,1382.4,192.87636,0.040527344,1.0285378,-0.001098633,20,30,0.37712175,0.43378338,0.28284875,0.2925186,0.37869775,0.6833245,0.80203784,12.882022,14.6601715,13.951532,14.860599,18.64649,21.024357,19.337645,16.20096,14.96092,16.170614,15.130824,15.724253,17.008158,19.152647,17.146034,16.568918,10.88094,12.558441,10.962372,10.147318,14.084341,16.291971,15.324849,12.66143,11.135885,11.200346,11.673659,13.654955,14.127369,16.579302,16.0409,13.266048,14.064203,14.265707,12.885252,13.299477,13.804848,16.213968,15.8923645,14.082525,16.315289,15.843994,15.554173,16.44746,14.87907,15.49057,14.807505,15.558796,0.93780446,2.0788064,7.3242,0.4643332,33.443806,34.75589,33.9666,16.480404,16.470493,12.892891,13.487489,14.346545,15.619723,22.08
4446121.924,658144.7026,21.631956,1.1213855,0.7902732,29.137814,37.778706,26.657967,23.674858,22.174616,35.98055,33.410492,48.80073,45.458267,54.418713,32.68827,35.16495,23.83175,31.165405,25.206022,2.2323132,1.911422,6.8929143,7.992433,1382.41,193.66214,-0.19921875,1.0910504,-0.014404297,20,30,0.38510153,0.4321237,0.27710888,0.28675696,0.37153873,0.698153,0.8065088,12.275268,16.024845,12.594392,15.184753,19.327421,22.010736,17.689495,16.456717,15.332193,16.672441,15.87853,15.57135,16.609423,18.059801,16.642748,16.524553,11.154949,13.646067,11.20024,10.401535,14.286642,15.811326,14.625857,12.888582,11.399493,11.562372,12.009155,13.135717,14.081144,16.303972,15.511721,13.314682,14.381872,13.4584255,13.539175,13.41353,14.546465,16.486238,15.255005,14.266304,15.412254,15.858907,15.465055,15.919258,14.805687,15.040328,15.199249,15.236604,0.9558293,2.0718675,7.4426737,0.46532735,33.45826,34.69552,33.926613,16.443844,16.395212,13.018087,13.429082,14.440101,15.385819,22.08
4446121.924,658149.7026,18.835608,1.1086525,0.8588195,29.325428,37.722313,26.214811,23.299646,22.02048,35.796856,33.2053,49.213734,45.95852,54.730526,32.920322,35.251606,24.06778,30.94763,25.271246,2.2309203,1.9213225,6.9860597,8.028489,1382.44,199.3131,-0.16113281,1.1687654,-0.012329102,20,30,0.38510153,0.4321237,0.27710888,0.28675696,0.37153873,0.698153,0.8065088,12.275268,16.024845,12.594392,15.184753,19.327421,22.010736,17.689495,16.456717,15.332193,16.672441,15.87853,15.57135,16.609423,18.059801,16.642748,16.524553,11.154949,13.646067,11.20024,10.401535,14.286642,15.811326,14.625857,12.888582,11.399493,11.562372,12.009155,13.135717,14.081144,16.303972,15.511721,13.314682,14.381872,13.4584255,13.539175,13.41353,14.546465,16.486238,15.255005,14.266304,15.412254,15.858907,15.465055,15.919258,14.805687,15.040328,15.199249,15.236604,0.983736,2.0761213,7.5072746,0.46532735,33.523872,34.501076,34.085964,16.443844,16.395212,13.018087,13.429082,14.440101,15.385819,22.08
4446121.924,658154.7026,17.956465,1.096309,0.977185,29.466997,37.331467,26.179995,23.128422,22.06178,36.170784,33.460655,47.62496,45.59225,53.33234,33.101852,35.089497,25.889465,31.426373,26.63441,2.2293258,1.9268103,7.0395317,8.031228,1382.48,199.33495,-0.12011719,1.1685512,-0.002197266,20,30,0.38510153,0.4321237,0.27710888,0.28675696,0.37153873,0.698153,0.8065088,11.184354,14.7242985,10.580574,14.85244,17.47084,21.272034,18.139248,15.291968,15.450107,16.68396,14.902774,15.462326,17.574883,19.611475,16.664532,16.843632,10.701197,13.840223,12.266546,9.930542,14.236135,16.329012,14.013489,13.009449,11.895369,12.132835,11.488948,12.289629,14.260272,16.55511,16.138226,13.341543,15.1801605,13.406972,13.285001,13.590319,14.506174,17.217272,15.860291,14.505905,15.846937,15.859909,14.948843,14.445061,14.844639,16.12253,14.483711,15.300569,1.036747,2.078068,7.53538,0.46532735,33.39923,34.81572,34.095673,15.460541,16.621435,13.045306,13.537199,14.720883,15.221662,22.08
4446121.924,658159.7026,18.441181,1.1059808,1.0650376,29.40147,37.34896,26.092789,22.955193,21.980648,36.230194,33.405308,46.698864,45.7005,52.495914,33.427002,34.96369,26.7828,31.446257,27.276928,2.2296126,1.9241245,7.094988,8.034089,1382.53,191.00693,0.5205078,1.0503131,0.02331543,20,30,0.38510153,0.4321237,0.27710888,0.28675696,0.37153873,0.698153,0.8065088,12.52243,14.84897,10.954358,13.982175,18.53409,21.841522,17.635891,15.557609,15.508327,16.847584,15.202992,14.905156,17.37001,20.491013,16.194893,16.883532,10.831007,15.568003,11.743963,9.673996,14.127959,16.966616,14.194662,13.295206,12.139546,12.369159,11.432493,12.457198,15.276947,16.587227,15.982199,13.553181,14.413135,14.312718,13.213036,13.683073,15.1086445,17.788862,15.726239,14.713581,15.304644,15.862714,14.803579,15.665331,14.486095,15.818269,13.900203,15.194702,1.0855092,2.0768685,7.5645385,0.46532735,33.375214,34.81775,34.195347,15.75992,16.64571,13.300887,13.749253,14.892244,15.120118,22.08
4446121.924,658164.7026,33.447227,1.1152692,1.1423658,29.355455,37.36314,25.887478,22.785881,21.867014,36.20709,33.341015,46.16477,45.871017,51.695152,33.727383,34.90557,27.402176,31.418262,27.935305,2.2278583,1.9205339,7.1540008,8.042072,1382.51,189.7262,-0.35986328,1.017298,-0.016601562,20,30,0.38510153,0.4321237,0.27710888,0.28675696,0.37153873,0.698153,0.8065088,12.52243,14.84897,10.954358,13.982175,18.53409,21.841522,17.635891,15.557609,15.508327,16.847584,15.202992,14.905156,17.37001,20.491013,16.194893,16.883532,10.831007,15.568003,11.743963,9.673996,14.127959,16.966616,14.194662,13.295206,12.139546,12.369159,11.432493,12.457198,15.276947,16.587227,15.982199,13.553181,14.413135,14.312718,13.213036,13.683073,15.1086445,17.788862,15.726239,14.713581,15.304644,15.862714,14.803579,15.665331,14.486095,15.818269,13.900203,15.194702,1.1288176,2.074196,7.598037,0.46532735,33.3593,34.77405,34.316475,15.75992,16.64571,13.300887,13.749253,14.892244,15.120118,22.08
4446121.924,658169.7026,31.986874,1.096382,1.1897541,28.899117,37.628036,25.769974,22.609142,21.783426,36.10015,33.30556,45.335102,45.43952,50.613792,34.215305,34.777695,27.929913,31.914124,28.91852,2.2168572,1.9076048,7.22475,7.995744,1382.54,193.85236,-0.07910156,1.1362228,-0.005493164,20,30,0.38510153,0.4321237,0.27710888,0.28675696,0.37153873,0.698153,0.8065088,12.989497,14.19048,10.11297,13.941632,18.185266,20.823334,17.57609,15.220476,15.650446,16.46281,14.633911,15.238011,17.184244,19.75772,17.278025,16.690779,10.760161,15.192418,11.340983,9.521793,14.3813715,16.395088,14.513545,13.060186,11.416504,12.402956,10.674791,12.837999,14.85111,16.836718,15.496356,13.343727,14.754089,13.96961,12.702441,13.010694,15.6298485,15.388513,14.603963,14.145985,15.788915,15.811493,15.4388075,15.704989,15.106686,15.006127,12.590811,15.254443,1.1430681,2.062231,7.610247,0.46532735,33.263577,34.702858,34.4965,15.402753,16.600739,13.1579075,13.502348,14.294166,15.063975,22.08
4446121.924,658174.7026,11.806865,1.1018984,1.2387164,28.8622,37.632076,25.483025,22.51715,21.689085,36.10404,33.306965,45.181477,45.384182,49.651657,34.361103,34.7178,28.198694,32.019028,29.608955,2.210553,1.9011613,7.2773476,7.9968476,1382.57,192.36528,0.07910156,1.2025604,0.002197266,20,30,0.3864108,0.43752354,0.2738685,0.2795737,0.35639465,0.6707263,0.86818755,12.69039,15.41257,11.138614,16.10771,19.315382,22.253853,18.756136,16.377916,15.77982,16.68652,15.073448,15.917572,17.878597,19.658056,17.102018,17.023878,10.296002,14.685865,10.467817,9.790804,14.157303,15.443054,15.078751,12.67879,12.886484,12.643886,11.135237,12.67279,14.472523,16.783743,15.878827,13.651297,16.631123,14.638056,12.490541,13.645841,15.709632,15.105449,14.832972,14.599222,16.244877,17.377113,16.533092,15.84963,14.969471,15.477967,15.767183,16.026642,1.1703074,2.0558572,7.6370974,0.46752644,33.24714,34.7055,34.53945,16.52495,16.870861,12.845656,13.781927,14.721944,16.031332,22.08
4446121.924,658179.7026,24.477314,1.0992864,1.2595196,28.945145,38.951885,25.206133,22.479916,21.590755,36.31092,32.493717,45.222702,45.022903,48.3469,34.23623,34.627003,28.172396,32.254276,30.760633,2.2004492,1.9130268,7.3328314,7.9723735,1382.59,189.34598,0.040039062,1.1465412,0.004394531,20,30,0.3864108,0.43752354,0.2738685,0.2795737,0.35639465,0.6707263,0.86818755,12.69039,15.41257,11.138614,16.10771,19.315382,22.253853,18.756136,16.377916,15.77982,16.68652,15.073448,15.917572,17.878597,19.658056,17.102018,17.023878,10.296002,14.685865,10.467817,9.790804,14.157303,15.443054,15.078751,12.67879,12.886484,12.643886,11.135237,12.67279,14.472523,16.783743,15.878827,13.651297,16.631123,14.638056,12.490541,13.645841,15.709632,15.105449,14.832972,14.599222,16.244877,17.377113,16.533092,15.84963,14.969471,15.477967,15.767183,16.026642,1.1794031,2.056738,7.652602,0.46752644,33.948517,34.40232,34.431618,16.52495,16.870861,12.845656,13.781927,14.721944,16.031332,22.08
4446121.924,658184.7026,30.307848,1.0935384,1.2536229,28.306314,39.221127,24.91424,22.502865,21.575727,36.79719,33.000534,45.465714,43.634567,47.090393,34.048733,34.0347,27.837,32.9012,31.443102,2.1881058,1.8945714,7.3964944,7.949095,1382.6,183.93236,0,1.0477954,0.003295898,20,30,0.3864108,0.43752354,0.2738685,0.2795737,0.35639465,0.6707263,0.86818755,13.71064,15.26853,11.158448,17.204166,19.193151,22.424528,18.6712,16.670527,15.672417,16.780685,14.933789,16.57665,17.191437,19.202787,17.38526,16.939484,11.752794,11.613122,10.19636,10.276389,13.9468,15.611816,15.837802,12.473262,12.562846,11.760803,11.147151,12.5190325,13.930033,16.650478,16.244896,13.41431,16.1321,14.032926,12.695192,13.758738,15.340619,15.156787,15.370328,14.459004,15.768549,16.245148,16.47298,14.962369,16.349682,15.366673,15.20033,15.787267,1.1735806,2.0413387,7.6727943,0.46752644,33.76372,34.898865,34.041718,16.80438,16.820433,12.7478695,13.545034,14.640955,15.766533,22.08
4446121.924,658189.7026,28.707687,1.0908083,1.2530261,28.238218,39.213757,24.455713,22.628445,21.55254,37.066803,33.321636,45.98203,43.04582,45.736225,33.92595,33.694633,27.594208,33.19988,32.107533,2.170714,1.8724154,7.448084,7.927517,1382.61,172.35272,0.27978516,0.96828777,0.017822266,20,30,0.3864108,0.43752354,0.2738685,0.2795737,0.35639465,0.6707263,0.86818755,12.720019,15.411957,10.682001,17.429638,17.790491,20.758764,18.86729,16.022728,15.064525,16.00329,15.15803,16.293194,17.954353,19.489424,17.253325,16.885983,11.697722,12.069216,10.72421,11.671611,13.959679,15.631656,15.6047,12.841475,13.083178,12.020275,11.666189,13.613373,14.182219,16.05921,16.196674,13.675195,16.182888,14.484883,13.936623,14.066589,14.716638,14.898636,14.890963,14.624533,14.850716,17.535938,15.996435,15.081349,17.637306,15.115089,15.273969,15.977433,1.1719172,2.0215647,7.6878004,0.46752644,33.725986,35.19422,33.81029,16.237167,16.745163,13.051255,13.831589,14.739602,15.9272585,22.08
4446121.924,658194.7026,25.172731,1.0886965,1.2446733,28.170507,39.20319,23.788242,22.782202,21.514202,37.35595,33.70382,46.807114,42.360516,44.278202,33.78394,33.327515,27.210491,33.546608,32.81788,2.1529627,1.8457298,7.50663,7.90692,1382.58,161.00974,-0.000976563,0.92413586,0.005493164,20,30,0.3864108,0.43752354,0.2738685,0.2795737,0.35639465,0.6707263,0.86818755,13.551201,16.421558,12.304548,17.420597,20.412474,22.065842,17.663774,17.125252,15.527269,17.598352,15.007851,15.296812,18.20247,19.56478,16.913319,17.046621,10.258751,12.706748,10.863826,10.368937,14.319561,15.51643,14.4928255,12.524893,13.033533,13.497345,12.265867,13.084338,15.175736,15.681632,15.983038,13.956481,15.775461,14.741556,14.08034,13.091177,15.789631,14.854224,15.170181,14.721265,16.622862,16.376968,15.416829,14.881381,14.948784,15.633771,15.862767,15.707365,1.1666849,1.9993463,7.7067747,0.46752644,33.686848,35.529884,33.555725,17.119999,16.87298,12.646727,14.103071,14.786081,15.677625,22.08
4446121.924,658199.7026,25.90718,1.0888529,1.2289596,28.10576,39.188614,22.748274,22.955618,21.423468,37.64301,34.161736,48.113914,41.586155,42.6664,33.640583,32.92212,26.646454,33.94313,33.604137,2.1371634,1.8124043,7.577874,7.891708,1382.56,158.5569,0.24121094,0.8618185,0.011230469,20,30,0.3864108,0.43752354,0.2738685,0.2795737,0.35639465,0.6707263,0.86818755,15.309778,15.888113,11.654689,15.181195,18.402327,21.385778,18.116827,16.47996,14.565523,16.228523,15.429074,16.718966,17.4424,19.141237,17.137808,16.813828,10.440499,11.367575,11.250367,10.630071,13.874913,16.117197,15.323685,12.555215,12.7199,13.004636,11.251432,13.724833,14.625833,15.600319,16.02061,13.626149,15.254684,14.518994,12.835629,14.232077,14.705082,15.141696,14.633606,14.424441,15.264033,16.540842,15.273592,15.546771,15.236658,16.239836,15.127088,15.7001705,1.1589062,1.9747839,7.734791,0.46752644,33.647186,35.902374,33.28135,16.562674,16.666218,12.7149,13.84965,14.474538,15.604118,22.08
4446121.924,658204.7026,22.742205,1.0976944,1.1836131,27.739641,39.75995,20.650377,23.131874,20.957531,37.88493,35.26096,50.778923,40.733532,40.62707,33.646053,31.837051,26.080961,33.82342,35.430122,2.1286573,1.7575616,7.693193,7.885507,1382.52,150.74861,-0.03955078,0.82081515,0.003295898,20,30,0.3869539,0.44069475,0.27091718,0.2536575,0.3286892,0.6849433,0.7957214,13.613879,14.837822,10.544797,13.7434845,17.038479,19.256422,18.102856,15.209981,14.797991,16.566412,15.12003,16.355145,17.541195,18.924534,16.7312,16.69481,10.905981,12.081833,11.07078,10.721094,14.571083,16.728815,15.415976,12.871841,12.640247,13.07007,10.958171,13.076322,14.567544,14.969742,15.305071,13.350336,14.824031,14.036329,12.557993,13.293368,12.521858,14.154996,13.585835,13.576004,16.269957,16.902533,14.908388,15.140152,14.194618,15.392868,16.665964,15.4980135,1.1406537,1.9431095,7.78935,0.4516539,33.749794,36.572945,32.741554,15.305391,16.576643,13.070794,13.512452,13.567774,15.639212,22.08
4446121.924,658209.7026,24.204418,1.0927835,1.1470444,27.164976,39.851612,21.121374,23.477297,21.30945,37.99077,35.960453,49.77213,40.00989,39.85692,34.01869,31.143555,27.539623,32.708107,35.32574,2.1026828,1.7104659,7.594841,7.818373,1382.48,147.19412,-0.040527344,0.7667586,-0.004516602,20,30,0.3869539,0.44069475,0.27091718,0.2536575,0.3286892,0.6849433,0.7957214,13.613879,14.837822,10.544797,13.7434845,17.038479,19.256422,18.102856,15.209981,14.797991,16.566412,15.12003,16.355145,17.541195,18.924534,16.7312,16.69481,10.905981,12.081833,11.07078,10.721094,14.571083,16.728815,15.415976,12.871841,12.640247,13.07007,10.958171,13.076322,14.567544,14.969742,15.305071,13.350336,14.824031,14.036329,12.557993,13.293368,12.521858,14.154996,13.585835,13.576004,16.269957,16.902533,14.908388,15.140152,14.194618,15.392868,16.665964,15.4980135,1.1199139,1.9065744,7.706607,0.4516539,33.508293,36.97561,32.581123,15.305391,16.576643,13.070794,13.512452,13.567774,15.639212,22.08
4446121.924,658214.7026,27.934143,1.0589142,1.0997574,27.000265,39.84778,24.07561,24.011234,22.05012,38.062458,35.929497,46.37557,39.806576,40.103634,34.324356,31.078466,28.790663,32.680107,35.259052,2.0520904,1.7479532,7.255914,7.7070456,1382.45,145.99574,0.07910156,0.7428229,0.003295898,20,30,0.3869539,0.44069475,0.27091718,0.2536575,0.3286892,0.6849433,0.7957214,13.025029,16.170795,10.90066,15.684445,18.067083,20.463106,19.667522,16.025553,15.431671,17.473528,14.406817,14.826395,16.49979,19.969082,16.135738,16.636055,10.9378605,13.485835,12.175245,10.671214,13.618984,17.49164,15.230655,13.258377,12.855095,13.905716,10.923184,12.485809,14.318491,16.607912,15.017743,13.670022,14.098364,14.443425,12.03945,13.584338,11.684395,13.589391,13.961256,13.321366,14.877241,17.24281,14.824687,14.487511,13.697512,15.420018,14.612486,15.106657,1.0793358,1.9000218,7.4814796,0.4516539,33.424023,36.99598,32.701412,16.282663,16.391861,13.373061,13.730565,13.342947,15.023181,22.08
4446116.924,658074.7026,14.5517025,1.2161514,0.692416,27.412268,32.06112,37.27618,28.997368,23.168987,34.83906,31.469095,32.055244,35.715694,40.91268,37.650417,36.85136,31.317827,35.8086,36.27732,2.4018714,1.9280745,6.1061068,7.4177985,1382.38,135,-0.080078125,0.6888868,-0.006713867,45,30,0.36694375,0.4392246,0.27671978,0.25853518,0.30962753,0.6602236,0.88392586,13.803488,14.808462,12.188646,15.362699,18.96465,21.372465,17.70527,16.292425,15.216672,16.253786,15.459012,15.120926,17.116858,21.137754,16.680511,17.019773,10.26047,12.09762,14.487732,9.787161,14.366295,16.89839,14.934595,13.175329,11.782919,11.34149,12.082031,13.046288,14.608129,16.628222,16.37109,13.467515,13.842459,13.549533,14.251574,13.527441,16.085632,18.346937,17.790682,15.225672,16.006239,16.042898,15.707372,16.66421,14.912657,16.050909,15.751201,15.971777,0.9542837,2.164973,6.7619524,0.4564572,29.736694,33.15408,37.25089,16.315098,16.712217,13.261751,13.69431,15.342036,15.876497,22.08
4446116.924,658079.7026,15.290321,1.1971469,0.6843827,27.90931,31.932846,37.996433,28.255533,23.162334,35.282482,31.298798,33.176033,37.72731,42.63012,36.8715,36.98874,29.926565,34.63965,34.70137,2.3618252,1.9404615,6.064899,7.383416,1382.34,144.4472,-0.16064453,0.6161456,-0.010009766,45,30,0.36694375,0.4392246,0.27671978,0.25853518,0.30962753,0.6602236,0.88392586,13.819438,14.822105,12.19851,15.374031,18.978815,21.38191,17.712826,16.304493,15.114522,16.259619,15.418422,15.029019,17.117188,21.03548,16.588938,16.949728,10.219258,11.971647,14.412992,9.838852,14.450193,16.874817,14.952756,13.148452,11.778018,11.34149,12.082031,13.041388,14.608129,16.624138,16.37109,13.465217,13.842459,13.549533,14.251574,13.527441,16.085632,18.346937,17.790682,15.225672,16.006239,16.042898,15.707372,16.66421,14.912657,16.050909,15.751201,15.971777,0.9407648,2.1511433,6.7241573,0.4564572,29.921078,33.29064,36.93012,16.326807,16.651882,13.245789,13.692327,15.342036,15.876497,22.08
4446116.924,658084.7026,17.855637,1.1829659,0.67609507,27.964489,31.933338,39.00561,27.368557,23.071817,35.724915,31.227291,33.53341,40.424137,44.663094,36.010017,37.027157,28.942776,33.1252,33.019215,2.321922,1.9374921,6.009639,7.3379703,1382.32,155.32567,-0.000976563,0.5830181,-0.003417969,45,30,0.36295038,0.43551907,0.28207332,0.2555089,0.3302683,0.68419486,0.79930437,14.178288,13.56354,12.663109,16.181011,18.612076,22.145477,18.340801,16.49117,15.544584,15.206174,15.322667,15.030251,16.828327,20.097605,16.799461,16.60125,10.121253,13.853559,12.303393,9.954041,14.081969,16.741705,14.58777,12.991278,11.649416,11.10298,12.192282,13.156136,15.164326,17.23451,16.67747,13.669594,13.900769,13.257396,13.544617,13.882503,16.30765,18.273224,17.237019,15.037855,15.315013,17.743336,15.473206,16.817886,14.246408,15.763359,15.174665,15.983953,0.9295305,2.129707,6.6738043,0.4499742,29.948914,33.476105,36.518585,16.52633,16.404154,13.091956,13.882445,15.200455,15.790553,22.08
4446116.924,658089.7026,22.195835,1.1623002,0.6626643,28.186453,31.738056,38.483055,27.043837,23.226152,36.1488,31.58788,34.302666,41.039234,45.26519,35.39707,36.823353,28.85789,32.81574,32.319817,2.2921457,1.9380026,6.0076594,7.339506,1382.3,162.48677,-0.07910156,0.5705715,-0.004394531,45,30,0.36295038,0.43551907,0.28207332,0.2555089,0.3302683,0.68419486,0.79930437,13.709663,14.77609,12.747597,16.10462,18.940018,21.921928,19.25058,16.599958,15.374252,16.434366,15.10607,15.570963,17.264103,19.872208,16.5081,16.831823,10.779582,11.668764,11.986961,10.060703,14.59164,16.496964,14.381544,12.736497,12.385488,11.35814,11.06352,13.59183,15.554929,17.031965,16.013096,13.680938,13.875331,13.766817,12.823682,13.159528,16.361614,17.939028,17.951218,14.842809,14.979864,16.269375,15.112158,15.33724,14.939645,15.919736,16.095518,15.5301,0.91248226,2.1150742,6.673583,0.4499742,29.962254,33.86834,36.110214,16.778643,16.59001,12.852308,13.856995,15.125316,15.5219345,22.08
4446116.924,658094.7026,26.0937,1.1487063,0.64594465,28.214054,31.734375,36.89204,27.19432,23.343075,36.481934,31.797504,34.970184,39.9569,44.669476,35.020084,36.60634,29.330208,33.517567,32.542847,2.2780774,1.9383334,6.0523496,7.3831935,1382.29,168.67662,0.000488281,0.58416915,-0.002197266,45,30,0.36295038,0.43551907,0.28207332,0.2555089,0.3302683,0.68419486,0.79930437,13.709663,14.77609,12.747597,16.10462,18.940018,21.921928,19.25058,16.599958,15.374252,16.434366,15.10607,15.570963,17.264103,19.872208,16.5081,16.831823,10.779582,11.668764,11.986961,10.060703,14.59164,16.496964,14.381544,12.736497,12.385488,11.35814,11.06352,13.59183,15.554929,17.031965,16.013096,13.680938,13.875331,13.766817,12.823682,13.159528,16.361614,17.939028,17.951218,14.842809,14.979864,16.269375,15.112158,15.33724,14.939645,15.919736,16.095518,15.5301,0.8973255,2.1082053,6.7177715,0.4499742,29.974215,34.139717,35.81321,16.778643,16.59001,12.852308,13.856995,15.125316,15.5219345,22.08
4446116.924,658099.7026,29.93489,1.1352676,0.6298271,28.252693,31.731611,35.59602,27.152954,23.395992,36.76825,31.953686,35.611874,39.548717,44.32244,34.564384,36.43312,29.5931,33.79356,32.65031,2.2645547,1.9386753,6.0856247,7.4179554,1382.28,170.74358,-0.03955078,0.623932,-0.002197266,45,30,0.36295038,0.43551907,0.28207332,0.2555089,0.3302683,0.68419486,0.79930437,13.862933,14.989779,12.4661665,15.508914,19.069345,20.690157,19.217356,16.335506,15.485535,16.516256,15.231015,16.110315,16.84597,19.49117,17.243616,16.898573,10.377319,11.864092,11.438385,9.995886,14.295234,15.707929,14.512118,12.471265,12.218506,10.97159,11.639394,13.165652,15.096691,16.277782,15.803836,13.443224,13.616514,13.8500805,14.436491,13.516233,16.340729,18.240267,18.240742,15.238252,15.775868,16.108099,15.820903,15.946401,16.269367,16.128687,15.652115,15.900459,0.8825474,2.101615,6.75179,0.4499742,29.992153,34.36097,35.498753,16.543522,16.703411,12.598709,13.596207,15.463008,15.957349,22.08
4446116.924,658104.7026,24.024801,1.1163299,0.6159719,28.046787,30.812012,34.375782,27.015928,23.547573,37.029324,33.116844,36.34579,39.453873,44.068512,34.10211,36.004112,29.733948,33.77101,32.708733,2.246879,1.9095123,6.1172576,7.455001,1382.27,173.65298,-0.079589844,0.6484547,-0.005493164,45,30,0.36295038,0.43551907,0.28207332,0.2555089,0.3302683,0.68419486,0.79930437,13.862933,14.989779,12.4661665,15.508914,19.069345,20.690157,19.217356,16.335506,15.485535,16.516256,15.231015,16.110315,16.84597,19.49117,17.243616,16.898573,10.377319,11.864092,11.438385,9.995886,14.295234,15.707929,14.512118,12.471265,12.218506,10.97159,11.639394,13.165652,15.096691,16.277782,15.803836,13.443224,13.616514,13.8500805,14.436491,13.516233,16.340729,18.240267,18.240742,15.238252,15.775868,16.108099,15.820903,15.946401,16.269367,16.128687,15.652115,15.900459,0.8661509,2.0781956,6.786129,0.4499742,29.4294,35.073082,35.053112,16.543522,16.703411,12.598709,13.596207,15.463008,15.957349,22.08
4446116.924,658109.7026,31.881382,1.0998513,0.61252254,28.68596,31.60022,33.19631,26.75256,23.451733,37.16324,32.278255,37.126835,39.572308,44.145535,33.614803,36.119648,29.85689,33.673164,32.62555,2.2423437,1.9430997,6.1481113,7.4925656,1382.27,176.344,0.040527344,0.6745251,0,45,30,0.36295038,0.43551907,0.28207332,0.2555089,0.3302683,0.68419486,0.79930437,14.041183,14.744101,12.383075,15.333078,19.267427,21.688156,19.893974,16.572124,15.03483,16.5228,15.333384,15.563116,16.817917,18.434378,16.592281,16.511297,10.905118,11.783183,10.12207,9.711098,14.823803,16.865465,14.785998,12.602967,12.053833,10.849993,11.57322,12.73035,15.482241,16.451456,16.714947,13.3881855,13.970805,13.529599,13.369494,13.611153,16.655787,18.07167,18.79389,15.151398,15.573247,16.444082,14.825658,16.431126,18.026487,15.189236,15.736656,15.988549,0.85618687,2.0927217,6.8203382,0.4499742,30.14309,34.72075,34.867226,16.764427,16.328386,12.7138195,13.693719,15.428915,16.032356,22.08
4446116.924,658114.7026,20.994282,1.1031837,0.6242482,28.532757,30.480162,31.991995,26.437092,23.362226,37.258724,33.381268,38.456627,40.09888,44.63122,33.302513,35.866516,29.683012,33.105103,31.840326,2.2162738,1.8967372,6.1957116,7.5468016,1382.26,183.50702,-0.19970703,0.70314085,-0.011108398,45,30,0.3648545,0.43985823,0.2868424,0.2689496,0.3405408,0.68396485,0.78529793,13.830373,15.312386,12.699601,15.58327,18.359482,20.76782,17.614449,16.277155,15.146558,16.363321,15.11541,14.693812,17.472342,19.398699,16.526861,16.513851,11.594156,11.562838,9.958582,10.514656,14.807478,15.452798,14.702527,12.440852,12.510353,11.885641,10.893818,12.226637,15.140545,16.17592,14.9946,13.311344,14.645674,13.186209,12.842099,13.727884,14.232124,17.658876,16.936548,14.63346,15.451498,16.261013,16.684324,16.457766,15.527682,15.593612,16.793491,16.072136,0.863716,2.0565054,6.871257,0.45290115,29.506458,35.319996,34.584515,16.309626,16.388144,12.656149,13.403931,14.747058,16.109911,22.08
4446116.924,658119.7026,28.13692,1.0991358,0.6365519,28.576464,30.47959,31.086712,26.039635,23.300926,37.252747,33.437054,39.347557,40.578262,45.38459,33.037884,35.80493,29.431107,32.99184,31.253218,2.2156677,1.8998808,6.265896,7.597923,1382.28,190.01736,0.080566406,0.7418031,0.003417969,45,30,0.3648545,0.43985823,0.2868424,0.2689496,0.3405408,0.68396485,0.78529793,13.830373,15.312386,12.699601,15.58327,18.359482,20.76782,17.614449,16.277155,15.146558,16.363321,15.11541,14.693812,17.472342,19.398699,16.526861,16.513851,11.594156,11.562838,9.958582,10.514656,14.807478,15.452798,14.702527,12.440852,12.510353,11.885641,10.893818,12.226637,15.140545,16.17592,14.9946,13.311344,14.645674,13.186209,12.842099,13.727884,14.232124,17.658876,16.936548,14.63346,15.451498,16.261013,16.684324,16.457766,15.527682,15.593612,16.793491,16.072136,0.86784387,2.0577743,6.9319096,0.45290115,29.528027,35.344902,34.42141,16.309626,16.388144,12.656149,13.403931,14.747058,16.109911,22.08
4446116.924,658124.7026,24.169151,1.1079248,0.6711814,28.623352,38.150784,30.442495,25.611782,23.130547,37.318462,33.158035,40.19472,41.344666,46.643005,32.776752,34.72798,28.77489,32.658405,30.054667,2.2067592,1.9202844,6.350573,7.651888,1382.29,184.40282,0.080566406,0.74703544,0.006713867,45,30,0.3648545,0.43985823,0.2868424,0.2689496,0.3405408,0.68396485,0.78529793,15.013962,16.213438,12.932141,15.90851,18.383251,19.789696,17.702364,16.525402,14.840385,16.139517,15.572263,14.658595,17.350359,19.406181,16.147924,16.463844,10.539665,12.084097,11.899197,9.690592,14.029243,16.112215,14.420484,12.571556,13.385733,11.445608,11.169964,13.159933,14.282444,16.944572,14.865399,13.531879,14.023931,13.6976795,12.780797,13.739131,13.576241,17.662687,15.708595,14.3229265,15.113683,15.944672,16.763132,15.92556,14.465177,15.645924,15.758385,15.754253,0.88955307,2.0635219,7.0012302,0.45290115,33.38707,35.23825,33.752365,16.563337,16.302176,12.682213,13.607666,14.455581,15.659506,22.08
4446116.924,658129.7026,22.089458,1.0872205,0.7000137,28.815763,37.973312,29.749807,25.18445,22.809631,37.17508,32.95764,41.610622,42.060837,48.05642,32.674526,34.86211,27.898167,32.711258,29.24131,2.2130275,1.9201945,6.4537487,7.7198825,1382.29,184.24022,0.000488281,0.77562475,0,45,30,0.3648545,0.43985823,0.2868424,0.2689496,0.3405408,0.68396485,0.78529793,12.59392,16.459913,12.842514,16.476086,19.36919,21.453909,17.591988,16.666348,15.27313,16.303167,15.234777,14.5169115,17.641249,20.177195,16.71301,16.747921,10.315054,12.126883,11.554812,9.479161,13.788288,15.775688,14.383322,12.360176,12.966522,11.271892,11.908506,13.942912,15.095632,17.269463,15.682696,13.965201,13.59801,13.66408,12.421965,13.320848,13.673027,16.342278,15.401716,13.846275,15.13726,16.3071,16.064129,14.656456,14.135414,15.455635,14.875559,15.292208,0.89361715,2.066611,7.086816,0.45290115,33.39454,35.06636,33.76832,16.683931,16.551348,12.48903,14.01966,14.060274,15.233079,22.08
4446116.924,658134.7026,24.226946,1.0889442,0.7217257,28.854626,37.992306,29.057981,24.744041,22.66906,36.980824,32.96691,43.056927,43.00267,49.709915,32.598686,34.792885,27.03444,32.261906,28.072205,2.2170796,1.9266865,6.561772,7.789601,1382.3,192.4133,0.000976563,0.86540544,-0.001098633,45,30,0.3648545,0.43985823,0.2868424,0.2689496,0.3405408,0.68396485,0.78529793,12.59392,16.459913,12.842514,16.476086,19.36919,21.453909,17.591988,16.666348,15.27313,16.303167,15.234777,14.5169115,17.641249,20.177195,16.71301,16.747921,10.315054,12.126883,11.554812,9.479161,13.788288,15.775688,14.383322,12.360176,12.966522,11.271892,11.908506,13.942912,15.095632,17.269463,15.682696,13.965201,13.59801,13.66408,12.421965,13.320848,13.673027,16.342278,15.401716,13.846275,15.13726,16.3071,16.064129,14.656456,14.135414,15.455635,14.875559,15.292208,0.90533495,2.0718832,7.1756864,0.45290115,33.423466,34.97387,33.695786,16.683931,16.551348,12.48903,14.01966,14.060274,15.233079,22.08
4446116.924,658139.7026,25.919315,1.0911134,0.73501056,28.907318,38.010784,28.341,24.273983,22.49242,36.67237,32.945473,44.81328,44.09367,51.534378,32.54398,34.770664,25.905283,31.718637,26.823755,2.2203124,1.9331101,6.6733046,7.86226,1382.32,192.71259,0.0390625,0.9104974,0.003295898,45,30,0.3648545,0.43985823,0.2868424,0.2689496,0.3405408,0.68396485,0.78529793,13.640152,16.04389,13.366102,16.452026,18.014446,20.70032,18.449938,16.588442,15.205419,15.46147,14.951712,15.950473,17.84119,19.165495,17.04448,16.642992,10.838649,11.628647,11.533625,10.915088,14.0540085,16.405207,14.410054,12.736671,13.0404,12.166088,12.172689,13.267839,15.239382,16.81265,15.974016,13.968879,14.4136715,14.32163,13.29816,13.543109,13.891878,15.668078,15.592296,14.160022,16.198383,15.718303,14.999454,14.958158,13.991245,15.136757,15.45077,15.114906,0.913062,2.0767112,7.267782,0.45290115,33.459053,34.80892,33.657322,16.666697,16.517178,12.826469,14.096152,14.389832,15.207581,22.08
4446116.924,658144.7026,22.929699,1.101352,0.7528166,29.22809,37.93582,27.340508,23.768404,22.109322,36.291626,33.207077,47.859646,45.114326,53.21609,32.452377,34.720654,24.305845,31.294449,26.03105,2.2183769,1.9052284,6.7927012,7.945285,1382.33,194.47336,-0.12060547,0.9171071,-0.0078125,45,30,0.36622983,0.43686324,0.2810933,0.28157192,0.36143625,0.6931852,0.7989552,13.273798,16.875937,13.376144,15.986513,17.728308,21.325632,18.5298,16.586077,15.145493,16.021725,15.361964,16.478157,17.4356,18.55173,17.125505,16.691145,11.32593,12.022632,9.382021,10.939163,14.691427,16.054918,14.281012,12.557731,11.291757,12.074214,10.994025,13.770429,15.18222,17.187975,15.881945,13.629007,14.796758,13.428599,12.946604,13.6059265,13.88589,16.06404,15.004207,14.08756,16.461023,15.212675,14.727205,15.32563,15.215925,14.712051,14.037885,15.152793,0.9270843,2.0618026,7.368993,0.45990497,33.581955,34.74935,33.586517,16.728018,16.588596,12.671015,13.768937,14.247431,15.098914,22.08
4446116.924,658149.7026,23.362095,1.0900009,0.8219642,29.579147,37.54077,26.918661,23.43888,21.922533,36.302105,33.52199,48.229126,45.616642,53.315342,32.43143,34.63235,24.53902,31.120296,26.591204,2.2195947,1.9209275,6.8740463,7.9914894,1382.36,198.44766,0,0.99617475,0,20,30,0.36622983,0.43686324,0.2810933,0.28157192,0.36143625,0.6931852,0.7989552,13.262464,16.868382,13.368588,15.975179,17.714142,21.313042,18.522245,16.57545,15.249514,16.05918,15.355405,16.575365,17.436243,18.545456,17.114685,16.7258,11.36714,12.148605,9.461542,10.900395,14.5882435,16.019098,14.200971,12.566569,11.296656,12.076649,10.994025,13.78023,15.18222,17.192059,15.881945,13.632451,14.796758,13.428599,12.946604,13.6059265,13.88589,16.06404,15.004207,14.08756,16.461023,15.212675,14.727205,15.32563,15.215925,14.712051,14.037885,15.152793,0.95598257,2.070261,7.432768,0.45990497,33.55996,34.91205,33.53189,16.71772,16.619406,12.669428,13.771968,14.247431,15.098914,22.08
4446116.924,658154.7026,24.870838,1.0900309,0.93238634,29.469463,37.365753,26.82811,23.282892,21.939054,36.505272,33.57256,47.110207,45.508797,52.24133,32.727406,34.382843,25.929022,31.386843,27.544434,2.2228458,1.9351331,6.919583,7.9982247,1382.39,197.0588,0.080078125,1.1234087,0.001098633,20,30,0.36622983,0.43686324,0.2810933,0.28157192,0.36143625,0.6931852,0.7989552,13.623233,15.293417,11.825439,16.152416,18.030159,21.7055,19.80533,16.519012,14.873693,16.344141,14.860951,16.649332,17.234764,18.85127,17.030579,16.736633,12.034844,13.623449,9.9657345,11.083806,14.3358755,16.127304,14.011622,13.018326,11.861795,11.936831,11.134987,13,15.488991,16.982563,15.869435,13.592191,14.965658,12.505305,12.776976,14.167974,14.112211,16.50119,15.924582,14.155741,15.795198,15.696154,14.856703,16.679626,14.967398,15.347323,13.915996,15.43168,1.0112087,2.0789895,7.458904,0.45990497,33.41761,35.038918,33.555122,16.633642,16.549248,13.026092,13.753515,14.421987,15.322627,22.08
4446116.924,658159.7026,20.924145,1.0985796,1.020474,29.416216,37.385487,26.729446,23.14897,21.869951,36.581932,33.536304,46.276352,45.74635,51.446243,32.96207,34.190594,26.748087,31.304993,28.140541,2.2249851,1.9340773,6.961608,8.001979,1382.41,195.24129,-0.19921875,1.1432099,-0.004394531,20,30,0.36622983,0.43686324,0.2810933,0.28157192,0.36143625,0.6931852,0.7989552,13.847323,15.329349,12.273044,16.384594,18.29508,21.642569,19.596174,16.68471,15.120169,16.305565,14.981468,15.566142,16.217276,18.979963,16.73317,16.469263,12.93677,15.092054,10.6072645,9.586436,14.303053,16.555689,14.116434,13.343298,12.364367,12.339529,11.056498,12.942782,14.771101,17.032951,15.943323,13.661275,14.57078,13.401655,12.567444,13.537686,13.629911,15.12296,15.563939,13.776273,16.220026,16.492878,14.029974,16.258965,14.687397,15.1093,14.083687,15.363346,1.0595268,2.0795312,7.4817934,0.45990497,33.400852,35.05912,33.576332,16.766876,16.271965,13.313957,13.778649,14.05634,15.268889,22.08
4446116.924,658164.7026,26.930391,1.1063678,1.1003151,29.384813,37.401962,26.521252,23.018112,21.775366,36.575428,33.491684,45.78935,46.08152,50.644882,33.156284,34.061745,27.327358,31.151827,28.771736,2.2264147,1.932624,7.0024695,8.00999,1382.45,190.36377,0.31933594,1.0340536,0.014404297,20,30,0.36622983,0.43686324,0.2810933,0.28157192,0.36143625,0.6931852,0.7989552,13.847323,15.329349,12.273044,16.384594,18.29508,21.642569,19.596174,16.68471,15.120169,16.305565,14.981468,15.566142,16.217276,18.979963,16.73317,16.469263,12.93677,15.092054,10.6072645,9.586436,14.303053,16.555689,14.116434,13.343298,12.364367,12.339529,11.056498,12.942782,14.771101,17.032951,15.943323,13.661275,14.57078,13.401655,12.567444,13.537686,13.629911,15.12296,15.563939,13.776273,16.220026,16.492878,14.029974,16.258965,14.687397,15.1093,14.083687,15.363346,1.1033415,2.0795193,7.5062294,0.45990497,33.393387,35.033554,33.609016,16.766876,16.271965,13.313957,13.778649,14.05634,15.268889,22.08
4446116.924,658169.7026,27.881851,1.0823692,1.161795,29.097612,37.59532,26.330843,22.880707,21.716879,36.44933,33.371384,45.22478,45.979313,49.624405,33.498734,34.004585,27.767029,31.368668,29.6447,2.2182817,1.9200974,7.043361,7.994433,1382.45,187.02478,-0.040527344,1.0535859,0,20,30,0.36622983,0.43686324,0.2810933,0.28157192,0.36143625,0.6931852,0.7989552,13.55201,16.360764,12.188724,16.334278,19.401375,21.292078,19.190052,16.74406,15.1694565,16.406332,14.832705,14.901186,16.776533,19.298418,17.065609,16.476274,11.474348,15.601166,11.293156,9.928522,13.385221,16.73403,14.934155,13.27102,11.101434,12.723551,11.81526,12.679457,14.683407,16.669304,15.220584,13.493015,14.143125,13.754034,13.167193,14.109085,14.01881,15.426557,14.336752,14.035925,16.328785,16.550896,16.182648,15.8111515,13.383986,15.443016,13.435308,15.546649,1.1220821,2.0691895,7.518897,0.45990497,33.346466,34.910355,33.75166,16.902754,16.350035,13.335799,13.556142,14.136508,15.305114,22.08
4446116.924,658174.7026,16.871641,1.0897189,1.2088593,28.94009,37.67416,26.082165,22.781294,21.620226,36.48679,33.48235,44.863503,45.915127,48.63326,33.582275,33.74868,28.121254,31.58247,30.277569,2.2189398,1.9224093,7.0823298,7.9692717,1382.46,190.49396,-0.12011719,1.1797165,-0.006713867,20,30,0.37665656,0.438528,0.27873823,0.27359554,0.36456937,0.68704784,0.8054,11.929697,14.385284,11.538825,14.756619,18.135826,21.002813,18.177269,15.499639,15.28647,16.69921,14.620717,14.869044,16.87404,19.7068,16.58789,16.539131,11.485735,13.3508,9.977643,9.910069,13.544413,15.624077,15.148092,12.522392,11.978607,11.95933,10.875544,12.464064,14.818386,16.019144,15.374847,13.225437,15.60831,14.41349,12.248835,13.500972,14.492952,14.861943,13.782529,14.105495,16.322433,15.951037,15.942205,15.054477,14.143503,14.757043,13.827333,15.267153,1.1492891,2.0706744,7.5258007,0.4606479,33.307125,34.98457,33.665478,15.703761,16.377739,12.7201185,13.355703,14.129863,15.142576,22.08
4446116.924,658179.7026,22.97076,1.0803238,1.2399052,28.947075,38.775814,25.793945,22.740698,21.56255,36.568134,33.111694,45.057705,45.62612,47.76284,33.59502,33.57457,27.8874,31.849228,30.544422,2.2106435,1.9405613,7.1376233,7.96015,1382.49,191.58844,0.080078125,1.2132021,0.005615234,20,30,0.37665656,0.438528,0.27873823,0.27359554,0.36456937,0.68704784,0.8054,11.929697,14.385284,11.538825,14.756619,18.140543,21.002813,18.177269,15.500228,15.28647,16.69921,14.620717,14.869044,17.092455,19.7068,16.58789,16.566433,11.502352,13.373881,10.004132,9.944437,13.578065,15.653885,15.18117,12.550946,11.978607,11.95933,10.875544,12.464064,14.818386,16.019144,15.374847,13.225437,15.724406,14.645685,12.481028,13.592278,15.137095,15.173406,14.040187,14.349379,16.32956,15.953313,15.949867,15.054477,14.459906,14.764775,13.835492,15.310817,1.1601145,2.0756025,7.5488863,0.4606479,33.861443,34.839912,33.584793,15.704436,16.408941,12.748274,13.355703,14.399155,15.192485,22.08
4446116.924,658184.7026,28.194178,1.0752611,1.248991,28.397781,38.638176,25.398815,22.789072,21.479794,36.948658,33.786854,45.41686,44.81405,46.713085,33.57756,33.120087,27.751213,32.235165,31.184752,2.1892383,1.9185716,7.21485,7.9532876,1382.51,187.13362,0.16015625,1.1544169,0.008911133,20,30,0.37665656,0.438528,0.27873823,0.27359554,0.36456937,0.68704784,0.8054,11.36043,14.738088,11.27742,16.10729,18.328703,21.203531,17.958614,15.69959,14.954844,16.549795,14.578638,15.126211,17.375404,19.399279,16.800043,16.492395,11.359003,11.520876,10.452844,9.557626,15.305567,16.164999,15.057485,12.558226,11.474549,11.494273,10.503541,12.313661,14.893911,16.258444,16.098677,13.092272,15.429128,14.2902355,12.485976,12.717524,14.592505,15.557488,14.623117,14.214384,16.144512,16.734106,15.727087,14.177843,14.853944,15.076324,14.871099,15.386273,1.1621261,2.053905,7.584069,0.4606479,33.51798,35.367756,33.348824,15.853439,16.397745,12.774057,13.291008,14.242282,15.369273,22.08
4446116.924,658189.7026,25.969566,1.0781828,1.2395821,28.312115,39.2554,25.01949,22.85095,21.515625,37.487694,33.393562,45.541145,43.2816,45.23046,33.240364,32.890553,27.655653,33.03012,32.363335,2.1645195,1.895382,7.308344,7.908605,1382.51,177.7064,0,1.0746812,0.005615234,20,30,0.37665656,0.438528,0.27873823,0.27359554,0.36456937,0.68704784,0.8054,12.424538,15.320063,11.277025,16.406143,19.686417,21.393808,17.162624,16.195826,15.226091,17.286297,14.720105,15.024651,17.672846,19.180365,16.410288,16.668196,10.2504225,12.696149,10.859789,10.3543,14.303787,15.500656,14.478189,12.5131035,12.51256,13.023489,11.808639,13.430057,15.417089,15.888939,15.755976,13.839942,15.101601,14.1139145,13.675463,12.595146,15.169109,14.368812,14.523552,14.161277,16.212738,15.926302,14.84496,14.444303,14.516397,15.205906,15.385855,15.254194,1.1588824,2.0299509,7.6084747,0.4606479,33.78376,35.440628,33.06546,16.238659,16.502949,12.634756,13.976678,14.221085,15.219495,22.08
4446116.924,658194.7026,24.662891,1.0764632,1.2356949,28.232298,39.243095,24.435093,22.966415,21.50663,37.791187,33.740265,46.19145,42.533997,43.939148,33.133465,32.63507,27.370981,33.41699,32.992268,2.1382294,1.8665615,7.388093,7.8896,1382.5,168.36201,0.12011719,0.99409467,0.003295898,20,30,0.37665656,0.438528,0.27873823,0.27359554,0.36456937,0.68704784,0.8054,12.424538,15.320063,11.277025,16.406143,19.686417,21.393808,17.162624,16.195826,15.226091,17.286297,14.720105,15.024651,17.672846,19.180365,16.410288,16.668196,10.2504225,12.696149,10.859789,10.3543,14.303787,15.500656,14.478189,12.5131035,12.51256,13.023489,11.808639,13.430057,15.417089,15.888939,15.755976,13.839942,15.101601,14.1139145,13.675463,12.595146,15.169109,14.368812,14.523552,14.161277,16.212738,15.926302,14.84496,14.444303,14.516397,15.205906,15.385855,15.254194,1.156079,2.0023954,7.6388464,0.4606479,33.737698,35.765724,32.88427,16.238659,16.502949,12.634756,13.976678,14.221085,15.219495,22.08
4446116.924,658199.7026,24.293175,1.0746536,1.2238293,28.157042,39.227592,23.726612,23.098917,21.484343,38.080265,34.12488,47.034336,41.762882,42.561996,33.027885,32.373524,27.008663,33.816525,33.655853,2.1133795,1.8356977,7.4547625,7.8705587,1382.47,165.06496,-0.2006836,0.88937706,-0.0078125,20,30,0.37665656,0.438528,0.27873823,0.27359554,0.36456937,0.68704784,0.8054,14.187241,14.783867,10.532241,14.215152,17.679708,20.683977,17.554932,15.528839,14.323354,15.894155,15.10007,16.387794,16.940662,18.707647,16.634777,16.419733,10.432171,11.3569765,11.246329,10.615435,13.85914,16.104998,15.309047,12.544095,12.431373,12.658269,10.597984,13.882678,14.667976,15.394052,15.497915,13.379996,14.574347,13.879738,12.526631,13.722882,14.17811,14.674233,13.99333,13.890602,14.885425,16.097889,14.781047,15.096271,14.823157,15.795287,14.642285,15.261426,1.1492414,1.9745386,7.6626606,0.4606479,33.692318,36.102573,32.700706,15.662445,16.284067,12.703441,13.590035,13.93561,15.160195,22.08
4446116.924,658204.7026,22.888668,1.0732484,1.1781629,27.768225,39.80187,22.92084,23.266394,21.265846,38.28542,34.995995,48.032036,41.02914,41.162544,33.156197,31.534168,27.064117,33.645424,35.18708,2.0890028,1.8026062,7.489658,7.8379784,1382.46,158.38995,0.119140625,0.81655365,0.006591797,20,30,0.38496456,0.4435394,0.26911917,0.2539307,0.33269522,0.6817548,0.7865317,13.613879,14.837822,10.544797,13.7434845,17.038479,19.256422,18.102856,15.209981,14.797991,16.566412,15.12003,16.355145,17.541195,18.924534,16.7312,16.69481,10.886792,12.059927,11.042146,10.692982,14.529609,16.703897,15.393911,12.84593,12.640247,13.07007,10.958171,13.076322,14.567544,14.969742,15.305071,13.350336,14.824031,13.920233,12.2097,13.323919,11.877714,13.532071,13.217018,13.310902,16.263618,16.903854,14.907251,15.130872,13.889814,15.189666,16.53638,15.418205,1.1257057,1.9458046,7.6638184,0.45036224,33.785046,36.64071,32.345184,15.305391,16.576643,13.044181,13.512452,13.2720995,15.545922,22.08
4446116.924,658209.7026,22.758595,1.0643089,1.1426126,27.893156,39.936073,23.351532,23.559223,21.659134,38.18843,35.389553,48.13652,40.537357,40.53346,33.43465,31.12706,26.879559,32.67826,34.787945,2.0566883,1.7754489,7.3948245,7.793857,1382.43,151.1421,0.12109375,0.8013222,0.006713867,20,30,0.38496456,0.4435394,0.26911917,0.2539307,0.33269522,0.6817548,0.7865317,15.004758,16.086628,11.826469,14.792499,17.865522,20.037313,18.810879,16.288088,14.794789,16.566412,15.116829,16.355145,17.541195,18.924534,16.7312,16.69381,10.886792,12.244573,11.042146,10.766132,14.548271,16.756575,15.393911,12.898421,12.7417965,13.127444,11.059721,13.21172,14.732465,15.225037,15.470858,13.490712,14.843996,13.920233,12.2097,13.323919,11.877714,13.532071,13.217018,13.314022,16.263618,16.903854,14.907251,15.130872,13.889814,15.189666,16.53638,15.418205,1.1034608,1.9160686,7.594341,0.45036224,33.914616,36.788994,32.280853,16.346296,16.57573,13.091201,13.6527195,13.274951,15.545922,22.08
4446116.924,658214.7026,23.404032,1.0441116,1.0962987,27.071552,39.87863,24.854908,23.946945,22.134733,38.377193,35.831474,45.48605,39.87427,40.026707,33.8666,30.706696,29.04321,32.64495,35.273407,2.012692,1.7668728,7.1688957,7.7025123,1382.39,150.12068,-0.079589844,0.7763354,0.001098633,20,30,0.38496456,0.4435394,0.26911917,0.2539307,0.33269522,0.6817548,0.7865317,13.025029,16.170795,10.90066,15.684445,18.067083,20.463106,19.667522,16.025553,15.431671,17.473528,14.406817,14.826395,16.49979,19.969082,16.135738,16.636055,10.9378605,13.485835,12.175245,10.671214,13.618984,17.49164,15.230655,13.258377,12.855095,13.905716,10.923184,12.485809,14.318491,16.607912,15.017743,13.670022,14.088106,14.421514,12.056029,13.581131,11.692177,13.604992,14.054767,13.327754,14.869036,17.21988,14.824687,14.487511,13.62616,15.350807,14.529434,15.075538,1.0702052,1.8897824,7.435704,0.45036224,33.47509,37.104332,32.286648,16.282663,16.391861,13.373061,13.730565,13.356959,14.986787,22.08
4446111.924,658079.7026,15.802242,1.1867561,0.67245215,27.914736,31.93494,37.921947,28.44855,23.212225,35.17686,31.219555,33.142834,37.304577,43.36734,36.92204,37.05979,29.986979,34.763092,33.8805,2.34942,1.9411647,6.067489,7.3761134,1382.31,137.0981,0.08105469,0.54708457,0,45,30,0.36694375,0.4392246,0.27671978,0.25853518,0.30962753,0.6602236,0.88392586,13.819438,14.822105,12.19851,15.374031,18.978815,21.38191,17.712826,16.304493,15.114522,16.259619,15.418422,15.029019,17.117188,21.03548,16.588938,16.949728,10.219258,11.971647,14.412992,9.838852,14.450193,16.874817,14.952756,13.148452,11.778018,11.34149,12.082031,13.041388,14.608129,16.624138,16.37109,13.465217,13.842459,13.549533,14.251574,13.527441,16.085632,18.346937,17.790682,15.225672,16.006239,16.042898,15.707372,16.66421,14.912657,16.050909,15.751201,15.971777,0.9296042,2.1452923,6.7218013,0.4564572,29.924839,33.198208,36.990913,16.326807,16.651882,13.245789,13.692327,15.342036,15.876497,22.08
4446111.924,658084.7026,19.834616,1.1648277,0.66516894,28.053186,32.396763,38.362885,27.78454,23.157574,35.60386,31.260937,33.531715,39.02455,44.956665,36.18629,36.774426,29.324205,33.90202,32.489956,2.3130045,1.9523488,6.029207,7.3377743,1382.27,147.24835,-0.2397461,0.47671476,-0.013305664,45,30,0.36295038,0.43551907,0.28207332,0.2555089,0.3302683,0.68419486,0.79930437,14.178288,13.56354,12.663109,16.181011,18.612076,22.145477,18.340801,16.49117,15.544584,15.206174,15.322667,15.030251,16.828327,20.097605,16.799461,16.60125,10.121253,13.853559,12.303393,9.954041,14.081969,16.741705,14.58777,12.991278,11.649416,11.10298,12.192282,13.156136,15.164326,17.23451,16.67747,13.669594,13.900769,13.257396,13.544617,13.882503,16.30765,18.273224,17.237019,15.037855,15.315013,17.743336,15.473206,16.817886,14.246408,15.763359,15.174665,15.983953,0.9149983,2.1326766,6.6834908,0.4499742,30.224976,33.432396,36.48036,16.52633,16.404154,13.091956,13.882445,15.200455,15.790553,22.08
4446111.924,658089.7026,23.287424,1.152454,0.6513959,28.184656,31.740482,37.880077,27.458792,23.322266,35.990704,31.55988,34.335464,39.69186,45.637436,35.56811,36.826294,29.222082,33.51622,31.722607,2.2833834,1.939117,6.0310936,7.3454847,1382.26,155.86554,0,0.45542598,-0.003295898,45,30,0.36295038,0.43551907,0.28207332,0.2555089,0.3302683,0.68419486,0.79930437,14.178288,13.56354,12.663109,16.181011,18.612076,22.145477,18.340801,16.49117,15.544584,15.206174,15.322667,15.030251,16.828327,20.097605,16.799461,16.60125,10.121253,13.853559,12.303393,9.954041,14.081969,16.741705,14.58777,12.991278,11.649416,11.10298,12.192282,13.156136,15.164326,17.23451,16.67747,13.669594,13.900769,13.257396,13.544617,13.882503,16.30765,18.273224,17.237019,15.037855,15.315013,17.743336,15.473206,16.817886,14.246408,15.763359,15.174665,15.983953,0.90192497,2.1112502,6.688289,0.4499742,29.96257,33.77529,36.197205,16.52633,16.404154,13.091956,13.882445,15.200455,15.790553,22.08
4446111.924,658094.7026,20.89733,1.138863,0.6391684,28.223791,31.738487,36.849693,27.333462,23.381552,36.278152,31.689054,34.926105,39.420933,45.535828,35.087254,36.664948,29.368824,33.762913,31.61397,2.2672713,1.9393549,6.0558434,7.3710756,1382.24,159.44395,-0.12011719,0.49000147,-0.0078125,45,30,0.36295038,0.43551907,0.28207332,0.2555089,0.3302683,0.68419486,0.79930437,13.709663,14.77609,12.747597,16.10462,18.940018,21.921928,19.25058,16.599958,15.374252,16.434366,15.10607,15.570963,17.264103,19.872208,16.5081,16.831823,10.779582,11.668764,11.986961,10.060703,14.59164,16.496964,14.381544,12.736497,12.385488,11.35814,11.06352,13.59183,15.554929,17.031965,16.013096,13.680938,13.875331,13.766817,12.823682,13.159528,16.361614,17.939028,17.951218,14.842809,14.979864,16.269375,15.112158,15.33724,14.939645,15.919736,16.095518,15.5301,0.8890157,2.103313,6.7134595,0.4499742,29.98114,33.983604,35.8761,16.778643,16.59001,12.852308,13.856995,15.125316,15.5219345,22.08
4446111.924,658099.7026,27.513962,1.1255841,0.62783974,28.269732,31.736809,35.70983,27.156006,23.418364,36.495598,31.810734,35.54314,39.165016,45.268917,34.60811,36.49981,29.548763,34.02237,31.692553,2.2553391,1.9397807,6.0841265,7.40133,1382.23,165.59314,-0.040039062,0.51792616,-0.004516602,45,30,0.36295038,0.43551907,0.28207332,0.2555089,0.3302683,0.68419486,0.79930437,13.862933,14.989779,12.4661665,15.508914,19.069345,20.690157,19.217356,16.335506,15.485535,16.516256,15.231015,16.110315,16.84597,19.49117,17.243616,16.898573,10.377319,11.864092,11.438385,9.995886,14.295234,15.707929,14.512118,12.471265,12.218506,10.97159,11.639394,13.165652,15.096691,16.277782,15.803836,13.443224,13.616514,13.8500805,14.436491,13.516233,16.340729,18.240267,18.240742,15.238252,15.775868,16.108099,15.820903,15.946401,16.269367,16.128687,15.652115,15.900459,0.87671196,2.09756,6.742728,0.4499742,30.00327,34.153168,35.55396,16.543522,16.703411,12.598709,13.596207,15.463008,15.957349,22.08
4446111.924,658104.7026,15.467308,1.1058432,0.6193653,28.067831,30.815916,34.56256,26.886713,23.570822,36.67595,32.993958,36.2637,39.077007,44.988987,34.129375,36.04131,29.65592,34.079502,31.789587,2.2387817,1.9093032,6.112744,7.436332,1382.22,169.29477,-0.040527344,0.5393503,-0.004516602,45,30,0.36295038,0.43551907,0.28207332,0.2555089,0.3302683,0.68419486,0.79930437,13.862933,14.989779,12.4661665,15.508914,19.069345,20.690157,19.217356,16.335506,15.485535,16.516256,15.231015,16.110315,16.84597,19.49117,17.243616,16.898573,10.377319,11.864092,11.438385,9.995886,14.295234,15.707929,14.512118,12.471265,12.218506,10.97159,11.639394,13.165652,15.096691,16.277782,15.803836,13.443224,13.616514,13.8500805,14.436491,13.516233,16.340729,18.240267,18.240742,15.238252,15.775868,16.108099,15.820903,15.946401,16.269367,16.128687,15.652115,15.900459,0.86260426,2.0740423,6.774538,0.4499742,29.441874,34.834953,35.085342,16.543522,16.703411,12.598709,13.596207,15.463008,15.957349,22.08
4446111.924,658109.7026,33.047234,1.0760856,0.61958843,28.593487,30.816242,33.397644,26.463348,23.473314,36.750984,33.133213,37.29451,39.20867,44.93441,33.595936,35.84183,29.572048,33.89307,31.754847,2.2286227,1.9177346,6.1374135,7.4756193,1382.21,173.98332,-0.12060547,0.54713947,-0.0078125,45,30,0.36295038,0.43551907,0.28207332,0.2555089,0.3302683,0.68419486,0.79930437,14.041183,14.744101,12.383075,15.333078,19.267427,21.688156,19.893974,16.572124,15.03483,16.5228,15.333384,15.563116,16.817917,18.434378,16.592281,16.511297,10.905118,11.783183,10.12207,9.711098,14.823803,16.865465,14.785998,12.602967,12.053833,10.849993,11.57322,12.73035,15.482241,16.451456,16.714947,13.3881855,13.970805,13.529599,13.369494,13.611153,16.655787,18.07167,18.79389,15.151398,15.573247,16.444082,14.825658,16.431126,18.026487,15.189236,15.736656,15.988549,0.847837,2.0731788,6.8065166,0.4499742,29.704865,34.9421,34.718884,16.764427,16.328386,12.7138195,13.693719,15.428915,16.032356,22.08
4446111.924,658114.7026,16.14063,1.064663,0.62029046,28.658434,30.818094,32.36081,25.953972,23.419353,36.72354,33.195324,38.0301,39.42507,45.08555,33.17435,35.670204,29.546192,34.047012,31.661842,2.228308,1.921215,6.1780167,7.509166,1382.21,181.47064,-0.040527344,0.5586463,-0.006713867,45,30,0.3648545,0.43985823,0.2868424,0.2689496,0.3405408,0.68396485,0.78529793,13.830373,15.312386,12.699601,15.58327,18.359482,20.76782,17.614449,16.277155,15.146558,16.363321,15.11541,14.693812,17.472342,19.398699,16.526861,16.513851,11.594156,11.562838,9.958582,10.514656,14.807478,15.452798,14.702527,12.440852,12.510353,11.885641,10.893818,12.226637,15.140545,16.17592,14.9946,13.311344,14.645674,13.186209,12.842099,13.727884,14.232124,17.658876,16.936548,14.63346,15.451498,16.261013,16.684324,16.457766,15.527682,15.593612,16.793491,16.072136,0.8424767,2.0747614,6.843591,0.45290115,29.738264,34.959435,34.42228,16.309626,16.388144,12.656149,13.403931,14.747058,16.109911,22.08
4446111.924,658119.7026,26.412636,1.0762208,0.6398492,28.865015,30.88516,31.530987,25.49666,23.293438,36.809082,33.053715,38.99633,40.134747,45.725853,32.857086,35.677536,29.127708,33.553,30.866808,2.2073846,1.8902624,6.24039,7.5562825,1382.21,186.63998,-0.16064453,0.6199662,-0.010009766,45,30,0.3648545,0.43985823,0.2868424,0.2689496,0.3405408,0.68396485,0.78529793,13.830373,15.312386,12.699601,15.58327,18.359482,20.76782,17.614449,16.277155,15.146558,16.363321,15.11541,14.693812,17.472342,19.398699,16.526861,16.513851,11.594156,11.562838,9.958582,10.514656,14.807478,15.452798,14.702527,12.440852,12.510353,11.885641,10.893818,12.226637,15.140545,16.17592,14.9946,13.311344,14.645674,13.186209,12.842099,13.727884,14.232124,17.658876,16.936548,14.63346,15.451498,16.261013,16.684324,16.457766,15.527682,15.593612,16.793491,16.072136,0.85803497,2.0488234,6.8983364,0.45290115,29.875088,34.931396,34.26731,16.309626,16.388144,12.656149,13.403931,14.747058,16.109911,22.08
4446111.924,658124.7026,19.727356,1.0993426,0.6661855,28.659515,38.171097,30.83729,25.250458,23.092775,36.989822,33.007626,39.83625,40.867237,46.62439,32.712227,34.542957,28.82536,33.15702,30.112242,2.2082274,1.9241141,6.314059,7.6217885,1382.22,183.656,-0.040527344,0.6745251,-0.004516602,45,30,0.3648545,0.43985823,0.2868424,0.2689496,0.3405408,0.68396485,0.78529793,15.013962,16.213438,12.932141,15.90851,18.383251,19.789696,17.702364,16.525402,14.840385,16.139517,15.572263,14.658595,17.350359,19.406181,16.147924,16.463844,10.539665,12.084097,11.899197,9.690592,14.029243,16.112215,14.420484,12.571556,13.385733,11.445608,11.169964,13.159933,14.282444,16.944572,14.865399,13.531879,14.023931,13.6976795,12.780797,13.739131,13.576241,17.662687,15.708595,14.3229265,15.113683,15.944672,16.763132,15.92556,14.465177,15.645924,15.758385,15.754253,0.88276404,2.0661707,6.9679236,0.45290115,33.415306,34.998726,33.627594,16.563337,16.302176,12.682213,13.607666,14.455581,15.659506,22.08
4446111.924,658129.7026,20.189108,1.1029214,0.68424565,28.67113,38.19378,30.232021,25.021101,22.971447,37.088783,33.12074,40.919964,41.67519,47.690483,32.58409,34.331608,28.23972,32.694683,29.390139,2.2088335,1.9302346,6.401307,7.688556,1382.22,182.38837,-0.080566406,0.6880861,-0.008911133,45,30,0.3648545,0.43985823,0.2868424,0.2689496,0.3405408,0.68396485,0.78529793,12.59392,16.459913,12.842514,16.476086,19.36919,21.453909,17.591988,16.666348,15.27313,16.303167,15.234777,14.5169115,17.641249,20.177195,16.71301,16.747921,10.315054,12.126883,11.554812,9.479161,13.788288,15.775688,14.383322,12.360176,12.966522,11.271892,11.908506,13.942912,15.095632,17.269463,15.682696,13.965201,13.59801,13.66408,12.421965,13.320848,13.673027,16.342278,15.401716,13.846275,15.13726,16.3071,16.064129,14.656456,14.135414,15.455635,14.875559,15.292208,0.89358354,2.069534,7.0449314,0.45290115,33.432453,35.10476,33.457848,16.683931,16.551348,12.48903,14.01966,14.060274,15.233079,22.08
4446111.924,658134.7026,23.2873,1.0837246,0.7057098,28.849327,38.020184,29.681318,24.696627,22.618484,37.07527,32.9581,42.30573,42.507515,48.889263,32.48071,34.378044,27.310095,32.6116,28.80884,2.2121665,1.9302244,6.4931507,7.754946,1382.22,189.08755,-0.24072266,0.7250853,-0.015625,45,30,0.3648545,0.43985823,0.2868424,0.2689496,0.3405408,0.68396485,0.78529793,12.59392,16.459913,12.842514,16.476086,19.36919,21.453909,17.591988,16.666348,15.27313,16.303167,15.234777,14.5169115,17.641249,20.177195,16.71301,16.747921,10.315054,12.126883,11.554812,9.479161,13.788288,15.775688,14.383322,12.360176,12.966522,11.271892,11.908506,13.942912,15.095632,17.269463,15.682696,13.965201,13.59801,13.66408,12.421965,13.320848,13.673027,16.342278,15.401716,13.846275,15.13726,16.3071,16.064129,14.656456,14.135414,15.455635,14.875559,15.292208,0.8947172,2.0711956,7.124048,0.45290115,33.434753,35.016685,33.429375,16.683931,16.551348,12.48903,14.01966,14.060274,15.233079,22.08
4446111.924,658139.7026,24.067108,1.0864712,0.7233903,28.874475,38.04296,29.120089,24.34329,22.452284,36.999374,32.98951,43.56472,43.49456,50.157513,32.401184,34.212196,26.546831,32.081074,27.995548,2.2145355,1.9366598,6.583339,7.8171043,1382.24,191.31483,-0.080078125,0.80291635,-0.005615234,45,30,0.3648545,0.43985823,0.2868424,0.2689496,0.3405408,0.68396485,0.78529793,13.640152,16.04389,13.366102,16.452026,18.014446,20.70032,18.449938,16.588442,15.205419,15.46147,14.951712,15.950473,17.84119,19.165495,17.04448,16.642992,10.838649,11.628647,11.533625,10.915088,14.0540085,16.405207,14.410054,12.736671,13.0404,12.166088,12.172689,13.267839,15.239382,16.81265,15.974016,13.968879,14.4136715,14.32163,13.29816,13.543109,13.891878,15.668078,15.592296,14.160022,16.198383,15.718303,14.999454,14.958158,13.991245,15.136757,15.45077,15.114906,0.9049307,2.0755978,7.200222,0.45290115,33.458717,34.994442,33.30669,16.666697,16.517178,12.826469,14.096152,14.389832,15.207581,22.08
4446111.924,658144.7026,23.742205,1.0989245,0.7604703,29.140457,37.974747,28.37851,23.972809,22.117657,36.928883,33.31303,45.597134,44.279602,51.07033,32.326195,33.93893,25.692293,31.766745,27.685093,2.2139883,1.9092267,6.6713552,7.878983,1382.26,193.14102,0.040039062,0.8820829,-0.001098633,45,30,0.36622983,0.43686324,0.2810933,0.28157192,0.36143625,0.6931852,0.7989552,13.273798,16.875937,13.376144,15.986513,17.728308,21.325632,18.5298,16.586077,15.145493,16.021725,15.361964,16.478157,17.4356,18.55173,17.125505,16.691145,11.32593,12.022632,9.382021,10.939163,14.691427,16.054918,14.281012,12.557731,11.291757,12.074214,10.994025,13.770429,15.18222,17.187975,15.881945,13.629007,14.796758,13.428599,12.946604,13.6059265,13.88589,16.06404,15.004207,14.08756,16.461023,15.212675,14.727205,15.32563,15.215925,14.712051,14.037885,15.152793,0.9296974,2.0616074,7.2751694,0.45990497,33.557602,35.120956,33.13256,16.728018,16.588596,12.671015,13.768937,14.247431,15.098914,22.08
4446111.924,658149.7026,24.429787,1.0861632,0.8253015,29.495539,37.580627,27.96273,23.679659,21.921545,37.008553,33.677914,46.00314,44.905785,51.16355,32.212456,33.77116,25.87834,31.480518,28.17622,2.2151237,1.9266342,6.7405896,7.928509,1382.28,192.99619,0.040527344,0.9554797,0.002197266,20,30,0.36622983,0.43686324,0.2810933,0.28157192,0.36143625,0.6931852,0.7989552,13.273798,16.875937,13.376144,15.986513,17.728308,21.325632,18.5298,16.586077,15.145493,16.021725,15.361964,16.478157,17.4356,18.55173,17.125505,16.691145,11.32593,12.022632,9.382021,10.939163,14.691427,16.054918,14.281012,12.557731,11.291757,12.074214,10.994025,13.770429,15.18222,17.187975,15.881945,13.629007,14.796758,13.428599,12.946604,13.6059265,13.88589,16.06404,15.004207,14.08756,16.461023,15.212675,14.727205,15.32563,15.215925,14.712051,14.037885,15.152793,0.95573235,2.070879,7.3345494,0.45990497,33.538082,35.34323,32.991806,16.728018,16.588596,12.671015,13.768937,14.247431,15.098914,22.08
4446111.924,658154.7026,22.138083,1.0850688,0.9113774,29.43021,37.40461,27.67771,23.499758,21.880068,37.049217,33.727467,45.8473,45.144222,50.745155,32.39193,33.543682,26.5218,31.51047,28.651043,2.2177203,1.9431113,6.789966,7.953224,1382.29,192.8647,-0.15917969,1.0286692,-0.008789063,20,30,0.36622983,0.43686324,0.2810933,0.28157192,0.36143625,0.6931852,0.7989552,13.636876,15.300972,11.842859,16.16606,18.044325,21.718092,19.82044,16.532492,14.74943,16.33761,14.861877,16.554775,17.236721,18.855375,16.925703,16.702106,11.993633,13.497477,9.937445,11.09155,14.450801,16.168154,14.07874,13.015058,11.8568945,11.936831,11.134987,12.990199,15.488991,16.97848,15.864535,13.589128,14.965658,12.505305,12.776976,14.167974,14.112211,16.50119,15.924582,14.155741,15.795198,15.696154,14.856703,16.679626,14.967398,15.347323,13.915996,15.43168,0.99822307,2.0804157,7.3715954,0.45990497,33.41741,35.388344,32.967804,16.64709,16.50307,13.031115,13.750131,14.421987,15.322627,22.08
4446111.924,658159.7026,19.733694,1.092207,0.98960984,29.403288,37.425804,27.513098,23.38452,21.7951,37.056335,33.69056,45.411194,45.58837,50.238335,32.541653,33.32648,27.029598,31.280743,29.065655,2.2204914,1.9437469,6.826404,7.9633393,1382.32,196.54393,-0.000976563,1.1057786,-0.002319336,20,30,0.36622983,0.43686324,0.2810933,0.28157192,0.36143625,0.6931852,0.7989552,13.858658,15.336905,12.286687,16.39593,18.313969,21.65201,19.611286,16.696877,14.977791,16.290928,14.964078,15.577196,16.210304,18.990456,16.628296,16.444359,12.895559,14.966082,10.578975,9.620028,14.417978,16.596539,14.183553,13.344067,12.359466,12.339529,11.056498,12.937881,14.771101,17.028868,15.938421,13.6589775,14.618968,13.426517,12.607351,13.550281,13.692954,15.151733,15.696581,13.817061,16.220026,16.492878,14.029974,16.258965,14.617668,15.039573,14.000013,15.337197,1.0409083,2.0821192,7.3948717,0.45990497,33.414547,35.373447,32.934067,16.779348,16.23415,13.322675,13.775968,14.10634,15.237015,22.08
4446111.924,658164.7026,23.551891,1.0696399,1.0629327,29.073717,38.072628,27.357267,23.268343,21.716217,36.99936,33.464462,45.064095,46.10934,49.578007,32.795708,33.137733,27.26061,30.651342,29.413923,2.2182808,1.9562545,6.8534503,7.9563923,1382.35,192.77644,0.080078125,1.1012554,0.005493164,20,30,0.36622983,0.43686324,0.2810933,0.28157192,0.36143625,0.6931852,0.7989552,13.858658,15.336905,12.286687,16.39593,18.313969,21.65201,19.611286,16.696877,14.977791,16.290928,14.964078,15.577196,16.210304,18.990456,16.628296,16.444359,12.895559,14.966082,10.578975,9.620028,14.417978,16.596539,14.183553,13.344067,12.359466,12.339529,11.056498,12.937881,14.771101,17.028868,15.938421,13.6589775,14.618968,13.426517,12.607351,13.550281,13.692954,15.151733,15.696581,13.817061,16.220026,16.492878,14.029974,16.258965,14.617668,15.039573,14.000013,15.337197,1.0662863,2.0872676,7.4049215,0.45990497,33.573174,35.23191,32.96672,16.779348,16.23415,13.322675,13.775968,14.10634,15.237015,22.08
4446111.924,658169.7026,29.875225,1.0738789,1.1338427,29.080517,38.08712,27.055065,23.164553,21.619473,36.939453,33.411575,44.877975,46.74096,48.76786,32.80694,33.00423,27.609133,30.292356,30.017197,2.2236342,1.9588705,6.868646,7.9677186,1382.36,184.77008,0,1.0344031,0,20,30,0.36622983,0.43686324,0.2810933,0.28157192,0.36143625,0.6931852,0.7989552,13.55201,16.360764,12.188724,16.334278,19.401375,21.292078,19.190052,16.74406,15.1694565,16.406332,14.832705,14.901186,16.776533,19.298418,17.065609,16.476274,11.474348,15.601166,11.293156,9.928522,13.385221,16.73403,14.934155,13.27102,11.101434,12.723551,11.81526,12.679457,14.683407,16.669304,15.220584,13.493015,14.129211,13.778895,13.222906,14.137486,14.081854,15.455329,14.469394,14.07195,16.318163,16.550896,16.182648,15.8111515,13.314259,15.373287,13.341011,15.51884,1.1038609,2.0912523,7.4181824,0.45990497,33.583817,35.175514,32.905586,16.902754,16.350035,13.335799,13.556142,14.182153,15.270202,22.08
4446111.924,658174.7026,18.30232,1.0616074,1.1853528,28.952333,38.686268,26.757034,23.037258,21.50445,36.87921,33.31208,44.50993,46.938934,47.67523,32.82848,32.682987,28.049118,30.610313,30.96916,2.2242205,1.9538957,6.875127,7.954302,1382.36,187.0377,-0.16015625,1.0530869,-0.012207031,20,30,0.37665656,0.438528,0.27873823,0.27359554,0.36456937,0.68704784,0.8054,13.396576,15.822195,12.921712,15.859987,18.765621,21.546198,18.766117,16.557526,15.28647,16.69921,14.620717,14.869044,16.82217,19.63764,16.546396,16.513197,11.485735,13.568796,9.977643,9.95835,13.563076,15.676753,15.148092,12.576207,12.046307,11.993179,10.966768,12.674028,14.983309,16.29018,15.506784,13.376739,15.57859,14.430072,12.304548,13.529373,14.555994,14.890714,13.915174,14.137754,16.308857,15.951037,15.942205,15.054477,14.073775,14.687314,13.743658,15.238882,1.1234801,2.0890582,7.4147143,0.4606479,33.8193,35.095646,32.755733,16.725489,16.35452,12.76835,13.494364,14.172067,15.108762,22.08
4446111.924,658179.7026,22.056292,1.0647004,1.2241156,29.031006,38.81871,26.50658,23.004847,21.501387,36.897232,33.218933,44.40572,46.40691,46.918983,32.84967,32.64986,28.048594,31.256245,31.043993,2.2225285,1.9696734,6.92314,7.936385,1382.38,190.76395,-0.080078125,1.1514046,-0.005615234,20,30,0.37665656,0.438528,0.27873823,0.27359554,0.36456937,0.68704784,0.8054,13.396576,15.822195,12.921712,15.859987,18.765621,21.546198,18.766117,16.557526,15.28647,16.69921,14.620717,14.869044,16.82217,19.63764,16.546396,16.513197,11.485735,13.568796,9.977643,9.95835,13.563076,15.676753,15.148092,12.576207,12.046307,11.993179,10.966768,12.674028,14.983309,16.29018,15.506784,13.376739,15.57859,14.430072,12.304548,13.529373,14.555994,14.890714,13.915174,14.137754,16.308857,15.951037,15.942205,15.054477,14.073775,14.687314,13.743658,15.238882,1.144408,2.0961008,7.429763,0.4606479,33.92486,35.058083,32.749763,16.725489,16.35452,12.76835,13.494364,14.172067,15.108762,22.08
4446111.924,658184.7026,26.083797,1.0603306,1.2332703,28.451729,38.681183,26.168745,23.078478,21.452875,37.357388,33.902664,44.722034,45.214043,46.124737,32.89326,32.202114,27.913055,31.904663,31.499477,2.1893928,1.9439678,7.0361395,7.928176,1382.4,188.33543,-0.040039062,1.1866795,-0.001098633,20,30,0.37665656,0.438528,0.27873823,0.27359554,0.36456937,0.68704784,0.8054,12.835312,16.136654,12.741484,17.198063,18.857027,21.760933,18.543688,16.753397,14.954844,16.549795,14.578638,15.084717,17.323536,19.33012,16.583815,16.459978,11.333078,11.71665,10.428323,9.5669565,15.284849,16.163893,15.031985,12.577263,11.542248,11.595822,10.594765,12.5236225,15.071739,16.492666,16.196766,13.243571,15.313031,14.058042,12.253782,12.540674,13.80324,15.128059,14.36546,13.916876,16.137386,16.73543,15.719427,14.055922,14.701542,15.068591,14.731741,15.34342,1.1468005,2.0666804,7.4821577,0.4606479,33.566456,35.630028,32.547688,16.867594,16.34364,12.789391,13.431089,13.923184,15.30715,22.08
4446111.924,658189.7026,23.224768,1.0607202,1.2420186,28.367731,38.674885,25.78395,23.15873,21.47242,37.694717,34.12164,45.08969,44.292328,45.112835,32.835403,32.047726,27.757837,32.44663,32.062714,2.152803,1.9175376,7.148609,7.9106984,1382.42,182.92995,0.20019531,1.1184549,0.010009766,20,30,0.37665656,0.438528,0.27873823,0.27359554,0.36456937,0.68704784,0.8054,13.8036375,16.419104,12.531837,17.39515,20.118965,21.904503,17.593676,17.11854,14.873428,17.286297,14.720105,14.808423,17.620975,19.076624,16.410288,16.553371,10.226579,12.856222,10.829127,10.398714,14.277643,15.489352,14.454417,12.529497,12.614109,13.125038,11.876337,13.52128,15.63723,16.123161,15.932088,13.979593,15.101601,13.997818,13.351964,12.625698,14.410834,13.9393835,14.265895,13.922061,16.194365,15.927625,14.842685,14.435022,14.363995,15.205906,15.256274,15.229477,1.1513693,2.0351703,7.5296535,0.4606479,33.52131,35.90818,32.441566,17.109552,16.399448,12.647436,14.1184635,13.95617,15.175123,22.08
4446111.924,658194.7026,24.858418,1.0467187,1.2302835,28.638336,39.582535,25.377676,23.219576,21.470894,37.96632,33.513752,45.203793,42.977882,43.811447,32.680885,32.223335,27.841797,33.670616,33.10741,2.12307,1.9002161,7.249135,7.880023,1382.41,177.42348,-0.079589844,0.9606485,-0.001098633,20,30,0.37665656,0.438528,0.27873823,0.27359554,0.36456937,0.68704784,0.8054,13.548943,16.88295,13.376187,17.388706,20.65921,22.826378,17.844309,17.472084,15.6536045,17.155407,14.693262,15.724579,16.70426,19.267473,16.41134,16.691599,11.606687,13.719271,10.42425,9.101659,14.751495,15.949,13.8034115,12.728538,12.860446,12.3829975,11.757336,13.027796,15.369137,16.471739,15.395187,13.731792,13.784018,13.989555,13.397876,12.508434,14.541501,14.637263,13.631424,13.740221,16.483486,17.49037,15.441081,14.965627,14.469105,14.914265,14.418576,15.594752,1.1385012,2.011643,7.564579,0.4606479,34.110435,35.740036,32.45211,17.50381,16.515703,12.765111,13.894948,13.784295,15.454644,22.08
4446111.924,658199.7026,22.902502,1.0584443,1.196034,27.90425,39.86204,24.88178,23.25877,21.383938,38.52337,34.467266,45.84415,41.867886,42.453037,32.570614,31.307123,27.778471,33.24728,34.6675,2.0850756,1.863056,7.3227835,7.8367405,1382.41,170.21921,0.12060547,0.8429178,0.0078125,20,30,0.37665656,0.438528,0.27873823,0.27359554,0.36456937,0.68704784,0.8054,13.501837,17.133553,11.837455,15.594421,18.390743,20.787336,17.76473,16.262266,15.360179,17.159107,14.698013,16.383877,16.53832,19.062437,16.298656,16.661037,11.157389,13.871112,10.417487,9.890793,14.626411,15.549653,14.245328,12.7134695,13.033628,12.610558,11.058035,12.992389,14.42903,16.762032,15.301041,13.618227,13.07633,13.603734,12.880228,12.827764,13.762382,14.295131,13.735891,13.40614,16.034952,17.551573,16.076977,15.001279,13.911203,14.068927,14.82638,15.411837,1.1272391,1.9740658,7.579762,0.4606479,33.883144,36.495316,31.93887,16.430012,16.500086,12.822597,13.740959,13.4544935,15.353041,22.08
4446111.924,658204.7026,20.262466,1.0515512,1.1813889,27.808455,39.84142,24.704082,23.394413,21.49689,38.753414,34.817753,45.98542,41.26318,41.501743,32.565926,31.179468,27.800835,33.50534,35.008198,2.050989,1.8398172,7.3250146,7.8066106,1382.39,161.56505,0.080078125,0.86029947,0.005615234,45,30,0.38496456,0.4435394,0.26911917,0.2539307,0.33269522,0.6817548,0.7865317,13.409761,17.771742,11.66903,15.498256,18.355297,19.97161,18.063635,16.113102,15.4513855,17.328861,14.755882,16.25375,15.92913,18.740623,16.122734,16.556358,11.22757,13.759091,10.995676,9.990038,14.417782,16.49991,14.805142,12.991837,13.651285,12.357941,11.729116,12.726969,13.328295,16.37342,14.545871,13.524567,15.165138,13.260313,13.54758,12.845137,13.270524,13.946449,13.53425,13.634371,16.393421,17.016949,16.243671,15.140419,15.748612,15.836162,14.477524,15.92152,1.1164701,1.9454031,7.5658126,0.45036224,33.824936,36.785583,31.872696,16.391333,16.36891,13.099317,13.530413,13.65277,15.836679,22.08
4446111.924,658209.7026,18.036953,1.0491564,1.1409929,27.913208,40.543213,25.076609,23.627777,21.978111,38.784477,35.32803,45.985626,40.42332,40.6667,32.714954,30.639015,27.657402,32.82171,34.903095,2.011473,1.8164301,7.24505,7.7552056,1382.36,156.78935,-0.000488281,0.87261564,0.002197266,45,30,0.38496456,0.4435394,0.26911917,0.2539307,0.33269522,0.6817548,0.7865317,13.409761,17.771742,11.66903,15.498256,18.355297,19.97161,18.063635,16.113102,15.4513855,17.328861,14.755882,16.25375,15.92913,18.740623,16.122734,16.556358,11.22757,13.759091,10.995676,9.990038,14.417782,16.49991,14.805142,12.991837,13.651285,12.357941,11.729116,12.726969,13.328295,16.37342,14.545871,13.524567,15.165138,13.260313,13.54758,12.845137,13.270524,13.946449,13.53425,13.634371,16.393421,17.016949,16.243671,15.140419,15.748612,15.836162,14.477524,15.92152,1.0950747,1.9139515,7.500128,0.45036224,34.22821,37.05625,31.676985,16.391333,16.36891,13.099317,13.530413,13.65277,15.836679,22.08
4446111.924,658214.7026,20.864668,1.0264258,1.0928646,27.252085,40.02947,25.91744,23.875658,22.348585,39.062595,36.389233,44.71111,39.249172,40.025784,32.96533,29.94446,29.028358,32.41097,35.18961,1.9675868,1.7765245,7.0750656,7.6918507,1382.33,153.85353,0.07910156,0.8776331,0.003295898,45,30,0.38496456,0.4435394,0.26911917,0.2539307,0.33269522,0.6817548,0.7865317,13.618158,17.40939,11.734846,15.355028,18.247229,20.380579,18.200245,16.202175,15.363684,16.33327,14.291318,15.01417,15.448939,19.803877,16.44053,16.351452,10.591349,12.052411,11.351528,10.658764,13.534138,17.454247,15.147188,12.880579,11.845622,12.284355,11.168375,11.573394,13.64437,17.55681,15.594958,13.269301,14.88839,13.755125,12.723919,13.010098,11.992688,15.028104,13.462362,13.593199,15.71496,17.288786,14.948463,14.968691,14.636115,15.671505,15.097338,15.519156,1.0596452,1.8720556,7.383458,0.45036224,33.640778,37.725914,31.454895,16.420782,16.099398,12.969947,13.381126,13.551527,15.4751215,22.08
4446106.924,658079.7026,15.837823,1.1824775,0.66119665,27.452587,32.065487,37.785267,28.721687,23.274237,35.13878,31.305254,32.277218,36.45393,44.02326,37.054924,36.95316,30.790337,35.28411,33.124874,2.338394,1.9262875,6.0806627,7.36898,1382.27,130.02763,-0.16015625,0.46787184,-0.010009766,45,30,0.36694375,0.4392246,0.27671978,0.25853518,0.30962753,0.6602236,0.88392586,13.014143,14.564212,12.642169,14.978327,18.75386,21.637543,18.273548,16.159462,15.8474865,16.290415,15.298004,15.922452,17.298578,19.54527,16.108349,16.888788,10.528419,10.92852,13.787415,10.369496,14.219488,18.969776,15.548162,13.4080715,12.541792,12.095189,11.414841,12.835032,15.411316,16.551546,16.406845,13.707611,13.545248,14.037352,14.04435,14.51021,16.975788,18.344315,17.948652,15.477555,16.042639,16.796427,14.895281,17.010662,16.260021,16.706526,16.085186,16.242262,0.9218371,2.1323407,6.724821,0.4564572,29.759037,33.222015,37.004044,16.266256,16.615795,13.478754,13.893794,15.629416,16.25668,22.08
4446106.924,658084.7026,21.280968,1.1550778,0.6555169,28.046026,32.398727,37.886456,28.21777,23.272715,35.52437,31.229748,33.538837,37.66691,45.380154,36.356087,36.786533,29.613667,34.553318,31.759386,2.3032606,1.9537088,6.0549736,7.340612,1382.25,138.01279,0,0.3857885,-0.002197266,45,30,0.36295038,0.43551907,0.28207332,0.2555089,0.3302683,0.68419486,0.79930437,13.449095,16.82484,13.416794,15.844876,19.143778,20.95718,18.796612,16.770594,15.377533,16.493801,15.287076,15.094299,16.580019,19.105568,16.32806,16.55872,10.67297,11.749208,11.762046,10.612111,14.173071,16.174725,15.060326,12.8308935,11.9185505,12.347015,11.347131,11.849455,14.876106,16.301996,16.067097,13.311796,13.501262,13.92634,13.653154,13.655279,16.547913,18.042006,18.193523,15.153636,14.721603,17.503996,15.20325,16.741802,16.35574,16.000595,15.40077,16.101383,0.9052974,2.1284847,6.697793,0.4499742,30.222378,33.37706,36.571312,16.919025,16.323765,12.886352,13.529622,15.359926,15.98968,22.08
4446106.924,658089.7026,20.487892,1.1418319,0.64709777,28.086533,32.39785,37.553074,27.884737,23.277056,35.870186,31.293976,34.045593,38.30449,46.142414,35.749176,36.687813,29.385721,34.252914,30.99001,2.2769043,1.9524443,6.0524817,7.340148,1382.23,143.9783,0,0.38978368,0,45,30,0.36295038,0.43551907,0.28207332,0.2555089,0.3302683,0.68419486,0.79930437,13.449095,16.82484,13.416794,15.844876,19.143778,20.95718,18.796612,16.770594,15.377533,16.493801,15.287076,15.094299,16.580019,19.105568,16.32806,16.55872,10.67297,11.749208,11.762046,10.612111,14.173071,16.174725,15.060326,12.8308935,11.9185505,12.347015,11.347131,11.849455,14.876106,16.301996,16.067097,13.311796,13.501262,13.92634,13.653154,13.655279,16.547913,18.042006,18.193523,15.153636,14.721603,17.503996,15.20325,16.741802,16.35574,16.000595,15.40077,16.101383,0.89446485,2.1146743,6.696315,0.4499742,30.242191,33.58208,36.218494,16.919025,16.323765,12.886352,13.529622,15.359926,15.98968,22.08
4446106.924,658094.7026,19.746918,1.1294156,0.63568354,28.223988,31.741934,36.69183,27.621902,23.458817,36.13869,31.611034,34.88422,38.505474,46.26407,35.20462,36.704876,29.483852,34.170704,30.685469,2.2568283,1.9405278,6.068801,7.363603,1382.21,149.01978,-0.000488281,0.41747186,-0.001098633,45,30,0.36295038,0.43551907,0.28207332,0.2555089,0.3302683,0.68419486,0.79930437,13.676657,15.615359,13.416478,16.54563,18.130373,21.272741,19.451237,16.663155,15.22447,15.633054,14.925685,15.62203,16.758617,19.879137,16.727104,16.569714,13.032201,11.050697,11.482371,9.908884,14.976804,16.564365,15.605408,13.110547,12.694348,11.255168,12.059404,13.212008,15.751474,16.573023,15.5193815,13.728781,14.205009,13.344058,12.730232,13.453745,16.05997,18.667973,18.0878,15.053294,15.312894,16.905146,14.94151,15.020615,15.64039,15.701755,16.078793,15.602451,0.8825496,2.098678,6.716202,0.4499742,29.98296,33.874863,35.95475,16.872639,16.39573,13.231532,13.866401,15.221254,15.657301,22.08
4446106.924,658099.7026,25.09929,1.1162953,0.6297905,28.276724,31.74113,35.74653,27.313816,23.47158,36.302937,31.702787,35.45561,38.519424,46.077347,34.68978,36.549007,29.576538,34.32388,30.760353,2.2461517,1.9410064,6.0898905,7.389929,1382.19,156.80745,-0.08105469,0.43598875,-0.004516602,45,30,0.36295038,0.43551907,0.28207332,0.2555089,0.3302683,0.68419486,0.79930437,13.558296,14.582934,14.000722,17.160334,18.24818,22.440111,20.364586,17.046997,15.361989,15.390767,15.033518,15.07229,17.305815,19.715658,17.080204,16.577211,12.064695,10.965203,11.069014,10.056247,14.468011,16.713007,14.901233,12.7586975,12.597109,10.52831,11.752978,13.478783,14.887867,16.827517,15.676359,13.559312,14.81806,13.02988,13.348122,14.153554,16.671171,18.945633,17.948517,15.412583,15.280287,17.257198,15.655533,15.174878,16.389265,15.9895735,16.339787,15.976391,0.87304294,2.093579,6.7399096,0.4499742,30.008926,34.00286,35.619392,17.193594,16.422894,12.891059,13.678418,15.559276,16.01236,22.08
4446106.924,658104.7026,18.5442,1.0838945,0.62628347,28.437126,30.688002,34.741993,26.995428,23.614866,36.452877,33.022984,36.32843,38.53808,45.75238,34.08969,36.07312,29.3696,34.169388,30.905388,2.2216196,1.8844055,6.109726,7.4200816,1382.18,163.82826,0.000976563,0.46204966,-0.001098633,45,30,0.36295038,0.43551907,0.28207332,0.2555089,0.3302683,0.68419486,0.79930437,13.558296,14.582934,14.000722,17.160334,18.24818,22.440111,20.364586,17.046997,15.361989,15.390767,15.033518,15.07229,17.305815,19.715658,17.080204,16.577211,12.064695,10.965203,11.069014,10.056247,14.468011,16.713007,14.901233,12.7586975,12.597109,10.52831,11.752978,13.478783,14.887867,16.827517,15.676359,13.559312,14.81806,13.02988,13.348122,14.153554,16.671171,18.945633,17.948517,15.412583,15.280287,17.257198,15.655533,15.174878,16.389265,15.9895735,16.339787,15.976391,0.85508895,2.0530126,6.764904,0.4499742,29.562565,34.73793,35.081406,17.193594,16.422894,12.891059,13.678418,15.559276,16.01236,22.08
4446106.924,658109.7026,31.370216,1.07341,0.62410825,28.50336,30.690512,33.671303,26.378668,23.566223,36.366375,33.062717,36.907463,38.518543,45.482555,33.599632,35.880558,29.516962,34.623386,31.17953,2.220749,1.8857843,6.1345053,7.444465,1382.17,171.3718,-0.03955078,0.47784942,-0.002197266,45,30,0.36295038,0.43551907,0.28207332,0.2555089,0.3302683,0.68419486,0.79930437,13.460068,14.834598,13.556903,17.041626,19.127785,22.667002,18.57243,16.967361,15.535129,16.292692,15.3947525,15.212585,17.047516,19.549385,17.04637,16.742743,10.560593,11.075448,11.433454,10.449102,14.301237,16.143686,14.670499,12.518936,12.48175,10.498471,11.616778,12.823828,14.640078,16.324171,16.181759,13.274995,14.107058,12.774595,13.118579,13.571208,13.978621,18.131971,18.324265,14.649466,15.406636,15.604141,15.492314,15.505725,16.046066,16.103933,15.673764,15.688893,0.8487592,2.0532665,6.789485,0.4499742,29.596935,34.714546,34.740097,17.0372,16.582632,12.662003,13.509547,14.858043,15.69037,22.08
4446106.924,658114.7026,17.886103,1.0488614,0.6303978,28.949263,31.223883,32.66421,25.447155,23.424322,36.202484,32.753845,37.542034,38.73204,45.415043,33.01457,35.618355,29.476532,34.879856,31.26647,2.2195766,1.9089706,6.156132,7.4644666,1382.17,176.81587,0.040527344,0.51624924,0.003417969,45,30,0.3648545,0.43985823,0.2868424,0.2689496,0.3405408,0.68396485,0.78529793,14.970102,15.452805,13.505139,16.802475,18.27249,22.007874,17.723518,17.119967,15.442465,16.303204,15.124265,15.205304,16.644688,18.928383,17.255928,16.542868,10.4958935,10.439195,9.897779,10.281442,14.169522,16.071814,13.890099,12.113491,12.586138,11.391858,11.112043,12.656145,14.698777,16.281202,15.481308,13.336701,13.897402,13.026309,12.848183,13.39982,13.6475525,17.389448,17.708342,14.3915415,15.38165,16.527073,14.205197,15.576096,15.001734,15.925437,16.259,15.504926,0.8396296,2.0642736,6.8102994,0.45290115,30.086573,34.478165,34.31646,16.962057,16.41489,12.177963,13.458211,14.55958,15.553741,22.08
4446106.924,658119.7026,30.3447,1.065332,0.6453792,28.942883,30.89642,31.68068,24.937628,23.2835,36.220253,32.78917,38.543797,39.3346,45.72663,32.730953,35.60766,29.405882,34.503704,30.86586,2.2120063,1.8917962,6.2037473,7.5123167,1382.17,180,0.080566406,0.57279885,0.004516602,45,30,0.3648545,0.43985823,0.2868424,0.2689496,0.3405408,0.68396485,0.78529793,14.970102,15.452805,13.505139,16.802475,18.27249,22.007874,17.723518,17.119967,15.442465,16.303204,15.124265,15.205304,16.644688,18.928383,17.255928,16.542868,10.4958935,10.439195,9.897779,10.281442,14.169522,16.071814,13.890099,12.113491,12.586138,11.391858,11.112043,12.656145,14.698777,16.281202,15.481308,13.336701,13.897402,13.026309,12.848183,13.39982,13.6475525,17.389448,17.708342,14.3915415,15.38165,16.527073,14.205197,15.576096,15.001734,15.925437,16.259,15.504926,0.8553556,2.0519013,6.858032,0.45290115,29.919651,34.50471,34.169304,16.962057,16.41489,12.177963,13.458211,14.55958,15.553741,22.08
4446106.924,658124.7026,21.376057,1.0912517,0.66829944,28.684858,38.190414,31.21115,25.025139,23.079172,36.74742,32.90326,39.324657,40.29239,46.422825,32.656994,34.329014,29.035719,33.653957,30.268967,2.2089775,1.9276711,6.2759194,7.5936966,1382.17,181.33374,0.040527344,0.61597484,0.004516602,45,30,0.3648545,0.43985823,0.2868424,0.2689496,0.3405408,0.68396485,0.78529793,15.744664,14.807889,13.29125,17.222708,19.795506,21.215174,17.97112,17.053913,15.392237,16.233337,15.175064,15.497124,17.765457,18.559671,17.438044,16.632935,10.411621,10.354632,11.055828,9.647316,14.478526,16.284252,14.0521755,12.2292,12.821536,11.361357,11.701771,12.509621,15.610971,16.360598,15.321712,13.511127,13.674665,13.026205,12.604215,12.656053,14.177042,17.771696,15.4110775,14.053179,15.524936,16.778973,14.899571,14.44015,15.027547,16.18316,14.541687,15.417633,0.8797756,2.0683243,6.934808,0.45290115,33.437637,34.82534,33.493004,17.14976,16.580133,12.326337,13.669652,14.188707,15.34229,22.08
4446106.924,658129.7026,19.540789,1.0949978,0.682857,28.665287,38.21517,30.759459,24.983578,22.949545,37.08378,33.110565,40.248096,41.149075,47.16568,32.53222,34.00753,28.512611,33.03264,29.818857,2.2067122,1.9338379,6.3522844,7.6627636,1382.17,183.99544,0.000488281,0.6173082,0.001098633,45,30,0.3648545,0.43985823,0.2868424,0.2689496,0.3405408,0.68396485,0.78529793,14.1144085,15.523756,14.854123,16.078672,20.69496,21.450106,18.699816,17.353577,15.3502655,16.472733,15.63741,15.068914,17.694616,19.054317,17.450048,16.791939,10.350394,11.039385,11.704691,9.919098,14.805631,15.577041,14.320094,12.439675,12.628554,11.747684,11.622639,13.13526,15.997585,16.388805,15.300095,13.682465,13.855741,13.184393,12.607529,13.164044,13.883538,16.102098,15.5490055,13.792687,15.165419,16.95721,15.663417,14.109491,14.641608,16.117853,14.653168,15.455343,0.88892734,2.070275,7.007524,0.45290115,33.44023,35.09717,33.269875,17.34512,16.675472,12.530904,13.831519,14.049478,15.329738,22.08
4446106.924,658134.7026,22.059078,1.0939976,0.69868594,29.016068,38.36564,30.429237,24.800205,22.710997,37.275833,33.00839,41.110153,41.784008,47.928673,32.326138,33.843952,27.754519,32.86223,29.547718,2.2042902,1.9225993,6.4242315,7.7125473,1382.18,186.63998,0.12060547,0.6199662,0.006713867,45,30,0.3648545,0.43985823,0.2868424,0.2689496,0.3405408,0.68396485,0.78529793,14.1144085,15.523756,14.854123,16.078672,20.69496,21.450106,18.699816,17.353577,15.3502655,16.472733,15.63741,15.068914,17.694616,19.054317,17.450048,16.791939,10.350394,11.039385,11.704691,9.919098,14.805631,15.577041,14.320094,12.439675,12.628554,11.747684,11.622639,13.13526,15.997585,16.388805,15.300095,13.682465,13.855741,13.184393,12.607529,13.164044,13.883538,16.102098,15.5490055,13.792687,15.165419,16.95721,15.663417,14.109491,14.641608,16.117853,14.653168,15.455343,0.8963418,2.0634446,7.0683894,0.45290115,33.690853,35.142113,33.085045,17.34512,16.675472,12.530904,13.831519,14.049478,15.329738,22.08
4446106.924,658139.7026,21.707722,1.0999686,0.7183246,29.01856,38.394184,30.002045,24.510612,22.557293,37.424374,33.08853,41.9718,42.680115,48.724796,32.196655,33.526737,27.282345,32.365665,29.103409,2.205288,1.9294733,6.4944334,7.7648396,1382.18,187.43921,0.000488281,0.66440845,-0.002197266,45,30,0.3648545,0.43985823,0.2868424,0.2689496,0.3405408,0.68396485,0.78529793,15.276709,17.740116,15.36039,16.486584,20.242104,21.41905,19.783794,17.990242,15.2571745,15.9755125,15.571063,15.277353,17.80134,18.2654,17.204428,16.542719,10.341791,11.843133,12.1071415,10.1931925,14.606033,16.177343,13.990637,12.706579,12.555864,12.159199,11.973828,13.345839,15.976157,16.912683,15.555374,13.963117,14.646103,14.484189,13.247545,13.588692,13.858809,15.793976,15.395151,14.243631,13.814763,16.790604,15.139239,15.421385,14.549566,15.158975,14.142125,15.045022,0.90914655,2.0673807,7.129637,0.45290115,33.70637,35.256454,32.861694,18.044107,16.478895,12.751326,14.06842,14.430638,15.00238,22.08
4446106.924,658144.7026,21.504736,1.0885509,0.77394336,29.370344,37.918427,29.31157,24.130407,22.245716,37.6751,33.606678,43.783367,43.34189,49.177635,31.95608,33.29182,26.82409,32.304672,29.20688,2.199168,1.9173425,6.561757,7.826822,1382.18,189.99077,-0.23925781,0.7417424,-0.012207031,45,30,0.36622983,0.43686324,0.2810933,0.28157192,0.36143625,0.6931852,0.7989552,14.083176,15.989527,14.647777,16.529507,18.39536,21.81478,19.34444,17.15763,15.388516,15.873914,14.643944,15.765045,17.395657,18.438707,17.03711,16.450462,10.307979,12.758103,9.811307,10.435246,13.760176,16.6424,14.016769,12.496353,12.63325,12.297084,12.50813,12.833743,15.486078,16.976978,15.87843,13.989676,14.090918,14.056564,13.468122,13.602142,13.84387,15.501594,15.475817,14.093033,14.097217,15.870323,14.7028675,15.8014345,14.06616,15.759404,13.986094,15.075259,0.9312471,2.0582552,7.194289,0.45990497,33.644386,35.64089,32.62395,17.257795,16.36327,12.53314,14.08767,14.291289,14.897643,22.08
4446106.924,658149.7026,22.02372,1.0663817,0.81759745,29.1983,37.609707,29.023937,23.899973,21.999086,37.597767,33.52305,44.35334,44.17073,49.53321,32.123962,33.23826,26.460354,31.728106,28.986244,2.2007582,1.9166094,6.619907,7.855142,1382.2,190.10912,-0.000976563,0.81482065,-0.004516602,45,30,0.36622983,0.43686324,0.2810933,0.28157192,0.36143625,0.6931852,0.7989552,14.083176,15.989527,14.647777,16.529507,18.39536,21.81478,19.34444,17.15763,15.388516,15.873914,14.643944,15.765045,17.395657,18.438707,17.03711,16.450462,10.307979,12.758103,9.811307,10.435246,13.760176,16.6424,14.016769,12.496353,12.63325,12.297084,12.50813,12.833743,15.486078,16.976978,15.87843,13.989676,14.090918,14.056564,13.468122,13.602142,13.84387,15.501594,15.475817,14.093033,14.097217,15.870323,14.7028675,15.8014345,14.06616,15.759404,13.986094,15.075259,0.94198954,2.0586839,7.2375245,0.45990497,33.404003,35.56041,32.68111,17.257795,16.36327,12.53314,14.08767,14.291289,14.897643,22.08
4446106.924,658154.7026,19.043518,1.0526361,0.88464093,29.32543,37.87441,28.756607,23.729906,21.806648,37.553535,33.624958,44.02523,44.547752,49.27808,32.213223,32.869167,27.100672,31.702127,29.698046,2.2108188,1.9380034,6.663803,7.8848424,1382.21,190.22108,-0.12060547,0.88775814,-0.006713867,20,30,0.36622983,0.43686324,0.2810933,0.28157192,0.36143625,0.6931852,0.7989552,13.251427,16.232044,13.700322,17.299353,19.49321,21.727402,18.536072,17.202553,15.453192,16.356127,14.177966,16.727493,17.457623,18.52313,17.34129,16.670937,10.127086,13.3836,9.449986,11.230814,13.761462,16.479023,13.907689,12.619511,13.141184,12.445264,12.377769,13.323156,15.41417,16.816607,15.745046,14.112572,15.134793,14.375422,13.10887,13.852583,13.882706,15.602609,14.97687,14.30472,15.056105,16.719004,15.642746,15.391073,14.479991,15.975838,14.055412,15.502115,0.96863854,2.0744112,7.2743225,0.45990497,33.59992,35.58925,32.541195,17.177118,16.576689,12.619951,14.180457,14.419122,15.331452,22.08
4446106.924,658159.7026,19.843336,1.0499387,0.963092,29.27958,37.69921,28.462658,23.627846,21.752802,37.456783,33.645374,44.02263,44.890163,48.95141,32.39034,32.625282,27.57656,31.647202,29.9997,2.2152812,1.9559264,6.6971645,7.9092245,1382.23,192.26982,0,1.0110865,-0.003295898,20,30,0.36622983,0.43686324,0.2810933,0.28157192,0.36143625,0.6931852,0.7989552,13.258055,15.634741,12.531637,17.54401,19.601604,20.482056,18.55482,16.59938,14.806209,16.365295,14.20419,15.245455,17.199818,19.133924,16.550756,16.305014,10.259184,12.312828,9.502699,10.20726,15.051764,16.0274,14.042424,12.396277,12.483692,12.601622,11.025012,13.286728,15.096883,16.545687,15.440249,13.710727,14.016464,14.665487,12.789677,13.0468645,13.761232,15.369096,14.103712,13.986024,15.640535,16.64973,15.475357,15.482603,14.433335,15.390346,14.034078,15.386782,1.0065154,2.0856037,7.3031945,0.45990497,33.489395,35.55108,32.507812,16.80099,16.215094,12.486222,13.782838,13.964647,15.300856,22.08
4446106.924,658164.7026,28.07727,1.0555596,1.0337532,29.289833,37.720257,28.21991,23.566164,21.65817,37.3619,33.587883,43.849033,45.50921,48.508358,32.437305,32.404633,27.894703,31.300371,30.365198,2.2211146,1.9586587,6.71784,7.923056,1382.25,194.5963,-0.080078125,1.0801837,-0.003295898,20,30,0.36622983,0.43686324,0.2810933,0.28157192,0.36143625,0.6931852,0.7989552,13.258055,15.634741,12.531637,17.54401,19.601604,20.482056,18.55482,16.59938,14.806209,16.365295,14.20419,15.245455,17.199818,19.133924,16.550756,16.305014,10.259184,12.312828,9.502699,10.20726,15.051764,16.0274,14.042424,12.396277,12.483692,12.601622,11.025012,13.286728,15.096883,16.545687,15.440249,13.710727,14.016464,14.665487,12.789677,13.0468645,13.761232,15.369096,14.103712,13.986024,15.640535,16.64973,15.475357,15.482603,14.433335,15.390346,14.034078,15.386782,1.0446564,2.0898867,7.320448,0.45990497,33.505043,35.47489,32.420967,16.80099,16.215094,12.486222,13.782838,13.964647,15.300856,22.08
4446106.924,658169.7026,33.774128,1.065659,1.1058071,29.076769,38.13576,27.943344,23.506071,21.568398,37.403183,33.55279,44.0063,46.746696,47.978485,32.32886,31.972311,27.839613,30.123125,30.589354,2.2195792,1.9740479,6.7195787,7.930495,1382.28,190.0068,0.16064453,0.9890548,0.008911133,20,30,0.36622983,0.43686324,0.2810933,0.28157192,0.36143625,0.6931852,0.7989552,13.266474,15.695663,13.263334,17.67118,20.00357,21.658278,18.284191,16.96939,14.944796,16.484684,14.536588,15.005774,17.346754,19.33419,16.681467,16.435799,10.623756,13.409523,10.031729,9.561025,14.673199,15.211331,14.288023,12.409282,11.367189,12.02547,11.607641,13.211934,15.155773,16.169466,15.217627,13.427044,13.311691,14.448126,12.732361,13.241676,13.896526,15.527617,13.751715,13.855059,15.709743,16.41502,15.679621,14.962628,14.209686,14.87209,13.336,15.146477,1.085733,2.0968137,7.325037,0.45990497,33.606266,35.47799,32.150585,17.120386,16.333464,12.542656,13.536443,13.844246,15.026399,22.08
4446106.924,658174.7026,23.14937,1.0310591,1.1625504,29.276896,39.432724,27.633133,23.307905,21.43359,37.043327,32.964897,43.490093,46.910027,46.97344,32.327553,31.872534,28.346941,31.029371,31.310184,2.2443986,2.0010982,6.6780477,7.9246607,1382.28,184.402,-0.079589844,0.9339388,-0.003295898,20,30,0.37665656,0.438528,0.27873823,0.27359554,0.36456937,0.68704784,0.8054,12.227661,16.6734,13.925128,16.969158,18.400124,22.39122,17.85052,16.844791,15.061337,16.321842,14.661133,15.238464,17.416792,19.378487,16.306477,16.484812,10.839382,12.323949,10.709806,9.613159,14.755165,16.086699,14.794861,12.619162,10.84337,12.422533,12.078146,13.551654,15.138451,16.357159,15.532721,13.6062565,13.745848,14.3407955,13.781784,13.534197,13.741568,15.272041,13.555051,14.067694,16.569939,17.126675,16.25484,15.617643,14.408956,14.329522,13.589544,15.643024,1.0968049,2.1227484,7.3013544,0.4606479,34.35481,35.004112,32.100044,16.919601,16.340649,12.73186,13.703433,13.995898,15.413875,22.08
4446106.924,658179.7026,22.509981,1.0277256,1.2124124,29.298775,39.43218,27.257778,23.26207,21.386637,37.057217,32.98366,43.52289,47.298237,45.9788,32.156788,31.858973,28.514334,30.793772,31.920242,2.2403777,2.0003667,6.697474,7.9321365,1382.29,186.5243,0.000488281,1.0093893,-0.002197266,20,30,0.37665656,0.438528,0.27873823,0.27359554,0.36456937,0.68704784,0.8054,12.227661,16.6734,13.925128,16.969158,18.400124,22.39122,17.85052,16.844791,15.061337,16.321842,14.661133,15.238464,17.416792,19.378487,16.306477,16.484812,10.839382,12.323949,10.709806,9.613159,14.755165,16.086699,14.794861,12.619162,10.84337,12.422533,12.078146,13.551654,15.138451,16.357159,15.532721,13.6062565,13.745848,14.3407955,13.781784,13.534197,13.741568,15.272041,13.555051,14.067694,16.569939,17.126675,16.25484,15.617643,14.408956,14.329522,13.589544,15.643024,1.120069,2.1203723,7.314805,0.4606479,34.36548,35.02044,32.00788,16.919601,16.340649,12.73186,13.703433,13.995898,15.413875,22.08
4446106.924,658184.7026,24.773481,1.043877,1.2045116,28.577707,39.296158,27.136288,23.420132,21.527718,37.736652,33.889126,43.421543,44.58455,45.719814,32.37829,31.239445,28.453928,32.453865,31.66778,2.1846924,1.9714619,6.8804607,7.8857145,1382.3,186.67085,-0.03955078,1.1107029,-0.002197266,20,30,0.37665656,0.438528,0.27873823,0.27359554,0.36456937,0.68704784,0.8054,12.97658,17.165073,13.611578,17.726055,20.356897,22.36927,18.804504,17.421034,15.859274,17.421497,14.650602,15.511838,16.869034,19.423227,16.60101,16.803164,11.262144,13.127238,10.984888,9.204306,14.038872,16.265192,14.905203,12.690965,12.087488,12.336021,12.077492,13.341245,15.466279,16.20577,15.131999,13.69722,13.811087,15.1027355,13.76164,13.245885,13.814622,15.005162,13.974253,14.07816,15.596974,17.789043,16.295073,14.978706,14.180366,14.249359,14.8931,15.443925,1.1241944,2.078077,7.3830876,0.4606479,33.93693,35.81289,31.808867,17.572851,16.619495,12.826835,13.806613,14.102198,15.426088,22.08
4446106.924,658189.7026,19.714443,1.028989,1.1977859,28.374973,39.423508,26.893335,23.476938,21.315935,38.076332,33.971855,43.64099,43.75094,44.458206,32.40571,31.18801,28.233488,32.94181,33.529488,2.1395178,1.9373999,7.0193725,7.870076,1382.31,185.69675,-0.07910156,1.1518697,-0.002197266,20,30,0.37665656,0.438528,0.27873823,0.27359554,0.36456937,0.68704784,0.8054,13.560275,16.886728,13.38983,17.400042,20.673378,22.84404,17.859419,17.484612,15.548491,17.059729,14.577159,15.725268,16.70459,19.262054,16.309637,16.641035,11.658377,13.562668,10.420782,9.191092,14.854677,16.000618,13.885959,12.754601,12.855547,12.373197,11.752436,13.027796,15.369137,16.471739,15.390286,13.728729,13.788389,14.037745,13.45359,12.535464,14.604544,14.666036,13.748263,13.780065,16.484528,17.49037,15.441081,14.965627,14.399374,14.844537,14.334903,15.568765,1.1133873,2.0384588,7.444724,0.4606479,33.89924,36.024094,31.79686,17.516245,16.455275,12.796309,13.891449,13.833433,15.422917,22.08
4446106.924,658194.7026,24.26997,1.0259866,1.209698,28.30781,39.407314,26.554459,23.4978,21.41386,38.429394,34.191097,43.92338,42.994503,43.54625,32.25791,31.244402,28.145222,33.367958,33.919334,2.097509,1.9105451,7.125639,7.8549676,1382.33,185.17969,0.15917969,1.1077074,0.010009766,45,30,0.37665656,0.438528,0.27873823,0.27359554,0.36456937,0.68704784,0.8054,13.560275,16.886728,13.38983,17.400042,20.673378,22.84404,17.859419,17.484612,15.548491,17.059729,14.577159,15.725268,16.70459,19.262054,16.309637,16.641035,11.658377,13.562668,10.420782,9.191092,14.854677,16.000618,13.885959,12.754601,12.855547,12.373197,11.752436,13.027796,15.369137,16.471739,15.390286,13.728729,13.788389,14.037745,13.45359,12.535464,14.604544,14.666036,13.748263,13.780065,16.484528,17.49037,15.441081,14.965627,14.399374,14.844537,14.334903,15.568765,1.1178422,2.004027,7.490303,0.4606479,33.857563,36.310246,31.751156,17.516245,16.455275,12.796309,13.891449,13.833433,15.422917,22.08
4446106.924,658199.7026,19.61076,1.0236844,1.199281,28.280336,40.197365,26.101871,23.486795,21.461674,38.75018,34.2113,44.438625,42.228626,42.54894,32.12402,31.037663,28.466572,33.57744,34.681595,2.0582435,1.8984022,7.2007704,7.827339,1382.34,174.53798,0.31933594,1.0506228,0.02331543,20,30,0.37665656,0.438528,0.27873823,0.27359554,0.36456937,0.68704784,0.8054,13.51317,17.137331,11.854876,15.609532,18.40491,20.79993,17.782152,16.275383,15.255068,17.06343,14.680624,16.384348,16.543587,19.062284,16.199036,16.627792,11.207717,13.714511,10.438841,9.957911,14.741337,15.668492,14.337268,12.755251,13.028728,12.600756,11.058035,12.987488,14.42903,16.757948,15.29614,13.614398,13.080704,13.651921,12.920137,12.871968,13.805669,14.337071,13.852732,13.4461975,16.035992,17.551573,16.076977,15.001279,13.841475,13.999198,14.742706,15.38585,1.1114826,1.9783229,7.514055,0.4606479,34.23885,36.48074,31.580841,16.443129,16.455482,12.866582,13.736876,13.502886,15.321314,22.08
4446106.924,658204.7026,17.86642,1.0250591,1.179435,28.410723,40.894783,25.962564,23.543303,21.86481,38.881992,34.761032,44.935886,41.356243,41.61426,32.11124,30.671305,28.159527,33.029255,34.694378,2.0144436,1.8697863,7.219104,7.798326,1382.31,165.58833,0.041015625,1.0354291,0.005615234,45,30,0.38496456,0.4435394,0.26911917,0.2539307,0.33269522,0.6817548,0.7865317,13.51317,17.137331,11.854876,15.609532,18.40491,20.79993,17.782152,16.275383,15.255068,17.06343,14.680624,16.384348,16.543587,19.062284,16.199036,16.627792,11.207717,13.714511,10.438841,9.957911,14.741337,15.668492,14.337268,12.755251,13.028728,12.600756,11.058035,12.987488,14.42903,16.757948,15.29614,13.614398,13.080704,13.651921,12.920137,12.871968,13.805669,14.337071,13.852732,13.4461975,16.035992,17.551573,16.076977,15.001279,13.841475,13.999198,14.742706,15.38585,1.102247,1.942115,7.5087147,0.45036224,34.652752,36.82151,31.391273,16.443129,16.455482,12.866582,13.736876,13.502886,15.321314,22.08
4446106.924,658209.7026,16.147429,1.0184529,1.1614667,28.385906,40.42413,26.157158,23.705177,22.129017,39.329292,35.79994,45.630623,40.82094,40.91375,31.801914,30.138378,27.50386,32.585136,34.783848,1.9714422,1.8414497,7.145007,7.7742505,1382.29,163.70139,0.12060547,0.9699841,0.008911133,45,30,0.38496456,0.4435394,0.26911917,0.2539307,0.33269522,0.6817548,0.7865317,13.423403,17.779299,11.688757,15.513369,18.364742,19.988049,18.081055,16.1273,15.245961,17.228376,14.738492,16.254444,15.938129,18.744886,16.126074,16.507603,11.1686535,13.615412,10.970579,10.057156,14.462902,16.537346,14.81232,12.987323,13.641482,12.348139,11.729116,12.722067,13.328295,16.369337,14.545871,13.519972,15.165138,13.260313,13.54758,12.845137,13.270524,13.946449,13.53425,13.634371,16.393421,17.016949,16.243671,15.140419,15.748612,15.836162,14.477524,15.92152,1.0899599,1.906446,7.459629,0.45036224,34.405018,37.564613,30.970146,16.405523,16.325195,13.089195,13.526329,13.65277,15.836679,22.08
4446106.924,658214.7026,20.793394,1.0002934,1.1024638,27.494778,40.571835,26.974741,23.908731,22.597534,39.40649,36.36484,44.025818,39.134296,40.07209,32.432667,29.508774,28.515848,32.105972,34.82829,1.9257963,1.8101741,7.000997,7.683935,1382.26,156.56541,0.080078125,0.9363886,0.006713867,45,30,0.38496456,0.4435394,0.26911917,0.2539307,0.33269522,0.6817548,0.7865317,13.618158,17.40939,11.734846,15.355028,18.247229,20.380579,18.200245,16.202175,15.363684,16.33327,14.291318,15.01417,15.448939,19.803877,16.44053,16.351452,10.591349,12.052411,11.351528,10.658764,13.534138,17.454247,15.147188,12.880579,11.845622,12.284355,11.168375,11.573394,13.64437,17.55681,15.594958,13.269301,14.88839,13.755125,12.723919,13.010098,11.992688,15.028104,13.462362,13.593199,15.71496,17.288786,14.948463,14.968691,14.636115,15.671505,15.097338,15.519156,1.0513786,1.8679852,7.3424664,0.45036224,34.033306,37.885666,30.97072,16.420782,16.099398,12.969947,13.381126,13.551527,15.4751215,22.08
4446101.924,658079.7026,15.856411,1.1570628,0.6609228,27.621069,31.869518,37.710968,28.959639,23.274555,35.010536,31.154146,33.03727,35.73624,44.69018,37.23974,37.165897,30.119738,35.437862,32.148796,2.3218412,1.9275239,6.098132,7.36141,1382.25,124.69515,-0.080078125,0.45339578,-0.004394531,45,30,0.36694375,0.4392246,0.27671978,0.25853518,0.30962753,0.6602236,0.88392586,13.014143,14.564212,12.642169,14.978327,18.75386,21.637543,18.273548,16.159462,15.8474865,16.290415,15.298004,15.922452,17.298578,19.54527,16.108349,16.888788,10.528419,10.92852,13.787415,10.369496,14.219488,18.969776,15.548162,13.4080715,12.541792,12.095189,11.414841,12.835032,15.411316,16.551546,16.406845,13.707611,13.545248,14.037352,14.04435,14.51021,16.975788,18.344315,17.948652,15.477555,16.042639,16.796427,14.895281,17.010662,16.260021,16.706526,16.085186,16.242262,0.90899277,2.1246824,6.729771,0.4564572,29.745293,33.08234,37.20282,16.266256,16.615795,13.478754,13.893794,15.629416,16.25668,22.08
4446101.924,658084.7026,23.996628,1.1354536,0.65413195,27.748928,32.33152,37.728184,28.5991,23.280539,35.434647,31.233282,33.500446,36.614777,46.16091,36.59953,36.845177,29.655476,34.99209,30.69263,2.2867818,1.9401736,6.075039,7.328908,1382.23,137.604,0.12011719,0.44629633,0.006713867,45,30,0.36295038,0.43551907,0.28207332,0.2555089,0.3302683,0.68419486,0.79930437,13.449095,16.82484,13.416794,15.844876,19.143778,20.95718,18.796612,16.770594,15.377533,16.493801,15.287076,15.094299,16.580019,19.105568,16.32806,16.55872,10.67297,11.749208,11.762046,10.612111,14.173071,16.174725,15.060326,12.8308935,11.9185505,12.347015,11.347131,11.849455,14.876106,16.301996,16.067097,13.311796,13.501262,13.92634,13.653154,13.655279,16.547913,18.042006,18.193523,15.153636,14.721603,17.503996,15.20325,16.741802,16.35574,16.000595,15.40077,16.101383,0.8947928,2.1134777,6.7019734,0.4499742,30.040224,33.333965,36.72235,16.919025,16.323765,12.886352,13.529622,15.359926,15.98968,22.08
4446101.924,658089.7026,20.869314,1.1335368,0.64311135,28.243536,32.2023,37.354206,28.351902,23.347618,35.853775,31.438847,34.067883,37.204197,47.00229,35.854584,36.710857,29.511738,34.56595,29.801228,2.2555182,1.9219854,6.07071,7.3272247,1382.2,144.4765,-0.000976563,0.4926144,0.002197266,45,30,0.36295038,0.43551907,0.28207332,0.2555089,0.3302683,0.68419486,0.79930437,13.449095,16.82484,13.416794,15.844876,19.143778,20.95718,18.796612,16.770594,15.377533,16.493801,15.287076,15.094299,16.580019,19.105568,16.32806,16.55872,10.67297,11.749208,11.762046,10.612111,14.173071,16.174725,15.060326,12.8308935,11.9185505,12.347015,11.347131,11.849455,14.876106,16.301996,16.067097,13.311796,13.501262,13.92634,13.653154,13.655279,16.547913,18.042006,18.193523,15.153636,14.721603,17.503996,15.20325,16.741802,16.35574,16.000595,15.40077,16.101383,0.8883241,2.0887518,6.6989675,0.4499742,30.22292,33.64631,36.282722,16.919025,16.323765,12.886352,13.529622,15.359926,15.98968,22.08
4446101.924,658094.7026,19.496326,1.1202682,0.64073926,28.292793,32.2026,36.771145,28.05264,23.34235,36.076767,31.516613,34.546364,37.567146,47.175323,35.298546,36.56404,29.439772,34.45275,29.59355,2.2391448,1.9217108,6.078978,7.342849,1382.18,151.25685,0.08105469,0.50612795,0.005615234,45,30,0.36295038,0.43551907,0.28207332,0.2555089,0.3302683,0.68419486,0.79930437,13.676657,15.615359,13.416478,16.54563,18.130373,21.272741,19.451237,16.663155,15.22447,15.633054,14.925685,15.62203,16.758617,19.879137,16.727104,16.569714,13.032201,11.050697,11.482371,9.908884,14.976804,16.564365,15.605408,13.110547,12.694348,11.255168,12.059404,13.212008,15.751474,16.573023,15.5193815,13.728781,14.205009,13.344058,12.730232,13.453745,16.05997,18.667973,18.0878,15.053294,15.312894,16.905146,14.94151,15.020615,15.64039,15.701755,16.078793,15.602451,0.8805038,2.080428,6.7109137,0.4499742,30.247696,33.79669,35.931293,16.872639,16.39573,13.231532,13.866401,15.221254,15.657301,22.08
4446101.924,658099.7026,26.103662,1.0924312,0.64006495,28.215994,31.412567,35.92942,27.729597,23.32008,36.252274,32.695297,35.353687,37.81625,46.889935,34.756866,36.043686,29.291208,34.2668,29.77674,2.2192311,1.8968828,6.0909595,7.377529,1382.16,156.36488,0.080566406,0.50023913,0.004516602,45,30,0.36295038,0.43551907,0.28207332,0.2555089,0.3302683,0.68419486,0.79930437,13.558296,14.582934,14.000722,17.160334,18.24818,22.440111,20.364586,17.046997,15.361989,15.390767,15.033518,15.07229,17.305815,19.715658,17.080204,16.577211,12.064695,10.965203,11.069014,10.056247,14.468011,16.713007,14.901233,12.7586975,12.597109,10.52831,11.752978,13.478783,14.887867,16.827517,15.676359,13.559312,14.81806,13.02988,13.348122,14.153554,16.671171,18.945633,17.948517,15.412583,15.280287,17.257198,15.655533,15.174878,16.389265,15.9895735,16.339787,15.976391,0.8662481,2.0580568,6.7342443,0.4499742,29.814281,34.473785,35.400276,17.193594,16.422894,12.891059,13.678418,15.559276,16.01236,22.08
4446101.924,658104.7026,20.269703,1.0754547,0.637242,28.432001,30.689745,34.93001,27.286383,23.68076,36.324024,33.00219,36.11968,37.956425,46.420624,34.20072,36.066208,29.403137,34.31162,30.075768,2.2119684,1.8839612,6.1163144,7.4141045,1382.14,161.57776,-0.040039062,0.49851203,0,45,30,0.36295038,0.43551907,0.28207332,0.2555089,0.3302683,0.68419486,0.79930437,13.558296,14.582934,14.000722,17.160334,18.24818,22.440111,20.364586,17.046997,15.361989,15.390767,15.033518,15.07229,17.305815,19.715658,17.080204,16.577211,12.064695,10.965203,11.069014,10.056247,14.468011,16.713007,14.901233,12.7586975,12.597109,10.52831,11.752978,13.478783,14.887867,16.827517,15.676359,13.559312,14.81806,13.02988,13.348122,14.153554,16.671171,18.945633,17.948517,15.412583,15.280287,17.257198,15.655533,15.174878,16.389265,15.9895735,16.339787,15.976391,0.8563484,2.0479648,6.765209,0.4499742,29.560873,34.66311,35.133465,17.193594,16.422894,12.891059,13.678418,15.559276,16.01236,22.08
4446101.924,658109.7026,32.66234,1.065152,0.6391379,28.501701,30.692694,33.93332,26.613176,23.614546,36.20666,33.040447,36.63251,37.977577,45.963223,33.69729,35.855324,29.56919,34.783382,30.566593,2.2132187,1.8854047,6.1353717,7.4394984,1382.13,167.47119,0.040039062,0.52874184,0.001098633,45,30,0.36295038,0.43551907,0.28207332,0.2555089,0.3302683,0.68419486,0.79930437,13.460068,14.834598,13.556903,17.041626,19.127785,22.667002,18.57243,16.967361,15.535129,16.292692,15.3947525,15.212585,17.047516,19.549385,17.04637,16.742743,10.560593,11.075448,11.433454,10.449102,14.301237,16.143686,14.670499,12.518936,12.48175,10.498471,11.616778,12.823828,14.640078,16.324171,16.181759,13.274995,14.107058,12.774595,13.118579,13.571208,13.978621,18.131971,18.324265,14.649466,15.406636,15.604141,15.492314,15.505725,16.046066,16.103933,15.673764,15.688893,0.85214496,2.0493116,6.787435,0.4499742,29.597198,34.623554,34.776306,17.0372,16.582632,12.662003,13.509547,14.858043,15.69037,22.08
4446101.924,658114.7026,21.091682,1.0413672,0.6454613,28.959679,31.227358,32.929455,25.550041,23.456703,35.96243,32.695415,37.174324,38.139828,45.634922,33.07652,35.577385,29.62576,35.20534,30.952421,2.215436,1.9089552,6.146589,7.453473,1382.12,171.48376,0,0.5797149,0,45,30,0.3648545,0.43985823,0.2868424,0.2689496,0.3405408,0.68396485,0.78529793,14.970102,15.452805,13.505139,16.802475,18.27249,22.007874,17.723518,17.119967,15.442465,16.303204,15.124265,15.205304,16.644688,18.928383,17.255928,16.542868,10.4958935,10.439195,9.897779,10.281442,14.169522,16.071814,13.890099,12.113491,12.586138,11.391858,11.112043,12.656145,14.698777,16.281202,15.481308,13.336701,13.897402,13.026309,12.848183,13.39982,13.6475525,17.389448,17.708342,14.3915415,15.38165,16.527073,14.205197,15.576096,15.001734,15.925437,16.259,15.504926,0.84341425,2.0621955,6.8000307,0.45290115,30.093517,34.328922,34.32695,16.962057,16.41489,12.177963,13.458211,14.55958,15.553741,22.08
4446101.924,658119.7026,33.10655,1.0543526,0.6568826,29.032387,38.50959,32.083828,24.966043,23.255657,36.043674,32.753914,37.860645,38.63554,45.67069,32.638832,34.25336,29.52194,34.950565,30.881054,2.2115734,1.9308378,6.17582,7.4837856,1382.11,174.81703,-0.080566406,0.6329066,-0.004516602,45,30,0.3648545,0.43985823,0.2868424,0.2689496,0.3405408,0.68396485,0.78529793,14.970102,15.452805,13.505139,16.802475,18.27249,22.007874,17.723518,17.119967,15.442465,16.303204,15.124265,15.205304,16.644688,18.928383,17.255928,16.542868,10.4958935,10.439195,9.897779,10.281442,14.169522,16.071814,13.890099,12.113491,12.586138,11.391858,11.112043,12.656145,14.698777,16.281202,15.481308,13.336701,13.897402,13.026309,12.848183,13.39982,13.6475525,17.389448,17.708342,14.3915415,15.38165,16.527073,14.205197,15.576096,15.001734,15.925437,16.259,15.504926,0.85561764,2.0712056,6.8298025,0.45290115,33.77099,34.398796,33.4461,16.962057,16.41489,12.177963,13.458211,14.55958,15.553741,22.08
4446101.924,658124.7026,25.839022,1.0722877,0.6755192,28.684778,38.191914,31.821918,25.274677,23.104156,36.605026,32.82513,38.733517,39.753117,46.231995,32.80172,34.257595,28.914377,33.595215,30.230871,2.1997223,1.9121721,6.2456098,7.5666633,1382.11,178.77986,-0.000488281,0.67330515,-0.001098633,45,30,0.3648545,0.43985823,0.2868424,0.2689496,0.3405408,0.68396485,0.78529793,15.744664,14.807889,13.29125,17.222708,19.795506,21.215174,17.97112,17.053913,15.392237,16.233337,15.175064,15.497124,17.765457,18.559671,17.438044,16.632935,10.411621,10.354632,11.055828,9.647316,14.478526,16.284252,14.0521755,12.2292,12.821536,11.361357,11.701771,12.509621,15.610971,16.360598,15.321712,13.511127,13.674665,13.026205,12.604215,12.656053,14.177042,17.771696,15.4110775,14.053179,15.524936,16.778973,14.899571,14.44015,15.027547,16.18316,14.541687,15.417633,0.87390345,2.0559473,6.9061365,0.45290115,33.438347,34.71508,33.529655,17.14976,16.580133,12.326337,13.669652,14.188707,15.34229,22.08
4446101.924,658129.7026,21.033127,1.0765368,0.68706524,28.651758,38.218746,31.479641,25.269417,22.962006,37.0793,33.072273,39.485588,40.5828,46.668785,32.648693,33.846806,28.486637,32.96901,30.049051,2.196838,1.9185618,6.308329,7.6307364,1382.11,183.50702,-0.040527344,0.70314085,-0.002319336,45,30,0.3648545,0.43985823,0.2868424,0.2689496,0.3405408,0.68396485,0.78529793,14.1144085,15.523756,14.854123,16.078672,20.69496,21.450106,18.699816,17.353577,15.3502655,16.472733,15.63741,15.068914,17.694616,19.054317,17.450048,16.791939,10.350394,11.039385,11.704691,9.919098,14.805631,15.577041,14.320094,12.439675,12.628554,11.747684,11.622639,13.13526,15.997585,16.388805,15.300095,13.682465,13.855741,13.184393,12.607529,13.164044,13.883538,16.102098,15.5490055,13.792687,15.165419,16.95721,15.663417,14.109491,14.641608,16.117853,14.653168,15.455343,0.881801,2.0577,6.969533,0.45290115,33.435253,35.075787,33.24775,17.34512,16.675472,12.530904,13.831519,14.049478,15.329738,22.08
4446101.924,658134.7026,21.616938,1.0808617,0.70071554,28.984234,38.378082,31.007833,25.040937,22.727503,37.58152,33.271122,40.129143,41.431965,47.082146,32.244953,33.320274,28.54254,32.540672,29.987177,2.1979215,1.9302466,6.3677616,7.6962695,1382.12,183.36967,0.079589844,0.7317606,0.005493164,45,30,0.3648545,0.43985823,0.2868424,0.2689496,0.3405408,0.68396485,0.78529793,14.1144085,15.523756,14.854123,16.078672,20.69496,21.450106,18.699816,17.353577,15.3502655,16.472733,15.63741,15.068914,17.694616,19.054317,17.450048,16.791939,10.350394,11.039385,11.704691,9.919098,14.805631,15.577041,14.320094,12.439675,12.628554,11.747684,11.622639,13.13526,15.997585,16.388805,15.300095,13.682465,13.855741,13.184393,12.607529,13.164044,13.883538,16.102098,15.5490055,13.792687,15.165419,16.95721,15.663417,14.109491,14.641608,16.117853,14.653168,15.455343,0.8907886,2.064084,7.032016,0.45290115,33.68116,35.426323,32.782616,17.34512,16.675472,12.530904,13.831519,14.049478,15.329738,22.08
4446101.924,658139.7026,26.063807,1.0877973,0.7171767,28.972555,38.410053,30.716843,24.728754,22.56129,37.919285,33.368916,40.728867,42.211697,47.462494,32.037884,32.892094,28.210333,32.17565,29.906954,2.1988437,1.9371939,6.418526,7.7371316,1382.12,185.60466,-0.040527344,0.73400414,0,45,30,0.3648545,0.43985823,0.2868424,0.2689496,0.3405408,0.68396485,0.78529793,15.276709,17.740116,15.36039,16.486584,20.242104,21.41905,19.783794,17.990242,15.2571745,15.9755125,15.571063,15.277353,17.80134,18.2654,17.204428,16.542719,10.341791,11.843133,12.1071415,10.1931925,14.606033,16.177343,13.990637,12.706579,12.555864,12.159199,11.973828,13.345839,15.976157,16.912683,15.555374,13.963117,14.646103,14.484189,13.247545,13.588692,13.858809,15.793976,15.395151,14.243631,13.814763,16.790604,15.139239,15.421385,14.549566,15.158975,14.142125,15.045022,0.902487,2.068019,7.077829,0.45290115,33.691303,35.6441,32.46499,18.044107,16.478895,12.751326,14.06842,14.430638,15.00238,22.08
4446101.924,658144.7026,23.32503,1.0308187,0.76108855,29.329477,38.380184,30.505882,24.334003,22.347162,38.13547,33.211166,41.1207,42.616623,47.77726,31.883562,33.000984,27.95331,32.317284,29.906473,2.189939,1.9407165,6.460674,7.760375,1382.14,185.5924,0.27978516,0.7338131,0.01550293,45,30,0.36622983,0.43686324,0.2810933,0.28157192,0.36143625,0.6931852,0.7989552,14.083176,15.989527,14.647777,16.529507,18.39536,21.81478,19.34444,17.15763,15.388516,15.873914,14.643944,15.765045,17.395657,18.438707,17.03711,16.450462,10.307979,12.758103,9.811307,10.435246,13.760176,16.6424,14.016769,12.496353,12.63325,12.297084,12.50813,12.833743,15.486078,16.976978,15.87843,13.989676,14.090918,14.056564,13.468122,13.602142,13.84387,15.501594,15.475817,14.093033,14.097217,15.870323,14.7028675,15.8014345,14.06616,15.759404,13.986094,15.075259,0.89595366,2.0653276,7.110524,0.45990497,33.85483,35.673317,32.442272,17.257795,16.36327,12.53314,14.08767,14.291289,14.897643,22.08
4446101.924,658149.7026,24.119497,1.0536946,0.8113252,29.204346,38.20852,30.0189,24.042742,22.079557,38.299587,33.60602,42.401077,43.082005,47.852776,31.850203,32.401802,27.558409,32.49899,30.278563,2.194281,1.9318398,6.5065007,7.799679,1382.13,186.32312,-0.12011719,0.77788395,-0.003295898,45,30,0.36622983,0.43686324,0.2810933,0.28157192,0.36143625,0.6931852,0.7989552,14.083176,15.989527,14.647777,16.529507,18.39536,21.81478,19.34444,17.15763,15.388516,15.873914,14.643944,15.765045,17.395657,18.438707,17.03711,16.450462,10.307979,12.758103,9.811307,10.435246,13.760176,16.6424,14.016769,12.496353,12.63325,12.297084,12.50813,12.833743,15.486078,16.976978,15.87843,13.989676,14.090918,14.056564,13.468122,13.602142,13.84387,15.501594,15.475817,14.093033,14.097217,15.870323,14.7028675,15.8014345,14.06616,15.759404,13.986094,15.075259,0.9325099,2.0630605,7.1530895,0.45990497,33.706432,35.952805,32.126003,17.257795,16.36327,12.53314,14.08767,14.291289,14.897643,22.08
4446101.924,658154.7026,19.548271,1.0487807,0.87025005,29.236393,38.86495,29.71078,23.945112,21.911251,38.29598,33.893543,42.50991,43.56934,47.915565,31.853739,31.679697,27.854755,31.81532,30.524115,2.1963995,1.955825,6.546879,7.829268,1382.15,185.90038,0.2006836,0.83509123,0.010009766,45,30,0.36622983,0.43686324,0.2810933,0.28157192,0.36143625,0.6931852,0.7989552,13.251427,16.232044,13.700322,17.299353,19.49321,21.727402,18.536072,17.202553,15.453192,16.356127,14.177966,16.727493,17.457623,18.52313,17.34129,16.670937,10.127086,13.3836,9.449986,11.230814,13.761462,16.479023,13.907689,12.619511,13.141184,12.445264,12.377769,13.323156,15.41417,16.816607,15.745046,14.112572,15.134793,14.375422,13.10887,13.852583,13.882706,15.602609,14.97687,14.30472,15.056105,16.719004,15.642746,15.391073,14.479991,15.975838,14.055412,15.502115,0.95951533,2.0761123,7.188073,0.45990497,34.05067,36.09476,31.766718,17.177118,16.576689,12.619951,14.180457,14.419122,15.331452,22.08
4446101.924,658159.7026,20.252102,1.0340952,0.9316807,29.057198,38.57548,29.462902,23.926626,21.707808,38.175686,33.821785,42.648964,44.37973,47.925205,32.01473,31.413149,28.071125,31.640244,30.747581,2.2018955,1.9711381,6.5827627,7.857867,1382.14,185.3599,-0.19970703,0.9208758,-0.010009766,45,30,0.36622983,0.43686324,0.2810933,0.28157192,0.36143625,0.6931852,0.7989552,13.258055,15.634741,12.531637,17.54401,19.601604,20.482056,18.55482,16.59938,14.806209,16.365295,14.20419,15.245455,17.199818,19.133924,16.550756,16.305014,10.259184,12.312828,9.502699,10.20726,15.051764,16.0274,14.042424,12.396277,12.483692,12.601622,11.025012,13.286728,15.096883,16.545687,15.440249,13.710727,14.016464,14.665487,12.789677,13.0468645,13.761232,15.369096,14.103712,13.986024,15.640535,16.64973,15.475357,15.482603,14.433335,15.390346,14.034078,15.386782,0.9828879,2.0865169,7.220315,0.45990497,33.816338,35.998734,31.71394,16.80099,16.215094,12.486222,13.782838,13.964647,15.300856,22.08
4446101.924,658164.7026,30.12224,1.0384696,0.9960795,29.069897,38.60362,29.242228,23.943,21.61456,38.044476,33.75124,42.596634,45.001877,47.7605,32.056873,31.096443,28.26377,31.250938,30.934961,2.2043333,1.974226,6.6058965,7.8712583,1382.16,193.4555,-0.0390625,1.0458895,-0.004394531,20,30,0.36622983,0.43686324,0.2810933,0.28157192,0.36143625,0.6931852,0.7989552,13.258055,15.634741,12.531637,17.54401,19.601604,20.482056,18.55482,16.59938,14.806209,16.365295,14.20419,15.245455,17.199818,19.133924,16.550756,16.305014,10.259184,12.312828,9.502699,10.20726,15.051764,16.0274,14.042424,12.396277,12.483692,12.601622,11.025012,13.286728,15.096883,16.545687,15.440249,13.710727,14.016464,14.665487,12.789677,13.0468645,13.761232,15.369096,14.103712,13.986024,15.640535,16.64973,15.475357,15.482603,14.433335,15.390346,14.034078,15.386782,1.0172745,2.0892797,7.2385774,0.45990497,33.836758,35.897858,31.576658,16.80099,16.215094,12.486222,13.782838,13.964647,15.300856,22.08
4446101.924,658169.7026,35.060417,1.0520178,1.0672969,29.11112,38.752934,28.991774,23.922602,21.629093,37.871006,33.598747,42.57388,45.459175,47.360596,32.095848,30.858953,28.432844,30.987217,31.071587,2.207426,1.9897422,6.6123924,7.8789024,1382.19,191.29918,0.07910156,1.0957531,0.010009766,20,30,0.36622983,0.43686324,0.2810933,0.28157192,0.36143625,0.6931852,0.7989552,13.266474,15.695663,13.263334,17.67118,20.00357,21.658278,18.284191,16.96939,14.944796,16.484684,14.536588,15.005774,17.346754,19.33419,16.681467,16.435799,10.623756,13.409523,10.031729,9.561025,14.673199,15.211331,14.288023,12.409282,11.367189,12.02547,11.607641,13.211934,15.155773,16.169466,15.217627,13.427044,13.311691,14.448126,12.732361,13.241676,13.896526,15.527617,13.751715,13.855059,15.709743,16.41502,15.679621,14.962628,14.209686,14.87209,13.336,15.146477,1.0596573,2.0985842,7.2456474,0.45990497,33.932026,35.73488,31.477402,17.120386,16.333464,12.542656,13.536443,13.844246,15.026399,22.08
4446101.924,658174.7026,25.454485,1.0385277,1.124719,29.231806,39.41343,28.768957,23.857351,21.572332,37.661892,33.21824,42.332924,45.502785,46.7244,32.090218,30.703444,28.624699,31.57275,31.452948,2.2119238,2.005471,6.611609,7.878975,1382.21,183.81654,0.31982422,1.0769073,0.016601562,20,30,0.37665656,0.438528,0.27873823,0.27359554,0.36456937,0.68704784,0.8054,12.227661,16.6734,13.925128,16.969158,18.400124,22.39122,17.85052,16.844791,15.061337,16.321842,14.661133,15.238464,17.416792,19.378487,16.306477,16.484812,10.839382,12.323949,10.709806,9.613159,14.755165,16.086699,14.794861,12.619162,10.84337,12.422533,12.078146,13.551654,15.138451,16.357159,15.532721,13.6062565,13.745848,14.3407955,13.781784,13.534197,13.741568,15.272041,13.555051,14.067694,16.569939,17.126675,16.25484,15.617643,14.408956,14.329522,13.589544,15.643024,1.0816233,2.1086974,7.2452917,0.4606479,34.322617,35.440063,31.396832,16.919601,16.340649,12.73186,13.703433,13.995898,15.413875,22.08
4446101.924,658179.7026,20.93759,1.0329213,1.1562989,28.99362,39.94097,28.43887,23.833195,21.447794,37.85074,33.446445,42.461994,45.225273,46.100624,31.987198,30.246517,28.74,32.107044,31.804747,2.1983073,1.9955376,6.659666,7.8696547,1382.2,183.0961,-0.080566406,1.061736,0,20,30,0.37665656,0.438528,0.27873823,0.27359554,0.36456937,0.68704784,0.8054,12.227661,16.6734,13.925128,16.969158,18.400124,22.39122,17.85052,16.844791,15.061337,16.321842,14.661133,15.238464,17.416792,19.378487,16.306477,16.484812,10.839382,12.323949,10.709806,9.613159,14.755165,16.086699,14.794861,12.619162,10.84337,12.422533,12.078146,13.551654,15.138451,16.357159,15.532721,13.6062565,13.745848,14.3407955,13.781784,13.534197,13.741568,15.272041,13.555051,14.067694,16.569939,17.126675,16.25484,15.617643,14.408956,14.329522,13.589544,15.643024,1.0946101,2.0969224,7.2646604,0.4606479,34.467297,35.64859,31.116858,16.919601,16.340649,12.73186,13.703433,13.995898,15.413875,22.08
4446101.924,658184.7026,24.602985,1.0324061,1.1748024,28.520597,39.350975,28.258696,23.881025,21.510925,38.2404,33.978065,42.400505,44.192265,45.623363,32.054245,30.118431,28.704353,32.555416,31.762476,2.1608686,1.9842956,6.78525,7.849621,1382.21,182.23259,0.079589844,1.104023,0.005493164,45,30,0.37665656,0.438528,0.27873823,0.27359554,0.36456937,0.68704784,0.8054,12.97658,17.165073,13.611578,17.726055,20.356897,22.36927,18.804504,17.421034,15.859274,17.421497,14.650602,15.511838,16.869034,19.423227,16.60101,16.803164,11.262144,13.127238,10.984888,9.204306,14.038872,16.265192,14.905203,12.690965,12.087488,12.336021,12.077492,13.341245,15.466279,16.20577,15.131999,13.69722,13.811087,15.1027355,13.76164,13.245885,13.814622,15.005162,13.974253,14.07816,15.596974,17.789043,16.295073,14.978706,14.180366,14.249359,14.8931,15.443925,1.1036043,2.0725822,7.3174353,0.4606479,33.935787,36.10923,31.086338,17.572851,16.619495,12.826835,13.806613,14.102198,15.426088,22.08
4446101.924,658189.7026,18.769398,1.0298321,1.1944594,28.446136,39.337833,27.970778,23.87904,21.599068,38.597763,34.140324,42.576206,43.45365,44.83874,31.918793,30.222813,28.665533,32.977707,32.138046,2.115047,1.9574926,6.914399,7.837677,1382.21,183.44153,-0.000488281,1.191151,-0.001098633,45,30,0.37665656,0.438528,0.27873823,0.27359554,0.36456937,0.68704784,0.8054,13.560275,16.886728,13.38983,17.400042,20.673378,22.84404,17.859419,17.484612,15.548491,17.059729,14.577159,15.725268,16.70459,19.262054,16.309637,16.641035,11.658377,13.562668,10.420782,9.191092,14.854677,16.000618,13.885959,12.754601,12.855547,12.373197,11.752436,13.027796,15.369137,16.471739,15.390286,13.728729,13.788389,14.037745,13.45359,12.535464,14.604544,14.666036,13.748263,13.780065,16.484528,17.49037,15.441081,14.965627,14.399374,14.844537,14.334903,15.568765,1.1121458,2.0362697,7.376038,0.4606479,33.891983,36.36904,31.070803,17.516245,16.455275,12.796309,13.891449,13.833433,15.422917,22.08
4446101.924,658194.7026,22.455915,1.010952,1.2019931,28.299685,39.451416,27.703081,23.823582,21.504677,38.93878,34.217186,42.729248,42.902435,43.603638,31.74962,30.469103,28.5397,33.33522,33.858513,2.0711281,1.9303455,7.0250115,7.828685,1382.22,185.90395,0,1.2526219,0.001098633,45,30,0.37665656,0.438528,0.27873823,0.27359554,0.36456937,0.68704784,0.8054,13.002859,16.350983,12.890371,16.755573,19.808628,22.006636,19.771463,17.100645,15.741651,17.074791,14.903666,15.376564,17.077482,18.996252,16.76151,16.743444,9.799835,13.398933,10.692778,9.943192,14.527284,16.151236,14.623479,12.593852,12.131853,12.446582,12.291546,12.503934,15.933659,15.566044,15.976184,13.600652,13.264704,14.80393,13.539976,13.048004,14.008457,14.601575,14.3205595,13.8840275,15.414511,15.76413,15.232455,14.837645,14.648754,14.495732,14.149829,15.053146,1.1064725,2.0007367,7.4268484,0.4606479,33.87555,36.577984,31.109362,17.226645,16.561703,12.73382,13.835685,13.94103,14.934722,22.08
4446101.924,658199.7026,17.44641,1.0038809,1.2073196,28.418015,39.542114,27.382833,23.70981,21.779379,39.56019,35.189003,43.485477,41.653904,42.642704,31.126179,30.289091,28.009085,33.663918,34.148727,2.021673,1.8935277,7.116055,7.8191543,1382.23,177.98482,0.12011719,1.2180703,0.008911133,45,30,0.37665656,0.438528,0.27873823,0.27359554,0.36456937,0.68704784,0.8054,12.524263,17.093136,12.620418,16.17873,17.697765,21.212248,20.257778,16.637247,15.61055,17.071728,14.603543,15.327823,16.77484,18.722551,16.434261,16.482578,10.816485,14.135614,10.183816,9.7499075,13.98804,15.833032,14.698756,12.602003,11.283121,12.006804,11.750751,12.698015,13.976011,16.425116,15.653585,13.251663,13.032834,14.5377655,14.039485,13.360077,13.897217,14.498153,13.889798,13.847238,17.533876,17.008287,15.532434,14.152102,15.039381,15.336288,14.340897,15.7216215,1.1056002,1.9576004,7.4676046,0.4606479,33.980064,37.374596,30.707634,16.797762,16.363613,12.772235,13.399058,13.893619,15.563324,22.08
4446101.924,658204.7026,14.380116,0.9902546,1.200605,28.829296,40.581753,27.198286,23.654345,22.15593,39.75904,34.93502,44.061783,40.919983,41.442497,30.839552,30.44641,27.676668,33.32792,34.812992,1.9759657,1.8782187,7.160396,7.8029647,1382.21,170.65686,-0.080566406,1.1468862,-0.003417969,45,30,0.38496456,0.4435394,0.26911917,0.2539307,0.33269522,0.6817548,0.7865317,12.524263,17.093136,12.620418,16.17873,17.697765,21.212248,20.257778,16.637247,15.61055,17.071728,14.603543,15.327823,16.77484,18.722551,16.434261,16.482578,10.816485,14.135614,10.183816,9.7499075,13.98804,15.833032,14.698756,12.602003,11.283121,12.006804,11.750751,12.698015,13.976011,16.425116,15.653585,13.251663,13.032834,14.5377655,14.039485,13.360077,13.897217,14.498153,13.889798,13.847238,17.533876,17.008287,15.532434,14.152102,15.039381,15.336288,14.340897,15.7216215,1.0954298,1.9270922,7.4816804,0.45036224,34.705524,37.34703,30.64298,16.797762,16.363613,12.772235,13.399058,13.893619,15.563324,22.08
4446101.924,658209.7026,11.503226,0.9837464,1.1734141,28.227385,40.89556,27.20766,23.760925,22.324781,39.96355,35.687286,43.37389,40.209988,40.580006,31.10603,29.996109,28.903582,33.22852,35.597683,1.9314929,1.8606865,7.1164484,7.7611337,1382.2,169.29822,0.07910156,1.0789484,0.004394531,45,30,0.38496456,0.4435394,0.26911917,0.2539307,0.33269522,0.6817548,0.7865317,14.058344,16.68003,11.276563,16.544943,16.949081,20.638008,19.572266,16.480968,15.386101,17.28369,14.549683,15.760333,16.433357,18.976427,16.748295,16.5768,10.84078,13.739276,10.820063,10.113182,14.536334,15.296403,14.13843,12.653992,11.326092,11.595682,11.442606,12.862117,14.211817,16.14045,15.044202,13.113659,13.649996,13.880018,13.758406,13.101011,11.746216,14.397157,13.515533,13.463996,15.979878,17.349873,14.989447,14.258374,14.84524,14.201083,13.831533,15.285994,1.0785803,1.8960898,7.4387913,0.45036224,34.561474,37.825417,30.55107,16.53132,16.448269,12.783495,13.231853,13.435477,15.065062,22.08
4446101.924,658214.7026,18.050776,0.9632824,1.1155449,27.896471,40.892963,27.668768,24.053143,22.71442,39.647087,36.19281,43.223858,39.572433,40.178104,31.930601,29.524427,28.953993,32.53951,34.899933,1.8888389,1.8388408,6.960056,7.7043233,1382.18,163.61826,0.08105469,1.0153993,0.006713867,45,30,0.38496456,0.4435394,0.26911917,0.2539307,0.33269522,0.6817548,0.7865317,13.529436,16.679724,11.847619,16.697828,16.737886,21.317726,19.653143,16.599857,15.086881,16.498865,14.347588,14.971517,15.7569065,19.835423,16.239223,16.31898,11.358549,12.279677,10.283301,9.841875,13.482422,17.34229,15.167776,12.722669,11.500102,12.038424,10.5998745,13.255667,13.760723,17.67057,15.081236,13.415335,14.457651,13.109181,12.530339,12.629355,11.542686,14.042347,15.038626,13.243703,17.076487,16.617828,14.540631,14.406439,13.906956,14.723972,15.104462,15.19792,1.0394137,1.8638399,7.3321896,0.45036224,34.39472,37.91995,30.727514,16.637623,16.1052,12.822271,13.415229,13.33574,15.196681,22.08
4446096.924,658079.7026,19.490839,1.1448728,0.6595436,27.537767,32.531445,37.891026,29.182365,23.375624,35.091427,31.21186,32.18811,35.12842,45.695282,37.29307,36.764076,30.507095,35.718735,31.01054,2.304892,1.9228827,6.107251,7.327934,1382.23,121.497925,0,0.5210627,-0.001098633,45,30,0.36694375,0.4392246,0.27671978,0.25853518,0.30962753,0.6602236,0.88392586,12.414396,14.624521,12.74947,14.367464,16.99771,21.742868,18.0359,15.8296385,15.668295,16.499697,14.922815,14.985431,17.011887,19.726202,16.653662,16.709358,11.127878,13.107028,11.749472,10.034598,15.621475,17.27929,15.846441,13.334869,11.902941,11.621115,11.128361,11.795868,13.975302,17.377155,15.729605,13.332163,13.768814,14.839882,14.421748,13.662779,17.375744,18.555616,18.317392,15.650284,16.037119,16.142963,15.334221,14.980036,16.627672,16.867632,17.215672,16.083061,0.9022082,2.1138873,6.7175922,0.4564572,30.034607,33.15164,37.028572,15.847475,16.495426,13.538026,13.361478,15.848854,16.172186,22.08
4446096.924,658084.7026,23.972328,1.1319637,0.64865166,27.566423,32.53099,37.89101,29.004103,23.464724,35.525406,31.222515,32.633575,35.727455,47.34506,36.680363,36.7528,30.086695,35.31152,29.268997,2.267367,1.9210297,6.0869617,7.296065,1382.19,132.7943,-0.08105469,0.52683306,-0.005615234,45,30,0.36295038,0.43551907,0.28207332,0.2555089,0.3302683,0.68419486,0.79930437,14.2152605,15.7439575,13.554855,15.147905,17.58041,21.417013,18.720676,16.553854,15.381663,16.657532,15.940425,15.978098,16.824043,19.570045,16.59989,16.979458,12.170206,12.914348,9.683251,10.328765,14.312892,16.848284,14.751572,12.960948,12.424907,11.616671,10.811056,12.680786,14.618988,17.180609,16.577768,13.496032,14.740868,14.491135,12.746893,13.027695,17.3465,18.378946,18.722874,15.383369,15.272672,17.10986,15.008319,15.481964,15.919863,15.131477,15.616959,15.666726,0.89030766,2.0941982,6.691513,0.4499742,30.048706,33.373962,36.716583,16.625727,16.707386,13.00133,13.70154,15.6364155,15.64873,22.08
4446096.924,658089.7026,22.480251,1.1150078,0.6437466,28.067574,32.400608,37.574924,28.775194,23.5327,35.804092,31.12479,33.927975,36.309643,48.238842,36.073322,36.855545,29.172611,34.82526,28.223133,2.2396967,1.9341516,6.0821996,7.293859,1382.16,141.59114,-0.0390625,0.5299452,-0.004394531,45,30,0.36295038,0.43551907,0.28207332,0.2555089,0.3302683,0.68419486,0.79930437,14.2152605,15.7439575,13.554855,15.147905,17.58041,21.417013,18.720676,16.553854,15.381663,16.657532,15.940425,15.978098,16.824043,19.570045,16.59989,16.979458,12.170206,12.914348,9.683251,10.328765,14.312892,16.848284,14.751572,12.960948,12.424907,11.616671,10.811056,12.680786,14.618988,17.180609,16.577768,13.496032,14.740868,14.491135,12.746893,13.027695,17.3465,18.378946,18.722874,15.383369,15.272672,17.10986,15.008319,15.481964,15.919863,15.131477,15.616959,15.666726,0.8793772,2.086924,6.6880293,0.4499742,30.23409,33.46444,36.46443,16.625727,16.707386,13.00133,13.70154,15.6364155,15.64873,22.08
4446096.924,658094.7026,20.817696,1.1002347,0.64759463,27.798632,31.545586,36.90738,28.528833,23.47175,36.02072,32.325962,34.53116,36.804237,48.2489,35.58069,36.36723,29.228718,34.480183,28.16124,2.217018,1.9036233,6.090713,7.324018,1382.13,148.50208,-0.12011719,0.5210627,-0.008911133,45,30,0.36295038,0.43551907,0.28207332,0.2555089,0.3302683,0.68419486,0.79930437,13.5091,14.473452,13.4985485,16.829613,17.55281,21.6211,19.732784,16.676498,15.549593,15.824646,15.947184,15.000247,16.652704,19.108685,17.072754,16.642551,11.95435,11.942839,11.486509,9.561691,14.213687,17.573524,15.004354,13.072087,13.080908,11.619415,11.843233,13.155882,14.9787445,16.723635,16.325054,13.795135,14.213933,13.957031,13.216403,12.881999,17.579605,18.389418,18.066895,15.299644,14.80295,15.692152,14.792109,14.491205,16.889427,15.4325,16.083914,15.375686,0.8739147,2.0603206,6.7073655,0.4499742,29.672108,34.17334,35.97396,16.745344,16.45083,13.10528,13.960981,15.472183,15.454894,22.08
4446096.924,658099.7026,25.623718,1.0847051,0.6490179,28.197763,31.412973,36.067715,28.195694,23.424204,36.226276,32.699768,35.18706,37.200264,47.74912,34.926758,36.051884,29.326674,34.311897,28.662058,2.207772,1.8973922,6.107323,7.373234,1382.11,156.38094,-0.12011719,0.50055945,-0.0078125,45,30,0.36295038,0.43551907,0.28207332,0.2555089,0.3302683,0.68419486,0.79930437,13.1182575,14.587087,12.130118,17.662731,18.323929,22.3389,19.683601,16.764019,15.471545,15.555783,15.19245,15.421547,17.289295,19.155832,16.7799,16.578903,12.946582,10.978709,11.64855,9.931379,14.015885,17.083761,14.946478,13.033963,12.93218,11.2331085,11.033503,13.012465,14.29167,16.74063,16.178265,13.456973,14.010287,13.53034,12.680711,14.277718,16.975103,18.284472,17.965086,15.224387,15.032565,16.305645,16.057941,15.664487,15.894119,15.284478,16.047232,15.730638,0.86686146,2.052582,6.7402782,0.4499742,29.805368,34.46302,35.48932,16.834948,16.40948,13.078764,13.63169,15.389102,15.75521,22.08
4446096.924,658104.7026,22.888227,1.0637604,0.65488034,28.183224,30.951447,35.213165,27.77413,23.59949,36.167892,32.833,35.86271,37.45168,47.01427,34.544952,36.06354,29.297438,34.304295,29.289703,2.2049284,1.8974977,6.1280084,7.4114842,1382.1,158.49522,0.03955078,0.5079766,0,45,30,0.36295038,0.43551907,0.28207332,0.2555089,0.3302683,0.68419486,0.79930437,13.1182575,14.587087,12.130118,17.662731,18.323929,22.3389,19.683601,16.764019,15.471545,15.555783,15.19245,15.421547,17.289295,19.155832,16.7799,16.578903,12.946582,10.978709,11.64855,9.931379,14.015885,17.083761,14.946478,13.033963,12.93218,11.2331085,11.033503,13.012465,14.29167,16.74063,16.178265,13.456973,14.010287,13.53034,12.680711,14.277718,16.975103,18.284472,17.965086,15.224387,15.032565,16.305645,16.057941,15.664487,15.894119,15.284478,16.047232,15.730638,0.8593204,2.051213,6.7697463,0.4499742,29.567335,34.500446,35.304245,16.834948,16.40948,13.078764,13.63169,15.389102,15.75521,22.08
4446096.924,658109.7026,33.26395,1.0572108,0.6597097,28.468433,30.690445,34.293655,27.258495,23.68684,36.28557,33.152935,36.349422,37.59426,46.38292,33.891056,35.803875,29.570143,34.501972,29.944674,2.2027113,1.8849638,6.1478677,7.455052,1382.08,162.52994,-0.080566406,0.52534634,-0.005615234,45,30,0.36295038,0.43551907,0.28207332,0.2555089,0.3302683,0.68419486,0.79930437,12.966705,14.741925,12.281756,17.197443,15.559898,22.338697,18.946804,16.238974,15.599012,15.636656,15.290846,16.127304,17.212515,20.059797,16.548733,16.888742,12.441691,12.5180235,11.776236,10.249558,13.9157295,15.965613,15.632777,13.101126,12.754709,11.168416,11.528343,13.350754,14.217072,16.257555,15.94784,13.433371,13.135496,13.66419,13.086418,14.428189,13.897105,18.106745,18.08938,14.776459,16.850292,15.984945,15.831055,15.538538,14.83562,15.600362,16.001928,15.766297,0.85846025,2.0438375,6.80146,0.4499742,29.57944,34.719254,34.847466,16.290462,16.639267,13.214232,13.603526,14.9153595,15.806106,22.08
4446096.924,658114.7026,25.084368,1.034043,0.66872305,28.881958,31.220343,33.53455,26.554441,23.535162,36.299126,32.969944,36.870834,37.989857,45.92303,33.368717,35.4835,29.498322,34.470165,30.477928,2.202565,1.9087875,6.163833,7.4901743,1382.07,167.49178,-0.041015625,0.5279833,-0.003417969,45,30,0.3648545,0.43985823,0.2868424,0.2689496,0.3405408,0.68396485,0.78529793,12.952853,14.243004,12.792725,17.204273,15.810734,22.477697,17.971226,16.30384,16.145134,16.95653,15.834537,16.274624,17.728249,20.002586,17.225597,17.355167,10.65605,12.631358,11.191011,10.734488,15.855325,16.852976,15.946428,13.376561,12.31653,11.53985,11.721773,13.325083,14.401505,16.843845,16.146034,13.626296,14.236937,13.441699,13.385648,14.006851,14.009026,17.478514,18.411386,14.825425,15.357623,16.019123,14.670718,15.120317,14.797034,16.570822,15.441696,15.506208,0.851383,2.0556762,6.8270035,0.45290115,30.051151,34.634537,34.42611,16.207502,17.16675,13.409661,13.756375,14.995722,15.425334,22.08
4446096.924,658119.7026,32.830013,1.0493964,0.68018025,28.92086,38.521145,32.86666,26.145094,23.324764,36.557014,33.127853,37.486954,38.58355,45.801674,32.951786,33.97372,29.35396,34.037647,30.560482,2.1952531,1.931516,6.189556,7.5263133,1382.06,169.30957,-0.0390625,0.539146,-0.004394531,45,30,0.3648545,0.43985823,0.2868424,0.2689496,0.3405408,0.68396485,0.78529793,12.952853,14.243004,12.792725,17.204273,15.810734,22.477697,17.971226,16.30384,16.145134,16.95653,15.834537,16.274624,17.728249,20.002586,17.225597,17.355167,10.65605,12.631358,11.191011,10.734488,15.855325,16.852976,15.946428,13.376561,12.31653,11.53985,11.721773,13.325083,14.401505,16.843845,16.146034,13.626296,14.236937,13.441699,13.385648,14.006851,14.009026,17.478514,18.411386,14.825425,15.357623,16.019123,14.670718,15.120317,14.797034,16.570822,15.441696,15.506208,0.8647883,2.0633845,6.857935,0.45290115,33.721,34.842434,33.462753,16.207502,17.16675,13.409661,13.756375,14.995722,15.425334,22.08
4446096.924,658124.7026,27.69095,1.0662401,0.693014,28.63047,38.204914,32.435307,25.97093,23.145636,36.85973,33.03637,38.144638,39.387814,45.9877,32.925945,33.962765,29.066446,33.36493,30.316113,2.1913323,1.9143426,6.2318363,7.58045,1382.05,174.28249,-0.119628906,0.5756625,-0.00769043,45,30,0.3648545,0.43985823,0.2868424,0.2689496,0.3405408,0.68396485,0.78529793,14.196951,13.82491,12.6186495,16.178263,15.298487,21.222286,17.903316,15.801225,15.673683,16.498655,15.785312,15.329561,18.151413,19.559877,17.087248,17.009123,11.211363,12.172285,12.218226,10.080202,14.45532,16.933098,15.507872,13.293342,12.405281,11.192843,10.861415,12.413626,14.131956,16.819323,15.195452,13.221158,14.0544,13.399958,13.333379,13.19916,13.0429735,15.962201,16.220997,13.997852,14.759323,15.372373,14.867353,14.6350355,14.874588,15.403625,15.806738,14.949541,0.87962705,2.0528374,6.906143,0.45290115,33.417694,34.94805,33.444355,15.891837,16.869394,13.225481,13.288557,14.173296,15.102719,22.08
4446096.924,658129.7026,22.743488,1.0705954,0.69964033,28.609474,38.233963,32.099163,25.785044,22.98418,37.326595,33.2467,38.726627,40.090576,46.14692,32.697582,33.48841,28.793499,32.957603,30.395136,2.1904671,1.9207901,6.276473,7.6302905,1382.05,178.72559,-0.03955078,0.64463985,-0.004394531,45,30,0.3648545,0.43985823,0.2868424,0.2689496,0.3405408,0.68396485,0.78529793,15.115259,14.675249,13.288951,16.018656,17.59405,21.65008,18.066898,16.52934,15.531683,16.656872,15.585943,15.0581665,17.252821,19.140045,16.933933,16.775053,11.168813,13.173627,12.84156,10.522784,14.61841,17.056988,14.09126,13.402532,12.816984,10.948928,12.710022,13.348051,14.288442,17.050774,15.300565,13.714602,14.206683,13.589071,13.626776,13.240451,13.888554,15.687027,15.843363,14.060437,14.709953,16.85233,15.025969,15.278099,15.255308,15.588741,15.608292,15.391948,0.8851179,2.0556285,6.9533815,0.45290115,33.42172,35.286648,33.092995,16.629877,16.59421,13.35335,13.780539,14.297418,15.474099,22.08
4446096.924,658134.7026,24.337492,1.0400376,0.7137243,28.838861,38.62529,31.768955,25.437794,22.76159,37.774456,33.254757,39.021725,40.867954,46.423435,32.440723,33.113415,28.936403,32.580166,30.285215,2.1886995,1.9318662,6.313963,7.67162,1382.05,180,-0.03955078,0.71615994,-0.003295898,45,30,0.3648545,0.43985823,0.2868424,0.2689496,0.3405408,0.68396485,0.78529793,15.115259,14.675249,13.288951,16.018656,17.59405,21.65008,18.066898,16.52934,15.531683,16.656872,15.585943,15.0581665,17.252821,19.140045,16.933933,16.775053,11.168813,13.173627,12.84156,10.522784,14.61841,17.056988,14.09126,13.402532,12.816984,10.948928,12.710022,13.348051,14.288442,17.050774,15.300565,13.714602,14.206683,13.589071,13.626776,13.240451,13.888554,15.687027,15.843363,14.060437,14.709953,16.85233,15.025969,15.278099,15.255308,15.588741,15.608292,15.391948,0.876881,2.0602827,6.992791,0.45290115,33.732075,35.514606,32.77707,16.629877,16.59421,13.35335,13.780539,14.297418,15.474099,22.08
4446096.924,658139.7026,34.701035,1.0437676,0.7232439,28.821484,38.65859,31.559288,25.006008,22.566803,38.29053,33.35889,39.397095,41.50541,46.43008,32.10979,32.58098,28.773378,32.405056,30.536507,2.190254,1.9407499,6.346821,7.7008257,1382.05,184.24022,-0.079589844,0.77562475,-0.006591797,45,30,0.3648545,0.43985823,0.2868424,0.2689496,0.3405408,0.68396485,0.78529793,14.810796,14.063019,13.176066,16.4004,18.018599,21.81769,17.587154,16.479216,15.511305,16.849277,15.766678,14.925527,17.100561,19.366423,17.226475,16.850115,10.338258,13.607631,10.801031,9.9996195,14.653351,16.344711,14.391665,12.82746,12.778479,10.650928,11.967067,13.227516,14.969278,16.751213,15.291684,13.509642,14.466858,13.123665,13.495827,13.643438,13.972647,15.406747,15.473239,13.980053,14.567076,16.481678,14.278829,15.615271,15.141844,15.238388,15.1589155,15.236261,0.8835057,2.065502,7.0238233,0.45290115,33.740036,35.82471,32.345383,16.553389,16.678036,12.876609,13.66231,14.22606,15.211715,22.08
4446096.924,658144.7026,26.061108,1.0222666,0.74997896,29.25922,38.40259,31.397957,24.491785,22.299355,38.87773,33.400246,39.81663,41.90266,46.299477,31.590414,32.321884,28.570742,32.732452,31.04784,2.1848443,1.946048,6.3718,7.7241225,1382.06,183.01537,0.000488281,0.8176394,0.001098633,45,30,0.36622983,0.43686324,0.2810933,0.28157192,0.36143625,0.6931852,0.7989552,14.344587,14.206556,13.606918,16.399403,18.267805,20.692368,19.36595,16.611624,15.908989,16.360025,15.333447,14.910622,17.40585,18.773418,17.765041,16.730785,10.484395,13.564883,10.41183,9.768781,14.082352,16.227827,14.352732,12.649946,12.758167,11.901251,12.003004,13.00797,14.720961,16.364431,16.485256,13.728016,13.554744,14.000381,13.3362,13.854871,13.657911,15.220836,15.609363,13.877218,15.067853,17.520422,14.962771,15.577624,13.181944,15.188085,13.863737,15.214256,0.8861228,2.0654461,7.047961,0.45990497,33.830906,36.13899,31.95615,16.697657,16.63677,12.698972,13.891578,14.176329,15.051778,22.08
4446096.924,658149.7026,26.812511,1.0415562,0.79179054,29.245007,38.224766,30.98214,24.173023,22.057863,39.12937,33.892433,40.95412,42.17268,46.350994,31.450031,31.599247,28.287436,32.865234,31.330978,2.187066,1.9338083,6.4055786,7.755832,1382.06,183.9245,-0.0390625,0.832795,-0.005493164,45,30,0.36622983,0.43686324,0.2810933,0.28157192,0.36143625,0.6931852,0.7989552,14.344587,14.206556,13.606918,16.399403,18.267805,20.692368,19.36595,16.611624,15.908989,16.360025,15.333447,14.910622,17.40585,18.773418,17.765041,16.730785,10.484395,13.564883,10.41183,9.768781,14.082352,16.227827,14.352732,12.649946,12.758167,11.901251,12.003004,13.00797,14.720961,16.364431,16.485256,13.728016,13.554744,14.000381,13.3362,13.854871,13.657911,15.220836,15.609363,13.877218,15.067853,17.520422,14.962771,15.577624,13.181944,15.188085,13.863737,15.214256,0.9166734,2.0604372,7.0807056,0.45990497,33.734886,36.510902,31.52464,16.697657,16.63677,12.698972,13.891578,14.176329,15.051778,22.08
4446096.924,658154.7026,21.168732,1.0382324,0.8472727,29.15531,38.89764,30.723074,24.162434,21.860151,38.98441,34.062828,41.13101,42.929077,46.756542,31.594143,30.824245,28.425016,32.12596,31.34027,2.1880372,1.9645352,6.4458637,7.7864914,1382.07,184.99304,-0.000976563,0.8196173,0.001098633,45,30,0.36622983,0.43686324,0.2810933,0.28157192,0.36143625,0.6931852,0.7989552,13.599256,13.777263,13.312042,15.878174,18.166386,21.624472,17.901052,16.30697,16.047644,15.972064,15.451932,15.647577,17.370728,19.497702,16.710743,16.779629,10.891121,12.931061,9.816476,10.201517,14.171539,16.119778,14.868727,12.523573,12.534227,12.264422,12.386839,13.14607,14.634634,16.846058,16.193361,13.865987,13.507831,14.570666,12.530219,13.861888,13.748181,15.849978,15.207726,14.016474,15.513254,17.409433,14.552774,15.862486,13.446618,15.1327715,16.113546,15.31205,0.9427526,2.0762863,7.1161776,0.45990497,34.026474,36.52362,31.209194,16.322664,16.6712,12.714316,14.0008,14.182356,15.432984,22.08
4446096.924,658159.7026,21.688787,1.0441442,0.9042953,29.160458,38.935577,30.518688,24.283373,21.776342,38.7321,34.002636,41.238697,43.462006,47.159264,31.77756,30.378813,28.483839,31.763884,31.162867,2.186311,1.9666475,6.485404,7.8040624,1382.07,182.0472,-0.040527344,0.80268466,-0.005615234,45,30,0.36622983,0.43686324,0.2810933,0.28157192,0.36143625,0.6931852,0.7989552,12.680125,14.325299,13.464457,16.7869,17.760244,20.44013,19.266438,16.257214,15.595075,16.469242,15.080233,15.343129,17.702332,19.467524,16.666431,16.73135,10.900438,14.191778,10.265024,10.3965845,14.670819,15.681014,15.081896,12.88359,12.325688,12.503586,11.553836,13.365524,14.370525,16.21589,15.890764,13.679945,13.21834,14.666532,13.306452,13.814624,14.229675,15.4876175,14.1518,14.135958,15.218758,16.669758,16.101198,14.850136,14.863448,14.980351,14.622256,15.41829,0.97421974,2.0764792,7.1447334,0.45990497,34.04802,36.36737,31.078186,16.389084,16.617708,13.026793,13.746544,14.125007,15.329415,22.08
4446096.924,658164.7026,29.356796,1.0624946,0.9652867,28.913862,38.7023,30.214577,24.373323,21.715136,38.62671,33.78859,41.515804,43.838223,47.24508,31.874023,30.188725,28.717783,31.668045,31.144743,2.1935468,1.975651,6.5124245,7.8297367,1382.07,187.34845,-0.2006836,0.8953592,-0.012207031,45,30,0.36622983,0.43686324,0.2810933,0.28157192,0.36143625,0.6931852,0.7989552,12.680125,14.325299,13.464457,16.7869,17.760244,20.44013,19.266438,16.257214,15.595075,16.469242,15.080233,15.343129,17.702332,19.467524,16.666431,16.73135,10.900438,14.191778,10.265024,10.3965845,14.670819,15.681014,15.081896,12.88359,12.325688,12.503586,11.553836,13.365524,14.370525,16.21589,15.890764,13.679945,13.21834,14.666532,13.306452,13.814624,14.229675,15.4876175,14.1518,14.135958,15.218758,16.669758,16.101198,14.850136,14.863448,14.980351,14.622256,15.41829,1.0138906,2.084599,7.1710806,0.45990497,33.808083,36.20765,31.031374,16.389084,16.617708,13.026793,13.746544,14.125007,15.329415,22.08
4446096.924,658169.7026,30.440046,1.034945,1.0191448,28.912298,39.19821,30.163397,24.443676,21.62513,38.433407,33.85264,40.988834,44.083744,46.99586,31.969557,29.443747,29.034777,31.921217,31.672194,2.1800556,1.9806969,6.5424204,7.8188863,1382.09,186.16791,0.040039062,1.0658306,-0.001098633,20,30,0.36622983,0.43686324,0.2810933,0.28157192,0.36143625,0.6931852,0.7989552,11.974928,14.880754,13.817096,15.584628,16.548897,21.430513,19.389465,16.141949,15.065964,15.998754,14.57079,15.474408,16.86819,18.50103,16.196741,16.208977,10.599399,13.20442,10.014807,9.35906,14.072526,16.721014,14.639961,12.625846,12.436005,12.484398,11.406038,12.615488,14.249225,16.77226,15.222473,13.549944,13.96567,14.844721,13.185165,12.836344,13.741661,14.680508,14.224794,13.904654,15.807297,16.88468,16.516888,15.853025,14.623888,14.834186,15.255879,15.815764,1.0270449,2.0803761,7.1806536,0.45990497,34.055256,36.14302,30.706652,16.232327,16.096554,12.658742,13.597983,13.925552,15.682263,22.08
4446096.924,658174.7026,26.014202,1.0337824,1.0803187,29.108458,39.478577,29.981615,24.465857,21.553616,38.23576,33.361675,41.231594,44.301857,46.761715,32.03268,29.365284,28.867334,32.109253,31.496521,2.1789937,2.0061517,6.5697794,7.830691,1382.09,184.29437,-0.20019531,1.1487074,-0.010009766,20,30,0.37665656,0.438528,0.27873823,0.27359554,0.36456937,0.68704784,0.8054,12.105979,15.973558,13.785068,16.44443,18.259726,22.095423,19.227406,16.7111,15.670004,15.73498,14.110211,15.015717,16.380915,18.353392,16.599863,16.09076,10.600957,12.555676,10.256942,9.895128,14.723039,16.148455,14.720543,12.611056,12.536333,12.570129,11.325108,12.5323305,15.735399,15.74514,15.117147,13.482848,14.394608,15.3555355,13.615961,13.490423,14.62262,14.864551,13.921908,14.331578,15.863428,16.855537,15.995867,16.018583,14.237812,14.96035,14.067723,15.576653,1.0570505,2.0925727,7.2002354,0.4606479,34.293518,35.798717,30.698982,16.841656,15.980726,12.700105,13.651656,14.323657,15.428472,22.08
4446096.924,658179.7026,22.513071,1.0289432,1.1106111,28.85427,40.00963,29.704073,24.45686,21.432629,38.445282,33.579796,41.36721,44.0863,46.285423,31.919762,28.837969,28.958752,32.59819,31.774868,2.1597395,1.995154,6.625535,7.8190703,1382.11,183.62595,0.12011719,1.1334193,0.004394531,20,30,0.37665656,0.438528,0.27873823,0.27359554,0.36456937,0.68704784,0.8054,12.105979,15.973558,13.785068,16.44443,18.259726,22.095423,19.227406,16.7111,15.670004,15.73498,14.110211,15.015717,16.380915,18.353392,16.599863,16.09076,10.600957,12.555676,10.256942,9.895128,14.723039,16.148455,14.720543,12.611056,12.536333,12.570129,11.325108,12.5323305,15.735399,15.74514,15.117147,13.482848,14.394608,15.3555355,13.615961,13.490423,14.62262,14.864551,13.921908,14.331578,15.863428,16.855537,15.995867,16.018583,14.237812,14.96035,14.067723,15.576653,1.0697771,2.0774467,7.2223024,0.4606479,34.43195,36.01254,30.378864,16.841656,15.980726,12.700105,13.651656,14.323657,15.428472,22.08
4446096.924,658184.7026,27.583546,1.0253216,1.1384791,28.421593,39.415047,29.492859,24.438286,21.493748,38.749844,34.05618,41.29869,43.54374,45.756725,31.888428,28.836378,28.963099,32.772038,31.762886,2.1294754,1.9920325,6.718809,7.8080115,1382.11,180,0.040039062,1.1168185,0.001098633,45,30,0.37665656,0.438528,0.27873823,0.27359554,0.36456937,0.68704784,0.8054,13.164236,17.080624,11.416745,17.489403,19.760828,21.36216,20.052902,17.003435,15.633222,16.659971,14.357964,14.8311405,17.027933,18.000608,16.75917,16.298323,9.871717,12.486677,10.697941,9.815645,14.071996,16.071272,14.949554,12.385296,12.258481,12.421448,11.242223,12.399839,15.015976,15.604184,16.150036,13.328731,14.361908,14.466258,13.306236,13.29407,14.504804,14.299309,14.250302,14.007813,15.269702,16.998587,15.917684,15.324707,13.681278,15.017539,14.102443,15.363783,1.0819004,2.0607538,7.2634106,0.4606479,33.91832,36.40301,30.362404,17.189556,16.18143,12.5664,13.5845995,14.068985,15.187419,22.08
4446096.924,658189.7026,26.623758,1.0288327,1.1386589,28.280039,39.83989,29.302385,24.352613,21.569475,39.00338,34.076927,41.11438,42.4179,44.662235,31.797693,29.132677,28.844112,33.47984,32.974476,2.0910854,1.963887,6.8295097,7.782491,1382.1,180.72612,-0.20019531,1.1312418,-0.011108398,45,30,0.37665656,0.438528,0.27873823,0.27359554,0.36456937,0.68704784,0.8054,13.002859,16.350983,12.890371,16.755573,19.808628,22.006636,19.771463,17.100645,15.741651,17.074791,14.903666,15.376564,17.077482,18.996252,16.76151,16.743444,9.799835,13.398933,10.692778,9.943192,14.527284,16.151236,14.623479,12.593852,12.131853,12.446582,12.291546,12.503934,15.933659,15.566044,15.976184,13.600652,13.264704,14.80393,13.539976,13.048004,14.008457,14.601575,14.3205595,13.8840275,15.414511,15.76413,15.232455,14.837645,14.648754,14.495732,14.149829,15.053146,1.0837457,2.0274863,7.3060007,0.4606479,34.059963,36.540154,30.465185,17.226645,16.561703,12.73382,13.835685,13.94103,14.934722,22.08
4446096.924,658194.7026,24.606897,0.9991185,1.1706635,28.416695,39.614334,28.783278,24.197662,21.681566,39.667473,35.015434,42.248947,41.964363,43.664436,31.05197,29.073633,28.330824,33.392193,33.78654,2.0401824,1.9348788,6.9419785,7.801982,1382.11,183.45143,-0.040039062,1.1906382,-0.004394531,45,30,0.37665656,0.438528,0.27873823,0.27359554,0.36456937,0.68704784,0.8054,13.002859,16.350983,12.890371,16.755573,19.808628,22.006636,19.771463,17.100645,15.741651,17.074791,14.903666,15.376564,17.077482,18.996252,16.76151,16.743444,9.799835,13.398933,10.692778,9.943192,14.527284,16.151236,14.623479,12.593852,12.131853,12.446582,12.291546,12.503934,15.933659,15.566044,15.976184,13.600652,13.264704,14.80393,13.539976,13.048004,14.008457,14.601575,14.3205595,13.8840275,15.414511,15.76413,15.232455,14.837645,14.648754,14.495732,14.149829,15.053146,1.084891,1.9875306,7.37198,0.4606479,34.015514,37.341454,30.062801,17.226645,16.561703,12.73382,13.835685,13.94103,14.934722,22.08
4446096.924,658199.7026,18.48807,0.98494244,1.2063657,28.418348,39.57663,28.43285,24.009018,21.891493,40.127224,35.24882,42.42105,41.572643,42.733234,30.545492,29.654078,28.343,33.625652,34.090275,1.9910018,1.9118345,7.0456986,7.8037386,1382.12,181.36551,0.040039062,1.2031524,0.003295898,45,30,0.37665656,0.438528,0.27873823,0.27359554,0.36456937,0.68704784,0.8054,12.524263,17.093136,12.620418,16.17873,17.697765,21.212248,20.257778,16.637247,15.61055,17.071728,14.603543,15.327823,16.77484,18.722551,16.434261,16.482578,10.816485,14.135614,10.183816,9.7499075,13.98804,15.833032,14.698756,12.602003,11.283121,12.006804,11.750751,12.698015,13.976011,16.425116,15.653585,13.251663,13.032834,14.5377655,14.039485,13.360077,13.897217,14.498153,13.889798,13.847238,17.533876,17.008287,15.532434,14.152102,15.039381,15.336288,14.340897,15.7216215,1.095654,1.9514182,7.424719,0.4606479,33.99749,37.688023,30.099785,16.797762,16.363613,12.772235,13.399058,13.893619,15.563324,22.08
4446096.924,658204.7026,16.448551,0.9666186,1.229932,28.893925,40.60535,28.038172,23.775152,22.309004,40.499897,34.969822,43.065155,40.940666,41.41833,29.888876,30.211,28.040792,33.290977,34.81098,1.9377908,1.8993603,7.1440086,7.807057,1382.12,174.93016,0.12011719,1.1355926,0.006713867,45,30,0.38496456,0.4435394,0.26911917,0.2539307,0.33269522,0.6817548,0.7865317,12.524263,17.093136,12.620418,16.17873,17.697765,21.212248,20.257778,16.637247,15.61055,17.071728,14.603543,15.327823,16.77484,18.722551,16.434261,16.482578,10.816485,14.135614,10.183816,9.7499075,13.98804,15.833032,14.698756,12.602003,11.283121,12.006804,11.750751,12.698015,13.976011,16.425116,15.653585,13.251663,13.032834,14.5377655,14.039485,13.360077,13.897217,14.498153,13.889798,13.847238,17.533876,17.008287,15.532434,14.152102,15.039381,15.336288,14.340897,15.7216215,1.0982753,1.9185755,7.4755325,0.45036224,34.749638,37.73486,30.049938,16.797762,16.363613,12.772235,13.399058,13.893619,15.563324,22.08
4446096.924,658209.7026,14.066253,0.95590365,1.2227528,28.364195,40.9075,27.85351,23.756086,22.5258,40.820984,35.716305,42.568222,40.28329,40.50321,29.871605,30.12871,29.151577,33.205532,35.612335,1.8875813,1.8812402,7.1477685,7.784071,1382.1,171.65587,-0.080078125,1.0854831,-0.003295898,45,30,0.38496456,0.4435394,0.26911917,0.2539307,0.33269522,0.6817548,0.7865317,14.058344,16.68003,11.276563,16.544943,16.949081,20.638008,19.572266,16.480968,15.386101,17.28369,14.549683,15.760333,16.433357,18.976427,16.748295,16.5768,10.84078,13.739276,10.820063,10.113182,14.536334,15.296403,14.13843,12.653992,11.326092,11.595682,11.442606,12.862117,14.211817,16.14045,15.044202,13.113659,13.649996,13.880018,13.758406,13.101011,11.746216,14.397157,13.515533,13.463996,15.979878,17.349873,14.989447,14.258374,14.84524,14.201083,13.831533,15.285994,1.0893283,1.8844109,7.4659195,0.45036224,34.63585,38.268646,30.000156,16.53132,16.448269,12.783495,13.231853,13.435477,15.065062,22.08
4446096.924,658214.7026,16.850183,0.9400729,1.1295735,27.960701,40.90943,28.304054,24.204641,22.881962,40.3091,36.254906,42.55246,39.577297,40.180603,31.124676,29.322647,29.106747,32.524925,34.928375,1.8532088,1.8577282,6.947926,7.71293,1382.09,169.62495,0.03955078,1.033913,0.002197266,45,30,0.38496456,0.4435394,0.26911917,0.2539307,0.33269522,0.6817548,0.7865317,13.529436,16.679724,11.847619,16.697828,16.737886,21.317726,19.653143,16.599857,15.086881,16.498865,14.347588,14.971517,15.7569065,19.835423,16.239223,16.31898,11.358549,12.279677,10.283301,9.841875,13.482422,17.34229,15.167776,12.722669,11.500102,12.038424,10.5998745,13.255667,13.760723,17.67057,15.081236,13.415335,14.457651,13.109181,12.530339,12.629355,11.542686,14.042347,15.038626,13.243703,17.076487,16.617828,14.540631,14.406439,13.906956,14.723972,15.104462,15.19792,1.0348232,1.8554685,7.330428,0.45036224,34.435066,38.282005,30.223661,16.637623,16.1052,12.822271,13.415229,13.33574,15.196681,22.08
4446091.924,658079.7026,23.357452,1.1352781,0.65695304,27.119017,32.005283,37.907585,29.388346,23.49187,35.22429,31.5742,32.320656,34.7849,46.716293,37.377575,36.757248,30.403105,35.729195,29.789629,2.2808564,1.8908004,6.1367736,7.326365,1382.21,117.15928,0.07910156,0.59563386,0.003295898,45,30,0.36694375,0.4392246,0.27671978,0.25853518,0.30962753,0.6602236,0.88392586,12.414396,14.624521,12.74947,14.367464,16.99771,21.742868,18.0359,15.8296385,15.668295,16.499697,14.922815,14.985431,17.011887,19.726202,16.653662,16.709358,11.127878,13.107028,11.749472,10.034598,15.621475,17.27929,15.846441,13.334869,11.902941,11.621115,11.128361,11.795868,13.975302,17.377155,15.729605,13.332163,13.768814,14.839882,14.421748,13.662779,17.375744,18.555616,18.317392,15.650284,16.037119,16.142963,15.334221,14.980036,16.627672,16.867632,17.215672,16.083061,0.89611554,2.0858283,6.7315693,0.4564572,29.56215,33.399246,37.067413,15.847475,16.495426,13.538026,13.361478,15.848854,16.172186,22.08
4446091.924,658084.7026,19.634647,1.1063968,0.64117175,27.310963,32.136494,38.00986,29.3737,23.571081,35.813984,31.73965,33.16406,35.12922,48.9137,36.64276,36.646732,29.573538,35.29265,27.327002,2.2313495,1.8965683,6.1012855,7.2745843,1382.16,126.859406,-0.07910156,0.57276386,-0.004394531,45,30,0.36295038,0.43551907,0.28207332,0.2555089,0.3302683,0.68419486,0.79930437,14.2152605,15.7439575,13.554855,15.147905,17.58041,21.417013,18.720676,16.553854,15.381663,16.657532,15.940425,15.978098,16.824043,19.570045,16.59989,16.979458,12.170206,12.914348,9.683251,10.328765,14.312892,16.848284,14.751572,12.960948,12.424907,11.616671,10.811056,12.680786,14.618988,17.180609,16.577768,13.496032,14.740868,14.491135,12.746893,13.027695,17.3465,18.378946,18.722874,15.383369,15.272672,17.10986,15.008319,15.481964,15.919863,15.131477,15.616959,15.666726,0.8737843,2.063959,6.687935,0.4499742,29.723728,33.776817,36.644745,16.625727,16.707386,13.00133,13.70154,15.6364155,15.64873,22.08
4446091.924,658089.7026,26.44897,1.0869824,0.6355093,27.496786,31.152882,37.711613,29.27292,23.642307,36.169453,32.657673,34.563995,35.534637,50.0595,36.061954,36.517494,28.72755,34.76482,25.91687,2.1910014,1.8786334,6.0886445,7.2650127,1382.13,137.20467,0.040039062,0.5270801,0.002197266,45,30,0.36295038,0.43551907,0.28207332,0.2555089,0.3302683,0.68419486,0.79930437,14.2152605,15.7439575,13.554855,15.147905,17.58041,21.417013,18.720676,16.553854,15.381663,16.657532,15.940425,15.978098,16.824043,19.570045,16.59989,16.979458,12.170206,12.914348,9.683251,10.328765,14.312892,16.848284,14.751572,12.960948,12.424907,11.616671,10.811056,12.680786,14.618988,17.180609,16.577768,13.496032,14.740868,14.491135,12.746893,13.027695,17.3465,18.378946,18.722874,15.383369,15.272672,17.10986,15.008319,15.481964,15.919863,15.131477,15.616959,15.666726,0.8612459,2.0348175,6.6768284,0.4499742,29.324833,34.413563,36.289726,16.625727,16.707386,13.00133,13.70154,15.6364155,15.64873,22.08
4446091.924,658094.7026,23.088924,1.075184,0.6502708,27.538176,31.150206,37.02199,29.033775,23.572664,36.281006,32.886623,34.89865,36.24425,49.5161,35.595234,36.226196,28.875319,34.347687,26.547203,2.1852806,1.8786114,6.1096215,7.316866,1382.1,144.44342,-0.000488281,0.49281764,0,45,30,0.36295038,0.43551907,0.28207332,0.2555089,0.3302683,0.68419486,0.79930437,13.5091,14.473452,13.4985485,16.829613,17.55281,21.6211,19.732784,16.676498,15.549593,15.824646,15.947184,15.000247,16.652704,19.108685,17.072754,16.642551,11.95435,11.942839,11.486509,9.561691,14.213687,17.573524,15.004354,13.072087,13.080908,11.619415,11.843233,13.155882,14.9787445,16.723635,16.325054,13.795135,14.213933,13.957031,13.216403,12.881999,17.579605,18.389418,18.066895,15.299644,14.80295,15.692152,14.792109,14.491205,16.889427,15.4325,16.083914,15.375686,0.8627274,2.031946,6.7132435,0.4499742,29.34419,34.583817,35.910713,16.745344,16.45083,13.10528,13.960981,15.472183,15.454894,22.08
4446091.924,658099.7026,28.057735,1.0637714,0.66818297,27.58391,31.147642,36.229156,28.747969,23.48628,36.33733,33.118736,35.2381,36.79402,48.548805,35.1391,35.923454,29.082266,34.091396,27.589487,2.1850069,1.8787973,6.1325994,7.376856,1382.08,152.64882,0.0390625,0.46733633,0.002197266,45,30,0.36295038,0.43551907,0.28207332,0.2555089,0.3302683,0.68419486,0.79930437,13.1182575,14.587087,12.130118,17.662731,18.323929,22.3389,19.683601,16.764019,15.471545,15.555783,15.19245,15.421547,17.289295,19.155832,16.7799,16.578903,12.946582,10.978709,11.64855,9.931379,14.015885,17.083761,14.946478,13.033963,12.93218,11.2331085,11.033503,13.012465,14.29167,16.74063,16.178265,13.456973,14.010287,13.53034,12.680711,14.277718,16.975103,18.284472,17.965086,15.224387,15.032565,16.305645,16.057941,15.664487,15.894119,15.284478,16.047232,15.730638,0.86597717,2.031902,6.7547274,0.4499742,29.365776,34.728035,35.531277,16.834948,16.40948,13.078764,13.63169,15.389102,15.75521,22.08
4446091.924,658104.7026,26.224575,1.0525448,0.68369,27.632183,31.145721,35.456963,28.417448,23.409533,36.380745,33.313194,35.605484,37.106182,47.576813,34.68057,35.657097,29.243666,34.051384,28.599636,2.1853318,1.8790536,6.1505938,7.4300313,1382.06,154.18019,0.000976563,0.49298072,0.001220703,45,30,0.36295038,0.43551907,0.28207332,0.2555089,0.3302683,0.68419486,0.79930437,12.732027,14.29701,11.841162,17.337273,18.158754,22.037489,19.320824,16.461914,15.880663,16.013477,15.567789,15.777423,17.748465,19.487543,17.05869,16.965654,13.63414,11.5112705,12.274778,10.215599,14.521224,17.543783,15.288721,13.545603,12.940908,11.230657,11.051873,13.027884,14.349394,16.81817,16.25943,13.487274,14.014826,13.550921,12.692331,14.275629,16.97066,18.27658,17.988201,15.229632,15.034093,16.305645,16.057941,15.664487,15.894119,15.293564,16.047232,15.732579,0.86811745,2.0321927,6.790313,0.4499742,29.388952,34.84697,35.16883,16.532078,16.790577,13.569931,13.66833,15.395593,15.756726,22.08
4446091.924,658109.7026,31.501738,1.04149,0.6960501,27.680391,31.144377,34.724346,28.038393,23.336063,36.429207,33.48074,36.005836,37.282448,46.695835,34.227898,35.410637,29.345413,34.15477,29.517355,2.1855946,1.8793709,6.1652865,7.4770074,1382.04,159.4152,-0.03955078,0.4893467,-0.003295898,45,30,0.36295038,0.43551907,0.28207332,0.2555089,0.3302683,0.68419486,0.79930437,12.586804,14.533043,11.9928,16.91803,15.490207,22.14564,18.713125,15.996679,16.001919,16.649097,15.729208,16.49154,18.033564,20.476309,16.885313,17.432688,13.794298,14.144022,13.489962,11.735689,15.53644,17.514635,17.158398,14.656479,12.7716465,11.181818,11.546839,13.366205,14.275757,16.330399,16.041262,13.467992,13.139189,13.680611,13.09804,14.426102,13.89266,18.098856,18.108334,14.780273,16.851818,15.984945,15.831055,15.538538,14.83562,15.600362,16.001928,15.766536,0.86877,2.0324826,6.821147,0.4499742,29.412384,34.95497,34.819267,16.054235,17.180994,14.767634,13.644846,14.920541,15.806323,22.08
4446091.924,658114.7026,28.104464,1.0487168,0.70126283,28.59166,38.50217,34.13764,27.601902,23.520916,36.564083,32.923626,36.335407,37.871853,46.080795,33.72033,34.451416,29.371565,33.646023,30.011751,2.1866136,1.9231228,6.176852,7.518929,1382.03,165.9689,0.000488281,0.4723725,0,45,30,0.3648545,0.43985823,0.2868424,0.2689496,0.3405408,0.68396485,0.78529793,12.952853,14.331859,12.792725,17.29313,15.921804,22.551743,17.971226,16.359375,16.145134,17.622591,15.834537,16.274624,18.035908,20.207695,17.225597,17.536156,11.656856,13.632164,12.191817,11.985495,16.793581,18.103981,16.947231,14.432099,12.31653,11.53985,11.721773,13.325083,14.401505,16.843845,16.146034,13.626296,14.236937,13.441699,13.385648,14.006851,14.009026,17.478514,18.411386,14.825425,15.357623,16.019123,14.670718,15.120317,14.797034,16.570822,15.441696,15.506208,0.8749898,2.0548682,6.847891,0.45290115,33.546913,34.743855,34.085873,16.259335,17.335155,14.473018,13.756375,14.995722,15.425334,22.08
4446091.924,658119.7026,32.921253,1.0458355,0.7073093,28.621712,38.52897,33.554756,27.237,23.389654,36.76426,33.101887,36.804718,38.200127,45.699284,33.37315,34.008217,29.339397,33.6085,30.508408,2.190034,1.9289887,6.198001,7.5609217,1382.02,164.75922,0,0.49020612,0.001098633,45,30,0.3648545,0.43985823,0.2868424,0.2689496,0.3405408,0.68396485,0.78529793,12.952853,14.331859,12.792725,17.29313,15.921804,22.551743,17.971226,16.359375,16.145134,17.622591,15.834537,16.274624,18.035908,20.207695,17.225597,17.536156,11.656856,13.632164,12.191817,11.985495,16.793581,18.103981,16.947231,14.432099,12.31653,11.53985,11.721773,13.325083,14.401505,16.843845,16.146034,13.626296,14.236937,13.441699,13.385648,14.006851,14.009026,17.478514,18.411386,14.825425,15.357623,16.019123,14.670718,15.120317,14.797034,16.570822,15.441696,15.506208,0.8765724,2.0595112,6.8794613,0.45290115,33.57534,34.933075,33.69068,16.259335,17.335155,14.473018,13.756375,14.995722,15.425334,22.08
4446091.924,658124.7026,29.629635,1.0452849,0.7137693,28.581324,38.272247,33.022076,26.902805,23.338404,37.21271,33.350243,37.674435,38.957752,45.699886,33.01445,33.71726,29.091248,32.983097,30.4907,2.192626,1.9211829,6.221372,7.6030483,1382.01,167.47119,0.040039062,0.52874184,0.001098633,45,30,0.3648545,0.43985823,0.2868424,0.2689496,0.3405408,0.68396485,0.78529793,14.196951,13.913767,12.6186495,16.267118,15.409557,21.296335,17.992172,15.870643,15.673683,17.058563,15.785312,15.435713,18.459074,19.676525,17.087248,17.173521,12.212169,13.173091,13.219032,11.331209,15.706327,17.975601,16.508675,14.348878,12.405281,11.192843,10.861415,12.413626,14.131956,16.819323,15.195452,13.221158,14.0544,13.399958,13.333379,13.19916,13.0429735,15.962201,16.220997,13.997852,14.759323,15.372373,14.867353,14.6350355,14.874588,15.403625,15.806738,14.949541,0.8795271,2.0569043,6.9122105,0.45290115,33.426785,35.28148,33.365852,15.956363,17.02516,14.303729,13.288557,14.173296,15.102719,22.08
4446091.924,658129.7026,24.761436,1.0633237,0.72196215,28.627382,38.09011,32.573666,26.509113,23.04838,37.612965,33.263435,38.183357,39.817352,45.906185,32.816517,33.54096,29.282072,32.476486,30.242718,2.1890535,1.9110684,6.250912,7.6499705,1382,171.46924,0,0.5799137,0,45,30,0.3648545,0.43985823,0.2868424,0.2689496,0.3405408,0.68396485,0.78529793,15.138431,14.775685,13.32106,16.153856,17.778667,21.758736,18.19079,16.632586,15.170436,16.736984,15.068021,14.800798,17.088068,18.637291,16.35686,16.473675,12.17865,13.928312,13.597272,11.790283,15.885019,18.121092,15.351463,14.430697,12.568059,10.880799,12.552813,13.103618,14.087891,16.848915,15.145014,13.527156,14.431227,13.875397,13.839732,13.562914,14.236716,16.173477,16.052723,14.371102,14.712687,16.85233,15.025969,15.278099,15.255308,15.588741,15.608292,15.392375,0.892643,2.050061,6.9504414,0.45290115,33.358746,35.4382,33.178738,16.731031,16.265493,14.407442,13.598159,14.596025,15.474489,22.08
4446091.924,658134.7026,25.421026,1.0704759,0.72323644,28.605442,38.122746,32.327847,26.054987,22.85032,38.144875,33.416912,38.579662,40.421185,45.887722,32.49318,32.960117,29.123941,32.318504,30.515434,2.1908245,1.9188086,6.276179,7.6778517,1381.99,174.8199,-0.080078125,0.6332549,-0.004516602,45,30,0.3648545,0.43985823,0.2868424,0.2689496,0.3405408,0.68396485,0.78529793,15.138431,14.775685,13.32106,16.153856,17.778667,21.758736,18.19079,16.632586,15.170436,16.736984,15.068021,14.800798,17.088068,18.637291,16.35686,16.473675,12.17865,13.928312,13.597272,11.790283,15.885019,18.121092,15.351463,14.430697,12.568059,10.880799,12.552813,13.103618,14.087891,16.848915,15.145014,13.527156,14.431227,13.875397,13.839732,13.562914,14.236716,16.173477,16.052723,14.371102,14.712687,16.85233,15.025969,15.278099,15.255308,15.588741,15.608292,15.392375,0.8968562,2.0548165,6.9770155,0.45290115,33.364094,35.78089,32.726646,16.731031,16.265493,14.407442,13.598159,14.596025,15.474489,22.08
4446091.924,658139.7026,34.627907,1.0359936,0.7242853,28.757923,38.674164,32.285995,25.460726,22.578342,38.689804,33.59228,38.38298,40.910656,45.627552,32.120167,32.076378,29.231066,32.563435,31.13264,2.1835008,1.9430252,6.292741,7.6866684,1381.99,178.84425,-0.000488281,0.7021419,-0.001098633,45,30,0.3648545,0.43985823,0.2868424,0.2689496,0.3405408,0.68396485,0.78529793,14.833969,14.175047,13.187436,16.528492,18.144493,21.956512,17.71754,16.57824,15.092148,17.27982,15.305127,14.526213,16.87007,19.293722,16.649403,16.65349,11.347879,14.362317,11.556956,11.269578,15.920407,17.617376,15.404564,13.895625,12.530174,10.668626,11.718513,12.981646,14.6591425,16.548864,15.134293,13.307224,14.6914015,13.443477,13.701353,13.990329,14.330697,15.821845,15.696878,14.288693,14.569809,16.481678,14.278829,15.615271,15.141844,15.238388,15.1589155,15.236689,0.88013947,2.063263,6.9897046,0.45290115,33.71604,36.141045,32.098274,16.649069,16.43093,13.925583,13.463037,14.52514,15.212105,22.08
4446091.924,658144.7026,28.181728,1.0492902,0.730555,28.794437,38.564377,32.221455,24.698915,22.290134,39.609924,33.317318,38.630493,41.147614,45.062794,31.448982,31.768003,29.15222,33.041157,31.886068,2.1939418,1.9429783,6.2910886,7.693446,1381.99,181.08192,-0.000488281,0.75930196,-0.001098633,45,30,0.36622983,0.43686324,0.2810933,0.28157192,0.36143625,0.6931852,0.7989552,14.376696,14.32123,13.629506,16.49355,18.416039,20.789879,19.449972,16.69369,15.32883,16.680887,15.125862,14.453398,16.785515,18.604195,17.084877,16.439568,11.494017,14.567494,11.417886,11.035891,15.351288,17.503191,15.61543,13.796196,12.509241,11.922946,11.846432,12.763313,14.300218,16.091236,16.239384,13.499657,13.780832,14.263455,13.554941,14.201764,14.002952,15.727468,15.832998,14.194838,15.070585,17.520422,14.962771,15.577624,13.181944,15.188085,13.863737,15.214684,0.8899226,2.06846,6.9922676,0.45990497,33.679405,36.463623,31.608494,16.78241,16.294794,13.855028,13.667537,14.48063,15.052168,22.08
4446091.924,658149.7026,28.13989,1.0274941,0.7587312,28.99957,38.178013,32.096653,24.079195,22.081013,40.415966,33.649704,38.832813,41.512043,44.677795,30.777042,31.17835,29.371666,33.139027,32.280357,2.1873848,1.9634978,6.2995553,7.708357,1381.99,185.36809,-0.080566406,0.7625104,-0.005615234,45,30,0.36622983,0.43686324,0.2810933,0.28157192,0.36143625,0.6931852,0.7989552,14.376696,14.32123,13.629506,16.49355,18.416039,20.789879,19.449972,16.69369,15.32883,16.680887,15.125862,14.453398,16.785515,18.604195,17.084877,16.439568,11.494017,14.567494,11.417886,11.035891,15.351288,17.503191,15.61543,13.796196,12.509241,11.922946,11.846432,12.763313,14.300218,16.091236,16.239384,13.499657,13.780832,14.263455,13.554941,14.201764,14.002952,15.727468,15.832998,14.194838,15.070585,17.520422,14.962771,15.577624,13.181944,15.188085,13.863737,15.214684,0.89311266,2.0754414,7.003956,0.45990497,33.58879,37.032837,30.977695,16.78241,16.294794,13.855028,13.667537,14.48063,15.052168,22.08
4446091.924,658154.7026,23.102013,1.0575607,0.8261574,29.130938,38.013565,31.550135,24.45837,21.866482,39.573963,34.185844,40.088203,42.04004,45.870655,31.428577,30.469986,29.024433,32.66353,31.952103,2.1916766,1.9484855,6.3624387,7.764687,1382,186.56152,-0.03955078,0.7497416,-0.001098633,45,30,0.36622983,0.43686324,0.2810933,0.28157192,0.36143625,0.6931852,0.7989552,13.714961,13.891935,13.3532915,15.9812565,18.30345,21.741293,18.134357,16.42293,15.6234255,16.342722,14.87456,15.246712,16.750393,19.299267,16.191578,16.44174,11.898906,13.934651,11.076251,11.473154,15.438924,17.393244,16.13078,13.709452,12.462273,12.3445635,12.231289,12.901413,14.213114,16.645922,16.12508,13.701874,13.7181,14.827209,12.74896,14.233775,14.09322,16.360968,15.423452,14.335322,15.515986,17.409433,14.552774,15.862486,13.446618,15.1327715,16.113546,15.312477,0.941859,2.070081,7.063563,0.45990497,33.57225,36.879906,30.949282,16.445791,16.332666,13.90656,13.846235,14.4865265,15.433374,22.08
4446091.924,658159.7026,22.257786,1.0346653,0.87906957,29.078999,38.97462,31.499458,24.72738,21.758173,39.149105,34.189632,40.04282,42.750854,46.696175,31.774193,29.464823,28.915272,32.031693,31.5022,2.172965,1.9713255,6.4085045,7.768137,1382.01,181.09537,0.080566406,0.7591305,0.005615234,45,30,0.36622983,0.43686324,0.2810933,0.28157192,0.36143625,0.6931852,0.7989552,12.680125,14.414154,13.464457,16.875757,17.871315,20.588223,19.355291,16.340515,15.595075,17.029148,15.080233,15.449282,18.009993,19.584173,16.772583,16.912336,11.901244,14.942381,11.265831,11.647592,15.921826,16.93202,16.332903,13.978221,12.325688,12.503586,11.553836,13.365524,14.370525,16.21589,15.890764,13.679945,13.21834,14.666532,13.306452,13.814624,14.229675,15.4876175,14.1518,14.135958,15.218758,16.669758,16.101198,14.850136,14.863448,14.980351,14.622256,15.41829,0.95686746,2.0721452,7.0883207,0.45990497,34.02681,36.66937,30.619507,16.46419,16.788641,14.134828,13.746544,14.125007,15.329415,22.08
4446091.924,658164.7026,25.703663,1.0570066,0.9353917,28.81458,38.74987,31.224932,24.894527,21.704576,39.027023,33.930042,40.384483,43.064068,47.02768,31.898973,29.170101,29.102459,31.962051,31.317402,2.1796403,1.979853,6.441133,7.793791,1382.01,179.00568,0.12011719,0.8161059,0.004516602,45,30,0.36622983,0.43686324,0.2810933,0.28157192,0.36143625,0.6931852,0.7989552,12.680125,14.414154,13.464457,16.875757,17.871315,20.588223,19.355291,16.340515,15.595075,17.029148,15.080233,15.449282,18.009993,19.584173,16.772583,16.912336,11.901244,14.942381,11.265831,11.647592,15.921826,16.93202,16.332903,13.978221,12.325688,12.503586,11.553836,13.365524,14.370525,16.21589,15.890764,13.679945,13.21834,14.666532,13.306452,13.814624,14.229675,15.4876175,14.1518,14.135958,15.218758,16.669758,16.101198,14.850136,14.863448,14.980351,14.622256,15.41829,0.99619913,2.0797467,7.117462,0.45990497,33.782227,36.47853,30.534538,16.46419,16.788641,14.134828,13.746544,14.125007,15.329415,22.08
4446091.924,658169.7026,19.678303,1.0499659,0.9863537,28.900642,39.43904,31.236706,25.036407,21.624607,38.80224,33.48773,40.14744,42.875122,47.111378,32.016644,28.570917,29.173452,32.60058,31.31163,2.1717157,1.994336,6.4751678,7.7885723,1382,179.0892,-0.12011719,0.90193045,-0.004394531,45,30,0.36622983,0.43686324,0.2810933,0.28157192,0.36143625,0.6931852,0.7989552,11.603641,14.636734,13.5776825,15.446347,16.65481,21.277308,19.339619,15.982343,15.3236265,16.560038,14.794771,15.466988,16.71188,18.875296,16.189625,16.45931,12.079546,14.932109,11.800865,10.87282,15.59613,18.292747,16.260653,14.231041,12.450928,12.431859,11.501409,12.447316,14.215819,16.813725,15.2330475,13.5410185,14.145973,15.1421175,13.419248,13.2061405,14.078905,15.1406555,14.482885,14.220406,15.808825,16.895582,16.516888,15.853025,14.623888,14.84327,15.255879,15.819409,1.0181597,2.083026,7.1318703,0.45990497,34.16984,36.14498,30.293781,16.07659,16.274603,14.262124,13.584871,14.230845,15.685336,22.08
4446091.924,658174.7026,26.207418,1.0286546,1.0272564,28.789713,39.868515,31.22784,25.133665,21.483452,38.85817,33.854633,39.877262,42.918983,46.91761,31.94149,27.574335,29.341837,32.81801,31.679525,2.1487098,1.9958631,6.5145965,7.7765594,1382,181.63885,-0.080078125,1.0025643,-0.006713867,45,30,0.37665656,0.438528,0.27873823,0.27359554,0.36456937,0.68704784,0.8054,11.749266,15.720301,13.543012,16.297157,18.322409,21.986776,19.080929,16.543192,15.728353,16.309994,14.338984,15.141846,16.413197,18.304491,16.852924,16.2785,12.174968,14.284342,11.7861,11.108126,16.210772,17.699808,16.250275,14.144842,12.472614,12.524591,11.361892,12.29991,15.58965,15.611409,15.050661,13.396728,14.588289,15.576635,13.82316,13.860219,14.982759,15.275853,14.187907,14.622371,15.864955,16.86644,15.995867,16.018583,14.237812,14.96035,14.067723,15.578594,1.0279555,2.0722864,7.145578,0.4606479,34.329113,36.3564,29.757912,16.671406,16.155684,14.21634,13.558676,14.613546,15.430247,22.08
4446091.924,658179.7026,29.728611,1.0261996,1.0591997,28.689693,40.142365,31.10956,25.157084,21.303574,38.90287,33.625755,39.897507,42.76261,46.18221,31.937824,27.39407,29.260447,33.03581,32.91449,2.1284423,1.9986376,6.5703144,7.7703896,1382.01,181.47064,0.040039062,1.1171864,0.003295898,45,30,0.37665656,0.438528,0.27873823,0.27359554,0.36456937,0.68704784,0.8054,11.717157,15.711365,13.46657,16.257921,18.240705,21.950739,19.049265,16.49766,16.089598,16.76094,14.707571,15.550837,16.885235,18.77804,17.123186,16.68789,12.172352,14.282854,11.781398,11.085647,16.192062,17.687595,16.243305,14.134928,12.545831,12.594381,11.343747,12.54641,15.791223,15.813344,15.206433,13.516573,14.399144,15.367796,13.631742,13.488333,14.618174,14.856659,13.945023,14.336177,15.864955,16.86644,15.995867,16.018583,14.237812,14.96035,14.067723,15.578594,1.0426996,2.06354,7.170352,0.4606479,34.41603,36.264313,29.665947,16.627674,16.556486,14.206458,13.691626,14.329553,15.430247,22.08
4446091.924,658184.7026,27.843294,1.0323108,1.074007,28.206856,39.93197,30.942595,25.078161,21.431728,39.114727,33.983265,39.78087,42.240185,45.693756,31.973726,27.399643,29.110182,33.403805,32.617153,2.1050525,1.9947993,6.647595,7.743869,1382.01,180.70818,0,1.1599039,0.001098633,45,30,0.37665656,0.438528,0.27873823,0.27359554,0.36456937,0.68704784,0.8054,12.775698,16.777927,11.133784,17.260082,19.615038,21.210855,19.793852,16.752216,16.006796,17.638882,14.998698,15.197154,17.417969,18.553907,17.067371,16.847738,11.476593,14.309616,12.283324,10.9570675,15.52623,17.60166,16.563625,13.923186,12.2702,12.423106,11.259188,12.412748,15.070838,15.669807,16.225285,13.358101,14.370605,14.4785185,13.322017,13.291982,14.500359,14.291417,14.2734165,14.01306,15.27123,17.00949,15.917684,15.324707,13.681278,15.017539,14.102443,15.365725,1.053159,2.0499258,7.195732,0.4606479,34.069412,36.548996,29.686684,16.938177,16.697254,14.10259,13.618739,14.075475,15.189196,22.08
4446091.924,658189.7026,29.365162,1.0226882,1.1032583,28.191051,39.89877,30.592299,24.91777,21.602486,39.381958,34.07479,39.916233,41.98488,44.92069,31.71222,27.955135,29.151102,33.582806,32.87628,2.0671973,1.9756701,6.7432623,7.741508,1382.02,182.23401,0.20019531,1.1033243,0.008911133,45,30,0.37665656,0.438528,0.27873823,0.27359554,0.36456937,0.68704784,0.8054,12.775698,16.777927,11.133784,17.260082,19.615038,21.210855,19.793852,16.752216,16.006796,17.638882,14.998698,15.197154,17.417969,18.553907,17.067371,16.847738,11.476593,14.309616,12.283324,10.9570675,15.52623,17.60166,16.563625,13.923186,12.2702,12.423106,11.259188,12.412748,15.070838,15.669807,16.225285,13.358101,14.370605,14.4785185,13.322017,13.291982,14.500359,14.291417,14.2734165,14.01306,15.27123,17.00949,15.917684,15.324707,13.681278,15.017539,14.102443,15.365725,1.0629733,2.0214338,7.242385,0.4606479,34.04491,36.728374,29.833677,16.938177,16.697254,14.10259,13.618739,14.075475,15.189196,22.08
4446091.924,658194.7026,24.913216,1.0005074,1.1227427,28.31327,39.847435,30.091036,24.708479,21.837723,40.09494,35.091343,40.711082,41.081486,43.850605,30.844873,28.086433,28.717709,33.74672,33.567524,2.019133,1.9368353,6.8441854,7.7482853,1382.01,180.7649,-0.12011719,1.0739161,-0.004394531,45,30,0.37665656,0.438528,0.27873823,0.27359554,0.36456937,0.68704784,0.8054,12.9712925,15.649466,13.352498,15.663928,16.815977,20.604502,18.282108,16.02875,15.695917,16.682257,14.657713,15.963275,17.228323,19.978605,17.468863,16.912905,11.797975,14.288496,12.315433,11.449968,15.137293,17.353952,15.84404,13.895468,11.717119,11.040117,11.789511,12.298657,13.947594,16.13682,15.662294,13.0531435,13.655762,13.926786,14.582883,13.239337,13.916722,14.402389,13.3454685,13.890221,14.649305,15.951376,17.12542,14.7231245,13.829561,14.849312,13.530683,15.091318,1.061625,1.9779842,7.296235,0.4606479,34.080353,37.59314,29.465652,16.191395,16.810709,14.026736,13.227445,13.86705,14.951255,22.08
4446091.924,658199.7026,15.822376,0.9838289,1.1642814,28.331884,39.80009,29.65986,24.449652,22.077421,40.568832,35.32024,40.93007,40.806396,42.904762,30.263102,28.87413,28.73038,33.937317,33.861706,1.9698911,1.9150962,6.9489837,7.7562113,1382.01,180.72612,-0.12011719,1.1312418,-0.006713867,45,30,0.37665656,0.438528,0.27873823,0.27359554,0.36456937,0.68704784,0.8054,12.437906,15.2963085,12.498575,15.342794,16.703304,21.479477,18.363338,15.881239,15.680117,17.315615,15.274374,15.734451,17.148956,20.54016,17.669533,17.196722,11.704776,13.594961,12.82419,11.216901,16.016197,18.148151,16.211517,14.131809,12.862483,11.571582,12.267839,12.375815,13.735244,15.951779,15.7984085,13.361973,13.471364,13.280508,13.4988,13.98262,11.978539,14.388599,13.269293,13.446306,16.180038,16.223896,15.522585,14.514783,15.775769,15.028228,13.859215,15.418232,1.0740552,1.9424937,7.352597,0.4606479,34.065987,37.944534,29.568615,16.017385,17.051886,14.245241,13.509023,13.409961,15.300645,22.08
4446091.924,658204.7026,18.183977,0.9648602,1.2066797,28.564394,40.82786,29.131926,24.080606,22.502861,40.974186,34.897877,41.080494,40.04296,41.307457,29.647694,29.740274,29.021965,33.85149,35.00572,1.9110551,1.9117589,7.081471,7.7666364,1382.02,178.56616,0.12011719,1.1458418,0.005615234,45,30,0.38496456,0.4435394,0.26911917,0.2539307,0.33269522,0.6817548,0.7865317,12.437906,15.2963085,12.498575,15.342794,16.703304,21.479477,18.363338,15.881239,15.680117,17.315615,15.274374,15.734451,17.148956,20.54016,17.669533,17.196722,11.704776,13.594961,12.82419,11.216901,16.016197,18.148151,16.211517,14.131809,12.862483,11.571582,12.267839,12.375815,13.735244,15.951779,15.7984085,13.361973,13.471364,13.280508,13.4988,13.98262,11.978539,14.388599,13.269293,13.446306,16.180038,16.223896,15.522585,14.514783,15.775769,15.028228,13.859215,15.418232,1.0857699,1.911407,7.4240537,0.45036224,34.69613,37.93603,29.693985,16.017385,17.051886,14.245241,13.509023,13.409961,15.300645,22.08
4446091.924,658209.7026,15.637086,0.94146657,1.250944,28.640993,40.773262,28.748215,23.906948,22.829771,41.48581,35.284767,41.34163,39.867237,40.48669,28.89021,30.613096,28.980886,33.88562,35.11896,1.855557,1.8888991,7.138013,7.786115,1382.01,176.07652,0,1.0476091,-0.001098633,45,30,0.38496456,0.4435394,0.26911917,0.2539307,0.33269522,0.6817548,0.7865317,13.441851,16.216911,10.718546,16.4671,16.035753,21.856203,18.568419,16.148355,15.119215,17.162714,14.907148,15.887518,17.825216,20.774496,16.40056,17.104813,11.940915,13.655058,13.29109,11.646881,16.600739,17.102148,16.102991,14.2230835,12.109673,12.424788,11.530979,12.583803,13.596638,16.032675,15.3243685,13.271127,14.077774,13.621153,12.924289,13.880292,12.039531,14.916854,14.952887,13.79239,15.034582,16.71498,15.641083,14.476313,15.097482,15.020444,14.790503,15.318991,1.0962052,1.872228,7.462064,0.45036224,34.707127,38.38529,29.751652,16.186398,16.868124,14.33426,13.371847,13.773254,15.253627,22.08
4446091.924,658214.7026,14.752179,0.93479896,1.0977052,27.904581,41.115223,29.131529,24.538975,23.073465,40.82229,36.356594,41.43081,38.820915,40.275658,30.675394,28.879606,29.372267,32.89928,34.782177,1.8310131,1.864213,6.885196,7.6845922,1382,173.84421,-0.080078125,0.93588036,-0.003295898,45,30,0.38496456,0.4435394,0.26911917,0.2539307,0.33269522,0.6817548,0.7865317,14.133105,17.836666,11.539554,16.755424,16.975397,22.087278,18.165834,16.979618,15.152262,16.257483,14.203964,15.354471,16.490868,21.012587,16.510061,16.7011,11.830394,12.986313,12.848958,11.587365,15.481918,18.531363,17.259518,14.331157,12.878195,12.877088,11.027273,12.520594,13.404225,17.50596,15.328613,13.677394,15.911799,14.710114,12.452005,14.5165,12.500992,14.534531,14.202731,14.225709,14.206598,17.135387,14.351675,14.6678295,14.954483,14.673455,15.055964,15.026309,1.016252,1.8476131,7.284894,0.45036224,34.509903,38.58944,29.7775,16.784752,16.425957,14.360833,13.6488495,14.118382,15.006484,22.08
4446086.924,658079.7026,25.523726,1.1139777,0.66282684,27.349272,32.79577,37.873703,29.623436,23.548935,35.21308,31.093893,32.214046,34.739952,47.460506,37.47832,36.631565,30.480383,35.565235,28.942278,2.2654834,1.9523444,6.161763,7.3341484,1382.18,117.64722,-0.0390625,0.6789919,-0.001098633,45,30,0.36391932,0.4409452,0.27499846,0.2597238,0.29936433,0.6627132,0.89005035,14.3832445,16.907572,12.19964,14.440226,15.943697,21.194613,18.999674,16.337484,15.451886,16.307587,15.558019,16.181892,16.189665,19.81151,16.936031,16.84135,12.373747,12.93302,9.919233,10.687314,14.856762,16.438025,15.619034,13.154741,13.181496,12.090564,10.36157,12.486047,15.021899,16.460667,15.773466,13.521839,13.5498295,14.845757,14.080401,14.276138,17.28806,18.299467,18.014803,15.65126,15.169919,16.952602,14.91379,16.073263,15.870083,15.20729,16.674755,15.748981,0.8884022,2.108914,6.747956,0.45595926,30.072521,33.15349,37.054943,16.295523,16.633799,13.261019,13.625101,15.764922,15.837387,22.08
4446086.924,658084.7026,21.12791,1.0978742,0.6422385,27.351812,32.860195,38.035774,29.734089,23.642529,35.89183,31.270565,33.02679,34.784477,50.213463,36.770863,36.628178,29.777882,35.331123,25.776537,2.2102897,1.9514118,6.1240225,7.2603607,1382.13,125.83056,-0.040039062,0.63619316,-0.003295898,45,30,0.36501673,0.44080725,0.28738776,0.25281942,0.32038537,0.6823147,0.8019765,16.353405,15.989786,12.475526,15.224913,16.629177,21.064102,16.988544,16.47222,14.976805,15.973401,15.382611,16.2435,16.889277,18.758293,16.751274,16.569054,11.740214,11.883838,10.313894,10.033655,14.518991,17.009695,14.79423,12.771319,13.3816395,12.199318,9.889386,13.274282,15.4307995,16.781576,15.527682,13.668879,13.636324,14.077021,12.832431,13.550079,16.909246,17.99307,18.461727,15.082664,15.536926,16.92593,15.307729,14.83842,15.869114,14.980033,14.657007,15.523828,0.87005633,2.0808508,6.6921916,0.4501011,30.106003,33.5812,36.69952,16.389349,16.425022,12.899217,13.783526,15.351415,15.445023,22.08
4446086.924,658089.7026,29.128222,1.0807898,0.6265998,27.45822,31.156128,38.29156,29.77365,23.912836,36.467777,32.45705,34.568714,34.70164,52.460697,36.122658,36.75988,28.265453,35.049824,22.917908,2.1602674,1.8783038,6.0870667,7.1861377,1382.09,136.97743,-0.041015625,0.5876176,-0.003417969,45,30,0.36501673,0.44080725,0.28738776,0.25281942,0.32038537,0.6823147,0.8019765,16.353405,15.989786,12.475526,15.224913,16.629177,21.064102,16.988544,16.47222,14.976805,15.973401,15.382611,16.2435,16.889277,18.758293,16.751274,16.569054,11.740214,11.883838,10.313894,10.033655,14.518991,17.009695,14.79423,12.771319,13.3816395,12.199318,9.889386,13.274282,15.4307995,16.781576,15.527682,13.668879,13.636324,14.077021,12.832431,13.550079,16.909246,17.99307,18.461727,15.082664,15.536926,16.92593,15.307729,14.83842,15.869114,14.980033,14.657007,15.523828,0.8536948,2.0192857,6.6366024,0.4501011,29.307175,34.462414,36.44127,16.389349,16.425022,12.899217,13.783526,15.351415,15.445023,22.08
4446086.924,658094.7026,27.101,1.06948,0.662022,27.505173,31.149918,37.077583,29.542568,23.669758,36.395287,32.96365,34.758507,36.073944,50.44615,35.74134,36.14498,28.954287,34.065327,25.382599,2.1732078,1.8788357,6.1434336,7.321181,1382.06,147.98676,-0.0390625,0.54026073,-0.003295898,45,30,0.36501673,0.44080725,0.28738776,0.25281942,0.32038537,0.6823147,0.8019765,14.713925,14.793881,11.784721,16.21894,18.465727,21.932198,18.26055,16.477177,15.428403,16.936659,15.430208,16.194456,18.275528,19.064026,16.850672,17.008247,13.200745,12.430826,10.657418,10.865046,15.423819,17.302328,15.379889,13.454767,13.17397,12.002184,11.07341,13.489186,16.447447,17.034517,16.46291,14.008443,13.264055,14.949964,13.429904,13.418715,16.963804,18.075716,18.505295,15.316612,15.589314,16.427578,16.182774,15.468305,16.401741,15.357728,15.711293,15.797415,0.86575097,2.0260217,6.7323074,0.4501011,29.327545,34.679466,35.94316,16.595707,16.88285,13.6085825,14.240518,15.51535,15.876962,22.08
4446086.924,658099.7026,27.834314,1.0582448,0.68748915,27.548962,31.145975,36.273502,29.343494,23.559793,36.43725,33.255592,35.039433,36.696125,49.103058,35.309,35.802513,29.234222,33.685097,26.833527,2.1764264,1.8790914,6.169216,7.398514,1382.04,153.42621,0.000488281,0.51240844,0,45,30,0.36501673,0.44080725,0.28738776,0.25281942,0.32038537,0.6823147,0.8019765,13.340775,14.400157,12.693027,17.09012,19.312817,22.316055,19.64413,16.864374,15.9353695,16.899109,16.170872,15.572787,18.01433,19.422792,17.114902,17.17609,14.25468,13.097476,12.014738,11.376757,16.001858,18.349966,16.935755,14.410153,13.16493,11.536676,11.07036,12.70487,14.7286415,17.35972,16.662937,13.68865,14.676733,13.728656,12.711806,13.48143,16.191833,17.415686,18.414625,15.009691,15.712511,16.35931,14.583064,14.426648,16.464933,15.25975,16.493784,15.505079,0.872867,2.0277588,6.783865,0.4501011,29.34747,34.84642,35.555756,16.971012,17.018595,14.575891,13.889733,15.231539,15.614286,22.08
4446086.924,658104.7026,30.331629,1.0471128,0.7085783,27.59264,31.142662,35.587383,29.131195,23.480513,36.50258,33.487137,35.35007,36.970062,47.9001,34.87128,35.53859,29.39986,33.58206,28.062012,2.1775613,1.87934,6.1839595,7.461028,1382.02,154.18845,0,0.49352902,-0.001098633,45,30,0.36501673,0.44080725,0.28738776,0.25281942,0.32038537,0.6823147,0.8019765,13.340775,14.400157,12.693027,17.09012,19.312817,22.316055,19.64413,16.864374,15.9353695,16.899109,16.170872,15.572787,18.01433,19.422792,17.114902,17.17609,14.25468,13.097476,12.014738,11.376757,16.001858,18.349966,16.935755,14.410153,13.16493,11.536676,11.07036,12.70487,14.7286415,17.35972,16.662937,13.68865,14.676733,13.728656,12.711806,13.48143,16.191833,17.415686,18.414625,15.009691,15.712511,16.35931,14.583064,14.426648,16.464933,15.25975,16.493784,15.505079,0.8778455,2.0284507,6.8224936,0.4501011,29.367651,34.994858,35.204933,16.971012,17.018595,14.575891,13.889733,15.231539,15.614286,22.08
4446086.924,658109.7026,32.850582,1.0361209,0.72627014,27.633856,31.139643,34.975132,28.898926,23.411707,36.59356,33.693165,35.68556,37.064034,46.800995,34.445568,35.306736,29.490736,33.63173,29.167107,2.1777174,1.8796282,6.1931996,7.5165677,1382,158.1986,-0.080078125,0.4632627,-0.004394531,45,30,0.36501673,0.44080725,0.28738776,0.25281942,0.32038537,0.6823147,0.8019765,13.569333,13.911631,12.267734,15.759418,17.63388,22.351873,18.792574,16.270311,15.445505,16.2659,16.162159,15.296164,17.066881,20.140505,16.783379,16.976725,11.845727,13.988393,13.135305,11.81959,15.759859,17.270939,16.195488,14.15802,12.17103,11.401996,12.202692,11.856801,13.698168,16.891684,15.825417,13.318911,13.872136,14.4147415,12.865367,13.724338,14.948184,18.19417,18.230785,14.984412,15.238487,15.373799,14.637134,15.552915,15.831802,16.187374,15.17348,15.519181,0.88119555,2.0286727,6.8548837,0.4501011,29.38675,35.143364,34.876152,16.326635,16.737213,14.2879,13.435399,15.178533,15.427856,22.08
4446086.924,658114.7026,31.308126,1.0346086,0.7357773,28.158178,39.100174,34.46416,28.598574,23.127703,36.80071,33.34578,35.85841,37.5803,45.955906,33.969593,33.92834,29.65217,33.239925,30.207426,2.1731346,1.9268957,6.1975646,7.566565,1381.99,162.65965,0,0.48046482,0,45,30,0.3687884,0.4384822,0.28973123,0.25026137,0.32254174,0.70485044,0.8054789,11.895191,14.513388,12.671384,15.971701,17.39987,22.139399,19.543268,16.154177,15.679991,17.018108,15.896891,14.628299,17.35417,19.715996,16.767708,16.916262,12.326998,12.481795,11.429182,11.777187,16.300175,17.806013,16.334953,13.894926,11.878424,10.918486,11.711005,12.337065,14.179972,17.607061,16.238503,13.3844,14.736504,13.268962,12.620161,14.178087,15.500065,18.38028,18.519428,15.1392765,15.024864,15.746008,15.102773,15.31768,15.651577,15.84817,15.263651,15.461639,0.885193,2.0500152,6.882065,0.45430487,33.629177,35.073242,33.948967,16.304886,16.723022,14.0651865,13.552931,15.314782,15.422103,22.08
4446086.924,658119.7026,33.6294,1.0341141,0.74170625,28.136892,38.580826,33.939453,28.316124,23.24528,37.155533,33.484226,36.438923,37.99974,45.501118,33.538868,33.890217,29.576506,32.90936,30.687864,2.1785567,1.9024912,6.204957,7.6114426,1381.98,161.56505,0.079589844,0.54351705,0.004394531,45,30,0.3687884,0.4384822,0.28973123,0.25026137,0.32254174,0.70485044,0.8054789,10.823576,13.780833,11.722869,15.444084,16.739433,21.61689,19.013828,15.447803,15.660153,17.789852,15.896891,14.7022915,17.937805,19.965332,16.836273,17.175724,12.318552,12.471334,11.421158,11.77817,16.305458,17.801617,16.324087,13.890248,10.801104,9.842822,10.6353655,11.125189,13.089054,16.42808,15.094264,12.259608,14.51156,13.068176,12.3643465,13.950972,15.283966,18.181362,18.2812,14.920738,14.34579,15.136177,14.440527,14.898781,15.084725,15.628605,14.664495,14.955942,0.8879102,2.040524,6.9082,0.45430487,33.35886,35.319878,33.714542,15.591644,16.969799,14.060053,12.43084,15.091655,14.885587,22.08
4446086.924,658124.7026,28.992676,1.0260177,0.74081194,28.29426,38.136295,33.431587,27.905918,23.320898,37.50496,33.978634,37.303936,38.64648,45.44657,33.19875,33.410805,29.401924,32.52599,30.450123,2.1774547,1.9102154,6.222306,7.6481204,1381.96,164.23009,-0.040527344,0.580303,-0.002319336,45,30,0.3687884,0.4384822,0.28973123,0.25026137,0.32254174,0.70485044,0.8054789,11.504511,13.01642,11.424466,15.83273,15.044717,21.749924,17.12231,15.218931,15.221303,18.287716,15.948682,13.979208,18.05387,20.8227,16.887547,17.235806,12.223535,12.934401,11.520918,11.119458,16.083488,18.575846,15.432634,13.960188,12.124098,11.032938,10.938733,12.459146,13.486044,17.1632,14.8807955,13.123442,14.031708,13.799864,12.46616,13.791336,13.709026,17.78861,15.639188,14.331799,14.154137,15.277486,14.451482,14.194186,14.948151,15.811507,14.998288,14.775901,0.8834148,2.0438352,6.935213,0.45430487,33.21528,35.7418,33.30478,15.099298,17.028717,13.984326,13.154993,14.460843,14.833605,22.08
4446086.924,658129.7026,24.19701,1.009922,0.7380785,28.751657,38.67177,33.194355,27.403898,23.199974,37.76032,33.653214,37.25461,39.223988,45.531067,32.99518,33.05363,29.539022,32.47901,30.626785,2.1855338,1.93125,6.2334614,7.659181,1381.95,167.60495,-0.000488281,0.6011465,0.001098633,45,30,0.3687884,0.4384822,0.28973123,0.25026137,0.32254174,0.70485044,0.8054789,13.153585,13.846295,12.66884,14.942838,16.967646,21.273207,17.086348,15.797894,15.032776,17.845089,15.70914,14.341008,17.967255,20.101997,16.822943,17.012493,11.781717,13.825415,12.098326,11.45007,15.753218,18.363035,15.471866,14.074732,12.126112,10.600729,11.091097,13.113301,14.567441,17.210678,15.025136,13.31914,14.234065,13.53728,12.994725,13.835724,13.3201885,16.847567,16.549908,14.248834,14.509799,16.843435,13.999922,14.195569,13.717493,15.226529,14.635872,14.7739105,0.87400025,2.0583918,6.9463215,0.45430487,33.71171,35.706764,33.024406,15.705538,16.831457,14.106235,13.390642,14.474208,14.73266,22.08
4446086.924,658134.7026,26.609453,1.0094273,0.73256177,28.73622,38.707966,32.981213,26.834522,22.996181,38.26726,33.81166,37.547997,39.799084,45.524292,32.6762,32.376682,29.438974,32.41581,30.918283,2.1876774,1.939502,6.24659,7.6750975,1381.94,169.71474,0.0390625,0.64043456,0.001098633,45,30,0.3687884,0.4384822,0.28973123,0.25026137,0.32254174,0.70485044,0.8054789,13.153585,13.846295,12.66884,14.942838,16.967646,21.273207,17.086348,15.797894,15.032776,17.845089,15.70914,14.341008,17.967255,20.101997,16.822943,17.012493,11.781717,13.825415,12.098326,11.45007,15.753218,18.363035,15.471866,14.074732,12.126112,10.600729,11.091097,13.113301,14.567441,17.210678,15.025136,13.31914,14.234065,13.53728,12.994725,13.835724,13.3201885,16.847567,16.549908,14.248834,14.509799,16.843435,13.999922,14.195569,13.717493,15.226529,14.635872,14.7739105,0.87099457,2.0635896,6.960844,0.45430487,33.72209,36.03946,32.526443,15.705538,16.831457,14.106235,13.390642,14.474208,14.73266,22.08
4446086.924,658139.7026,35.184013,1.0474595,0.7310845,28.48243,38.869637,32.852333,26.168186,22.494682,38.819763,33.625603,37.54802,40.393158,45.394196,32.442543,31.888716,29.596972,32.364697,31.50338,2.182255,1.9292874,6.2532573,7.685094,1381.93,172.8965,0.000976563,0.6928056,0,45,30,0.3687884,0.4384822,0.28973123,0.25026137,0.32254174,0.70485044,0.8054789,12.670263,13.579535,12.6861725,15.82446,18.361511,20.768366,17.368088,15.797775,15.007637,17.743017,14.652926,15.639315,17.618914,20.318974,16.647821,17.002413,12.337679,13.044429,11.617451,11.739586,15.300973,17.934557,16.212622,13.862763,11.6648855,10.027609,11.406177,13.172552,14.83215,16.69543,15.458323,13.201604,14.083545,13.290174,12.842079,13.865766,13.988014,16.815184,16.485174,14.24617,15.549373,17.019512,15.787569,14.629953,13.382161,15.656967,14.387222,15.275838,0.889272,2.0557714,6.9691753,0.45430487,33.676033,36.222683,32.16563,15.894056,16.804087,14.026756,13.322447,14.4814205,15.201822,22.08
4446086.924,658144.7026,31.761892,1.0454478,0.73521733,28.507048,38.442802,32.685375,25.442026,22.477686,39.610477,33.90823,37.85447,40.79807,45.12759,31.8819,31.18917,29.797102,32.57975,31.494652,2.1872067,1.9493725,6.2564197,7.698673,1381.92,177.79533,-0.119628906,0.74538285,-0.005493164,45,30,0.36405203,0.4406485,0.28204948,0.2652911,0.33180055,0.7103706,0.7955821,13.008253,14.068776,12.118425,14.975454,19.132423,19.98422,17.553493,15.648236,15.789241,17.308573,15.308818,15.817678,17.752853,19.293108,16.324116,17.01756,12.380561,13.480975,11.736218,11.169019,15.310734,17.924566,16.171259,13.886263,12.142111,11.291102,11.377815,12.601222,15.164258,15.75932,14.978983,13.181373,13.657133,14.008886,12.963638,13.8262205,14.253081,16.687044,16.044909,14.303238,14.848486,15.732892,14.20181,14.700905,14.267251,14.845177,13.622259,14.662559,0.8903326,2.0682898,6.977546,0.4556849,33.474926,36.759354,31.535536,15.834435,16.799198,14.024762,13.3306875,14.491559,14.602683,22.08
4446086.924,658149.7026,28.593204,1.0238734,0.76006746,28.933638,38.19668,32.67356,24.909412,22.183664,40.169178,33.9129,38.04327,41.008503,44.95705,31.344744,30.736538,29.700787,33.082954,32.009766,2.1792905,1.95692,6.26358,7.7051945,1381.93,184.06432,0.08105469,0.8041946,0.004516602,45,30,0.36405203,0.4406485,0.28204948,0.2652911,0.33180055,0.7103706,0.7955821,13.008253,14.068776,12.118425,14.975454,19.132423,19.98422,17.553493,15.648236,15.789241,17.308573,15.308818,15.817678,17.752853,19.293108,16.324116,17.01756,12.380561,13.480975,11.736218,11.169019,15.310734,17.924566,16.171259,13.886263,12.142111,11.291102,11.377815,12.601222,15.164258,15.75932,14.978983,13.181373,13.657133,14.008886,12.963638,13.8262205,14.253081,16.687044,16.044909,14.303238,14.848486,15.732892,14.20181,14.700905,14.267251,14.845177,13.622259,14.662559,0.89197046,2.0681052,6.9843874,0.4556849,33.56516,37.04104,31.040642,15.834435,16.799198,14.024762,13.3306875,14.491559,14.602683,22.08
4446086.924,658154.7026,24.754957,1.0186977,0.80852705,28.834637,38.882805,32.49981,25.096725,22.028019,39.741455,34.038345,38.166718,41.79105,45.98332,31.713112,29.822962,29.80614,32.20281,31.484035,2.1737378,1.9858372,6.3059983,7.7322326,1381.94,183.79396,0.15917969,0.86139965,0.011108398,45,30,0.36405203,0.4406485,0.28204948,0.2652911,0.33180055,0.7103706,0.7955821,11.736987,13.698256,12.013204,14.439532,18.590221,20.331083,17.560734,15.347841,15.556308,16.57069,15.408714,15.46586,17.921335,19.449976,17.386047,16.898657,12.378485,15.175592,12.15694,11.662453,15.269833,17.787008,17.253061,14.317215,12.090784,11.166565,11.15901,11.922275,14.999549,15.241295,15.2981415,12.854351,13.08316,14.418956,12.819626,13.858957,14.449401,16.392778,15.454172,14.1653805,15.105986,15.850347,15.117946,15.21726,13.572807,15.168666,15.558075,15.103775,0.91361237,2.0797875,7.0191154,0.4556849,33.85872,36.8899,30.768036,15.48143,16.822704,14.5261965,13.125375,14.353865,15.084441,22.08
4446086.924,658159.7026,22.13417,1.0475886,0.8519741,28.785353,39.189793,32.295055,25.32293,21.655888,39.385086,34.178276,39.046318,41.856724,46.372078,32.0029,28.868565,29.2879,32.205032,32.346786,2.1671197,1.9623481,6.3454213,7.743505,1381.94,179.1121,0.119140625,0.9026241,0.008789063,45,30,0.36405203,0.4406485,0.28204948,0.2652911,0.33180055,0.7103706,0.7955821,12.673465,14.075914,11.881594,14.984027,17.418156,19.110468,18.088764,15.235611,15.367548,17.060482,14.189885,15.339838,17.79847,19.663649,16.665674,16.759933,14.509128,17.414722,11.456911,11.695249,15.857916,17.699387,16.485804,14.921334,12.437584,11.982485,11.0227,12.752444,14.140343,15.433421,14.741661,13.0746765,13.998621,13.605029,13.737074,14.848918,14.631441,14.980743,13.907164,14.238074,15.164099,16.296244,14.389516,16.005283,14.411884,14.233452,15.458923,15.12196,0.94978136,2.064734,7.044463,0.4556849,33.98757,36.78168,30.435732,15.46177,16.58365,15.017015,13.215805,14.244142,15.137057,22.08
4446086.924,658164.7026,25.135996,1.0549453,0.91051495,29.070875,39.248257,32.26534,25.524412,21.71656,39.123188,33.758865,39.33147,42.18621,47.255436,32.091846,28.280163,29.153477,32.18916,30.913933,2.166595,1.984021,6.3810644,7.758738,1381.93,178.17348,-0.0390625,0.8886327,-0.001098633,45,30,0.36405203,0.4406485,0.28204948,0.2652911,0.33180055,0.7103706,0.7955821,12.673465,14.075914,11.881594,14.984027,17.418156,19.110468,18.088764,15.235611,15.367548,17.060482,14.189885,15.339838,17.79847,19.663649,16.665674,16.759933,14.509128,17.414722,11.456911,11.695249,15.857916,17.699387,16.485804,14.921334,12.437584,11.982485,11.0227,12.752444,14.140343,15.433421,14.741661,13.0746765,13.998621,13.605029,13.737074,14.848918,14.631441,14.980743,13.907164,14.238074,15.164099,16.296244,14.389516,16.005283,14.411884,14.233452,15.458923,15.12196,0.98273015,2.0753078,7.0699015,0.4556849,34.159565,36.441025,30.186005,15.46177,16.58365,15.017015,13.215805,14.244142,15.137057,22.08
4446086.924,658169.7026,15.560495,1.0569342,0.94122523,28.766241,39.888905,32.40661,25.726603,21.37629,39.166943,33.789375,39.008823,41.929535,47.135773,32.072098,27.048952,29.27055,32.44159,32.029,2.1517942,1.9822882,6.4122953,7.7420826,1381.93,177.08676,0.040527344,0.84627086,0.002319336,45,30,0.36405203,0.4406485,0.28204948,0.2652911,0.33180055,0.7103706,0.7955821,12.57971,15.214487,12.019119,14.61333,17.245028,19.648237,18.64814,15.499878,15.46702,16.877579,14.309341,15.809769,18.42095,20.039864,16.52018,16.97165,14.150965,16.21275,12.948919,11.914797,16.538164,18.008947,16.280685,15.027819,12.309473,11.837923,11.720829,11.964617,13.482401,16.846207,14.786693,13.206265,15.196054,12.820145,13.763483,14.281733,14.5314245,15.074506,13.990329,14.212643,14.2581005,16.175825,14.566319,15.324321,14.437389,14.722637,14.825458,14.88586,0.9990797,2.0670412,7.077189,0.4556849,34.32757,36.478157,29.560524,15.7097225,16.777815,15.150747,13.278305,14.236811,14.901435,22.08
4446086.924,658174.7026,18.363134,1.0487859,0.9735999,28.490992,40.13316,32.510582,25.88996,21.293379,39.258972,33.622578,38.65248,41.652855,46.91173,32.064934,26.17739,29.643257,33.27142,32.627422,2.1353686,1.9951347,6.449751,7.729464,1381.92,175.31036,-0.03955078,0.8767816,-0.004394531,45,30,0.37189975,0.43814278,0.26587376,0.27357188,0.35478896,0.7018601,0.7909774,12.893316,14.619885,11.560667,14.738785,17.722393,20.025349,17.657938,15.498385,15.244055,16.441986,14.499034,15.610263,17.842228,20.6699,16.721342,16.961647,14.461035,15.851339,12.563,11.735125,16.341616,18.647528,16.603876,15.115575,12.063312,11.439894,11.200251,12.716856,15.049863,16.071783,15.523539,13.282283,14.790149,13.594873,13.823654,13.903101,14.717879,14.721154,13.678148,14.124623,14.796826,15.859522,14.46022,15.359251,14.023751,14.296414,13.66112,14.752337,1.0111929,2.0652516,7.0896072,0.45673063,34.312077,36.440773,29.121162,15.602618,16.718401,15.17193,13.437927,14.175566,14.636729,22.08
4446086.924,658179.7026,29.509253,1.0550566,1.0027232,28.147375,39.88152,32.565987,25.954367,21.358675,39.42045,33.764347,38.484913,41.288094,46.565895,32.015556,25.829262,29.52403,33.312435,32.632507,2.1157014,1.9935979,6.4970202,7.724405,1381.91,175.729,-0.119628906,0.9625248,-0.008911133,45,30,0.37189975,0.43814278,0.26587376,0.27357188,0.35478896,0.7018601,0.7909774,12.840635,14.635141,11.579785,14.729268,17.7401,20.057869,17.552685,15.494068,15.693344,17.268831,14.948326,16.427704,18.481043,21.139425,17.12099,17.56451,14.366377,15.750839,12.46589,11.54566,15.968861,18.517372,16.456652,14.96744,12.014936,11.403064,11.146265,12.668024,14.901942,15.916551,15.331726,13.195562,14.618396,13.478185,13.823654,13.947237,14.787313,14.813732,13.717235,14.109917,16.042902,17.555195,16.264605,17.063902,15.547851,16.08793,15.021747,16.38601,1.0288899,2.0546496,7.1107125,0.45673063,34.014446,36.5924,28.92241,15.590783,17.297094,15.010236,13.340358,14.169394,16.226305,22.08
4446086.924,658184.7026,29.024727,1.0389518,1.0214003,28.22042,40.05721,32.145596,25.8007,21.420052,39.8162,34.402885,39.484432,41.051083,45.831833,31.528763,25.616804,28.93951,33.367233,33.05346,2.0841622,1.9761748,6.5639844,7.7276936,1381.9,180,-0.2397461,1.0315204,-0.017700195,45,30,0.37189975,0.43814278,0.26587376,0.27357188,0.35478896,0.7018601,0.7909774,12.624515,15.418333,10.778646,14.79804,17.452967,19.712572,18.24095,15.407208,15.636999,18.392138,15.149832,15.721049,18.376335,20.842623,17.470552,17.55379,12.450023,17.063347,11.515327,11.255037,16.409483,17.924295,16.052483,14.556938,11.93828,12.521441,10.739588,12.148815,14.004937,15.315442,14.846784,12.925705,14.994827,14.729939,13.156456,13.40053,14.812683,15.158401,14.136131,14.28485,16.340158,18.054512,16.291618,16.223495,16.139982,15.239693,15.372792,16.221956,1.030176,2.0301685,7.1458387,0.45673063,34.138817,37.109543,28.572784,15.575147,17.369932,14.667143,13.073613,14.341281,16.237465,22.08
4446086.924,658189.7026,24.837688,1.0089552,1.0487518,28.216408,39.951027,31.80974,25.550467,21.652029,40.005817,34.888042,39.345974,40.920914,45.06298,31.305792,26.138512,28.973286,33.6471,33.162163,2.0438793,1.9699028,6.648252,7.7037973,1381.91,185.481,-0.15966797,1.0506562,-0.010009766,45,30,0.37189975,0.43814278,0.26587376,0.27357188,0.35478896,0.7018601,0.7909774,12.624515,15.418333,10.778646,14.79804,17.452967,19.712572,18.24095,15.407208,15.636999,18.392138,15.149832,15.721049,18.376335,20.842623,17.470552,17.55379,12.450023,17.063347,11.515327,11.255037,16.409483,17.924295,16.052483,14.556938,11.93828,12.521441,10.739588,12.148815,14.004937,15.315442,14.846784,12.925705,14.994827,14.729939,13.156456,13.40053,14.812683,15.158401,14.136131,14.28485,16.340158,18.054512,16.291618,16.223495,16.139982,15.239693,15.372792,16.221956,1.0288535,2.006891,7.1760244,0.45673063,34.083717,37.44693,28.722153,15.575147,17.369932,14.667143,13.073613,14.341281,16.237465,22.08
4446086.924,658194.7026,28.824545,0.9920109,1.0769941,28.22092,39.893326,31.326624,25.27736,21.902111,40.35059,35.0927,39.663105,40.758728,44.13822,30.904787,27.054222,28.932066,33.78276,33.451393,2.001357,1.9486837,6.731665,7.7082705,1381.93,181.63773,0.16064453,1.0032632,0.006713867,45,30,0.37189975,0.43814278,0.26587376,0.27357188,0.35478896,0.7018601,0.7909774,12.077905,15.060657,12.167822,14.91485,15.909175,19.952776,17.651955,15.219133,15.255468,17.174137,14.418622,15.4963455,17.308336,20.011183,17.226158,16.820116,11.885677,14.230558,12.267822,11.461354,15.132105,17.368788,15.8381195,13.897255,11.249043,10.940031,11.657586,11.685102,13.720275,15.536587,14.890215,12.656268,13.607239,14.03616,14.557442,13.313524,14.110432,14.735827,13.348681,13.9972725,14.066302,15.346059,16.374784,14.21445,13.327257,14.535464,13.0921955,14.567034,1.0345025,1.9750204,7.219968,0.45673063,34.05712,37.721645,28.979504,15.390733,16.698606,14.026346,12.811262,13.958472,14.4223585,22.08
4446086.924,658199.7026,14.919579,0.9741319,1.1081538,28.23096,39.837875,30.879776,25.013292,22.155558,40.76912,35.320618,39.9362,40.575325,43.21857,30.412779,27.936852,28.908846,33.928516,33.734665,1.9550073,1.9277802,6.8107233,7.7139874,1381.92,176.72723,-0.03955078,1.0044914,-0.003295898,45,30,0.37189975,0.43814278,0.26587376,0.27357188,0.35478896,0.7018601,0.7909774,11.533753,14.733319,11.548689,14.712578,16.13079,20.833029,17.74742,15.174232,15.097349,17.640736,15.02078,15.345843,17.423893,20.699299,17.582767,17.138075,11.79217,13.556929,12.774316,11.220971,16.027771,18.168247,16.204355,14.138051,12.552496,11.461519,12.060244,11.763476,13.539606,15.402829,15.113378,13.00378,13.44091,13.297081,13.458438,14.041468,12.061939,14.65589,13.264597,13.509528,15.4247875,15.621809,14.7714,14.005587,15.268742,14.792339,13.424505,14.881992,1.0411428,1.9413937,7.2623553,0.45673063,34.034416,38.04487,29.174816,15.319941,16.97295,14.249251,13.12765,13.460046,14.758454,22.08
4446086.924,658204.7026,21.298016,0.9582118,1.1247334,28.138393,40.38508,30.43753,24.794601,22.596441,41.088097,35.765,40.051,39.85084,41.8899,30.098152,28.282038,29.189068,33.560097,34.582024,1.9043776,1.9090637,6.874434,7.7161794,1381.91,178.45082,-0.19970703,1.0605742,-0.010009766,45,30,0.38888285,0.44118172,0.2688054,0.2608006,0.33315003,0.683441,0.7931804,11.549989,14.724478,11.464488,14.754349,16.117939,20.862331,17.715187,15.164586,15.689575,18.56209,15.755936,16.211708,18.129158,21.482428,17.982414,17.897373,11.614844,13.466919,12.730243,10.977913,15.85751,18.091818,16.07913,14.005493,12.499756,11.420751,12.011847,11.719012,13.390164,15.2476,14.925937,12.917132,13.277464,13.20516,13.446831,14.036418,12.027101,14.717023,13.24101,13.469776,17.022167,17.303026,16.421194,15.725751,17.076433,16.527933,14.90782,16.571526,1.0414727,1.9067206,7.2953067,0.45277742,34.261734,38.426548,29.190094,15.31268,17.687616,14.116912,13.030723,13.421573,16.426332,22.08
4446086.924,658209.7026,15.484211,0.9319936,1.1029541,28.139753,41.28176,30.199493,24.80431,22.988714,41.247482,35.653896,40.463737,39.077187,40.848488,30.05172,28.5393,29.040735,33.51824,35.00592,1.8564028,1.9016889,6.8652244,7.685929,1381.92,181.54918,0.040527344,1.0605742,0.001098633,45,30,0.38888285,0.44118172,0.2688054,0.2608006,0.33315003,0.683441,0.7931804,12.560713,15.318318,9.832235,15.716074,15.479364,21.273474,18.07685,15.409123,14.532414,17.670433,14.640139,15.578418,17.863659,20.733953,16.21535,17.0166,12.038002,13.6293125,13.235286,11.64549,16.622374,17.110182,16.11082,14.230174,11.750612,12.286776,11.332575,11.966857,13.288744,15.429929,14.718695,12.878126,14.066325,13.688997,12.898786,13.958325,12.251563,15.178811,14.988859,13.893346,14.353159,16.115438,14.883245,14.062775,14.590456,14.862515,14.355049,14.823208,1.0174739,1.8790458,7.2755766,0.45277742,34.71076,38.45069,29.29551,15.465289,16.747766,14.341638,12.967742,13.861666,14.746092,22.08
4446086.924,658214.7026,12.722849,0.9257133,1.042084,27.79509,41.141624,30.090528,25.121265,23.172272,41.000618,36.36361,40.80612,38.717083,40.56033,30.842524,28.034662,29.350428,32.89795,34.757946,1.8215165,1.8783883,6.734677,7.650037,1381.93,179.1691,0.2006836,0.9886238,0.013427734,45,30,0.38888285,0.44118172,0.2688054,0.2608006,0.33315003,0.683441,0.7931804,13.073346,17.076609,10.512892,16.035244,16.149931,21.565264,17.444025,16.190235,15.132425,16.805428,14.133997,15.408895,17.038784,21.46334,16.559057,16.944906,11.935816,12.976239,12.8036175,11.5686655,15.482109,18.622068,17.239126,14.351107,12.536082,12.644995,10.804919,12.145652,13.188471,17.162415,15.099306,13.388012,15.684395,14.4895525,12.222517,14.269786,12.304714,14.364334,13.980356,14.015939,13.7183485,16.541592,13.59581,14.255035,14.449268,14.514169,14.529322,14.5621195,0.98389864,1.8499525,7.192357,0.45277742,34.468357,38.682114,29.438593,15.979615,16.648848,14.375379,13.3688345,13.902236,14.514792,22.08
4446081.924,658079.7026,25.843628,1.108303,0.68333423,27.332613,32.800983,37.57318,29.779215,23.52098,35.16668,31.175684,32.055702,35.24355,47.668037,37.662956,36.37177,30.82349,35.081318,28.788599,2.2650692,1.9572235,6.2171392,7.3703713,1382.15,114.09081,-0.079589844,0.7371801,-0.005493164,45,30,0.36391932,0.4409452,0.27499846,0.2597238,0.29936433,0.6627132,0.89005035,14.3832445,16.907572,12.19964,14.440226,15.943697,21.194613,18.999674,16.337484,15.451886,16.307587,15.558019,16.181892,16.189665,19.81151,16.936031,16.84135,12.373747,12.93302,9.919233,10.687314,14.856762,16.438025,15.619034,13.154741,13.181496,12.090564,10.36157,12.486047,15.021899,16.460667,15.773466,13.521839,13.5498295,14.845757,14.080401,14.276138,17.28806,18.299467,18.014803,15.65126,15.169919,16.952602,14.91379,16.073263,15.870083,15.20729,16.674755,15.748981,0.8958186,2.1111465,6.7937555,0.45595926,30.0668,33.17118,37.017365,16.295523,16.633799,13.261019,13.625101,15.764922,15.837387,22.08
4446081.924,658084.7026,24.543747,1.0926142,0.67260355,27.336185,32.86464,37.518322,29.968025,23.566708,35.785923,31.441761,32.779137,35.57268,49.852444,36.988895,36.256397,30.352934,34.57997,26.28756,2.218525,1.9566483,6.1973343,7.328974,1382.1,123.01096,0.0390625,0.6832681,-0.001098633,45,30,0.36501673,0.44080725,0.28738776,0.25281942,0.32038537,0.6823147,0.8019765,16.353405,15.989786,12.475526,15.224913,16.629177,21.064102,16.988544,16.47222,14.976805,15.973401,15.382611,16.2435,16.889277,18.758293,16.751274,16.569054,11.740214,11.883838,10.313894,10.033655,14.518991,17.009695,14.79423,12.771319,13.3816395,12.199318,9.889386,13.274282,15.4307995,16.781576,15.527682,13.668879,13.636324,14.077021,12.832431,13.550079,16.909246,17.99307,18.461727,15.082664,15.536926,16.92593,15.307729,14.83842,15.869114,14.980033,14.657007,15.523828,0.8826089,2.0875866,6.763154,0.4501011,30.100412,33.613842,36.622646,16.389349,16.425022,12.899217,13.783526,15.351415,15.445023,22.08
4446081.924,658089.7026,25.406076,1.0779711,0.67134804,27.175632,32.27291,37.416687,30.064999,23.780779,36.17774,32.298576,33.30468,35.948975,50.973324,36.467464,35.98407,29.895248,34.022533,24.885904,2.1848881,1.9520174,6.18312,7.3151097,1382.05,133.02257,-0.119140625,0.5876176,-0.00769043,45,30,0.36501673,0.44080725,0.28738776,0.25281942,0.32038537,0.6823147,0.8019765,15.9867735,15.667784,12.191893,14.911418,16.426178,20.78877,16.662622,16.171053,15.305727,16.461681,15.877469,16.560795,17.341837,18.955069,17.09658,16.934572,12.299919,12.453765,10.849377,10.306041,14.865813,17.496107,15.2137785,13.236878,13.39768,12.215739,9.892146,13.291143,15.507123,16.857782,15.615234,13.703254,13.643784,14.09344,12.848211,13.547991,16.904802,17.985178,18.484842,15.088367,15.558729,16.936832,15.307729,14.83842,15.869114,14.980033,14.657007,15.528938,0.87465954,2.0684528,6.749115,0.4501011,29.724272,34.23816,36.22577,16.090778,16.79988,13.354972,13.825264,15.35832,15.449694,22.08
4446081.924,658094.7026,32.020607,1.0534362,0.6899939,27.732018,32.201492,36.7245,30.026125,23.596365,36.308,32.492607,34.22138,36.592403,50.40584,35.971943,35.83639,29.773335,33.378937,25.427135,2.1757863,1.9555609,6.203131,7.3775625,1382.02,144.46704,-0.080078125,0.49310216,-0.006713867,45,30,0.36501673,0.44080725,0.28738776,0.25281942,0.32038537,0.6823147,0.8019765,14.713925,14.882736,11.784721,16.307796,18.465727,22.08029,18.349405,16.546595,15.428403,17.356592,15.430208,16.194456,18.4505,19.180674,16.850672,17.117605,13.951349,13.431631,11.908425,11.86585,16.674826,18.344835,16.630896,14.510304,13.17397,12.002184,11.07341,13.489186,16.447447,17.034517,16.46291,14.008443,13.264055,14.949964,13.429904,13.418715,16.963804,18.075716,18.505295,15.316612,15.589314,16.427578,16.182774,15.468305,16.401741,15.357728,15.711293,15.797415,0.87171507,2.0656736,6.790347,0.4501011,29.966755,34.400303,35.904167,16.654943,16.9845,14.6868305,14.240518,15.51535,15.876962,22.08
4446081.924,658099.7026,29.026201,1.0532671,0.7140418,27.512352,31.143486,36.1581,29.941479,23.591093,36.512356,33.46884,34.822403,37.019485,49.29714,35.50216,35.580585,29.509958,32.972473,26.524601,2.173438,1.8794781,6.2214646,7.440044,1382,150.25511,-0.040039062,0.46237442,-0.003295898,45,30,0.36501673,0.44080725,0.28738776,0.25281942,0.32038537,0.6823147,0.8019765,13.382686,14.409093,12.772113,17.09012,19.312817,22.335367,19.661,16.88871,15.721471,16.455711,15.807348,15.214328,17.80379,18.945372,16.675446,16.831553,14.258514,13.099279,12.01889,11.393248,16.013897,18.364214,16.940975,14.418801,13.093249,11.466392,11.003172,12.373388,14.52961,17.157598,16.633272,13.528941,14.903445,14.021688,12.909422,13.899374,16.560623,17.79671,18.71296,15.321711,15.715245,16.35931,14.583064,14.426648,16.464933,15.25975,16.493784,15.5055065,0.8836545,2.026458,6.8307543,0.4501011,29.327919,34.9906,35.541374,16.994741,16.660496,14.584146,13.750955,15.54346,15.614676,22.08
4446081.924,658104.7026,34.00276,1.0420945,0.73671347,27.55283,31.139156,35.623478,29.857563,23.530392,36.60705,33.701828,35.085278,37.08532,48.037216,35.07194,35.365707,29.626226,32.92549,27.756374,2.1726344,1.8796122,6.2266183,7.501748,1381.98,153.44493,-0.080078125,0.44860455,-0.004516602,45,30,0.36501673,0.44080725,0.28738776,0.25281942,0.32038537,0.6823147,0.8019765,12.408151,13.82133,11.750383,16.59496,18.559952,21.577682,18.851414,16.130402,15.7016325,17.115559,15.807348,15.288321,18.21637,19.385729,16.744009,17.087969,14.2531185,13.088817,12.011843,11.395844,16.024027,18.356972,16.929533,14.415078,11.944521,10.462008,9.999749,11.091095,13.352945,16.038797,15.560415,12.404688,14.671718,13.867215,12.6719265,13.672259,16.338617,17.597792,18.464256,15.111469,15.130121,15.752119,13.828005,14.102748,16.017761,15.040185,15.896959,15.0302,0.88940394,2.0261233,6.8641834,0.4501011,29.345993,35.15444,35.218826,16.22341,16.894138,14.580022,12.635648,15.326256,15.109698,22.08
4446081.924,658109.7026,33.663033,1.0253668,0.75773007,27.684366,31.40144,35.16412,29.753464,23.567965,36.788437,33.457508,35.354248,37.09339,46.73586,34.58281,35.425472,29.680609,32.95863,29.141598,2.1707766,1.8750563,6.2223287,7.5613046,1381.97,155.84753,0.079589844,0.45510688,0.003295898,45,30,0.36501673,0.44080725,0.28738776,0.25281942,0.32038537,0.6823147,0.8019765,12.443844,13.274355,11.542821,15.163214,16.771402,21.83344,17.932522,15.54547,15.425667,17.037643,16.162159,15.370157,17.650517,20.38984,16.851942,17.236189,11.833865,13.977928,13.129873,11.820571,15.769989,17.266542,16.183971,14.153823,11.091886,10.32899,11.12789,10.715344,12.607254,15.71038,14.682139,12.204661,13.63608,14.260267,12.627869,13.497223,14.732084,17.995253,18.003027,14.774234,14.559105,14.768057,13.974886,15.132564,15.380963,15.967811,14.665377,15.02771,0.8915484,2.0229163,6.8918166,0.4501011,29.542904,35.12297,35.004143,15.565942,16.98399,14.283249,12.323411,14.964544,14.921251,22.08
4446081.924,658114.7026,31.773386,1.0545771,0.7720219,27.713137,38.71164,34.75131,29.69128,23.35834,36.989582,33.457256,35.42992,37.010365,45.63117,34.202015,34.127033,29.866913,33.0769,30.229578,2.173957,1.8948264,6.2185903,7.6168323,1381.95,156.37521,-0.000976563,0.5000088,0,45,30,0.3687884,0.4384822,0.28973123,0.25026137,0.32254174,0.70485044,0.8054789,10.791049,13.729441,11.657812,15.444084,16.710564,21.61689,18.990732,15.420915,15.627231,17.737103,15.824175,14.7022915,17.904753,19.965332,16.816706,17.146843,12.439225,12.43821,11.3908205,11.761334,16.295311,17.889803,16.317692,13.911659,11.641675,10.62892,11.411601,11.901406,13.875147,17.218264,15.870481,13.052665,14.50426,13.060877,12.35522,13.941846,15.27484,18.172235,18.27207,14.91218,14.346454,15.138168,14.441852,14.898781,15.146361,15.690242,14.73846,14.979676,0.9132995,2.0343919,6.9177113,0.45430487,33.212387,35.22342,34.164524,15.562938,16.939655,14.0760565,13.22107,15.083049,14.9143305,22.08
4446081.924,658119.7026,34.876926,1.0351096,0.777977,28.067907,38.57103,34.31105,29.484413,23.389711,37.279823,33.765324,35.94435,37.47114,45.048714,33.78606,33.90447,29.810802,32.5862,30.817802,2.1748545,1.9017935,6.216937,7.66479,1381.93,156.04112,-0.0390625,0.56404966,-0.001098633,45,30,0.3687884,0.4384822,0.28973123,0.25026137,0.32254174,0.70485044,0.8054789,10.791049,13.729441,11.657812,15.444084,16.710564,21.61689,18.990732,15.420915,15.627231,17.737103,15.824175,14.7022915,17.904753,19.965332,16.816706,17.146843,12.439225,12.43821,11.3908205,11.761334,16.295311,17.889803,16.317692,13.911659,11.641675,10.62892,11.411601,11.901406,13.875147,17.218264,15.870481,13.052665,14.50426,13.060877,12.35522,13.941846,15.27484,18.172235,18.27207,14.91218,14.346454,15.138168,14.441852,14.898781,15.146361,15.690242,14.73846,14.979676,0.9065433,2.0383239,6.9408636,0.45430487,33.31947,35.522575,33.845264,15.562938,16.939655,14.0760565,13.22107,15.083049,14.9143305,22.08
4446081.924,658124.7026,30.573185,1.0034589,0.77009904,28.197628,38.83711,33.95438,28.995321,23.25987,37.58151,34.094364,36.324646,38.191948,45.10615,33.510067,33.252308,29.762733,32.323383,30.92456,2.169622,1.9097449,6.2201533,7.678148,1381.91,160.68814,-0.03955078,0.6069479,-0.003295898,45,30,0.3687884,0.4384822,0.28973123,0.25026137,0.32254174,0.70485044,0.8054789,11.496434,12.93268,11.411848,15.898053,15.061304,21.761728,17.162098,15.220303,15.813528,19.257492,16.732265,15.172976,18.753214,21.640284,17.236805,18.059633,12.125323,12.837108,11.428953,10.556379,15.863124,18.348677,15.027524,13.72292,12.079636,11.003931,10.884748,12.410313,13.336601,17.012625,14.69457,13.039432,13.877592,13.744121,12.382545,13.825571,13.653612,17.90846,15.678274,14.315517,15.670259,17.152271,16.062,15.897838,16.677052,17.470306,16.430023,16.472906,0.88677895,2.0396833,6.9491506,0.45430487,33.51737,35.837936,33.381187,15.10345,17.800938,13.741013,13.060347,14.438597,16.479965,22.08
4446081.924,658129.7026,26.121243,1.0033107,0.7580157,28.194925,38.87432,33.6872,28.37245,23.050621,37.920986,34.250645,36.630764,38.780785,45.30008,33.29859,32.56774,29.672485,32.26985,31.070498,2.1727033,1.9162891,6.2281084,7.685992,1381.9,165.63504,0.080566406,0.635681,0.003417969,45,30,0.3687884,0.4384822,0.28973123,0.25026137,0.32254174,0.70485044,0.8054789,13.171265,13.764758,12.65622,15.013464,17.020983,21.303709,17.126135,15.812561,15.625002,19.142767,16.492723,15.15845,18.666597,21.00029,17.172201,17.843882,11.689753,13.810277,12.087993,10.970339,15.413902,18.193617,15.081724,13.886174,12.081649,10.56735,11.041481,13.06447,14.417998,17.055445,14.838911,13.234258,14.091362,13.48794,12.911112,13.914093,13.304966,16.903364,16.588993,14.235247,16.017883,18.574795,15.759152,15.958865,15.436075,16.689869,15.946508,16.441866,0.88066316,2.044496,6.9570503,0.45430487,33.534622,36.085815,32.933167,15.722362,17.60829,13.892516,13.295329,14.457404,16.340448,22.08
4446081.924,658134.7026,31.897179,1.0386963,0.7494666,28.440325,38.832886,33.440193,27.71305,22.855114,38.157776,33.80213,36.75646,39.519234,45.657383,33.232285,32.38929,29.88945,32.148254,30.882998,2.1769428,1.917177,6.233023,7.6911855,1381.88,167.20055,-0.079589844,0.64637935,-0.004394531,45,30,0.3687884,0.4384822,0.28973123,0.25026137,0.32254174,0.70485044,0.8054789,13.993586,14.642398,13.557477,15.94386,17.667068,21.902464,17.702837,16.598679,15.907232,19.501648,16.800814,15.416258,18.89798,21.249685,17.448935,18.126001,12.0315695,14.216965,12.447054,11.329397,15.772963,18.552677,15.440785,14.249985,12.733763,12.051566,12.261606,13.840921,15.350076,17.865187,15.758672,14.219013,14.905762,14.381737,13.869558,15.162674,14.184342,17.877264,17.763773,15.238178,16.010077,18.574795,15.759152,16.003448,15.436075,16.689869,15.991092,16.454578,0.8940815,2.04706,6.9621043,0.45430487,33.636604,35.979954,32.810787,16.487097,17.888937,14.255918,14.26597,15.449302,16.352072,22.08
4446081.924,658139.7026,38.02052,1.04276,0.7432156,28.414482,38.87305,33.2863,27.057623,22.629845,38.628803,33.936634,36.929096,40.04845,45.768074,32.98373,31.632467,29.877445,32.150578,31.079374,2.177123,1.9248272,6.2386994,7.697286,1381.87,169.72032,-0.040039062,0.6407786,-0.003295898,45,30,0.3687884,0.4384822,0.28973123,0.25026137,0.32254174,0.70485044,0.8054789,13.552729,14.4210615,13.590566,16.774158,19.032267,21.427505,17.946526,16.603836,15.906517,19.490711,15.710014,16.723042,18.487312,21.46016,17.249386,18.124863,12.576636,13.351247,11.868382,12.002032,15.148164,18.026516,16.030384,13.995817,12.505032,11.55805,12.741187,14.163979,15.256335,17.583351,16.183485,14.173146,14.7552395,14.389887,14.108301,15.09234,15.072796,18.068087,17.603199,15.36421,17.041397,18.917004,17.659733,16.384851,15.087038,17.238604,15.715485,17.000076,0.89298785,2.050975,6.967993,0.45430487,33.64377,36.28272,32.308098,16.67783,17.861021,14.143336,14.284488,15.584264,16.863443,22.08
4446081.924,658144.7026,34.879143,1.0234774,0.75349134,28.6131,38.490982,33.082382,26.44843,22.464172,39.1787,34.35099,37.27333,40.487747,45.82712,32.565605,30.980934,30.016409,32.2222,31.28324,2.1691604,1.9381896,6.242701,7.712218,1381.86,172.5777,-0.040527344,0.6645592,-0.005615234,45,30,0.36405203,0.4406485,0.28204948,0.2652911,0.33180055,0.7103706,0.7955821,13.872322,15.018557,13.03848,15.922052,19.770988,20.627455,18.029749,16.45812,16.6637,19.00742,16.326208,16.966541,18.621254,20.161043,16.974106,18.081299,12.468203,13.430652,11.908152,11.497952,15.263257,18.057772,15.946841,13.971984,12.982257,12.556689,12.451263,13.567907,15.57524,16.634872,15.579397,14.061174,14.393765,15.088097,14.04141,14.9116955,15.443422,17.818634,17.148138,15.372199,16.34051,17.779097,16.009027,16.291718,15.97213,16.55179,14.769571,16.378761,0.88848436,2.053675,6.9774594,0.4556849,33.55204,36.764847,31.77327,16.611372,17.81718,14.081832,14.192519,15.549309,16.244833,22.08
4446081.924,658149.7026,31.28913,1.00916,0.76791584,28.595287,39.305073,33.135475,26.035526,22.203043,39.479095,34.125965,37.32666,40.732918,45.95797,32.361893,30.165514,29.803995,32.506798,31.619522,2.160193,1.9563811,6.2511168,7.7042313,1381.85,178.86165,-0.16064453,0.73046494,-0.012207031,45,30,0.36405203,0.4406485,0.28204948,0.2652911,0.33180055,0.7103706,0.7955821,13.872322,15.018557,13.03848,15.922052,19.770988,20.627455,18.029749,16.45812,16.6637,19.00742,16.326208,16.966541,18.621254,20.161043,16.974106,18.081299,12.468203,13.430652,11.908152,11.497952,15.263257,18.057772,15.946841,13.971984,12.982257,12.556689,12.451263,13.567907,15.57524,16.634872,15.579397,14.061174,14.393765,15.088097,14.04141,14.9116955,15.443422,17.818634,17.148138,15.372199,16.34051,17.779097,16.009027,16.291718,15.97213,16.55179,14.769571,16.378761,0.88853794,2.0582871,6.977674,0.4556849,33.95018,36.80253,31.263702,16.611372,17.81718,14.081832,14.192519,15.549309,16.244833,22.08
4446081.924,658154.7026,28.855919,1.0122858,0.79510367,28.590729,39.359776,33.12263,25.95158,22.064945,39.456757,34.03948,37.288113,41.093906,46.45548,32.394848,29.409412,29.88499,32.31053,31.44109,2.1561658,1.964575,6.2769575,7.7096176,1381.85,179.9875,-0.16015625,0.801648,-0.011108398,45,30,0.36405203,0.4406485,0.28204948,0.2652911,0.33180055,0.7103706,0.7955821,12.577707,14.510526,12.939913,15.211354,19.171228,20.973116,18.075886,16.105263,16.446037,18.010029,16.450525,16.630665,18.789736,20.338264,18.036463,17.930387,12.524367,15.2281065,12.408491,11.991385,15.054247,18.006918,17.4623,14.460612,13.1541,12.381566,12.493688,13.0828705,15.496981,16.127077,16.552286,13.889933,13.794324,15.582741,13.88145,14.904056,15.653892,17.529123,16.551258,15.242039,16.471252,17.999928,17.017382,16.808073,15.126316,16.78104,16.773499,16.81978,0.90369475,2.0603704,6.9932876,0.4556849,33.97525,36.748116,30.90213,16.208532,17.814531,14.6679735,14.184081,15.413834,16.711071,22.08
4446081.924,658159.7026,22.876024,1.0412318,0.83620167,28.695126,39.211452,32.964775,26.015976,21.762463,39.324284,34.433506,38.187927,41.328247,46.710293,32.437553,28.291237,29.613811,32.275196,32.063606,2.1565716,1.9579784,6.3047786,7.7305417,1381.85,178.03421,-0.12011719,0.8308069,-0.010009766,45,30,0.36405203,0.4406485,0.28204948,0.2652911,0.33180055,0.7103706,0.7955821,13.442322,14.885434,12.7458105,15.900098,18.101748,19.630312,18.68562,15.984058,15.973348,18.173859,15.088763,16.504642,18.69217,20.465246,17.292622,17.660938,14.625261,17.631086,11.668635,11.953444,15.998984,18.145838,16.708532,15.155464,13.319081,13.280418,12.00461,13.8934555,15.119065,16.224077,15.982012,14.078951,14.6834,14.491699,14.804895,15.906848,15.824834,15.987514,15.254858,15.244573,16.60654,18.172419,16.22908,17.604347,16.237938,15.912946,17.157564,16.845892,0.9387167,2.057275,7.01766,0.4556849,33.95329,36.878895,30.364395,16.198763,17.455809,15.247397,14.260388,15.27915,16.845835,22.08
4446081.924,658164.7026,27.022726,1.0440531,0.876112,28.837925,39.73061,33.12133,26.185688,21.578497,39.219658,34.298824,38.208836,41.307728,47.222122,32.40598,27.074564,29.508137,32.28411,31.613262,2.1499662,1.966927,6.3264933,7.713805,1381.85,181.01843,-0.12060547,0.8164616,-0.008911133,45,30,0.36405203,0.4406485,0.28204948,0.2652911,0.33180055,0.7103706,0.7955821,13.442322,14.885434,12.7458105,15.900098,18.101748,19.630312,18.68562,15.984058,15.973348,18.173859,15.088763,16.504642,18.69217,20.465246,17.292622,17.660938,14.625261,17.631086,11.668635,11.953444,15.998984,18.145838,16.708532,15.155464,13.319081,13.280418,12.00461,13.8934555,15.119065,16.224077,15.982012,14.078951,14.6834,14.491699,14.804895,15.906848,15.824834,15.987514,15.254858,15.244573,16.60654,18.172419,16.22908,17.604347,16.237938,15.912946,17.157564,16.845892,0.96008253,2.0584466,7.020149,0.4556849,34.284267,36.75924,29.740273,16.198763,17.455809,15.247397,14.260388,15.27915,16.845835,22.08
4446081.924,658169.7026,17.06354,1.0676671,0.9100264,28.82791,39.80857,33.530445,26.4215,21.57397,39.212112,33.624996,37.743557,41.072937,47.508026,32.3973,26.241854,29.492416,32.610672,31.464392,2.1451437,1.9817619,6.353878,7.7026305,1381.86,177.9528,0.079589844,0.80268466,0.004394531,45,30,0.36405203,0.4406485,0.28204948,0.2652911,0.33180055,0.7103706,0.7955821,13.419803,16.071667,12.748602,15.58905,17.850805,20.155739,19.235092,16.242868,16.224903,17.990955,15.117086,16.942348,19.346973,20.84146,17.16341,17.887547,14.246515,16.340197,13.18002,12.243729,16.781273,18.173746,16.49252,15.218866,13.081823,12.987152,12.723111,13.310086,14.91804,17.63724,15.958272,14.260349,15.876709,13.719011,14.643514,15.494516,15.706767,16.102507,15.19692,15.194935,15.81456,17.981886,16.25401,17.065304,16.058338,16.37642,16.351759,16.558996,0.9888468,2.0634527,7.0282545,0.4556849,34.31824,36.418556,29.319576,16.43868,17.66102,15.351142,14.373674,15.248564,16.557468,22.08
4446081.924,658174.7026,22.630787,1.0709437,0.9392776,28.429651,40.022964,33.896397,26.707891,21.338814,39.50314,33.628304,37.404255,40.846603,47.632156,32.245884,24.551373,29.794746,33.19655,31.774382,2.1290636,1.998952,6.3815136,7.684656,1381.85,171.8629,-0.000488281,0.81032956,0,45,30,0.37189975,0.43814278,0.26587376,0.27357188,0.35478896,0.7018601,0.7909774,13.628504,15.475408,12.365049,15.626947,18.391644,20.641073,18.134056,16.242203,16.00194,17.605227,15.25498,16.718418,18.695755,21.429947,17.373302,17.854185,14.558286,15.848799,12.873444,11.904718,16.32792,18.924488,16.815712,15.276174,12.397684,12.506025,12.17893,13.834966,16.037607,16.952719,16.428417,14.164149,15.331075,14.354632,14.886011,15.195608,15.782931,15.868091,14.874682,15.110246,16.035097,17.555195,16.309187,17.108486,15.6035795,16.162237,15.06633,16.419619,1.0051106,2.0640078,7.033085,0.45673063,34.226307,36.56572,28.398628,16.32324,17.582796,15.321909,14.333764,15.184717,16.262873,22.08
4446081.924,658179.7026,27.228416,1.063869,0.96306646,28.01663,40.0085,34.22575,26.881697,21.223099,39.712112,33.60341,36.925385,40.491932,47.34517,32.18574,23.51997,29.925447,33.523228,32.369972,2.10304,2.0073476,6.4191,7.6651998,1381.84,172.74043,-0.000488281,0.79420286,-0.001098633,45,30,0.37189975,0.43814278,0.26587376,0.27357188,0.35478896,0.7018601,0.7909774,13.026598,14.77243,11.753575,14.861783,17.760357,20.202906,17.592354,15.6234455,15.068126,16.555487,14.359648,15.123584,17.527239,20.472818,16.191067,16.751364,14.150543,15.441256,12.329975,11.26266,15.670842,18.370287,16.158878,14.736332,12.33392,12.412916,12.115685,13.741857,15.959431,16.918112,16.348871,14.094062,15.331075,14.354632,14.886011,15.195608,15.773022,15.85818,14.906561,15.106531,16.202423,17.806606,16.532368,17.373434,15.8624,16.402468,15.357264,16.660107,1.0134678,2.055194,7.0421495,0.45673063,34.012566,36.65776,27.852856,15.71,16.47114,14.769206,14.261542,15.18644,16.505281,22.08
4446081.924,658184.7026,20.158981,1.0421408,0.9789421,28.098116,40.145508,33.61106,26.588158,21.378227,40.06543,34.309307,38.14617,40.459084,46.341022,31.679277,23.893396,29.258797,33.493958,32.89378,2.070923,1.9878459,6.4775143,7.676189,1381.83,176.8751,-0.080566406,0.7890103,-0.005615234,45,30,0.37189975,0.43814278,0.26587376,0.27357188,0.35478896,0.7018601,0.7909774,12.717155,15.595204,10.882856,14.859189,17.501982,19.840315,18.273573,15.504942,14.861171,17.96719,14.155087,14.382582,17.453062,20.330612,16.517233,16.723146,12.408345,17.40854,11.243159,10.968926,16.115355,18.135248,15.754515,14.500708,12.321549,13.847486,11.910614,12.938421,15.288128,16.258963,15.659472,13.859425,15.867038,15.599646,14.299707,14.54158,15.922946,16.139147,15.2527895,15.3048315,16.535877,18.35878,16.584095,16.52066,16.46943,15.561359,15.645373,16.508085,1.0105414,2.0293846,7.076852,0.45673063,34.12181,37.18737,27.786337,15.667182,16.523848,14.576299,14.03209,15.374693,16.525082,22.08
4446081.924,658189.7026,25.04769,1.0197684,0.999986,28.117067,40.06017,32.94677,26.193352,21.687279,40.277737,34.53908,38.682068,40.4685,45.276352,31.370447,25.26827,29.143766,33.570324,33.21596,2.0335412,1.965665,6.5445385,7.6864686,1381.83,181.84906,-0.080566406,0.8886439,-0.004516602,45,30,0.37189975,0.43814278,0.26587376,0.27357188,0.35478896,0.7018601,0.7909774,12.130561,15.067922,10.12896,13.476578,17.875961,20.240538,17.112629,15.158712,15.0688,17.508215,14.478537,16.029001,17.35017,19.926613,16.25082,16.92902,13.253393,16.998589,12.217627,12.814137,15.368821,18.195549,14.679901,14.930089,12.153161,12.432492,12.07776,13.194193,15.192087,17.44361,15.545842,13.944974,14.817144,14.345819,14.746643,14.589434,15.906723,16.113722,14.866292,15.035567,16.312279,18.978607,17.770235,17.456333,16.669823,16.755726,15.618159,17.287298,1.0098772,1.999603,7.1155033,0.45673063,34.08862,37.40841,28.319359,15.147592,16.658878,14.789717,14.005592,15.055112,17.080166,22.08
4446081.924,658194.7026,33.297546,0.97678375,1.0189105,28.177946,40.252598,32.413486,25.86334,21.913862,40.568558,35.291073,38.98121,40.46268,44.4246,31.003933,25.87821,29.104017,33.529774,33.38537,1.9863695,1.9386414,6.6071267,7.670942,1381.84,181.63773,0.079589844,1.0032632,0.004394531,45,30,0.37189975,0.43814278,0.26587376,0.27357188,0.35478896,0.7018601,0.7909774,12.4992695,14.710306,10.89928,14.665843,16.129898,19.704554,16.625998,15.051521,15.028668,17.983425,14.463121,15.181646,17.458065,20.004759,15.256113,16.85282,12.125054,14.022253,11.359073,11.909747,15.340461,17.713593,14.838343,13.940892,12.448562,12.556353,11.780024,13.595879,14.813632,16.035522,15.486374,13.740402,15.055483,15.137553,14.524152,14.858299,14.725946,14.826404,14.797506,14.860955,16.568108,17.905056,17.208578,16.092873,16.084864,15.504521,15.432146,16.540442,0.99784714,1.9625055,7.1390343,0.45673063,34.21527,37.929817,28.44107,15.033593,16.482258,13.901217,13.81662,14.846477,16.399448,22.08
4446081.924,658199.7026,16.14508,0.9656117,1.0386133,28.11155,39.87062,32.076336,25.606945,22.242702,40.86626,35.318443,39.015972,40.334698,43.53098,30.730236,27.0482,29.035986,33.9183,33.607647,1.9448131,1.9379399,6.6604357,7.6670184,1381.84,176.72723,0.079589844,1.0044914,0.006591797,45,30,0.37189975,0.43814278,0.26587376,0.27357188,0.35478896,0.7018601,0.7909774,11.616858,14.683577,11.962779,14.557205,17.49985,19.703487,16.456173,15.215122,15.132208,18.762966,14.606089,15.054977,17.246466,20.473475,15.101306,17.030592,12.2137375,14.626523,11.202397,10.79556,17.58434,17.575655,14.597885,14.067642,12.218347,13.094259,11.432829,13.51416,14.774106,15.465318,14.870926,13.513442,14.039357,14.689662,13.431252,14.970596,13.78087,15.435451,14.734304,14.461059,17.029972,18.77185,17.578562,16.426083,14.738462,17.048561,14.704086,16.865368,1.0021125,1.9413764,7.163727,0.45673063,33.991085,38.092354,28.889217,15.211419,16.625355,14.085156,13.624278,14.440213,16.613941,22.08
4446081.924,658204.7026,27.182316,0.95103276,1.039355,27.990696,40.41542,31.668419,25.466373,22.67449,41.096493,35.753036,39.233162,39.680313,42.284107,30.589163,27.305054,29.213594,33.520412,34.4569,1.8984485,1.9208243,6.683265,7.6628375,1381.83,176.63113,0.03955078,0.9758722,-0.001098633,45,30,0.38888285,0.44118172,0.2688054,0.2608006,0.33315003,0.683441,0.7931804,11.616858,14.683577,11.962779,14.557205,17.49985,19.703487,16.456173,15.215122,15.132208,18.762966,14.606089,15.054977,17.246466,20.473475,15.101306,17.030592,12.2137375,14.626523,11.202397,10.79556,17.58434,17.575655,14.597885,14.067642,12.218347,13.094259,11.432829,13.51416,14.774106,15.465318,14.870926,13.513442,14.039357,14.689662,13.431252,14.970596,13.78087,15.435451,14.734304,14.461059,17.029972,18.77185,17.578562,16.426083,14.738462,17.048561,14.704086,16.865368,0.9951939,1.9096364,7.1730514,0.45277742,34.203056,38.424767,28.94711,15.211419,16.625355,14.085156,13.624278,14.440213,16.613941,22.08
4446081.924,658209.7026,7.2417426,0.89012927,1.0115868,27.817768,40.969765,31.418974,25.55448,23.14552,41.340324,36.66329,39.795937,39.0343,41.193542,30.509993,26.944555,28.752125,33.10904,35.001434,1.8545191,1.9129251,6.659018,7.6269765,1381.82,180.80748,-0.2006836,1.017288,-0.008911133,45,30,0.38888285,0.44118172,0.2688054,0.2608006,0.33315003,0.683441,0.7931804,12.602708,13.403833,10.013655,14.918834,19.669218,21.825953,16.096064,15.54027,14.676,18.50296,14.526453,14.930377,18.150713,19.824877,16.36326,16.896326,11.308759,13.695775,12.964739,11.591786,18.00035,17.343084,16.25472,14.42613,12.375094,12.418665,11.713142,13.243428,15.66301,16.452877,15.642807,13.821592,14.685117,14.35993,13.282735,15.692408,14.779499,15.270569,16.19988,14.817248,15.525203,19.112488,17.958286,17.718699,15.92796,16.607916,13.728006,16.994654,0.950858,1.8837221,7.1429973,0.45277742,34.39377,39.00181,28.727274,15.504323,16.710663,14.451317,13.92986,14.895734,16.65408,22.08
4446081.924,658214.7026,14.612978,0.8835384,0.96754605,27.759937,41.745796,31.116241,25.799639,23.305593,41.412373,36.672497,40.233173,38.54622,40.43144,30.701601,26.809746,29.02931,33.04622,35.783123,1.818724,1.9041004,6.575899,7.595303,1381.83,180.76439,0.03955078,1.0746152,0,45,30,0.38888285,0.44118172,0.2688054,0.2608006,0.33315003,0.683441,0.7931804,12.31852,15.326124,10.117973,15.100258,18.87024,21.695036,18.466978,15.902612,15.088913,18.18684,14.844034,14.78937,16.68768,21.23866,16.582798,17.059298,11.9930935,13.834091,13.109507,12.127415,16.400648,18.375875,18.378075,14.682252,12.129468,13.155197,12.26968,13.217252,14.481992,17.685747,14.993996,13.968267,15.664963,15.055469,13.211836,15.406725,14.268471,15.918137,15.163053,14.941612,16.291111,18.968649,16.78683,16.560785,15.566486,16.919476,15.379781,16.84246,0.92554224,1.8614123,7.085601,0.45277742,34.75287,39.042435,28.755672,15.985019,16.774042,14.888387,13.990476,14.955522,16.639017,22.08
4446076.924,658079.7026,28.38792,1.1016856,0.71468323,27.618542,33.71909,37.04051,29.931396,23.418592,34.98096,30.793226,31.721695,36.106415,47.6559,37.92217,36.00327,31.630999,34.366173,28.931906,2.2722435,1.9789509,6.2808647,7.4192553,1382.13,110.32567,0.040039062,0.8244837,0.001098633,45,30,0.36391932,0.4409452,0.27499846,0.2597238,0.29936433,0.6627132,0.89005035,13.117109,15.715528,13.074327,14.745544,19.35374,21.923418,18.353922,16.543653,15.262299,16.724733,14.9713745,15.527246,16.636383,20.151552,17.695934,16.846716,12.514381,12.109568,10.395691,10.63117,14.854122,16.616068,15.489569,13.145261,11.567675,11.6283455,11.939089,11.923526,16.014149,16.939274,15.482008,13.537242,13.371405,12.936991,13.451027,13.197861,16.215672,18.140144,17.690863,14.8675165,15.856311,17.610374,15.135493,17.176897,15.624397,15.24408,15.9418335,16.167925,0.9081844,2.1255972,6.85006,0.45595926,30.668816,32.887093,36.96272,16.611942,16.70993,13.230082,13.642009,15.0005665,16.084198,22.08
4446076.924,658084.7026,28.010479,1.0761154,0.7107724,27.196081,32.34131,36.818684,30.215746,23.406248,35.670547,32.530476,32.57435,36.762672,49.39369,37.260117,35.50669,31.166637,33.424026,26.878983,2.2254379,1.9479021,6.281,7.4128065,1382.06,120.58351,-0.15917969,0.73195934,-0.008789063,45,30,0.36501673,0.44080725,0.28738776,0.25281942,0.32038537,0.6823147,0.8019765,12.115235,16.017086,12.404673,15.377454,19.584812,21.14369,17.581379,16.267166,16.408411,16.92548,15.591705,15.61163,17.40518,20.601986,17.505167,17.284178,11.724281,12.532419,10.421762,10.071656,14.611627,17.0353,16.749197,13.142708,11.44267,12.724649,11.539267,13.004974,15.541077,17.008678,16.326588,13.823536,13.4083605,13.515988,13.230631,13.376958,15.96222,17.907404,18.35323,14.985069,15.357794,17.559694,15.753733,15.715662,14.378072,15.770924,16.106432,15.777273,0.8934439,2.08667,6.8469033,0.4501011,29.768696,34.10051,36.383404,16.317762,17.149939,13.306605,13.94113,15.107827,15.806044,22.08
4446076.924,658089.7026,21.84366,1.0649298,0.71417683,27.213821,32.335007,36.64206,30.401028,23.508144,36.054066,32.705727,32.93579,37.227303,50.307705,36.731205,35.422466,30.920214,32.84801,25.760433,2.1999257,1.9445095,6.279178,7.413716,1382.02,132.9537,0,0.56784946,-0.003295898,45,30,0.36501673,0.44080725,0.28738776,0.25281942,0.32038537,0.6823147,0.8019765,12.115235,16.105942,12.404673,15.466309,19.695883,21.29178,17.670235,16.350468,16.408411,17.504154,15.591705,15.717783,17.58015,20.718634,17.505167,17.434925,12.725087,13.533224,11.67277,11.322664,15.862634,18.077805,17.750004,14.237339,11.44267,12.724649,11.539267,13.004974,15.541077,17.008678,16.326588,13.823536,13.4083605,13.515988,13.230631,13.376958,15.96222,17.907404,18.35323,14.985069,15.357794,17.559694,15.753733,15.715662,14.378072,15.770924,16.106432,15.777273,0.8895533,2.0722175,6.846447,0.4501011,29.774414,34.379898,36.076836,16.392864,17.289429,14.420598,13.94113,15.107827,15.806044,22.08
4446076.924,658094.7026,29.192314,1.050661,0.72490877,27.696924,32.20302,36.29428,30.490074,23.56773,36.28952,32.73972,33.950485,37.57392,50.171993,36.20766,35.4439,30.285599,32.319153,25.711452,2.1830344,1.9600346,6.2801986,7.4451547,1381.99,142.76517,-0.040039062,0.45021096,-0.002197266,45,30,0.36501673,0.44080725,0.28738776,0.25281942,0.32038537,0.6823147,0.8019765,13.432111,17.044277,12.918661,16.670555,19.241081,21.417158,18.258646,16.904747,16.018614,16.387646,15.264532,15.701231,17.401108,20.014833,16.266993,16.958385,12.783415,14.244723,11.790018,11.771158,15.984457,17.65085,18.20344,14.382024,11.796431,13.004018,11.491226,12.923633,14.573097,16.375158,17.217735,13.64064,13.649381,14.566526,13.769277,13.921552,16.546339,18.788391,19.6429,15.566094,15.352755,16.466301,15.17473,14.887762,15.574322,15.660167,16.38276,15.583054,0.88778484,2.0715346,6.8626766,0.4501011,29.94997,34.514618,35.825783,16.9975,16.722136,14.632579,13.911614,15.840623,15.642685,22.08
4446076.924,658099.7026,30.476847,1.0398388,0.7419187,27.730642,32.195488,35.920597,30.523787,23.539711,36.46418,32.99102,34.248554,37.633286,49.351994,35.744293,35.275826,30.263714,32.172855,26.45853,2.1754637,1.9567918,6.280353,7.492137,1381.97,145.79042,0,0.43321943,0.001098633,45,30,0.36501673,0.44080725,0.28738776,0.25281942,0.32038537,0.6823147,0.8019765,11.600711,15.95915,11.468794,15.97939,17.51453,20.292006,17.683233,15.635888,15.787512,16.979664,15.264313,16.177183,18.058302,19.891294,16.429647,17.155563,12.391614,14.072823,12.435416,10.728083,16.35702,17.905684,18.164572,14.349591,10.655566,11.924454,9.426283,11.386564,13.962482,15.19797,15.555844,12.317802,15.032831,14.464566,12.838318,13.621358,16.35567,18.68486,19.513681,15.51591,15.226807,15.887482,15.05501,14.7370405,15.875322,15.24467,15.65399,15.336701,0.89087874,2.0661278,6.886245,0.4501011,29.963066,34.7276,35.51006,15.785402,16.941132,14.579316,12.587024,15.787326,15.382903,22.08
4446076.924,658104.7026,32.925087,1.0321645,0.76312065,27.596697,31.403248,35.624565,30.52596,23.665712,36.766018,33.464916,34.830357,37.575325,48.05677,35.187233,35.380726,29.836573,32.114998,27.812553,2.1678734,1.8751312,6.273285,7.543103,1381.95,150.27934,0.0390625,0.4616588,0.001098633,45,30,0.36501673,0.44080725,0.28738776,0.25281942,0.32038537,0.6823147,0.8019765,11.554522,15.926623,11.4226055,15.97939,17.51453,20.255632,17.683233,15.609551,15.746344,16.964357,15.211429,16.177183,18.058302,19.844818,16.429647,17.12976,12.499441,14.167989,12.399405,10.718175,16.34307,17.905367,18.16294,14.372966,11.501079,12.769944,10.2074585,12.157843,14.736224,15.988156,16.341942,13.119371,15.025531,14.457266,12.831017,13.612231,16.346544,18.677254,19.508205,15.508212,15.2274685,15.888144,15.055865,14.7370405,15.936958,15.306306,15.727953,15.360156,0.89764255,2.0215023,6.908194,0.4501011,29.499973,35.115467,35.28398,15.762362,16.918869,14.599483,13.386092,15.779722,15.41139,22.08
4446076.924,658109.7026,33.655334,1.0256109,0.78586334,27.634687,31.396185,35.272552,30.60826,23.644419,36.875683,33.681034,35.03412,37.114563,46.645855,34.797005,35.302517,29.909698,32.344593,29.07535,2.1703825,1.8755194,6.259108,7.604443,1381.93,154.18019,0.000976563,0.49298072,0.001220703,45,30,0.36501673,0.44080725,0.28738776,0.25281942,0.32038537,0.6823147,0.8019765,11.807735,15.241735,11.914667,15.67674,16.01792,20.608686,17.944843,15.471152,16.033585,17.296724,15.479574,14.840938,17.855925,19.651114,16.472187,17.019083,12.231898,14.818237,12.472206,11.019106,15.934636,18.617483,16.745323,14.40196,11.946039,11.742743,10.59495,12.501346,13.392919,16.232859,15.976763,12.993765,15.022104,14.127718,13.162333,13.444643,14.10983,18.568403,18.34396,15.15812,14.815265,15.733582,14.687726,14.391385,13.91999,15.146541,15.390111,14.892034,0.90573716,2.022951,6.9317756,0.4501011,29.515436,35.27836,35.04976,15.601761,16.804293,14.548414,13.19823,15.254142,14.869227,22.08
4446076.924,658114.7026,28.50865,1.0192486,0.812351,27.67025,31.387705,34.94946,30.761105,23.643505,37.00406,33.910755,35.19081,36.470318,45.070362,34.431915,35.274586,30.007055,32.6652,30.459229,2.1737006,1.8762163,6.2411075,7.6767697,1381.91,153.42621,0.000488281,0.51240844,0,45,30,0.3687884,0.4384822,0.28973123,0.25026137,0.32254174,0.70485044,0.8054789,12.945459,14.453638,12.13754,16.415478,16.482677,19.034681,18.07189,15.510722,15.706433,18.21831,16.522564,16.525278,17.38409,21.24883,17.720858,17.914581,12.158081,14.225714,12.148029,10.96639,14.899242,17.81827,16.514051,13.999621,12.233441,11.090533,10.973199,12.726298,13.466543,17.017334,15.928186,13.163853,13.43931,13.289655,12.5773115,13.959656,14.138416,18.711634,16.482855,14.526006,15.440638,17.406967,15.089563,15.556173,14.033903,17.3053,17.19828,16.054256,0.9157998,2.0249584,6.9589386,0.45430487,29.528976,35.457405,34.85325,15.6487665,17.618052,14.104254,13.347933,14.656977,16.004404,22.08
4446076.924,658119.7026,33.029533,1.0180532,0.8222067,28.028683,38.543915,34.629585,30.849373,23.651554,37.3473,34.27202,35.575195,36.763336,44.178833,33.95804,33.979927,29.956764,32.126987,31.14955,2.1619904,1.9057941,6.2240806,7.733011,1381.89,150.6495,0.040039062,0.526166,0.001098633,45,30,0.3687884,0.4384822,0.28973123,0.25026137,0.32254174,0.70485044,0.8054789,12.945459,14.453638,12.13754,16.415478,16.482677,19.034681,18.07189,15.510722,15.706433,18.21831,16.522564,16.525278,17.38409,21.24883,17.720858,17.914581,12.158081,14.225714,12.148029,10.96639,14.899242,17.81827,16.514051,13.999621,12.233441,11.090533,10.973199,12.726298,13.466543,17.017334,15.928186,13.163853,13.43931,13.289655,12.5773115,13.959656,14.138416,18.711634,16.482855,14.526006,15.440638,17.406967,15.089563,15.556173,14.033903,17.3053,17.19828,16.054256,0.9201299,2.0338922,6.9785457,0.45430487,33.2863,35.80966,33.968983,15.6487665,17.618052,14.104254,13.347933,14.656977,16.004404,22.08
4446076.924,658124.7026,33.091145,1.0220625,0.8013268,28.026352,38.58446,34.332367,30.120626,23.422058,37.60121,34.425716,35.999958,37.494816,44.639015,33.79853,33.21946,29.780197,32.019608,31.101612,2.1657546,1.9098613,6.2271967,7.723736,1381.86,152.75279,-0.12011719,0.5319937,-0.008911133,45,30,0.3687884,0.4384822,0.28973123,0.25026137,0.32254174,0.70485044,0.8054789,12.715501,15.500867,12.415443,17.298069,17.728622,19.910725,19.43211,16.187643,16.280478,18.512867,16.726175,16.368603,18.055378,21.32459,17.410763,18.138119,12.694249,14.802371,12.316412,12.175468,14.835392,17.655018,15.926213,14.270024,12.63014,11.984405,11.399663,14.476001,14.639324,17.992294,16.165464,14.04332,13.91474,14.939641,13.771238,15.165769,14.974453,18.69599,17.755917,15.370302,16.259506,18.002457,16.150454,16.615877,14.365929,16.675213,16.092447,16.358692,0.91169465,2.037808,6.9754663,0.45430487,33.305405,36.013466,33.508995,16.428762,17.811264,14.34359,14.183899,15.602534,16.30884,22.08
4446076.924,658129.7026,29.595072,1.0030754,0.77587086,28.121952,38.8673,34.051838,29.319956,23.16413,37.883068,34.52937,36.13811,38.44465,45.36831,33.68089,32.48586,29.906452,32.00406,30.868608,2.168375,1.9124069,6.231638,7.713248,1381.84,160.55888,-0.16064453,0.5163947,-0.011108398,45,30,0.3687884,0.4384822,0.28973123,0.25026137,0.32254174,0.70485044,0.8054789,13.201921,13.921773,13.3274765,15.798604,17.428627,20.081314,18.581938,15.851627,15.430074,18.276918,15.211026,14.000234,18.055866,19.79762,16.457336,16.929646,11.198166,13.84886,11.451336,11.125265,15.687951,18.079863,15.961485,13.699314,12.001032,12.219029,12.263809,13.89152,14.905144,18.461485,16.126896,14.138932,13.969461,14.742249,13.774374,15.140326,14.80515,18.620241,16.556175,15.189446,16.086588,18.342144,16.205795,17.057491,16.085411,16.806444,15.535596,16.591425,0.8894731,2.040391,6.9724426,0.45430487,33.494625,36.20622,33.083374,16.04881,16.747011,13.907561,14.266988,15.372568,16.588495,22.08
4446076.924,658134.7026,32.53513,1.0039848,0.75944155,28.453876,39.167492,33.91634,28.621542,23.057447,38.06387,34.291306,36.183678,39.007248,45.794426,33.622395,31.881891,29.827023,31.97982,30.922367,2.171731,1.9334967,6.229856,7.697292,1381.83,162.52994,-0.080566406,0.52534634,-0.005615234,45,30,0.3687884,0.4384822,0.28973123,0.25026137,0.32254174,0.70485044,0.8054789,13.201921,13.921773,13.3274765,15.798604,17.428627,20.081314,18.581938,15.851627,15.430074,18.276918,15.211026,14.000234,18.055866,19.79762,16.457336,16.929646,11.198166,13.84886,11.451336,11.125265,15.687951,18.079863,15.961485,13.699314,12.001032,12.219029,12.263809,13.89152,14.905144,18.461485,16.126896,14.138932,13.969461,14.742249,13.774374,15.140326,14.80515,18.620241,16.556175,15.189446,16.086588,18.342144,16.205795,17.057491,16.085411,16.806444,15.535596,16.591425,0.88171315,2.0526137,6.963574,0.45430487,33.810684,36.17759,32.752144,16.04881,16.747011,13.907561,14.266988,15.372568,16.588495,22.08
4446076.924,658139.7026,37.57611,1.0043284,0.74976695,28.42934,39.210793,33.73923,27.968403,22.851759,38.417576,34.47414,36.364098,39.606087,46.207603,33.51066,31.060995,29.803305,31.94711,30.89471,2.1713784,1.9395111,6.2323947,7.700982,1381.82,164.26332,-0.000976563,0.58020806,-0.001220703,45,30,0.3687884,0.4384822,0.28973123,0.25026137,0.32254174,0.70485044,0.8054789,13.052118,14.62406,12.533831,16.553343,18.341396,19.641161,17.968626,15.908661,15.247067,17.960484,15.009738,14.9475765,17.177324,20.436043,16.719994,17.01133,11.526176,12.191434,11.615465,11.351964,14.759796,18.324026,16.105303,13.526893,12.711835,11.484497,12.213714,12.660296,14.76666,18.483732,16.492247,13.951359,14.481277,13.611608,14.7079525,15.323384,15.091555,18.452665,16.545933,15.272559,16.400812,18.162012,16.626898,15.97526,16.298573,16.805094,15.44148,16.585947,0.87704766,2.0554447,6.966688,0.45430487,33.82007,36.445858,32.285828,16.102077,16.78546,13.696309,14.11614,15.459196,16.530018,22.08
4446076.924,658144.7026,37.996056,0.9841999,0.75350744,28.630907,38.826645,33.50305,27.401981,22.712486,38.825844,34.94072,36.730328,40.090424,46.513393,33.234196,30.418678,29.92729,32.003136,30.984497,2.1608944,1.9476074,6.236891,7.715623,1381.81,168.19664,0.041015625,0.62910926,0.002319336,70,30,0.36405203,0.4406485,0.28204948,0.2652911,0.33180055,0.7103706,0.7955821,12.483521,15.363615,12.767201,17.009462,18.51244,21.299326,18.523556,16.508219,15.111626,17.991026,14.319557,14.698184,17.540031,20.809408,16.152308,16.962255,11.09909,12.619578,10.926891,11.061461,14.455761,18.279816,15.569906,13.367005,12.313688,11.590131,12.81145,13.317062,14.757281,16.989443,16.076197,13.783593,14.035154,13.82032,14.176353,15.669123,14.648066,18.815735,16.831127,15.331332,15.828539,19.07315,16.280798,16.815594,16.258808,17.765984,14.740438,16.852827,0.8688537,2.054251,6.976257,0.4556849,33.728775,36.88328,31.826437,16.565588,16.660307,13.430358,13.9793215,15.427983,16.680471,22.08
4446076.924,658149.7026,33.23982,1.0117283,0.7753854,28.524025,39.63635,33.43233,26.963066,22.432707,38.91892,34.39663,36.905773,40.816242,47.11913,33.269276,29.847628,29.94943,31.758589,30.16619,2.153624,1.9634696,6.2414885,7.7240405,1381.8,173.65298,0.000488281,0.6484547,0.001098633,70,30,0.36405203,0.4406485,0.28204948,0.2652911,0.33180055,0.7103706,0.7955821,12.483521,15.363615,12.767201,17.009462,18.51244,21.299326,18.523556,16.508219,15.111626,17.991026,14.319557,14.698184,17.540031,20.809408,16.152308,16.962255,11.09909,12.619578,10.926891,11.061461,14.455761,18.279816,15.569906,13.367005,12.313688,11.590131,12.81145,13.317062,14.757281,16.989443,16.076197,13.783593,14.035154,13.82032,14.176353,15.669123,14.648066,18.815735,16.831127,15.331332,15.828539,19.07315,16.280798,16.815594,16.258808,17.765984,14.740438,16.852827,0.89355683,2.0585468,6.9827642,0.4556849,34.080185,36.657776,31.558453,16.565588,16.660307,13.430358,13.9793215,15.427983,16.680471,22.08
4446076.924,658154.7026,34.004116,1.0006994,0.79353976,28.632616,39.810204,33.50982,26.751007,22.185114,39.049854,34.567726,36.83589,40.65088,47.291622,33.09198,28.85397,29.95567,32.275883,30.461344,2.146097,1.9510765,6.252428,7.7014694,1381.8,175.23154,0.12060547,0.68987596,0.0078125,70,30,0.36405203,0.4406485,0.28204948,0.2652911,0.33180055,0.7103706,0.7955821,12.456001,15.514395,13.581271,15.349876,18.169518,20.635712,18.723377,16.20349,15.113237,17.861406,14.84075,13.84609,16.917772,20.284527,16.555807,16.681442,12.615063,13.705737,11.656685,10.500681,14.898775,17.135643,17.280582,13.736359,13.124054,12.372597,13.417256,13.47582,14.653236,16.093874,16.92355,14.0928,15.099005,15.704106,15.281993,15.402214,15.522595,17.809366,17.571423,15.893118,16.199322,17.568363,16.867771,16.323555,15.767874,17.536749,17.79705,16.860931,0.8971196,2.0485868,6.9769487,0.4556849,34.22141,36.808792,30.972975,16.347164,16.488514,13.970452,14.29434,16.055815,16.865812,22.08
4446076.924,658159.7026,24.385542,1.0279891,0.8249563,28.73435,39.666588,33.46031,26.704409,21.86854,39.083817,34.90452,37.595177,40.809303,47.2341,32.95771,27.65608,29.75122,32.35761,31.394007,2.1460192,1.9489175,6.267364,7.7130785,1381.79,175.59718,0.000488281,0.74703544,0.002319336,70,30,0.36405203,0.4406485,0.28204948,0.2652911,0.33180055,0.7103706,0.7955821,12.093225,14.784184,10.452117,14.431417,17.551527,20.12758,18.661707,15.218466,15.051336,17.66961,14.649716,15.104795,16.425724,19.286243,16.497868,16.560175,13.862018,15.2806225,11.218605,10.303354,14.6600895,16.919344,17.056976,14.012492,13.660959,13.1582775,12.188261,13.251368,14.300285,15.887227,17.062725,13.991501,16.591898,15.652377,14.291965,15.219185,15.500586,16.563923,15.2174635,15.699298,16.573015,18.394749,16.439829,18.23891,15.658769,17.17116,17.143417,17.198664,0.9264727,2.0474684,6.990221,0.4556849,34.20047,36.994167,30.306896,15.443108,16.383612,14.185858,14.215587,15.57677,17.088549,22.08
4446076.924,658164.7026,28.48461,1.0348572,0.8511261,28.732666,39.741795,33.734383,26.792889,21.698547,39.169476,34.59303,37.37073,40.807743,47.463562,32.8233,26.598806,29.849874,32.35617,31.404865,2.13902,1.9581017,6.2871003,7.695628,1381.79,181.04256,0.080566406,0.7879677,0.003417969,70,30,0.36405203,0.4406485,0.28204948,0.2652911,0.33180055,0.7103706,0.7955821,12.093225,14.784184,10.452117,14.431417,17.551527,20.12758,18.661707,15.218466,15.051336,17.66961,14.649716,15.104795,16.425724,19.286243,16.497868,16.560175,13.862018,15.2806225,11.218605,10.303354,14.6600895,16.919344,17.056976,14.012492,13.660959,13.1582775,12.188261,13.251368,14.300285,15.887227,17.062725,13.991501,16.591898,15.652377,14.291965,15.219185,15.500586,16.563923,15.2174635,15.699298,16.573015,18.394749,16.439829,18.23891,15.658769,17.17116,17.143417,17.198664,0.9429916,2.0485609,6.9913645,0.4556849,34.23723,36.881252,29.711052,15.443108,16.383612,14.185858,14.215587,15.57677,17.088549,22.08
4446076.924,658169.7026,16.192205,1.0615356,0.8774043,28.724146,39.83367,34.341248,26.999434,21.68686,39.21557,33.776405,36.758907,40.446808,47.69572,32.76049,25.634472,29.835678,32.781853,31.297129,2.1367185,1.9773958,6.3064337,7.676596,1381.79,177.9528,0.040527344,0.80268466,0.005615234,70,30,0.36405203,0.4406485,0.28204948,0.2652911,0.33180055,0.7103706,0.7955821,12.441892,14.143697,10.606814,13.531718,17.73179,19.415943,18.377575,14.9361105,15.58857,17.797186,14.928012,14.596601,16.911549,20.526377,16.464493,16.934032,13.387064,14.962039,15.422885,11.658055,15.991441,19.01011,16.595524,15.254909,12.641405,13.307327,12.986837,13.319336,15.522531,17.66693,17.115173,14.454596,15.373097,15.277946,14.1330185,15.160421,16.287846,15.919174,14.671163,15.301485,16.044031,17.312698,16.528254,17.015202,17.117685,16.802946,17.087725,16.928537,0.9694699,2.0570571,6.991515,0.4556849,34.278908,36.495987,29.197481,15.178491,16.68754,15.289588,14.651362,15.260382,16.844076,22.08
4446076.924,658174.7026,14.832798,1.0626289,0.90372443,27.970707,39.81834,35.008842,27.42136,21.274366,39.70315,34.2582,36.282276,40.244896,47.966137,32.53945,22.873592,30.112198,32.89133,31.575384,2.116915,1.9978443,6.317995,7.644044,1381.78,171.8629,0.000488281,0.81032956,0,70,30,0.37189975,0.43814278,0.26587376,0.27357188,0.35478896,0.7018601,0.7909774,12.441892,14.143697,10.606814,13.531718,17.73179,19.415943,18.377575,14.9361105,15.58857,17.797186,14.928012,14.596601,16.911549,20.526377,16.464493,16.934032,13.387064,14.962039,15.422885,11.658055,15.991441,19.01011,16.595524,15.254909,12.641405,13.307327,12.986837,13.319336,15.522531,17.66693,17.115173,14.454596,15.373097,15.277946,14.1330185,15.160421,16.287846,15.919174,14.671163,15.301485,16.044031,17.312698,16.528254,17.015202,17.117685,16.802946,17.087725,16.928537,0.98317665,2.0573797,6.9810195,0.45673063,33.894524,36.980675,27.706522,15.178491,16.68754,15.289588,14.651362,15.260382,16.844076,22.08
4446076.924,658179.7026,27.025896,1.100165,0.929546,27.915901,40.15407,36.9317,28.311476,20.584751,40.24014,33.31489,34.54701,39.608593,49.466354,32.234486,17.761173,30.416498,33.076942,31.316801,2.097854,2.0355713,6.3234367,7.5591397,1381.77,174.80098,-0.03955078,0.79109144,-0.002197266,70,30,0.37189975,0.43814278,0.26587376,0.27357188,0.35478896,0.7018601,0.7909774,12.573644,13.929469,10.041537,13.510168,17.690037,19.979666,18.03233,14.8666115,15.076101,17.73703,14.877792,14.717491,17.581135,20.499668,16.029512,16.878716,15.078415,14.481558,14.828801,11.82549,15.618847,18.09093,16.32757,15.168421,12.804347,12.2454405,12.604591,13.381014,15.659529,18.046942,16.397842,14.33823,14.903786,14.003217,14.085192,14.738986,15.032182,16.08329,15.394345,14.795306,16.789013,17.381561,16.488089,16.646128,15.557814,16.928812,15.894791,16.628864,1.0148555,2.0667126,6.941288,0.45673063,34.03499,36.777515,24.99783,15.108122,16.645533,15.178802,14.44853,14.891572,16.5266,22.08
4446076.924,658184.7026,21.724945,1.0442593,0.9324966,27.828663,40.40372,34.925846,27.216545,21.340113,39.98288,33.896812,36.178055,40.226246,46.88324,32.214928,22.831614,30.224365,33.525024,32.378284,2.0648367,1.9927299,6.3952975,7.601411,1381.77,174.81245,0.080566406,0.7909015,0.005615234,45,30,0.37189975,0.43814278,0.26587376,0.27357188,0.35478896,0.7018601,0.7909774,12.130561,15.067922,10.12896,13.476578,17.875961,20.240538,17.112629,15.158712,15.0688,17.508215,14.478537,16.029001,17.35017,19.926613,16.25082,16.92902,13.253393,16.998589,12.217627,12.814137,15.368821,18.195549,14.679901,14.930089,12.153161,12.432492,12.07776,13.194193,15.192087,17.44361,15.545842,13.944974,14.817144,14.345819,14.746643,14.589434,15.906723,16.113722,14.866292,15.035567,16.312279,18.978607,17.770235,17.456333,16.669823,16.755726,15.618159,17.287298,0.9883779,2.0287833,6.998354,0.45673063,34.11619,36.939846,27.52327,15.147592,16.658878,14.789717,14.005592,15.055112,17.080166,22.08
4446076.924,658189.7026,23.89185,0.9697662,0.9333327,28.112896,40.417446,34.017735,26.728651,21.790207,40.501965,35.154907,37.79009,39.854496,45.219727,31.365723,23.9419,29.138956,33.405968,33.56279,2.0249007,1.967689,6.4498796,7.6169295,1381.76,173.23581,0.080078125,0.8505726,0.001098633,70,30,0.37189975,0.43814278,0.26587376,0.27357188,0.35478896,0.7018601,0.7909774,12.130561,15.067922,10.12896,13.476578,17.875961,20.240538,17.112629,15.158712,15.0688,17.508215,14.478537,16.029001,17.35017,19.926613,16.25082,16.92902,13.253393,16.998589,12.217627,12.814137,15.368821,18.195549,14.679901,14.930089,12.153161,12.432492,12.07776,13.194193,15.192087,17.44361,15.545842,13.944974,14.817144,14.345819,14.746643,14.589434,15.906723,16.113722,14.866292,15.035567,16.312279,18.978607,17.770235,17.456333,16.669823,16.755726,15.618159,17.287298,0.9515494,1.9962949,7.0334044,0.45673063,34.26517,37.828438,27.653812,15.147592,16.658878,14.789717,14.005592,15.055112,17.080166,22.08
4446076.924,658194.7026,34.272854,0.9900908,0.960022,27.682438,40.20337,33.45532,26.377195,22.072021,40.747337,35.125767,37.441,39.637035,44.192223,31.329031,25.411827,30.022911,33.836403,33.944267,1.9814727,1.9435081,6.4930906,7.6250343,1381.74,178.20735,-0.28027344,0.91659933,-0.014404297,70,30,0.37189975,0.43814278,0.26587376,0.27357188,0.35478896,0.7018601,0.7909774,12.30201,13.580829,10.322468,14.235353,15.622673,19.033022,16.216888,14.455026,14.530719,17.387709,13.939998,14.698526,16.512512,19.081314,14.276446,16.162594,14.525438,17.012403,13.845114,14.875056,17.145975,18.95386,16.295507,16.192324,12.469475,12.56652,11.785106,13.61719,14.833917,16.06257,15.486374,13.7569895,15.055483,15.062624,14.449222,14.708441,14.816641,14.761986,14.795133,14.801675,16.477562,17.832367,17.134045,16.026554,16.001965,15.407318,15.372203,16.461554,0.9750564,1.9624904,7.0590625,0.45673063,33.9429,37.936554,28.37043,14.47332,15.775317,16.093336,13.8315935,14.807076,16.321714,22.08
4446076.924,658199.7026,17.596367,0.9688859,0.9658469,27.685959,40.140892,33.041485,26.15381,22.331703,41.076595,35.33938,37.927094,39.62843,43.45179,31.01358,26.32686,29.802961,33.88549,34.13173,1.9362864,1.9252754,6.519364,7.6250496,1381.75,178.26173,0.040039062,0.945254,-0.001098633,70,30,0.37189975,0.43814278,0.26587376,0.27357188,0.35478896,0.7018601,0.7909774,11.616858,14.683577,11.962779,14.557205,17.49985,19.703487,16.456173,15.215122,15.132208,18.762966,14.606089,15.054977,17.246466,20.473475,15.101306,17.030592,12.2137375,14.626523,11.202397,10.79556,17.58434,17.575655,14.597885,14.067642,12.218347,13.094259,11.432829,13.51416,14.774106,15.465318,14.870926,13.513442,14.039357,14.689662,13.431252,14.970596,13.78087,15.435451,14.734304,14.461059,17.029972,18.77185,17.578562,16.426083,14.738462,17.048561,14.704086,16.865368,0.9673664,1.9307809,7.0722065,0.45673063,33.913425,38.207985,28.67022,15.211419,16.625355,14.085156,13.624278,14.440213,16.613941,22.08
4446076.924,658204.7026,33.0824,0.8873624,0.9463774,27.786747,41.353657,32.666004,26.06259,22.924875,41.225178,36.557213,39.066402,39.176514,42.180466,30.88991,25.61687,28.889055,32.684174,34.815887,1.885393,1.925877,6.5241013,7.5964384,1381.74,178.20735,-0.16015625,0.91659933,-0.008911133,45,30,0.38888285,0.44118172,0.2688054,0.2608006,0.33315003,0.683441,0.7931804,11.222541,13.547626,11.90061,14.133184,16.721972,19.087633,16.27105,14.679855,14.581314,18.072758,14.1859665,14.569834,16.123596,19.570078,14.184629,16.324545,14.685306,17.625517,13.784666,13.13883,18.98462,19.004333,16.074234,16.237093,12.234175,13.104428,11.437913,13.535472,14.794391,15.492364,14.870926,13.529235,14.039357,14.689662,13.356321,14.895668,13.687209,15.295169,14.731932,14.387925,16.933054,18.699162,17.463785,16.359764,14.685852,16.944511,14.611671,16.776623,0.9168699,1.905635,7.06027,0.45277742,34.5702,38.891197,28.253391,14.697802,15.898311,16.185358,13.638524,14.385046,16.528257,22.08
4446076.924,658209.7026,17.69947,0.8811088,0.94918954,28.001667,41.908073,32.25785,26.1997,23.323944,41.285286,36.08186,40.569267,40.15984,41.30482,30.876568,26.315296,27.771236,31.70109,35.233086,1.8450084,1.9261189,6.4912095,7.6189723,1381.75,179.05931,0.16015625,0.8732652,0.003295898,45,30,0.38888285,0.44118172,0.2688054,0.2608006,0.33315003,0.683441,0.7931804,12.602708,13.403833,10.013655,14.918834,19.669218,21.825953,16.096064,15.54027,14.676,18.50296,14.526453,14.930377,18.150713,19.824877,16.36326,16.896326,11.308759,13.695775,12.964739,11.591786,18.00035,17.343084,16.25472,14.42613,12.375094,12.418665,11.713142,13.243428,15.66301,16.452877,15.642807,13.821592,14.685117,14.35993,13.282735,15.692408,14.779499,15.270569,16.19988,14.817248,15.525203,19.112488,17.958286,17.718699,15.92796,16.607916,13.728006,16.994654,0.9151492,1.8855636,7.055091,0.45277742,34.954872,38.68357,28.595932,15.504323,16.710663,14.451317,13.92986,14.895734,16.65408,22.08
4446076.924,658214.7026,22.603458,0.87538207,0.9285414,27.841286,41.289886,32.012135,26.45306,23.611809,41.246597,36.518906,40.651077,39.732536,40.88078,31.180758,26.562773,27.715345,31.62489,34.776947,1.8096669,1.9045749,6.4311175,7.587473,1381.73,178.14948,-0.3203125,0.88794506,-0.015625,45,30,0.38888285,0.44118172,0.2688054,0.2608006,0.33315003,0.683441,0.7931804,11.840978,14.407374,10.11855,14.539286,18.635548,20.939693,17.412668,15.349144,14.499611,17.727787,14.364139,14.30118,15.879156,20.317131,15.492834,16.414675,14.453264,17.114756,15.575468,14.487671,17.822254,20.078459,19.54472,16.906574,12.145297,13.171025,12.274764,13.238564,14.502276,17.71186,14.993996,13.98477,15.5900345,14.98054,13.211836,15.331797,14.081148,15.902737,15.01082,14.868477,16.229328,18.92019,16.69909,16.50084,15.491557,16.837154,15.290608,16.772284,0.90196174,1.8571209,7.0092955,0.45277742,34.565586,38.88275,28.871765,15.413443,16.08312,17.010942,14.005397,14.872701,16.566967,22.08
4446071.924,658079.7026,30.075756,1.0993079,0.7449884,27.775412,34.45029,36.59659,30.064014,23.291906,34.947273,30.62082,31.629616,37.163883,47.728294,38.09798,35.472122,31.904018,33.6176,28.96235,2.2827075,2.0218422,6.350587,7.469366,1382.1,107.85687,-0.080566406,0.88776374,-0.005615234,45,30,0.36391932,0.4409452,0.27499846,0.2597238,0.29936433,0.6627132,0.89005035,13.117109,15.715528,13.074327,14.745544,19.35374,21.923418,18.353922,16.543653,15.262299,16.724733,14.9713745,15.527246,16.636383,20.151552,17.695934,16.846716,12.514381,12.109568,10.395691,10.63117,14.854122,16.616068,15.489569,13.145261,11.567675,11.6283455,11.939089,11.923526,16.014149,16.939274,15.482008,13.537242,13.371405,12.936991,13.451027,13.197861,16.215672,18.140144,17.690863,14.8675165,15.856311,17.610374,15.135493,17.176897,15.624397,15.24408,15.9418335,16.167925,0.9221481,2.1522748,6.9099765,0.45595926,31.11285,32.784046,36.78505,16.611942,16.70993,13.230082,13.642009,15.0005665,16.084198,22.08
4446071.924,658084.7026,28.861702,1.0825146,0.74696076,27.48006,33.58918,36.28556,30.473495,23.388943,35.487823,31.905045,32.259148,38.066517,49.36675,37.565617,35.08864,31.687155,32.43658,26.98996,2.2431793,1.9894507,6.363022,7.472628,1382.03,112.91283,-0.119628906,0.69968164,-0.013305664,45,30,0.36501673,0.44080725,0.28738776,0.25281942,0.32038537,0.6823147,0.8019765,12.115235,16.105942,12.404673,15.466309,19.695883,21.29178,17.670235,16.350468,16.408411,17.504154,15.591705,15.717783,17.58015,20.718634,17.505167,17.434925,12.725087,13.533224,11.67277,11.322664,15.862634,18.077805,17.750004,14.237339,11.44267,12.724649,11.539267,13.004974,15.541077,17.008678,16.326588,13.823536,13.4083605,13.515988,13.230631,13.376958,15.96222,17.907404,18.35323,14.985069,15.357794,17.559694,15.753733,15.715662,14.378072,15.770924,16.106432,15.777273,0.9147377,2.116315,6.9178247,0.4501011,30.53462,33.696434,36.327126,16.392864,17.289429,14.420598,13.94113,15.107827,15.806044,22.08
4446071.924,658089.7026,27.402554,1.0641947,0.7503049,27.318594,32.796906,36.13997,30.77654,23.546738,35.98208,32.561455,32.726894,38.64533,50.313564,36.979996,35.05882,31.23472,31.626862,25.838446,2.2131128,1.9701579,6.367462,7.478669,1381.98,122.73523,-0.28027344,0.4772505,-0.016723633,45,30,0.36501673,0.44080725,0.28738776,0.25281942,0.32038537,0.6823147,0.8019765,11.31445,15.455098,11.532656,14.866803,18.851027,20.508776,17.167328,15.619333,16.183264,17.580074,15.384119,15.317494,17.346561,20.458456,17.333458,17.231743,12.720365,13.534311,11.662307,11.338309,15.871639,18.085539,17.743567,14.240399,10.384529,11.613597,10.558525,11.460996,14.03092,15.679825,15.25175,12.575973,13.373472,13.580294,13.174002,13.4863,16.085173,18.153772,18.380157,15.070315,14.679979,16.956898,14.99749,15.204794,13.932882,15.472192,15.498363,15.243836,0.9072498,2.0916352,6.9230657,0.4501011,30.05775,34.271767,36.01941,15.6708765,17.086203,14.422293,12.711449,15.1761675,15.248942,22.08
4446071.924,658094.7026,27.251884,1.0501561,0.7583856,27.267033,32.398884,35.931873,30.981667,23.696697,36.347813,33.007534,33.085896,38.80329,50.33669,36.439808,34.965588,31.102995,31.129074,25.667986,2.1872451,1.9601178,6.3571124,7.4940567,1381.96,135,-0.040039062,0.4255598,-0.004516602,45,30,0.36501673,0.44080725,0.28738776,0.25281942,0.32038537,0.6823147,0.8019765,12.406831,16.23311,11.839592,16.06211,18.401781,20.540041,17.740963,16.061388,15.972342,17.032185,15.231611,15.775225,17.944693,20.367813,16.398212,17.222559,12.843636,14.322347,11.735277,11.762594,15.968062,17.647161,18.181433,14.391258,11.601395,12.811621,11.269964,12.483033,14.17635,16.028616,16.998465,13.34889,13.432004,14.37895,13.5106125,13.674838,16.328297,18.581865,19.477848,15.348959,14.595807,15.865309,14.420313,14.567778,15.304796,15.426219,15.854474,15.105604,0.9042709,2.0736814,6.925585,0.4501011,29.832958,34.677673,35.702698,16.174917,16.960297,14.637217,13.624207,15.626345,15.147814,22.08
4446071.924,658099.7026,30.209505,1.0417401,0.7682441,27.245602,32.527466,35.835587,31.05955,23.78566,36.646206,32.86273,33.31032,38.496258,49.396255,35.886208,35.052685,30.896881,31.356812,26.73314,2.1746619,1.9435264,6.343665,7.5262485,1381.94,142.44312,0.07910156,0.46957308,0.002197266,45,30,0.36501673,0.44080725,0.28738776,0.25281942,0.32038537,0.6823147,0.8019765,11.554522,15.926623,11.4226055,15.97939,17.51453,20.255632,17.683233,15.609551,15.746344,16.964357,15.211429,16.177183,18.058302,19.844818,16.429647,17.12976,12.499441,14.167989,12.399405,10.718175,16.34307,17.905367,18.16294,14.372966,11.501079,12.769944,10.2074585,12.157843,14.736224,15.988156,16.341942,13.119371,15.025531,14.457266,12.831017,13.612231,16.346544,18.677254,19.508205,15.508212,15.2274685,15.888144,15.055865,14.7370405,15.936958,15.306306,15.727953,15.360156,0.9049921,2.0590942,6.9349566,0.4501011,29.886534,34.754467,35.469444,15.762362,16.918869,14.599483,13.386092,15.779722,15.41139,22.08
4446071.924,658104.7026,30.736673,1.0327902,0.7832794,27.546976,31.400124,35.527176,31.146223,23.695948,36.852325,33.69565,34.628082,38.1671,48.26661,35.382076,35.130833,30.079466,31.250395,27.59602,2.1696103,1.8755345,6.3295817,7.5788865,1381.91,147.28372,-0.07910156,0.47652566,-0.004394531,45,30,0.36501673,0.44080725,0.28738776,0.25281942,0.32038537,0.6823147,0.8019765,11.54212,15.943537,11.36394,15.994644,17.44317,20.288153,17.700148,15.60381,16.338566,17.742777,15.852076,17.370947,18.75172,20.306444,16.631231,17.818357,12.493757,14.163843,12.257921,10.610666,16.227398,17.791351,17.931341,14.263593,11.4566145,12.73266,10.157843,12.1133795,14.58132,15.832925,16.18905,13.033002,14.850675,14.349562,12.786686,13.616514,16.317059,18.696272,19.519617,15.459466,16.743382,17.53201,16.701077,16.440699,17.25662,16.772673,16.75554,16.889053,0.9080348,2.0225725,6.954234,0.4501011,29.473549,35.273987,35.256454,15.7536745,17.570538,14.496612,13.294827,15.73377,16.886,22.08
4446071.924,658109.7026,31.594685,1.0262175,0.80241406,27.585209,31.392704,35.338596,31.29539,23.684357,36.95384,33.8928,34.79328,37.44497,46.831055,34.998608,35.103657,30.090746,31.62415,28.864674,2.1700406,1.8755231,6.3019714,7.6330795,1381.89,150.26318,-0.040039062,0.46213588,-0.003295898,45,30,0.36501673,0.44080725,0.28738776,0.25281942,0.32038537,0.6823147,0.8019765,11.796776,15.25865,11.902048,15.719406,15.978751,20.662672,17.960535,15.485198,16.625809,18.15511,16.12022,15.98628,18.55527,20.272207,16.768282,17.758017,12.069039,14.810382,12.458261,10.647179,15.744995,18.522154,16.299286,14.240323,11.901576,11.697604,10.540965,12.4568815,13.238014,16.077627,15.829458,12.906363,14.847247,14.036423,13.106588,13.495142,14.094608,18.624205,18.44364,15.132954,16.196167,17.55773,16.327278,16.16059,15.487202,16.578005,16.545786,16.480114,0.91431576,2.0227818,6.9675255,0.4501011,29.488956,35.423317,35.051132,15.611262,17.497597,14.364471,13.106018,15.235407,16.407537,22.08
4446071.924,658114.7026,31.060545,1.019875,0.828369,27.622303,31.38331,35.143635,31.546907,23.699945,37.05776,34.11456,34.887856,36.5369,45.150135,34.648697,35.13608,30.170134,32.068153,30.315075,2.1722803,1.8759404,6.2714753,7.7043796,1381.87,149.6283,-0.040039062,0.48172578,-0.002197266,45,30,0.3687884,0.4384822,0.28973123,0.25026137,0.32254174,0.70485044,0.8054789,13.787046,15.233495,13.072609,17.335781,17.11615,19.648714,18.645742,16.289856,16.013088,18.543613,16.830656,16.776295,17.646004,21.532076,17.996153,18.204372,12.499898,14.99898,12.50709,11.325449,15.258304,18.177332,16.873112,14.42071,13.065912,12.389745,12.270038,13.507143,14.2613535,18.127115,17.258171,14.229951,14.41454,14.183454,13.635425,15.220718,15.137499,19.848755,17.559006,15.602181,15.432833,17.399162,15.089563,15.600757,14.033903,17.379604,17.287445,16.079681,0.92412204,2.0241103,6.9879274,0.45430487,29.502808,35.58616,34.892387,16.40565,17.905413,14.520021,14.411354,15.7142,16.031895,22.08
4446071.924,658119.7026,33.90363,1.0071082,0.8421636,27.773932,38.662525,34.982433,31.872204,23.813086,37.332253,34.437046,34.806316,36.130665,43.86654,34.22605,34.018665,30.316977,32.25885,31.336554,2.1573322,1.8901596,6.240126,7.76962,1381.85,149.60725,-0.000488281,0.48142412,-0.001098633,45,30,0.3687884,0.4384822,0.28973123,0.25026137,0.32254174,0.70485044,0.8054789,13.787046,15.233495,13.072609,17.335781,17.11615,19.648714,18.645742,16.289856,16.013088,18.543613,16.830656,16.776295,17.646004,21.532076,17.996153,18.204372,12.499898,14.99898,12.50709,11.325449,15.258304,18.177332,16.873112,14.42071,13.065912,12.389745,12.270038,13.507143,14.2613535,18.127115,17.258171,14.229951,14.41454,14.183454,13.635425,15.220718,15.137499,19.848755,17.559006,15.602181,15.432833,17.399162,15.089563,15.600757,14.033903,17.379604,17.287445,16.079681,0.9246359,2.023746,7.0048733,0.45430487,33.218227,35.88465,34.12236,16.40565,17.905413,14.520021,14.411354,15.7142,16.031895,22.08
4446071.924,658124.7026,35.761055,1.0088184,0.81044793,27.754784,38.709545,34.753567,30.9628,23.552628,37.558468,34.57593,35.219456,37.009186,44.756096,34.156925,33.111294,30.090734,32.196056,30.973778,2.157587,1.8916252,6.2389402,7.73346,1381.83,148.38348,-0.000976563,0.4369307,0,70,30,0.3687884,0.4384822,0.28973123,0.25026137,0.32254174,0.70485044,0.8054789,11.972927,14.76597,11.5700655,16.367655,17.136606,19.3751,18.890408,15.466187,15.084697,17.192093,15.143677,14.723528,16.81789,20.26085,16.217342,16.805664,12.165347,14.278557,11.679244,11.533015,14.180289,16.996473,15.261574,13.658611,12.536511,11.8912945,11.276688,14.323863,14.561148,17.932798,16.08662,13.945342,13.91474,14.939641,13.771238,15.165769,14.964544,18.68608,17.77551,15.366589,16.464668,18.255678,16.42043,16.905151,14.590075,16.960207,16.377151,16.616592,0.90963316,2.0246062,6.9862003,0.45430487,33.232162,36.0672,33.63411,15.7255335,16.49144,13.727786,14.08699,15.602503,16.567623,22.08
4446071.924,658129.7026,34.27005,1.0008261,0.7838781,28.210402,39.323498,34.48451,30.110113,23.294838,37.688828,34.386776,35.809948,38.22758,45.701786,34.098083,32.427917,29.724014,31.856651,30.47564,2.1659012,1.930782,6.2376895,7.7219763,1381.81,152.5238,-0.0390625,0.40322584,-0.002197266,45,30,0.3687884,0.4384822,0.28973123,0.25026137,0.32254174,0.70485044,0.8054789,13.201921,13.921773,13.3274765,15.798604,17.428627,20.081314,18.581938,15.851627,15.430074,18.276918,15.211026,14.000234,18.055866,19.79762,16.457336,16.929646,11.198166,13.84886,11.451336,11.125265,15.687951,18.079863,15.961485,13.699314,12.001032,12.219029,12.263809,13.89152,14.905144,18.461485,16.126896,14.138932,13.969461,14.742249,13.774374,15.140326,14.80515,18.620241,16.556175,15.189446,16.086588,18.342144,16.205795,17.057491,16.085411,16.806444,15.535596,16.591425,0.8923521,2.0483415,6.9798326,0.45430487,33.76695,36.037804,33.263,16.04881,16.747011,13.907561,14.266988,15.372568,16.588495,22.08
4446071.924,658134.7026,30.512589,0.996128,0.7656689,27.943504,38.89598,34.11483,29.412066,23.144783,38.037384,35.117847,36.03632,38.812332,46.299496,34.083153,31.509161,30.05053,31.778667,30.41956,2.1605809,1.9225309,6.234941,7.72383,1381.8,152.61075,0.12060547,0.46749708,0.006713867,70,30,0.3687884,0.4384822,0.28973123,0.25026137,0.32254174,0.70485044,0.8054789,13.201921,13.921773,13.3274765,15.798604,17.428627,20.081314,18.581938,15.851627,15.430074,18.276918,15.211026,14.000234,18.055866,19.79762,16.457336,16.929646,11.198166,13.84886,11.451336,11.125265,15.687951,18.079863,15.961485,13.699314,12.001032,12.219029,12.263809,13.89152,14.905144,18.461485,16.126896,14.138932,13.969461,14.742249,13.774374,15.140326,14.80515,18.620241,16.556175,15.189446,16.086588,18.342144,16.205795,17.057491,16.085411,16.806444,15.535596,16.591425,0.8808985,2.041556,6.9793854,0.45430487,33.419743,36.577614,32.796158,16.04881,16.747011,13.907561,14.266988,15.372568,16.588495,22.08
4446071.924,658139.7026,33.28076,0.9974348,0.75496644,27.92138,38.93774,33.919754,28.759886,22.95679,38.26276,35.340244,36.19245,39.431522,46.95016,34.13553,30.694437,30.03372,31.725769,30.18329,2.1601746,1.927374,6.232411,7.7284155,1381.77,154.0861,-0.079589844,0.55732536,-0.005493164,70,30,0.3687884,0.4384822,0.28973123,0.25026137,0.32254174,0.70485044,0.8054789,13.052118,14.62406,12.533831,16.553343,18.341396,19.641161,17.968626,15.908661,15.247067,17.960484,15.009738,14.9475765,17.177324,20.436043,16.719994,17.01133,11.526176,12.191434,11.615465,11.351964,14.759796,18.324026,16.105303,13.526893,12.711835,11.484497,12.213714,12.660296,14.76666,18.483732,16.492247,13.951359,14.481277,13.611608,14.7079525,15.323384,15.091555,18.452665,16.545933,15.272559,16.400812,18.162012,16.626898,15.97526,16.298573,16.805094,15.44148,16.585947,0.8762006,2.0437744,6.9804134,0.45430487,33.429558,36.801502,32.41498,16.102077,16.78546,13.696309,14.11614,15.459196,16.530018,22.08
4446071.924,658144.7026,36.59076,0.97565025,0.7512781,28.231062,40.323532,33.85207,28.209492,22.825317,38.373955,35.281178,36.257244,40.058243,47.58024,34.15253,29.648033,29.83209,31.404089,29.730429,2.1503701,1.9497132,6.2275357,7.705258,1381.75,163.31198,-0.12011719,0.5985302,-0.0078125,70,30,0.36405203,0.4406485,0.28204948,0.2652911,0.33180055,0.7103706,0.7955821,12.483521,15.363615,12.767201,17.009462,18.51244,21.299326,18.523556,16.508219,15.111626,17.991026,14.319557,14.698184,17.540031,20.809408,16.152308,16.962255,11.09909,12.619578,10.926891,11.061461,14.455761,18.279816,15.569906,13.367005,12.313688,11.590131,12.81145,13.317062,14.757281,16.989443,16.076197,13.783593,14.035154,13.82032,14.176353,15.669123,14.648066,18.815735,16.831127,15.331332,15.828539,19.07315,16.280798,16.815594,16.258808,17.765984,14.740438,16.852827,0.8634642,2.0500417,6.966397,0.4556849,34.277298,36.827568,31.900282,16.565588,16.660307,13.430358,13.9793215,15.427983,16.680471,22.08
4446071.924,658149.7026,30.155489,0.9638736,0.76427233,28.504465,39.950726,33.691666,27.76583,22.61881,38.658325,35.61236,36.446583,40.547398,47.943737,33.919704,29.007547,30.00365,31.335192,29.651821,2.1409123,1.9452072,6.231063,7.7148857,1381.74,168.70201,-0.040039062,0.65775,-0.004516602,70,30,0.36405203,0.4406485,0.28204948,0.2652911,0.33180055,0.7103706,0.7955821,12.082733,14.586719,12.148544,16.556522,18.266794,20.593864,17.63969,15.931206,14.542778,17.590649,13.875742,14.252092,16.688162,19.794544,15.02668,16.310684,13.303106,15.216047,13.558168,13.494829,16.053314,19.951029,17.059145,15.525285,12.334602,11.600298,12.8267,13.338374,14.777566,17.020727,16.08128,13.803358,13.960226,13.670461,14.101423,15.519262,14.718629,18.798357,16.769768,15.24323,15.744365,18.96799,16.19025,16.762024,16.191845,17.716032,14.612421,16.772842,0.864073,2.0430598,6.9729743,0.4556849,34.227596,37.13534,31.463627,15.982123,15.9672365,15.519377,13.997079,15.362589,16.597847,22.08
4446071.924,658154.7026,32.455532,0.964108,0.7761979,28.527786,40.00607,33.75377,27.476622,22.429256,38.81275,35.68515,36.313538,40.757935,47.84531,33.751034,28.055641,30.163012,31.270832,30.322601,2.1396515,1.9695661,6.2385497,7.7149034,1381.73,170.91681,-0.040527344,0.7254306,-0.003417969,70,30,0.36405203,0.4406485,0.28204948,0.2652911,0.33180055,0.7103706,0.7955821,12.089918,14.688578,12.916699,14.770805,17.52482,20.247347,17.816921,15.627043,14.504244,17.364359,14.396933,13.416824,16.01829,19.356407,15.439786,16.019035,14.708601,16.310993,14.329359,12.847559,16.75574,18.611677,19.191381,15.910878,13.144966,12.382765,13.4325075,13.497131,14.673521,16.125158,16.928635,14.112562,14.949145,15.479319,15.207065,15.177426,15.4994955,17.91687,17.689701,15.805016,16.131163,17.463202,16.801456,16.210152,15.723232,17.466604,17.709747,16.78325,0.87015295,2.0546088,6.9767265,0.4556849,34.26693,37.24895,30.903337,15.722155,15.785263,16.1079,14.312098,15.988432,16.786509,22.08
4446071.924,658159.7026,20.512545,1.0066547,0.8013825,28.549679,39.848194,33.988377,27.30902,22.249538,38.827953,35.04133,35.968616,40.362694,47.723213,33.591362,27.729763,30.43328,32.248634,30.41234,2.1386247,1.9483191,6.2431245,7.695631,1381.72,172.46933,-0.040527344,0.76577073,-0.004516602,70,30,0.36405203,0.4406485,0.28204948,0.2652911,0.33180055,0.7103706,0.7955821,11.6192875,13.9930725,9.998941,13.828262,16.865124,19.44838,17.6028,14.600114,14.383646,17.11515,14.103819,14.657016,15.57697,18.364714,15.261667,15.8683605,15.898691,17.644243,13.846148,12.726888,16.262604,18.247908,18.886166,16.085838,13.681872,13.168447,12.203514,13.272677,14.32057,15.91851,17.06781,14.011264,16.442036,15.427591,14.217035,15.069326,15.403958,16.561945,15.263184,15.593184,16.53826,18.277775,16.325052,18.119135,15.614125,17.088837,17.09496,17.113506,0.90401864,2.0434718,6.9693775,0.4556849,34.198936,36.93464,30.660563,14.765123,15.637568,16.216093,14.233343,15.4835825,17.008305,22.08
4446071.924,658164.7026,30.012077,1.0111247,0.81954634,28.55762,39.921627,34.364475,27.28819,22.109709,38.968067,34.59971,35.577103,40.268017,47.6978,33.35311,26.802427,30.593039,32.327045,30.536594,2.1343975,1.9607267,6.255536,7.6687593,1381.71,177.9528,-0.16064453,0.80268466,-0.008911133,70,30,0.36405203,0.4406485,0.28204948,0.2652911,0.33180055,0.7103706,0.7955821,11.6192875,13.9930725,9.998941,13.828262,16.865124,19.44838,17.6028,14.600114,14.383646,17.11515,14.103819,14.657016,15.57697,18.364714,15.261667,15.8683605,15.898691,17.644243,13.846148,12.726888,16.262604,18.247908,18.886166,16.085838,13.681872,13.168447,12.203514,13.272677,14.32057,15.91851,17.06781,14.011264,16.442036,15.427591,14.217035,15.069326,15.403958,16.561945,15.263184,15.593184,16.53826,18.277775,16.325052,18.119135,15.614125,17.088837,17.09496,17.113506,0.91533554,2.0475621,6.9621477,0.4556849,34.239624,36.78389,30.07777,14.765123,15.637568,16.216093,14.233343,15.4835825,17.008305,22.08
4446071.924,658169.7026,17.059397,1.0081329,0.834432,28.733072,40.137146,34.744694,27.384014,21.889788,39.21153,34.686447,36.173977,39.8436,47.42593,32.956253,25.17363,29.935963,32.69249,31.552027,2.1290934,1.9610474,6.2686057,7.636708,1381.72,178.0234,0.119628906,0.83133703,0.005493164,70,30,0.36405203,0.4406485,0.28204948,0.2652911,0.33180055,0.7103706,0.7955821,11.936853,13.252978,10.262064,13.076597,17.084265,19.0491,17.469877,14.400832,14.969035,17.301388,14.387324,14.133087,15.990477,19.626305,15.226196,16.252245,15.499502,17.189869,17.553646,14.117212,17.595001,20.521318,18.05222,17.23415,12.662318,13.317494,12.9970045,13.340648,15.542815,17.699144,17.120258,14.473741,15.373097,15.128087,14.1330185,15.160421,16.191217,15.917197,14.716883,15.26562,15.953482,17.20847,16.44051,16.948887,17.065075,16.732801,17.039265,16.850523,0.9212825,2.0450704,6.9526567,0.4556849,34.43511,36.94899,29.064941,14.590249,15.947687,17.218395,14.668527,15.231417,16.769785,22.08
4446071.924,658174.7026,14.143927,1.0099195,0.8531893,28.200806,40.093918,35.365036,27.589113,21.633083,39.56597,34.745228,35.676437,39.581387,47.43679,32.72699,23.429138,30.025846,32.717308,31.919844,2.111338,1.975427,6.2806396,7.60904,1381.71,173.87921,-0.000488281,0.806771,0,70,30,0.37189975,0.43814278,0.26587376,0.27357188,0.35478896,0.7018601,0.7909774,11.936853,13.252978,10.262064,13.076597,17.084265,19.0491,17.469877,14.400832,14.969035,17.301388,14.387324,14.133087,15.990477,19.626305,15.226196,16.252245,15.499502,17.189869,17.553646,14.117212,17.595001,20.521318,18.05222,17.23415,12.662318,13.317494,12.9970045,13.340648,15.542815,17.699144,17.120258,14.473741,15.373097,15.128087,14.1330185,15.160421,16.191217,15.917197,14.716883,15.26562,15.953482,17.20847,16.44051,16.948887,17.065075,16.732801,17.039265,16.850523,0.93155444,2.0433824,6.9448395,0.45673063,34.14736,37.1556,28.078064,14.590249,15.947687,17.218395,14.668527,15.231417,16.769785,22.08
4446071.924,658179.7026,25.783682,1.0035769,0.8720225,28.14406,39.9525,35.59993,27.693434,21.546547,40.05963,35.122803,36.182568,39.326523,47.082043,32.182663,22.02709,29.661604,32.936493,32.49806,2.0898364,1.9866574,6.297676,7.6025057,1381.7,175.7598,-0.080566406,0.77562475,-0.004516602,70,30,0.37189975,0.43814278,0.26587376,0.27357188,0.35478896,0.7018601,0.7909774,12.072207,13.101832,9.844394,12.903837,17.452482,19.53284,17.277086,14.3774395,14.456568,17.24722,14.3350115,14.236465,16.688425,19.538094,14.929907,16.189705,17.000101,16.616062,17.023838,14.461911,17.238293,20.02596,17.874989,17.222403,12.825259,12.255608,12.614759,13.402326,15.679813,18.074923,16.397842,14.355788,14.903786,13.928287,14.085192,14.5891285,15.122876,16.081312,15.391973,14.771148,16.698463,17.273157,16.400347,16.579811,15.466953,16.853357,15.813861,16.54541,0.9377997,2.0382469,6.950091,0.45673063,34.04828,37.591217,27.104877,14.597811,15.918814,17.177309,14.464361,14.871795,16.44085,22.08
4446071.924,658184.7026,18.938457,0.98207796,0.8747918,28.000978,40.48434,35.226223,27.386395,21.705181,40.218044,35.069637,36.484337,39.430946,46.05557,31.977854,22.73308,29.586971,33.43626,33.224907,2.058466,1.9774201,6.3342323,7.583931,1381.7,172.76546,0.07910156,0.79415876,0.003295898,70,30,0.37189975,0.43814278,0.26587376,0.27357188,0.35478896,0.7018601,0.7909774,11.775621,14.226721,10.119487,12.919729,17.205736,19.853935,16.510632,14.684573,14.510058,16.916426,13.953285,15.527364,16.453608,18.93454,15.269101,16.223316,15.346311,18.922657,14.822456,15.439964,17.127775,19.514503,16.149183,16.941357,12.174074,12.44266,12.082843,13.215505,15.212372,17.470655,15.545842,13.96156,14.817144,14.345819,14.596784,14.439573,15.997418,15.986863,14.788989,14.976286,16.221733,18.881687,17.649084,17.36903,16.617214,16.708109,15.519371,17.20714,0.92843485,2.017943,6.9590816,0.45673063,34.24266,37.64384,27.355467,14.658837,15.937769,16.760408,14.020566,14.996084,16.995176,22.08
4446071.924,658189.7026,25.852436,0.95999116,0.8842441,28.014841,40.39917,34.69015,27.029057,22.017479,40.43851,35.242443,37.03124,39.543747,45.09075,31.688166,24.062582,29.408037,33.458122,33.50603,2.0223913,1.9602035,6.370588,7.586429,1381.68,169.89088,-0.15917969,0.81482065,-0.006591797,70,30,0.37189975,0.43814278,0.26587376,0.27357188,0.35478896,0.7018601,0.7909774,11.777397,14.0293865,11.903452,13.285396,15.79757,19.408495,17.286642,14.647409,20.793262,22.618217,20.276892,20.757225,23.608858,24.060312,22.09825,22.14162,15.367285,16.833273,14.167465,12.588133,16.241608,19.196917,16.334972,15.871511,12.706944,12.229319,13.056775,13.899696,14.578607,17.462843,15.775656,14.149866,14.989491,13.638519,12.679988,13.821783,13.384378,14.499606,14.798935,13.812553,15.364485,16.564285,16.899,16.433142,15.638431,16.265905,14.640244,16.10774,0.9221176,1.9912975,6.9785085,0.45673063,34.207005,37.840477,27.875374,14.784049,22.03043,15.818521,14.244264,13.973243,15.972213,22.08
4446071.924,658194.7026,26.309172,0.9771908,0.90481174,27.593645,40.197342,34.27082,26.769598,22.276436,40.720943,35.18819,36.7585,39.4039,44.200455,31.613754,25.266237,30.130028,33.831966,33.86648,1.9791162,1.9422666,6.393096,7.5879416,1381.68,174.98262,0.12060547,0.8196478,0.002319336,70,30,0.37189975,0.43814278,0.26587376,0.27357188,0.35478896,0.7018601,0.7909774,12.5791645,13.69364,11.09622,12.941849,16.275854,20.230713,16.722736,14.875373,20.643454,23.030937,19.281277,19.357538,23.504671,24.146967,21.321812,21.870918,14.753729,17.147886,12.978536,12.578822,17.133509,18.10907,15.970774,15.532079,11.887813,13.417277,11.521578,12.809627,14.861885,16.467066,14.972939,13.664206,14.250666,14.660337,12.21459,13.169055,14.198044,14.539887,14.031982,13.779329,16.187857,16.648132,16.587154,16.712091,16.585464,15.623471,15.430649,16.281933,0.9410013,1.9606915,6.9905186,0.45673063,33.895493,37.954567,28.439995,14.791453,21.61238,15.524618,13.705455,13.866365,16.253546,22.08
4446071.924,658199.7026,18.86668,0.92589504,0.9046995,27.911247,41.069283,33.901215,26.637661,22.639507,41.04062,35.15343,38.289787,40.36514,43.086056,31.202152,25.78684,28.808435,32.602055,34.81179,1.9324832,1.9469494,6.404583,7.583874,1381.67,178.99405,-0.079589844,0.81663334,-0.003295898,70,30,0.37189975,0.43814278,0.26587376,0.27357188,0.35478896,0.7018601,0.7909774,12.086062,13.884338,11.463882,14.392143,18.143211,19.727352,16.874205,15.274306,20.86803,22.907787,19.658375,19.355505,25.196594,24.129173,20.841839,22.083439,14.784927,17.006641,13.5584135,12.658343,17.545853,18.469095,16.102367,15.757526,12.055016,13.803938,12.52679,12.622158,15.322037,15.337323,14.947029,13.719905,14.438318,14.422275,12.599124,13.362552,12.806453,14.835045,14.303103,13.781414,16.516659,17.361538,16.12286,16.295116,14.661245,16.048498,15.228612,16.114677,0.91529727,1.9397163,6.9942284,0.45673063,34.490265,38.097023,28.494495,15.224457,21.851044,15.732234,13.802042,13.823838,16.033504,22.08
4446071.924,658204.7026,19.421543,0.88152605,0.89529645,27.70687,41.55291,33.641907,26.579308,23.038477,41.242973,35.884727,38.883324,40.27414,42.509438,31.250687,25.665447,28.44044,32.193317,34.712032,1.8767319,1.9430493,6.390783,7.557814,1381.67,181.04256,-0.03955078,0.7879677,-0.004394531,45,30,0.38888285,0.44118172,0.2688054,0.2608006,0.33315003,0.683441,0.7931804,12.086062,13.884338,11.463882,14.392143,18.143211,19.727352,16.874205,15.274306,20.86803,22.907787,19.658375,19.355505,25.196594,24.129173,20.841839,22.083439,14.784927,17.006641,13.5584135,12.658343,17.545853,18.469095,16.102367,15.757526,12.055016,13.803938,12.52679,12.622158,15.322037,15.337323,14.947029,13.719905,14.438318,14.422275,12.599124,13.362552,12.806453,14.835045,14.303103,13.781414,16.516659,17.361538,16.12286,16.295116,14.661245,16.048498,15.228612,16.114677,0.8884113,1.9098907,6.9742985,0.45277742,34.62989,38.56385,28.458067,15.224457,21.851044,15.732234,13.802042,13.823838,16.033504,22.08
4446071.924,658209.7026,22.767931,0.8675755,0.8862139,27.827795,41.65625,33.238163,26.71191,23.419088,41.248974,36.268295,39.938946,40.01535,41.821392,31.350828,25.75609,27.834858,31.220228,34.658943,1.830489,1.924902,6.3532166,7.5616984,1381.67,182.20467,-0.119628906,0.74538285,-0.005493164,45,30,0.38888285,0.44118172,0.2688054,0.2608006,0.33315003,0.683441,0.7931804,11.972635,14.345999,10.983014,14.889086,19.033606,20.657969,16.653563,15.468396,20.756252,22.99584,19.611593,20.582504,25.145536,24.153015,22.03988,22.363564,14.760832,16.563217,14.731534,13.758914,16.542313,17.773079,18.25423,15.947949,12.282469,12.906934,11.504064,13.528885,15.134627,15.922546,15.668948,13.682388,13.499072,15.603888,12.488264,13.788243,12.4145565,14.552776,14.522379,13.822687,16.496,17.835194,15.476746,15.363864,14.503002,16.726904,13.064089,16.018272,0.8768947,1.8776956,6.9574575,0.45277742,34.742023,38.758636,28.55346,15.505125,22.18352,16.054874,13.849782,13.838454,15.637971,22.08
4446071.924,658214.7026,26.601482,0.8569172,0.8727047,27.801025,41.619328,32.729603,27.05789,23.736345,41.452072,36.649323,40.621944,39.791687,41.162727,31.248339,25.886827,27.53626,31.2044,34.770954,1.7987288,1.9016945,6.305814,7.5609326,1381.68,176.49298,0.16064453,0.70314085,0.005615234,45,30,0.38888285,0.44118172,0.2688054,0.2608006,0.33315003,0.683441,0.7931804,12.956698,13.499716,10.5512495,15.07179,19.222143,20.70441,17.000013,15.398727,20.223095,23.208344,19.822023,19.815052,24.708246,24.436066,22.093054,22.260933,15.4075985,16.513681,15.264453,13.067026,17.452633,19.700035,18.967289,16.50473,12.844879,13.15434,12.099828,12.718288,14.556683,17.853943,15.366846,14.117295,14.624194,15.942848,12.136675,13.452179,11.978369,15.002011,13.038591,13.783827,15.732709,16.782106,15.322696,15.4767275,14.436719,16.21433,13.990219,15.594902,0.86481094,1.8502116,6.9333735,0.45277742,34.710175,39.050697,28.567583,15.572289,22.043697,16.624676,14.084971,13.739267,15.422216,22.08
4446066.924,658079.7026,27.674694,1.0971848,0.7769536,27.700787,34.188526,36.148365,30.258234,23.42786,34.90051,30.712132,31.449883,38.29914,47.97655,38.33831,35.308285,32.23847,32.62616,28.827812,2.2820642,2.0100553,6.4165463,7.5114617,1382.08,104.25357,-0.041015625,0.872018,-0.004516602,45,30,0.36391932,0.4409452,0.27499846,0.2597238,0.29936433,0.6627132,0.89005035,13.368741,15.909315,13.284114,16.354609,18.03503,21.264498,18.765713,16.60125,15.432635,16.622242,14.4514065,15.14651,17.163057,19.764532,17.048752,16.688927,10.887634,11.824583,11.231155,9.908578,14.524735,16.196579,15.158193,12.608947,12.098482,11.480794,12.432764,12.674856,15.638422,17.237297,16.172861,13.796718,14.956736,13.190645,14.27976,13.024259,16.569103,17.73753,16.793346,15.14989,15.918045,17.292889,15.891012,14.233475,15.456554,16.663342,15.49588,15.966303,0.9370692,2.1460598,6.964004,0.45595926,30.944656,32.80632,36.823296,16.711718,16.51845,12.81878,13.962211,15.221625,15.850172,22.08
4446066.924,658084.7026,25.20295,1.0802966,0.7816561,27.395168,33.325306,35.740925,30.828571,23.543652,35.476624,32.090496,32.07759,39.59879,49.77601,37.83002,34.855724,32.083035,31.005331,26.628056,2.244255,1.977816,6.446974,7.5238795,1382.01,107.64947,-0.19970703,0.6614515,-0.010009766,45,30,0.36501673,0.44080725,0.28738776,0.25281942,0.32038537,0.6823147,0.8019765,12.945267,15.565912,13.2557125,15.534261,18.351095,21.171064,18.754225,16.30648,15.998617,16.874714,15.774858,16.017294,17.69651,20.304544,16.976185,17.251287,12.530674,13.295146,12.237646,11.255422,16.1302,17.662066,17.592598,14.170104,11.587715,12.257263,11.183803,13.268056,15.676324,17.374186,16.01618,13.774303,14.396439,13.895831,13.624855,13.102728,16.677517,17.6118,17.558796,15.262901,15.642609,16.266886,14.970282,15.051747,16.53511,15.883409,15.417598,15.728724,0.9309764,2.1110356,6.985427,0.4501011,30.360237,33.78356,36.342873,16.511076,17.091816,14.3862505,13.909075,15.266852,15.68109,22.08
4446066.924,658089.7026,25.60441,1.0604094,0.7847434,27.27505,32.797474,35.51812,31.237339,23.567698,36.085487,32.829205,32.620266,40.428455,50.872276,37.18378,34.622543,31.706999,29.920515,25.280775,2.2151413,1.9739175,6.464646,7.536416,1381.98,118.06402,0.20019531,0.48724142,0.0078125,45,30,0.36501673,0.44080725,0.28738776,0.25281942,0.32038537,0.6823147,0.8019765,12.051949,14.960149,12.333254,14.867647,17.87946,20.416018,18.28415,15.596472,15.773471,16.92921,15.411336,15.571826,17.859093,20.210686,16.892376,17.108562,12.518698,13.290541,12.231311,11.273134,16.144127,17.673811,17.581387,14.172882,10.533224,11.09447,10.11466,11.793682,14.189522,15.988585,15.002401,12.518067,14.359578,14.021902,13.629552,13.22287,16.77672,17.9108,17.562115,15.373604,14.964795,15.662905,14.214346,14.633692,16.201212,15.508542,14.817085,15.209879,0.9225764,2.0945294,7.000531,0.4501011,30.036263,34.457344,35.90316,15.827517,16.949713,14.387573,12.673792,15.354791,15.143226,22.08
4446066.924,658094.7026,26.165932,1.0626469,0.7851952,27.299555,32.598755,35.43966,31.488573,23.809265,36.417225,32.70562,33.07261,40.138172,50.60231,36.62777,34.860477,31.400736,29.967918,25.666708,2.2007318,1.9672065,6.4516377,7.5487804,1381.94,127.556885,0.0390625,0.46957308,0.003295898,45,30,0.36501673,0.44080725,0.28738776,0.25281942,0.32038537,0.6823147,0.8019765,12.581717,15.244329,12.280636,15.241122,17.0327,20.345217,18.058012,15.7039585,15.332039,17.757431,15.358629,16.23917,18.29839,20.362997,16.681927,17.406412,13.235225,15.106813,11.4239,11.76764,16.039118,17.965498,18.625288,14.619898,11.673871,12.36397,11.024874,11.711395,15.155228,16.321638,16.109241,13.3263035,14.423792,15.087695,13.351774,13.19187,16.502266,18.4133,18.995762,15.51112,15.246035,15.864809,14.37807,14.633893,16.313019,15.434799,15.790996,15.345679,0.923921,2.083969,7.000209,0.4501011,29.949154,34.561424,35.744125,15.826248,17.147226,14.880498,13.480031,15.709495,15.380231,22.08
4446066.924,658099.7026,29.158741,1.0418316,0.78851163,27.204689,32.527657,35.519207,31.561497,23.798584,36.728855,33.0718,33.226124,39.570095,49.806446,36.068905,34.730885,31.165428,30.221308,26.367094,2.1784863,1.9475309,6.4187155,7.566461,1381.9,135,-0.15917969,0.4656166,-0.00769043,45,30,0.36501673,0.44080725,0.28738776,0.25281942,0.32038537,0.6823147,0.8019765,12.474464,14.737955,11.780198,15.022673,17.508217,20.249687,18.002186,15.523539,16.016851,18.29774,16.363102,17.278242,18.801308,20.729086,16.666798,18.03448,12.27951,14.975676,11.844461,11.9200535,15.138683,18.004358,18.268412,14.422891,12.134701,12.7319355,11.221137,11.745807,14.593353,15.686696,15.683691,13.250247,15.157791,15.206703,12.684568,13.680151,16.41864,18.213455,18.9664,15.539299,16.85567,17.808483,17.104767,16.39685,17.036503,18.277113,16.83933,17.264023,0.9151716,2.0630085,6.992588,0.4501011,29.866173,34.90033,35.399895,15.682197,17.73616,14.633021,13.399618,15.761102,17.188389,22.08
4446066.924,658104.7026,28.542482,1.0357158,0.79383975,27.235615,32.518158,35.531437,31.669136,23.776272,36.87317,33.273098,33.411957,38.719887,48.624306,35.629253,34.71283,31.033087,30.711279,27.45213,2.1731796,1.9424052,6.379799,7.595322,1381.88,143.13477,0,0.42988515,-0.002197266,45,30,0.36501673,0.44080725,0.28738776,0.25281942,0.32038537,0.6823147,0.8019765,13.316221,15.434776,12.69411,15.953069,18.119673,20.778376,18.432919,16.258402,16.346498,18.631262,16.669756,17.560474,19.030897,21.042889,16.995632,18.335487,12.621327,15.355664,12.203521,12.279113,15.497745,18.626997,18.739841,14.858691,13.219919,14.095487,12.541387,12.768568,15.287745,16.92587,17.01703,14.383342,16.12363,16.176886,13.752695,14.736923,17.3121,19.0671,19.88979,16.505722,16.89245,17.845263,17.14935,16.441433,17.092232,18.30776,16.920692,17.307909,0.91477776,2.0577924,6.9875603,0.4501011,29.876886,35.073135,35.171043,16.389877,18.03963,15.046315,14.550858,16.722733,17.235598,22.08
4446066.924,658109.7026,28.796274,1.0268116,0.8023186,27.805208,32.77254,35.477886,31.764252,23.68194,36.875072,33.0769,34.39843,37.92022,47.314888,35.242477,34.86957,30.218323,31.17975,28.5094,2.1755233,1.9626415,6.345225,7.6424026,1381.86,145.79042,0,0.43321943,0.001098633,45,30,0.36501673,0.44080725,0.28738776,0.25281942,0.32038537,0.6823147,0.8019765,13.4808655,16.140223,12.262264,15.875002,17.281343,21.004011,18.490475,16.301863,16.579004,18.61524,16.963558,16.658081,19.214645,20.847458,17.345646,18.28169,12.610987,15.659411,11.930175,11.516739,15.432179,18.975393,17.55111,14.659867,13.329681,13.839679,12.208706,13.405363,14.518811,16.9467,17.356953,14.320342,15.500572,15.745377,13.470606,14.471567,14.987829,19.617006,19.502085,16.02091,17.059423,16.939144,17.19268,18.196865,16.116062,18.546432,16.543041,17.363104,0.9145651,2.0690823,6.9938135,0.4501011,30.288876,34.975986,35.056023,16.362026,18.031948,14.810857,14.515128,16.185005,17.227663,22.08
4446066.924,658114.7026,31.831863,1.05309,0.8105801,27.701113,39.156925,35.421326,31.923504,23.551609,37.098633,33.70834,34.64159,37.30872,46.117043,34.860966,33.726067,30.010033,31.507074,29.625965,2.1700416,1.9152732,6.312095,7.6801567,1381.84,144.88121,0.07910156,0.47262743,0.003295898,45,30,0.3687884,0.4384822,0.28973123,0.25026137,0.32254174,0.70485044,0.8054789,12.426975,13.745114,11.602892,14.759336,17.759398,20.92537,18.184855,15.501609,14.892958,17.149408,15.449681,14.943331,17.754131,19.40931,16.649796,16.75769,11.854547,12.335368,11.447218,11.540045,14.895471,19.09694,16.6401,13.839205,13.029551,11.80256,11.979719,13.235784,15.188665,17.926832,16.503162,14.087051,14.578618,15.02612,13.927681,14.464403,14.648459,19.485174,17.176912,15.453822,16.252644,17.277237,17.019547,17.918926,16.45005,18.895178,16.653189,17.432562,0.93183506,2.0426574,6.996126,0.45430487,33.42902,35.40349,34.293518,15.629134,16.606945,13.972812,14.238039,15.615338,17.20954,22.08
4446066.924,658119.7026,34.643356,1.0202541,0.8103546,27.8422,39.41177,35.28684,31.866495,23.525745,37.20659,34.02794,34.75468,37.091904,45.478153,34.640827,33.3901,30.053616,31.865013,30.287287,2.1641612,1.9205981,6.280543,7.7059913,1381.81,150.24974,-0.119140625,0.46159372,-0.005493164,45,30,0.3687884,0.4384822,0.28973123,0.25026137,0.32254174,0.70485044,0.8054789,12.426975,13.745114,11.602892,14.759336,17.759398,20.92537,18.184855,15.501609,14.892958,17.149408,15.449681,14.943331,17.754131,19.40931,16.649796,16.75769,11.854547,12.335368,11.447218,11.540045,14.895471,19.09694,16.6401,13.839205,13.029551,11.80256,11.979719,13.235784,15.188665,17.926832,16.503162,14.087051,14.578618,15.02612,13.927681,14.464403,14.648459,19.485174,17.176912,15.453822,16.252644,17.277237,17.019547,17.918926,16.45005,18.895178,16.653189,17.432562,0.91530436,2.0423796,6.993267,0.45430487,33.626984,35.617264,34.015465,15.629134,16.606945,13.972812,14.238039,15.615338,17.20954,22.08
4446066.924,658124.7026,36.94723,1.0005609,0.79514366,28.149424,39.280117,35.040745,31.434359,23.527433,37.463707,34.396873,35.25803,37.77159,45.70053,34.41397,32.97179,29.88003,31.436874,30.198328,2.158727,1.9204835,6.260666,7.715639,1381.8,153.42496,0.080566406,0.44829178,0.004516602,70,30,0.3687884,0.4384822,0.28973123,0.25026137,0.32254174,0.70485044,0.8054789,12.854324,13.4709015,11.529489,14.047658,16.247139,20.878569,19.218597,15.230314,15.055896,17.307076,14.892504,15.04217,17.921656,19.957521,16.90071,16.907272,11.663327,11.81179,11.341001,11.887645,15.737642,19.551964,16.590702,13.991616,11.985333,12.228968,11.832477,14.157809,15.656535,18.26619,18.147669,14.390183,14.446344,14.26662,13.904312,14.458753,14.925275,18.693878,17.84241,15.1937,16.227829,18.400549,17.039871,17.2211,16.538736,18.98704,16.677734,17.4308,0.8978523,2.0396051,6.9881525,0.45430487,33.71477,35.93029,33.69288,15.463811,16.72536,14.08344,14.610711,15.50537,17.298979,22.08
4446066.924,658129.7026,36.85663,1.0006375,0.7776532,28.136988,39.315243,34.78694,30.765121,23.346619,37.625317,34.60944,35.50357,38.263706,46.21833,34.440174,32.287773,29.830988,31.481121,30.052568,2.16045,1.9237138,6.247998,7.7166023,1381.78,152.6593,0.040039062,0.46788254,0.002197266,70,30,0.3687884,0.4384822,0.28973123,0.25026137,0.32254174,0.70485044,0.8054789,12.6821575,13.824709,11.519973,13.78848,16.68459,20.479006,18.212505,15.150403,15.548935,17.246721,15.113081,15.8209505,17.072313,20.001402,16.53904,17.029306,12.749234,11.44662,11.337496,11.839621,14.064774,18.7934,16.40421,13.673131,12.207014,12.957563,11.531428,13.906383,14.347377,17.448908,17.929775,14.041261,14.859657,14.8023405,13.708026,14.762297,14.499033,17.800215,17.102688,15.191803,16.582697,18.66947,16.294804,18.618198,15.948968,17.91837,16.623434,17.364197,0.8891454,2.0420818,6.9823003,0.45430487,33.726116,36.11738,33.363976,15.31306,16.763206,13.805049,14.332635,15.362037,17.236563,22.08
4446066.924,658134.7026,29.806288,0.9964289,0.76281893,27.874567,38.886044,34.412266,30.09384,23.221334,37.87834,35.35306,35.713978,38.768417,46.855194,34.53505,31.430508,30.139729,31.453737,29.915548,2.1566978,1.9158336,6.2387986,7.726398,1381.76,149.03624,0.040039062,0.50161,0.003295898,70,30,0.3687884,0.4384822,0.28973123,0.25026137,0.32254174,0.70485044,0.8054789,12.6821575,13.824709,11.519973,13.78848,16.68459,20.479006,18.212505,15.150403,15.548935,17.246721,15.113081,15.8209505,17.072313,20.001402,16.53904,17.029306,12.749234,11.44662,11.337496,11.839621,14.064774,18.7934,16.40421,13.673131,12.207014,12.957563,11.531428,13.906383,14.347377,17.448908,17.929775,14.041261,14.859657,14.8023405,13.708026,14.762297,14.499033,17.800215,17.102688,15.191803,16.582697,18.66947,16.294804,18.618198,15.948968,17.91837,16.623434,17.364197,0.8796239,2.0362656,6.9825983,0.45430487,33.380306,36.6157,32.98278,15.31306,16.763206,13.805049,14.332635,15.362037,17.236563,22.08
4446066.924,658139.7026,30.724733,0.9839518,0.7529105,27.977709,39.372704,34.154278,29.46604,23.052818,38.007633,35.8452,35.97916,39.386642,47.69976,34.68632,30.36099,29.993444,31.416021,29.342588,2.1519156,1.9129763,6.2296424,7.7251925,1381.73,146.3153,-0.080078125,0.51670504,-0.004516602,70,30,0.3687884,0.4384822,0.28973123,0.25026137,0.32254174,0.70485044,0.8054789,12.579573,13.532178,12.951294,14.414105,17.07118,19.914392,17.186832,15.297737,14.746585,16.662075,14.210574,13.35981,16.42176,18.271145,15.369006,15.848646,14.956235,14.813868,14.044696,12.719768,15.803992,19.131979,17.43774,15.397242,12.168147,11.792727,12.54307,13.092425,14.504517,17.365633,16.577526,13.745885,14.86413,13.748169,15.047323,14.482826,15.114292,17.858255,16.680264,15.201856,16.576397,17.543264,16.473541,17.477839,15.487479,16.73137,15.378285,16.651472,0.86843115,2.032446,6.9774175,0.45430487,33.675205,36.926414,32.523655,15.378508,15.577279,15.558326,14.006293,15.3993225,16.524025,22.08
4446066.924,658144.7026,38.95846,0.9734882,0.7473548,28.117208,40.298946,33.985012,28.912916,22.96154,38.0725,35.873528,35.929913,40.047745,48.49073,34.945145,29.518656,30.020016,31.088726,28.968687,2.1401653,1.9340242,6.221625,7.7220516,1381.71,152.73553,-0.000488281,0.53168285,-0.001098633,70,30,0.36405203,0.4406485,0.28204948,0.2652911,0.33180055,0.7103706,0.7955821,11.465784,14.814232,12.86434,15.089953,17.091492,20.292372,16.79395,15.454271,14.872174,16.349686,14.150251,13.840746,16.251858,18.525639,14.877724,15.849842,14.85217,14.214186,14.322619,13.137195,15.702165,18.514929,16.75517,15.294655,12.543389,12.527236,12.705881,13.439749,14.6539,16.586716,15.942136,13.923285,14.8531475,14.620891,15.633982,14.708554,15.314672,17.94835,16.967505,15.498467,16.390087,17.187054,16.739288,17.663387,15.777331,17.493551,15.797392,16.82058,0.86042154,2.0370948,6.971838,0.4556849,34.208076,36.973015,32.2319,15.487447,15.552581,15.35692,14.057001,15.721014,16.721155,22.08
4446066.924,658149.7026,30.60669,0.9713857,0.746897,28.062529,40.34138,33.870888,28.43097,22.80025,38.20991,36.14814,35.92299,40.44099,49.08563,35.11283,28.602768,30.104624,31.048538,28.732857,2.1321862,1.9380884,6.22025,7.7290034,1381.69,158.9697,-0.000976563,0.59831285,-0.001220703,70,30,0.36405203,0.4406485,0.28204948,0.2652911,0.33180055,0.7103706,0.7955821,11.756647,15.121785,13.1581745,15.286774,17.28228,20.582489,16.984125,15.715837,20.044235,22.547552,21.021397,20.004951,23.72078,24.717112,21.878233,22.1648,15.251474,13.845819,14.549573,12.628556,15.19324,17.998774,16.24829,15.063411,12.538077,12.521925,12.700571,13.455481,14.703544,16.580881,15.936824,13.92803,14.408427,13.731253,14.608167,13.674103,14.598063,17.144629,16.695415,14.661762,15.697744,16.442791,15.995023,16.91912,14.942846,16.94482,15.2877655,16.11352,0.85914135,2.0351372,6.9746265,0.4556849,34.201954,37.179024,31.8578,15.738896,21.99061,15.102246,14.062471,14.980009,16.032871,22.08
4446066.924,658154.7026,32.34411,0.9608707,0.7636493,28.392445,39.97583,33.849262,28.054491,22.595827,38.488934,36.321903,35.952095,40.64944,48.627533,34.603367,27.999063,30.381266,31.093493,29.663525,2.1287594,1.9507046,6.2245274,7.7294226,1381.67,163.8987,-0.07910156,0.6707914,-0.003295898,70,30,0.36405203,0.4406485,0.28204948,0.2652911,0.33180055,0.7103706,0.7955821,11.465887,14.291878,12.658026,14.239627,18.359484,20.288967,18.309849,15.466587,20.494413,23.311283,19.885767,19.936031,24.061378,24.052353,23.019423,22.192875,15.964358,14.707095,13.678202,12.437803,15.795237,17.694986,19.665674,15.410741,13.903592,12.827413,12.920759,13.298243,15.139094,16.474394,16.268532,14.257037,14.175072,14.485487,14.809877,14.054834,14.518119,16.327995,17.092909,14.782083,15.932385,16.965876,15.119695,17.434017,14.602841,16.340824,16.642218,16.22133,0.86226,2.039732,6.976975,0.4556849,34.184135,37.40542,31.301216,15.6591015,22.108662,15.706193,14.404574,15.066328,16.148266,22.08
4446066.924,658159.7026,18.258001,0.96484405,0.7720965,28.544983,40.15822,34.241966,27.809956,22.536325,38.647842,35.63906,35.494255,39.915535,47.846943,34.111416,27.54745,30.336124,32.192467,30.589355,2.1332912,1.9490359,6.229586,7.6852427,1381.66,168.6793,0.040527344,0.7303686,0.001098633,70,30,0.36405203,0.4406485,0.28204948,0.2652911,0.33180055,0.7103706,0.7955821,11.522265,13.12482,10.747942,14.295305,17.833704,20.369589,17.561367,14.985689,20.56222,23.05323,19.342375,20.319864,24.758482,25.063486,22.70779,22.413704,16.040659,14.699178,13.309486,12.590652,15.914831,18.360142,18.481543,15.544301,13.587778,12.897858,11.395227,13.410106,14.713193,17.149595,16.611904,14.144324,14.228203,13.231842,13.06191,13.678433,14.839915,15.350202,14.633899,14.100523,15.898084,16.913864,16.706144,16.269608,15.2425,15.776051,15.461986,16.180433,0.8684703,2.0411634,6.9574146,0.4556849,34.3516,37.14345,30.829433,15.064998,22.258207,15.62807,14.252238,14.146342,16.038319,22.08
4446066.924,658164.7026,26.506123,0.9656562,0.78345835,28.576487,40.226562,34.62664,27.661957,22.420645,38.82124,35.090775,35.07578,39.712498,47.43913,33.733143,26.841026,30.51858,32.379284,30.945616,2.1324985,1.9614011,6.2373857,7.6506205,1381.65,174.60576,0.040527344,0.7625432,0,70,30,0.36405203,0.4406485,0.28204948,0.2652911,0.33180055,0.7103706,0.7955821,11.522265,13.12482,10.747942,14.295305,17.833704,20.369589,17.561367,14.985689,20.56222,23.05323,19.342375,20.319864,24.758482,25.063486,22.70779,22.413704,16.040659,14.699178,13.309486,12.590652,15.914831,18.360142,18.481543,15.544301,13.587778,12.897858,11.395227,13.410106,14.713193,17.149595,16.611904,14.144324,14.228203,13.231842,13.06191,13.678433,14.839915,15.350202,14.633899,14.100523,15.898084,16.913864,16.706144,16.269608,15.2425,15.776051,15.461986,16.180433,0.87455726,2.0469499,6.944003,0.4556849,34.401524,36.95601,30.287085,15.064998,22.258207,15.62807,14.252238,14.146342,16.038319,22.08
4446066.924,658169.7026,15.07601,0.96532714,0.79487467,28.40886,40.412266,35.029827,27.578613,22.215233,39.0596,34.92646,34.645935,39.47015,47.094173,33.36359,25.789103,30.844236,32.7425,31.289429,2.124026,1.9605553,6.2451735,7.6154137,1381.64,176.8751,-0.119628906,0.7890103,-0.004394531,70,30,0.36405203,0.4406485,0.28204948,0.2652911,0.33180055,0.7103706,0.7955821,11.178918,13.891062,10.840718,13.668533,17.863117,19.71099,17.556505,14.84237,20.739363,22.628757,19.79631,21.260303,24.837332,24.502228,22.718098,22.487581,16.213009,15.578165,14.547895,14.3519745,17.407759,19.295275,18.58355,16.558779,12.140569,11.8604145,11.907641,13.51873,15.232649,17.300598,16.590187,13.947392,15.07979,13.56646,13.455722,14.321753,15.086143,15.347797,14.901804,14.518016,17.148026,17.734348,15.313925,17.424992,15.855014,16.271393,15.718819,16.628157,0.8801009,2.0422907,6.9302936,0.4556849,34.41056,36.99303,29.576347,14.9585495,22.354626,16.568232,14.078684,14.537066,16.495216,22.08
4446066.924,658174.7026,17.139101,0.99063665,0.81475395,28.13974,40.0019,35.32004,27.54405,22.009283,39.273,35.01562,35.265617,39.312637,46.63349,33.13459,24.8436,30.346231,32.834824,32.088676,2.112238,1.9534134,6.2501,7.603241,1381.64,175.92238,0.000488281,0.8040327,0,70,30,0.37189975,0.43814278,0.26587376,0.27357188,0.35478896,0.7018601,0.7909774,11.178918,13.891062,10.840718,13.668533,17.863117,19.71099,17.556505,14.84237,20.739363,22.628757,19.79631,21.260303,24.837332,24.502228,22.718098,22.487581,16.213009,15.578165,14.547895,14.3519745,17.407759,19.295275,18.58355,16.558779,12.140569,11.8604145,11.907641,13.51873,15.232649,17.300598,16.590187,13.947392,15.07979,13.56646,13.455722,14.321753,15.086143,15.347797,14.901804,14.518016,17.148026,17.734348,15.313925,17.424992,15.855014,16.271393,15.718819,16.628157,0.9026953,2.0328257,6.9266706,0.45673063,34.07082,37.14431,28.989094,14.9585495,22.354626,16.568232,14.078684,14.537066,16.495216,22.08
4446066.924,658179.7026,29.14471,0.97664005,0.8288739,28.08979,39.825935,35.35506,27.470972,22.031277,39.772545,35.51079,36.019066,39.125168,46.008415,32.53366,23.979053,29.902803,33.03683,32.71692,2.0910752,1.9597178,6.2627664,7.603228,1381.64,175.9206,0.12011719,0.8036839,0.005615234,70,30,0.37189975,0.43814278,0.26587376,0.27357188,0.35478896,0.7018601,0.7909774,11.950828,13.004392,11.053526,13.375038,16.21973,19.403961,17.952991,14.549861,20.84969,22.404522,19.737467,20.825745,24.629145,23.748451,23.027496,22.243994,16.572056,17.316635,14.361801,14.261559,16.362953,18.66088,18.620352,16.506104,12.491884,12.56505,12.044606,13.787666,14.192435,17.087776,16.657215,14.056411,15.402417,13.25412,13.1394825,13.980146,13.607023,14.604932,15.628382,14.095823,14.908933,17.303051,15.443425,15.902649,14.886027,16.15419,15.9509,15.819385,0.9027569,2.0253963,6.932997,0.45673063,33.957863,37.64167,28.256357,14.708638,22.174643,16.593748,14.11809,14.230929,15.792739,22.08
4446066.924,658184.7026,19.294203,0.9608961,0.8304036,27.936495,40.40104,35.312542,27.32583,22.100077,39.99821,35.336086,36.10417,39.182663,45.336994,32.30619,24.008492,29.830597,33.506332,33.312378,2.0613384,1.9562541,6.2854576,7.572153,1381.63,171.8699,0,0.80978566,0.004394531,70,30,0.37189975,0.43814278,0.26587376,0.27357188,0.35478896,0.7018601,0.7909774,11.777397,14.030283,11.887654,13.172831,14.721368,18.022219,15.344664,14.183926,20.787271,22.611925,20.269026,20.750933,23.574583,24.028002,22.072948,22.126299,15.367285,16.833273,14.167465,12.526731,16.241608,19.16966,16.302263,15.851695,12.707808,12.229319,13.056775,13.819244,14.438471,17.286787,15.479864,14.061583,14.989491,13.636945,12.679988,13.644829,13.268307,14.36176,14.5386305,13.728445,13.997348,15.036204,15.497174,14.899745,14.293256,15.219718,13.615415,14.78057,0.89564985,2.0087962,6.9288054,0.45673063,34.168766,37.66715,28.157341,14.13663,22.013529,15.801184,14.145468,13.874278,14.651267,22.08
4446066.924,658189.7026,34.19047,0.9454783,0.8367776,27.93883,40.354294,35.102776,27.172155,22.321266,40.276268,35.386986,36.447285,39.25693,44.690956,32.015842,24.686008,29.654383,33.51895,33.517452,2.02615,1.9466164,6.306226,7.5631943,1381.62,169.87663,0.119628906,0.8146792,0.003295898,70,30,0.37189975,0.43814278,0.26587376,0.27357188,0.35478896,0.7018601,0.7909774,11.777397,14.030283,11.887654,13.172831,14.719548,18.021006,15.341753,14.183241,22.595675,23.70055,22.135544,22.479765,24.897923,25.486633,23.912382,23.677675,18.176245,19.940369,19.08517,15.888613,19.100012,21.749018,18.717571,19.035582,14.609515,14.254377,15.060328,15.075798,15.269819,17.67349,16.014378,15.392463,15.278061,13.927167,13.081018,14.402148,14.559113,15.546153,15.2979765,14.424392,15.950048,16.98736,17.665213,17.025826,16.802065,16.892443,15.15188,16.74432,0.89112794,1.9863832,6.93471,0.45673063,34.14656,37.831627,28.350925,14.135781,23.601212,18.951,15.422529,14.584519,16.639261,22.08
4446066.924,658194.7026,17.502275,0.93334806,0.8563232,27.850412,41.100487,34.796715,27.076355,22.668669,40.55495,35.05293,37.268883,40.08815,43.557518,31.79937,25.28931,29.186924,32.587112,34.57923,1.982874,1.9526778,6.3178825,7.5606194,1381.6,174.80098,-0.16064453,0.79109144,-0.0078125,70,30,0.37189975,0.43814278,0.26587376,0.27357188,0.35478896,0.7018601,0.7909774,12.580061,13.69364,11.018954,12.513286,15.198952,18.778748,14.795074,14.353188,22.445866,24.206272,21.169151,21.204252,24.884655,25.54673,23.127462,23.432308,17.801113,19.845034,16.73756,15.890674,20.318905,20.4957,18.017384,18.465189,13.84464,15.318985,13.023012,13.631256,15.6209135,16.794683,15.143272,14.792571,14.539233,15.068018,12.496588,13.694476,15.5997715,15.656194,14.564871,14.428139,16.792667,16.94321,17.136236,17.380154,17.73209,16.042322,16.142263,16.838852,0.8948356,1.967776,6.939251,0.45673063,34.47545,37.80394,28.54434,14.082674,23.226343,18.443768,14.768109,14.517022,16.881277,22.08
4446066.924,658199.7026,16.907967,0.91681695,0.8538059,27.833132,41.054188,34.615685,27.01392,22.898727,40.93151,35.106728,37.807236,40.276432,43.116043,31.542362,25.88378,28.817228,32.51522,34.689034,1.934307,1.9455833,6.311534,7.551056,1381.6,181.08192,-0.080566406,0.75930196,-0.005615234,70,30,0.37189975,0.43814278,0.26587376,0.27357188,0.35478896,0.7018601,0.7909774,12.086062,13.884338,11.331459,14.038267,17.097351,18.271872,14.936674,14.756711,22.734377,24.062578,21.47486,21.189411,26.29258,25.416845,22.70607,23.59109,17.54114,19.695637,17.312042,16.002903,20.047548,20.673986,18.194023,18.535631,13.966215,15.705648,14.098427,13.44295,16.355417,15.664429,15.117363,14.886181,14.845919,14.829954,12.713769,13.825412,14.251309,15.809487,14.892466,14.400516,17.354055,17.66508,16.774967,16.76921,15.514369,16.35792,15.945636,16.638685,0.8853114,1.9399452,6.931295,0.45673063,34.44366,38.01912,28.71307,14.520861,23.410961,18.495327,14.907207,14.452616,16.625889,22.08
4446066.924,658204.7026,19.612143,0.8716262,0.8389219,27.610506,41.54592,34.542385,26.995916,23.254635,41.217434,35.752193,38.363995,40.340164,42.735813,31.589714,25.589275,28.37525,32.04398,34.550648,1.870835,1.9506239,6.2820015,7.5168657,1381.61,182.20467,0.079589844,0.74538285,0.004394531,45,30,0.38888285,0.44118172,0.2688054,0.2608006,0.33315003,0.683441,0.7931804,12.086062,13.884338,11.331459,14.038267,17.097351,18.271872,14.936674,14.756711,22.734377,24.062578,21.47486,21.189411,26.29258,25.416845,22.70607,23.59109,17.54114,19.695637,17.312042,16.002903,20.047548,20.673986,18.194023,18.535631,13.966215,15.705648,14.098427,13.44295,16.355417,15.664429,15.117363,14.886181,14.845919,14.829954,12.713769,13.825412,14.251309,15.809487,14.892466,14.400516,17.354055,17.66508,16.774967,16.76921,15.514369,16.35792,15.945636,16.638685,0.8552741,1.9107294,6.8994336,0.45277742,34.578213,38.484814,28.589495,14.520861,23.410961,18.495327,14.907207,14.452616,16.625889,22.08
4446066.924,658209.7026,25.502928,0.8564323,0.8273645,27.686443,41.6528,34.36716,27.121532,23.560911,41.40492,35.952812,39.30437,40.24756,42.265575,31.629913,25.63988,27.726414,31.080431,34.50867,1.8121922,1.9464061,6.2294755,7.5114217,1381.61,184.40282,-0.000488281,0.74703544,0,45,30,0.38888285,0.44118172,0.2688054,0.2608006,0.33315003,0.683441,0.7931804,11.934029,14.345999,10.98391,14.759479,17.82722,19.307312,14.84742,15.008156,22.535534,24.15837,21.328758,22.383127,26.32358,25.382315,23.87682,23.846643,18.108486,19.258162,18.418926,17.322615,18.737732,19.7852,20.251701,18.78677,14.247922,14.808642,13.187193,14.585627,15.842262,16.186409,16.030386,14.888458,13.807333,16.01149,13.059024,14.435236,13.706889,15.5107,15.204982,14.509093,17.19227,18.29662,16.601452,15.977102,15.096072,17.019564,14.009417,16.634678,0.84189844,1.8792992,6.8704486,0.45277742,34.669624,38.678864,28.634895,14.85791,23.712643,18.840403,14.984063,14.533664,16.313213,22.08
4446066.924,658214.7026,27.170303,0.8506666,0.83083665,27.910969,42.0341,33.512165,27.635052,24.101048,41.471798,35.7643,40.77703,39.931473,40.74587,31.406328,26.001143,26.956734,31.078007,35.402214,1.7874353,1.9281725,6.203569,7.505824,1381.62,181.1703,0.119628906,0.70197064,0.008911133,45,30,0.38888285,0.44118172,0.2688054,0.2608006,0.33315003,0.683441,0.7931804,12.824275,13.478483,10.552147,14.842543,18.181862,19.402721,15.281471,14.927078,22.175282,24.378452,21.531727,21.448368,25.706587,25.524466,24.076572,23.718967,18.511509,19.471443,18.846992,16.054829,19.354298,21.37124,21.007818,19.153227,14.615048,15.056048,13.782954,13.585834,15.382917,18.095613,15.795688,15.274528,15.098926,16.35344,12.707436,13.948393,13.150982,16.115627,14.434006,14.555882,16.756159,17.51704,16.561787,15.968869,14.9514265,16.5264,14.970024,16.316244,0.84075165,1.8578038,6.8546963,0.45277742,34.972534,38.61805,28.703735,14.937643,23.548779,19.231161,15.187729,14.544115,16.178814,22.08
4446061.924,658079.7026,24.789574,1.0883703,0.8076404,27.365816,33.342564,35.606216,30.407116,23.345379,35.020363,31.948778,31.578806,39.340813,48.16084,38.48718,34.57699,32.66192,31.6437,28.656702,2.2738895,1.9881096,6.4780717,7.560489,1382.06,97.836174,-0.15917969,0.83867294,-0.011108398,45,30,0.36391932,0.4409452,0.27499846,0.2597238,0.29936433,0.6627132,0.89005035,13.001059,15.587344,12.905645,16.07626,17.830267,20.927408,18.435408,16.285484,15.846942,17.013664,14.895979,15.455444,17.432339,20.067926,17.350794,17.041323,11.256513,12.440027,12.14927,10.125974,14.737225,16.697512,15.577739,13.088929,12.114565,11.499036,12.44382,12.691348,15.713628,17.32524,16.257336,13.83468,14.964589,13.207064,14.291382,13.022169,16.56466,17.72964,16.816462,15.155005,15.919573,17.303791,15.891012,14.233475,15.456554,16.672426,15.49588,15.969948,0.9480053,2.1309996,7.0192804,0.45595926,30.35419,33.48457,36.53208,16.39477,16.866154,13.283464,14.006426,15.227995,15.853246,22.08
4446061.924,658084.7026,22.325333,1.0767343,0.8143459,27.353235,33.32834,35.13573,31.169443,23.573015,35.64097,32.311443,32.02344,41.309124,50.45588,37.97656,34.425026,32.496243,29.413736,25.925564,2.243642,1.9825372,6.5368857,7.572673,1382,104.01568,0,0.7089415,-0.004394531,45,30,0.36501673,0.44080725,0.28738776,0.25281942,0.32038537,0.6823147,0.8019765,12.945267,15.598021,13.267293,15.58325,18.36557,21.180885,18.75687,16.325027,15.793309,16.269363,15.411336,15.497833,17.291048,19.85771,16.699436,16.829662,12.531667,13.299849,12.241727,11.272152,16.146572,17.67568,17.59555,14.179199,11.610543,12.098854,11.119043,12.935135,15.366186,17.170708,16.07442,13.621048,14.58452,14.22469,13.866407,13.460459,16.998726,18.10972,17.777828,15.588251,15.647647,16.266886,14.970282,15.051747,16.53511,15.883409,15.417598,15.729511,0.9455401,2.1130896,7.054779,0.4501011,30.340786,33.976204,36.20079,16.528166,16.688578,14.394743,13.767842,15.574622,15.681809,22.08
4446061.924,658089.7026,22.996536,1.0558462,0.81982243,27.406588,33.97779,34.83657,31.764772,23.669083,36.24219,32.49041,32.377,42.885464,52.128487,37.397526,34.063908,32.196953,27.61958,23.87283,2.2135804,1.9986712,6.5809846,7.5841627,1381.94,119.034805,-0.20117188,0.58973813,-0.012329102,45,30,0.36501673,0.44080725,0.28738776,0.25281942,0.32038537,0.6823147,0.8019765,11.97323,14.847219,12.254534,14.821457,17.85059,20.416018,18.261055,15.543401,15.705101,16.806759,15.337245,15.516808,17.834631,20.210686,16.872805,17.055515,12.619696,13.385706,12.194146,11.278204,16.136131,17.673494,17.556381,14.197458,11.378735,11.875628,10.895836,12.564959,14.963265,16.774652,15.793439,13.308812,14.352277,14.014603,13.6222515,13.213745,16.767593,17.903196,17.552988,15.365619,14.965459,15.6635685,14.215673,14.633692,16.262848,15.570178,14.892568,15.233406,0.9378343,2.1061258,7.082574,0.4501011,30.692188,34.366302,35.730717,15.774871,16.897718,14.406251,13.463788,15.346664,15.171998,22.08
4446061.924,658094.7026,26.661184,1.0606456,0.8099283,27.245146,32.59848,34.879,31.997585,23.861015,36.61372,32.976467,33.029747,41.89629,51.465836,36.78651,34.449875,31.770304,28.240738,24.79229,2.200539,1.9705821,6.551397,7.593737,1381.91,130.4194,0.000976563,0.5077893,-0.001098633,45,30,0.36501673,0.44080725,0.28738776,0.25281942,0.32038537,0.6823147,0.8019765,12.570758,15.261246,12.268235,15.2588,17.053162,20.379118,18.075144,15.718048,15.924263,18.53585,16.093788,17.38451,18.99181,20.784271,16.835089,18.087078,13.233093,15.106221,11.3293,11.744398,15.61385,17.952099,18.492006,14.525464,11.625038,12.334964,10.976476,11.662563,15.000323,16.166407,15.971895,13.240927,14.304677,15.073253,13.340167,13.247416,16.467426,18.50588,19.007172,15.511903,16.648893,17.89834,16.14896,16.397194,17.707241,16.995832,17.132135,16.99696,0.93528694,2.0855606,7.072567,0.4501011,29.921814,34.795094,35.618195,15.838066,17.792797,14.781566,13.391095,15.706571,16.9898,22.08
4446061.924,658099.7026,29.22654,1.0419127,0.8023115,27.16311,32.528473,35.23397,31.966993,23.805843,36.863403,33.262753,33.183735,40.62873,50.270744,36.20247,34.408077,31.374884,29.1488,25.973455,2.1799464,1.9512262,6.4910235,7.5983577,1381.88,132.50912,0.040039062,0.46655193,0.001098633,45,30,0.36501673,0.44080725,0.28738776,0.25281942,0.32038537,0.6823147,0.8019765,13.316221,15.434776,12.69411,15.953069,18.119673,20.778376,18.432919,16.258402,16.346498,18.631262,16.669756,17.560474,19.030897,21.042889,16.995632,18.335487,12.621327,15.355664,12.203521,12.279113,15.497745,18.626997,18.739841,14.858691,13.219919,14.095487,12.541387,12.768568,15.287745,16.92587,17.01703,14.383342,16.12363,16.176886,13.752695,14.736923,17.3121,19.0671,19.88979,16.505722,16.89245,17.845263,17.14935,16.441433,17.092232,18.30776,16.920692,17.307909,0.9221121,2.0655863,7.0446906,0.4501011,29.84579,35.06308,35.305275,16.389877,18.03963,15.046315,14.550858,16.722733,17.235598,22.08
4446061.924,658104.7026,27.934082,1.0335934,0.79655826,27.720026,32.783054,35.44408,32.025764,23.697897,36.894363,33.038284,34.029095,39.46646,48.971283,35.74912,34.58055,30.53343,29.936935,27.114443,2.176324,1.968486,6.4366,7.619371,1381.85,140.1973,-0.040039062,0.44767597,-0.001098633,45,30,0.36501673,0.44080725,0.28738776,0.25281942,0.32038537,0.6823147,0.8019765,13.316221,15.434776,12.69411,15.953069,18.119673,20.778376,18.432919,16.258402,16.346498,18.631262,16.669756,17.560474,19.030897,21.042889,16.995632,18.335487,12.621327,15.355664,12.203521,12.279113,15.497745,18.626997,18.739841,14.858691,13.219919,14.095487,12.541387,12.768568,15.287745,16.92587,17.01703,14.383342,16.12363,16.176886,13.752695,14.736923,17.3121,19.0671,19.88979,16.505722,16.89245,17.845263,17.14935,16.441433,17.092232,18.30776,16.920692,17.307909,0.91507584,2.0724049,7.0279856,0.4501011,30.251541,34.966324,35.164833,16.389877,18.03963,15.046315,14.550858,16.722733,17.235598,22.08
4446061.924,658109.7026,27.456297,1.0275633,0.79493505,27.757252,32.773693,35.579727,32.143166,23.659725,36.960693,33.219048,34.24375,38.480064,47.80861,35.372627,34.580837,30.308584,30.509104,28.212597,2.1726906,1.9635178,6.386814,7.6397824,1381.83,144.88121,0.07910156,0.47262743,0.003295898,45,30,0.36501673,0.44080725,0.28738776,0.25281942,0.32038537,0.6823147,0.8019765,12.795686,15.613783,11.312437,14.939774,16.689327,20.593401,18.08585,15.626551,15.286123,17.669842,15.388204,15.046491,17.967567,19.88523,16.357502,17.021725,12.090285,15.251867,11.288313,10.869593,14.774609,18.417444,17.019215,14.0849905,13.236051,13.777138,12.055865,13.253227,14.441513,16.911505,17.316124,14.227251,15.500572,15.745377,13.470606,14.471567,14.977921,19.659569,19.543392,16.02703,17.373447,17.19021,17.542368,18.450605,16.358244,18.825914,16.753292,17.642143,0.91124916,2.0681043,7.013298,0.4501011,30.265472,35.08987,34.97673,15.718608,16.800137,14.244474,14.427346,16.195572,17.499155,22.08
4446061.924,658114.7026,31.569847,1.0458763,0.79143614,27.781137,40.080734,35.646507,32.25996,23.505678,37.073647,33.414513,34.40859,37.841198,46.886635,35.039017,33.24753,30.136002,30.944004,29.113983,2.162115,1.9831312,6.3446026,7.6544166,1381.8,144.4765,-0.07910156,0.4926144,-0.002197266,45,30,0.3687884,0.4384822,0.28973123,0.25026137,0.32254174,0.70485044,0.8054789,12.426975,13.745114,11.602892,14.759336,17.759398,20.92537,18.184855,15.501609,14.892958,17.149408,15.449681,14.943331,17.754131,19.40931,16.649796,16.75769,11.854547,12.335368,11.447218,11.540045,14.895471,19.09694,16.6401,13.839205,13.029551,11.80256,11.979719,13.235784,15.188665,17.926832,16.503162,14.087051,14.578618,15.02612,13.927681,14.464403,14.648459,19.485174,17.176912,15.453822,16.252644,17.277237,17.019547,17.918926,16.45005,18.895178,16.653189,17.432562,0.91865623,2.0726233,6.99951,0.45430487,33.930935,35.24408,34.143272,15.629134,16.606945,13.972812,14.238039,15.615338,17.20954,22.08
4446061.924,658119.7026,34.325092,1.0198148,0.7856113,27.785938,39.412174,35.602974,32.192753,23.468756,37.210903,34.14322,34.624935,37.60917,46.37194,34.823875,33.07307,29.999563,31.301226,29.715853,2.1591532,1.9155457,6.3094635,7.6698384,1381.78,149.6283,0.040039062,0.48172578,0,45,30,0.3687884,0.4384822,0.28973123,0.25026137,0.32254174,0.70485044,0.8054789,12.426975,13.745114,11.602892,14.759336,17.759398,20.92537,18.184855,15.501609,14.892958,17.149408,15.449681,14.943331,17.754131,19.40931,16.649796,16.75769,11.854547,12.335368,11.447218,11.540045,14.895471,19.09694,16.6401,13.839205,13.029551,11.80256,11.979719,13.235784,15.188665,17.926832,16.503162,14.087051,14.578618,15.02612,13.927681,14.464403,14.648459,19.485174,17.176912,15.453822,16.252644,17.277237,17.019547,17.918926,16.45005,18.895178,16.653189,17.432562,0.90271306,2.0373495,6.9896507,0.45430487,33.599056,35.677063,33.94847,15.629134,16.606945,13.972812,14.238039,15.615338,17.20954,22.08
4446061.924,658124.7026,37.50766,1.0007288,0.77500415,28.088762,39.27751,35.38723,31.890736,23.512308,37.43877,34.522247,35.07141,38.038513,46.388615,34.61492,32.75427,29.858807,30.998356,29.744484,2.1533756,1.9132766,6.2799063,7.6869183,1381.76,154.98311,0,0.4746592,0,45,30,0.3687884,0.4384822,0.28973123,0.25026137,0.32254174,0.70485044,0.8054789,12.854324,13.4709015,11.529489,14.047658,16.247139,20.878569,19.218597,15.230314,15.055896,17.307076,14.892504,15.04217,17.921656,19.957521,16.90071,16.907272,11.663327,11.81179,11.341001,11.887645,15.737642,19.551964,16.590702,13.991616,11.985333,12.228968,11.832477,14.157809,15.656535,18.26619,18.147669,14.390183,14.446344,14.26662,13.904312,14.458753,14.925275,18.693878,17.84241,15.1937,16.227829,18.400549,17.039871,17.2211,16.538736,18.98704,16.677734,17.4308,0.8878665,2.0333261,6.9834123,0.45430487,33.683136,35.980507,33.684593,15.463811,16.72536,14.08344,14.610711,15.50537,17.298979,22.08
4446061.924,658129.7026,37.824467,0.98440397,0.76304597,27.979294,39.295296,35.029343,31.370031,23.427567,37.617306,35.33948,35.36583,38.32991,46.721615,34.62576,31.857178,30.015137,31.155014,29.638742,2.1521432,1.8993317,6.2568765,7.6907434,1381.74,151.93597,-0.040039062,0.48724142,-0.001098633,70,30,0.3687884,0.4384822,0.28973123,0.25026137,0.32254174,0.70485044,0.8054789,12.320745,13.280103,10.763735,13.3649235,16.197838,19.742716,17.457262,14.58311,15.003812,16.772625,14.669233,15.357435,16.220987,18.860754,15.419827,16.338215,14.83343,14.036139,13.899712,14.380603,15.684474,20.546534,17.856853,15.832303,12.227926,12.9677305,11.5466795,13.927694,14.367661,17.480192,17.93486,14.061024,14.859657,14.727411,13.5581665,14.762297,14.402406,17.733818,17.116259,15.120444,16.498524,18.578924,16.150799,18.551882,15.833449,17.842913,16.574976,17.27166,0.87372494,2.0257375,6.97381,0.45430487,33.637295,36.478394,33.24147,14.732474,16.043526,15.891107,14.350392,15.308573,17.147352,22.08
4446061.924,658134.7026,31.3914,0.9835381,0.7532898,27.947304,39.324665,34.69482,30.726032,23.2839,37.75571,35.673405,35.541813,38.766132,47.291336,34.800617,31.16761,30.055336,31.194527,29.393778,2.1522682,1.9006257,6.2406473,7.704594,1381.72,148.48198,-0.000488281,0.5207645,0.001098633,70,30,0.3687884,0.4384822,0.28973123,0.25026137,0.32254174,0.70485044,0.8054789,12.320745,13.280103,10.763735,13.3649235,16.197838,19.742716,17.457262,14.58311,15.003812,16.772625,14.669233,15.357435,16.220987,18.860754,15.419827,16.338215,14.83343,14.036139,13.899712,14.380603,15.684474,20.546534,17.856853,15.832303,12.227926,12.9677305,11.5466795,13.927694,14.367661,17.480192,17.93486,14.061024,14.859657,14.727411,13.5581665,14.762297,14.402406,17.733818,17.116259,15.120444,16.498524,18.578924,16.150799,18.551882,15.833449,17.842913,16.574976,17.27166,0.8684139,2.0264468,6.972621,0.45430487,33.635986,36.714558,32.984116,14.732474,16.043526,15.891107,14.350392,15.308573,17.147352,22.08
4446061.924,658139.7026,31.76873,0.9824546,0.74560726,27.897572,39.35382,34.339878,30.083063,23.145878,37.86488,36.127052,35.697994,39.310303,48.135365,35.118248,30.366358,30.121176,31.15784,28.937346,2.1486955,1.9013686,6.228715,7.7244964,1381.7,147.52057,0.119140625,0.5600357,0.006591797,70,30,0.3687884,0.4384822,0.28973123,0.25026137,0.32254174,0.70485044,0.8054789,12.579573,13.532178,12.951294,14.414105,17.07118,19.914392,17.186832,15.297737,14.746585,16.662075,14.210574,13.35981,16.42176,18.271145,15.369006,15.848646,14.956235,14.813868,14.044696,12.719768,15.803992,19.131979,17.43774,15.397242,12.168147,11.792727,12.54307,13.092425,14.504517,17.365633,16.577526,13.745885,14.86413,13.748169,15.047323,14.482826,15.114292,17.858255,16.680264,15.201856,16.576397,17.543264,16.473541,17.477839,15.487479,16.73137,15.378285,16.651472,0.86403096,2.025032,6.9766054,0.45430487,33.625694,36.995964,32.742302,15.378508,15.577279,15.558326,14.006293,15.3993225,16.524025,22.08
4446061.924,658144.7026,38.62927,0.9809527,0.7401851,27.822065,39.37992,33.985825,29.483812,23.014877,37.89409,36.795017,35.83187,39.973164,49.352283,35.667385,29.407618,30.203588,31.009867,28.19106,2.1394699,1.9008023,6.219598,7.7540135,1381.67,148.56415,0.041015625,0.60411656,0.003417969,70,30,0.36405203,0.4406485,0.28204948,0.2652911,0.33180055,0.7103706,0.7955821,11.756647,15.121785,13.1581745,15.286774,17.28228,20.582489,16.984125,15.715837,20.044235,22.547552,21.021397,20.004951,23.72078,24.717112,21.878233,22.1648,15.251474,13.845819,14.549573,12.628556,15.19324,17.998774,16.24829,15.063411,12.538077,12.521925,12.700571,13.455481,14.703544,16.580881,15.936824,13.92803,14.408427,13.731253,14.608167,13.674103,14.598063,17.144629,16.695415,14.661762,15.697744,16.442791,15.995023,16.91912,14.942846,16.94482,15.2877655,16.11352,0.8605689,2.020136,6.986806,0.4556849,33.600994,37.34455,32.537502,15.738896,21.99061,15.102246,14.062471,14.980009,16.032871,22.08
4446061.924,658149.7026,31.943932,0.96673936,0.7361814,27.859926,40.286587,33.689182,28.955826,22.953186,37.795006,37.527206,35.848896,40.830704,50.827297,36.49539,28.245867,30.235098,30.517155,27.349644,2.1123369,1.9150472,6.2094717,7.782036,1381.64,154.01892,-0.03955078,0.62143606,-0.002197266,70,30,0.36405203,0.4406485,0.28204948,0.2652911,0.33180055,0.7103706,0.7955821,11.756647,15.121785,13.1581745,15.286774,17.28228,20.582489,16.984125,15.715837,20.044235,22.547552,21.021397,20.004951,23.72078,24.717112,21.878233,22.1648,15.251474,13.845819,14.549573,12.628556,15.19324,17.998774,16.24829,15.063411,12.538077,12.521925,12.700571,13.455481,14.703544,16.580881,15.936824,13.92803,14.408427,13.731253,14.608167,13.674103,14.598063,17.144629,16.695415,14.661762,15.697744,16.442791,15.995023,16.91912,14.942846,16.94482,15.2877655,16.11352,0.85146034,2.013692,6.995754,0.4556849,34.073257,37.661106,32.37063,15.738896,21.99061,15.102246,14.062471,14.980009,16.032871,22.08
4446061.924,658154.7026,32.25893,0.9609,0.74821925,28.365025,40.05679,33.946827,28.537273,22.841282,38.163517,36.87661,35.572792,40.006065,48.95306,35.327946,28.217834,30.347746,31.848211,29.673832,2.1236167,1.91502,6.2102613,7.7336226,1381.62,157.49648,0.040039062,0.6359016,0,70,30,0.36405203,0.4406485,0.28204948,0.2652911,0.33180055,0.7103706,0.7955821,11.397079,13.949326,12.562099,13.885191,17.166698,18.752405,17.08546,14.884955,22.35962,24.55878,21.69668,21.491262,25.362898,25.543821,24.629879,23.729477,18.881798,17.538906,16.729916,15.75268,18.126654,19.978518,21.843231,18.189112,15.797806,13.883377,14.224367,14.1560335,15.72977,16.853882,17.409866,15.296197,14.463638,14.89018,15.198857,14.308314,15.898105,16.987076,17.663746,15.315858,16.544773,17.352928,15.800733,17.590343,15.491952,16.781729,16.990114,16.68524,0.85455966,2.0193183,6.971942,0.4556849,34.210907,37.520065,31.77289,14.971178,23.663279,18.407385,15.436442,15.629988,16.650366,22.08
4446061.924,658159.7026,19.571339,0.96062505,0.7531026,28.44924,40.121826,34.298153,28.212372,22.739296,38.421066,35.956684,35.13576,39.645447,47.85854,34.625824,27.904116,30.564426,32.200855,30.42981,2.1342506,1.9306717,6.213993,7.684597,1381.59,162.35052,-0.2006836,0.6614515,-0.012207031,70,30,0.36405203,0.4406485,0.28204948,0.2652911,0.33180055,0.7103706,0.7955821,11.397079,13.949326,12.562099,13.885191,17.166698,18.752405,17.08546,14.884955,22.35962,24.55878,21.69668,21.491262,25.362898,25.543821,24.629879,23.729477,18.881798,17.538906,16.729916,15.75268,18.126654,19.978518,21.843231,18.189112,15.797806,13.883377,14.224367,14.1560335,15.72977,16.853882,17.409866,15.296197,14.463638,14.89018,15.198857,14.308314,15.898105,16.987076,17.663746,15.315858,16.544773,17.352928,15.800733,17.590343,15.491952,16.781729,16.990114,16.68524,0.85686386,2.0324612,6.949295,0.4556849,34.285534,37.188873,31.264969,14.971178,23.663279,18.407385,15.436442,15.629988,16.650366,22.08
4446061.924,658164.7026,29.422651,0.9593117,0.7582224,28.499313,40.18179,34.683807,27.939964,22.646961,38.588985,35.303226,34.681606,39.359,47.086235,34.160583,27.431416,30.776869,32.48132,30.987165,2.1363328,1.9437389,6.2179093,7.6444864,1381.58,170.52823,-0.12060547,0.69698966,-0.0078125,70,30,0.36405203,0.4406485,0.28204948,0.2652911,0.33180055,0.7103706,0.7955821,11.453459,12.95515,10.61552,14.216583,16.69262,19.177177,16.192005,14.539901,22.356035,24.371552,21.203623,22.065945,26.027266,26.387613,24.407022,23.952435,18.946423,17.959358,17.014107,16.282555,18.565113,21.09031,20.836132,18.63948,15.481989,14.334561,12.888033,14.704199,15.39396,17.905586,17.48473,15.421215,14.3977375,13.594572,13.285916,14.258245,16.185116,16.055847,15.261347,14.63874,16.595112,17.27679,17.482132,16.788073,15.971058,16.147764,16.254402,16.69089,0.85876703,2.0400357,6.931198,0.4556849,34.340553,36.946106,30.796,14.471788,23.831295,18.670568,15.456151,14.719826,16.645046,22.08
4446061.924,658169.7026,14.635664,0.9569904,0.76349527,28.53218,40.236866,35.10041,27.70947,22.572157,38.710506,34.788376,34.22059,39.117397,46.47995,33.82001,26.917807,30.975649,32.7184,31.42878,2.132069,1.9551423,6.2225695,7.608889,1381.58,174.39534,0.079589844,0.73400414,0.001098633,70,30,0.36405203,0.4406485,0.28204948,0.2652911,0.33180055,0.7103706,0.7955821,11.179813,13.621425,10.840718,13.626567,16.890903,18.515457,16.234913,14.446275,22.520164,23.919064,21.592323,22.89098,26.135548,25.79,24.417328,23.988539,19.335705,18.398197,17.82925,18.475348,20.3251,21.339897,20.876049,19.516346,14.106021,13.494349,13.53652,14.875432,15.923862,17.639496,17.52489,15.228023,15.368358,13.859731,13.73772,15.024141,16.28321,16.0389,15.529254,15.07095,17.843718,18.067003,16.079082,17.854588,16.785172,16.57888,16.632542,17.132538,0.86024284,2.0436058,6.9157295,0.4556849,34.38452,36.749443,30.368908,14.415685,23.89506,19.511364,15.300081,15.120188,17.120142,22.08
4446061.924,658174.7026,17.976503,0.93713856,0.7726042,28.183844,39.926636,35.344707,27.501926,22.459898,39.187958,35.684715,34.649452,38.80309,45.787876,33.178658,25.725977,30.61919,32.596985,32.04015,2.1140718,1.941511,6.224486,7.596961,1381.57,174.63191,-0.041015625,0.7625104,-0.002319336,70,30,0.37189975,0.43814278,0.26587376,0.27357188,0.35478896,0.7018601,0.7909774,11.179813,13.621425,10.840718,13.626567,16.890903,18.515457,16.234913,14.446275,22.520164,23.919064,21.592323,22.89098,26.135548,25.79,24.417328,23.988539,19.335705,18.398197,17.82925,18.475348,20.3251,21.339897,20.876049,19.516346,14.106021,13.494349,13.53652,14.875432,15.923862,17.639496,17.52489,15.228023,15.368358,13.859731,13.73772,15.024141,16.28321,16.0389,15.529254,15.07095,17.843718,18.067003,16.079082,17.854588,16.785172,16.57888,16.632542,17.132538,0.8548714,2.0277915,6.9107237,0.45673063,34.05524,37.436337,29.452316,14.415685,23.89506,19.511364,15.300081,15.120188,17.120142,22.08
4446061.924,658179.7026,28.202053,0.9299649,0.7777651,28.197523,39.946354,35.592472,27.35965,22.48773,39.388504,35.450546,34.50191,38.721504,45.301514,32.88318,25.467638,30.635204,32.703644,32.29429,2.095167,1.9462686,6.2329164,7.5718555,1381.56,175.78555,-0.119140625,0.77559894,-0.00769043,70,30,0.37189975,0.43814278,0.26587376,0.27357188,0.35478896,0.7018601,0.7909774,11.950828,12.733857,11.054423,13.243512,15.373596,18.089224,16.781408,14.134927,22.637188,23.614634,21.561451,22.463879,25.866184,25.115278,24.658466,23.749382,19.173916,19.818302,18.070644,18.370289,19.359865,20.962767,21.333141,19.521496,14.394455,14.084256,13.806567,15.088986,15.106726,17.299364,17.25304,15.276541,15.690985,13.428358,13.42148,14.693787,14.854246,15.548477,16.253588,14.6847,15.720549,17.746983,16.216833,16.483551,16.043043,16.784693,16.466309,16.479391,0.853865,2.0207176,6.9023857,0.45673063,34.071938,37.419525,29.175407,14.175264,23.70244,19.584133,15.290483,14.84156,16.494566,22.08
4446061.924,658184.7026,17.591772,0.9507946,0.79507,27.93624,39.937454,35.534565,27.261902,22.5183,39.724514,35.625904,34.937862,38.38053,44.428356,32.586254,25.271206,30.556564,33.18672,33.581635,2.0713015,1.9276866,6.242439,7.556416,1381.56,172.46933,0.040527344,0.76577073,0,70,30,0.37189975,0.43814278,0.26587376,0.27357188,0.35478896,0.7018601,0.7909774,11.777397,14.030283,11.887654,13.172831,14.719548,18.021006,15.341753,14.183241,22.595675,23.70055,22.135544,22.479765,24.897923,25.486633,23.912382,23.677675,18.176245,19.940369,19.08517,15.888613,19.100012,21.749018,18.717571,19.035582,14.609515,14.254377,15.060328,15.075798,15.269819,17.67349,16.014378,15.392463,15.278061,13.927167,13.081018,14.402148,14.559113,15.546153,15.2979765,14.424392,15.950048,16.98736,17.665213,17.025826,16.802065,16.892443,15.15188,16.74432,0.8729323,1.9994941,6.8994274,0.45673063,33.936848,37.67521,28.92873,14.135781,23.601212,18.951,15.422529,14.584519,16.639261,22.08
4446061.924,658189.7026,21.281431,0.9339755,0.8129049,27.810545,41.099934,35.306053,27.257452,22.768242,39.9696,35.08305,36.351852,39.72768,43.615566,32.39971,25.410557,29.645247,32.628803,34.440918,2.0359879,1.9459453,6.2556424,7.5501323,1381.54,170.901,-0.19970703,0.7252856,-0.012207031,70,30,0.37189975,0.43814278,0.26587376,0.27357188,0.35478896,0.7018601,0.7909774,11.786554,14.009839,10.867121,12.97571,15.598261,18.413588,16.094967,14.252772,22.50673,23.86019,21.438824,21.676128,25.612713,25.223295,24.0068,23.60883,18.781096,19.004477,17.017155,15.261267,19.359188,21.058065,20.095049,18.576277,14.6327,14.375949,13.336247,13.4384365,16.309103,17.614962,16.346703,15.114099,15.431409,14.388428,12.320408,13.36529,16.052635,15.168579,14.490613,14.371513,17.363182,18.344845,17.583096,16.059238,16.856157,15.821933,15.785698,16.911314,0.8734402,1.9909666,6.9028873,0.45673063,34.45524,37.526325,28.905134,14.2494335,23.474957,18.653759,15.150586,14.459623,16.830591,22.08
4446061.924,658194.7026,19.459774,0.9214873,0.8157281,27.810045,41.06575,35.196144,27.301579,22.997124,40.323544,35.095104,36.904495,39.89353,43.263523,32.112858,25.82275,29.246817,32.556812,34.52528,1.994882,1.9403032,6.260477,7.539168,1381.54,177.50781,-0.03955078,0.65944016,-0.005493164,70,30,0.37189975,0.43814278,0.26587376,0.27357188,0.35478896,0.7018601,0.7909774,12.880313,14.371328,12.004728,15.036776,16.0889,18.733679,15.326747,15.090126,22.959782,23.595516,21.664303,21.621267,26.47907,24.658236,23.853287,23.649931,18.725712,19.912462,16.751621,15.972067,18.963583,20.260015,18.374596,18.478764,14.944666,14.696658,13.858376,13.159143,16.284538,17.539259,15.439695,15.173723,15.731168,14.409114,12.519837,14.193834,16.285131,15.908147,14.397486,14.7363405,18.14383,18.024557,16.717983,14.645613,16.080553,16.170485,15.011661,16.583706,0.8686077,1.9675926,6.899822,0.45673063,34.437897,37.709324,28.967804,14.920352,23.547352,18.422865,15.1317625,14.777817,16.39924,22.08
4446061.924,658199.7026,13.366887,0.9080983,0.8130092,27.788588,41.030704,35.112465,27.373592,23.217731,40.739616,35.12064,37.470524,40.11178,42.97324,31.841097,26.192911,28.814363,32.460808,34.597115,1.9470652,1.9364481,6.2491403,7.5266643,1381.54,181.27441,-0.03955078,0.64463985,-0.004394531,45,30,0.37189975,0.43814278,0.26587376,0.27357188,0.35478896,0.7018601,0.7909774,12.64492,14.263309,10.716963,14.192868,17.457695,18.602533,16.29845,15.001154,23.235199,23.751774,21.627699,21.75819,25.894442,24.705614,24.337574,23.74944,18.488916,19.750217,18.994732,16.213516,19.36636,19.625126,18.901815,18.818306,15.4314165,15.611618,13.806247,13.499598,15.846846,17.399254,16.014832,15.446438,15.916962,14.4283905,13.878588,14.218773,14.234211,16.093016,14.622302,14.793898,17.253815,17.662106,16.47001,14.995689,15.652152,16.68342,15.126119,16.464472,0.86055374,1.9417567,6.8879023,0.45673063,34.409645,37.93013,29.017004,14.882392,23.615784,18.762955,15.37283,14.77032,16.26333,22.08
4446061.924,658204.7026,24.674736,0.88158035,0.8065877,27.46493,41.008354,35.059456,27.447998,23.586502,40.990326,35.51243,38.20938,39.989506,42.695824,31.984642,26.07069,28.337967,31.80794,34.226257,1.8833266,1.9397485,6.213104,7.5038695,1381.54,181.22014,-0.079589844,0.67330515,-0.005493164,45,30,0.38888285,0.44118172,0.2688054,0.2608006,0.33315003,0.683441,0.7931804,12.64492,14.263309,10.716963,14.192868,17.457695,18.602533,16.29845,15.001154,23.235199,23.751774,21.627699,21.75819,25.894442,24.705614,24.337574,23.74944,18.488916,19.750217,18.994732,16.213516,19.36636,19.625126,18.901815,18.818306,15.4314165,15.611618,13.806247,13.499598,15.846846,17.399254,16.014832,15.446438,15.916962,14.4283905,13.878588,14.218773,14.234211,16.093016,14.622302,14.793898,17.253815,17.662106,16.47001,14.995689,15.652152,16.68342,15.126119,16.464472,0.844084,1.9115376,6.8584867,0.45277742,34.23664,38.251377,29.027666,14.882392,23.615784,18.762955,15.37283,14.77032,16.26333,22.08
4446061.924,658209.7026,23.380325,0.84660554,0.78029203,27.583456,41.64346,35.277153,27.5557,23.781227,41.467754,35.705975,38.822002,40.404137,42.555584,31.867332,25.698631,27.595926,30.96178,34.375507,1.8075624,1.9586762,6.147459,7.4701476,1381.54,184.76846,-0.119628906,0.68987596,-0.010009766,70,30,0.38888285,0.44118172,0.2688054,0.2608006,0.33315003,0.683441,0.7931804,12.947508,14.564356,11.206778,14.816286,18.846714,19.104141,16.047068,15.512179,23.991665,24.610071,21.269579,21.868124,25.772348,25.36897,24.099575,24.045418,19.218235,19.040483,18.216381,17.100618,18.711164,21.173115,19.926332,19.041077,16.231955,15.253227,13.141783,13.31131,15.384722,17.90732,15.402728,15.333497,16.274612,17.024805,13.996561,14.869092,13.661191,16.135782,16.149197,15.419254,19.34226,17.861828,16.190794,14.990896,14.838989,16.504812,15.828062,16.672812,0.8134488,1.8831193,6.8088036,0.45277742,34.613457,38.586864,28.782982,15.361835,23.854334,19.055191,15.233292,15.444463,16.508236,22.08
4446061.924,658214.7026,26.064325,0.844986,0.80110234,27.868454,42.02631,34.023174,28.270132,24.447502,41.45376,35.7331,40.71959,39.931145,40.809124,31.52542,25.995222,26.7229,30.985737,35.312454,1.7966636,1.9287086,6.1463213,7.48348,1381.55,187.43921,-0.079589844,0.66440845,-0.004394531,70,30,0.38888285,0.44118172,0.2688054,0.2608006,0.33315003,0.683441,0.7931804,12.735251,14.500923,11.455027,14.492595,18.110336,19.035334,15.686673,15.186238,23.264883,25.535763,21.46703,21.547443,25.691988,26.36425,24.160975,24.204058,18.642475,20.29832,20.060751,16.779224,18.699255,22.065514,21.187658,19.543093,15.492742,15.34395,14.361673,13.044095,15.105532,17.653845,16.557875,15.311821,16.127762,15.919423,13.905443,14.816646,13.035022,15.702823,15.990747,15.054435,18.353931,18.224483,16.35404,16.08353,14.3784485,16.032408,14.711678,16.523657,0.8230442,1.8626862,6.8149004,0.45277742,34.94738,38.59343,28.76032,15.145163,24.004618,19.676172,15.365674,15.071123,16.305504,22.08
4446056.924,658079.7026,23.484352,1.0907676,0.8351539,27.949358,34.52282,35.272114,30.382938,23.266634,35.105045,30.751953,31.291447,39.848442,48.039433,38.470978,34.66706,33.17656,31.413805,28.919752,2.2421272,2.041715,6.5190754,7.5827913,1382.06,94.84799,0.000488281,0.84821147,-0.001098633,45,30,0.36220697,0.4410988,0.27772215,0.25817424,0.29990926,0.67950326,0.8996489,11.27036,14.782725,13.816427,15.971617,19.337547,21.2687,18.968754,16.31165,15.565079,16.677456,15.830859,15.828217,17.175749,20.484138,17.495846,17.20502,11.790885,11.012163,10.9427185,10.03697,14.953026,17.300444,16.110092,12.918717,11.479605,11.063807,11.3483095,13.650592,15.788443,17.55498,16.472416,13.689242,14.054827,13.361806,13.032059,13.551718,16.828096,17.4759,16.788273,14.935592,14.767244,16.498127,14.556157,14.943074,16.591114,16.396273,15.5078125,15.554488,0.9629607,2.141921,7.0509334,0.45975193,31.236088,32.928497,36.56902,16.48802,17.008192,13.163757,13.908308,15.01324,15.608542,22.08
4446056.924,658084.7026,22.504171,1.0729882,0.83971715,27.31596,33.332058,34.712555,31.314526,23.575792,35.863552,32.481827,32.0027,42.377285,50.702663,38.028645,34.050095,32.767265,28.448534,25.696413,2.2398906,1.9871098,6.6041803,7.613015,1381.99,98.41993,-0.000488281,0.78210574,0,45,30,0.36689755,0.44034535,0.27991456,0.25055707,0.32461578,0.7006032,0.79829425,12.25494,14.931331,14.888354,15.486554,19.517033,21.830961,19.25003,16.672466,15.438293,17.478483,15.678581,15.420789,17.175976,19.003181,16.840328,16.893694,12.219212,14.829142,11.590341,11.509054,16.189905,16.705618,17.497149,14.099073,11.572227,11.479533,11.227442,13.083025,15.60843,16.347057,16.500914,13.42386,13.763397,14.019262,12.975858,13.608708,17.201412,17.7223,16.985378,15.156917,15.887938,17.737463,14.745127,15.468452,17.430315,16.414715,14.767778,16.115051,0.95635265,2.1135,7.1085978,0.45160398,30.324009,34.17269,36.039368,16.879887,16.719376,14.362917,13.688376,15.182329,16.06454,22.08
4446056.924,658089.7026,23.872496,1.0673015,0.85211885,27.307543,33.7868,33.4841,32.791733,24.1314,36.627808,32.692467,32.601467,46.362206,54.205925,37.642277,33.69908,32.910114,23.794487,21.669107,2.2171195,2.001842,6.7613697,7.6456566,1381.92,107.639626,-0.15917969,0.66123194,-0.011108398,45,30,0.36689755,0.44034535,0.27991456,0.25055707,0.32461578,0.7006032,0.79829425,11.467382,14.203761,13.7938,14.652327,19.071781,21.096811,18.409876,15.904147,15.352875,18.038998,15.66523,15.4487705,17.719559,19.443539,16.894167,17.131441,12.2947235,14.7982235,11.546871,11.50237,16.177017,16.69744,17.461946,14.092662,11.375895,11.190827,10.933937,12.780485,15.208204,15.955643,16.215977,13.107883,13.531154,13.835612,12.706078,13.361995,16.957188,17.515776,16.728193,14.929258,15.20542,17.225504,14.090174,14.956881,17.04676,16.176134,14.245977,15.6342125,0.9597102,2.1094809,7.203513,0.45160398,30.547173,34.660137,35.670677,16.099392,16.937592,14.354083,13.380137,14.948,15.563835,22.08
4446056.924,658094.7026,28.341856,1.0589454,0.8270642,27.380625,33.780754,34.52356,32.257114,23.887712,36.799442,32.571503,32.832123,43.107277,51.924732,36.88726,34.003033,32.035904,27.208527,24.367271,2.1993763,1.9939301,6.629789,7.6251454,1381.88,125.90536,-0.040039062,0.5131122,-0.004394531,45,30,0.36689755,0.44034535,0.27991456,0.25055707,0.32461578,0.7006032,0.79829425,12.4995775,14.899501,13.753128,15.921712,19.581793,21.614977,20.037853,16.728119,16.570673,19.498447,16.430958,16.840464,18.329273,19.602074,18.10844,18.06142,12.854073,14.641133,12.196844,12.004534,15.8844595,17.59535,17.923702,14.489018,13.010663,12.953855,12.035028,13.509607,16.06464,16.480356,17.707943,14.262878,15.644443,15.4444065,13.703924,14.9027,17.81631,18.238913,19.552357,16.19949,16.166193,17.977945,15.496969,17.745058,18.376259,16.907932,17.439878,17.070353,0.94300485,2.0966532,7.127467,0.45160398,30.580688,34.68547,35.445145,16.901218,17.911474,14.728585,14.53744,16.471865,17.158604,22.08
4446056.924,658099.7026,30.612503,1.0511639,0.80844504,27.425787,33.771103,35.09961,32.158527,23.788904,36.936985,32.648655,33.042656,41.173645,50.353214,36.315086,34.127716,31.52233,28.7735,26.021439,2.1865242,1.9865783,6.5449405,7.619577,1381.85,135,0,0.48638663,0,45,30,0.36689755,0.44034535,0.27991456,0.25055707,0.32461578,0.7006032,0.79829425,12.7907505,15.142061,12.361464,16.151684,19.034184,21.099987,19.970287,16.446817,15.836662,18.413858,16.930546,17.293251,19.255348,19.500933,18.049747,18.036417,12.1761265,14.453384,12.392457,12.097211,16.508883,17.646158,17.504877,14.442848,13.312668,13.3494625,12.893572,13.730136,15.986737,16.819773,17.468447,14.583139,15.868515,16.519747,14.018764,15.379336,15.693207,18.274267,19.230997,16.275993,18.276539,18.674137,16.72004,17.407495,16.749973,17.280296,17.459879,17.532394,0.92980444,2.0865512,7.0822587,0.45160398,30.598446,34.79282,35.2214,16.650059,17.897192,14.682727,14.794398,16.426405,17.509766,22.08
4446056.924,658104.7026,28.368654,1.034079,0.7935532,27.675724,32.78405,35.468872,32.259254,23.666925,37.050724,33.17456,33.92442,39.87276,49.08644,35.79479,34.313103,30.621796,29.472073,27.167814,2.1734586,1.9698614,6.478495,7.6279345,1381.82,137.38959,-0.000976563,0.48631498,-0.001098633,45,30,0.36689755,0.44034535,0.27991456,0.25055707,0.32461578,0.7006032,0.79829425,11.957198,14.30437,11.41329,15.209982,18.436146,20.59192,19.443895,15.679908,14.504629,17.14552,15.355001,15.7619095,18.06369,18.394922,16.922031,16.712357,11.650337,13.92957,11.750595,11.459847,15.861316,16.992638,16.851156,13.83432,13.1898775,13.22719,12.740732,13.577998,15.908561,16.75969,17.397755,14.471383,15.868515,16.519747,14.018764,15.379336,15.683298,18.264359,19.300968,16.272278,18.5332,18.952894,17.034374,17.718584,16.990076,17.553377,17.677778,17.808777,0.9138161,2.07166,7.053215,0.45160398,30.229887,35.11264,35.053947,15.9081135,16.59253,14.07078,14.685972,16.433569,17.78004,22.08
4446056.924,658109.7026,28.157528,1.0113729,0.7822529,27.4476,33.239094,35.84884,32.48321,23.695757,37.039482,33.24355,33.182423,38.620106,47.969814,35.46424,34.164234,30.96132,30.599194,28.572159,2.167385,1.9616739,6.421956,7.6213655,1381.79,142.13579,-0.07910156,0.48968476,-0.003295898,45,30,0.36689755,0.44034535,0.27991456,0.25055707,0.32461578,0.7006032,0.79829425,12.0472555,14.06781,11.554446,14.824423,17.968311,19.442392,19.089125,15.350475,14.70345,17.510853,15.095144,14.802786,17.132826,18.473665,16.68674,16.541784,11.539227,13.454634,11.511432,12.176072,15.08365,17.069237,15.696556,13.705837,13.181229,12.997083,12.1394,13.776858,14.688708,16.584679,16.695732,14.169499,15.731479,16.50613,13.632414,15.0950775,15.5848055,18.797426,18.35058,16.217276,17.811474,18.570118,16.937328,17.738132,16.828365,17.684664,17.194565,17.630648,0.8968129,2.0645294,7.021661,0.45160398,30.343346,35.141518,34.81424,15.5705385,16.34364,13.790114,14.294813,16.24256,17.537807,22.08
4446056.924,658114.7026,33.948257,1.0272361,0.7714672,27.48233,40.529186,36.069675,32.67946,23.543713,37.075462,33.42278,33.32084,37.923203,47.188503,35.152447,32.959568,30.752737,31.036987,29.341883,2.1574244,1.9774386,6.371257,7.619636,1381.77,144.46704,0.080078125,0.49310216,0.002197266,45,30,0.3657804,0.44037354,0.28621185,0.2513535,0.32553473,0.6995174,0.7956608,11.967738,14.029093,10.990831,13.682861,17.32073,20.587818,17.07835,14.923377,14.893774,17.00188,14.685823,15.014151,17.219826,18.77822,16.343264,16.514818,11.321512,15.029703,10.726824,11.474264,14.984495,19.296068,15.47402,14.060537,12.643224,12.639244,11.724169,13.328394,14.610855,17.387209,15.319864,13.836103,15.537275,15.533079,13.76989,14.451471,15.578041,20.110893,16.6111,15.847644,18.01323,18.782309,16.101572,18.610395,16.330963,18.50984,17.825695,17.805355,0.89935166,2.0674314,6.995446,0.4520617,34.00576,35.249123,34.056007,15.093918,16.276705,14.043841,13.950422,15.941679,17.739145,22.08
4446056.924,658119.7026,35.74776,1.0192497,0.76210874,27.74848,39.408245,36.031822,32.654987,23.426977,37.169987,34.212704,34.441216,37.79833,46.845024,34.90562,32.900917,29.932634,30.873793,29.483768,2.1552768,1.9105967,6.3295364,7.6370482,1381.74,147.26477,-0.080078125,0.4772505,-0.004394531,70,30,0.3657804,0.44037354,0.28621185,0.2513535,0.32553473,0.6995174,0.7956608,11.631408,13.148407,10.541544,13.259306,16.634327,19.854849,16.451725,14.351213,14.332837,16.492603,14.221397,14.509249,16.37111,17.807997,15.225115,15.841413,13.604982,17.9473,13.082245,14.014994,16.58701,20.708534,16.946636,16.205051,12.664137,12.649412,11.73942,13.35479,14.63114,17.422728,15.324948,13.857456,15.537275,15.383223,13.694962,14.451471,15.575075,20.042517,16.606352,15.787622,17.94054,18.677149,16.011024,18.537706,16.28632,18.416893,17.753006,17.72148,0.89067924,2.0329368,6.9832926,0.4520617,33.57836,35.691345,33.903267,14.503082,15.565758,16.127384,13.969512,15.898697,17.660378,22.08
4446056.924,658124.7026,40.02576,1.0028906,0.75300986,27.657274,39.42009,35.80535,32.419983,23.404915,37.300205,34.959217,34.650223,37.654728,46.717842,34.832676,32.21983,30.070642,31.281578,29.72027,2.1535525,1.8929029,6.2928157,7.642827,1381.72,153.44493,-0.080078125,0.44860455,-0.004516602,70,30,0.3657804,0.44037354,0.28621185,0.2513535,0.32553473,0.6995174,0.7956608,11.674817,13.366386,10.470309,13.784447,16.561447,19.778505,16.476809,14.459209,14.821093,16.746433,14.171089,14.539177,16.278934,18.47156,14.921341,16.002388,14.034329,15.572214,12.953036,14.529053,17.114437,19.325487,16.759493,15.78648,12.571999,12.002494,12.14015,14.957968,14.807238,16.781008,16.293926,14.091726,14.974039,14.864285,13.11097,14.556147,15.497199,17.48834,17.311094,15.086827,17.397541,19.233265,17.316212,18.04433,15.854644,16.772429,16.015453,17.418495,0.8779502,2.0232277,6.967821,0.4520617,33.53868,36.12971,33.526253,14.587531,15.70709,15.755435,14.222112,15.400297,17.233412,22.08
4446056.924,658129.7026,41.248775,0.9837751,0.746951,27.931353,39.285755,35.4014,31.925093,23.443369,37.56074,35.40093,35.119526,38.285767,46.938507,34.748936,31.837595,30.02255,30.89485,29.50666,2.1505315,1.8896685,6.263446,7.664725,1381.71,149.64317,0.119140625,0.4812473,0.006591797,70,30,0.3657804,0.44037354,0.28621185,0.2513535,0.32553473,0.6995174,0.7956608,11.0723095,13.514582,11.874008,13.695012,17.877428,20.454996,16.58736,14.870373,14.567274,16.35106,13.705118,15.123941,16.841936,19.173014,14.89286,16.131802,14.565195,13.942243,13.2300415,14.65449,17.170103,19.383911,16.162893,15.639319,12.977773,11.495361,12.452283,15.084544,14.757081,17.095968,16.167028,14.157322,14.686087,14.707922,13.6835,14.432361,15.010412,18.170225,16.711525,15.137386,16.905275,17.65867,16.070297,17.098019,16.078932,17.021414,15.154607,16.733978,0.865363,2.0201,6.9640856,0.4520617,33.608555,36.480835,33.293266,15.010814,15.807885,15.586983,14.290007,15.343147,16.569603,22.08
4446056.924,658134.7026,34.788986,0.9827867,0.7412152,27.89683,39.312527,34.966908,31.276142,23.336624,37.704052,35.723915,35.293247,38.633816,47.36597,34.94432,31.244402,30.115345,31.000965,29.312893,2.153553,1.8909788,6.2426634,7.6859016,1381.68,145.48035,0.000976563,0.5559927,0,70,30,0.3657804,0.44037354,0.28621185,0.2513535,0.32553473,0.6995174,0.7956608,11.260937,13.780271,12.172467,13.85515,18.026508,20.677217,16.777536,15.086471,20.283209,22.27402,19.587048,19.989056,24.497074,25.210546,22.3054,22.208765,15.056743,13.7914505,12.800827,14.150263,17.603909,19.062246,15.65835,15.508957,12.972463,11.490049,12.446971,15.100276,14.806725,17.117867,16.161716,14.167272,14.238904,13.775892,12.885696,13.657842,14.355353,17.556227,16.373775,14.430477,16.217325,16.910013,15.32164,16.353754,15.244446,16.46902,14.644983,16.025547,0.86200094,2.022266,6.9642825,0.4520617,33.60468,36.71398,33.09436,15.221441,22.020906,15.446257,14.299438,14.691956,15.88017,22.08
4446056.924,658139.7026,34.4475,0.9815018,0.73602736,27.847065,39.33919,34.521297,30.619291,23.229788,37.817245,36.153057,35.44925,39.096848,48.070507,35.26525,30.542782,30.227299,31.029182,28.913448,2.1529424,1.8916394,6.2274795,7.710639,1381.65,146.67581,-0.03955078,0.59992754,-0.002197266,70,30,0.3657804,0.44037354,0.28621185,0.2513535,0.32553473,0.6995174,0.7956608,10.806922,13.885013,13.683023,14.150782,17.86873,20.866247,17.710836,15.44781,20.32098,22.81726,19.876844,20.574276,25.036053,23.672325,21.464106,22.141556,15.429492,15.065269,15.690702,12.812429,17.296076,18.440557,15.343529,15.839156,12.601168,11.75694,13.610781,13.182398,15.328022,16.351854,15.955869,13.919023,14.405902,13.049387,14.143469,13.963919,14.947278,17.460703,16.434374,14.609783,15.357466,17.192642,14.603337,16.930073,15.254608,16.479094,13.816492,15.838455,0.8587646,2.022291,6.969059,0.4520617,33.59313,36.985153,32.904015,15.567366,21.965977,15.725436,14.112433,14.915004,15.661959,22.08
4446056.924,658144.7026,40.457718,0.979718,0.73136,27.779242,39.36392,34.106346,30.000174,23.12329,37.858746,36.740337,35.570404,39.652554,49.072495,35.759373,29.709705,30.352556,30.967283,28.290653,2.1472654,1.89127,6.2160473,7.7401905,1381.62,146.3189,-0.040039062,0.61984473,-0.003295898,70,30,0.36592177,0.43568465,0.28477946,0.2518738,0.32641748,0.70707434,0.7974749,11.742424,14.418826,13.75002,15.05217,17.258022,19.095585,16.409954,15.43939,22.255491,25.471596,22.27035,22.440285,25.785385,26.242722,24.07467,24.23809,18.655293,18.77383,19.459484,17.310246,17.995161,20.805439,19.249903,18.886028,14.249222,14.307558,14.849302,14.293864,15.310728,16.984224,16.826632,15.126104,13.858397,14.201891,14.661819,14.333593,16.248379,17.921919,16.592733,15.142403,15.749575,19.026218,15.285288,16.368242,15.646808,16.679617,16.657696,16.41545,0.855539,2.0192678,6.978119,0.45274663,33.57158,37.29954,32.73454,15.389572,24.077213,18.892765,15.260218,15.402677,16.487635,22.08
4446056.924,658149.7026,34.770126,0.96585,0.7283309,27.564564,40.018654,33.79225,29.443087,22.981232,37.945496,37.5485,35.650833,40.43892,49.818256,36.17094,28.58082,30.494946,30.548426,28.185116,2.1296542,1.9092935,6.2060504,7.7671795,1381.59,150.41211,-0.080566406,0.6094289,-0.005615234,70,30,0.36592177,0.43568465,0.28477946,0.2518738,0.32641748,0.70707434,0.7974749,11.742424,14.418826,13.75002,15.05217,17.258022,19.095585,16.409954,15.43939,22.255491,25.471596,22.27035,22.440285,25.785385,26.242722,24.07467,24.23809,18.655293,18.77383,19.459484,17.310246,17.995161,20.805439,19.249903,18.886028,14.249222,14.307558,14.849302,14.293864,15.310728,16.984224,16.826632,15.126104,13.858397,14.201891,14.661819,14.333593,16.248379,17.921919,16.592733,15.142403,15.749575,19.026218,15.285288,16.368242,15.646808,16.679617,16.657696,16.41545,0.8470905,2.0194738,6.986615,0.45274663,33.79161,37.746998,32.37588,15.389572,24.077213,18.892765,15.260218,15.402677,16.487635,22.08
4446056.924,658154.7026,37.8558,0.9742934,0.72546524,27.913895,40.317097,34.050415,29.00238,23.09219,38.007217,36.689484,35.0046,39.918915,48.845276,35.72366,28.485899,30.718338,31.121607,28.936491,2.1430078,1.9129592,6.200698,7.712676,1381.57,154.02635,-0.000976563,0.6212023,0.001098633,70,30,0.36592177,0.43568465,0.28477946,0.2518738,0.32641748,0.70707434,0.7974749,11.879419,13.328772,11.426561,15.072594,16.452614,18.278387,16.03897,14.658178,23.376804,24.872894,21.930367,22.581568,24.904884,25.819834,24.259258,24.113148,19.550417,17.37498,17.632488,17.691097,18.127598,20.774965,20.285229,18.733116,15.767423,13.690045,13.763458,14.887289,15.349663,17.22769,16.667164,15.284562,14.26327,14.299408,13.387776,14.476435,15.611896,16.120975,15.971491,14.744276,16.643076,17.087475,14.751239,17.289381,15.529152,16.233377,16.082212,16.336195,0.8498793,2.0279834,6.956687,0.45274663,34.115494,37.34835,32.10478,14.639617,23.96366,18.776684,15.336105,14.875893,16.230844,22.08
4446056.924,658159.7026,28.607658,0.9571516,0.73523515,28.396557,40.089252,34.3217,28.571976,22.941628,38.292606,35.958977,34.81333,39.272846,47.38414,34.840015,28.488136,30.78045,32.29086,30.565355,2.1460555,1.9154168,6.200953,7.6722636,1381.55,158.20462,0.08105469,0.61689395,0.002319336,70,30,0.36592177,0.43568465,0.28477946,0.2518738,0.32641748,0.70707434,0.7974749,11.879419,13.328772,11.426561,15.072594,16.452614,18.278387,16.03897,14.658178,23.376804,24.872894,21.930367,22.581568,24.904884,25.819834,24.259258,24.113148,19.550417,17.37498,17.632488,17.691097,18.127598,20.774965,20.285229,18.733116,15.767423,13.690045,13.763458,14.887289,15.349663,17.22769,16.667164,15.284562,14.26327,14.299408,13.387776,14.476435,15.611896,16.120975,15.971491,14.744276,16.643076,17.087475,14.751239,17.289381,15.529152,16.233377,16.082212,16.336195,0.8461934,2.0307362,6.9366083,0.45274663,34.242905,37.125793,31.664076,14.639617,23.96366,18.776684,15.336105,14.875893,16.230844,22.08
4446056.924,658164.7026,33.336,0.95339596,0.73451203,28.446167,40.139057,34.688168,28.186605,22.86933,38.40847,35.352886,34.330982,38.96779,46.479534,34.42236,28.142893,31.024525,32.61902,31.185732,2.1473262,1.9275656,6.201158,7.632672,1381.53,164.96455,0.000488281,0.6079465,-0.001098633,70,30,0.36592177,0.43568465,0.28477946,0.2518738,0.32641748,0.70707434,0.7974749,11.4191675,13.644124,11.004015,12.992186,14.664614,19.23284,16.512293,14.22483,22.570137,24.496027,20.983997,21.92745,25.585299,25.423956,23.461788,23.642775,19.600708,18.435024,16.962612,17.809626,20.328094,21.68514,20.66029,19.267788,15.555971,14.047859,12.825918,14.687521,15.584836,17.796635,16.76352,15.311991,15.574755,13.694876,12.646808,14.245094,15.359595,15.881349,14.408499,14.592852,17.555504,16.7797,16.013376,17.573828,15.739422,15.988065,15.430445,16.55446,0.84395397,2.037446,6.916915,0.45274663,34.29261,36.880676,31.282627,14.209891,23.492664,19.354498,15.323181,14.544425,16.44005,22.08
4446056.924,658169.7026,24.143265,0.93260705,0.7378535,28.290852,39.710957,35.01384,27.798658,22.844221,38.7206,35.907597,34.61802,38.561657,45.511818,33.825924,27.280354,30.616257,32.49919,31.991322,2.137495,1.9242125,6.1997232,7.615545,1381.51,170.74358,-0.19970703,0.623932,-0.011108398,70,30,0.36592177,0.43568465,0.28477946,0.2518738,0.32641748,0.70707434,0.7974749,11.768901,13.888824,10.97558,13.549555,16.021446,18.845465,16.726837,14.530848,22.48831,24.556112,21.919483,22.02602,25.16643,25.4553,23.525776,23.764465,19.730122,18.904432,18.975185,16.58421,20.067883,20.856148,20.995808,19.34881,15.208328,13.725698,13.735756,14.624806,15.371206,17.901405,17.008526,15.37092,15.7917385,13.837286,12.573934,15.022847,15.902738,14.927798,14.376498,14.643243,17.293768,17.522747,17.465214,18.331606,15.68609,16.034208,15.476492,16.984095,0.8352303,2.0308537,6.907634,0.45274663,34.000904,37.3141,30.553139,14.5395155,23.591063,19.444826,15.367961,14.633262,16.830019,22.08
4446056.924,658174.7026,21.997795,0.92445004,0.7392474,27.803782,40.069065,35.4523,27.441956,22.806437,38.91218,35.781643,33.383484,37.98047,44.479282,33.558525,26.648226,31.486675,33.085518,33.121845,2.1253428,1.9271282,6.200446,7.5708785,1381.51,172.24405,0.000488281,0.6361381,-0.002197266,70,30,0.36584982,0.4408173,0.26353237,0.24605249,0.32830352,0.6975713,0.7859949,11.768901,13.888824,10.97558,13.549555,16.021446,18.845465,16.726837,14.530848,22.48831,24.556112,21.919483,22.02602,25.16643,25.4553,23.525776,23.764465,19.730122,18.904432,18.975185,16.58421,20.067883,20.856148,20.995808,19.34881,15.208328,13.725698,13.735756,14.624806,15.371206,17.901405,17.008526,15.37092,15.7917385,13.837286,12.573934,15.022847,15.902738,14.927798,14.376498,14.643243,17.293768,17.522747,17.465214,18.331606,15.68609,16.034208,15.476492,16.984095,0.83184874,2.0262356,6.885662,0.44687456,33.936424,37.346912,30.103374,14.5395155,23.591063,19.444826,15.367961,14.633262,16.830019,22.08
4446056.924,658179.7026,29.239386,0.9162667,0.75232023,28.086008,40.67194,35.599903,27.188013,22.913652,38.95026,35.11787,34.229107,38.951954,43.866886,33.278065,26.568922,30.824974,31.979225,33.25691,2.1097772,1.9395518,6.2004337,7.5622115,1381.5,173.67345,-0.080078125,0.6489567,-0.005493164,70,30,0.36584982,0.4408173,0.26353237,0.24605249,0.32830352,0.6975713,0.7859949,11.294548,14.635925,10.220674,12.851606,16.58092,17.850798,16.27081,14.20029,22.506649,24.516476,21.222095,22.092226,25.620361,25.370928,23.45655,23.658285,19.584,18.609638,17.997673,16.491055,21.160896,20.705673,20.599163,19.182219,14.343409,14.26018,13.15365,14.666242,16.607527,18.207388,17.208065,15.474411,15.962265,13.812915,12.235321,13.711423,16.210667,15.24398,15.011568,14.48595,17.672596,17.982319,17.697016,16.251507,16.745138,15.907359,16.655132,16.925776,0.8342935,2.0246644,6.881323,0.44687456,34.378975,37.034065,29.923492,14.243611,23.540754,19.306871,15.492351,14.598305,16.987295,22.08
4446056.924,658184.7026,19.252605,0.9080963,0.75743294,28.103714,40.672897,35.714764,27.15633,23.040173,39.20542,34.98308,34.50274,39.056225,43.518578,32.981472,26.523289,30.563913,31.928843,33.3743,2.0844786,1.9416109,6.209879,7.5435686,1381.5,173.6598,0.040039062,0.6491498,0.002197266,70,30,0.36584982,0.4408173,0.26353237,0.24605249,0.32830352,0.6975713,0.7859949,11.786554,14.009839,10.867121,12.97571,15.598261,18.413588,16.094967,14.252772,22.50673,23.86019,21.438824,21.676128,25.612713,25.223295,24.0068,23.60883,18.781096,19.004477,17.017155,15.261267,19.359188,21.058065,20.095049,18.576277,14.6327,14.375949,13.336247,13.4384365,16.309103,17.614962,16.346703,15.114099,15.431409,14.388428,12.320408,13.36529,16.052635,15.168579,14.490613,14.371513,17.363182,18.344845,17.583096,16.059238,16.856157,15.821933,15.785698,16.911314,0.8327646,2.0130448,6.876724,0.44687456,34.388306,37.094254,29.75238,14.2494335,23.474957,18.653759,15.150586,14.459623,16.830591,22.08
4446056.924,658189.7026,22.53235,0.9186726,0.77696145,27.795143,41.05144,35.510036,27.295698,23.116543,39.633682,35.131943,35.983356,39.478245,43.05384,32.714912,26.278173,29.78376,32.637928,34.45403,2.0535276,1.9282665,6.2182894,7.5340652,1381.49,174.55966,-0.040039062,0.6048956,-0.003295898,70,30,0.36584982,0.4408173,0.26353237,0.24605249,0.32830352,0.6975713,0.7859949,11.786554,14.009839,10.867121,12.97571,15.598261,18.413588,16.094967,14.252772,22.50673,23.86019,21.438824,21.676128,25.612713,25.223295,24.0068,23.60883,18.781096,19.004477,17.017155,15.261267,19.359188,21.058065,20.095049,18.576277,14.6327,14.375949,13.336247,13.4384365,16.309103,17.614962,16.346703,15.114099,15.431409,14.388428,12.320408,13.36529,16.052635,15.168579,14.490613,14.371513,17.363182,18.344845,17.583096,16.059238,16.856157,15.821933,15.785698,16.911314,0.84781706,1.990897,6.8761773,0.44687456,34.423294,37.382812,29.496544,14.2494335,23.474957,18.653759,15.150586,14.459623,16.830591,22.08
4446056.924,658194.7026,19.282658,0.9106373,0.7823414,27.792797,41.028805,35.468643,27.522413,23.35043,40.03377,35.154465,36.613586,39.65135,42.879063,32.400574,26.449385,29.306303,32.546825,34.48957,2.0149474,1.9234011,6.2242427,7.5214643,1381.49,178.61945,0,0.5878304,0.001098633,70,30,0.36584982,0.4408173,0.26353237,0.24605249,0.32830352,0.6975713,0.7859949,12.880313,14.371328,12.004728,15.036776,16.0889,18.733679,15.326747,15.090126,22.959782,23.595516,21.664303,21.621267,26.47907,24.658236,23.853287,23.649931,18.725712,19.912462,16.751621,15.972067,18.963583,20.260015,18.374596,18.478764,14.944666,14.696658,13.858376,13.159143,16.284538,17.539259,15.439695,15.173723,15.731168,14.409114,12.519837,14.193834,16.285131,15.908147,14.397486,14.7363405,18.14383,18.024557,16.717983,14.645613,16.080553,16.170485,15.011661,16.583706,0.84648937,1.9691743,6.8728533,0.44687456,34.4108,37.594116,29.42498,14.920352,23.547352,18.422865,15.1317625,14.777817,16.39924,22.08
4446056.924,658199.7026,14.066147,0.9012444,0.7832501,27.778152,41.002968,35.407764,27.755873,23.587648,40.464947,35.200123,37.26942,39.84821,42.69381,32.098385,26.636517,28.804115,32.444927,34.528,1.9721104,1.9190735,6.217814,7.510143,1381.49,178.6829,0.03955078,0.6161456,0.002197266,70,30,0.36584982,0.4408173,0.26353237,0.24605249,0.32830352,0.6975713,0.7859949,12.64492,14.263309,10.716963,14.192868,17.457695,18.602533,16.29845,15.001154,23.235199,23.751774,21.627699,21.75819,25.894442,24.705614,24.337574,23.74944,18.488916,19.750217,18.994732,16.213516,19.36636,19.625126,18.901815,18.818306,15.4314165,15.611618,13.806247,13.499598,15.846846,17.399254,16.014832,15.446438,15.916962,14.4283905,13.878588,14.218773,14.234211,16.093016,14.622302,14.793898,17.253815,17.662106,16.47001,14.995689,15.652152,16.68342,15.126119,16.464472,0.84224725,1.9455919,6.8639784,0.44687456,34.39056,37.832535,29.36745,14.882392,23.615784,18.762955,15.37283,14.77032,16.26333,22.08
4446056.924,658204.7026,30.862417,0.8530386,0.76916325,27.447033,41.441425,35.386005,28.010159,24.071236,40.83314,35.48664,37.25308,39.878414,42.501087,32.03779,26.411043,28.775454,31.588554,33.72503,1.9197321,1.9344567,6.2023187,7.4776015,1381.49,180,0.03955078,0.63014424,0.003295898,70,30,0.37737724,0.4398044,0.27049118,0.27080598,0.33139518,0.6917151,0.7875279,12.64492,14.263309,10.716963,14.192868,17.457695,18.602533,16.29845,15.001154,23.235199,23.751774,21.627699,21.75819,25.894442,24.705614,24.337574,23.74944,18.488916,19.750217,18.994732,16.213516,19.36636,19.625126,18.901815,18.818306,15.4314165,15.611618,13.806247,13.499598,15.846846,17.399254,16.014832,15.446438,15.916962,14.4283905,13.878588,14.218773,14.234211,16.093016,14.622302,14.793898,17.253815,17.662106,16.47001,14.995689,15.652152,16.68342,15.126119,16.464472,0.81110096,1.9270945,6.83996,0.45273098,34.44423,38.15989,29.224415,14.882392,23.615784,18.762955,15.37283,14.77032,16.26333,22.08
4446056.924,658209.7026,23.36708,0.8428741,0.77273935,27.36662,40.899384,34.99531,28.386126,24.60048,41.039177,35.69607,38.627216,39.760143,41.80314,32.01889,26.63175,27.856888,31.723736,33.567825,1.8722552,1.926569,6.1721697,7.468546,1381.49,185.18297,-0.000488281,0.6329066,0,70,30,0.37737724,0.4398044,0.27049118,0.27080598,0.33139518,0.6917151,0.7875279,12.947508,14.564356,11.206778,14.816286,18.846714,19.104141,16.047068,15.512179,23.991665,24.610071,21.269579,21.868124,25.772348,25.36897,24.099575,24.045418,19.218235,19.040483,18.216381,17.100618,18.711164,21.173115,19.926332,19.041077,16.231955,15.253227,13.141783,13.31131,15.384722,17.90732,15.402728,15.333497,16.274612,17.024805,13.996561,14.869092,13.661191,16.135782,16.149197,15.419254,19.34226,17.861828,16.190794,14.990896,14.838989,16.504812,15.828062,16.672812,0.80780673,1.8994122,6.820358,0.45273098,34.133003,38.367622,29.325321,15.361835,23.854334,19.055191,15.233292,15.444463,16.508236,22.08
4446056.924,658214.7026,28.312233,0.81955886,0.77609843,27.627485,41.536674,34.156483,29.012539,25.070902,41.199234,36.5159,40.188007,39.65368,41.00811,31.749422,26.037756,26.955423,30.958296,33.792614,1.8377905,1.9080855,6.1533604,7.480798,1381.5,188.82901,0.040039062,0.6527387,0.004394531,70,30,0.37737724,0.4398044,0.27049118,0.27080598,0.33139518,0.6917151,0.7875279,12.735251,14.500923,11.455027,14.492595,18.110336,19.035334,15.686673,15.186238,23.264883,25.535763,21.46703,21.547443,25.691988,26.36425,24.160975,24.204058,18.642475,20.29832,20.060751,16.779224,18.699255,22.065514,21.187658,19.543093,15.492742,15.34395,14.361673,13.044095,15.105532,17.653845,16.557875,15.311821,16.127762,15.919423,13.905443,14.816646,13.035022,15.702823,15.990747,15.054435,18.353931,18.224483,16.35404,16.08353,14.3784485,16.032408,14.711678,16.523657,0.7978287,1.8729379,6.817079,0.45273098,34.58208,38.857567,28.893589,15.145163,24.004618,19.676172,15.365674,15.071123,16.305504,22.08
4446051.924,658079.7026,24.496826,1.0767034,0.8553786,27.69569,34.269276,35.22294,30.127897,23.175518,35.323505,31.544445,31.235025,39.65786,47.302593,38.398243,34.00921,33.16372,31.728775,29.727182,2.2204442,2.0371685,6.5352335,7.6115737,1382.05,93.81717,-0.079589844,0.86142284,-0.006591797,45,30,0.36220697,0.4410988,0.27772215,0.25817424,0.29990926,0.67950326,0.8996489,11.27036,14.782725,13.816427,15.971617,19.337547,21.2687,18.968754,16.31165,15.565079,16.677456,15.830859,15.828217,17.175749,20.484138,17.495846,17.20502,11.790885,11.012163,10.9427185,10.03697,14.953026,17.300444,16.110092,12.918717,11.479605,11.063807,11.3483095,13.650592,15.788443,17.55498,16.472416,13.689242,14.054827,13.361806,13.032059,13.551718,16.828096,17.4759,16.788273,14.935592,14.767244,16.498127,14.556157,14.943074,16.591114,16.396273,15.5078125,15.554488,0.966041,2.1288064,7.0734034,0.45975193,30.982483,33.433975,36.203728,16.48802,17.008192,13.163757,13.908308,15.01324,15.608542,22.08
4446051.924,658084.7026,25.140759,1.0780115,0.8477665,27.234121,33.47318,34.79075,30.943825,23.535122,36.13383,32.17293,32.033768,41.32488,49.303875,37.85164,34.016407,32.638744,29.759068,27.567038,2.2380626,1.9825984,6.6173744,7.6389585,1381.98,95.01739,-0.040527344,0.8196478,-0.002319336,45,30,0.36689755,0.44034535,0.27991456,0.25055707,0.32461578,0.7006032,0.79829425,11.536669,14.279935,13.803233,14.698517,19.100647,21.096811,18.43297,15.939176,15.418455,18.138329,15.678581,15.4947815,17.74402,19.443539,16.908894,17.169542,12.210765,14.8248625,11.582315,11.508425,16.185442,16.705091,17.488016,14.094799,10.535322,10.40473,10.152761,12.009208,14.428285,15.169574,15.42988,12.316367,13.538454,13.842914,12.715203,13.3711195,16.966312,17.523378,16.73732,14.9375305,15.203901,17.22484,14.088847,14.956881,16.985125,16.113783,14.171351,15.610419,0.962889,2.1103306,7.128166,0.45160398,30.35365,34.15338,35.93402,16.13554,16.97523,14.357844,12.589965,14.956386,15.534961,22.08
4446051.924,658089.7026,27.019203,1.0700538,0.8419343,27.222244,33.456802,34.449966,31.641382,23.71517,36.682407,32.55314,32.47178,42.71098,50.862568,37.3659,33.905674,32.43236,28.066729,25.763927,2.2150993,1.9743217,6.664937,7.6513934,1381.91,100.8955,-0.03955078,0.7585027,-0.005493164,45,30,0.36689755,0.44034535,0.27991456,0.25055707,0.32461578,0.7006032,0.79829425,11.457865,14.220675,13.636141,14.667799,19.062803,21.129148,18.179653,15.864502,15.945101,18.96035,16.44881,16.594112,18.352446,20.259123,17.28711,17.93828,12.291674,14.7759,11.527658,11.145529,15.974048,16.546995,17.304296,13.976609,11.331431,11.161821,10.875583,12.731653,15.060283,15.800411,16.067455,13.022316,13.3562975,13.86969,12.650335,13.4175415,17.02662,17.525284,16.672451,14.913339,16.74329,19.334745,15.579599,16.72018,18.323307,17.575563,14.986432,17.185013,0.95599407,2.0947106,7.158165,0.45160398,30.339523,34.617775,35.635788,16.050585,17.692436,14.223729,13.289805,14.931174,17.037586,22.08
4446051.924,658094.7026,30.890957,1.058632,0.8256234,27.358067,33.784023,34.682995,31.894218,23.752777,37.044476,32.601295,32.86205,42.26902,50.72291,36.763947,33.83155,31.921942,28.175894,25.825819,2.1954992,1.9965343,6.634518,7.6446133,1381.85,116.55728,-0.16015625,0.5768366,-0.011108398,45,30,0.36689755,0.44034535,0.27991456,0.25055707,0.32461578,0.7006032,0.79829425,12.4995775,14.899501,13.753128,15.921712,19.581793,21.614977,20.037853,16.728119,16.570673,19.498447,16.430958,16.840464,18.329273,19.602074,18.10844,18.06142,12.854073,14.641133,12.196844,12.004534,15.8844595,17.59535,17.923702,14.489018,13.010663,12.953855,12.035028,13.509607,16.06464,16.480356,17.707943,14.262878,15.644443,15.4444065,13.703924,14.9027,17.81631,18.238913,19.552357,16.19949,16.166193,17.977945,15.496969,17.745058,18.376259,16.907932,17.439878,17.070353,0.9421277,2.096017,7.1395655,0.45160398,30.571045,34.822884,35.29775,16.901218,17.911474,14.728585,14.53744,16.471865,17.158604,22.08
4446051.924,658099.7026,33.887386,1.0511366,0.8055076,27.393723,33.773075,35.140976,32.046154,23.710913,37.179665,32.735214,33.074974,41.00641,49.79183,36.254467,33.91213,31.480825,28.986004,26.765419,2.1827416,1.988776,6.571269,7.6360617,1381.82,132.70604,-0.000976563,0.50657344,0,45,30,0.36689755,0.44034535,0.27991456,0.25055707,0.32461578,0.7006032,0.79829425,11.957198,14.30437,11.41329,15.209982,18.436146,20.59192,19.443895,15.679908,14.504629,17.14552,15.355001,15.7619095,18.06369,18.394922,16.922031,16.712357,11.650337,13.92957,11.750595,11.459847,15.861316,16.992638,16.851156,13.83432,13.1898775,13.22719,12.740732,13.577998,15.908561,16.75969,17.397755,14.471383,15.868515,16.519747,14.018764,15.379336,15.683298,18.264359,19.300968,16.272278,18.5332,18.952894,17.034374,17.718584,16.990076,17.553377,17.677778,17.808777,0.9283221,2.0857587,7.1036654,0.45160398,30.583399,34.95744,35.083298,15.9081135,16.59253,14.07078,14.685972,16.433569,17.78004,22.08
4446051.924,658104.7026,30.85677,1.0192076,0.78533053,27.37108,33.247406,35.64181,32.336895,23.675528,37.23195,33.194218,33.0976,39.646763,48.686356,35.78612,33.947865,31.12616,29.982037,28.050982,2.1670809,1.9691429,6.5108757,7.624977,1381.79,137.2057,0.041015625,0.52683306,0.002319336,70,30,0.36689755,0.44034535,0.27991456,0.25055707,0.32461578,0.7006032,0.79829425,11.957198,14.30437,11.41329,15.209982,18.436146,20.59192,19.443895,15.679908,14.504629,17.14552,15.355001,15.7619095,18.06369,18.394922,16.922031,16.712357,11.650337,13.92957,11.750595,11.459847,15.861316,16.992638,16.851156,13.83432,13.1898775,13.22719,12.740732,13.577998,15.908561,16.75969,17.397755,14.471383,15.868515,16.519747,14.018764,15.379336,15.683298,18.264359,19.300968,16.272278,18.5332,18.952894,17.034374,17.718584,16.990076,17.553377,17.677778,17.808777,0.90226907,2.068112,7.0679264,0.45160398,30.309242,35.21308,34.866993,15.9081135,16.59253,14.07078,14.685972,16.433569,17.78004,22.08
4446051.924,658109.7026,30.316484,1.0106686,0.7684141,27.420094,33.240726,36.094627,32.68289,23.637636,37.137012,33.308605,33.142685,38.654266,47.897995,35.44697,33.972168,30.870447,30.423307,28.813887,2.1629155,1.9623252,6.4455028,7.613171,1381.76,141.84608,0.040039062,0.5103003,0.001098633,70,30,0.36689755,0.44034535,0.27991456,0.25055707,0.32461578,0.7006032,0.79829425,12.0472555,14.06781,11.554446,14.824423,17.968311,19.442392,19.089125,15.350475,14.70345,17.510853,15.095144,14.802786,17.132826,18.473665,16.68674,16.541784,11.539227,13.454634,11.511432,12.176072,15.08365,17.069237,15.696556,13.705837,13.181229,12.997083,12.1394,13.776858,14.688708,16.584679,16.695732,14.169499,15.731479,16.50613,13.632414,15.0950775,15.5848055,18.797426,18.35058,16.217276,17.811474,18.570118,16.937328,17.738132,16.828365,17.684664,17.194565,17.630648,0.8895414,2.0626204,7.029337,0.45160398,30.33041,35.22281,34.70957,15.5705385,16.34364,13.790114,14.294813,16.24256,17.537807,22.08
4446051.924,658114.7026,33.855766,1.0254664,0.75179935,27.465303,40.52278,36.508507,33.090355,23.48972,37.04904,33.45092,33.2156,37.89234,47.24988,35.141064,32.860226,30.61829,30.784853,29.461958,2.1537035,1.97585,6.388246,7.595888,1381.73,144.46704,-0.080078125,0.49310216,-0.002197266,70,30,0.3657804,0.44037354,0.28621185,0.2513535,0.32553473,0.6995174,0.7956608,11.631408,13.148407,10.541544,13.259306,16.634327,19.854849,16.451725,14.351213,14.332837,16.492603,14.221397,14.509249,16.37111,17.807997,15.225115,15.841413,13.604982,17.9473,13.082245,14.014994,16.58701,20.708534,16.946636,16.205051,12.664137,12.649412,11.73942,13.35479,14.63114,17.422728,15.324948,13.857456,15.537275,15.383223,13.694962,14.451471,15.575075,20.042517,16.606352,15.787622,17.94054,18.677149,16.011024,18.537706,16.28632,18.416893,17.753006,17.72148,0.8886329,2.0647767,6.9920673,0.4520617,33.99404,35.24998,34.000645,14.503082,15.565758,16.127384,13.969512,15.898697,17.660378,22.08
4446051.924,658119.7026,32.828213,1.0097756,0.7392503,27.403044,40.52969,36.681873,33.335064,23.480398,37.021618,34.15044,33.248363,37.266567,46.824398,34.94472,32.35818,30.709171,31.266174,29.995283,2.1504219,1.949619,6.337293,7.582924,1381.71,146.752,0.03955078,0.49654728,0.002197266,70,30,0.3657804,0.44037354,0.28621185,0.2513535,0.32553473,0.6995174,0.7956608,11.631408,13.148407,10.541544,13.259306,16.634327,19.854849,16.451725,14.351213,14.332837,16.492603,14.221397,14.509249,16.37111,17.807997,15.225115,15.841413,13.604982,17.9473,13.082245,14.014994,16.58701,20.708534,16.946636,16.205051,12.664137,12.649412,11.73942,13.35479,14.63114,17.422728,15.324948,13.857456,15.537275,15.383223,13.694962,14.451471,15.575075,20.042517,16.606352,15.787622,17.94054,18.677149,16.011024,18.537706,16.28632,18.416893,17.753006,17.72148,0.874513,2.0500205,6.9601088,0.4520617,33.966366,35.58603,33.65145,14.503082,15.565758,16.127384,13.969512,15.898697,17.660378,22.08
4446051.924,658124.7026,40.07367,1.0012411,0.7308161,27.640936,39.409954,36.385124,33.05213,23.381031,37.189312,34.94948,34.385326,37.516373,46.796894,34.822304,32.227173,29.98553,30.985426,29.765373,2.1513333,1.8851787,6.297232,7.603764,1381.69,152.74365,0.07910156,0.53144735,0.005493164,70,30,0.3657804,0.44037354,0.28621185,0.2513535,0.32553473,0.6995174,0.7956608,11.863442,13.632075,10.658036,13.944585,16.639767,20.167986,16.666985,14.68052,20.282982,22.311935,19.65652,19.922863,23.646675,25.177795,22.360579,22.060265,14.466771,15.582194,12.449381,14.022766,16.796726,18.941666,16.253784,15.554452,12.566688,11.997183,12.13484,14.9737,14.856882,16.802908,16.288614,14.101676,14.52921,14.080214,12.3511715,13.61318,14.736897,16.931364,16.98063,14.380508,16.70959,18.484608,16.571945,17.300066,15.020161,16.328238,15.64007,16.731037,0.8660286,2.018256,6.950498,0.4520617,33.525444,36.069397,33.52474,14.796124,21.90848,15.501899,14.2315445,14.746096,16.579239,22.08
4446051.924,658129.7026,42.14409,0.9832027,0.73025066,27.89998,39.276134,35.808266,32.46742,23.456432,37.511253,35.36929,34.88318,38.116184,46.875023,34.759357,31.911333,30.001724,30.719114,29.585197,2.151487,1.8806969,6.2646275,7.6342683,1381.67,152.84073,0.12109375,0.59563386,0.008911133,70,30,0.3657804,0.44037354,0.28621185,0.2513535,0.32553473,0.6995174,0.7956608,11.260937,13.780271,12.172467,13.85515,18.026508,20.677217,16.777536,15.086471,20.283209,22.27402,19.587048,19.989056,24.497074,25.210546,22.3054,22.208765,15.056743,13.7914505,12.800827,14.150263,17.603909,19.062246,15.65835,15.508957,12.972463,11.490049,12.446971,15.100276,14.806725,17.117867,16.161716,14.167272,14.238904,13.775892,12.885696,13.657842,14.355353,17.556227,16.373775,14.430477,16.217325,16.910013,15.32164,16.353754,15.244446,16.46902,14.644983,16.025547,0.85672665,2.016092,6.9494476,0.4520617,33.58806,36.44027,33.335346,15.221441,22.020906,15.446257,14.299438,14.691956,15.88017,22.08
4446051.924,658134.7026,36.628284,0.9823105,0.7286893,27.862926,39.30192,35.218708,31.754002,23.386837,37.706196,35.642735,35.082764,38.408707,47.114887,34.93308,31.425844,30.153889,30.90114,29.473478,2.1590974,1.8825215,6.2415056,7.6618752,1381.64,148.14433,0.040039062,0.6241407,0.004394531,70,30,0.3657804,0.44037354,0.28621185,0.2513535,0.32553473,0.6995174,0.7956608,11.260937,13.780271,12.172467,13.85515,18.026508,20.677217,16.777536,15.086471,20.283209,22.27402,19.587048,19.989056,24.497074,25.210546,22.3054,22.208765,15.056743,13.7914505,12.800827,14.150263,17.603909,19.062246,15.65835,15.508957,12.972463,11.490049,12.446971,15.100276,14.806725,17.117867,16.161716,14.167272,14.238904,13.775892,12.885696,13.657842,14.355353,17.556227,16.373775,14.430477,16.217325,16.910013,15.32164,16.353754,15.244446,16.46902,14.644983,16.025547,0.85549986,2.0208094,6.9516907,0.4520617,33.582424,36.674465,33.179462,15.221441,22.020906,15.446257,14.299438,14.691956,15.88017,22.08
4446051.924,658139.7026,34.89046,0.9811474,0.72628886,27.820675,39.328384,34.67054,31.070637,23.310564,37.86561,35.960926,35.240715,38.761032,47.54359,35.16724,30.870457,30.318668,31.021782,29.232542,2.1641066,1.8837914,6.224841,7.687837,1381.61,146.29648,0.03955078,0.6197962,0.003295898,70,30,0.3657804,0.44037354,0.28621185,0.2513535,0.32553473,0.6995174,0.7956608,10.639199,13.592123,13.545743,13.735286,16.576077,19.386703,15.594788,14.791246,22.122532,24.126005,21.855064,22.360704,26.228277,24.967978,23.560354,23.72447,18.178154,18.217497,19.135227,16.85945,19.535635,20.338907,17.834858,18.720175,14.313417,13.40317,15.143717,14.304721,16.14871,16.66973,15.996923,15.027486,14.517446,13.464678,14.671094,14.257921,16.099844,17.987452,16.703953,15.084455,16.177496,17.603567,15.396965,17.331339,16.046257,16.569853,14.558746,16.352232,0.85371816,2.0239491,6.956339,0.4520617,33.57453,36.91327,33.01885,14.724274,23.602985,18.585676,15.140056,15.386056,16.240604,22.08
4446051.924,658144.7026,41.8539,0.97026026,0.72422224,27.290085,40.197105,34.29894,30.461397,23.291224,38.10184,36.256588,34.71079,39.14723,47.86719,35.372036,30.028666,30.872604,31.038998,29.30414,2.1581511,1.8922374,6.2110796,7.6933484,1381.58,146.30096,0.0390625,0.61955374,0.003295898,70,30,0.36592177,0.43568465,0.28477946,0.2518738,0.32641748,0.70707434,0.7974749,11.742424,14.418826,13.75002,15.05217,17.258022,19.095585,16.409954,15.43939,22.255491,25.471596,22.27035,22.440285,25.785385,26.242722,24.07467,24.23809,18.655293,18.77383,19.459484,17.310246,17.995161,20.805439,19.249903,18.886028,14.249222,14.307558,14.849302,14.293864,15.310728,16.984224,16.826632,15.126104,13.858397,14.201891,14.661819,14.333593,16.248379,17.921919,16.592733,15.142403,15.749575,19.026218,15.285288,16.368242,15.646808,16.679617,16.657696,16.41545,0.8472413,2.0251942,6.9522142,0.45274663,33.743595,37.179214,32.70035,15.389572,24.077213,18.892765,15.260218,15.402677,16.487635,22.08
4446051.924,658149.7026,32.01682,0.9771286,0.7213356,27.25749,40.209637,34.083286,29.907492,23.322382,38.176636,36.69146,34.480194,39.29359,47.883183,35.48333,29.430046,31.155443,31.223251,29.58755,2.1639628,1.8896667,6.201541,7.7006483,1381.55,148.56415,0.041015625,0.60411656,0.001220703,70,30,0.36592177,0.43568465,0.28477946,0.2518738,0.32641748,0.70707434,0.7974749,11.742424,14.418826,13.75002,15.05217,17.258022,19.095585,16.409954,15.43939,22.255491,25.471596,22.27035,22.440285,25.785385,26.242722,24.07467,24.23809,18.655293,18.77383,19.459484,17.310246,17.995161,20.805439,19.249903,18.886028,14.249222,14.307558,14.849302,14.293864,15.310728,16.984224,16.826632,15.126104,13.858397,14.201891,14.661819,14.333593,16.248379,17.921919,16.592733,15.142403,15.749575,19.026218,15.285288,16.368242,15.646808,16.679617,16.657696,16.41545,0.8492321,2.0268147,6.9510946,0.45274663,33.733562,37.434048,32.456688,15.389572,24.077213,18.892765,15.260218,15.402677,16.487635,22.08
4446051.924,658154.7026,38.293026,0.9741273,0.7163926,27.2677,40.25132,34.12065,29.404114,23.255697,38.277626,36.457287,34.20476,39.188847,47.508015,35.341908,28.99679,31.357676,31.508196,29.91138,2.1661859,1.8960943,6.19534,7.6798964,1381.52,150.9355,-0.03955078,0.58990794,-0.003295898,70,30,0.36592177,0.43568465,0.28477946,0.2518738,0.32641748,0.70707434,0.7974749,11.879419,13.328772,11.426561,15.072594,16.452614,18.278387,16.03897,14.658178,23.376804,24.872894,21.930367,22.581568,24.904884,25.819834,24.259258,24.113148,19.550417,17.37498,17.632488,17.691097,18.127598,20.774965,20.285229,18.733116,15.767423,13.690045,13.763458,14.887289,15.349663,17.22769,16.667164,15.284562,14.26327,14.299408,13.387776,14.476435,15.611896,16.120975,15.971491,14.744276,16.643076,17.087475,14.751239,17.289381,15.529152,16.233377,16.082212,16.336195,0.8452599,2.03114,6.9376183,0.45274663,33.75951,37.367455,32.16935,14.639617,23.96366,18.776684,15.336105,14.875893,16.230844,22.08
4446051.924,658159.7026,29.397179,0.9551049,0.719947,28.37791,40.062077,34.297703,28.919922,23.139063,38.276447,35.69958,34.547592,38.826157,46.55595,34.787807,29.223072,30.97501,32.43413,30.919886,2.1673148,1.9028752,6.190685,7.650628,1381.49,156.04652,-0.20019531,0.5646,-0.012207031,70,30,0.36592177,0.43568465,0.28477946,0.2518738,0.32641748,0.70707434,0.7974749,11.879419,13.328772,11.426561,15.072594,16.452614,18.278387,16.03897,14.658178,23.376804,24.872894,21.930367,22.581568,24.904884,25.819834,24.259258,24.113148,19.550417,17.37498,17.632488,17.691097,18.127598,20.774965,20.285229,18.733116,15.767423,13.690045,13.763458,14.887289,15.349663,17.22769,16.667164,15.284562,14.26327,14.299408,13.387776,14.476435,15.611896,16.120975,15.971491,14.744276,16.643076,17.087475,14.751239,17.289381,15.529152,16.233377,16.082212,16.336195,0.83752596,2.035095,6.920656,0.45274663,34.219994,36.988014,32.00544,14.639617,23.96366,18.776684,15.336105,14.875893,16.230844,22.08
4446051.924,658164.7026,33.29739,0.9488721,0.71412516,28.412983,40.101395,34.64002,28.449064,23.080814,38.312992,35.258106,34.045296,38.554882,45.723095,34.512665,28.900885,31.245205,32.76776,31.484583,2.1643622,1.912898,6.187741,7.6152263,1381.48,162.56528,-0.040039062,0.52579427,-0.004516602,70,30,0.36592177,0.43568465,0.28477946,0.2518738,0.32641748,0.70707434,0.7974749,11.4191675,13.644124,11.004015,12.992186,14.664614,19.23284,16.512293,14.22483,22.570137,24.496027,20.983997,21.92745,25.585299,25.423956,23.461788,23.642775,19.600708,18.435024,16.962612,17.809626,20.328094,21.68514,20.66029,19.267788,15.555971,14.047859,12.825918,14.687521,15.584836,17.796635,16.76352,15.311991,15.574755,13.694876,12.646808,14.245094,15.359595,15.881349,14.408499,14.592852,17.555504,16.7797,16.013376,17.573828,15.739422,15.988065,15.430445,16.55446,0.8314986,2.03863,6.9014835,0.45274663,34.257187,36.78555,31.706776,14.209891,23.492664,19.354498,15.323181,14.544425,16.44005,22.08
4446051.924,658169.7026,31.320612,0.92434067,0.7159807,27.749857,39.992546,35.02864,27.92114,23.064816,38.651314,36.106728,33.495533,37.817253,44.44687,33.988174,27.833723,31.528854,33.0155,32.968754,2.1528134,1.9005069,6.1833243,7.585465,1381.47,166.76521,-0.000488281,0.50023913,-0.002197266,70,30,0.36592177,0.43568465,0.28477946,0.2518738,0.32641748,0.70707434,0.7974749,11.768901,13.888824,10.97558,13.549555,16.021446,18.845465,16.726837,14.530848,22.48831,24.556112,21.919483,22.02602,25.16643,25.4553,23.525776,23.764465,19.730122,18.904432,18.975185,16.58421,20.067883,20.856148,20.995808,19.34881,15.208328,13.725698,13.735756,14.624806,15.371206,17.901405,17.008526,15.37092,15.7917385,13.837286,12.573934,15.022847,15.902738,14.927798,14.376498,14.643243,17.293768,17.522747,17.465214,18.331606,15.68609,16.034208,15.476492,16.984095,0.8201607,2.0266602,6.8843946,0.45274663,33.8712,37.37902,30.91095,14.5395155,23.591063,19.444826,15.367961,14.633262,16.830019,22.08
4446051.924,658174.7026,22.972471,0.9121443,0.7044541,27.795519,40.013313,35.46391,27.372269,23.049036,38.54508,35.748573,32.96502,37.527687,43.51633,33.848907,27.668627,31.764648,33.341125,33.454487,2.1423516,1.9087733,6.1757812,7.5555363,1381.46,168.6747,-0.040527344,0.51106644,-0.002319336,70,30,0.36584982,0.4408173,0.26353237,0.24605249,0.32830352,0.6975713,0.7859949,11.768901,13.888824,10.97558,13.549555,16.021446,18.845465,16.726837,14.530848,22.48831,24.556112,21.919483,22.02602,25.16643,25.4553,23.525776,23.764465,19.730122,18.904432,18.975185,16.58421,20.067883,20.856148,20.995808,19.34881,15.208328,13.725698,13.735756,14.624806,15.371206,17.901405,17.008526,15.37092,15.7917385,13.837286,12.573934,15.022847,15.902738,14.927798,14.376498,14.643243,17.293768,17.522747,17.465214,18.331606,15.68609,16.034208,15.476492,16.984095,0.8082992,2.0255625,6.8656588,0.44687456,33.904415,37.146828,30.758766,14.5395155,23.591063,19.444826,15.367961,14.633262,16.830019,22.08
4446051.924,658179.7026,27.489962,0.8993618,0.7101166,28.095085,40.613705,35.71107,26.875338,23.168032,38.380165,35.015392,33.59655,38.461994,42.676414,33.69538,27.728228,31.197702,32.25868,33.633785,2.1306913,1.9220319,6.167824,7.547065,1381.45,169.27306,-0.040527344,0.539211,-0.004516602,70,30,0.36584982,0.4408173,0.26353237,0.24605249,0.32830352,0.6975713,0.7859949,11.294548,14.635925,10.220674,12.851606,16.58092,17.850798,16.27081,14.20029,22.506649,24.516476,21.222095,22.092226,25.620361,25.370928,23.45655,23.658285,19.584,18.609638,17.997673,16.491055,21.160896,20.705673,20.599163,19.182219,14.343409,14.26018,13.15365,14.666242,16.607527,18.207388,17.208065,15.474411,15.962265,13.812915,12.235321,13.711423,16.210667,15.24398,15.011568,14.48595,17.672596,17.982319,17.697016,16.251507,16.745138,15.907359,16.655132,16.925776,0.80473924,2.0263615,6.8574443,0.44687456,34.354393,36.697777,30.711803,14.243611,23.540754,19.306871,15.492351,14.598305,16.987295,22.08
4446051.924,658184.7026,23.354675,0.8933447,0.71682423,28.108267,40.617977,35.850254,26.961664,23.313976,38.68105,34.93285,33.97888,38.595467,42.492825,33.38294,27.561382,30.85125,32.16681,33.674324,2.1051126,1.9233071,6.1787786,7.5269885,1381.44,172.6852,-0.12060547,0.5630443,-0.006713867,70,30,0.36584982,0.4408173,0.26353237,0.24605249,0.32830352,0.6975713,0.7859949,11.786554,14.009839,10.867121,12.97571,15.598261,18.413588,16.094967,14.252772,22.50673,23.86019,21.438824,21.676128,25.612713,25.223295,24.0068,23.60883,18.781096,19.004477,17.017155,15.261267,19.359188,21.058065,20.095049,18.576277,14.6327,14.375949,13.336247,13.4384365,16.309103,17.614962,16.346703,15.114099,15.431409,14.388428,12.320408,13.36529,16.052635,15.168579,14.490613,14.371513,17.363182,18.344845,17.583096,16.059238,16.856157,15.821933,15.785698,16.911314,0.80508447,2.0142097,6.8528833,0.44687456,34.36312,36.80695,30.47216,14.2494335,23.474957,18.653759,15.150586,14.459623,16.830591,22.08
4446051.924,658189.7026,26.04109,0.8857552,0.73214513,27.94187,41.203163,35.85295,27.366905,23.498278,39.186047,34.90696,34.636436,38.959812,42.624363,33.029266,27.229712,30.323277,32.242397,33.811745,2.0724187,1.913899,6.199486,7.496406,1381.44,177.13411,-0.000488281,0.5735161,-0.002319336,70,30,0.36584982,0.4408173,0.26353237,0.24605249,0.32830352,0.6975713,0.7859949,12.149748,14.778372,12.436215,13.899515,15.98256,19.921904,15.929225,15.111065,22.112448,24.437748,21.542797,21.724588,25.36414,25.592972,23.794468,23.649431,19.473595,18.97102,17.731415,16.66063,19.620876,21.734655,19.006756,19.06546,14.679454,14.436475,13.384,14.438304,16.551203,17.277246,15.701319,15.192607,15.814882,14.141748,12.214373,13.793432,15.8040695,15.855812,14.840349,14.514981,17.31852,16.92748,16.62875,16.394402,16.325136,15.32734,15.895721,16.454584,0.8089502,1.9931588,6.847946,0.44687456,34.572517,37.0465,30.12949,15.013933,23.509878,19.028421,15.209714,14.63781,16.402477,22.08
4446051.924,658194.7026,27.335367,0.90184605,0.75614125,27.790138,40.993233,35.652706,27.782822,23.71169,39.728657,35.22388,36.398922,39.395245,42.499577,32.65578,27.08201,29.348303,32.54067,34.450417,2.0399952,1.9034363,6.206127,7.504985,1381.44,177.169,0.0390625,0.5734987,0.001098633,70,30,0.36584982,0.4408173,0.26353237,0.24605249,0.32830352,0.6975713,0.7859949,12.770042,13.929686,12.917582,14.460175,16.15285,19.18106,17.634388,15.277674,22.40549,24.365759,21.800884,21.045174,24.930367,25.656958,23.749899,23.555483,18.572958,19.204998,17.78071,15.543314,18.579206,20.613375,19.147106,18.463747,14.572606,14.157484,13.427569,13.671704,15.001694,16.678532,16.038082,14.717076,15.516588,14.124628,13.152766,14.136807,15.065091,15.641353,15.081251,14.539123,15.976156,18.072268,17.698841,15.8882265,15.798199,16.198057,15.242319,16.579153,0.8289937,1.9717157,6.855556,0.44687456,34.391685,37.47627,29.868896,15.2922535,23.422073,18.491667,14.792524,14.674069,16.41058,22.08
4446051.924,658199.7026,15.718865,0.86317825,0.75243294,27.493675,41.437756,35.67023,28.140015,24.205442,40.07209,35.499218,36.529236,39.390224,42.406933,32.544884,26.811567,29.21033,31.734098,33.656055,2.000298,1.9133579,6.216461,7.475874,1381.43,175.84406,-0.119140625,0.5886831,-0.006591797,70,30,0.36584982,0.4408173,0.26353237,0.24605249,0.32830352,0.6975713,0.7859949,12.709265,14.330792,12.781365,15.507985,16.63737,18.393183,17.51514,15.382297,23.033747,24.176067,21.509272,21.783875,25.885849,25.844152,24.201305,23.909742,17.887838,18.908329,17.699001,17.73283,20.198307,21.119171,19.84519,19.036533,15.191797,14.72444,13.308107,14.128238,15.129146,16.700218,16.492085,15.083282,14.718851,13.3629055,14.623777,14.959625,13.429743,15.263133,15.820752,14.535029,15.418989,18.455359,17.261112,16.349407,14.614321,15.9213295,15.42082,16.398357,0.8078056,1.9568279,6.8461676,0.44687456,34.465714,37.785652,29.678226,15.4107275,23.776323,19.055807,15.09629,14.59697,16.205904,22.08
4446051.924,658204.7026,32.925625,0.8563044,0.7633787,27.427988,40.902107,35.449112,28.54477,24.780243,40.246803,35.65641,37.865856,39.49313,41.864384,32.52681,27.020702,28.255684,31.623348,33.449833,1.9624298,1.9042219,6.207654,7.4653344,1381.43,178.66628,-0.03955078,0.61597484,-0.004394531,70,30,0.37737724,0.4398044,0.27049118,0.27080598,0.33139518,0.6917151,0.7875279,12.709265,14.330792,12.781365,15.507985,16.63737,18.393183,17.51514,15.382297,23.033747,24.176067,21.509272,21.783875,25.885849,25.844152,24.201305,23.909742,17.887838,18.908329,17.699001,17.73283,20.198307,21.119171,19.84519,19.036533,15.191797,14.72444,13.308107,14.128238,15.129146,16.700218,16.492085,15.083282,14.718851,13.3629055,14.623777,14.959625,13.429743,15.263133,15.820752,14.535029,15.418989,18.455359,17.261112,16.349407,14.614321,15.9213295,15.42082,16.398357,0.8098415,1.9333258,6.8364944,0.45273098,34.165047,37.951607,29.773756,15.4107275,23.776323,19.055807,15.09629,14.59697,16.205904,22.08
4446051.924,658209.7026,20.39336,0.84772587,0.76479244,27.41839,40.87709,35.023163,29.00099,25.152182,40.626606,35.903362,38.89376,39.45636,41.420334,32.21413,27.020868,27.637907,30.609652,33.518433,1.9245334,1.8950467,6.1935353,7.466734,1381.43,185.16862,-0.07910156,0.6327167,-0.006591797,70,30,0.37737724,0.4398044,0.27049118,0.27080598,0.33139518,0.6917151,0.7875279,12.599867,14.056023,12.129583,14.02283,18.752134,18.7756,16.793396,15.342117,23.582058,24.105083,21.714592,21.830713,25.626661,26.614271,24.404179,24.210121,18.865948,18.91151,18.695347,17.308254,18.66605,22.212225,19.470766,19.282305,15.45466,15.2669935,13.517914,14.784886,14.508065,17.644796,15.793955,15.378527,15.115985,15.333796,14.030388,13.914473,12.624458,15.712302,16.180378,14.621088,17.001114,18.881136,16.034672,17.013348,14.031021,16.42208,15.41478,16.650553,0.80625916,1.90979,6.8301344,0.45273098,34.14774,38.264984,29.6175,15.304206,23.982508,19.161444,15.28161,14.701682,16.399736,22.08
4446051.924,658214.7026,28.149643,0.82323337,0.7699251,27.676998,41.520027,34.21865,29.641617,25.602276,40.837902,36.6876,40.51546,39.38181,40.703545,31.905315,26.32414,26.662775,30.540909,33.73281,1.8844202,1.882612,6.174085,7.4783,1381.44,187.74246,-0.000976563,0.63594127,-0.002319336,70,30,0.37737724,0.4398044,0.27049118,0.27080598,0.33139518,0.6917151,0.7875279,13.35195,13.7986145,12.695659,13.00441,17.805767,19.126413,14.928663,15.073013,23.348497,25.060658,21.647306,21.816563,25.532988,26.883095,24.396723,24.294031,17.782238,20.655514,20.620829,17.564415,20.024193,21.689577,19.258638,19.69353,15.338429,15.979471,14.305547,14.551358,14.739242,18.272,15.387898,15.62914,15.990308,16.307674,13.73633,13.538313,13.28657,15.474579,14.809149,14.734744,18.049839,18.703726,16.309916,16.45585,14.898449,16.2102,16.45928,16.784199,0.79657924,1.8835161,6.826193,0.45273098,34.59851,38.76275,29.114727,14.958783,24.097979,19.656485,15.510565,14.734703,16.72675,22.08
4446046.924,658079.7026,28.668966,1.0742617,0.8702024,27.685045,34.275673,35.19152,29.792334,23.09458,35.5745,31.553904,31.223337,38.968956,46.263374,38.241314,33.805218,33.217495,32.519676,30.910093,2.203558,2.0429015,6.536464,7.634794,1382.05,93.69428,-0.03955078,0.89003044,0.001098633,45,30,0.36220697,0.4410988,0.27772215,0.25817424,0.29990926,0.67950326,0.8996489,11.608133,15.232201,13.54893,14.84888,18.20806,21.018337,18.834208,15.98878,16.014135,16.3517,15.693335,16.011234,17.473637,20.17582,16.704039,17.126982,11.651991,12.831835,10.394364,10.630009,15.281904,16.734816,15.465918,13.067068,11.477819,11.746809,11.880247,12.75519,16.51294,17.306581,16.340862,13.806453,14.415695,14.054758,13.128462,13.426381,16.917545,18.345573,17.201256,15.291,16.181387,16.067108,14.441671,16.955103,17.090622,15.518067,16.01959,15.988721,0.97223204,2.1232297,7.0856295,0.45975193,30.980358,33.5642,36.023266,16.185535,16.9177,13.284406,14.002921,15.355667,16.03908,22.08
4446046.924,658084.7026,29.050962,1.0780712,0.8527758,27.476135,33.99769,34.769184,30.371649,23.366087,36.36276,31.92414,31.920387,40.100487,47.767838,37.63654,33.860855,33.01226,31.308277,29.384617,2.194097,2.0283222,6.6084795,7.656287,1381.98,99.16944,0.15966797,0.899676,0.008911133,45,30,0.36689755,0.44034535,0.27991456,0.25055707,0.32461578,0.7006032,0.79829425,11.03654,14.329808,13.847954,15.428835,19.378336,20.736628,18.184101,16.112871,15.422966,17.280323,15.737082,15.112846,17.429478,19.514364,16.491404,16.89388,12.428403,13.958025,11.61825,11.393728,15.528073,17.294067,16.81977,13.927354,10.320476,10.30116,10.230168,11.793953,14.908634,15.006545,15.1039095,12.335623,13.655818,13.743632,13.036051,14.478017,16.85379,17.651659,17.618515,15.109992,15.852013,16.27052,14.819516,15.421247,15.841068,16.162645,14.896062,15.659712,0.9654235,2.1112096,7.1323833,0.45160398,30.736912,34.143448,35.748695,16.1346,16.712637,14.148618,12.52355,15.291068,15.60901,22.08
4446046.924,658089.7026,29.984777,1.0689749,0.8368233,27.206125,33.461372,34.756386,30.918402,23.524063,37.027855,32.52484,32.556446,41.06326,48.943264,37.10835,33.78804,32.179173,29.905857,27.987429,2.208225,1.9775993,6.644094,7.6708055,1381.9,104.747185,0.040527344,0.844136,0.002197266,45,30,0.36689755,0.44034535,0.27991456,0.25055707,0.32461578,0.7006032,0.79829425,10.958957,14.314194,13.790805,15.498019,19.337057,20.767767,18.17482,16.100006,15.926412,18.161882,16.426228,16.287043,18.037907,20.44906,16.864777,17.689653,12.309825,13.917323,11.549304,11.173279,15.04462,17.26485,16.513681,13.765726,11.039368,11.113736,10.962946,12.5213375,15.52747,15.6373825,15.683948,13.037405,13.54411,13.699957,13.015318,14.503125,16.899834,17.69833,17.6208,15.100334,17.754736,18.037485,16.583008,17.252655,17.253807,17.582848,15.936162,17.309906,0.9528991,2.0929122,7.1574497,0.45160398,30.333748,34.77635,35.448196,16.120232,17.450474,13.967554,13.212313,15.283068,17.2001,22.08
4446046.924,658094.7026,33.48354,1.0581583,0.8184039,27.33394,33.78739,34.896416,31.315023,23.599262,37.40402,32.615227,32.96178,41.096626,49.21471,36.55107,33.68612,31.708927,29.510067,27.595398,2.188956,1.9988197,6.6304364,7.66322,1381.83,113.17447,-0.12109375,0.6544495,-0.0078125,45,30,0.36689755,0.44034535,0.27991456,0.25055707,0.32461578,0.7006032,0.79829425,12.269556,14.745946,12.224181,15.081354,19.186293,20.773645,17.773281,15.914129,15.329065,18.25092,15.481606,15.342517,17.564075,19.121244,16.030487,17.025232,11.960489,13.714307,11.978746,11.348135,15.2918625,16.48832,16.080898,13.710659,12.780592,12.338213,11.253419,13.802881,15.992038,15.865293,16.353619,13.872536,13.533658,15.151934,13.734488,15.552475,17.627937,18.660784,18.432701,15.915087,17.099504,18.14484,17.028618,17.417797,17.724697,16.908718,15.917236,17.357498,0.93828106,2.0938878,7.146828,0.45160398,30.560665,35.00962,35.118595,16.007751,16.731417,13.837538,14.05515,16.09914,17.177347,22.08
4446046.924,658099.7026,34.721127,1.0510012,0.79777086,27.36268,33.77548,35.24982,31.693098,23.60811,37.512848,32.789616,33.165314,40.43412,48.838707,36.111515,33.736454,31.340504,29.665968,27.91325,2.177051,1.9907942,6.5842204,7.651512,1381.79,126.24171,0.000976563,0.5326534,-0.002197266,70,30,0.36689755,0.44034535,0.27991456,0.25055707,0.32461578,0.7006032,0.79829425,10.791905,14.411112,11.991986,14.808047,18.668982,21.079554,18.300407,15.516444,14.794746,17.506586,15.149716,14.513354,17.11254,19.38318,16.892855,16.66864,11.442703,12.514308,12.923609,11.102891,15.339485,17.21425,16.556213,13.670178,12.020595,11.82237,13.248982,13.786649,14.73037,16.37995,16.234692,13.896215,13.837535,14.6368885,14.578505,14.877768,14.917153,18.981764,18.033672,15.586038,17.17757,18.72944,17.119553,17.22161,16.48312,17.165705,16.344316,17.342842,0.924386,2.0839226,7.1178665,0.45160398,30.56908,35.15123,34.923985,15.721713,16.478996,13.870494,14.031943,15.694755,17.17733,22.08
4446046.924,658104.7026,31.726788,1.0180411,0.77588445,27.337276,33.248936,35.770832,32.166336,23.596674,37.49579,33.25851,33.147507,39.387005,48.091957,35.692135,33.774174,31.013794,30.266903,28.77096,2.161296,1.9705292,6.527991,7.631975,1381.75,132.79637,-0.12011719,0.5273272,-0.006713867,70,30,0.36689755,0.44034535,0.27991456,0.25055707,0.32461578,0.7006032,0.79829425,10.791905,14.411112,11.991986,14.808047,18.668982,21.079554,18.300407,15.516444,14.794746,17.506586,15.149716,14.513354,17.11254,19.38318,16.892855,16.66864,11.442703,12.514308,12.923609,11.102891,15.339485,17.21425,16.556213,13.670178,12.020595,11.82237,13.248982,13.786649,14.73037,16.37995,16.234692,13.896215,13.837535,14.6368885,14.578505,14.877768,14.917153,18.981764,18.033672,15.586038,17.17757,18.72944,17.119553,17.22161,16.48312,17.165705,16.344316,17.342842,0.89696276,2.0659125,7.0799828,0.45160398,30.293106,35.37715,34.733154,15.721713,16.478996,13.870494,14.031943,15.694755,17.17733,22.08
4446046.924,658109.7026,33.31862,1.0098624,0.75493336,27.393637,33.242493,36.33266,32.715603,23.576859,37.290123,33.346703,33.136295,38.485,47.5102,35.383152,33.822887,30.749084,30.498308,29.321272,2.1581635,1.9632217,6.458855,7.6073794,1381.72,139.76605,-0.080078125,0.48807418,-0.006713867,70,30,0.36689755,0.44034535,0.27991456,0.25055707,0.32461578,0.7006032,0.79829425,11.698389,13.978566,10.946801,14.4192505,16.75973,20.290741,18.785208,15.113125,14.729276,16.496708,14.403879,14.561475,16.838585,18.663006,15.751605,16.129467,14.075174,14.800044,13.83932,13.206499,17.208227,18.250425,17.254116,15.335435,13.045328,12.902908,12.439816,13.112114,14.913136,15.996823,16.14792,13.87242,15.187792,15.236494,13.280504,14.27327,15.817199,18.49801,17.968235,15.594712,16.647999,18.207626,16.87386,15.6952,16.061403,16.839825,16.213604,16.673204,0.8823979,2.0606925,7.0331173,0.45160398,30.318066,35.318413,34.60302,15.268384,15.920648,15.5191145,14.0797205,15.751643,16.648502,22.08
4446046.924,658114.7026,32.02369,1.0097198,0.73442346,27.361649,40.504154,36.943188,33.500267,23.478613,37.072384,33.995216,33.13124,37.537716,46.93423,35.053562,32.50972,30.650717,30.971766,29.971025,2.14458,1.9537265,6.397303,7.5642,1381.7,142.44312,0.0390625,0.46957308,0.001098633,70,30,0.3657804,0.44037354,0.28621185,0.2513535,0.32553473,0.6995174,0.7956608,11.40247,14.239125,11.830147,14.792064,16.685795,20.06293,18.61827,15.177053,14.813931,16.936687,13.7235565,14.002993,16.669807,18.964853,15.603824,16.081463,14.591452,14.911618,13.166063,13.00916,16.328903,18.01327,17.463604,15.167731,13.454618,11.890434,12.330261,13.158603,15.038923,16.136469,17.047548,13.846779,15.415235,14.753789,13.964098,14.648961,15.443214,18.001516,17.86112,15.376941,17.366842,17.358114,15.640661,15.898692,15.251596,16.986883,16.061886,16.414646,0.8720716,2.0491533,6.9807515,0.4520617,33.9329,35.5338,33.78164,15.375829,15.816521,15.354867,14.150979,15.726848,16.36638,22.08
4446046.924,658119.7026,30.382421,1.0067798,0.7127366,27.438389,40.51445,37.664078,34.238308,23.409533,36.747017,34.075756,32.982002,36.848763,46.72119,34.798946,32.449665,30.403568,30.953749,30.253525,2.1450863,1.9428331,6.334288,7.528149,1381.67,141.82512,-0.0390625,0.5097799,-0.003295898,70,30,0.3657804,0.44037354,0.28621185,0.2513535,0.32553473,0.6995174,0.7956608,11.580233,14.645554,12.017874,14.988882,17.031872,20.557903,18.808447,15.477636,20.569855,22.142834,19.018116,20.496658,24.376724,24.798666,22.742834,22.109533,15.080938,14.472528,12.813316,12.5016985,16.011192,17.558105,17.110867,14.884471,13.449307,11.885124,12.324949,13.108701,15.040218,16.185331,17.042238,13.845485,14.859724,14.064444,13.175265,13.786081,14.770605,17.473421,17.327549,14.691065,16.67889,16.609459,14.896396,15.154424,14.417112,16.546358,15.679822,15.727875,0.8597582,2.0439596,6.9312186,0.4520617,33.976418,35.411385,33.624306,15.661539,22.020811,15.078378,14.147981,15.065299,15.71178,22.08
4446046.924,658124.7026,37.92975,1.0046674,0.7102114,27.41599,40.536957,37.197178,33.782475,23.398703,36.950233,34.2786,33.179615,36.82952,46.504704,34.79802,32.17037,30.500422,31.237284,30.406252,2.152583,1.9380864,6.290744,7.5501356,1381.64,145.86957,-0.079589844,0.5363114,-0.0078125,70,30,0.3657804,0.44037354,0.28621185,0.2513535,0.32553473,0.6995174,0.7956608,11.957994,13.561235,11.100604,14.366999,18.54478,21.243196,18.252771,15.4137745,19.548595,21.66362,19.75694,20.964767,25.438866,25.37963,22.815378,22.31522,14.245623,16.475204,12.766382,12.234599,18.458853,18.466959,16.85072,15.569281,12.153608,12.395617,11.957656,12.803388,15.563972,17.03573,17.47535,13.901432,14.073611,13.701509,13.026761,13.848471,14.964937,16.936295,17.381886,14.397129,16.94461,18.09451,14.490202,15.910678,15.790094,17.082022,16.240091,16.367855,0.8574394,2.0453346,6.9204397,0.4520617,33.976475,35.614418,33.48419,15.575369,22.22397,15.642619,14.197902,14.847639,16.3646,22.08
4446046.924,658129.7026,40.106888,0.99165857,0.71459246,27.718166,40.086304,36.23422,32.86655,23.473057,37.36642,34.6113,34.181145,37.313374,46.479618,34.828995,31.975964,30.237017,31.25951,30.067978,2.1586735,1.9295243,6.260591,7.60065,1381.61,148.00641,-0.20019531,0.54055727,-0.012207031,70,30,0.3657804,0.44037354,0.28621185,0.2513535,0.32553473,0.6995174,0.7956608,12.676233,13.8947115,11.353568,13.365074,16.689068,18.806997,16.780994,14.83942,21.954693,23.815304,21.57641,22.269358,26.598055,27.23141,24.267937,24.09062,17.198277,18.97669,17.266363,16.173393,19.572523,19.932436,19.490639,18.364775,13.869171,13.811673,14.090605,14.011836,17.531397,17.049307,17.438595,15.218089,14.434729,14.956388,13.00186,13.661868,15.916079,17.33774,17.457539,14.855389,17.803286,17.98915,16.444248,16.207235,16.740942,16.257515,15.935768,16.80512,0.8531255,2.0440989,6.93062,0.4520617,33.902237,35.98886,33.40248,14.795236,23.959024,18.372904,15.400369,15.252315,16.768307,22.08
4446046.924,658134.7026,38.577675,0.9819945,0.71798587,27.83539,39.29224,35.386772,32.104534,23.442009,37.774807,35.49155,34.934456,38.147873,46.61453,34.832306,31.671524,30.182402,30.88546,29.805208,2.1675858,1.8753424,6.2362695,7.638595,1381.59,145.13765,-0.041015625,0.57598466,-0.004516602,70,30,0.3657804,0.44037354,0.28621185,0.2513535,0.32553473,0.6995174,0.7956608,12.676233,13.8947115,11.353568,13.365074,16.689068,18.806997,16.780994,14.83942,21.954693,23.815304,21.57641,22.269358,26.598055,27.23141,24.267937,24.09062,17.198277,18.97669,17.266363,16.173393,19.572523,19.932436,19.490639,18.364775,13.869171,13.811673,14.090605,14.011836,17.531397,17.049307,17.438595,15.218089,14.434729,14.956388,13.00186,13.661868,15.916079,17.33774,17.457539,14.855389,17.803286,17.98915,16.444248,16.207235,16.740942,16.257515,15.935768,16.80512,0.8499902,2.021464,6.9374323,0.4520617,33.563816,36.63318,33.251915,14.795236,23.959024,18.372904,15.400369,15.252315,16.768307,22.08
4446046.924,658139.7026,38.675568,0.97326165,0.7193011,27.328163,40.157288,34.782986,31.434738,23.45696,38.095566,35.649845,34.57186,38.495476,46.699657,34.929924,31.072697,30.722204,31.012913,29.957535,2.1740541,1.8830087,6.2186646,7.652699,1381.56,144.7711,-0.0390625,0.59591156,-0.005493164,70,30,0.3657804,0.44037354,0.28621185,0.2513535,0.32553473,0.6995174,0.7956608,12.5016,14.203565,11.865179,14.389905,15.462213,19.321442,16.253126,14.916229,21.726414,23.661177,22.095823,21.701519,26.27071,26.90285,24.315214,23.92881,17.094707,18.926445,17.135769,16.39422,18.563618,21.078852,18.884909,18.31766,14.12587,14.13387,13.396599,13.805036,16.021269,17.897667,16.466938,15.034036,14.692305,14.667276,13.654355,14.019885,15.778692,17.708738,17.386913,15.046043,16.440697,17.910265,15.540792,16.09914,16.184013,16.877699,15.905973,16.469767,0.8462814,2.0285316,6.935682,0.4520617,33.742725,36.872704,33.001312,14.856719,23.81053,18.296932,15.121035,15.415453,16.422655,22.08
4446046.924,658144.7026,39.34168,0.98081315,0.7185372,27.293783,40.16629,34.293507,30.833809,23.51613,38.25203,36.073475,34.471504,38.71725,46.70974,35.022083,30.624926,31.045252,31.200209,30.174463,2.189661,1.879666,6.2059603,7.67313,1381.53,145.10912,-0.079589844,0.57618463,-0.005493164,70,30,0.36592177,0.43568465,0.28477946,0.2518738,0.32641748,0.70707434,0.7974749,12.5016,14.203565,11.865179,14.389905,15.462213,19.321442,16.253126,14.916229,21.726414,23.661177,22.095823,21.701519,26.27071,26.90285,24.315214,23.92881,17.094707,18.926445,17.135769,16.39422,18.563618,21.078852,18.884909,18.31766,14.12587,14.13387,13.396599,13.805036,16.021269,17.897667,16.466938,15.034036,14.692305,14.667276,13.654355,14.019885,15.778692,17.708738,17.386913,15.046043,16.440697,17.910265,15.540792,16.09914,16.184013,16.877699,15.905973,16.469767,0.8496752,2.0346634,6.939545,0.45274663,33.730038,37.16275,32.823505,14.856719,23.81053,18.296932,15.121035,15.415453,16.422655,22.08
4446046.924,658149.7026,37.178505,0.97785056,0.7143459,27.271503,40.19517,34.012947,30.275536,23.476898,38.37337,36.09814,34.39531,38.77742,46.708946,35.06213,30.229786,31.232346,31.402578,30.218483,2.1941335,1.8819221,6.1979346,7.673209,1381.5,145.89052,-0.12011719,0.5366009,-0.008911133,70,30,0.36592177,0.43568465,0.28477946,0.2518738,0.32641748,0.70707434,0.7974749,11.218122,15.048218,12.998007,14.822586,16.985834,19.016647,16.06348,15.302821,22.080675,24.67985,22.847725,21.673807,26.224497,25.918999,23.729439,24.095564,18.182747,19.187328,19.391195,16.626505,19.009024,20.08465,17.77066,18.739382,14.830144,14.4760895,14.959597,14.179851,16.469896,16.488222,15.409508,15.28653,13.344594,15.500824,13.89345,14.039243,16.393011,18.046427,16.425219,15.1396475,16.229504,17.727398,15.64368,16.046684,15.898533,16.126959,15.616295,16.232246,0.8460982,2.0380278,6.9355717,0.45274663,33.733337,37.235756,32.645958,15.164699,23.879282,18.607443,15.259044,15.377538,16.184149,22.08
4446046.924,658154.7026,35.218304,0.97377384,0.70803833,27.27444,40.229996,33.98942,29.767193,23.426006,38.44572,35.96623,34.14171,38.698303,46.4211,34.993748,29.825184,31.446247,31.673065,30.467903,2.1949306,1.8866192,6.1915464,7.656352,1381.48,147.27109,-0.040039062,0.47700888,-0.003295898,70,30,0.36592177,0.43568465,0.28477946,0.2518738,0.32641748,0.70707434,0.7974749,12.14536,13.811501,12.010033,13.932858,14.959877,17.426552,16.223557,14.26202,22.382792,23.800327,21.91597,22.758482,26.030573,25.690722,23.88857,23.94324,18.681879,17.725613,17.840206,17.83202,19.542313,20.008963,19.209309,18.59449,14.889119,14.00749,13.759325,15.394,15.915301,16.161459,16.21248,15.14464,14.055142,14.870199,12.275751,14.761205,15.828935,16.008707,15.686831,14.683767,16.782232,17.059088,15.185397,16.805325,15.417589,15.79498,14.992203,16.15938,0.8409061,2.0407748,6.9239492,0.45274663,33.75222,37.205975,32.409466,14.358534,23.781063,18.691471,15.191312,14.783824,16.00526,22.08
4446046.924,658159.7026,29.121674,0.9601635,0.7109845,27.917252,40.109104,34.16993,29.285635,23.423239,38.39807,35.548363,33.77685,38.56695,45.745964,34.697212,29.799341,31.74232,31.981686,31.12595,2.1931872,1.8942283,6.1835704,7.6235685,1381.46,148.37599,-0.000488281,0.43717125,-0.002197266,70,30,0.36592177,0.43568465,0.28477946,0.2518738,0.32641748,0.70707434,0.7974749,12.14536,13.811501,12.010033,13.932858,14.959877,17.426552,16.223557,14.26202,22.382792,23.800327,21.91597,22.758482,26.030573,25.690722,23.88857,23.94324,18.681879,17.725613,17.840206,17.83202,19.542313,20.008963,19.209309,18.59449,14.889119,14.00749,13.759325,15.394,15.915301,16.161459,16.21248,15.14464,14.055142,14.870199,12.275751,14.761205,15.828935,16.008707,15.686831,14.683767,16.782232,17.059088,15.185397,16.805325,15.417589,15.79498,14.992203,16.15938,0.83557403,2.0437078,6.903569,0.45274663,34.013176,36.973217,32.248276,14.358534,23.781063,18.691471,15.191312,14.783824,16.00526,22.08
4446046.924,658164.7026,33.1333,0.93560857,0.70435435,28.20986,40.06255,34.461872,28.763922,23.35079,38.568653,35.91208,34.017105,37.767235,44.741173,34.17324,29.08984,31.362309,32.942802,32.415646,2.181734,1.8793284,6.1798625,7.5967574,1381.44,157.84189,-0.08105469,0.41723195,-0.005615234,70,30,0.36592177,0.43568465,0.28477946,0.2518738,0.32641748,0.70707434,0.7974749,11.47508,13.123407,11.39414,13.020285,15.286687,17.938318,15.924039,14.042738,22.143326,24.093695,21.647434,22.255056,25.142237,25.8585,23.85741,23.740074,18.066227,17.783836,18.828083,18.50886,19.653362,21.494156,20.005772,19.136848,14.126335,14.3075,13.480008,14.502146,16.258307,17.095987,16.787426,15.190213,14.274597,14.208554,12.298484,13.7821,15.213303,16.446705,15.075455,14.477256,16.335691,16.451002,16.30429,18.32539,15.866854,16.628494,15.822016,16.600138,0.81998146,2.0305312,6.88831,0.45274663,34.136204,37.240364,31.63154,14.023138,23.571095,19.19147,15.222529,14.471313,16.53339,22.08
4446046.924,658169.7026,26.440493,0.918947,0.6964914,27.739172,39.951664,34.90369,28.193516,23.281864,38.578037,36.046574,33.389217,37.497982,43.855087,34.03361,28.59904,31.631668,33.11314,33.133694,2.1701548,1.8820089,6.171906,7.5666866,1381.43,162.77524,-0.0390625,0.43458354,-0.002197266,70,30,0.36592177,0.43568465,0.28477946,0.2518738,0.32641748,0.70707434,0.7974749,11.614386,13.756711,11.881853,13.514148,15.58393,19.939608,15.883603,14.722911,21.945528,24.515076,21.01468,22.310661,24.94047,25.863852,23.28978,23.571918,18.962551,19.074402,16.661118,17.511044,18.644768,23.03848,20.424192,19.212912,14.162165,14.824338,13.013842,14.975229,14.845623,17.998314,15.987665,15.145287,15.1219,13.945949,12.310349,14.174581,15.773876,16.208376,14.19076,14.518945,16.59556,17.168415,16.943712,18.072659,16.50404,16.9234,15.704671,16.929867,0.80771923,2.0260818,6.869296,0.45274663,33.845417,37.312305,31.316326,14.59632,23.411434,19.18808,15.115311,14.532255,16.844639,22.08
4446046.924,658174.7026,27.833815,0.90363234,0.67843795,27.78763,39.96721,35.412125,27.510748,23.266422,38.33486,35.72531,32.69903,37.145996,42.7991,34.004322,28.490032,31.953917,33.511158,33.679195,2.1585953,1.8901381,6.1592813,7.5360036,1381.42,165.04535,0.000488281,0.44448447,-0.002197266,70,30,0.36584982,0.4408173,0.26353237,0.24605249,0.32830352,0.6975713,0.7859949,11.614386,13.756711,11.881853,13.514148,15.58393,19.939608,15.883603,14.722911,21.945528,24.515076,21.01468,22.310661,24.94047,25.863852,23.28978,23.571918,18.962551,19.074402,16.661118,17.511044,18.644768,23.03848,20.424192,19.212912,14.162165,14.824338,13.013842,14.975229,14.845623,17.998314,15.987665,15.145287,15.1219,13.945949,12.310349,14.174581,15.773876,16.208376,14.19076,14.518945,16.59556,17.168415,16.943712,18.072659,16.50404,16.9234,15.704671,16.929867,0.7910352,2.0243669,6.8476424,0.44687456,33.87742,37.030087,31.247177,14.59632,23.411434,19.18808,15.115311,14.532255,16.844639,22.08
4446046.924,658179.7026,25.222088,0.8804145,0.644821,27.862837,39.970867,36.10898,26.426754,23.258478,37.66141,35.19653,31.417744,36.546528,41.036686,34.249065,28.822294,32.600254,34.20603,34.534813,2.1525793,1.9021639,6.134601,7.509949,1381.41,166.40755,-0.03955078,0.4270539,-0.002197266,70,30,0.36584982,0.4408173,0.26353237,0.24605249,0.32830352,0.6975713,0.7859949,10.882609,13.190802,12.042444,14.083423,16.892925,19.715443,16.637863,14.758246,22.46616,24.667034,22.27779,22.357874,26.633507,25.935417,24.007938,24.124418,19.097414,19.478,19.011084,17.413095,20.857658,22.769089,20.693132,19.858639,14.326103,15.476206,14.086609,16.32788,17.657393,19.289743,16.993916,16.3288,14.839575,14.930224,12.416767,14.145203,16.06445,16.320002,14.307816,14.697324,15.741646,17.158764,16.52943,17.496267,15.387815,16.411547,15.624606,16.387598,0.7626177,2.0273716,6.822275,0.44687456,33.91685,36.42897,31.535679,14.77793,24.049387,19.902782,16.308264,14.717719,16.335726,22.08
4446046.924,658184.7026,24.399357,0.8817498,0.68170434,28.018007,40.9681,35.972755,26.916359,23.552092,38.22688,34.814663,33.50459,38.251663,41.552284,33.747807,28.327173,30.985044,32.389046,34.12227,2.1238174,1.9086164,6.1577907,7.4975247,1381.4,166.40755,-0.03955078,0.4270539,-0.004394531,70,30,0.36584982,0.4408173,0.26353237,0.24605249,0.32830352,0.6975713,0.7859949,12.157053,14.803511,12.46764,13.924655,16.006128,19.937616,15.954366,15.131846,22.587147,24.814186,21.934986,22.184086,25.840229,25.835564,24.285309,24.044508,20.276693,19.804876,18.696262,17.625477,20.250679,22.1518,19.504059,19.819054,15.807886,15.871889,14.331418,15.975624,18.430038,18.712584,16.864807,16.56764,15.903357,14.244464,12.322535,13.85967,15.878343,15.95976,14.926361,14.606205,17.271967,16.860521,16.545101,16.306078,16.210724,15.250923,15.809072,16.378973,0.7817271,2.016217,6.8276577,0.44687456,34.493053,36.52077,31.03749,15.035852,23.92593,19.758549,16.570606,14.727784,16.322056,22.08
4446046.924,658189.7026,28.584751,0.8847233,0.70530105,28.003809,40.970562,35.904343,27.634659,23.815727,38.915398,35.00043,34.66492,38.666477,42.13721,33.236183,27.931103,30.169857,32.01049,33.780293,2.0909832,1.9022262,6.1869345,7.4827504,1381.39,172.86421,-0.119628906,0.46168047,-0.00769043,70,30,0.36584982,0.4408173,0.26353237,0.24605249,0.32830352,0.6975713,0.7859949,12.157053,14.803511,12.46764,13.924655,16.006128,19.937616,15.954366,15.131846,22.587147,24.814186,21.934986,22.184086,25.840229,25.835564,24.285309,24.044508,20.276693,19.804876,18.696262,17.625477,20.250679,22.1518,19.504059,19.819054,15.807886,15.871889,14.331418,15.975624,18.430038,18.712584,16.864807,16.56764,15.903357,14.244464,12.322535,13.85967,15.878343,15.95976,14.926361,14.606205,17.271967,16.860521,16.545101,16.306078,16.210724,15.250923,15.809072,16.378973,0.7950122,1.9966047,6.8348427,0.44687456,34.487186,36.957916,30.583643,15.035852,23.92593,19.758549,16.570606,14.727784,16.322056,22.08
4446046.924,658194.7026,28.81192,0.87842417,0.7232917,27.934944,41.155544,35.90753,28.134535,24.09183,39.387203,35.074696,35.40265,38.926327,42.36372,32.88661,27.764042,29.687319,32.094547,33.710094,2.0631611,1.886551,6.2086844,7.46762,1381.39,176.65042,-0.03955078,0.4877867,-0.003295898,70,30,0.36584982,0.4408173,0.26353237,0.24605249,0.32830352,0.6975713,0.7859949,12.777347,13.954826,12.949007,14.485315,16.176416,19.196772,17.659527,15.298455,22.880743,24.726715,22.291723,21.358458,25.271542,25.928045,24.267641,23.929272,19.445799,20.108595,18.68006,16.51797,19.20901,21.148119,19.805155,19.254015,15.701886,14.918529,14.231741,14.683668,15.912646,17.688906,17.30126,15.681737,15.610418,14.227345,13.259386,14.231873,15.153411,15.725011,15.144371,14.633398,15.931857,18.00531,17.615192,15.799902,15.683785,16.122122,15.155668,16.503984,0.8008579,1.9748561,6.838152,0.44687456,34.545242,37.23095,30.325325,15.314172,23.817839,19.27353,15.776948,14.764546,16.33055,22.08
4446046.924,658199.7026,23.074974,0.8683239,0.74015707,27.55477,40.95118,35.747696,28.57416,24.873024,39.704292,35.669746,37.2901,39.12323,41.976246,32.822227,27.483036,28.558691,31.734156,33.168137,2.0354507,1.8949249,6.2184706,7.461503,1381.39,174.82468,0.040039062,0.47490212,0,70,30,0.36584982,0.4408173,0.26353237,0.24605249,0.32830352,0.6975713,0.7859949,12.74069,14.355932,12.812788,15.533125,16.660938,18.408894,17.54028,15.406847,23.509335,24.650545,21.8336,22.22203,26.128365,26.211874,24.85284,24.32151,18.726374,19.81193,18.467365,18.58631,20.676641,21.645739,20.578865,19.773392,15.897308,15.368642,14.199954,15.265414,16.398966,17.848326,17.73585,16.064384,14.808197,13.459416,14.736331,15.046349,13.526115,15.332486,15.877958,14.624657,15.374692,18.390074,17.176886,16.262178,14.499186,15.844913,15.33417,16.32335,0.80424047,1.9651878,6.839987,0.44687456,34.252975,37.68702,30.152632,15.436091,24.20123,19.784746,16.102066,14.683837,16.126013,22.08
4446046.924,658204.7026,25.724651,0.8593278,0.7510261,27.450949,40.87569,35.687355,29.033123,25.279293,39.869812,35.74456,37.903393,39.17096,41.623142,32.78513,27.536766,28.1035,31.639637,33.387188,2.0074525,1.8773105,6.2262135,7.4512005,1381.38,174.80557,-0.12011719,0.47509205,-0.006713867,70,30,0.37737724,0.4398044,0.27049118,0.27080598,0.33139518,0.6917151,0.7875279,12.74069,14.355932,12.812788,15.533125,16.660938,18.408894,17.54028,15.406847,23.509335,24.650545,21.8336,22.22203,26.128365,26.211874,24.85284,24.32151,18.726374,19.81193,18.467365,18.58631,20.676641,21.645739,20.578865,19.773392,15.897308,15.368642,14.199954,15.265414,16.398966,17.848326,17.73585,16.064384,14.808197,13.459416,14.736331,15.046349,13.526115,15.332486,15.877958,14.624657,15.374692,18.390074,17.176886,16.262178,14.499186,15.844913,15.33417,16.32335,0.805177,1.9423815,6.838707,0.45273098,34.16332,37.807186,30.160948,15.436091,24.20123,19.784746,16.102066,14.683837,16.126013,22.08
4446046.924,658209.7026,23.495548,0.85304314,0.7555936,27.453083,40.85428,35.31829,29.508385,25.701069,40.192722,35.964626,38.951862,39.190052,41.187725,32.49036,27.52442,27.446632,30.61672,33.44708,1.9766378,1.8684349,6.222232,7.4546986,1381.38,183.16154,-0.080078125,0.51676327,-0.006713867,70,30,0.37737724,0.4398044,0.27049118,0.27080598,0.33139518,0.6917151,0.7875279,12.631291,14.05704,12.136887,13.969992,18.775703,18.791313,16.818535,15.346948,24.352135,24.58012,22.0489,22.248045,25.869179,26.981993,25.005531,24.662094,19.769974,19.815107,19.533455,18.151922,19.156647,22.675768,19.912384,20.00643,16.381054,16.238905,14.230179,15.922061,15.434767,18.913195,17.274693,16.396952,15.180031,15.4303055,14.1375885,14.004344,12.71414,15.788558,16.238483,14.705952,16.958488,18.844585,15.925669,16.923868,13.913794,16.347057,15.32813,16.576078,0.80431837,1.9225364,6.838465,0.45273098,34.15368,38.078674,30.00739,15.311538,24.440844,19.859324,16.342121,14.78478,16.320229,22.08
4446046.924,658214.7026,24.42816,0.8491027,0.75496083,27.390015,41.111664,34.490208,30.10979,26.198154,40.52596,36.52788,40.563396,39.17701,40.422806,32.166546,27.065773,26.506369,30.533974,33.594246,1.9385083,1.8479773,6.2051015,7.470058,1381.39,188.96318,0.000488281,0.5510289,0,70,30,0.37737724,0.4398044,0.27049118,0.27080598,0.33139518,0.6917151,0.7875279,13.383375,13.823753,12.702962,12.951573,17.829336,19.101748,14.953802,15.07404,24.252369,25.626781,22.115967,22.099548,25.78868,27.254074,24.923374,24.785511,18.686266,21.458185,21.458937,18.398272,20.51479,22.10672,19.72639,20.395733,16.415167,17.696442,15.012181,15.528086,15.463898,19.394526,16.683132,16.760138,16.044544,16.391825,13.846288,13.638675,13.369558,15.557267,14.9008045,14.819842,18.008884,18.683428,16.20426,16.364695,14.778406,16.1435,16.35236,16.710566,0.80203176,1.8932428,6.8375797,0.45273098,34.25084,38.52692,29.61616,14.963793,24.580112,20.335651,16.599062,14.8212805,16.647934,22.08
4446046.924,658219.7026,26.008902,0.8394521,0.76599556,27.437672,41.090313,33.21491,30.845266,26.585804,40.953777,37.033016,42.340828,39.14459,39.657043,31.644278,26.764435,25.69717,30.446512,33.715202,1.8952452,1.8348145,6.1798816,7.500568,1381.4,184.64156,0.080566406,0.5315321,0.005615234,70,30,0.37737724,0.4398044,0.27049118,0.27080598,0.33139518,0.6917151,0.7875279,13.383375,13.823753,12.702962,12.951573,17.829336,19.101748,14.953802,15.07404,24.252369,25.626781,22.115967,22.099548,25.78868,27.254074,24.923374,24.785511,18.686266,21.458185,21.458937,18.398272,20.51479,22.10672,19.72639,20.395733,16.415167,17.696442,15.012181,15.528086,15.463898,19.394526,16.683132,16.760138,16.044544,16.391825,13.846288,13.638675,13.369558,15.557267,14.9008045,14.819842,18.008884,18.683428,16.20426,16.364695,14.778406,16.1435,16.35236,16.710566,0.8027238,1.8650298,6.8402247,0.45273098,34.263992,38.993397,29.204357,14.963793,24.580112,20.335651,16.599062,14.8212805,16.647934,22.08
4446041.924,658079.7026,31.540884,1.0857648,0.87723625,27.493603,34.022408,35.057835,29.40163,23.117071,35.921734,31.485355,31.384281,37.979824,45.047924,37.99905,33.818283,33.392635,33.682163,32.35255,2.1957583,2.0445101,6.544586,7.662209,1382.05,100.98035,0.24072266,0.97757095,0.012207031,45,30,0.36220697,0.4410988,0.27772215,0.25817424,0.29990926,0.67950326,0.8996489,11.608133,15.232201,13.54893,14.84888,18.20806,21.018337,18.834208,15.98878,16.014135,16.3517,15.693335,16.011234,17.473637,20.17582,16.704039,17.126982,11.651991,12.831835,10.394364,10.630009,15.281904,16.734816,15.465918,13.067068,11.477819,11.746809,11.880247,12.75519,16.51294,17.306581,16.340862,13.806453,14.415695,14.054758,13.128462,13.426381,16.917545,18.345573,17.201256,15.291,16.181387,16.067108,14.441671,16.955103,17.090622,15.518067,16.01959,15.988721,0.9815005,2.1201344,7.1033974,0.45975193,30.758005,33.703545,35.90867,16.185535,16.9177,13.284406,14.002921,15.355667,16.03908,22.08
4446041.924,658084.7026,32.20428,1.0773232,0.8545915,27.456594,34.002106,34.78834,29.786322,23.241291,36.817356,31.946108,32.05002,39.21306,46.502182,37.35852,33.694527,32.8933,32.377487,30.819622,2.175249,2.032733,6.6133366,7.6809726,1381.95,103.616684,-0.12109375,0.97285795,-0.0078125,45,30,0.36689755,0.44034535,0.27991456,0.25055707,0.32461578,0.7006032,0.79829425,10.944161,14.297281,13.801764,15.428835,19.349468,20.736628,18.161007,16.08253,15.3341875,17.240528,15.691071,15.093277,17.405018,19.514364,16.471834,16.860487,12.4028845,13.931387,11.585615,11.392781,15.52717,17.286415,16.813374,13.912246,11.099722,11.146653,11.011343,12.57017,15.682374,15.792613,15.880127,13.126066,13.648517,13.736331,13.026924,14.46889,16.844666,17.64253,17.60939,15.101438,15.8526745,16.271847,14.820372,15.421247,15.902705,16.224993,14.970026,15.683404,0.96595734,2.103991,7.147155,0.45160398,30.729351,34.381733,35.526524,16.102734,16.678612,14.134232,13.311858,15.282464,15.637694,22.08
4446041.924,658089.7026,33.97028,1.0693631,0.8324074,27.435299,33.983612,34.686604,30.194792,23.344751,37.482277,32.33086,32.58687,39.98302,47.48724,36.794468,33.61948,32.429337,31.403774,29.744146,2.1589782,2.0215757,6.650989,7.691192,1381.87,104.73873,-0.20019531,0.8439225,-0.011108398,45,30,0.36689755,0.44034535,0.27991456,0.25055707,0.32461578,0.7006032,0.79829425,11.725899,15.188169,14.717631,16.316969,19.887468,21.33744,18.677137,16.841183,16.25943,18.4949,16.757309,16.569275,18.2657,20.71347,17.112118,17.981852,12.967873,14.097643,11.908363,11.532339,15.403682,17.623915,16.872742,14.143575,12.366102,12.387996,12.269814,13.488068,16.22394,16.657833,16.661427,14.116809,14.447924,14.759471,14.168401,15.7597685,17.79957,18.59656,18.549421,16.124712,17.791515,18.082067,16.62759,17.297237,17.365265,17.62,15.936162,17.357447,0.9508853,2.090277,7.1710906,0.45160398,30.709455,34.90657,35.206974,16.835817,17.738888,14.343794,14.293596,16.297302,17.245691,22.08
4446041.924,658094.7026,34.47607,1.0588592,0.81108385,27.556995,34.30883,34.829697,30.638956,23.424883,37.868435,32.44914,33.009674,40.179615,47.891994,36.272606,33.508698,31.936577,30.84398,29.213797,2.1453197,2.042229,6.6435957,7.6831727,1381.81,109.17075,-0.0390625,0.6974931,-0.00769043,45,30,0.36689755,0.44034535,0.27991456,0.25055707,0.32461578,0.7006032,0.79829425,12.269556,14.745946,12.224181,15.081354,19.186293,20.773645,17.773281,15.914129,15.329065,18.25092,15.481606,15.342517,17.564075,19.121244,16.030487,17.025232,11.960489,13.714307,11.978746,11.348135,15.2918625,16.48832,16.080898,13.710659,12.780592,12.338213,11.253419,13.802881,15.992038,15.865293,16.353619,13.872536,13.533658,15.151934,13.734488,15.552475,17.627937,18.660784,18.432701,15.915087,17.099504,18.14484,17.028618,17.417797,17.724697,16.908718,15.917236,17.357498,0.9349716,2.0937743,7.1633844,0.45160398,30.932913,35.158787,34.89065,16.007751,16.731417,13.837538,14.05515,16.09914,17.177347,22.08
4446041.924,658099.7026,34.241913,1.0508205,0.7890109,27.324978,33.77744,35.28418,31.18353,23.508894,37.974247,32.856487,33.335342,39.86356,47.819317,35.916218,33.564907,31.164198,30.436764,29.098381,2.1697025,1.9926718,6.5997233,7.6714892,1381.76,119.92477,-0.12011719,0.54571694,-0.006713867,70,30,0.36689755,0.44034535,0.27991456,0.25055707,0.32461578,0.7006032,0.79829425,10.791905,14.411112,11.991986,14.808047,18.668982,21.079554,18.300407,15.516444,14.794746,17.506586,15.149716,14.513354,17.11254,19.38318,16.892855,16.66864,11.442703,12.514308,12.923609,11.102891,15.339485,17.21425,16.556213,13.670178,12.020595,11.82237,13.248982,13.786649,14.73037,16.37995,16.234692,13.896215,13.837535,14.6368885,14.578505,14.877768,14.917153,18.981764,18.033672,15.586038,17.17757,18.72944,17.119553,17.22161,16.48312,17.165705,16.344316,17.342842,0.9199157,2.0811872,7.1356063,0.45160398,30.551208,35.415367,34.740562,15.721713,16.478996,13.870494,14.031943,15.694755,17.17733,22.08
4446041.924,658104.7026,28.613697,1.0167524,0.7673894,27.298351,33.250385,35.82434,31.793446,23.521364,37.85381,33.315784,33.25729,39.05037,47.30479,35.569218,33.62269,30.884235,30.73654,29.636166,2.1548738,1.9721216,6.540035,7.64395,1381.73,125.53295,0.080078125,0.49310216,0.002197266,70,30,0.36689755,0.44034535,0.27991456,0.25055707,0.32461578,0.7006032,0.79829425,10.57592,13.911772,11.300955,14.384491,17.982582,20.813051,17.716028,15.077219,14.248294,17.113888,14.650248,14.026965,16.284359,18.481037,15.795242,16.031359,13.634325,15.510302,15.319676,13.430608,17.077362,18.70288,18.01623,15.815557,12.041508,11.832538,13.264234,13.813044,14.750654,16.415468,16.239777,13.917569,13.762606,14.561958,14.503575,14.877768,14.800394,18.886547,18.010447,15.515579,17.080652,18.645267,17.062412,17.155293,16.389923,17.065798,16.278,17.2583,0.8920709,2.0634978,7.0919924,0.45160398,30.274368,35.584797,34.595955,15.2406845,15.800005,15.955912,14.051032,15.629043,17.096764,22.08
4446041.924,658109.7026,28.560137,0.9993756,0.7463066,27.254429,33.247406,36.3775,32.531757,23.553879,37.578945,33.935207,33.1944,38.10138,46.753735,35.298923,33.31611,30.826742,31.067678,30.221527,2.147292,1.9437965,6.4689236,7.6009345,1381.69,132.39311,-0.12109375,0.44580233,-0.006713867,70,30,0.36689755,0.44034535,0.27991456,0.25055707,0.32461578,0.7006032,0.79829425,11.79704,14.271894,11.134526,14.616069,17.105808,20.687904,18.96874,15.365337,20.485199,22.311056,19.635025,20.4594,23.782728,24.304543,22.078043,21.977865,14.564662,14.678381,13.488634,12.699038,16.890516,17.807669,16.747232,15.104422,13.040016,12.897598,12.434505,13.062212,14.96278,15.990991,16.142609,13.86691,14.638995,14.253311,12.676117,13.556717,15.242037,18.34193,17.84354,15.025257,15.960048,17.458971,16.129595,14.950935,15.394716,16.52334,15.987066,16.053925,0.8728411,2.0455441,7.0349293,0.45160398,30.250917,35.757076,34.307518,15.511712,21.865145,15.268019,14.075815,15.221807,16.05781,22.08
4446041.924,658114.7026,28.881874,1.0068262,0.72476035,27.330473,40.497936,37.102543,33.40364,23.443983,37.234642,34.003372,33.138706,37.38417,46.407124,35.016747,32.460464,30.552929,31.098753,30.467806,2.1414843,1.9523321,6.395968,7.556654,1381.67,137.60689,0.041015625,0.44580233,0.002319336,70,30,0.3657804,0.44037354,0.28621185,0.2513535,0.32553473,0.6995174,0.7956608,11.580233,14.645554,12.017874,14.988882,17.031872,20.557903,18.808447,15.477636,20.569855,22.142834,19.018116,20.496658,24.376724,24.798666,22.742834,22.109533,15.080938,14.472528,12.813316,12.5016985,16.011192,17.558105,17.110867,14.884471,13.449307,11.885124,12.324949,13.108701,15.040218,16.185331,17.042238,13.845485,14.859724,14.064444,13.175265,13.786081,14.770605,17.473421,17.327549,14.691065,16.67889,16.609459,14.896396,15.154424,14.417112,16.546358,15.679822,15.727875,0.8657932,2.0469081,6.9763107,0.4520617,33.914204,35.619007,33.738605,15.661539,22.020811,15.078378,14.147981,15.065299,15.71178,22.08
4446041.924,658119.7026,29.818813,1.0039177,0.6989406,27.434156,40.504555,38.09077,34.476162,23.380943,36.73916,34.02283,32.885185,36.590816,46.26442,34.727966,32.49805,30.244963,30.938118,30.689127,2.1430418,1.9398957,6.325705,7.5020514,1381.64,135,0,0.48638663,0,70,30,0.3657804,0.44037354,0.28621185,0.2513535,0.32553473,0.6995174,0.7956608,11.580233,14.645554,12.017874,14.988882,17.031872,20.557903,18.808447,15.477636,20.569855,22.142834,19.018116,20.496658,24.376724,24.798666,22.742834,22.109533,15.080938,14.472528,12.813316,12.5016985,16.011192,17.558105,17.110867,14.884471,13.449307,11.885124,12.324949,13.108701,15.040218,16.185331,17.042238,13.845485,14.859724,14.064444,13.175265,13.786081,14.770605,17.473421,17.327549,14.691065,16.67889,16.609459,14.896396,15.154424,14.417112,16.546358,15.679822,15.727875,0.8514291,2.0414689,6.9138784,0.4520617,33.969357,35.380997,33.613007,15.661539,22.020811,15.078378,14.147981,15.065299,15.71178,22.08
4446041.924,658124.7026,38.17049,1.002008,0.6993674,27.399702,40.527763,37.424023,33.915337,23.403395,37.001293,34.202187,33.132935,36.642006,45.99725,34.755302,32.264454,30.41372,31.25715,30.8221,2.154269,1.9359435,6.2803774,7.530682,1381.61,137.604,-0.040039062,0.44629633,-0.002197266,70,30,0.3657804,0.44037354,0.28621185,0.2513535,0.32553473,0.6995174,0.7956608,11.755157,13.391565,10.791998,13.984671,17.459295,19.762407,16.624683,14.80414,21.5577,22.966734,21.846487,22.760471,26.551228,26.556442,24.473284,23.88876,17.475702,19.07505,16.878479,15.482664,20.397633,20.062794,19.12675,18.334766,13.788836,14.105418,13.124064,13.615463,16.582802,17.194927,17.949455,14.934705,14.485782,14.0527725,13.311809,14.126836,16.184734,17.490063,17.347263,14.895058,17.57278,18.527744,15.16038,16.189018,16.346527,16.872896,16.443302,16.726816,0.8506877,2.0451062,6.90553,0.4520617,33.963734,35.601738,33.50988,14.824254,23.81605,18.35701,15.194425,15.285607,16.730377,22.08
4446041.924,658129.7026,44.191742,1.0005558,0.70672905,27.337566,40.554478,36.376198,32.96693,23.432644,37.432125,34.41455,33.4744,36.938164,45.822655,34.85379,31.96126,30.691324,31.63073,30.854404,2.1686857,1.9335833,6.249971,7.57634,1381.59,137.73106,0.07910156,0.42554858,0.004394531,70,30,0.3657804,0.44037354,0.28621185,0.2513535,0.32553473,0.6995174,0.7956608,12.676233,13.8947115,11.353568,13.365074,16.689068,18.806997,16.780994,14.83942,21.954693,23.815304,21.57641,22.269358,26.598055,27.23141,24.267937,24.09062,17.198277,18.97669,17.266363,16.173393,19.572523,19.932436,19.490639,18.364775,13.869171,13.811673,14.090605,14.011836,17.531397,17.049307,17.438595,15.218089,14.434729,14.956388,13.00186,13.661868,15.916079,17.33774,17.457539,14.855389,17.803286,17.98915,16.444248,16.207235,16.740942,16.257515,15.935768,16.80512,0.8536424,2.0511346,6.9131556,0.4520617,33.946022,35.92334,33.407524,14.795236,23.959024,18.372904,15.400369,15.252315,16.768307,22.08
4446041.924,658134.7026,38.958576,0.9890717,0.711907,27.456932,39.47121,35.504467,32.286816,23.719864,37.942364,35.32478,34.21769,37.725567,45.89252,34.735962,31.97045,30.532537,31.274975,30.311117,2.1802034,1.8544047,6.225429,7.6086707,1381.56,132.61041,0.041015625,0.48631498,0.002319336,70,30,0.3657804,0.44037354,0.28621185,0.2513535,0.32553473,0.6995174,0.7956608,12.676233,13.8947115,11.353568,13.365074,16.689068,18.806997,16.780994,14.83942,21.954693,23.815304,21.57641,22.269358,26.598055,27.23141,24.267937,24.09062,17.198277,18.97669,17.266363,16.173393,19.572523,19.932436,19.490639,18.364775,13.869171,13.811673,14.090605,14.011836,17.531397,17.049307,17.438595,15.218089,14.434729,14.956388,13.00186,13.661868,15.916079,17.33774,17.457539,14.855389,17.803286,17.98915,16.444248,16.207235,16.740942,16.257515,15.935768,16.80512,0.8504894,2.017304,6.91705,0.4520617,33.464073,36.63357,33.353207,14.795236,23.959024,18.372904,15.400369,15.252315,16.768307,22.08
4446041.924,658139.7026,35.450485,0.9848415,0.7104822,27.011143,40.01888,34.810696,31.641708,23.749924,38.267094,35.37702,34.246574,37.720436,45.913445,34.78759,31.562965,30.70441,31.634367,30.240078,2.1934733,1.8535271,6.211191,7.6256857,1381.52,135,-0.16015625,0.48638663,-0.008911133,70,30,0.3657804,0.44037354,0.28621185,0.2513535,0.32553473,0.6995174,0.7956608,12.5016,14.203565,11.865179,14.389905,15.462213,19.321442,16.253126,14.916229,21.726414,23.661177,22.095823,21.701519,26.27071,26.90285,24.315214,23.92881,17.094707,18.926445,17.135769,16.39422,18.563618,21.078852,18.884909,18.31766,14.12587,14.13387,13.396599,13.805036,16.021269,17.897667,16.466938,15.034036,14.692305,14.667276,13.654355,14.019885,15.778692,17.708738,17.386913,15.046043,16.440697,17.910265,15.540792,16.09914,16.184013,16.877699,15.905973,16.469767,0.84766185,2.0235002,6.9184384,0.4520617,33.51501,36.82206,33.175278,14.856719,23.81053,18.296932,15.121035,15.415453,16.422655,22.08
4446041.924,658144.7026,40.644135,0.98412365,0.7090959,26.977652,40.043293,34.20074,31.077518,23.74456,38.49067,35.42684,34.324764,37.822018,45.916138,34.803104,31.328762,30.936285,31.84271,30.243391,2.209122,1.8542136,6.2021284,7.6422615,1381.5,137.60257,0.040039062,0.44654337,0,70,30,0.36592177,0.43568465,0.28477946,0.2518738,0.32641748,0.70707434,0.7974749,12.5016,14.203565,11.865179,14.389905,15.462213,19.321442,16.253126,14.916229,21.726414,23.661177,22.095823,21.701519,26.27071,26.90285,24.315214,23.92881,17.094707,18.926445,17.135769,16.39422,18.563618,21.078852,18.884909,18.31766,14.12587,14.13387,13.396599,13.805036,16.021269,17.897667,16.466938,15.034036,14.692305,14.667276,13.654355,14.019885,15.778692,17.708738,17.386913,15.046043,16.440697,17.910265,15.540792,16.09914,16.184013,16.877699,15.905973,16.469767,0.8466098,2.0316677,6.922195,0.45274663,33.51047,36.958755,33.065933,14.856719,23.81053,18.296932,15.121035,15.415453,16.422655,22.08
4446041.924,658149.7026,37.313656,0.9794232,0.7099563,27.26397,40.175697,33.72136,30.576004,23.641384,38.626823,35.63552,34.473328,38.392414,45.737526,34.715523,31.03194,31.282331,31.520586,30.70341,2.2266965,1.8727388,6.1942554,7.659416,1381.47,137.86415,-0.080078125,0.40579084,-0.005615234,70,30,0.36592177,0.43568465,0.28477946,0.2518738,0.32641748,0.70707434,0.7974749,11.218122,15.048218,12.998007,14.822586,16.985834,19.016647,16.06348,15.302821,22.080675,24.67985,22.847725,21.673807,26.224497,25.918999,23.729439,24.095564,18.182747,19.187328,19.391195,16.626505,19.009024,20.08465,17.77066,18.739382,14.830144,14.4760895,14.959597,14.179851,16.469896,16.488222,15.409508,15.28653,13.344594,15.500824,13.89345,14.039243,16.393011,18.046427,16.425219,15.1396475,16.229504,17.727398,15.64368,16.046684,15.898533,16.126959,15.616295,16.232246,0.8446897,2.0497177,6.926836,0.45274663,33.719833,37.131172,32.873734,15.164699,23.879282,18.607443,15.259044,15.377538,16.184149,22.08
4446041.924,658154.7026,37.093395,0.9746409,0.70295364,27.265635,40.20588,33.6624,30.100973,23.601664,38.68728,35.558662,34.231236,38.32167,45.51067,34.669994,30.655262,31.50405,31.774336,30.901548,2.2266111,1.8760698,6.1890535,7.6429677,1381.45,141.353,-0.041015625,0.36648798,-0.003417969,70,30,0.36592177,0.43568465,0.28477946,0.2518738,0.32641748,0.70707434,0.7974749,12.14536,13.811501,12.010033,13.932858,14.959877,17.426552,16.223557,14.26202,22.382792,23.800327,21.91597,22.758482,26.030573,25.690722,23.88857,23.94324,18.681879,17.725613,17.840206,17.83202,19.542313,20.008963,19.209309,18.59449,14.889119,14.00749,13.759325,15.394,15.915301,16.161459,16.21248,15.14464,14.055142,14.870199,12.275751,14.761205,15.828935,16.008707,15.686831,14.683767,16.782232,17.059088,15.185397,16.805325,15.417589,15.79498,14.992203,16.15938,0.8387973,2.0513406,6.916011,0.45274663,33.735756,37.12297,32.66263,14.358534,23.781063,18.691471,15.191312,14.783824,16.00526,22.08
4446041.924,658159.7026,29.952644,0.95630854,0.70489204,27.233065,39.56314,33.870907,29.63715,23.555515,38.767056,35.81826,33.966496,38.402023,45.067284,34.462173,30.324102,31.675772,31.789112,31.39024,2.2161322,1.8754787,6.1800194,7.6239095,1381.43,141.31458,-0.0390625,0.3664607,-0.003295898,70,30,0.36592177,0.43568465,0.28477946,0.2518738,0.32641748,0.70707434,0.7974749,12.14536,13.811501,12.010033,13.932858,14.959877,17.426552,16.223557,14.26202,22.382792,23.800327,21.91597,22.758482,26.030573,25.690722,23.88857,23.94324,18.681879,17.725613,17.840206,17.83202,19.542313,20.008963,19.209309,18.59449,14.889119,14.00749,13.759325,15.394,15.915301,16.161459,16.21248,15.14464,14.055142,14.870199,12.275751,14.761205,15.828935,16.008707,15.686831,14.683767,16.782232,17.059088,15.185397,16.805325,15.417589,15.79498,14.992203,16.15938,0.83060026,2.0458055,6.901964,0.45274663,33.3981,37.292656,32.39314,14.358534,23.781063,18.691471,15.191312,14.783824,16.00526,22.08
4446041.924,658164.7026,31.14724,0.9300216,0.6967803,27.513926,39.50966,34.19447,29.172382,23.496597,38.909916,36.35175,34.225857,37.696064,44.28562,34.021152,29.507978,31.268631,32.638805,32.524734,2.1978776,1.8577348,6.172949,7.5962996,1381.41,149.01566,-0.079589844,0.33387166,-0.006591797,70,30,0.36592177,0.43568465,0.28477946,0.2518738,0.32641748,0.70707434,0.7974749,11.506505,13.124425,11.401444,13.045425,15.310256,17.954031,15.949179,14.059752,22.60969,24.434937,22.014465,22.568897,25.57175,26.239243,24.35286,24.143448,18.836489,18.687435,19.727434,19.473703,20.201298,21.957703,20.512884,19.885971,14.813669,15.151996,14.235707,15.477598,17.392542,18.652504,17.914576,16.25269,14.360599,14.303316,12.384276,13.879277,15.278686,16.547127,15.151199,14.564569,16.279621,16.382372,16.21839,18.259012,15.750348,16.57176,15.733693,16.529285,0.813401,2.0278063,6.8846245,0.45274663,33.51179,37.630833,31.764565,14.04161,23.970263,19.913849,16.234083,14.557783,16.456457,22.08
4446041.924,658169.7026,30.864424,0.9194204,0.69876903,28.141537,40.382618,34.53146,28.648317,23.661943,38.49786,35.37779,34.6445,38.326675,43.40754,33.996494,29.44039,30.724993,31.817959,33.118008,2.1848683,1.8801076,6.166524,7.562765,1381.4,152.36647,0,0.3396628,-0.001098633,70,30,0.36592177,0.43568465,0.28477946,0.2518738,0.32641748,0.70707434,0.7974749,11.645811,13.757729,11.913277,13.5392885,15.607499,19.95532,15.908743,14.743691,22.413635,24.869276,21.37117,22.768099,25.408134,26.22863,23.669271,23.982038,19.74406,20.00806,17.560467,18.475887,19.274574,23.502028,20.931305,19.978727,14.721662,15.589925,13.893196,16.491322,16.29686,19.03824,16.987497,16.202127,15.207357,14.04071,12.393448,14.276774,15.826278,16.30099,14.282801,14.605994,16.539488,17.099785,16.85839,17.984333,16.387533,16.865273,15.616346,16.855415,0.8090947,2.0324879,6.8646445,0.45274663,34.262077,36.937824,31.718441,14.618239,23.818316,19.928055,16.145529,14.618337,16.76445,22.08
4446041.924,658174.7026,25.181047,0.90509653,0.68476915,28.194765,40.397392,34.998985,28.100716,23.675592,38.298557,35.159504,34.183094,38.11002,42.60151,33.962437,29.234451,30.879702,32.062943,33.525097,2.1678534,1.8871408,6.1582985,7.5318465,1381.38,158.62938,-0.16015625,0.35411632,-0.010009766,70,30,0.36584982,0.4408173,0.26353237,0.24605249,0.32830352,0.6975713,0.7859949,11.645811,13.757729,11.913277,13.5392885,15.607499,19.95532,15.908743,14.743691,22.413635,24.869276,21.37117,22.768099,25.408134,26.22863,23.669271,23.982038,19.74406,20.00806,17.560467,18.475887,19.274574,23.502028,20.931305,19.978727,14.721662,15.589925,13.893196,16.491322,16.29686,19.03824,16.987497,16.202127,15.207357,14.04071,12.393448,14.276774,15.826278,16.30099,14.282801,14.605994,16.539488,17.099785,16.85839,17.984333,16.387533,16.865273,15.616346,16.855415,0.79493284,2.027497,6.8450727,0.44687456,34.296078,36.72903,31.598444,14.618239,23.818316,19.928055,16.145529,14.618337,16.76445,22.08
4446041.924,658179.7026,24.94194,0.8891458,0.6745869,27.97294,40.929024,35.456215,27.611614,23.658266,38.20138,35.084316,33.753487,38.18854,41.920013,33.91044,28.86427,30.990765,32.248905,33.9009,2.152416,1.8831673,6.152747,7.4949884,1381.38,165.96376,0.040039062,0.35469633,0.001098633,70,30,0.36584982,0.4408173,0.26353237,0.24605249,0.32830352,0.6975713,0.7859949,10.882609,13.190802,12.042444,14.083423,16.892925,19.715443,16.637863,14.758246,22.46616,24.667034,22.27779,22.357874,26.633507,25.935417,24.007938,24.124418,19.097414,19.478,19.011084,17.413095,20.857658,22.769089,20.693132,19.858639,14.326103,15.476206,14.086609,16.32788,17.657393,19.289743,16.993916,16.3288,14.839575,14.930224,12.416767,14.145203,16.06445,16.320002,14.307816,14.697324,15.741646,17.158764,16.52943,17.496267,15.387815,16.411547,15.624606,16.387598,0.7818663,2.0177917,6.823868,0.44687456,34.45098,36.64285,31.387354,14.77793,24.049387,19.902782,16.308264,14.717719,16.335726,22.08
4446041.924,658184.7026,26.398487,0.88383585,0.68043,27.991709,40.93376,35.680794,27.731932,23.836336,38.422146,35.0643,34.11774,38.28473,41.830257,33.666683,28.632757,30.631882,32.165794,33.879578,2.1292546,1.8832858,6.166095,7.4756355,1381.37,161.56505,0,0.36271936,0,70,30,0.36584982,0.4408173,0.26353237,0.24605249,0.32830352,0.6975713,0.7859949,12.157053,14.803511,12.46764,13.924655,16.006128,19.937616,15.954366,15.131846,22.587147,24.814186,21.934986,22.184086,25.840229,25.835564,24.285309,24.044508,20.276693,19.804876,18.696262,17.625477,20.250679,22.1518,19.504059,19.819054,15.807886,15.871889,14.331418,15.975624,18.430038,18.712584,16.864807,16.56764,15.903357,14.244464,12.322535,13.85967,15.878343,15.95976,14.926361,14.606205,17.271967,16.860521,16.545101,16.306078,16.210724,15.250923,15.809072,16.378973,0.7821329,2.0062702,6.820865,0.44687456,34.462734,36.743225,31.14972,15.035852,23.92593,19.758549,16.570606,14.727784,16.322056,22.08
4446041.924,658189.7026,31.122644,0.8835027,0.69544286,27.993979,40.93576,35.789913,28.188593,24.097668,38.84866,35.148724,34.903458,38.529404,42.085453,33.319736,28.36501,30.004951,31.937105,33.670498,2.1038241,1.8796623,6.190019,7.461355,1381.36,164.35776,0,0.37222916,-0.001098633,70,30,0.36584982,0.4408173,0.26353237,0.24605249,0.32830352,0.6975713,0.7859949,12.948726,12.659018,11.249577,14.091105,15.395897,19.420778,14.026587,14.458594,22.746752,24.29359,22.098976,22.479572,25.419989,25.741768,24.722391,24.00854,19.784046,20.327099,17.584835,18.292969,19.44599,21.424393,20.139534,19.549328,15.633922,14.973185,13.730441,15.886795,16.275545,17.729753,16.8969,15.801804,15.654978,14.982544,13.008463,14.238419,15.5060625,15.481148,15.316254,14.766425,16.484919,17.906479,15.879366,15.772105,16.12728,14.351638,15.021072,16.007757,0.7894728,1.9917432,6.8256874,0.44687456,34.46487,36.99869,30.842373,14.255956,23.929007,19.571268,15.87522,14.883981,15.934693,22.08
4446041.924,658194.7026,25.805754,0.8823377,0.7141285,27.974644,40.665318,35.81433,28.599552,24.752687,39.124382,35.288322,36.319416,38.80438,42.042496,33.12514,28.364351,29.003965,31.145775,33.21017,2.0844657,1.8699558,6.211978,7.4464135,1381.35,171.89087,-0.080078125,0.40533343,-0.004516602,70,30,0.36584982,0.4408173,0.26353237,0.24605249,0.32830352,0.6975713,0.7859949,12.820494,13.441736,10.629536,14.2949095,17.787464,19.172964,15.490248,14.888453,23.04797,24.2163,22.314955,20.86715,25.451086,25.775003,24.281513,23.902294,19.504765,19.665554,17.409906,16.713638,19.357952,21.316368,19.578136,19.205423,15.549261,14.31399,14.183882,14.458308,18.164806,17.54732,16.569971,15.751876,15.769809,14.0140505,13.260515,13.648209,16.530092,15.262977,15.3604965,14.638923,15.906569,17.764345,15.621442,15.615186,15.403738,15.035001,15.266115,15.870101,0.7982331,1.9772108,6.829196,0.44687456,34.31998,37.206352,30.744747,14.805336,23.707712,19.078045,15.826791,14.835164,15.801771,22.08
4446041.924,658199.7026,23.884333,0.8696378,0.7290336,27.557892,40.92288,35.885143,29.037626,25.285282,39.413532,35.748,37.347527,38.92744,41.82757,33.06072,27.975748,28.4326,31.705683,33.091812,2.0667615,1.8700805,6.233538,7.441716,1381.35,176.2045,-0.000488281,0.43054968,0,70,30,0.36584982,0.4408173,0.26353237,0.24605249,0.32830352,0.6975713,0.7859949,13.327893,14.91501,12.833693,14.89068,16.54026,19.001434,15.554271,15.474102,23.879993,24.81283,22.073551,21.758997,27.097134,26.317022,24.38808,24.522581,19.444794,20.629868,18.469296,17.443115,19.433617,21.755945,19.5617,19.702686,16.201847,15.310663,14.323027,14.889728,16.84,17.564318,16.510817,15.927195,16.492619,14.412338,13.923495,14.948069,13.993645,15.638505,15.417465,14.874971,16.874422,16.978437,16.803442,16.825949,14.973571,14.727124,15.348394,16.157684,0.7993357,1.968421,6.8376274,0.44687456,34.240387,37.580765,30.518234,15.294748,24.332514,19.534048,15.948628,14.975162,16.075907,22.08
4446041.924,658204.7026,23.841516,0.86369777,0.74046284,27.466406,40.85031,36.057697,29.483212,25.778934,39.48768,35.767498,37.84137,38.908504,41.5018,33.079075,28.088875,27.96187,31.637825,33.305958,2.0525715,1.8521721,6.253128,7.431002,1381.35,174.08398,0.079589844,0.41731593,0.003295898,70,30,0.37737724,0.4398044,0.27049118,0.27080598,0.33139518,0.6917151,0.7875279,13.327893,14.91501,12.833693,14.89068,16.54026,19.001434,15.554271,15.474102,23.879993,24.81283,22.073551,21.758997,27.097134,26.317022,24.38808,24.522581,19.444794,20.629868,18.469296,17.443115,19.433617,21.755945,19.5617,19.702686,16.201847,15.310663,14.323027,14.889728,16.84,17.564318,16.510817,15.927195,16.492619,14.412338,13.923495,14.948069,13.993645,15.638505,15.417465,14.874971,16.874422,16.978437,16.803442,16.825949,14.973571,14.727124,15.348394,16.157684,0.8020803,1.9523718,6.842065,0.45273098,34.15836,37.627586,30.583975,15.294748,24.332514,19.534048,15.948628,14.975162,16.075907,22.08
4446041.924,658209.7026,24.607384,0.8600169,0.74528986,27.475166,40.83111,35.93445,29.931496,26.274849,39.700695,35.905495,38.74098,38.952618,41.09878,32.86924,28.149828,27.304844,30.620403,33.351143,2.033088,1.8441119,6.260513,7.4319897,1381.34,178.02174,-0.080566406,0.41534093,-0.005615234,70,30,0.37737724,0.4398044,0.27049118,0.27080598,0.33139518,0.6917151,0.7875279,13.062532,14.818222,11.648689,13.600519,18.493473,18.860506,15.630259,15.227079,18.893108,22.953487,17.094385,19.29329,24.337225,24.920103,21.129507,21.495043,17.65737,18.459148,17.36773,18.105434,18.305687,19.765413,17.404331,18.310417,17.241228,15.727933,14.2322035,16.705154,17.101782,18.403612,16.847385,16.6401,19.525812,19.265844,17.802479,19.930431,17.241922,18.993305,18.804829,18.78306,22.087397,22.92447,21.820608,24.077534,17.831936,20.540628,17.19092,21.483511,0.8026534,1.9386,6.8462515,0.45273098,34.153137,37.803093,30.509533,15.15917,21.231586,18.152159,16.60847,18.794947,20.924786,22.08
4446041.924,658214.7026,25.05782,0.856367,0.74919623,27.425413,41.09104,35.06805,30.430939,26.771114,39.985596,36.37678,40.424503,39.006012,40.345608,32.562153,27.72563,26.330647,30.525488,33.496056,1.9962016,1.8293223,6.246653,7.4510813,1381.34,187.13579,-0.12060547,0.46168047,-0.0078125,70,30,0.37737724,0.4398044,0.27049118,0.27080598,0.33139518,0.6917151,0.7875279,13.720064,14.606107,12.164904,13.214658,17.43293,17.582142,15.901224,14.97889,17.431421,23.306215,16.858662,18.780334,24.545374,24.035776,20.845953,21.054977,15.524796,18.674038,17.76743,17.958345,17.946354,20.004547,17.47196,17.998085,16.722208,16.70682,15.249018,15.30412,16.687105,18.521124,17.583836,16.625994,18.263739,18.769754,16.70271,19.351582,18.005089,17.999916,18.825113,18.167818,20.736767,23.426517,22.170673,23.78403,18.090075,18.535063,21.076097,21.307533,0.8027816,1.9127619,6.8488674,0.45273098,34.25823,38.18119,30.14389,14.946002,20.829103,17.90678,16.682034,18.273985,21.117031,22.08
4446041.924,658219.7026,25.455948,0.8459633,0.7663804,27.47846,41.07467,33.523487,30.991093,27.122189,40.406715,36.809242,42.471317,39.123634,39.54228,32.025204,27.365211,25.43649,30.407862,33.62709,1.944649,1.8231719,6.217335,7.4893727,1381.35,184.9059,-0.000488281,0.50295794,-0.001098633,70,30,0.37737724,0.4398044,0.27049118,0.27080598,0.33139518,0.6917151,0.7875279,13.720064,14.606107,12.164904,13.214658,17.43293,17.582142,15.901224,14.97889,23.909897,24.838787,22.391376,22.8491,26.484798,25.97577,24.561855,24.650665,17.655508,21.089983,20.41093,20.68665,19.906628,21.889559,19.777363,20.292326,16.973206,16.828175,15.244873,15.297946,16.687105,18.521124,17.575542,16.681913,15.759407,14.093683,13.177411,14.163966,13.891281,15.553803,15.219521,14.5113125,17.390903,18.423306,17.16746,17.32538,15.270013,14.812724,16.445583,16.757963,0.8061719,1.8839104,6.853354,0.45273098,34.276566,38.60798,29.695208,14.946002,24.430225,20.202374,16.732569,14.551297,16.690765,22.08
4446036.924,658079.7026,34.766254,1.0849646,0.88460535,27.477125,34.026524,34.989346,28.973335,23.045498,36.32166,31.502779,31.477913,37.37342,44.09855,37.744343,33.664707,33.361908,34.40515,33.360462,2.1745243,2.0493143,6.5478535,7.6840286,1382.02,105.954636,0,1.0424774,0.002197266,45,30,0.36220697,0.4410988,0.27772215,0.25817424,0.29990926,0.67950326,0.8996489,13.983121,15.373339,14.419703,14.49378,18.060802,20.513159,18.178131,16.388666,15.596764,17.180323,15.91498,14.789098,16.82809,20.205309,17.107286,16.977018,12.612085,13.743179,10.601913,11.610476,17.104208,19.181618,17.624273,14.373167,11.826897,11.659631,11.314804,12.465388,16.175451,17.052622,16.408062,13.640156,14.370789,12.896231,12.725876,13.707181,16.150406,17.896545,17.360342,14.921531,15.499884,15.956238,15.605768,15.795639,16.191963,16.481754,16.110498,15.986014,0.98478496,2.1119194,7.115941,0.45975193,30.751823,33.91222,35.704525,16.43172,16.80312,14.639679,13.843264,15.015338,15.948821,22.08
4446036.924,658084.7026,35.74887,1.0765746,0.85378945,27.426517,34.005016,34.685936,29.171488,23.134548,37.419632,32.021538,32.275566,38.597584,45.480957,37.02677,33.503735,32.75147,33.23561,31.984211,2.1535258,2.036607,6.634427,7.7103996,1381.93,105.091576,-0.119140625,0.9347489,-0.006591797,45,30,0.36689755,0.44034535,0.27991456,0.25055707,0.32461578,0.7006032,0.79829425,12.140033,13.541333,13.310865,14.402,17.322298,21.009287,19.199848,15.700663,15.137735,17.56208,15.257889,14.357321,17.478249,19.957094,16.61288,16.849264,12.727556,14.56158,11.068463,11.458715,15.956695,18.37819,16.742817,14.2122135,11.442228,11.217061,11.358545,12.639825,14.855344,17.155327,16.032558,13.37475,12.962927,14.915039,13.589322,13.730257,16.40947,17.66485,17.640697,15.177045,16.332577,16.060257,14.301216,15.7827635,15.563898,16.527853,14.478592,15.789771,0.965182,2.0950665,7.1724133,0.45160398,30.715767,34.720585,35.26525,15.846522,16.623322,14.41343,13.5287,15.273224,15.578165,22.08
4446036.924,658089.7026,38.53952,1.0686935,0.82540536,27.391928,33.985497,34.543262,29.437239,23.21453,38.26716,32.458675,32.927326,39.42016,46.461304,36.399887,33.392292,32.197353,32.31989,30.973759,2.136927,2.024694,6.688814,7.7272177,1381.87,103.30076,0.19970703,0.80937034,0.008911133,45,30,0.36689755,0.44034535,0.27991456,0.25055707,0.32461578,0.7006032,0.79829425,13.005272,14.350126,14.185701,15.373007,18.015846,21.553972,19.73055,16.477272,16.087406,18.725317,16.29055,15.456993,18.340725,21.136204,17.188032,17.884844,13.032153,14.772922,11.168467,11.497843,15.995705,18.68406,17.012957,14.400687,12.525734,12.343731,12.578595,13.828787,15.591683,18.181963,16.836407,14.411838,13.83224,15.7215805,14.828715,14.951731,17.396893,18.541319,18.6185,16.192257,17.966314,17.974768,15.880872,17.529408,16.937296,17.844843,15.65169,17.383234,0.94704944,2.0808105,7.208016,0.45160398,30.688713,35.362915,34.896088,16.602068,17.603603,14.5948715,14.555272,16.27014,17.11217,22.08
4446036.924,658094.7026,42.913113,1.058815,0.80164546,27.510721,34.310078,34.691185,29.888752,23.301054,38.63004,32.578323,33.345325,39.686913,46.892204,35.92006,33.29582,31.703697,31.70395,30.409706,2.1257405,2.0442405,6.681132,7.7172656,1381.79,104.04996,-0.15966797,0.7086871,-0.008911133,45,30,0.36689755,0.44034535,0.27991456,0.25055707,0.32461578,0.7006032,0.79829425,12.80453,15.978399,12.6495075,13.9773,17.390924,21.491865,18.270542,16.058504,14.509718,17.112019,14.615642,15.539874,16.905264,19.228909,15.905439,16.485498,13.915253,13.498553,10.810932,10.796275,14.706283,17.568779,14.606634,13.7443,13.125059,12.1664095,12.552713,12.731241,15.778998,17.103346,15.643631,14.119919,16.030216,14.332209,15.13719,14.750113,17.478148,18.06272,18.44831,16.223408,17.830639,17.757072,16.477203,18.72318,17.297537,18.024519,16.294544,17.671133,0.93023026,2.0849905,7.1991987,0.45160398,30.9104,35.60418,34.60794,16.080439,16.259552,13.700388,14.157343,16.319843,17.486385,22.08
4446036.924,658099.7026,41.837814,1.0522642,0.78114396,27.539093,34.29717,35.088707,30.525122,23.372772,38.489094,32.715866,33.43401,39.38207,46.8066,35.67139,33.393963,31.404556,31.39819,30.322016,2.1250432,2.034828,6.6208,7.6913333,1381.74,110.376434,-0.080078125,0.5353099,-0.0078125,70,30,0.36689755,0.44034535,0.27991456,0.25055707,0.32461578,0.7006032,0.79829425,11.780928,14.008659,11.5615835,14.155902,16.905212,21.782915,17.585766,15.3509445,14.266083,16.359573,13.867636,14.059848,16.803516,18.62713,15.203366,15.819681,15.717418,15.559507,15.133557,13.295102,16.354069,18.153616,16.538916,15.807003,13.088234,12.441631,12.556051,13.111937,14.691593,16.883234,15.771225,14.020645,15.619067,14.057541,14.949695,14.614919,14.842749,18.98274,18.960707,15.815415,16.592884,18.663855,15.691144,17.402288,15.535514,17.394716,17.347263,16.946665,0.91670406,2.0799356,7.156067,0.45160398,30.91813,35.602478,34.532677,15.39728,15.5981655,15.82174,14.077701,16.003918,16.946808,22.08
4446036.924,658104.7026,35.30209,1.0058508,0.76190525,27.141705,33.254658,35.7334,31.315323,23.481495,38.302322,33.93911,33.411488,38.550243,46.3325,35.421177,33.090603,30.938757,31.50835,30.707052,2.1405923,1.953881,6.5548463,7.6484165,1381.7,116.57504,-0.12060547,0.44829178,-0.0078125,70,30,0.36689755,0.44034535,0.27991456,0.25055707,0.32461578,0.7006032,0.79829425,11.780928,14.008659,11.5615835,14.155902,16.905212,21.782915,17.585766,15.3509445,14.266083,16.359573,13.867636,14.059848,16.803516,18.62713,15.203366,15.819681,15.717418,15.559507,15.133557,13.295102,16.354069,18.153616,16.538916,15.807003,13.088234,12.441631,12.556051,13.111937,14.691593,16.883234,15.771225,14.020645,15.619067,14.057541,14.949695,14.614919,14.842749,18.98274,18.960707,15.815415,16.592884,18.663855,15.691144,17.402288,15.535514,17.394716,17.347263,16.946665,0.883878,2.0472367,7.101631,0.45160398,30.198181,36.120716,34.25589,15.39728,15.5981655,15.82174,14.077701,16.003918,16.946808,22.08
4446036.924,658109.7026,36.74768,0.9978921,0.74280083,27.207703,33.249084,36.288635,32.03905,23.517899,37.92559,33.979183,33.31307,37.931255,45.949493,35.254433,33.18657,30.761871,31.461643,30.949295,2.142537,1.9448421,6.4663,7.6106606,1381.67,120.97199,-0.0390625,0.41723195,-0.004394531,70,30,0.36689755,0.44034535,0.27991456,0.25055707,0.32461578,0.7006032,0.79829425,11.638749,14.349035,12.921514,16.01684,17.292727,21.809721,17.97008,15.980356,20.537426,22.401218,20.683666,19.366827,23.734327,23.982843,21.33046,21.890606,14.801274,14.691075,14.173981,12.358276,16.436264,17.927214,16.037445,15.18479,12.203888,11.905375,12.565516,12.823636,15.260731,16.704111,15.370581,13.700292,14.111092,13.047528,12.815811,13.832059,15.144439,18.510927,18.334146,14.825355,16.343616,17.836609,15.34337,15.048947,14.896949,16.531887,16.558783,15.992467,0.8703464,2.0436897,7.0384803,0.45160398,30.228394,35.952385,34.2205,15.999809,21.71954,15.203647,13.833405,15.113714,16.080025,22.08
4446036.924,658114.7026,32.73169,1.0039939,0.7255661,27.266907,40.49648,36.816902,32.764507,23.44817,37.596764,34.031322,33.279568,37.370327,45.61122,35.059708,32.36883,30.57669,31.46316,31.085375,2.1408455,1.9542153,6.3867164,7.5713058,1381.64,126.865234,-0.040039062,0.42988515,-0.003295898,70,30,0.3657804,0.44037354,0.28621185,0.2513535,0.32553473,0.6995174,0.7956608,12.535101,12.795446,13.009577,16.683533,17.424282,21.499512,17.61768,15.820377,20.117512,22.570421,19.543898,19.88694,23.95871,24.606108,22.57673,21.973595,14.485567,14.460707,12.856649,12.4297085,16.399496,18.00748,17.566828,14.910906,12.648663,12.678518,12.3625965,13.157702,15.446628,16.85951,15.891339,13.957262,14.557759,13.371017,12.894167,13.857727,14.311483,17.072397,16.532393,14.368309,15.279706,17.487705,15.261792,15.461894,15.038829,16.670446,15.074634,15.83578,0.86477995,2.0475304,6.979011,0.4520617,33.88169,35.81404,33.71427,15.937875,21.894333,15.172349,14.14928,14.656707,15.7535715,22.08
4446036.924,658119.7026,35.908215,1.0014812,0.7101489,27.317764,40.508827,37.14907,33.258953,23.44938,37.359978,34.079372,33.214245,36.90871,45.360275,34.913456,32.359497,30.475111,31.47133,31.268238,2.147968,1.9453729,6.3165245,7.546319,1381.61,129.8027,-0.040039062,0.44767597,-0.003295898,70,30,0.3657804,0.44037354,0.28621185,0.2513535,0.32553473,0.6995174,0.7956608,12.416306,12.58812,12.698127,16.300983,16.23855,20.059866,16.019466,15.18414,22.00169,23.945724,21.65396,21.554836,25.333532,25.918053,24.475155,23.605778,17.529121,17.885323,16.612524,15.594281,18.76071,19.743431,20.024048,17.781197,14.410475,14.06838,13.530133,13.815457,15.875641,17.024942,16.179956,14.825612,14.933617,13.714055,13.2982435,14.220569,15.669791,17.350616,16.531422,14.833785,15.936045,18.04106,16.005701,15.529828,15.899099,16.504616,15.388776,16.228233,0.85581505,2.0466704,6.9314218,0.4520617,33.913296,35.719673,33.636475,15.188775,23.554707,18.021349,14.986426,15.102615,16.186447,22.08
4446036.924,658124.7026,37.350117,0.9995345,0.7046217,27.323362,40.526608,36.88576,33.17332,23.46446,37.40422,34.18074,33.318035,36.76487,45.1561,34.85509,32.254128,30.540216,31.615408,31.371765,2.1596282,1.9390386,6.265507,7.5502234,1381.58,135,-0.08105469,0.42506525,-0.005615234,70,30,0.3657804,0.44037354,0.28621185,0.2513535,0.32553473,0.6995174,0.7956608,12.70238,13.612511,11.717112,15.019918,16.07297,18.730597,16.567186,14.938232,21.92899,25.056173,21.280392,22.404291,25.954916,25.563776,24.6699,23.868746,16.661266,18.935133,15.234915,16.01214,20.138607,19.935417,19.655176,17.84781,14.400902,14.32191,13.399694,14.144722,16.711128,16.687597,17.654247,15.0189905,15.244702,13.539732,13.3845005,14.106909,15.201895,17.4206,17.178812,14.785778,15.906565,18.08817,15.642779,16.27273,16.150787,16.440897,16.394073,16.339705,0.8520781,2.0493333,6.9078655,0.4520617,33.924984,35.79248,33.55461,14.917525,23.83692,18.081806,15.331458,15.153879,16.413715,22.08
4446036.924,658129.7026,38.67894,0.99808276,0.70593894,27.298447,40.548084,36.197014,32.694447,23.48615,37.648376,34.31158,33.537148,36.851017,45.026222,34.84813,32.09083,30.72688,31.837236,31.393051,2.175163,1.9342598,6.2321725,7.5739584,1381.56,137.60689,0.041015625,0.44580233,0.002319336,70,30,0.3657804,0.44037354,0.28621185,0.2513535,0.32553473,0.6995174,0.7956608,13.186551,13.86912,11.86013,15.034658,15.70789,18.848356,16.378922,15.072664,22.300333,23.787258,21.235868,21.418661,25.265705,25.759432,23.836166,23.502874,16.291481,18.627842,16.614307,17.13435,19.923355,20.557726,19.307535,18.198793,14.769318,14.197543,13.570129,15.093857,15.788074,16.78301,16.917904,15.145477,15.631769,14.019793,12.812513,13.958119,16.102974,17.47956,16.981373,14.923777,16.489021,17.40647,15.590787,16.059792,17.142973,16.687067,15.813173,16.469107,0.85201085,2.0547113,6.9030657,0.4520617,33.923264,35.97998,33.469482,14.983663,23.371918,18.350943,15.3028345,15.283729,16.45561,22.08
4446036.924,658134.7026,38.77604,0.9966625,0.70913434,27.261868,40.28146,35.479362,32.193794,23.814548,37.979065,34.50534,33.681572,36.9286,45.006218,34.796326,32.149014,30.84958,32.13371,31.085163,2.1941016,1.9054801,6.21096,7.594731,1381.53,132.70827,0,0.50706756,0.002197266,70,30,0.3657804,0.44037354,0.28621185,0.2513535,0.32553473,0.6995174,0.7956608,13.186551,13.86912,11.86013,15.034658,15.70789,18.848356,16.378922,15.072664,22.300333,23.787258,21.235868,21.418661,25.265705,25.759432,23.836166,23.502874,16.291481,18.627842,16.614307,17.13435,19.923355,20.557726,19.307535,18.198793,14.769318,14.197543,13.570129,15.093857,15.788074,16.78301,16.917904,15.145477,15.631769,14.019793,12.812513,13.958119,16.102974,17.47956,16.981373,14.923777,16.489021,17.40647,15.590787,16.059792,17.142973,16.687067,15.813173,16.469107,0.8528984,2.0497909,6.9028454,0.4520617,33.771664,36.242203,33.47267,14.983663,23.371918,18.350943,15.3028345,15.283729,16.45561,22.08
4446036.924,658139.7026,37.45413,0.9841218,0.7076603,26.992088,40.004986,34.637592,31.706957,23.855507,38.475876,35.141953,34.33557,37.51726,45.129486,34.609528,31.99567,30.706198,31.710676,30.678797,2.2107255,1.8486392,6.1992264,7.6157,1381.5,135,0.080078125,0.4663584,0.001098633,70,30,0.3657804,0.44037354,0.28621185,0.2513535,0.32553473,0.6995174,0.7956608,12.860178,13.6987095,12.88004,14.503881,15.97051,18.866697,15.841385,15.126775,22.69934,22.861816,21.173018,21.996777,25.955511,25.783539,24.024817,23.632595,17.844002,18.601652,16.625095,17.528225,19.490477,20.366793,18.70409,18.442324,13.910467,14.14406,13.6627245,14.99349,16.56685,17.215755,16.885843,15.173365,14.032208,14.16669,13.408239,14.313815,15.654167,17.333643,16.690094,14.789696,15.89935,17.101902,17.239658,15.399203,16.084263,16.748308,15.597081,16.357332,0.84589106,2.0296824,6.907463,0.4520617,33.498535,36.808914,33.302597,14.945915,23.499258,18.451477,15.339884,15.08555,16.295681,22.08
4446036.924,658144.7026,37.954147,0.9844584,0.70733225,26.964293,40.024906,33.854668,31.237312,23.879381,38.756557,35.09855,34.493362,37.571644,45.05772,34.532097,31.98292,30.960558,31.907694,30.700733,2.2363412,1.8479255,6.194543,7.637153,1381.47,137.86415,-0.080078125,0.40579084,-0.001098633,70,30,0.36592177,0.43568465,0.28477946,0.2518738,0.32641748,0.70707434,0.7974749,12.860178,13.6987095,12.88004,14.503881,15.97051,18.866697,15.841385,15.126775,22.69934,22.861816,21.173018,21.996777,25.955511,25.783539,24.024817,23.632595,17.844002,18.601652,16.625095,17.528225,19.490477,20.366793,18.70409,18.442324,13.910467,14.14406,13.6627245,14.99349,16.56685,17.215755,16.885843,15.173365,14.032208,14.16669,13.408239,14.313815,15.654167,17.333643,16.690094,14.789696,15.89935,17.101902,17.239658,15.399203,16.084263,16.748308,15.597081,16.357332,0.8458953,2.0421333,6.915848,0.45274663,33.4946,36.92755,33.257507,14.945915,23.499258,18.451477,15.339884,15.08555,16.295681,22.08
4446036.924,658149.7026,32.946213,0.982442,0.7088103,27.240131,40.15242,33.160248,30.816526,23.825108,38.970573,35.209866,34.730015,38.10296,44.88097,34.380444,31.92823,31.319921,31.598824,31.092165,2.265362,1.8625387,6.1912284,7.660389,1381.45,138.01859,0.0390625,0.38504773,0.001098633,70,30,0.36592177,0.43568465,0.28477946,0.2518738,0.32641748,0.70707434,0.7974749,12.842562,14.291837,11.69514,14.361221,17.210142,18.916517,15.911598,15.150277,21.590265,23.157776,21.13609,21.484058,25.486206,25.762232,23.466873,23.33948,15.95015,18.080442,17.448368,15.121707,19.303493,20.443735,17.673372,17.790451,12.95151,13.627052,13.185884,13.303906,15.804462,18.664024,15.274442,14.774602,12.713307,14.363484,13.361224,14.333948,15.654908,17.907824,16.615942,14.72397,15.135081,17.521603,16.865799,16.07326,16.434935,16.561668,15.6432295,16.353647,0.8456262,2.0639503,6.925809,0.45274663,33.696274,37.090218,33.154335,15.032717,23.154785,17.717323,14.687326,14.992949,16.319368,22.08
4446036.924,658154.7026,33.462406,0.9770916,0.7014676,27.243088,40.17938,33.098824,30.407078,23.789476,39.021225,35.182003,34.48951,38.041214,44.738693,34.34154,31.549261,31.541231,31.823765,31.231607,2.263437,1.8646077,6.188285,7.64176,1381.43,141.353,0.041015625,0.36648798,0.003417969,70,30,0.36592177,0.43568465,0.28477946,0.2518738,0.32641748,0.70707434,0.7974749,12.554316,15.159711,12.370787,14.192202,16.836807,17.173079,15.509213,14.829399,21.450693,23.555302,21.901438,22.251333,25.262424,24.835695,23.869867,23.4746,17.788296,17.438858,18.23058,16.08584,17.942846,20.250544,18.423943,18.100904,13.381561,14.167933,14.048334,14.083641,15.424699,17.37375,15.960936,14.919899,12.429167,14.13315,13.262476,13.480988,15.754334,16.140554,15.286734,14.218586,16.63508,17.532078,15.567874,16.64692,15.894518,15.905818,15.730049,16.301538,0.8392796,2.0640223,6.9150224,0.45274663,33.711235,37.101616,32.9454,14.828017,23.303822,18.022985,14.920122,14.355344,16.273191,22.08
4446036.924,658159.7026,27.873936,0.9583844,0.7009607,27.215042,39.53728,33.48903,30.008787,23.727165,39.0065,35.558914,34.130814,38.16763,44.52258,34.22629,31.02212,31.695005,31.810179,31.580526,2.2430022,1.8623896,6.179585,7.6107016,1381.41,141.71461,0.040039062,0.34683478,0.002197266,70,30,0.36592177,0.43568465,0.28477946,0.2518738,0.32641748,0.70707434,0.7974749,12.58574,15.18485,12.402212,14.217341,16.860376,17.188791,15.534353,14.853951,21.837992,24.035822,22.268469,22.59281,25.569302,25.084963,24.395838,23.851398,18.697456,18.342644,19.139742,17.060497,18.609442,20.722265,18.996548,18.889658,14.157123,15.603435,14.819725,15.644087,17.213438,18.993681,17.614958,16.260319,12.517553,14.220439,13.350153,13.556595,15.817046,16.224215,15.3498535,14.296593,16.550854,17.465696,15.4819765,16.582214,15.778012,15.849564,15.6434,16.226992,0.8296726,2.0526958,6.8951435,0.45274663,33.37616,37.282707,32.624207,14.85338,23.6836,18.795515,16.29235,14.433693,16.193102,22.08
4446036.924,658164.7026,28.89143,0.9303317,0.691853,27.49318,39.481686,33.898003,29.648054,23.662142,39.13286,36.267284,34.40733,37.511375,43.96549,33.823616,30.025347,31.232058,32.60792,32.587444,2.214029,1.8415389,6.172658,7.577096,1381.39,147.09476,-0.040039062,0.29031855,-0.002197266,70,30,0.36592177,0.43568465,0.28477946,0.2518738,0.32641748,0.70707434,0.7974749,12.377073,13.455099,11.755603,14.159414,17.236532,17.733894,17.311878,14.685296,22.586,23.919987,21.640701,22.679878,25.42809,25.429533,25.342678,23.916199,17.50143,18.474812,17.184143,18.601986,19.614992,20.640862,20.27157,18.839706,14.535703,14.925425,13.981381,16.307806,16.859035,18.136768,19.494154,16.024313,13.734593,14.275276,13.061968,13.676344,15.517233,16.322014,15.37731,14.464547,16.333166,17.324575,15.307402,17.224964,15.554566,15.8887205,15.897916,16.26697,0.8110924,2.0277839,6.874877,0.45274663,33.487434,37.700073,31.92448,14.861357,23.860981,18.898542,16.320038,14.566392,16.21876,22.08
4446036.924,658169.7026,26.763199,0.9198593,0.6966903,28.13119,40.354317,34.215492,29.240461,23.858446,38.68238,35.378418,35.01246,38.282867,43.299847,33.842415,29.86062,30.548857,31.67405,33.063095,2.1939464,1.8620214,6.1675863,7.540537,1381.38,143.1301,0.040039062,0.28675628,0.003295898,70,30,0.36592177,0.43568465,0.28477946,0.2518738,0.32641748,0.70707434,0.7974749,13.17451,14.184568,12.986087,14.6592045,16.085348,19.244621,16.582125,15.21957,22.90841,24.528564,21.784641,22.42405,25.10233,26.8828,24.8555,24.19983,17.961779,18.404034,16.368729,18.24769,18.7688,22.782492,19.559643,18.902348,15.0584545,14.803907,13.974878,16.713263,17.124308,18.846128,19.429203,16.30536,14.907468,13.675743,13.479406,13.95493,16.298254,16.360353,14.970426,14.704125,16.640348,17.084173,14.399533,17.395687,15.890484,16.535362,15.4468565,16.254984,0.8082748,2.027984,6.8540616,0.45274663,34.242752,37.0304,31.851517,15.273781,24.069471,18.870453,16.564306,14.806654,16.198921,22.08
4446036.924,658174.7026,24.137993,0.90702575,0.6871617,28.175116,40.368202,34.633514,28.898329,23.884161,38.57842,35.30886,34.751453,38.176163,42.827938,33.775066,29.503977,30.57683,31.802353,33.30043,2.1703393,1.8659356,6.165296,7.506879,1381.36,147.09476,-0.040039062,0.29031855,-0.004394531,70,30,0.36584982,0.4408173,0.26353237,0.24605249,0.32830352,0.6975713,0.7859949,13.17451,14.184568,12.986087,14.6592045,16.085348,19.244621,16.582125,15.21957,22.90841,24.528564,21.784641,22.42405,25.10233,26.8828,24.8555,24.19983,17.961779,18.404034,16.368729,18.24769,18.7688,22.782492,19.559643,18.902348,15.0584545,14.803907,13.974878,16.713263,17.124308,18.846128,19.429203,16.30536,14.907468,13.675743,13.479406,13.95493,16.298254,16.360353,14.970426,14.704125,16.640348,17.084173,14.399533,17.395687,15.890484,16.535362,15.4468565,16.254984,0.79709375,2.0181375,6.836087,0.44687456,34.27166,36.94364,31.639523,15.273781,24.069471,18.870453,16.564306,14.806654,16.198921,22.08
4446036.924,658179.7026,25.56,0.89451736,0.68371063,27.941422,40.90111,35.009224,28.67088,23.896332,38.61538,35.386013,34.60879,38.367313,42.49446,33.663403,28.963518,30.521881,31.9091,33.550255,2.1497748,1.8570793,6.16852,7.4692984,1381.35,159.77515,-0.040039062,0.29031855,-0.002197266,70,30,0.36584982,0.4408173,0.26353237,0.24605249,0.32830352,0.6975713,0.7859949,12.97271,14.232626,12.815158,13.96681,15.418264,18.893206,16.3121,14.95275,22.515171,24.583899,21.773495,22.604015,24.831802,25.236048,24.372576,23.84506,18.985832,20.6441,16.849962,18.68974,18.91722,21.795921,21.446753,19.563269,14.900726,15.045604,13.8123,15.407481,16.17709,18.39406,17.974081,15.897917,15.163588,14.88251,12.607455,14.417971,15.429816,15.693558,14.822134,14.569811,16.541786,17.62035,13.805659,17.397911,14.627487,15.39961,16.14964,15.871797,0.789114,2.003427,6.818909,0.44687456,34.421265,37.000694,31.313461,14.94441,23.702429,19.618504,15.958763,14.71672,15.934636,22.08
4446036.924,658184.7026,28.435377,0.8878388,0.6863008,27.965769,40.905243,35.298134,28.6922,24.075247,38.719532,35.35607,34.842457,38.409355,42.31259,33.501053,28.760853,30.226986,31.876421,33.564754,2.1288116,1.8577666,6.1804805,7.4501905,1381.34,158.21667,-0.040039062,0.30861828,-0.003295898,70,30,0.36584982,0.4408173,0.26353237,0.24605249,0.32830352,0.6975713,0.7859949,12.948726,12.659018,11.249577,14.091105,15.395897,19.420778,14.026587,14.458594,17.59828,23.791386,17.356855,18.744385,24.453417,24.256325,21.243322,21.233068,17.618572,17.582111,14.606023,15.336772,17.221706,19.487587,17.870678,17.061655,15.512568,14.977328,13.736613,15.886795,16.280725,17.729753,16.8969,15.785102,19.265036,20.540874,18.980894,20.546497,19.127193,19.128107,19.643179,19.565706,21.286215,22.90969,19.427143,17.864449,16.662174,16.861116,18.196152,19.134626,0.7870698,1.9932891,6.8153353,0.44687456,34.435505,37.037804,31.130953,14.255956,21.063425,17.10335,15.860097,19.60454,19.029562,22.08
4446036.924,658189.7026,27.789385,0.88481647,0.69477725,27.981394,40.90676,35.54046,28.903696,24.337961,38.92421,35.35503,35.34539,38.527832,42.2888,33.29474,28.60851,29.744484,31.765625,33.4699,2.109819,1.8567109,6.200026,7.437855,1381.33,158.19255,-0.040527344,0.30829358,-0.003417969,70,30,0.36584982,0.4408173,0.26353237,0.24605249,0.32830352,0.6975713,0.7859949,12.948726,12.659018,11.249577,14.091105,15.395897,19.420778,14.026587,14.458594,17.59828,23.791386,17.356855,18.744385,24.453417,24.256325,21.243322,21.233068,17.618572,17.582111,14.606023,15.336772,17.221706,19.487587,17.870678,17.061655,15.512568,14.977328,13.736613,15.886795,16.280725,17.729753,16.8969,15.785102,19.265036,20.540874,18.980894,20.546497,19.127193,19.128107,19.643179,19.565706,21.286215,22.90969,19.427143,17.864449,16.662174,16.861116,18.196152,19.134626,0.7897968,1.9832649,6.81894,0.44687456,34.444077,37.139618,30.951624,14.255956,21.063425,17.10335,15.860097,19.60454,19.029562,22.08
4446036.924,658194.7026,21.288446,0.88323224,0.7099714,27.971815,40.637978,35.65908,29.185736,25.061867,39.025185,35.437145,36.64302,38.6343,42.069626,33.218582,28.691614,28.79981,31.646988,33.078224,2.0984027,1.8466856,6.2237525,7.4250417,1381.32,161.58507,-0.041015625,0.31660637,-0.004516602,70,30,0.36584982,0.4408173,0.26353237,0.24605249,0.32830352,0.6975713,0.7859949,12.820494,13.441736,10.629536,14.2949095,17.787464,19.172964,15.490248,14.888453,17.492395,23.665237,17.387112,17.231321,24.561087,24.614904,21.323093,21.114584,17.457901,17.133139,14.460513,14.031563,17.1268,19.384771,17.559473,16.82292,15.423764,14.320163,14.187938,14.458308,18.169987,17.550774,16.569971,15.735159,18.235397,20.060726,18.919662,19.018204,20.689245,19.562944,19.316647,19.329847,19.252432,22.76756,19.16922,17.707527,17.757923,17.544481,16.98576,18.996967,0.79660183,1.9725442,6.824397,0.44687456,34.304897,37.231163,30.955097,14.805336,20.89645,16.73631,15.811559,19.400404,18.740702,22.08
4446036.924,658199.7026,21.891106,0.8716729,0.7235229,27.558737,40.89816,35.8882,29.502598,25.653961,39.189938,35.831436,37.531475,38.740715,41.775963,33.250263,28.373634,28.267141,30.979197,32.999786,2.0911124,1.8472605,6.25093,7.422199,1381.31,172.61285,-0.119140625,0.3318235,-0.008789063,70,30,0.36584982,0.4408173,0.26353237,0.24605249,0.32830352,0.6975713,0.7859949,13.327893,14.91501,12.833693,14.89068,16.54026,19.001434,15.554271,15.474102,17.876917,23.29266,17.437252,17.714615,24.531628,24.473646,21.429657,21.157692,17.53223,18.112469,15.653987,14.931213,17.408884,19.668436,17.543034,17.387623,15.950849,15.316836,14.327171,14.889728,16.84,17.566008,16.510817,15.889904,18.029816,19.439993,18.918936,19.389673,17.800865,18.910725,19.373615,18.776154,20.220282,21.981653,21.806654,18.918293,17.79363,18.449465,17.06804,19.79761,0.7975979,1.9691864,6.836564,0.44687456,34.228447,37.51069,30.811949,15.294748,20.965197,17.264322,15.914488,18.83766,19.462574,22.08
4446036.924,658204.7026,23.437912,0.87170404,0.7262061,27.564415,40.882217,36.41062,29.88419,26.231358,39.223057,35.806145,37.963226,38.726036,41.555363,33.23036,28.592422,27.675144,31.611246,32.939293,2.0898201,1.8407717,6.278788,7.4105577,1381.31,175.2267,-0.079589844,0.34460202,-0.004394531,70,30,0.37737724,0.4398044,0.27049118,0.27080598,0.33139518,0.6917151,0.7875279,13.327893,14.91501,12.833693,14.89068,16.54026,19.001434,15.554271,15.474102,17.876917,23.29266,17.437252,17.714615,24.531628,24.473646,21.429657,21.157692,17.53223,18.112469,15.653987,14.931213,17.408884,19.668436,17.543034,17.387623,15.950849,15.316836,14.327171,14.889728,16.84,17.566008,16.510817,15.889904,18.029816,19.439993,18.918936,19.389673,17.800865,18.910725,19.373615,18.776154,20.220282,21.981653,21.806654,18.918293,17.79363,18.449465,17.06804,19.79761,0.7989551,1.9652959,6.844673,0.45273098,34.223316,37.514603,30.91139,15.294748,20.965197,17.264322,15.914488,18.83766,19.462574,22.08
4446036.924,658209.7026,24.063046,0.86986554,0.7314166,27.48373,40.80658,37.05736,30.310188,26.912237,39.11119,35.723106,38.074226,38.6705,41.18085,33.394096,28.946232,27.249998,30.636095,33.224396,2.0992622,1.8198359,6.3098106,7.3942842,1381.31,175.2267,0.000488281,0.34460202,-0.002197266,70,30,0.37737724,0.4398044,0.27049118,0.27080598,0.33139518,0.6917151,0.7875279,13.062532,14.818222,11.648689,13.600519,18.493473,18.860506,15.630259,15.227079,18.893108,22.953487,17.094385,19.29329,24.337225,24.920103,21.129507,21.495043,17.65737,18.459148,17.36773,18.105434,18.305687,19.765413,17.404331,18.310417,17.241228,15.727933,14.2322035,16.705154,17.101782,18.403612,16.847385,16.6401,19.525812,19.265844,17.802479,19.930431,17.241922,18.993305,18.804829,18.78306,22.087397,22.92447,21.820608,24.077534,17.831936,20.540628,17.19092,21.483511,0.80064106,1.9595491,6.8520474,0.45273098,34.145157,37.41715,31.170164,15.15917,21.231586,18.152159,16.60847,18.794947,20.924786,22.08
4446036.924,658214.7026,25.135885,0.8659523,0.7410294,27.448181,41.069397,36.05697,30.647219,27.391294,39.33677,36.09538,39.89499,38.817894,40.407906,33.10785,28.551697,26.239868,30.525154,33.37372,2.0617273,1.8116248,6.297466,7.419602,1381.31,182.29509,0.000488281,0.35803145,-0.001098633,70,30,0.37737724,0.4398044,0.27049118,0.27080598,0.33139518,0.6917151,0.7875279,13.720064,14.606107,12.164904,13.214658,17.43293,17.582142,15.901224,14.97889,17.431421,23.306215,16.858662,18.780334,24.545374,24.035776,20.845953,21.054977,15.524796,18.674038,17.76743,17.958345,17.946354,20.004547,17.47196,17.998085,16.722208,16.70682,15.249018,15.30412,16.687105,18.521124,17.583836,16.625994,18.263739,18.769754,16.70271,19.351582,18.005089,17.999916,18.825113,18.167818,20.736767,23.426517,22.170673,23.78403,18.090075,18.535063,21.076097,21.307533,0.8034909,1.936676,6.858534,0.45273098,34.25879,37.716072,30.829773,14.946002,20.829103,17.90678,16.682034,18.273985,21.117031,22.08
4446036.924,658219.7026,25.889044,0.8528468,0.76960564,27.512403,41.06069,33.821747,30.910357,27.635372,39.78611,36.487137,42.556164,37.9122,39.47092,32.497154,28.020859,25.207369,31.49716,33.536457,1.9918398,1.8153034,6.2561603,7.476102,1381.31,182.12494,-0.03955078,0.38668483,-0.002197266,70,30,0.37737724,0.4398044,0.27049118,0.27080598,0.33139518,0.6917151,0.7875279,13.720064,14.606107,12.164904,13.214658,17.43293,17.582142,15.901224,14.97889,17.431421,23.306215,16.858662,18.780334,24.545374,24.035776,20.845953,21.054977,15.524796,18.674038,17.76743,17.958345,17.946354,20.004547,17.47196,17.998085,16.722208,16.70682,15.249018,15.30412,16.687105,18.521124,17.583836,16.625994,18.263739,18.769754,16.70271,19.351582,18.005089,17.999916,18.825113,18.167818,20.736767,23.426517,22.170673,23.78403,18.090075,18.535063,21.076097,21.307533,0.81122625,1.9035716,6.866131,0.45273098,34.28655,38.136623,30.259007,14.946002,20.829103,17.90678,16.682034,18.273985,21.117031,22.08
4446031.924,658079.7026,38.06102,1.084383,0.8879142,27.462498,34.02973,34.892403,28.575905,22.988533,36.690403,31.52511,31.582071,36.864494,43.240902,37.50278,33.537304,33.336918,35.029243,34.246464,2.1527855,2.0537033,6.548258,7.702062,1381.99,99.7409,-0.16015625,1.0168107,-0.011108398,45,30,0.36220697,0.4410988,0.27772215,0.25817424,0.29990926,0.67950326,0.8996489,13.983121,15.382274,14.45181,14.498858,18.109884,20.515364,18.178131,16.402422,15.383815,16.657333,15.546392,14.264574,16.611221,19.923624,16.890287,16.629362,12.61214,13.745605,10.609873,11.627375,17.118643,19.19747,17.62986,14.38283,11.848288,11.505981,11.241686,12.30882,16.08473,16.996218,16.338413,13.54888,14.560844,13.068469,12.922429,14.01317,16.536882,18.327225,17.61859,15.20928,15.499884,15.956238,15.605768,15.795639,16.191963,16.481754,16.110498,15.986014,0.9861486,2.1032443,7.12516,0.45975193,30.746115,34.107758,35.520042,16.445635,16.468178,14.64871,13.76059,15.292516,15.948821,22.08
4446031.924,658084.7026,39.895195,1.0759857,0.85025275,27.390388,34.00659,34.494137,28.55533,23.042807,38.09394,32.134647,32.56619,38.194687,44.649162,36.67253,33.30626,32.598717,33.922993,32.933105,2.1303892,2.0400033,6.6642776,7.741612,1381.91,101.3189,-0.079589844,0.8765586,-0.011108398,45,30,0.36689755,0.44034535,0.27991456,0.25055707,0.32461578,0.7006032,0.79829425,12.127632,13.556587,13.255302,14.445432,17.404392,20.95609,19.21532,15.698898,15.7299595,18.388922,15.993047,15.174762,18.111137,20.851439,16.9574,17.589731,12.718763,14.471974,10.809406,11.138783,15.636643,18.324997,16.653894,14.057841,11.385554,11.184143,11.29582,12.590993,14.700441,17.000095,15.841963,13.285299,12.804479,14.834528,13.572863,13.797215,16.507431,17.71114,17.724064,15.179767,17.929539,17.974768,15.836288,17.484825,16.881567,17.807692,15.607106,17.342657,0.9631192,2.0851963,7.2029448,0.45160398,30.69849,35.114296,34.989395,15.851537,17.315237,14.250638,13.42843,15.278815,17.074541,22.08
4446031.924,658089.7026,46.50031,1.068004,0.8148742,27.320156,33.984364,34.168964,28.531515,23.082512,39.44021,32.724613,33.514923,39.277893,45.78671,35.854916,33.07202,31.863153,32.995262,31.8717,2.1102028,2.0267522,6.766883,7.7803707,1381.84,100.8955,-0.16064453,0.7585027,-0.008911133,45,30,0.36689755,0.44034535,0.27991456,0.25055707,0.32461578,0.7006032,0.79829425,12.270373,13.64715,13.322561,14.4377775,17.417807,20.971031,19.217106,15.748096,14.810423,17.679829,14.858025,13.875305,17.107191,19.957205,16.065907,16.604296,12.511452,14.365376,10.528383,10.854648,15.344248,18.025587,16.347073,13.809044,12.433329,12.250621,12.45562,13.675949,15.513507,18.09758,16.757565,14.309386,13.83224,15.7215805,14.828715,14.951731,17.386984,18.557648,18.638092,16.19346,18.255203,18.238144,16.1704,17.805637,17.149586,18.13409,15.893898,17.651123,0.9414391,2.0684776,7.273627,0.45160398,30.65226,36.082413,34.46347,15.897685,16.33627,13.996682,14.454882,16.273855,17.378138,22.08
4446031.924,658094.7026,45.946373,1.0587679,0.79032385,27.441189,34.308857,34.3518,29.003826,23.178648,39.703594,32.817455,33.879715,39.5385,46.161667,35.45152,33.01172,31.397884,32.377327,31.339224,2.102485,2.0455167,6.74974,7.765736,1381.78,98.47982,-0.079589844,0.6805921,-0.00769043,70,30,0.36689755,0.44034535,0.27991456,0.25055707,0.32461578,0.7006032,0.79829425,12.80453,15.978399,12.6495075,13.9773,17.390924,21.491865,18.270542,16.058504,14.509718,17.112019,14.615642,15.539874,16.905264,19.228909,15.905439,16.485498,13.915253,13.498553,10.810932,10.796275,14.706283,17.568779,14.606634,13.7443,13.125059,12.1664095,12.552713,12.731241,15.778998,17.103346,15.643631,14.119919,16.030216,14.332209,15.13719,14.750113,17.478148,18.06272,18.44831,16.223408,17.830639,17.757072,16.477203,18.72318,17.297537,18.024519,16.294544,17.671133,0.9245459,2.0740008,7.257738,0.45160398,30.875023,36.260525,34.23162,16.080439,16.259552,13.700388,14.157343,16.319843,17.486385,22.08
4446031.924,658099.7026,40.589252,1.0527776,0.77363276,27.49724,34.298782,34.913654,29.85336,23.29211,39.09854,32.804924,33.707497,39.077557,45.894226,35.437172,33.231995,31.251125,32.066105,31.31948,2.1090438,2.0372374,6.642846,7.7177253,1381.73,101.874756,-0.040039062,0.55656,-0.003295898,70,30,0.36689755,0.44034535,0.27991456,0.25055707,0.32461578,0.7006032,0.79829425,11.780928,14.008659,11.5615835,14.155902,16.905212,21.782915,17.585766,15.3509445,14.266083,16.359573,13.867636,14.059848,16.803516,18.62713,15.203366,15.819681,15.717418,15.559507,15.133557,13.295102,16.354069,18.153616,16.538916,15.807003,13.088234,12.441631,12.556051,13.111937,14.691593,16.883234,15.771225,14.020645,15.619067,14.057541,14.949695,14.614919,14.842749,18.98274,18.960707,15.815415,16.592884,18.663855,15.691144,17.402288,15.535514,17.394716,17.347263,16.946665,0.9132052,2.0731406,7.1802855,0.45160398,30.89801,35.951733,34.334583,15.39728,15.5981655,15.82174,14.077701,16.003918,16.946808,22.08
4446031.924,658104.7026,37.056572,1.0039088,0.75929314,27.096243,33.25591,35.64482,30.750532,23.43265,38.704723,34.002254,33.561695,38.284653,45.439716,35.321186,32.949986,30.84591,32.003525,31.526075,2.1338162,1.9548217,6.553108,7.661706,1381.69,111.793365,-0.000976563,0.4624835,0,70,30,0.36689755,0.44034535,0.27991456,0.25055707,0.32461578,0.7006032,0.79829425,11.991271,14.312853,11.964137,14.35272,17.096,21.982302,17.769299,15.5993805,20.968113,22.185667,20.289234,20.288824,24.149443,24.334166,21.947155,22.232391,16.269064,15.144653,15.678121,12.787641,15.845143,17.772552,16.032034,15.667438,13.082924,12.576189,12.550741,13.127667,14.741238,16.84517,15.765913,14.041204,14.647934,13.130778,14.03758,13.567515,14.265357,18.656618,18.613377,15.043248,15.841103,17.810902,14.938092,16.658022,14.868828,17.081892,17.120726,16.300428,0.881601,2.044319,7.107407,0.45160398,30.176075,36.35349,34.135586,15.638369,22.023228,15.647031,14.098549,15.274165,16.331366,22.08
4446031.924,658109.7026,34.865005,0.9963071,0.7429467,27.161823,33.250946,36.155293,31.465025,23.50235,38.247715,34.00549,33.424126,37.743763,45.018948,35.245495,33.079914,30.72863,31.922117,31.731012,2.13904,1.9467963,6.450839,7.6207047,1381.66,119.0678,0.12060547,0.44230193,0.006713867,70,30,0.36689755,0.44034535,0.27991456,0.25055707,0.32461578,0.7006032,0.79829425,11.638749,14.349035,12.921514,16.01684,17.292727,21.809721,17.97008,15.980356,20.537426,22.401218,20.683666,19.366827,23.734327,23.982843,21.33046,21.890606,14.801274,14.691075,14.173981,12.358276,16.436264,17.927214,16.037445,15.18479,12.203888,11.905375,12.565516,12.823636,15.260731,16.704111,15.370581,13.700292,14.111092,13.047528,12.815811,13.832059,15.144439,18.510927,18.334146,14.825355,16.343616,17.836609,15.34337,15.048947,14.896949,16.531887,16.558783,15.992467,0.8696269,2.0429182,7.035772,0.45160398,30.206385,36.126602,34.162704,15.999809,21.71954,15.203647,13.833405,15.113714,16.080025,22.08
4446031.924,658114.7026,34.5248,1.0010548,0.7292488,27.207657,40.495895,36.54342,32.068245,23.468517,37.921146,34.03911,33.402103,37.307053,44.665203,35.12483,32.291637,30.608028,31.890608,31.784351,2.1405437,1.9571989,6.362978,7.584075,1381.62,121.607506,-0.040039062,0.4377096,-0.001098633,70,30,0.3657804,0.44037354,0.28621185,0.2513535,0.32553473,0.6995174,0.7956608,12.416306,12.58812,12.698127,16.300983,16.23855,20.059866,16.019466,15.18414,22.00169,23.945724,21.65396,21.554836,25.333532,25.918053,24.475155,23.605778,17.529121,17.885323,16.612524,15.594281,18.76071,19.743431,20.024048,17.781197,14.410475,14.06838,13.530133,13.815457,15.875641,17.024942,16.179956,14.825612,14.933617,13.714055,13.2982435,14.220569,15.669791,17.350616,16.531422,14.833785,15.936045,18.04106,16.005701,15.529828,15.899099,16.504616,15.388776,16.228233,0.86515176,2.0488713,6.9735265,0.4520617,33.851776,35.980125,33.708233,15.188775,23.554707,18.021349,14.986426,15.102615,16.186447,22.08
4446031.924,658119.7026,34.313858,0.9986931,0.7171343,27.246956,40.50888,36.711624,32.436356,23.501484,37.725647,34.07432,33.371464,36.953266,44.36837,35.02908,32.300858,30.564997,31.912727,31.943659,2.1501408,1.9494437,6.2888665,7.5638204,1381.59,123.71025,-0.000488281,0.41302866,0,70,30,0.3657804,0.44037354,0.28621185,0.2513535,0.32553473,0.6995174,0.7956608,12.416306,12.58812,12.698127,16.300983,16.23855,20.059866,16.019466,15.18414,22.00169,23.945724,21.65396,21.554836,25.333532,25.918053,24.475155,23.605778,17.529121,17.885323,16.612524,15.594281,18.76071,19.743431,20.024048,17.781197,14.410475,14.06838,13.530133,13.815457,15.875641,17.024942,16.179956,14.825612,14.933617,13.714055,13.2982435,14.220569,15.669791,17.350616,16.531422,14.833785,15.936045,18.04106,16.005701,15.529828,15.899099,16.504616,15.388776,16.228233,0.85791373,2.0497923,6.9263434,0.4520617,33.87792,35.899986,33.66497,15.188775,23.554707,18.021349,14.986426,15.102615,16.186447,22.08
4446031.924,658124.7026,35.91267,0.9967798,0.7103835,27.262022,40.524837,36.52078,32.492256,23.5268,37.71393,34.13952,33.44072,36.780006,44.18156,34.95048,32.255245,30.621283,31.994581,32.01908,2.163058,1.9425725,6.2361016,7.560753,1381.56,126.48806,0.000976563,0.40929767,-0.001098633,70,30,0.3657804,0.44037354,0.28621185,0.2513535,0.32553473,0.6995174,0.7956608,12.70238,13.612511,11.717112,15.019918,16.07297,18.730597,16.567186,14.938232,21.92899,25.056173,21.280392,22.404291,25.954916,25.563776,24.6699,23.868746,16.661266,18.935133,15.234915,16.01214,20.138607,19.935417,19.655176,17.84781,14.400902,14.32191,13.399694,14.144722,16.711128,16.687597,17.654247,15.0189905,15.244702,13.539732,13.3845005,14.106909,15.201895,17.4206,17.178812,14.785778,15.906565,18.08817,15.642779,16.27273,16.150787,16.440897,16.394073,16.339705,0.85358167,2.0528152,6.898427,0.4520617,33.89343,35.926723,33.602863,14.917525,23.83692,18.081806,15.331458,15.153879,16.413715,22.08
4446031.924,658129.7026,36.1909,0.99532676,0.7083266,27.257025,40.54331,36.00464,32.291054,23.546228,37.862915,34.22081,33.59634,36.76494,44.10879,34.87874,32.17692,30.771286,32.11861,32.006935,2.1796274,1.9363699,6.204013,7.572532,1381.53,129.55652,-0.040039062,0.42748758,-0.002197266,70,30,0.3657804,0.44037354,0.28621185,0.2513535,0.32553473,0.6995174,0.7956608,12.70238,13.612511,11.717112,15.019918,16.07297,18.730597,16.567186,14.938232,21.92899,25.056173,21.280392,22.404291,25.954916,25.563776,24.6699,23.868746,16.661266,18.935133,15.234915,16.01214,20.138607,19.935417,19.655176,17.84781,14.400902,14.32191,13.399694,14.144722,16.711128,16.687597,17.654247,15.0189905,15.244702,13.539732,13.3845005,14.106909,15.201895,17.4206,17.178812,14.785778,15.906565,18.08817,15.642779,16.27273,16.150787,16.440897,16.394073,16.339705,0.85182667,2.0579987,6.8882723,0.4520617,33.900166,36.041862,33.527832,14.917525,23.83692,18.081806,15.331458,15.153879,16.413715,22.08
4446031.924,658134.7026,36.310333,0.99456835,0.7094022,27.233007,40.273247,35.38589,32.007748,23.897415,38.14358,34.359753,33.70036,36.765274,44.168797,34.75944,32.34494,30.869865,32.32681,31.606537,2.201323,1.9062989,6.1868653,7.58554,1381.5,127.568596,0,0.4703086,-0.002197266,70,30,0.3657804,0.44037354,0.28621185,0.2513535,0.32553473,0.6995174,0.7956608,13.186551,13.86912,11.86013,15.034658,15.70789,18.848356,16.378922,15.072664,22.300333,23.787258,21.235868,21.418661,25.265705,25.759432,23.836166,23.502874,16.291481,18.627842,16.614307,17.13435,19.923355,20.557726,19.307535,18.198793,14.769318,14.197543,13.570129,15.093857,15.788074,16.78301,16.917904,15.145477,15.631769,14.019793,12.812513,13.958119,16.102974,17.47956,16.981373,14.923777,16.489021,17.40647,15.590787,16.059792,17.142973,16.687067,15.813173,16.469107,0.8519853,2.053811,6.886203,0.4520617,33.753128,36.251667,33.552193,14.983663,23.371918,18.350943,15.3028345,15.283729,16.45561,22.08
4446031.924,658139.7026,47.540527,0.9826424,0.70617205,26.968962,39.993073,34.507027,31.671972,23.953672,38.67263,34.97302,34.410255,37.359406,44.38943,34.482903,32.307613,30.69806,31.804487,31.093096,2.221539,1.8449993,6.182435,7.604716,1381.46,132.13585,-0.24023438,0.40579084,-0.014526367,70,30,0.3657804,0.44037354,0.28621185,0.2513535,0.32553473,0.6995174,0.7956608,12.860178,13.6987095,12.88004,14.503881,15.97051,18.866697,15.841385,15.126775,22.69934,22.861816,21.173018,21.996777,25.955511,25.783539,24.024817,23.632595,17.844002,18.601652,16.625095,17.528225,19.490477,20.366793,18.70409,18.442324,13.910467,14.14406,13.6627245,14.99349,16.56685,17.215755,16.885843,15.173365,14.032208,14.16669,13.408239,14.313815,15.654167,17.333643,16.690094,14.789696,15.89935,17.101902,17.239658,15.399203,16.084263,16.748308,15.597081,16.357332,0.8444072,2.0332692,6.8935757,0.4520617,33.481018,36.822823,33.395256,14.945915,23.499258,18.451477,15.339884,15.08555,16.295681,22.08
4446031.924,658144.7026,35.68598,0.98411673,0.7066188,26.945665,40.008095,33.54759,31.319971,24.002672,39.01011,34.851307,34.660603,37.38435,44.30884,34.31919,32.509724,30.967876,31.967772,31.093971,2.2566476,1.8424885,6.1839914,7.631873,1381.45,135,0.07910156,0.36423746,0.002197266,70,30,0.36592177,0.43568465,0.28477946,0.2518738,0.32641748,0.70707434,0.7974749,12.860178,13.6987095,12.88004,14.503881,15.97051,18.866697,15.841385,15.126775,22.69934,22.861816,21.173018,21.996777,25.955511,25.783539,24.024817,23.632595,17.844002,18.601652,16.625095,17.528225,19.490477,20.366793,18.70409,18.442324,13.910467,14.14406,13.6627245,14.99349,16.56685,17.215755,16.885843,15.173365,14.032208,14.16669,13.408239,14.313815,15.654167,17.333643,16.690094,14.789696,15.89935,17.101902,17.239658,15.399203,16.084263,16.748308,15.597081,16.357332,0.8453678,2.0495682,6.9079323,0.45274663,33.47688,36.93071,33.41446,14.945915,23.499258,18.451477,15.339884,15.08555,16.295681,22.08
4446031.924,658149.7026,36.224033,0.9875575,0.7108692,27.200056,40.123997,32.234253,31.006855,24.044641,39.443295,34.73608,35.223923,37.88319,44.080704,34.00962,33.064777,31.360138,31.648716,31.41276,2.3140259,1.8511015,6.189512,7.681375,1381.42,135,-0.07910156,0.3845135,-0.005493164,70,30,0.36592177,0.43568465,0.28477946,0.2518738,0.32641748,0.70707434,0.7974749,12.842562,14.291837,11.69514,14.361221,17.210142,18.916517,15.911598,15.150277,21.590265,23.157776,21.13609,21.484058,25.486206,25.762232,23.466873,23.33948,15.95015,18.080442,17.448368,15.121707,19.303493,20.443735,17.673372,17.790451,12.95151,13.627052,13.185884,13.303906,15.804462,18.664024,15.274442,14.774602,12.713307,14.363484,13.361224,14.333948,15.654908,17.907824,16.615942,14.72397,15.135081,17.521603,16.865799,16.07326,16.434935,16.561668,15.6432295,16.353647,0.84921336,2.0825636,6.9354434,0.45274663,33.662025,37.089687,33.5372,15.032717,23.154785,17.717323,14.687326,14.992949,16.319368,22.08
4446031.924,658154.7026,32.47565,0.9808478,0.70278597,27.209364,40.1509,32.322033,30.68065,23.989817,39.43835,34.803764,34.90451,37.836514,44.074528,33.999897,32.53473,31.567099,31.83632,31.481668,2.303984,1.8526374,6.18878,7.6526814,1381.4,141.71461,-0.040039062,0.34683478,-0.004394531,70,30,0.36592177,0.43568465,0.28477946,0.2518738,0.32641748,0.70707434,0.7974749,12.58574,15.18485,12.402212,14.217341,16.860376,17.188791,15.534353,14.853951,21.837992,24.035822,22.268469,22.59281,25.569302,25.084963,24.395838,23.851398,18.697456,18.342644,19.139742,17.060497,18.609442,20.722265,18.996548,18.889658,14.157123,15.603435,14.819725,15.644087,17.213438,18.993681,17.614958,16.260319,12.517553,14.220439,13.350153,13.556595,15.817046,16.224215,15.3498535,14.296593,16.550854,17.465696,15.4819765,16.582214,15.778012,15.849564,15.6434,16.226992,0.8418169,2.0783107,6.9207306,0.45274663,33.680134,37.121056,33.26731,14.85338,23.6836,18.795515,16.29235,14.433693,16.193102,22.08
4446031.924,658159.7026,28.022997,0.96000874,0.69932693,27.194885,39.514786,33.168667,30.364964,23.870445,39.24851,35.386448,34.302757,38.00729,44.138027,34.01271,31.547474,31.683367,31.793299,31.698244,2.2613657,1.8503752,6.179577,7.595651,1381.38,143.1301,-0.12011719,0.28675628,-0.0078125,70,30,0.36592177,0.43568465,0.28477946,0.2518738,0.32641748,0.70707434,0.7974749,12.58574,15.18485,12.402212,14.217341,16.860376,17.188791,15.534353,14.853951,21.837992,24.035822,22.268469,22.59281,25.569302,25.084963,24.395838,23.851398,18.697456,18.342644,19.139742,17.060497,18.609442,20.722265,18.996548,18.889658,14.157123,15.603435,14.819725,15.644087,17.213438,18.993681,17.614958,16.260319,12.517553,14.220439,13.350153,13.556595,15.817046,16.224215,15.3498535,14.296593,16.550854,17.465696,15.4819765,16.582214,15.778012,15.849564,15.6434,16.226992,0.8296678,2.0558705,6.8876143,0.45274663,33.354836,37.31748,32.78009,14.85338,23.6836,18.795515,16.29235,14.433693,16.193102,22.08
4446031.924,658164.7026,30.237492,0.9344657,0.6975069,27.464193,39.930393,33.452698,30.058979,24.014673,39.20959,35.75811,35.674427,37.884296,43.58329,33.732777,30.480295,30.316975,31.964848,32.689106,2.219938,1.8301667,6.172912,7.566738,1381.37,144.46233,-0.040039062,0.2466776,-0.003295898,70,30,0.36592177,0.43568465,0.28477946,0.2518738,0.32641748,0.70707434,0.7974749,12.377073,13.455099,11.755603,14.159414,17.236532,17.733894,17.311878,14.685296,22.586,23.919987,21.640701,22.679878,25.42809,25.429533,25.342678,23.916199,17.50143,18.474812,17.184143,18.601986,19.614992,20.640862,20.27157,18.839706,14.535703,14.925425,13.981381,16.307806,16.859035,18.136768,19.494154,16.024313,13.734593,14.275276,13.061968,13.676344,15.517233,16.322014,15.37731,14.464547,16.333166,17.324575,15.307402,17.224964,15.554566,15.8887205,15.897916,16.26697,0.8159863,2.0250523,6.8698254,0.45274663,33.697292,37.48385,32.106537,14.861357,23.860981,18.898542,16.320038,14.566392,16.21876,22.08
4446031.924,658169.7026,28.081226,0.92030793,0.697932,28.123852,40.330704,33.91667,29.853537,24.018852,38.887714,35.428898,35.404533,38.294273,43.300163,33.665314,30.117085,30.34642,31.498697,32.975445,2.1960678,1.8450968,6.168967,7.5150437,1381.36,139.08562,0.040039062,0.28459752,0.002197266,70,30,0.36592177,0.43568465,0.28477946,0.2518738,0.32641748,0.70707434,0.7974749,13.17451,14.184568,12.986087,14.6592045,16.085348,19.244621,16.582125,15.21957,22.90841,24.528564,21.784641,22.42405,25.10233,26.8828,24.8555,24.19983,17.961779,18.404034,16.368729,18.24769,18.7688,22.782492,19.559643,18.902348,15.0584545,14.803907,13.974878,16.713263,17.124308,18.846128,19.429203,16.30536,14.907468,13.675743,13.479406,13.95493,16.298254,16.360353,14.970426,14.704125,16.640348,17.084173,14.399533,17.395687,15.890484,16.535362,15.4468565,16.254984,0.80911994,2.0205822,6.8420053,0.45274663,34.22728,37.158306,31.8912,15.273781,24.069471,18.870453,16.564306,14.806654,16.198921,22.08
4446031.924,658174.7026,28.007704,0.90818304,0.6908801,28.160538,40.343216,34.282547,29.671282,24.041628,38.84717,35.479492,35.253662,38.25667,43.080418,33.57751,29.646091,30.313791,31.548029,33.09094,2.167518,1.8459587,6.171266,7.4773493,1381.34,143.1371,-0.040039062,0.28651148,-0.003295898,70,30,0.36584982,0.4408173,0.26353237,0.24605249,0.32830352,0.6975713,0.7859949,13.17451,14.184568,12.986087,14.6592045,16.085348,19.244621,16.582125,15.21957,17.772343,24.02636,17.306072,17.733028,24.272228,25.157326,20.984463,21.237356,15.796305,15.820051,13.675021,15.298533,16.537647,20.835144,17.44992,16.513214,14.932956,14.805936,13.974878,16.721554,17.124308,18.743237,19.433348,16.26807,19.005875,20.028378,18.582954,20.18652,19.919386,19.086199,19.266468,19.37298,19.986208,22.087387,16.491877,20.943462,16.425379,21.470566,17.166504,19.38185,0.7995316,2.0067382,6.8243074,0.44687456,34.251877,37.16333,31.611801,15.273781,21.035975,16.487518,16.533747,19.439396,19.224483,22.08
4446031.924,658179.7026,29.771948,0.8994851,0.6796311,27.753717,40.358295,34.63747,29.569395,24.118935,38.926624,35.729332,34.984436,37.603172,42.840073,33.508636,29.11254,30.335917,32.340797,33.301834,2.141669,1.8314568,6.179083,7.4375167,1381.33,153.41745,-0.000488281,0.25593567,0,70,30,0.36584982,0.4408173,0.26353237,0.24605249,0.32830352,0.6975713,0.7859949,12.97271,14.232626,12.815158,13.96681,15.418264,18.893206,16.3121,14.95275,17.440361,24.081692,17.031376,18.348091,23.976545,23.747574,20.846529,21.002996,16.814863,18.075136,13.876643,15.733546,16.420351,19.86109,19.07431,17.06565,14.777255,15.049749,13.8123,15.411626,16.17709,18.291168,17.978226,15.860626,18.473974,20.440845,18.424557,21.19018,19.05095,18.467936,19.443699,19.353481,21.343082,22.623562,15.898003,20.94569,15.16238,19.121952,20.780155,19.226074,0.7895581,1.986563,6.8083,0.44687456,34.056007,37.32798,31.310589,14.94441,20.781738,17.122278,15.928202,19.35602,19.410688,22.08
4446031.924,658184.7026,31.38485,0.88973135,0.69133383,27.948563,40.879734,34.901505,29.558575,24.238836,38.96949,35.636402,35.41386,38.51941,42.721363,33.339924,28.812683,29.931398,31.621445,33.312504,2.1238647,1.8339279,6.191382,7.420121,1381.32,152.09894,-0.000976563,0.27501178,0.001098633,70,30,0.36584982,0.4408173,0.26353237,0.24605249,0.32830352,0.6975713,0.7859949,12.861315,12.867971,11.291591,14.24556,15.507778,18.410168,16.080158,14.617493,17.959414,22.888628,16.204794,17.652676,23.671068,25.146402,20.250889,20.861927,15.914805,17.650026,13.308141,14.608419,16.799772,19.803816,18.077524,16.562328,15.035749,14.462239,13.18746,14.859449,17.158405,17.674664,17.128666,15.5813265,19.266726,19.430525,18.181206,19.158451,20.221426,19.113733,18.66164,19.22561,22.7181,23.105078,19.255678,20.659071,15.211006,17.497362,16.108341,19.740067,0.7905326,1.9788963,6.805752,0.44687456,34.414146,37.302948,31.076303,14.466363,20.539124,16.594645,15.6438055,19.147673,19.222092,22.08
4446031.924,658189.7026,29.559095,0.8858791,0.69804585,27.971699,40.88185,35.188305,29.619467,24.510696,39.04899,35.58378,35.827354,38.59953,42.55689,33.21451,28.723284,29.492472,31.560278,33.272102,2.1091037,1.8349049,6.2093515,7.4123974,1381.31,154.657,0.041015625,0.30065325,0.002319336,70,30,0.36584982,0.4408173,0.26353237,0.24605249,0.32830352,0.6975713,0.7859949,12.861315,12.867971,11.291591,14.24556,15.507778,18.410168,16.080158,14.617493,17.959414,22.888628,16.204794,17.652676,23.671068,25.146402,20.250889,20.861927,15.914805,17.650026,13.308141,14.608419,16.799772,19.803816,18.077524,16.562328,15.035749,14.462239,13.18746,14.859449,17.158405,17.674664,17.128666,15.5813265,19.266726,19.430525,18.181206,19.158451,20.221426,19.113733,18.66164,19.22561,22.7181,23.105078,19.255678,20.659071,15.211006,17.497362,16.108341,19.740067,0.7919625,1.9720043,6.8108745,0.44687456,34.426773,37.316383,30.968899,14.466363,20.539124,16.594645,15.6438055,19.147673,19.222092,22.08
4446031.924,658194.7026,23.444798,0.8867251,0.6986661,27.697392,40.492554,35.4485,29.735525,25.352484,38.995464,35.603626,36.80797,38.674824,41.973545,33.352722,28.8766,28.552366,31.489649,33.16725,2.0988004,1.8297309,6.23082,7.391094,1381.3,159.77173,0.040527344,0.2897659,0.002197266,70,30,0.36584982,0.4408173,0.26353237,0.24605249,0.32830352,0.6975713,0.7859949,12.558246,12.7512455,11.454057,14.223683,15.8549795,18.935263,15.633482,14.58494,18.051123,23.639194,16.778585,17.935844,23.281738,24.767431,20.328114,20.971212,17.09762,17.213308,14.401636,15.341146,16.476427,20.332365,17.946508,17.035797,16.00253,14.84052,13.921812,15.561472,17.032707,17.7813,16.553875,15.993612,19.418877,19.626284,18.680763,19.51147,17.884857,19.15286,19.190731,19.12133,21.731504,22.995453,20.681324,20.76986,16.997013,18.141928,16.013754,20.032246,0.79269564,1.9642656,6.810957,0.44687456,34.09497,37.299545,31.114662,14.48728,20.683147,16.972715,15.956316,19.06655,19.618692,22.08
4446031.924,658199.7026,22.990221,0.87291765,0.72452044,27.560513,40.87795,35.577503,29.920639,25.9386,39.05823,35.940147,37.961414,38.74562,41.748417,33.352497,28.623104,28.050396,31.22166,32.921124,2.1028013,1.828106,6.2626724,7.4081907,1381.29,167.49998,-0.040039062,0.26416796,-0.001098633,70,30,0.36584982,0.4408173,0.26353237,0.24605249,0.32830352,0.6975713,0.7859949,13.530373,14.406621,12.354175,13.913748,17.31586,18.515608,15.893311,15.224563,18.454433,23.831278,16.28555,17.826988,25.11174,24.845978,20.347319,21.213734,17.953764,16.407497,14.546684,13.642802,18.519444,20.521276,17.756102,17.06718,16.406712,14.846814,13.274284,14.492024,18.147858,18.34794,17.788778,16.03951,18.771307,19.34803,17.60696,18.952433,18.312643,19.18747,19.276955,18.781502,21.487934,20.506273,19.314085,18.764622,18.193205,21.507982,18.473616,19.949146,0.79871905,1.9654536,6.8354316,0.44687456,34.21923,37.49919,30.9878,15.132814,20.957613,17.049654,16.186344,18.779402,19.749676,22.08
4446031.924,658204.7026,25.451063,0.8739426,0.72749704,27.572725,40.86394,36.216904,30.173286,26.556925,38.973515,35.8267,38.305946,38.7561,41.479656,33.419563,28.920166,27.467907,31.5162,32.864662,2.1089156,1.8241816,6.2947793,7.398492,1381.29,168.69006,0.080078125,0.29243508,0.004394531,70,30,0.37737724,0.4398044,0.27049118,0.27080598,0.33139518,0.6917151,0.7875279,13.530373,14.406621,12.354175,13.913748,17.31586,18.515608,15.893311,15.224563,18.454433,23.831278,16.28555,17.826988,25.11174,24.845978,20.347319,21.213734,17.953764,16.407497,14.546684,13.642802,18.519444,20.521276,17.756102,17.06718,16.406712,14.846814,13.274284,14.492024,18.147858,18.34794,17.788778,16.03951,18.771307,19.34803,17.60696,18.952433,18.312643,19.18747,19.276955,18.781502,21.487934,20.506273,19.314085,18.764622,18.193205,21.507982,18.473616,19.949146,0.80071986,1.9665486,6.846636,0.45273098,34.218334,37.40011,31.169865,15.132814,20.957613,17.049654,16.186344,18.779402,19.749676,22.08
4446031.924,658209.7026,25.639542,0.8759254,0.728045,27.495398,40.78814,37.408073,30.521418,27.371742,38.67561,35.594654,37.98307,38.608227,41.179626,33.76003,29.494009,27.097527,30.601564,33.134777,2.1378605,1.8032621,6.3392572,7.373112,1381.28,172.56859,-0.040039062,0.33256215,-0.002197266,70,30,0.37737724,0.4398044,0.27049118,0.27080598,0.33139518,0.6917151,0.7875279,13.002187,13.8487425,11.050048,13.640292,16.821667,18.764715,15.694971,14.765837,18.082237,23.738977,16.537891,18.36602,24.293621,24.736328,20.91075,21.23002,16.909716,17.204096,16.326862,16.36429,18.961924,20.09052,17.28732,17.662315,16.029726,14.945734,13.280789,14.6306305,17.097359,18.432127,17.689594,15.8883,18.056564,18.39021,18.0702,20.144611,18.461061,19.185186,18.949413,18.745768,19.553478,20.672277,19.475088,21.986786,18.733908,20.938915,19.45818,20.264477,0.8019852,1.9705613,6.856185,0.45273098,34.14177,37.13513,31.627018,14.688947,20.952261,17.592104,16.015137,18.751036,20.116947,22.08
4446031.924,658214.7026,26.79169,0.87159383,0.7431894,27.472906,41.054108,36.245422,30.668869,27.83166,38.83392,35.8715,39.96808,38.857517,40.36612,33.50129,29.119267,26.049456,30.474276,33.291203,2.099419,1.8015153,6.3276677,7.4055753,1381.28,180,0,0.34410626,0,70,30,0.37737724,0.4398044,0.27049118,0.27080598,0.33139518,0.6917151,0.7875279,12.919611,14.345884,11.853635,14.090204,15.633156,18.300161,14.958801,14.772192,17.961193,23.17406,16.961744,18.0257,24.219055,24.397081,21.274107,21.040329,16.685799,18.049192,16.05145,15.1114025,19.558792,20.72828,16.405369,17.617466,16.650919,15.236125,14.907389,15.457596,17.194502,19.057966,17.307648,16.514765,17.852888,18.829634,18.052502,19.411236,18.61259,18.08019,20.041214,18.482155,19.493616,20.354944,19.60965,21.572132,18.530481,19.567461,16.72018,19.860325,0.80739164,1.9504672,6.8666215,0.45273098,34.263508,37.352707,31.310278,14.585922,20.858992,17.512897,16.544592,18.697178,19.406923,22.08
4446031.924,658219.7026,26.976942,0.8573395,0.7799561,27.546217,41.051003,33.62052,30.618198,28.021961,39.241737,36.17956,42.99846,38.501392,39.346153,32.892277,28.527922,24.92889,31.194056,33.47127,2.0211933,1.812911,6.2822003,7.4736223,1381.28,180,0,0.34410626,0,70,30,0.37737724,0.4398044,0.27049118,0.27080598,0.33139518,0.6917151,0.7875279,12.919611,14.345884,11.853635,14.090204,15.633156,18.300161,14.958801,14.772192,17.961193,23.17406,16.961744,18.0257,24.219055,24.397081,21.274107,21.040329,16.685799,18.049192,16.05145,15.1114025,19.558792,20.72828,16.405369,17.617466,16.650919,15.236125,14.907389,15.457596,17.194502,19.057966,17.307648,16.514765,17.852888,18.829634,18.052502,19.411236,18.61259,18.08019,20.041214,18.482155,19.493616,20.354944,19.60965,21.572132,18.530481,19.567461,16.72018,19.860325,0.8186478,1.9170521,6.8779116,0.45273098,34.29861,37.710648,30.710098,14.585922,20.858992,17.512897,16.544592,18.697178,19.406923,22.08
4446026.924,658079.7026,37.458073,1.0808152,0.8878013,27.174726,33.624577,34.71724,28.261477,22.833805,36.91162,31.858068,31.740513,36.40556,42.39118,37.327896,33.539345,33.401703,35.533382,35.14417,2.1412928,2.0571182,6.5344977,7.7198043,1381.99,91.63886,0,1.0025643,0,45,30,0.38831264,0.44042435,0.27699062,0.26433372,0.3202358,0.6717222,0.8629606,12.48084,14.852106,14.249357,14.354587,18.280962,21.761438,17.602839,16.326237,14.946935,17.944511,15.440005,15.00778,17.389736,20.338633,16.86024,17.06089,11.954376,14.54305,11.7271185,12.485409,17.109043,19.332865,16.822338,14.717143,11.245175,11.363752,11.358424,13.093361,16.58574,17.666521,15.427237,13.732048,14.48336,13.824263,13.094974,14.165739,17.577024,19.085459,18.512438,15.615215,15.983806,16.401093,15.936543,15.464905,15.996847,17.341282,15.488452,16.190722,0.98430824,2.0992055,7.127151,0.46071142,30.39965,34.384846,35.43362,16.226019,16.846834,14.8534565,13.82003,15.820465,16.08756,22.08
4446026.924,658084.7026,38.851036,1.0759206,0.8469802,27.374014,34.008823,34.377808,28.129015,22.985107,38.44122,32.169247,32.703342,37.755302,43.797676,36.46419,33.200626,32.552044,34.516235,33.80792,2.1110773,2.0437713,6.6630077,7.7568855,1381.9,92.81781,-0.15966797,0.87490445,-0.010009766,45,30,0.38925216,0.43928307,0.26459497,0.24279074,0.3261114,0.7099279,0.78713727,10.945795,13.731222,12.268738,14.407618,17.351908,20.93287,18.757206,15.403018,15.632027,18.01373,16.33408,16.582863,17.636066,21.239916,17.280558,17.835445,12.067996,13.5972595,11.97297,11.479022,15.370644,18.134928,15.667816,13.993399,11.6954975,10.760687,10.433871,12.334743,14.68255,17.168821,15.9634905,13.087233,13.661939,13.287758,13.37466,13.401776,16.868176,17.591387,19.081696,14.955551,15.313904,17.257961,17.928051,16.715658,16.475555,16.227427,16.300932,16.68505,0.9614504,2.0774243,7.2099466,0.45129964,30.691418,35.305233,34.83241,15.485051,17.531319,14.041519,13.291381,15.323913,16.602785,22.08
4446026.924,658089.7026,40.860767,1.0676715,0.80407196,27.235476,33.981354,33.695305,27.628763,22.95644,40.71348,33.05947,34.21013,39.329365,45.260487,35.277283,32.719532,31.495972,33.50996,32.57762,2.0833547,2.0283844,6.85291,7.838401,1381.84,95.60467,0.03955078,0.73400414,0.002197266,45,30,0.38925216,0.43928307,0.26459497,0.24279074,0.3261114,0.7099279,0.78713727,11.059776,13.872114,12.350187,14.381773,17.355202,20.924242,18.70112,15.447264,14.765619,17.148838,15.061037,15.251368,16.62658,20.286772,16.43843,16.79946,11.886,13.360182,11.694864,11.19469,15.074604,17.828848,15.351408,13.726436,12.325377,11.8125515,11.618467,13.06455,15.399182,18.02813,16.760101,13.942165,14.628639,14.153013,14.62958,14.464612,17.875015,18.494486,20.067005,15.953374,15.556003,17.499187,18.257498,17.039085,16.75584,16.451252,16.64777,16.96054,0.9358717,2.0558696,7.3456554,0.45129964,30.608414,36.886475,33.998405,15.52063,16.511234,13.770086,14.144052,16.330336,16.886662,22.08
4446026.924,658094.7026,46.201183,1.0591539,0.78158045,27.379715,34.307793,34.02371,28.233858,23.080868,40.60275,33.024673,34.347282,39.415657,45.443417,35.06597,32.770603,31.15728,32.953842,32.170006,2.081845,2.047189,6.7997003,7.806569,1381.78,98.47982,0.080566406,0.6805921,0.003417969,70,30,0.38925216,0.43928307,0.26459497,0.24279074,0.3261114,0.7099279,0.78713727,13.545382,14.616531,12.177683,14.731836,17.104317,20.943914,18.692564,15.805101,15.075246,16.957624,15.003946,15.965838,16.0702,19.80456,15.856844,16.688766,12.26721,13.10113,11.798758,11.113126,14.843088,17.767859,15.580954,13.679668,13.568906,12.546131,11.615478,13.28818,15.938589,18.264732,15.8858,14.396324,15.220123,13.8045025,14.242251,14.604505,19.333752,18.631218,19.068403,16.158756,17.175053,17.596817,17.079369,16.079737,17.865808,17.282047,17.130821,17.227468,0.9203672,2.064517,7.303135,0.45129964,30.843754,36.813713,33.91829,15.973176,16.390608,13.781733,14.4439745,16.414965,17.172808,22.08
4446026.924,658099.7026,41.124214,1.0537148,0.76999676,27.475266,34.30176,34.81378,29.338795,23.244091,39.392124,32.804775,33.819843,38.684414,44.89663,35.34416,33.15448,31.211876,32.70294,32.299793,2.0968323,2.0404665,6.632174,7.7300444,1381.72,102.3752,-0.040527344,0.6012798,-0.002197266,70,30,0.38925216,0.43928307,0.26459497,0.24279074,0.3261114,0.7099279,0.78713727,11.257202,13.295491,12.239205,13.67246,17.480011,20.148102,18.67667,14.963529,14.754286,17.109608,13.284564,14.16641,16.121622,18.177025,15.183107,15.743822,14.289587,15.895737,14.476854,13.634707,17.744965,18.90929,16.980074,15.936304,12.356971,11.813725,13.082865,14.504272,16.147335,18.003075,16.163033,14.525112,15.490466,13.418676,15.074771,14.461078,16.698488,18.64195,19.387188,15.980539,17.008205,17.406616,17.648241,17.170395,17.149773,17.363897,16.293322,17.341167,0.91185576,2.0686493,7.1811094,0.45129964,30.888514,36.09845,34.24932,15.252733,15.542374,15.990173,14.581611,16.167517,17.148636,22.08
4446026.924,658104.7026,34.081753,1.0041064,0.7565588,27.458317,33.788124,35.41608,30.2123,23.317976,38.726048,33.73372,33.520283,37.939358,44.358612,35.313404,32.818466,31.292889,32.679996,32.529415,2.0830793,1.9988282,6.521081,7.6513953,1381.67,109.42927,-0.07910156,0.51617163,-0.006591797,70,30,0.38925216,0.43928307,0.26459497,0.24279074,0.3261114,0.7099279,0.78713727,11.614533,13.690066,12.539523,13.869278,17.629093,20.354517,18.826838,15.223971,21.307934,22.136251,20.688215,19.966007,24.650318,23.020475,21.867535,22.122715,15.531082,15.474256,14.790624,13.126956,17.5942,18.529137,17.227377,16.030167,12.35166,11.808414,13.077555,14.454371,16.19698,17.96501,16.15772,14.513562,14.788066,12.785463,13.7539015,13.690267,15.685222,18.30501,19.372791,15.243625,16.14773,16.553658,16.899586,16.426132,16.483088,17.051073,16.066788,16.678635,0.8803326,2.0409536,7.086238,0.45129964,30.62322,36.22988,34.065933,15.5034075,21.948105,16.039091,14.573102,15.482961,16.518291,22.08
4446026.924,658109.7026,32.152073,0.99467796,0.7453532,27.127293,33.253227,36.0949,30.960691,23.505234,38.44221,33.99488,33.46678,37.48831,44.006508,35.283306,33.008144,30.719885,32.39091,32.53817,2.1373756,1.949509,6.417455,7.623661,1381.63,117.3407,-0.12011719,0.46788254,-0.006713867,70,30,0.38925216,0.43928307,0.26459497,0.24279074,0.3261114,0.7099279,0.78713727,12.414801,14.158354,12.236675,14.518262,16.251371,20.06426,17.004263,15.212332,20.936136,21.618921,19.718906,19.179722,24.471272,24.986399,22.094254,22.085497,14.754102,14.75324,13.459457,12.648672,16.257284,18.203516,16.560305,15.204256,12.852015,11.733397,12.066247,12.712374,15.131241,16.958414,16.193226,13.834322,14.982956,12.84082,12.970076,14.131131,14.559668,18.55572,16.66983,14.728054,15.758835,15.227789,13.391268,15.620781,14.921488,16.422174,14.502188,15.222931,0.8700156,2.0434422,7.0205584,0.45129964,30.19026,36.218544,34.145725,15.235427,21.857944,15.233796,13.949559,14.9586,15.1206455,22.08
4446026.924,658114.7026,28.95427,0.99797547,0.7331577,27.164108,40.495285,36.43179,31.48942,23.500484,38.1143,34.013172,33.451283,37.13978,43.62248,35.20843,32.244198,30.618484,32.31783,32.538727,2.1401613,1.9607171,6.3210425,7.5868506,1381.6,121.6,0,0.43746907,-0.002197266,70,30,0.3878708,0.44041553,0.28832275,0.25005156,0.32456723,0.7110547,0.78803444,12.597661,13.90095,12.499717,15.623938,15.951166,20.078966,16.334286,15.346995,22.681385,22.517902,20.74451,21.178757,25.616879,25.569284,23.73649,23.247856,17.389462,17.86815,15.35393,16.08464,18.24516,20.505297,20.027273,17.72318,14.829851,13.603918,12.473637,13.7309265,15.399426,17.313902,16.377817,14.716904,14.3613615,13.3095045,12.645245,14.805524,15.97252,17.675173,16.92538,14.8226385,17.061865,17.18512,14.632528,16.338701,15.9188385,17.257208,16.02666,16.398062,0.8655666,2.0504391,6.9539466,0.45575956,33.829697,36.063736,33.726315,15.283812,23.149319,17.924845,14.818497,15.099243,16.345846,22.08
4446026.924,658119.7026,28.812952,0.995614,0.72197026,27.199419,40.50742,36.57087,31.825579,23.557314,37.91992,34.034058,33.426544,36.835552,43.266937,35.14008,32.27867,30.584324,32.329624,32.703846,2.1503525,1.9534702,6.241317,7.565645,1381.57,123.70353,-0.000976563,0.41278616,0,70,30,0.3878708,0.44041553,0.28832275,0.25005156,0.32456723,0.7110547,0.78803444,12.597661,13.90095,12.499717,15.623938,15.951166,20.078966,16.334286,15.346995,22.681385,22.517902,20.74451,21.178757,25.616879,25.569284,23.73649,23.247856,17.389462,17.86815,15.35393,16.08464,18.24516,20.505297,20.027273,17.72318,14.829851,13.603918,12.473637,13.7309265,15.399426,17.313902,16.377817,14.716904,14.3613615,13.3095045,12.645245,14.805524,15.97252,17.675173,16.92538,14.8226385,17.061865,17.18512,14.632528,16.338701,15.9188385,17.257208,16.02666,16.398062,0.8587921,2.0519114,6.903481,0.45575956,33.85342,35.97699,33.709373,15.283812,23.149319,17.924845,14.818497,15.099243,16.345846,22.08
4446026.924,658124.7026,30.192244,0.9936578,0.7146547,27.218292,40.52215,36.408222,31.953678,23.591223,37.885727,34.079544,33.47907,36.66725,43.09949,35.052,32.264942,30.640198,32.368813,32.751453,2.1636357,1.9463528,6.188904,7.558627,1381.54,123.71025,0.000488281,0.41302866,0,70,30,0.3878708,0.44041553,0.28832275,0.25005156,0.32456723,0.7110547,0.78803444,12.738961,13.540197,11.216635,15.452063,15.569453,19.319517,15.306091,15.015276,21.95997,25.077965,20.888758,21.904696,25.56159,26.148033,24.222742,23.860968,16.268074,17.951145,16.377422,15.436277,18.422592,19.400024,18.92162,17.383137,13.559931,14.486743,12.382976,12.945752,15.21007,16.328144,16.365602,14.344439,14.921288,13.370685,12.106947,13.587807,15.510004,17.231787,16.61742,14.392136,16.254807,17.89082,14.823131,15.874121,16.667065,16.430044,16.440254,16.216507,0.85415626,2.0549943,6.8737655,0.45575956,33.87022,35.982635,33.65847,14.734703,23.680538,17.539595,14.46846,14.763704,16.340036,22.08
4446026.924,658129.7026,32.936367,0.99213177,0.71107703,27.222925,40.539307,35.949577,31.902145,23.604906,37.99945,34.138733,33.6023,36.62755,43.125008,34.939777,32.219612,30.789469,32.42448,32.674427,2.1805217,1.939297,6.1635695,7.5647674,1381.51,123.11134,0,0.39369997,-0.001098633,70,30,0.3878708,0.44041553,0.28832275,0.25005156,0.32456723,0.7110547,0.78803444,12.738961,13.540197,11.216635,15.452063,15.569453,19.319517,15.306091,15.015276,21.95997,25.077965,20.888758,21.904696,25.56159,26.148033,24.222742,23.860968,16.268074,17.951145,16.377422,15.436277,18.422592,19.400024,18.92162,17.383137,13.559931,14.486743,12.382976,12.945752,15.21007,16.328144,16.365602,14.344439,14.921288,13.370685,12.106947,13.587807,15.510004,17.231787,16.61742,14.392136,16.254807,17.89082,14.823131,15.874121,16.667065,16.430044,16.440254,16.216507,0.8516044,2.0599093,6.864168,0.45575956,33.881115,36.06909,33.579697,14.734703,23.680538,17.539595,14.46846,14.763704,16.340036,22.08
4446026.924,658134.7026,24.738838,0.99178135,0.71052647,27.207176,40.26717,35.407383,31.781237,23.972332,38.249218,34.252575,33.66302,36.595684,43.336246,34.77263,32.43823,30.879705,32.547386,32.13345,2.2028017,1.9083645,6.1551948,7.57182,1381.48,116.56505,-0.040039062,0.38472134,-0.001098633,70,30,0.3878708,0.44041553,0.28832275,0.25005156,0.32456723,0.7110547,0.78803444,13.579745,13.3495,12.786985,14.685138,16.060051,19.361492,16.176924,15.328089,22.020529,22.970089,20.976862,21.625921,25.547203,25.68855,24.776407,23.416758,15.843717,17.313925,16.88598,15.774109,18.818687,19.506746,20.055586,17.46535,13.546298,13.366129,12.8604,13.884898,16.145775,17.277718,17.928913,14.6863165,14.880447,13.142576,12.973126,13.550348,15.613161,17.1062,16.784605,14.458404,16.127672,18.824894,17.02435,16.233017,16.514568,16.623194,15.353729,16.738117,0.8511539,2.055583,6.8635073,0.45575956,33.737175,36.250896,33.60543,15.142836,23.372223,17.74268,15.001448,14.864352,16.671633,22.08
4446026.924,658139.7026,24.04753,0.97971344,0.70459247,26.947422,39.984814,34.556343,31.579628,24.028828,38.801254,34.89119,34.39926,37.233578,43.743984,34.427216,32.417343,30.671106,31.907085,31.467968,2.2211154,1.8428385,6.1612644,7.5864263,1381.45,117.66092,-0.040527344,0.33935302,-0.004516602,70,30,0.3878708,0.44041553,0.28832275,0.25005156,0.32456723,0.7110547,0.78803444,12.649142,14.597738,11.944815,15.200714,15.023153,19.263527,15.922381,15.138938,22.53442,23.194162,21.619467,21.976572,25.82814,26.483503,24.258749,23.790552,16.782583,17.87313,16.183012,15.895304,18.543108,21.419046,19.896297,17.90774,14.05356,13.406174,13.706671,13.704425,15.721043,17.160826,17.45057,14.726116,14.21331,14.091997,14.234262,14.045282,15.913223,17.34258,17.02029,14.895553,16.252651,17.98122,15.523608,15.68379,15.915597,16.890722,15.421564,16.291403,0.84215295,2.031977,6.873845,0.45575956,33.466118,36.846222,33.42228,14.943068,23.699286,18.08464,15.029038,15.265849,16.238451,22.08
4446026.924,658144.7026,26.269403,0.98077506,0.704212,26.93203,39.998913,33.66379,31.339909,24.070263,39.11318,34.779987,34.613796,37.246746,43.757996,34.24109,32.602814,30.937181,32.030926,31.41491,2.254128,1.8394438,6.16897,7.607806,1381.43,124.39884,0.041015625,0.3293057,0.002319336,70,30,0.3894821,0.4406467,0.28133872,0.25386438,0.32192108,0.68848985,0.7877653,12.649142,14.597738,11.944815,15.200714,15.023153,19.263527,15.922381,15.138938,22.53442,23.194162,21.619467,21.976572,25.82814,26.483503,24.258749,23.790552,16.782583,17.87313,16.183012,15.895304,18.543108,21.419046,19.896297,17.90774,14.05356,13.406174,13.706671,13.704425,15.721043,17.160826,17.45057,14.726116,14.21331,14.091997,14.234262,14.045282,15.913223,17.34258,17.02029,14.895553,16.252651,17.98122,15.523608,15.68379,15.915597,16.890722,15.421564,16.291403,0.84249353,2.0467858,6.888388,0.45192975,33.46547,36.946583,33.42195,14.943068,23.699286,18.08464,15.029038,15.265849,16.238451,22.08
4446026.924,658149.7026,34.14278,0.9829127,0.7067259,27.193886,40.118248,32.645527,31.120132,24.07768,39.442863,34.776367,35.006367,37.75075,43.704754,33.979633,32.893814,31.309275,31.690218,31.632208,2.2974505,1.84737,6.1769805,7.64081,1381.4,124.98498,-0.080078125,0.3497857,-0.004394531,70,30,0.3894821,0.4406467,0.28133872,0.25386438,0.32192108,0.68848985,0.7877653,12.148621,15.364499,11.101434,15.531085,16.342377,19.309158,17.577433,15.3705435,23.12961,23.548807,21.446728,21.982288,26.326134,24.427202,22.99206,23.550737,18.347424,19.388605,16.864933,16.563192,18.467968,20.477571,18.80566,18.510332,15.394211,15.218246,13.80601,14.996496,17.65063,18.920912,17.014074,16.088436,14.1768465,14.536238,13.37945,13.7205105,16.143856,17.375933,16.576807,14.848638,15.615332,17.030085,15.794519,15.231293,15.868954,16.377394,14.713992,15.907516,0.8448193,2.0724103,6.9088955,0.45192975,33.656067,37.109615,33.43672,15.339229,23.407549,18.41648,16.14294,15.12995,15.804509,22.08
4446026.924,658154.7026,32.623165,0.97692955,0.6994211,27.201729,40.1409,32.606224,30.889442,24.038467,39.484432,34.834175,34.768333,37.714596,43.77742,33.92949,32.47476,31.51604,31.834995,31.637356,2.291513,1.8469682,6.18093,7.6156387,1381.38,135,-0.040039062,0.26359785,-0.004394531,70,30,0.3894821,0.4406467,0.28133872,0.25386438,0.32192108,0.68848985,0.7877653,11.996332,15.527868,12.604621,14.611778,17.612003,19.559511,16.040993,15.595176,22.7466,23.525177,20.753107,22.154829,26.153847,26.23861,24.768707,23.86333,19.223402,18.015528,16.491602,16.185099,18.887032,20.74452,19.46638,18.392069,15.513453,14.621611,13.8687105,14.972621,16.921236,18.895235,17.473728,16.011965,14.331551,14.054871,13.253009,13.586726,15.777842,16.157696,14.937396,14.47706,16.262537,17.091692,14.735809,15.512774,15.761264,15.845769,15.17256,15.842841,0.8381753,2.0692406,6.8982844,0.45192975,33.671314,37.1593,33.202126,15.421872,23.762983,18.43051,16.038084,14.585585,15.768915,22.08
4446026.924,658159.7026,32.766304,0.95433974,0.70031404,27.048407,40.169926,32.836304,30.615042,24.243708,39.39848,35.60271,36.079636,38.10292,43.620564,33.793304,31.18833,30.2638,31.048204,31.940584,2.249761,1.8290473,6.1781855,7.5865407,1381.37,141.3402,0,0.1836145,0,70,30,0.3894821,0.4406467,0.28133872,0.25386438,0.32192108,0.68848985,0.7877653,11.996332,15.527868,12.604621,14.611778,17.612003,19.559511,16.040993,15.595176,22.7466,23.525177,20.753107,22.154829,26.153847,26.23861,24.768707,23.86333,19.223402,18.015528,16.491602,16.185099,18.887032,20.74452,19.46638,18.392069,15.513453,14.621611,13.8687105,14.972621,16.921236,18.895235,17.473728,16.011965,14.331551,14.054871,13.253009,13.586726,15.777842,16.157696,14.937396,14.47706,16.262537,17.091692,14.735809,15.512774,15.761264,15.845769,15.17256,15.842841,0.8273269,2.0394042,6.8823633,0.45192975,33.609165,37.500595,32.490818,15.421872,23.762983,18.43051,16.038084,14.585585,15.768915,22.08
4446026.924,658164.7026,34.157795,0.9327862,0.69993347,27.463728,39.91142,33.279408,30.46326,24.128387,39.36272,35.78105,35.99808,37.932175,43.46303,33.57757,30.631771,30.11977,31.792727,32.68374,2.2158756,1.81956,6.172504,7.5436225,1381.36,129.28941,0.040039062,0.20377946,0.002197266,70,30,0.3894821,0.4406467,0.28133872,0.25386438,0.32192108,0.68848985,0.7877653,11.491856,14.351311,12.166845,14.509165,17.516317,19.576653,15.456583,15.099717,22.329596,24.887146,20.8064,22.503292,25.351686,25.87271,24.545261,23.864214,18.273296,19.306763,16.560513,15.7415085,18.429665,20.84812,19.351585,18.360298,14.554524,16.176876,13.139282,15.345209,17.317883,17.39123,18.114346,15.796433,14.633003,14.508972,12.522142,13.7604475,15.92221,16.218548,15.079824,14.548097,16.972872,17.337885,14.599045,16.221355,15.223455,16.010475,15.08343,16.057764,0.8163599,2.0177178,6.858063,0.45192975,33.687572,37.571884,32.10467,15.009818,23.756586,18.358778,16.00562,14.663592,15.921217,22.08
4446026.924,658169.7026,35.12316,0.92033935,0.6916363,27.51102,39.927704,33.634014,30.36376,24.106731,39.30765,35.93463,35.79706,37.91012,43.453594,33.501167,29.987204,30.133532,31.818264,32.734913,2.1823921,1.8189516,6.174139,7.495128,1381.34,125.53768,-0.040039062,0.2466776,-0.003295898,70,30,0.3894821,0.4406467,0.28133872,0.25386438,0.32192108,0.68848985,0.7877653,11.781125,12.642891,13.67292,13.905363,16.80214,18.554653,15.946994,14.759592,17.048775,22.81048,16.867313,18.369339,24.245438,24.75731,20.889578,20.915583,14.84993,15.97292,15.372737,14.273926,17.383797,19.451185,17.49932,16.428638,14.836374,15.65917,14.238754,14.758265,18.260334,18.218367,18.165625,16.14711,17.793362,20.143217,18.855915,20.140926,19.54316,19.242683,18.543346,19.195341,18.85752,21.97265,18.128325,20.763138,16.767233,18.01796,15.465645,18.833708,0.80598783,2.0006719,6.834634,0.45192975,33.71936,37.62114,31.744186,14.758011,20.712603,16.400545,16.305271,19.180372,18.567495,22.08
4446026.924,658174.7026,34.26051,0.9078497,0.6945391,28.151226,40.321716,33.968365,30.381302,24.144726,39.083157,35.679237,35.66012,38.340588,43.32788,33.386562,29.663635,30.105574,31.312006,32.91557,2.1585782,1.8274438,6.174445,7.4430513,1381.32,129.85724,-0.12060547,0.22344972,-0.0078125,70,30,0.38946283,0.4387439,0.28245917,0.24950625,0.32638654,0.7059057,0.7912874,11.781125,12.642891,13.67292,13.905363,16.80214,18.554653,15.946994,14.759592,17.048775,22.81048,16.867313,18.369339,24.245438,24.75731,20.889578,20.915583,14.84993,15.97292,15.372737,14.273926,17.383797,19.451185,17.49932,16.428638,14.836374,15.65917,14.238754,14.758265,18.260334,18.218367,18.165625,16.14711,17.793362,20.143217,18.855915,20.140926,19.54316,19.242683,18.543346,19.195341,18.85752,21.97265,18.128325,20.763138,16.767233,18.01796,15.465645,18.833708,0.8011944,1.993011,6.8087482,0.45482168,34.236473,37.381195,31.525099,14.758011,20.712603,16.400545,16.305271,19.180372,18.567495,22.08
4446026.924,658179.7026,33.43422,0.89873993,0.6842696,27.748205,40.334503,34.242672,30.382963,24.198639,39.19387,36.011295,35.431114,37.742104,43.25775,33.30246,29.06232,30.135235,32.02736,33.05564,2.1311076,1.8109673,6.1849456,7.3980737,1381.31,140.21167,-0.0390625,0.22322577,-0.003295898,70,30,0.38946283,0.4387439,0.28245917,0.24950625,0.32638654,0.7059057,0.7912874,11.51372,13.757378,13.027786,14.64198,15.818167,18.500666,15.253691,14.765548,17.509907,23.976131,17.094421,17.61561,23.63846,25.000017,21.544363,21.145199,15.367587,14.839056,14.73802,13.7000885,18.043062,20.1844,16.642887,16.28322,13.969307,13.681017,14.458972,14.545822,17.985935,18.455294,18.193401,15.727374,17.864859,19.016605,18.19884,18.73717,20.021744,20.122087,20.319342,19.05584,20.538525,20.361893,18.831394,19.115181,16.994648,17.53491,17.418589,18.604214,0.79150474,1.9710374,6.7915096,0.45482168,34.041355,37.602585,31.18239,14.644769,20.911272,16.216444,15.898536,19.18295,18.685022,22.08
4446026.924,658184.7026,30.732302,0.88943505,0.69528466,27.936,40.856552,34.474384,30.363647,24.318695,39.20932,35.950527,35.858467,38.62697,43.11876,33.163815,28.74394,29.737673,31.382196,33.105236,2.1124883,1.8106304,6.1981835,7.3827724,1381.3,143.70975,0.040527344,0.2661727,0,70,30,0.38946283,0.4387439,0.28245917,0.24950625,0.32638654,0.7059057,0.7912874,12.861315,12.867971,11.291591,14.24556,15.507778,18.410168,16.080158,14.617493,17.959414,22.888628,16.204794,17.652676,23.671068,25.146402,20.250889,20.861927,15.914805,17.650026,13.308141,14.608419,16.799772,19.803816,18.077524,16.562328,15.035749,14.462239,13.18746,14.859449,17.158405,17.674664,17.128666,15.5813265,19.266726,19.430525,18.181206,19.158451,20.221426,19.113733,18.66164,19.22561,22.7181,23.105078,19.255678,20.659071,15.211006,17.497362,16.108341,19.740067,0.7923598,1.9615593,6.7904778,0.45482168,34.39628,37.579926,30.953876,14.466363,20.539124,16.594645,15.6438055,19.147673,19.222092,22.08
4446026.924,658189.7026,28.922947,0.88797367,0.695497,27.678211,40.472336,34.68243,30.284307,25.08392,39.066807,35.92421,36.75711,38.72055,42.432358,33.334846,28.857727,28.892683,31.34172,33.077858,2.1013167,1.8095831,6.213995,7.366212,1381.28,149.04996,-0.12011719,0.2505699,-0.008911133,70,30,0.38946283,0.4387439,0.28245917,0.24950625,0.32638654,0.7059057,0.7912874,12.861315,12.867971,11.291591,14.24556,15.507778,18.410168,16.080158,14.617493,17.959414,22.888628,16.204794,17.652676,23.671068,25.146402,20.250889,20.861927,15.914805,17.650026,13.308141,14.608419,16.799772,19.803816,18.077524,16.562328,15.035749,14.462239,13.18746,14.859449,17.158405,17.674664,17.128666,15.5813265,19.266726,19.430525,18.181206,19.158451,20.221426,19.113733,18.66164,19.22561,22.7181,23.105078,19.255678,20.659071,15.211006,17.497362,16.108341,19.740067,0.7917353,1.9554498,6.7901034,0.45482168,34.07527,37.495506,31.096287,14.466363,20.539124,16.594645,15.6438055,19.147673,19.222092,22.08
4446026.924,658194.7026,28.027765,0.8863068,0.7052654,27.7045,40.47124,34.953644,30.225063,25.523819,39.007668,35.764004,37.376507,38.82149,42.04683,33.325443,28.989088,28.296,31.29168,33.055775,2.0959127,1.8143629,6.233841,7.3735304,1381.27,158.9625,-0.16015625,0.1997035,-0.010009766,70,30,0.38946283,0.4387439,0.28245917,0.24950625,0.32638654,0.7059057,0.7912874,12.558246,12.7512455,11.454057,14.223683,15.8549795,18.935263,15.633482,14.58494,18.051123,23.639194,16.778585,17.935844,23.281738,24.767431,20.328114,20.971212,17.09762,17.213308,14.401636,15.341146,16.476427,20.332365,17.946508,17.035797,16.00253,14.84052,13.921812,15.561472,17.032707,17.7813,16.553875,15.993612,19.418877,19.626284,18.680763,19.51147,17.884857,19.15286,19.190731,19.12133,21.731504,22.995453,20.681324,20.76986,16.997013,18.141928,16.013754,20.032246,0.79578614,1.9551377,6.8036857,0.45482168,34.08787,37.385834,31.157265,14.48728,20.683147,16.972715,15.956316,19.06655,19.618692,22.08
4446026.924,658199.7026,24.49766,0.8758241,0.7191946,27.475021,40.480206,35.219215,30.262161,26.170744,38.821926,35.981213,38.101448,38.10851,41.614586,33.567444,28.845167,27.674934,31.412792,32.732746,2.0941675,1.809118,6.2580895,7.377639,1381.27,158.9625,0,0.1997035,-0.003295898,70,30,0.38946283,0.4387439,0.28245917,0.24950625,0.32638654,0.7059057,0.7912874,13.530373,14.406621,12.354175,13.913748,17.31586,18.515608,15.893311,15.224563,18.454433,23.831278,16.28555,17.826988,25.11174,24.845978,20.347319,21.213734,17.953764,16.407497,14.546684,13.642802,18.519444,20.521276,17.756102,17.06718,16.406712,14.846814,13.274284,14.492024,18.147858,18.34794,17.788778,16.03951,18.771307,19.34803,17.60696,18.952433,18.312643,19.18747,19.276955,18.781502,21.487934,20.506273,19.314085,18.764622,18.193205,21.507982,18.473616,19.949146,0.7975093,1.9516428,6.8178644,0.45482168,33.977615,37.40157,31.206306,15.132814,20.957613,17.049654,16.186344,18.779402,19.749676,22.08
4446026.924,658204.7026,31.001719,0.8728997,0.74036396,27.551353,40.59406,35.42975,30.333551,26.740772,38.763306,35.82583,39.032578,38.943676,41.120586,33.57691,29.105223,27.076656,30.994093,32.983047,2.0983348,1.8179251,6.2864194,7.398418,1381.26,156.8014,-0.080078125,0.21838784,-0.006713867,70,30,0.38299316,0.44002852,0.26952675,0.2522648,0.33251515,0.6795807,0.77221286,13.530373,14.406621,12.354175,13.913748,17.31586,18.515608,15.893311,15.224563,18.454433,23.831278,16.28555,17.826988,25.11174,24.845978,20.347319,21.213734,17.953764,16.407497,14.546684,13.642802,18.519444,20.521276,17.756102,17.06718,16.406712,14.846814,13.274284,14.492024,18.147858,18.34794,17.788778,16.03951,18.771307,19.34803,17.60696,18.952433,18.312643,19.18747,19.276955,18.781502,21.487934,20.506273,19.314085,18.764622,18.193205,21.507982,18.473616,19.949146,0.8066318,1.9581299,6.8424187,0.4470174,34.07271,37.294567,31.341064,15.132814,20.957613,17.049654,16.186344,18.779402,19.749676,22.08
4446026.924,658209.7026,24.99621,0.86943686,0.75378627,27.532103,40.786057,35.343147,30.409958,27.338226,38.727703,35.750843,39.87617,39.085003,40.758278,33.559235,29.235777,26.601652,31.279692,33.16508,2.103438,1.8047855,6.315198,7.410706,1381.25,167.00539,-0.16015625,0.19129118,-0.012207031,70,30,0.38299316,0.44002852,0.26952675,0.2522648,0.33251515,0.6795807,0.77221286,13.002187,13.8487425,11.050048,13.640292,16.821667,18.764715,15.694971,14.765837,18.082237,23.738977,16.537891,18.36602,24.293621,24.736328,20.91075,21.23002,16.909716,17.204096,16.326862,16.36429,18.961924,20.09052,17.28732,17.662315,16.029726,14.945734,13.280789,14.6306305,17.097359,18.432127,17.689594,15.8883,18.056564,18.39021,18.0702,20.144611,18.461061,19.185186,18.949413,18.745768,19.553478,20.672277,19.475088,21.986786,18.733908,20.938915,19.45818,20.264477,0.81161153,1.9541117,6.862952,0.4470174,34.15908,37.239273,31.397507,14.688947,20.952261,17.592104,16.015137,18.751036,20.116947,22.08
4446026.924,658214.7026,26.760767,0.86981016,0.7779705,27.720852,41.52,34.821705,30.334126,27.526787,38.695778,35.42825,40.556637,38.455715,40.35918,33.305904,29.021696,26.082926,31.224531,33.28335,2.081255,1.8312148,6.3156743,7.455426,1381.25,180,-0.12011719,0.17205468,-0.010009766,70,30,0.38299316,0.44002852,0.26952675,0.2522648,0.33251515,0.6795807,0.77221286,12.919611,14.345884,11.853635,14.090204,15.633156,18.300161,14.958801,14.772192,17.961193,23.17406,16.961744,18.0257,24.219055,24.397081,21.274107,21.040329,16.685799,18.049192,16.05145,15.1114025,19.558792,20.72828,16.405369,17.617466,16.650919,15.236125,14.907389,15.457596,17.194502,19.057966,17.307648,16.514765,17.852888,18.829634,18.052502,19.411236,18.61259,18.08019,20.041214,18.482155,19.493616,20.354944,19.60965,21.572132,18.530481,19.567461,16.72018,19.860325,0.8238903,1.9562349,6.8855505,0.4470174,34.620426,37.06201,31.1638,14.585922,20.858992,17.512897,16.544592,18.697178,19.406923,22.08
4446026.924,658219.7026,27.726875,0.86481684,0.8116918,28.021473,41.714787,33.123997,30.20357,27.903423,38.771076,35.615677,43.248722,38.617573,39.539948,32.947342,28.631657,24.799644,30.948458,33.098907,2.0320356,1.8455911,6.2884536,7.517066,1381.25,180,-0.12011719,0.17205468,-0.010009766,70,30,0.38299316,0.44002852,0.26952675,0.2522648,0.33251515,0.6795807,0.77221286,12.919611,14.345884,11.853635,14.090204,15.633156,18.300161,14.958801,14.772192,17.961193,23.17406,16.961744,18.0257,24.219055,24.397081,21.274107,21.040329,16.685799,18.049192,16.05145,15.1114025,19.558792,20.72828,16.405369,17.617466,16.650919,15.236125,14.907389,15.457596,17.194502,19.057966,17.307648,16.514765,17.852888,18.829634,18.052502,19.411236,18.61259,18.08019,20.041214,18.482155,19.493616,20.354944,19.60965,21.572132,18.530481,19.567461,16.72018,19.860325,0.83825433,1.9388133,6.9027596,0.4470174,34.86813,37.193375,30.7895,14.585922,20.858992,17.512897,16.544592,18.697178,19.406923,22.08
4446021.924,658079.7026,33.133854,1.0809708,0.88606113,27.194708,33.627415,34.68437,28.131788,22.810799,36.793854,31.78393,31.678165,35.89868,41.538494,37.28968,33.57512,33.515026,35.99573,35.921967,2.1273336,2.0611563,6.490934,7.713524,1381.99,89.143654,0.040039062,0.9592602,0,45,30,0.38831264,0.44042435,0.27699062,0.26433372,0.3202358,0.6717222,0.8629606,12.48084,14.852106,14.249357,14.354587,18.280962,21.761438,17.602839,16.326237,14.946935,17.944511,15.440005,15.00778,17.389736,20.338633,16.86024,17.06089,11.954376,14.54305,11.7271185,12.485409,17.109043,19.332865,16.822338,14.717143,11.245175,11.363752,11.358424,13.093361,16.58574,17.666521,15.427237,13.732048,14.48336,13.824263,13.094974,14.165739,17.577024,19.085459,18.512438,15.615215,15.983806,16.401093,15.936543,15.464905,15.996847,17.341282,15.488452,16.190722,0.983516,2.094245,7.102229,0.46071142,30.41106,34.28889,35.4324,16.226019,16.846834,14.8534565,13.82003,15.820465,16.08756,22.08
4446021.924,658084.7026,33.253784,1.0766768,0.8473087,27.404522,34.013958,34.50676,28.087698,22.98308,38.054462,32.00072,32.454815,37.02813,42.725266,36.57383,33.288834,32.736725,35.088833,34.742924,2.100701,2.0488224,6.590733,7.738061,1381.9,86.30572,-0.15966797,0.89003044,-0.011108398,45,30,0.38925216,0.43928307,0.26459497,0.24279074,0.3261114,0.7099279,0.78713727,10.945795,13.731222,12.268738,14.407618,17.351908,20.93287,18.757206,15.403018,15.632027,18.01373,16.33408,16.582863,17.636066,21.239916,17.280558,17.835445,12.067996,13.5972595,11.97297,11.479022,15.370644,18.134928,15.667816,13.993399,11.6954975,10.760687,10.433871,12.334743,14.68255,17.168821,15.9634905,13.087233,13.661939,13.287758,13.37466,13.401776,16.868176,17.591387,19.081696,14.955551,15.313904,17.257961,17.928051,16.715658,16.475555,16.227427,16.300932,16.68505,0.96199274,2.0747619,7.1643972,0.45129964,30.70924,35.02759,34.93133,15.485051,17.531319,14.041519,13.291381,15.323913,16.602785,22.08
4446021.924,658089.7026,34.214508,1.069181,0.8127146,27.337698,33.99323,34.251823,28.032532,23.021109,39.277985,32.5363,33.330727,37.999386,43.664047,35.859737,33.088184,32.02735,34.279503,33.860336,2.0864193,2.0360048,6.6788735,7.7717576,1381.83,90,-0.080566406,0.8021724,-0.006713867,45,30,0.38925216,0.43928307,0.26459497,0.24279074,0.3261114,0.7099279,0.78713727,11.059776,13.872114,12.350187,14.381773,17.355202,20.924242,18.70112,15.447264,14.765619,17.148838,15.061037,15.251368,16.62658,20.286772,16.43843,16.79946,11.886,13.360182,11.694864,11.19469,15.074604,17.828848,15.351408,13.726436,12.325377,11.8125515,11.618467,13.06455,15.399182,18.02813,16.760101,13.942165,14.628639,14.153013,14.62958,14.464612,17.875015,18.494486,20.067005,15.953374,15.556003,17.499187,18.257498,17.039085,16.75584,16.451252,16.64777,16.96054,0.9409478,2.061212,7.2253156,0.45129964,30.665462,35.907143,34.47396,15.52063,16.511234,13.770086,14.144052,16.330336,16.886662,22.08
4446021.924,658094.7026,41.048504,1.0609525,0.78844404,27.451427,34.317924,34.42422,28.41333,23.120651,39.570324,32.619724,33.710636,38.31691,43.96592,35.49942,33.029697,31.549095,33.68965,33.385258,2.0830023,2.053412,6.6612935,7.7579346,1381.76,96.849396,-0.15966797,0.72130734,-0.011108398,70,30,0.38925216,0.43928307,0.26459497,0.24279074,0.3261114,0.7099279,0.78713727,13.545382,14.616531,12.177683,14.731836,17.104317,20.943914,18.692564,15.805101,15.075246,16.957624,15.003946,15.965838,16.0702,19.80456,15.856844,16.688766,12.26721,13.10113,11.798758,11.113126,14.843088,17.767859,15.580954,13.679668,13.568906,12.546131,11.615478,13.28818,15.938589,18.264732,15.8858,14.396324,15.220123,13.8045025,14.242251,14.604505,19.333752,18.631218,19.068403,16.158756,17.175053,17.596817,17.079369,16.079737,17.865808,17.282047,17.130821,17.227468,0.9246983,2.0682073,7.209614,0.45129964,30.884676,36.095024,34.264557,15.973176,16.390608,13.781733,14.4439745,16.414965,17.172808,22.08
4446021.924,658099.7026,35.426296,1.0362692,0.771271,27.418055,34.04637,34.917908,29.21075,23.277077,39.053432,33.191116,33.479664,37.848278,43.716885,35.49932,32.858902,31.53901,33.34905,33.330536,2.0800776,1.998946,6.569778,7.687391,1381.71,99.70011,-0.000488281,0.5956506,-0.003417969,70,30,0.38925216,0.43928307,0.26459497,0.24279074,0.3261114,0.7099279,0.78713727,11.257202,13.295491,12.239205,13.67246,17.480011,20.148102,18.67667,14.963529,14.754286,17.109608,13.284564,14.16641,16.121622,18.177025,15.183107,15.743822,14.289587,15.895737,14.476854,13.634707,17.744965,18.90929,16.980074,15.936304,12.356971,11.813725,13.082865,14.504272,16.147335,18.003075,16.163033,14.525112,15.490466,13.418676,15.074771,14.461078,16.698488,18.64195,19.387188,15.980539,17.008205,17.406616,17.648241,17.170395,17.149773,17.363897,16.293322,17.341167,0.9037701,2.0395117,7.1285844,0.45129964,30.732212,36.122276,34.17911,15.252733,15.542374,15.990173,14.581611,16.167517,17.148636,22.08
4446021.924,658104.7026,24.656126,1.0037042,0.7575907,27.459063,33.79243,35.441986,29.89613,23.31151,38.631783,33.635666,33.390686,37.49798,43.314945,35.40053,32.808735,31.412073,33.189922,33.380116,2.0754445,2.003315,6.4650908,7.6400013,1381.66,99.47493,-0.079589844,0.5225811,-0.004394531,70,30,0.38925216,0.43928307,0.26459497,0.24279074,0.3261114,0.7099279,0.78713727,11.614533,13.690066,12.539523,13.869278,17.629093,20.354517,18.826838,15.223971,21.307934,22.136251,20.688215,19.966007,24.650318,23.020475,21.867535,22.122715,15.531082,15.474256,14.790624,13.126956,17.5942,18.529137,17.227377,16.030167,12.35166,11.808414,13.077555,14.454371,16.19698,17.96501,16.15772,14.513562,14.788066,12.785463,13.7539015,13.690267,15.685222,18.30501,19.372791,15.243625,16.14773,16.553658,16.899586,16.426132,16.483088,17.051073,16.066788,16.678635,0.8806474,2.0393796,7.052546,0.45129964,30.625748,36.133724,34.104633,15.5034075,21.948105,16.039091,14.573102,15.482961,16.518291,22.08
4446021.924,658109.7026,26.682947,0.9964932,0.74417293,27.498325,33.785576,35.91978,30.499575,23.427912,38.244877,33.652008,33.295235,37.121346,42.820038,35.391468,32.94862,31.243845,33.058952,33.5614,2.089321,1.9936571,6.356561,7.6019793,1381.62,101.30993,0,0.43864784,-0.004394531,70,30,0.38925216,0.43928307,0.26459497,0.24279074,0.3261114,0.7099279,0.78713727,12.411889,14.158354,12.23522,14.516806,16.247732,20.061834,17.001352,15.210283,22.724773,22.844444,21.727518,20.972803,25.774334,26.15847,23.808548,23.630268,17.137537,18.418514,16.39545,15.716135,18.855865,19.745417,18.89943,17.908678,14.773382,13.412366,13.714785,13.7157545,15.948742,17.397926,16.884064,15.052874,15.398783,13.24185,13.498362,14.713755,15.885367,18.767778,17.075579,15.285946,17.433971,16.977528,15.182976,16.89571,16.755745,17.238407,15.82739,16.714907,0.8703331,2.0414891,6.97927,0.45129964,30.64195,35.94844,34.170044,15.233314,23.430126,17.881193,15.121003,15.511638,16.615963,22.08
4446021.924,658114.7026,19.90293,0.99479574,0.73709834,27.136293,40.494858,36.48102,31.04922,23.54369,38.16453,33.954758,33.421978,36.881947,42.526134,35.31926,32.222343,30.61482,32.72884,33.31891,2.139981,1.9647471,6.2620473,7.5794683,1381.58,102.986755,-0.16064453,0.3820277,-0.008911133,70,30,0.3878708,0.44041553,0.28832275,0.25005156,0.32456723,0.7110547,0.78803444,12.597661,13.90095,12.499717,15.623938,15.951166,20.078966,16.334286,15.346995,22.681385,22.517902,20.74451,21.178757,25.616879,25.569284,23.73649,23.247856,17.389462,17.86815,15.35393,16.08464,18.24516,20.505297,20.027273,17.72318,14.829851,13.603918,12.473637,13.7309265,15.399426,17.313902,16.377817,14.716904,14.3613615,13.3095045,12.645245,14.805524,15.97252,17.675173,16.92538,14.8226385,17.061865,17.18512,14.632528,16.338701,15.9188385,17.257208,16.02666,16.398062,0.865947,2.052364,6.920758,0.45575956,33.815575,36.059647,33.7708,15.283812,23.149319,17.924845,14.818497,15.099243,16.345846,22.08
4446021.924,658119.7026,19.428104,0.9922746,0.7253883,27.168306,40.504814,36.678856,31.365955,23.628738,37.96,33.965084,33.398552,36.59471,42.032352,35.276367,32.285732,30.543669,32.74082,33.553226,2.1488266,1.9579514,6.1711807,7.554437,1381.55,104.00878,-0.07910156,0.35393307,-0.008789063,70,30,0.3878708,0.44041553,0.28832275,0.25005156,0.32456723,0.7110547,0.78803444,12.597661,13.90095,12.499717,15.623938,15.951166,20.078966,16.334286,15.346995,22.681385,22.517902,20.74451,21.178757,25.616879,25.569284,23.73649,23.247856,17.389462,17.86815,15.35393,16.08464,18.24516,20.505297,20.027273,17.72318,14.829851,13.603918,12.473637,13.7309265,15.399426,17.313902,16.377817,14.716904,14.3613615,13.3095045,12.645245,14.805524,15.97252,17.675173,16.92538,14.8226385,17.061865,17.18512,14.632528,16.338701,15.9188385,17.257208,16.02666,16.398062,0.8588314,2.053389,6.862809,0.45575956,33.83656,35.96254,33.78105,15.283812,23.149319,17.924845,14.818497,15.099243,16.345846,22.08
4446021.924,658124.7026,22.61475,0.9901788,0.7174928,27.188332,40.518463,36.540405,31.53262,23.668,37.920338,34.003418,33.441387,36.444847,41.885826,35.18212,32.28335,30.594452,32.747314,33.577873,2.1613305,1.9506747,6.1205463,7.544569,1381.52,102.24206,-0.12011719,0.337263,-0.008911133,70,30,0.3878708,0.44041553,0.28832275,0.25005156,0.32456723,0.7110547,0.78803444,12.738961,13.540197,11.216635,15.452063,15.569453,19.319517,15.306091,15.015276,21.95997,25.077965,20.888758,21.904696,25.56159,26.148033,24.222742,23.860968,16.268074,17.951145,16.377422,15.436277,18.422592,19.400024,18.92162,17.383137,13.559931,14.486743,12.382976,12.945752,15.21007,16.328144,16.365602,14.344439,14.921288,13.370685,12.106947,13.587807,15.510004,17.231787,16.61742,14.392136,16.254807,17.89082,14.823131,15.874121,16.667065,16.430044,16.440254,16.216507,0.8538358,2.0560026,6.8325577,0.45575956,33.853397,35.961876,33.732735,14.734703,23.680538,17.539595,14.46846,14.763704,16.340036,22.08
4446021.924,658129.7026,26.911041,0.9876048,0.71434224,27.186535,40.248,36.178356,31.618402,24.031668,38.09058,34.131413,33.444225,36.385784,42.256668,34.983185,32.462685,30.662533,32.747032,32.877865,2.1769936,1.9202957,6.1102567,7.5430126,1381.49,100.30485,-0.16015625,0.3206026,-0.011108398,70,30,0.3878708,0.44041553,0.28832275,0.25005156,0.32456723,0.7110547,0.78803444,12.738961,13.540197,11.216635,15.452063,15.569453,19.319517,15.306091,15.015276,21.95997,25.077965,20.888758,21.904696,25.56159,26.148033,24.222742,23.860968,16.268074,17.951145,16.377422,15.436277,18.422592,19.400024,18.92162,17.383137,13.559931,14.486743,12.382976,12.945752,15.21007,16.328144,16.365602,14.344439,14.921288,13.370685,12.106947,13.587807,15.510004,17.231787,16.61742,14.392136,16.254807,17.89082,14.823131,15.874121,16.667065,16.430044,16.440254,16.216507,0.8509735,2.0486445,6.8266344,0.45575956,33.71727,36.110996,33.722935,14.734703,23.680538,17.539595,14.46846,14.763704,16.340036,22.08
4446021.924,658134.7026,22.398245,0.988371,0.71187365,27.187063,40.2632,35.558018,31.560987,24.034689,38.283943,34.178394,33.56165,36.41363,42.55871,34.82734,32.436695,30.879787,32.776203,32.636997,2.1990082,1.9113026,6.1192703,7.5530157,1381.47,100.30485,0,0.3206026,-0.002197266,70,30,0.3878708,0.44041553,0.28832275,0.25005156,0.32456723,0.7110547,0.78803444,13.579745,13.3495,12.786985,14.685138,16.060051,19.361492,16.176924,15.328089,22.020529,22.970089,20.976862,21.625921,25.547203,25.68855,24.776407,23.416758,15.843717,17.313925,16.88598,15.774109,18.818687,19.506746,20.055586,17.46535,13.546298,13.366129,12.8604,13.884898,16.145775,17.277718,17.928913,14.6863165,14.880447,13.142576,12.973126,13.550348,15.613161,17.1062,16.784605,14.458404,16.127672,18.824894,17.02435,16.233017,16.514568,16.623194,15.353729,16.738117,0.85012233,2.0551553,6.836143,0.45575956,33.725132,36.23117,33.63202,15.142836,23.372223,17.74268,15.001448,14.864352,16.671633,22.08
4446021.924,658139.7026,18.798603,0.9799917,0.7114902,26.724728,40.653957,34.87839,31.445803,24.052055,38.601097,34.307774,33.731617,36.69088,42.912506,34.647778,32.33442,31.002338,32.49331,32.300194,2.221225,1.9120086,6.1289225,7.564184,1381.44,102.29005,-0.040527344,0.33678758,-0.004516602,70,30,0.3878708,0.44041553,0.28832275,0.25005156,0.32456723,0.7110547,0.78803444,12.649142,14.597738,11.944815,15.200714,15.023153,19.263527,15.922381,15.138938,22.53442,23.194162,21.619467,21.976572,25.82814,26.483503,24.258749,23.790552,16.782583,17.87313,16.183012,15.895304,18.543108,21.419046,19.896297,17.90774,14.05356,13.406174,13.706671,13.704425,15.721043,17.160826,17.45057,14.726116,14.21331,14.091997,14.234262,14.045282,15.913223,17.34258,17.02029,14.895553,16.252651,17.98122,15.523608,15.68379,15.915597,16.890722,15.421564,16.291403,0.8457409,2.0666168,6.8465533,0.45575956,33.689342,36.454437,33.491096,14.943068,23.699286,18.08464,15.029038,15.265849,16.238451,22.08
4446021.924,658144.7026,21.761156,0.97523946,0.7004252,26.923285,39.995766,34.091347,31.319298,24.094223,39.1017,34.833378,34.4098,37.149044,43.384785,34.260212,32.380024,30.880627,32.092106,31.664244,2.2346683,1.8381727,6.152719,7.570786,1381.41,106.73779,-0.119628906,0.29871228,-0.00769043,70,30,0.3894821,0.4406467,0.28133872,0.25386438,0.32192108,0.68848985,0.7877653,12.680567,14.622877,11.976238,15.225853,15.0467205,19.27924,15.947522,15.163489,23.173214,23.691187,22.113373,22.302273,26.469505,26.85808,24.839333,24.274092,17.693645,18.782291,17.161917,16.87977,19.185173,21.898941,20.478712,18.711594,15.390493,14.810751,14.962979,15.387258,17.642075,18.78716,19.086605,16.270582,14.26868,14.171331,14.310033,14.131287,15.9424515,17.406326,17.105934,14.961549,16.198833,17.914843,15.439961,15.619085,15.801186,16.833075,15.33826,16.221958,0.83783233,2.0364203,6.8617525,0.45192975,33.459526,36.967537,33.320118,14.968431,24.206709,18.868635,16.581045,15.333719,16.163607,22.08
4446021.924,658149.7026,28.257486,0.9736553,0.6968774,26.918896,40.01238,33.55113,31.169527,24.102072,39.309273,34.800938,34.43958,37.14301,43.508255,34.105164,32.326916,31.124731,32.192547,31.58381,2.2512705,1.8351495,6.1644983,7.5708103,1381.39,104.74356,0,0.28169343,-0.003295898,70,30,0.3894821,0.4406467,0.28133872,0.25386438,0.32192108,0.68848985,0.7877653,12.148621,15.364499,11.101434,15.531085,16.342377,19.309158,17.577433,15.3705435,23.12961,23.548807,21.446728,21.982288,26.326134,24.427202,22.99206,23.550737,18.347424,19.388605,16.864933,16.563192,18.467968,20.477571,18.80566,18.510332,15.394211,15.218246,13.80601,14.996496,17.65063,18.920912,17.014074,16.088436,14.1768465,14.536238,13.37945,13.7205105,16.143856,17.375933,16.576807,14.848638,15.615332,17.030085,15.794519,15.231293,15.868954,16.377394,14.713992,15.907516,0.83526635,2.04321,6.8676543,0.45192975,33.465637,37.055107,33.21604,15.339229,23.407549,18.41648,16.14294,15.12995,15.804509,22.08
4446021.924,658154.7026,30.659199,0.9584614,0.71046317,27.027403,40.1388,32.86489,30.954473,24.346895,39.430874,35.537296,36.38419,38.183857,43.331978,33.787323,31.652857,29.99311,30.854914,32.007896,2.2506866,1.8260535,6.1682377,7.5942817,1381.36,108.43495,-0.24023438,0.1813615,-0.015625,70,30,0.3894821,0.4406467,0.28133872,0.25386438,0.32192108,0.68848985,0.7877653,11.996332,15.527868,12.604621,14.611778,17.612003,19.559511,16.040993,15.595176,22.7466,23.525177,20.753107,22.154829,26.153847,26.23861,24.768707,23.86333,19.223402,18.015528,16.491602,16.185099,18.887032,20.74452,19.46638,18.392069,15.513453,14.621611,13.8687105,14.972621,16.921236,18.895235,17.473728,16.011965,14.331551,14.054871,13.253009,13.586726,15.777842,16.157696,14.937396,14.47706,16.262537,17.091692,14.735809,15.512774,15.761264,15.845769,15.17256,15.842841,0.8344623,2.0383701,6.88126,0.45192975,33.583103,37.484085,32.72009,15.421872,23.762983,18.43051,16.038084,14.585585,15.768915,22.08
4446021.924,658159.7026,30.906443,0.9486145,0.7031525,27.061222,40.159092,33.003178,30.832151,24.313179,39.415375,35.694748,36.266197,38.190567,43.452072,33.720905,31.041758,30.024315,30.90196,32.008034,2.2278395,1.824273,6.173232,7.5567536,1381.36,123.69007,0,0.10339219,-0.002197266,70,30,0.3894821,0.4406467,0.28133872,0.25386438,0.32192108,0.68848985,0.7877653,11.996332,15.527868,12.604621,14.611778,17.612003,19.559511,16.040993,15.595176,22.7466,23.525177,20.753107,22.154829,26.153847,26.23861,24.768707,23.86333,19.223402,18.015528,16.491602,16.185099,18.887032,20.74452,19.46638,18.392069,15.513453,14.621611,13.8687105,14.972621,16.921236,18.895235,17.473728,16.011965,14.331551,14.054871,13.253009,13.586726,15.777842,16.157696,14.937396,14.47706,16.262537,17.091692,14.735809,15.512774,15.761264,15.845769,15.17256,15.842841,0.8258835,2.0260563,6.864993,0.45192975,33.610157,37.55506,32.381332,15.421872,23.762983,18.43051,16.038084,14.585585,15.768915,22.08
4446021.924,658164.7026,30.315836,0.93760693,0.69479424,27.098654,40.178417,33.239357,30.765848,24.277859,39.389866,35.877167,36.113647,38.1818,43.57265,33.644936,30.377169,30.040642,30.93798,32.013214,2.198671,1.82217,6.177115,7.5106106,1381.35,105.25512,0,0.16347715,-0.001098633,70,30,0.3894821,0.4406467,0.28133872,0.25386438,0.32192108,0.68848985,0.7877653,11.491856,14.351311,12.166845,14.509165,17.516317,19.576653,15.456583,15.099717,22.329596,24.887146,20.8064,22.503292,25.351686,25.87271,24.545261,23.864214,18.273296,19.306763,16.560513,15.7415085,18.429665,20.84812,19.351585,18.360298,14.554524,16.176876,13.139282,15.345209,17.317883,17.39123,18.114346,15.796433,14.633003,14.508972,12.522142,13.7604475,15.92221,16.218548,15.079824,14.548097,16.972872,17.337885,14.599045,16.221355,15.223455,16.010475,15.08343,16.057764,0.8162006,2.0104206,6.8438625,0.45192975,33.638535,37.633514,32.01105,15.009818,23.756586,18.358778,16.00562,14.663592,15.921217,22.08
4446021.924,658169.7026,21.10973,0.9181842,0.6964817,27.508957,39.91049,33.45834,30.802309,24.187988,39.466045,36.059593,36.15181,38.02871,43.511444,33.353233,29.98008,29.90996,31.597298,32.65411,2.1701767,1.8080462,6.1758914,7.4697204,1381.33,94.398705,-0.12011719,0.18694311,-0.006713867,70,30,0.3894821,0.4406467,0.28133872,0.25386438,0.32192108,0.68848985,0.7877653,11.781125,12.642891,13.67292,13.905363,16.80214,18.554653,15.946994,14.759592,17.048775,22.81048,16.867313,18.369339,24.245438,24.75731,20.889578,20.915583,14.84993,15.97292,15.372737,14.273926,17.383797,19.451185,17.49932,16.428638,14.836374,15.65917,14.238754,14.758265,18.260334,18.218367,18.165625,16.14711,17.793362,20.143217,18.855915,20.140926,19.54316,19.242683,18.543346,19.195341,18.85752,21.97265,18.128325,20.763138,16.767233,18.01796,15.465645,18.833708,0.807333,1.9891114,6.822806,0.45192975,33.709724,37.762817,31.666656,14.758011,20.712603,16.400545,16.305271,19.180372,18.567495,22.08
4446021.924,658174.7026,16.43433,0.90684587,0.68969035,27.547882,39.920197,33.637268,30.92431,24.17398,39.521286,36.279877,36.03909,38.030556,43.692665,33.206997,29.372858,29.92721,31.539991,32.597565,2.139066,1.8022556,6.182657,7.4142594,1381.32,90,0.03955078,0.17135528,-0.001098633,70,30,0.38946283,0.4387439,0.28245917,0.24950625,0.32638654,0.7059057,0.7912874,11.781125,12.642891,13.67292,13.905363,16.80214,18.554653,15.946994,14.759592,17.048775,22.81048,16.867313,18.369339,24.245438,24.75731,20.889578,20.915583,14.84993,15.97292,15.372737,14.273926,17.383797,19.451185,17.49932,16.428638,14.836374,15.65917,14.238754,14.758265,18.260334,18.218367,18.165625,16.14711,17.793362,20.143217,18.855915,20.140926,19.54316,19.242683,18.543346,19.195341,18.85752,21.97265,18.128325,20.763138,16.767233,18.01796,15.465645,18.833708,0.7982681,1.9706608,6.798458,0.45482168,33.73404,37.90058,31.289928,14.758011,20.712603,16.400545,16.305271,19.180372,18.567495,22.08
4446021.924,658179.7026,18.351976,0.8958544,0.686815,27.743246,40.312202,33.842793,31.179306,24.193514,39.47291,36.37908,35.726395,37.86532,43.7315,33.074688,28.839283,30.050293,31.725832,32.835144,2.1130948,1.7894266,6.1875296,7.345833,1381.3,90,-0.079589844,0.17135528,-0.006591797,70,30,0.38946283,0.4387439,0.28245917,0.24950625,0.32638654,0.7059057,0.7912874,11.51372,13.757378,13.027786,14.64198,15.818167,18.500666,15.253691,14.765548,17.509907,23.976131,17.094421,17.61561,23.63846,25.000017,21.544363,21.145199,15.367587,14.839056,14.73802,13.7000885,18.043062,20.1844,16.642887,16.28322,13.969307,13.681017,14.458972,14.545822,17.985935,18.455294,18.193401,15.727374,17.864859,19.016605,18.19884,18.73717,20.021744,20.122087,20.319342,19.05584,20.538525,20.361893,18.831394,19.115181,16.994648,17.53491,17.418589,18.604214,0.79133475,1.9512607,6.766681,0.45482168,34.027725,37.925995,30.956985,14.644769,20.911272,16.216444,15.898536,19.18295,18.685022,22.08
4446021.924,658184.7026,17.490334,0.888873,0.6897234,27.766478,40.31784,34.022476,31.14817,24.346329,39.494198,36.407425,35.98575,37.955376,43.612114,32.979347,28.584545,29.769804,31.672989,32.82229,2.0939867,1.7886574,6.201105,7.3283024,1381.28,84.80557,-0.20019531,0.15836725,-0.013305664,70,30,0.38946283,0.4387439,0.28245917,0.24950625,0.32638654,0.7059057,0.7912874,12.795733,13.53947,11.628075,14.832692,16.155136,18.804571,16.014921,14.849447,17.495602,23.418041,16.324095,17.354794,23.602737,24.221062,19.982914,20.639545,16.494356,16.31984,14.3040085,14.891803,17.045137,18.520426,18.432917,16.48077,15.999364,14.847574,14.115152,14.414591,17.679222,18.047785,18.772404,15.985455,18.54716,19.167093,18.587128,18.946186,18.62888,19.787943,18.53307,18.924147,21.378916,22.094507,18.180786,17.860199,16.60428,17.683594,16.60562,18.911163,0.7892982,1.9413221,6.7647038,0.45482168,34.04216,37.950813,30.781946,14.824372,20.342749,16.572641,16.268011,18.885351,18.6297,22.08
4446021.924,658189.7026,23.76818,0.886466,0.70141536,27.679974,40.451878,34.173435,30.86904,25.174583,39.192535,36.173298,37.253513,38.875145,42.641094,33.22294,28.810217,28.694735,31.122097,32.94827,2.0893278,1.7923745,6.2149186,7.3373675,1381.27,66.80141,-0.16015625,0.109194316,-0.012207031,70,30,0.38946283,0.4387439,0.28245917,0.24950625,0.32638654,0.7059057,0.7912874,12.795733,13.53947,11.628075,14.832692,16.155136,18.804571,16.014921,14.849447,17.495602,23.418041,16.324095,17.354794,23.602737,24.221062,19.982914,20.639545,16.494356,16.31984,14.3040085,14.891803,17.045137,18.520426,18.432917,16.48077,15.999364,14.847574,14.115152,14.414591,17.679222,18.047785,18.772404,15.985455,18.54716,19.167093,18.587128,18.946186,18.62888,19.787943,18.53307,18.924147,21.378916,22.094507,18.180786,17.860199,16.60428,17.683594,16.60562,18.911163,0.79394066,1.9408512,6.776143,0.45482168,34.065926,37.682915,31.016579,14.824372,20.342749,16.572641,16.268011,18.885351,18.6297,22.08
4446021.924,658194.7026,28.326073,0.8854125,0.7144257,27.713518,40.453712,34.369236,30.670599,25.654013,39.038284,35.908848,38.00156,38.26556,42.06628,33.270138,29.041792,28.030825,31.24658,32.986465,2.0877566,1.8022833,6.2316704,7.3606524,1381.27,59.036243,0,0.08360374,-0.003295898,70,30,0.38946283,0.4387439,0.28245917,0.24950625,0.32638654,0.7059057,0.7912874,13.111986,15.439493,11.637224,14.788748,16.55377,18.92544,15.860575,15.479295,17.480488,24.162333,16.5109,17.492779,24.113983,24.57158,20.541061,20.928558,16.801394,17.01484,14.077144,14.50499,17.272247,19.119705,16.711063,16.54036,14.962596,15.918367,13.862715,14.886744,16.101372,18.638205,17.117014,15.9466095,18.702799,20.686983,18.479746,19.700735,18.433422,19.522036,18.856424,19.214472,21.36436,22.886515,17.696142,18.004025,18.763393,16.877518,17.322435,19.172472,0.7999191,1.94502,6.7961617,0.45482168,34.083614,37.473564,31.155964,15.188177,20.696161,16.500196,15.926715,19.19745,18.987772,22.08
4446021.924,658199.7026,19.087435,0.87458175,0.7302786,27.489878,40.465527,34.46982,30.526031,26.306374,38.791687,36.0756,38.867504,38.41362,41.488003,33.54482,28.912634,27.37629,31.160051,32.73348,2.0849555,1.8010957,6.251126,7.3760347,1381.26,71.56505,-0.080078125,0.09068098,-0.006713867,70,30,0.38946283,0.4387439,0.28245917,0.24950625,0.32638654,0.7059057,0.7912874,13.677401,15.159879,12.1660595,14.426181,16.925678,18.2199,16.134983,15.464131,17.579508,24.628712,16.65543,17.859287,24.582312,25.157488,20.937166,21.265152,17.366222,17.00916,13.91581,13.472124,17.34961,20.422123,17.446222,16.69501,15.423357,15.203015,13.6580305,14.970546,17.311462,18.870249,17.255547,16.08271,19.147066,19.780699,18.154728,19.334879,18.095808,20.2346,19.74702,19.137854,21.126894,21.333511,18.510065,16.042622,18.454145,20.368448,19.044983,19.329311,0.80243015,1.9430256,6.8135805,0.45482168,33.977703,37.433643,31.228725,15.244298,21.057129,16.71161,16.098886,19.213545,19.268667,22.08
4446021.924,658204.7026,23.641296,0.8727875,0.744665,27.515642,40.460846,34.46139,30.436478,26.828856,38.67884,35.91301,39.769203,38.597813,40.975895,33.5638,29.099594,26.683472,31.041464,32.750443,2.0808775,1.8074855,6.268985,7.393103,1381.25,45,-0.16015625,0.08110754,-0.011108398,70,30,0.38299316,0.44002852,0.26952675,0.2522648,0.33251515,0.6795807,0.77221286,13.677401,15.159879,12.1660595,14.426181,16.925678,18.2199,16.134983,15.464131,17.579508,24.628712,16.65543,17.859287,24.582312,25.157488,20.937166,21.265152,17.366222,17.00916,13.91581,13.472124,17.34961,20.422123,17.446222,16.69501,15.423357,15.203015,13.6580305,14.970546,17.311462,18.870249,17.255547,16.08271,19.147066,19.780699,18.154728,19.334879,18.095808,20.2346,19.74702,19.137854,21.126894,21.333511,18.510065,16.042622,18.454145,20.368448,19.044983,19.329311,0.80872625,1.9441814,6.831044,0.4470174,33.988243,37.295925,31.331697,15.244298,21.057129,16.71161,16.098886,19.213545,19.268667,22.08
4446021.924,658209.7026,23.223532,0.8739615,0.7761639,27.745323,41.321056,34.480835,30.260252,27.042402,38.54909,35.455006,40.223534,38.427708,40.608803,33.426243,29.037584,26.326885,31.861326,33.1006,2.0804482,1.8418573,6.288728,7.4469624,1381.25,18.434948,-0.080078125,0.09068098,-0.006713867,70,30,0.38299316,0.44002852,0.26952675,0.2522648,0.33251515,0.6795807,0.77221286,13.349951,15.688116,11.518565,13.961612,15.591753,19.057184,15.841927,15.248959,17.536823,24.186909,16.708439,17.904774,24.181652,24.829908,21.185514,21.190292,17.146215,19.105053,15.08429,14.672014,17.106487,20.484499,18.170877,17.466167,15.9044285,16.839941,13.454274,15.246618,16.600578,18.683975,17.231318,16.359276,18.757168,20.163687,18.131891,20.341549,18.146492,19.006536,19.481792,19.114595,20.848856,23.379692,19.937603,17.471409,18.26171,21.222527,18.539001,19.98945,0.8250627,1.9611528,6.8678455,0.4470174,34.533188,37.00205,31.231915,15.001302,20.933432,17.395634,16.28016,19.147017,19.951542,22.08
4446021.924,658214.7026,21.982058,0.8644683,0.79609036,27.461163,40.472534,33.6034,30.048418,27.511127,38.937782,36.102596,41.393696,38.59697,40.09858,32.988926,28.825768,25.926153,30.982552,33.163315,2.0624132,1.8253232,6.3002267,7.484183,1381.25,26.56505,-0.040039062,0.06412116,-0.003295898,70,30,0.38299316,0.44002852,0.26952675,0.2522648,0.33251515,0.6795807,0.77221286,13.464007,15.412753,12.830246,14.050875,16.161787,19.29723,15.291519,15.4560375,16.921377,23.92628,17.033249,18.650143,24.565102,24.523033,21.652622,21.26181,14.991054,19.380384,15.347102,14.958769,16.626152,19.606537,17.67078,16.961008,15.584412,16.766207,13.864548,15.77767,16.748817,18.095535,17.98921,16.232782,17.472958,20.642494,18.1749,20.63379,19.002743,18.831171,19.74678,19.16048,17.6543,22.747765,19.992863,18.74429,17.915552,21.753168,19.17403,19.8456,0.83027935,1.9438682,6.8922048,0.4470174,33.96685,37.520187,30.907347,15.215489,21.03883,16.940111,16.403772,19.214975,19.71171,22.08
4446021.924,658219.7026,24.538107,0.8582226,0.8243445,27.525412,40.464043,32.37533,29.82092,27.910816,38.938736,36.031815,43.197224,38.963757,39.365067,32.791164,28.78926,25.0563,30.858791,33.284077,2.0279505,1.8378228,6.290805,7.5253963,1381.25,45,0,0.020276899,-0.001098633,70,30,0.38299316,0.44002852,0.26952675,0.2522648,0.33251515,0.6795807,0.77221286,13.464007,15.412753,12.830246,14.050875,16.161787,19.29723,15.291519,15.4560375,16.921377,23.92628,17.033249,18.650143,24.565102,24.523033,21.652622,21.26181,14.991054,19.380384,15.347102,14.958769,16.626152,19.606537,17.67078,16.961008,15.584412,16.766207,13.864548,15.77767,16.748817,18.095535,17.98921,16.232782,17.472958,20.642494,18.1749,20.63379,19.002743,18.831171,19.74678,19.16048,17.6543,22.747765,19.992863,18.74429,17.915552,21.753168,19.17403,19.8456,0.84128356,1.9328866,6.9081006,0.4470174,33.994728,37.485275,30.790213,15.215489,21.03883,16.940111,16.403772,19.214975,19.71171,22.08
4446016.924,658084.7026,28.05928,1.0744903,0.85008514,27.168152,33.61147,34.529152,28.149458,22.869146,37.483803,32.128315,32.260033,36.318577,41.63513,36.757004,33.52266,33.04048,35.56618,35.737164,2.1050627,2.0530996,6.502834,7.721095,1381.92,82.39925,0.12060547,0.86712974,0.003417969,45,30,0.38925216,0.43928307,0.26459497,0.24279074,0.3261114,0.7099279,0.78713727,11.8587055,13.871943,13.820532,16.50676,17.744514,20.026865,17.029247,15.73027,15.099416,18.039463,15.727839,15.572836,16.35449,20.873781,16.23077,17.174292,12.487635,13.685545,11.495369,11.677174,15.787469,18.602001,18.027111,14.181453,11.577786,11.0304365,10.615725,12.080228,14.422995,17.660593,16.19647,13.145268,13.564459,13.680395,11.63024,13.093071,16.810122,18.18252,19.528217,14.753966,14.947548,16.105831,15.844098,13.643413,14.834876,15.2107315,14.842646,15.082186,0.9622877,2.079081,7.111964,0.45129964,30.38981,34.80606,35.13983,15.836938,16.842655,14.537474,13.369176,15.212718,15.061305,22.08
4446016.924,658089.7026,32.817116,1.070909,0.81868434,27.4107,34.001877,34.62853,28.318316,23.065302,38.189556,32.161213,32.70252,36.95354,42.31384,36.29802,33.357323,32.43532,34.89839,34.925194,2.0871646,2.0425408,6.5386095,7.7218533,1381.84,78.30106,-0.040527344,0.8484655,-0.003417969,45,30,0.38925216,0.43928307,0.26459497,0.24279074,0.3261114,0.7099279,0.78713727,12.028833,14.02654,13.768786,16.438663,17.81606,20.053465,16.975601,15.767712,14.78564,18.090778,15.189722,15.351789,16.074495,20.846588,15.784142,16.943783,12.369669,13.55883,11.188555,11.288053,14.934146,18.280663,17.918766,13.827776,12.084671,12.12238,11.621202,12.561103,15.186274,18.456072,17.130917,13.927232,14.262456,14.642134,12.763037,14.064331,17.974468,19.353125,20.731619,15.801034,16.6427,18.131641,17.805407,15.609151,16.283947,17.03571,16.241968,16.889126,0.9447967,2.0648527,7.1302314,0.45129964,30.706287,35.175385,34.82767,15.872565,16.589022,14.219811,14.166087,16.25588,16.821505,22.08
4446016.924,658094.7026,37.896828,1.043559,0.79274726,27.44497,34.065945,34.773327,28.70675,23.188301,38.563534,32.811676,32.99766,37.172523,42.67288,35.886475,32.873695,32.095245,34.264675,34.38682,2.0721433,2.0168989,6.5350494,7.6797385,1381.76,74.91801,-0.2397461,0.7713994,-0.017700195,70,30,0.38925216,0.43928307,0.26459497,0.24279074,0.3261114,0.7099279,0.78713727,12.3273945,13.72305,13.744023,14.598572,17.495914,20.78623,17.433683,15.693813,14.6256485,17.669529,15.172078,15.190399,16.505047,20.99102,16.20262,16.954296,11.57563,12.982054,11.488733,10.429254,15.415926,18.274012,16.111015,13.613466,12.729555,12.584472,12.638342,13.00461,15.204646,18.682695,16.823347,14.43729,14.555353,14.0668335,12.623789,14.072827,17.953344,19.967096,19.54086,15.800937,15.833689,17.046116,17.167667,16.931942,16.00326,17.171125,16.513983,16.682398,0.9181531,2.044521,7.107394,0.45129964,30.755457,35.687607,34.380085,15.729838,16.622335,13.753802,14.523952,16.111444,16.666826,22.08
4446016.924,658099.7026,22.955389,1.0226175,0.7740609,27.187473,34.059402,35.135746,29.147839,23.285587,38.405804,33.02981,32.802723,36.970116,42.543064,35.810665,32.901978,31.999397,34.14909,34.389576,2.0754151,2.0125659,6.480254,7.653624,1381.7,74.03701,-0.28076172,0.62559307,-0.018920898,70,30,0.38925216,0.43928307,0.26459497,0.24279074,0.3261114,0.7099279,0.78713727,11.931648,13.932718,14.277647,14.82782,17.716358,20.056421,18.10017,15.631542,13.806346,17.127392,13.68587,15.192042,16.380424,19.443758,15.652127,16.145306,13.718672,15.651486,12.596713,13.4112215,18.350317,19.959986,18.184164,15.824403,12.374552,11.908116,11.686618,13.411318,14.575628,18.211023,16.919506,13.992169,14.763232,13.889566,13.093221,14.336527,16.25313,18.865614,19.265238,15.463841,15.617724,17.085434,15.15154,16.252508,16.44991,18.243055,16.04646,16.446918,0.89833915,2.0439906,7.0669394,0.45129964,30.623438,35.717808,34.356323,15.8346815,15.89828,15.981794,14.1552515,15.780931,16.406662,22.08
4446016.924,658104.7026,20.792141,1.0118918,0.75965583,27.273487,34.31962,35.520573,29.710142,23.34395,38.22481,33.260185,32.982525,36.8902,42.24809,35.68599,32.78405,31.726858,33.8042,34.346153,2.084245,2.0193205,6.3933916,7.6203327,1381.66,76.311325,-0.03955078,0.5452762,-0.008911133,70,30,0.38925216,0.43928307,0.26459497,0.24279074,0.3261114,0.7099279,0.78713727,12.120276,14.228415,14.465373,15.024637,17.757166,20.310015,18.283703,15.833107,20.059956,22.188965,18.626572,20.85336,24.311811,24.024237,22.326817,21.83626,14.055189,15.226824,12.090995,12.90141,18.3893,19.453331,17.678455,15.530157,12.36924,11.902805,11.681308,13.361417,14.625273,18.227652,16.914196,13.990873,14.12488,13.2782545,12.130506,13.446579,15.490896,18.38359,19.006168,14.772544,14.929776,16.336777,14.407275,15.508245,15.783221,17.930227,15.819923,15.828324,0.88577384,2.0517826,7.006862,0.45129964,30.796553,35.7425,34.23502,16.027082,21.770245,15.685072,14.154556,15.122981,15.816492,22.08
4446016.924,658109.7026,21.738922,0.9961186,0.74639964,27.502043,33.790146,35.951996,30.218924,23.43708,38.09165,33.539406,33.13802,36.737007,41.827435,35.51757,32.949776,31.384443,33.513165,34.33805,2.0825467,1.9985592,6.2955666,7.5866203,1381.61,72.75854,-0.28027344,0.43535513,-0.017822266,70,30,0.38925216,0.43928307,0.26459497,0.24279074,0.3261114,0.7099279,0.78713727,12.571084,14.722902,13.619922,14.305356,17.363895,19.882204,17.46416,15.589273,22.114975,23.697332,21.483648,21.636799,26.099092,24.690735,23.250648,23.446873,17.403488,17.538729,15.401663,16.892365,19.255642,19.632755,18.610397,17.797607,13.801712,13.134897,12.614684,14.093058,15.89727,17.13794,16.475033,14.614718,14.446081,13.16511,13.256627,13.914085,16.12794,18.767664,17.322754,15.004276,17.432434,16.982395,16.099775,15.732358,16.679739,16.993944,15.888843,16.632679,0.8712591,2.040553,6.9410934,0.45129964,30.646095,35.81553,34.233673,15.704217,23.28189,17.81929,14.736369,15.285751,16.544212,22.08
4446016.924,658114.7026,16.532541,0.99161017,0.74151987,27.121374,40.495438,36.611572,30.73134,23.585747,38.110252,33.876286,33.33175,36.58149,41.505566,35.44476,32.206245,30.624767,33.10449,34.04361,2.1406128,1.9689665,6.1980276,7.5658665,1381.59,66.243004,0.03955078,0.39105535,-0.002197266,70,30,0.3878708,0.44041553,0.28832275,0.25005156,0.32456723,0.7110547,0.78803444,12.571084,14.722902,13.619922,14.305356,17.363895,19.882204,17.46416,15.589273,22.114975,23.697332,21.483648,21.636799,26.099092,24.690735,23.250648,23.446873,17.403488,17.538729,15.401663,16.892365,19.255642,19.632755,18.610397,17.797607,13.801712,13.134897,12.614684,14.093058,15.89727,17.13794,16.475033,14.614718,14.446081,13.16511,13.256627,13.914085,16.12794,18.767664,17.322754,15.004276,17.432434,16.982395,16.099775,15.732358,16.679739,16.993944,15.888843,16.632679,0.866565,2.0547895,6.881947,0.45575956,33.808407,35.99327,33.8255,15.704217,23.28189,17.81929,14.736369,15.285751,16.544212,22.08
4446016.924,658119.7026,14.389604,0.9887106,0.72765666,27.149746,40.500423,37.029274,31.024292,23.728184,37.854473,33.86841,33.2999,36.249348,40.640263,35.454666,32.33009,30.430243,33.159004,34.504875,2.1456435,1.9631333,6.0765963,7.5308533,1381.55,63.434948,-0.19921875,0.38393942,-0.012207031,70,30,0.3878708,0.44041553,0.28832275,0.25005156,0.32456723,0.7110547,0.78803444,11.915091,13.020342,12.985539,15.360243,15.656991,19.488419,17.207573,15.043028,21.892628,23.611917,20.411312,21.081577,25.040174,25.606852,23.84814,23.23889,16.532932,17.143261,14.612585,15.997339,18.94423,21.27526,18.645239,17.573217,14.18014,13.386775,11.994235,13.566217,15.313972,18.025682,16.692774,14.672727,14.224358,13.22038,13.036749,14.136099,15.563374,17.69348,17.788103,14.699474,17.199337,17.730871,15.28768,15.372882,15.407612,17.044916,15.937535,16.357344,0.8581836,2.0543885,6.803725,0.45575956,33.825085,35.861443,33.89238,15.090599,23.070374,17.592978,14.737113,15.094648,16.282976,22.08
4446016.924,658124.7026,16.983444,0.9863827,0.7189132,27.169256,40.512623,36.94055,31.207228,23.775602,37.81253,33.90592,33.335644,36.114944,40.47674,35.361286,32.33185,30.457836,33.146984,34.53642,2.1562388,1.9558448,6.0253963,7.5178323,1381.53,61.400673,0,0.35906565,-0.002197266,70,30,0.3878708,0.44041553,0.28832275,0.25005156,0.32456723,0.7110547,0.78803444,11.9872,14.065648,11.754374,15.39303,15.557553,19.9542,15.784973,15.103231,22.011364,24.05486,20.04862,22.310867,25.305958,24.831873,23.915096,23.269873,16.972322,17.20746,14.94089,16.033688,18.623056,20.351967,19.341206,17.580368,14.516541,13.476082,11.810509,14.491255,15.051931,17.693659,16.615416,14.676485,14.377596,13.675592,12.175599,14.110469,15.575809,18.297256,17.49325,14.733209,17.567078,19.019917,15.284431,15.980929,16.574162,16.623446,16.422812,16.851707,0.85264796,2.0560417,6.771614,0.45575956,33.84094,35.859222,33.846565,14.92814,23.211237,17.638655,14.807914,15.100795,16.781824,22.08
4446016.924,658129.7026,20.960142,0.991943,0.71643215,26.827766,40.25249,36.41421,31.322086,23.975542,37.991306,34.132816,33.213463,36.105804,41.299896,35.209515,32.3952,30.666683,33.144905,33.726433,2.1787183,1.93359,6.058072,7.5247626,1381.5,64.44003,-0.040039062,0.36554205,-0.004394531,70,30,0.3878708,0.44041553,0.28832275,0.25005156,0.32456723,0.7110547,0.78803444,11.9872,14.065648,11.754374,15.39303,15.557553,19.9542,15.784973,15.103231,22.011364,24.05486,20.04862,22.310867,25.305958,24.831873,23.915096,23.269873,16.972322,17.20746,14.94089,16.033688,18.623056,20.351967,19.341206,17.580368,14.516541,13.476082,11.810509,14.491255,15.051931,17.693659,16.615416,14.676485,14.377596,13.675592,12.175599,14.110469,15.575809,18.297256,17.49325,14.733209,17.567078,19.019917,15.284431,15.980929,16.574162,16.623446,16.422812,16.851707,0.8541876,2.0561543,6.791417,0.45575956,33.54013,36.06206,33.802357,14.92814,23.211237,17.638655,14.807914,15.100795,16.781824,22.08
4446016.924,658134.7026,19.304314,0.98467654,0.71374345,27.172503,40.261284,35.764416,31.367035,24.080929,38.27417,34.127007,33.418922,36.234425,41.91565,34.899765,32.369614,30.88948,32.993114,33.06391,2.1925223,1.9145554,6.087723,7.5325885,1381.47,71.56505,-0.080078125,0.36271936,-0.004394531,70,30,0.3878708,0.44041553,0.28832275,0.25005156,0.32456723,0.7110547,0.78803444,12.28744,13.715612,11.93128,16.144787,16.532917,20.354734,15.870277,15.425206,22.047596,23.8396,20.660564,21.77275,25.719728,24.700045,24.118093,23.281416,17.130495,17.795494,16.185417,15.456447,18.839981,20.250944,19.595882,17.844793,14.705988,14.249407,12.762272,13.502841,15.36832,17.128922,16.820217,14.743941,14.295959,13.913492,12.238352,13.9081745,15.720318,17.634256,17.13113,14.63161,16.466362,18.205652,15.72804,16.721935,15.496862,16.729006,16.294302,16.607376,0.84921,2.0535388,6.810156,0.45575956,33.716892,36.20059,33.63469,15.262436,23.265482,17.893522,14.933995,14.977382,16.520308,22.08
4446016.924,658139.7026,15.597523,0.9759845,0.71224755,26.718,40.652374,35.16818,31.3238,24.080477,38.56852,34.273125,33.545242,36.545547,42.436207,34.708614,32.202152,31.011063,32.651085,32.618946,2.2098613,1.9152226,6.1061926,7.5385785,1381.44,73.074905,-0.040527344,0.34415042,-0.006713867,70,30,0.3878708,0.44041553,0.28832275,0.25005156,0.32456723,0.7110547,0.78803444,12.595064,13.848186,12.523107,16.314106,18.40194,19.723955,15.927859,15.737268,22.136057,24.08052,21.760395,22.14009,25.513489,24.756964,24.220093,23.562958,17.237543,18.28275,16.5972,16.409527,18.332968,20.410532,18.63038,17.966604,14.144629,14.2606535,13.797371,13.586899,16.237585,17.106693,16.834057,14.939506,14.359688,14.470034,13.841591,13.912718,16.421734,17.345623,16.93853,14.983209,15.886856,17.915424,16.679003,15.321782,16.237919,16.79502,15.45824,16.37567,0.84411603,2.062542,6.822386,0.45575956,33.68519,36.420822,33.455383,15.619173,23.515371,17.985844,15.13827,15.327132,16.32775,22.08
4446016.924,658144.7026,15.227968,0.97420824,0.708574,26.715956,40.666954,34.632717,31.25478,24.078455,38.779476,34.314205,33.614887,36.589317,42.736668,34.538227,32.117165,31.216824,32.66553,32.411972,2.225432,1.9067755,6.1248584,7.5391097,1381.41,60.938786,-0.15917969,0.2944523,-0.011108398,70,30,0.3894821,0.4406467,0.28133872,0.25386438,0.32192108,0.68848985,0.7877653,12.62649,13.873324,12.55453,16.339245,18.425507,19.694788,15.952998,15.753406,22.77123,24.597706,22.256954,22.602652,26.15485,25.133291,24.747637,24.068096,18.15138,19.396885,17.506361,17.403805,18.999563,20.898603,19.202988,18.796618,15.125246,15.642177,15.247534,15.35685,18.568369,18.790743,18.304249,16.530636,14.437747,14.54937,13.925891,13.97948,16.443588,17.401129,17.001202,15.048623,15.842558,17.849043,16.59703,15.255404,16.123507,16.73689,15.369916,16.307362,0.8413911,2.0661037,6.831984,0.45192975,33.691456,36.54684,33.327698,15.638124,24.03776,18.79423,16.719309,15.3912,16.253479,22.08
4446016.924,658149.7026,14.449762,0.9662184,0.71521664,27.224625,40.5871,33.52257,31.07606,24.35761,39.04619,34.62954,36.00315,38.384216,43.003498,34.14128,32.032562,29.996117,30.957846,32.07356,2.2198665,1.8487623,6.153177,7.56872,1381.39,52.60075,-0.12011719,0.30659714,-0.008911133,70,30,0.3894821,0.4406467,0.28133872,0.25386438,0.32192108,0.68848985,0.7877653,12.624705,14.872362,12.08519,16.102646,18.146164,19.60481,16.639977,15.779117,23.003065,24.27069,21.151884,22.707642,26.541302,26.20621,24.193655,24.147772,18.680843,18.273006,16.793734,16.442041,20.115376,21.133118,19.596958,18.644344,15.597995,15.408702,13.84577,14.951602,18.657223,18.140703,17.69956,16.156837,14.712351,14.756704,13.33593,13.920581,16.388279,17.720358,16.411373,15.062362,16.578562,17.180037,15.321744,15.703051,16.003407,16.726515,15.210993,16.170694,0.84071755,2.0343144,6.8609486,0.45192975,33.90586,36.837864,33.08692,15.725122,24.010635,18.719296,16.328793,15.320796,16.103474,22.08
4446016.924,658154.7026,19.824627,0.9511545,0.713034,27.042898,40.13487,33.22452,31.023537,24.390194,39.36681,35.67505,36.493713,38.29903,43.14622,33.781555,31.304638,29.726614,30.739971,32.10743,2.2180312,1.8248051,6.160886,7.5629516,1381.37,40.601295,-0.12011719,0.26437655,-0.012207031,70,30,0.3894821,0.4406467,0.28133872,0.25386438,0.32192108,0.68848985,0.7877653,10.71003,15.138403,12.634893,15.912338,17.000404,19.285791,16.074385,15.299152,22.968527,24.223957,21.394936,23.196291,26.604767,26.520132,24.339,24.372942,18.772432,18.973558,16.61316,16.251842,20.282732,21.39417,19.3034,18.915525,15.455946,15.423505,13.6782,15.433963,18.752007,18.542784,18.16015,16.360895,15.076688,14.203443,12.69803,14.608536,16.350508,15.591426,15.707629,14.754395,17.236658,17.180796,15.415434,15.379946,15.640806,15.823852,15.379704,16.061369,0.8320942,2.021418,6.8619184,0.45192975,33.588882,37.520927,32.5431,15.250893,24.178228,18.798756,16.492365,14.890893,16.008171,22.08
4446016.924,658159.7026,24.662416,0.9428665,0.7075218,27.073154,40.151134,33.18534,30.973747,24.376377,39.409378,35.79576,36.47337,38.321697,43.3048,33.675327,30.845446,29.760431,30.753586,32.06625,2.20311,1.8212025,6.169676,7.5322137,1381.36,33.690067,-0.12011719,0.20678371,-0.0078125,70,30,0.3894821,0.4406467,0.28133872,0.25386438,0.32192108,0.68848985,0.7877653,10.71003,15.138403,12.634893,15.912338,17.000404,19.285791,16.074385,15.299152,22.968527,24.223957,21.394936,23.196291,26.604767,26.520132,24.339,24.372942,18.772432,18.973558,16.61316,16.251842,20.282732,21.39417,19.3034,18.915525,15.455946,15.423505,13.6782,15.433963,18.752007,18.542784,18.16015,16.360895,15.076688,14.203443,12.69803,14.608536,16.350508,15.591426,15.707629,14.754395,17.236658,17.180796,15.415434,15.379946,15.640806,15.823852,15.379704,16.061369,0.8251941,2.0121562,6.8509445,0.45192975,33.612144,37.60257,32.260387,15.250893,24.178228,18.798756,16.492365,14.890893,16.008171,22.08
4446016.924,658164.7026,20.214325,0.9333055,0.70108414,27.106588,40.166798,33.25206,30.978577,24.356384,39.44032,35.957462,36.414062,38.33537,43.480206,33.564335,30.303173,29.778126,30.752806,32.02394,2.180839,1.8172827,6.176815,7.491801,1381.35,45,-0.080078125,0.20276815,-0.006713867,70,30,0.3894821,0.4406467,0.28133872,0.25386438,0.32192108,0.68848985,0.7877653,11.822173,14.730838,13.656662,14.65711,16.098145,19.415411,16.453724,15.275241,22.588287,24.352863,20.866072,21.452866,25.615417,25.443642,25.816147,23.653782,17.841974,18.795448,16.721354,16.524078,20.8135,20.606846,21.017889,18.696354,14.679132,15.553902,13.333438,14.494931,17.788813,17.79003,18.819708,15.796447,14.768326,14.600607,12.693313,13.254123,15.586166,15.853093,15.999245,14.509426,16.191525,17.87206,15.281576,15.415991,16.800224,15.603306,15.483014,16.13282,0.8171948,1.9990609,6.8343077,0.45192975,33.636692,37.69889,31.933754,15.262009,23.733614,18.903011,16.065708,14.679268,16.09253,22.08
4446016.924,658169.7026,19.149862,0.91592705,0.70331556,27.511242,39.897533,33.346012,31.088684,24.268555,39.5647,36.150814,36.520466,38.1779,43.480206,33.24496,29.951052,29.644854,31.403383,32.619064,2.1557817,1.8009585,6.177193,7.453559,1381.34,39.805573,0,0.22396454,-0.004394531,70,30,0.3894821,0.4406467,0.28133872,0.25386438,0.32192108,0.68848985,0.7877653,13.301877,14.257225,12.268338,15.407263,16.800688,19.592493,16.695606,15.436318,16.957613,22.473793,16.766262,17.690546,24.489391,24.407022,21.449915,20.74334,15.003217,14.648613,14.199513,13.748749,18.224083,19.298456,19.157509,16.171553,14.341565,15.504461,14.545323,15.105011,18.037434,17.51372,18.696028,15.979685,19.408102,18.617222,18.438133,19.012867,19.6934,19.095812,18.594162,19.043333,18.260355,21.906073,16.607115,15.647435,18.901066,17.535051,17.145176,17.885721,0.80962133,1.9783702,6.8153763,0.45192975,33.704388,37.857758,31.598007,15.474784,20.604935,16.325733,16.249079,18.979954,18.000324,22.08
4446016.924,658174.7026,19.739965,0.9049737,0.69707,27.545406,39.904743,33.41007,31.307632,24.237257,39.667664,36.42331,36.430145,38.200222,43.78556,33.07139,29.327133,29.692965,31.304644,32.50775,2.125599,1.792452,6.1856356,7.394152,1381.32,36.18506,-0.2006836,0.26624805,-0.011108398,70,30,0.38946283,0.4387439,0.28245917,0.24950625,0.32638654,0.7059057,0.7912874,13.301877,14.257225,12.268338,15.407263,16.800688,19.592493,16.695606,15.436318,16.957613,22.473793,16.766262,17.690546,24.489391,24.407022,21.449915,20.74334,15.003217,14.648613,14.199513,13.748749,18.224083,19.298456,19.157509,16.171553,14.341565,15.504461,14.545323,15.105011,18.037434,17.51372,18.696028,15.979685,19.408102,18.617222,18.438133,19.012867,19.6934,19.095812,18.594162,19.043333,18.260355,21.906073,16.607115,15.647435,18.901066,17.535051,17.145176,17.885721,0.8010218,1.9590254,6.789894,0.45482168,33.725075,38.045486,31.19926,15.474784,20.604935,16.325733,16.249079,18.979954,18.000324,22.08
4446016.924,658179.7026,24.200989,0.89234656,0.6897763,27.741196,40.292717,33.474747,31.844204,24.15891,39.717407,36.743504,35.963287,37.99194,44.131763,32.86086,28.561152,29.992792,31.449392,32.667534,2.0932605,1.7704669,6.186917,7.294971,1381.31,29.014957,-0.07910156,0.2945203,-0.008789063,70,30,0.38946283,0.4387439,0.28245917,0.24950625,0.32638654,0.7059057,0.7912874,12.481403,13.098703,12.563944,14.117846,16.243322,18.551035,16.296036,14.730274,17.322912,23.448206,16.548044,17.816551,23.776108,24.287024,19.995045,20.680775,15.259567,15.495539,14.783913,14.101332,18.302296,19.994642,15.79629,16.356058,13.867119,14.353894,14.533809,15.125406,18.723696,18.030302,18.35626,15.937265,18.179777,18.44555,18.084675,19.195705,18.818018,19.748466,17.585619,18.742653,17.325169,21.886557,18.065054,15.8810425,18.018255,17.741653,14.486305,17.950315,0.7910614,1.9318638,6.740944,0.45482168,34.016956,38.230453,30.711006,14.764612,20.45627,16.247654,16.141499,18.579687,17.629148,22.08
4446016.924,658184.7026,24.498602,0.8842647,0.6912652,27.63922,40.4249,33.46003,31.874098,24.6787,39.622223,36.910282,36.81147,38.099407,43.686497,32.954407,28.274363,29.290585,31.36605,32.727757,2.0702038,1.7575961,6.200023,7.256687,1381.3,20.023987,-0.079589844,0.33498138,-0.006591797,70,30,0.38946283,0.4387439,0.28245917,0.24950625,0.32638654,0.7059057,0.7912874,12.795733,13.53947,11.628075,14.832692,16.155136,18.804571,16.014921,14.849447,17.495602,23.418041,16.324095,17.354794,23.602737,24.221062,19.982914,20.639545,16.494356,16.31984,14.3040085,14.891803,17.045137,18.520426,18.432917,16.48077,15.999364,14.847574,14.115152,14.414591,17.679222,18.047785,18.772404,15.985455,18.54716,19.167093,18.587128,18.946186,18.62888,19.787943,18.53307,18.924147,21.378916,22.094507,18.180786,17.860199,16.60428,17.683594,16.60562,18.911163,0.78776497,1.9138999,6.7283554,0.45482168,34.03206,38.26625,30.614384,14.824372,20.342749,16.572641,16.268011,18.885351,18.6297,22.08
4446016.924,658189.7026,29.098534,0.8854876,0.70966315,27.686876,40.436058,33.691658,31.23688,25.289274,39.254204,36.32164,37.79705,38.340942,42.67174,33.14815,28.820011,28.447704,31.392633,32.881676,2.078625,1.7814398,6.2116027,7.32171,1381.29,14.063697,-0.079589844,0.35401788,-0.008911133,70,30,0.38946283,0.4387439,0.28245917,0.24950625,0.32638654,0.7059057,0.7912874,12.795733,13.53947,11.628075,14.832692,16.155136,18.804571,16.014921,14.849447,17.495602,23.418041,16.324095,17.354794,23.602737,24.221062,19.982914,20.639545,16.494356,16.31984,14.3040085,14.891803,17.045137,18.520426,18.432917,16.48077,15.999364,14.847574,14.115152,14.414591,17.679222,18.047785,18.772404,15.985455,18.54716,19.167093,18.587128,18.946186,18.62888,19.787943,18.53307,18.924147,21.378916,22.094507,18.180786,17.860199,16.60428,17.683594,16.60562,18.911163,0.79757535,1.9300324,6.7666564,0.45482168,34.061466,37.78792,30.984081,14.824372,20.342749,16.572641,16.268011,18.885351,18.6297,22.08
4446016.924,658194.7026,23.612537,0.88486344,0.72540843,27.72505,40.440105,33.796574,30.960033,25.78856,39.039806,35.986458,38.65526,38.5087,41.96919,33.230114,29.11735,27.73702,31.024097,32.963753,2.0792556,1.795003,6.2255754,7.3570375,1381.28,16.92509,-0.15966797,0.34415042,-0.010009766,70,30,0.38946283,0.4387439,0.28245917,0.24950625,0.32638654,0.7059057,0.7912874,13.111986,15.439493,11.637224,14.788748,16.55377,18.92544,15.860575,15.479295,17.480488,24.162333,16.5109,17.492779,24.113983,24.57158,20.541061,20.928558,16.801394,17.01484,14.077144,14.50499,17.272247,19.119705,16.711063,16.54036,14.962596,15.918367,13.862715,14.886744,16.101372,18.638205,17.117014,15.9466095,18.702799,20.686983,18.479746,19.700735,18.433422,19.522036,18.856424,19.214472,21.36436,22.886515,17.696142,18.004025,18.763393,16.877518,17.322435,19.172472,0.80513597,1.9371293,6.7913065,0.45482168,34.082577,37.51313,31.173733,15.188177,20.696161,16.500196,15.926715,19.19745,18.987772,22.08
4446016.924,658199.7026,25.931377,0.8735734,0.74211276,27.503344,40.453926,33.752354,30.708143,26.437458,38.753616,36.13316,39.6158,38.723976,41.311153,33.532215,28.976688,27.07579,30.922295,32.754375,2.0745559,1.796575,6.240815,7.379226,1381.27,18.41497,-0.16015625,0.3171593,-0.012207031,70,30,0.38946283,0.4387439,0.28245917,0.24950625,0.32638654,0.7059057,0.7912874,13.677401,15.159879,12.1660595,14.426181,16.925678,18.2199,16.134983,15.464131,17.579508,24.628712,16.65543,17.859287,24.582312,25.157488,20.937166,21.265152,17.366222,17.00916,13.91581,13.472124,17.34961,20.422123,17.446222,16.69501,15.423357,15.203015,13.6580305,14.970546,17.311462,18.870249,17.255547,16.08271,19.147066,19.780699,18.154728,19.334879,18.095808,20.2346,19.74702,19.137854,21.126894,21.333511,18.510065,16.042622,18.454145,20.368448,19.044983,19.329311,0.8078431,1.9355655,6.8100204,0.45482168,33.978634,37.44339,31.254452,15.244298,21.057129,16.71161,16.098886,19.213545,19.268667,22.08
4446016.924,658204.7026,23.40088,0.87120813,0.75922054,27.532806,40.451572,33.569687,30.510702,26.929321,38.620686,35.950775,40.632114,38.995026,40.73709,33.551117,29.138609,26.369219,30.777916,32.80413,2.067805,1.8055453,6.254238,7.402687,1381.27,16.38954,-0.040039062,0.25406715,-0.002197266,70,30,0.38299316,0.44002852,0.26952675,0.2522648,0.33251515,0.6795807,0.77221286,13.677401,15.159879,12.1660595,14.426181,16.925678,18.2199,16.134983,15.464131,17.579508,24.628712,16.65543,17.859287,24.582312,25.157488,20.937166,21.265152,17.366222,17.00916,13.91581,13.472124,17.34961,20.422123,17.446222,16.69501,15.423357,15.203015,13.6580305,14.970546,17.311462,18.870249,17.255547,16.08271,19.147066,19.780699,18.154728,19.334879,18.095808,20.2346,19.74702,19.137854,21.126894,21.333511,18.510065,16.042622,18.454145,20.368448,19.044983,19.329311,0.81521434,1.9366752,6.8284626,0.4470174,33.992188,37.28573,31.344864,15.244298,21.057129,16.71161,16.098886,19.213545,19.268667,22.08
4446016.924,658209.7026,22.660816,0.8722817,0.79342824,27.78002,41.315983,33.5716,30.176895,27.032816,38.44897,35.427555,41.03108,38.942207,40.40271,33.406757,29.030724,26.070414,30.883293,33.16052,2.06703,1.846941,6.273753,7.465963,1381.27,30.963757,0.12011719,0.16720712,0.005615234,70,30,0.38299316,0.44002852,0.26952675,0.2522648,0.33251515,0.6795807,0.77221286,13.349951,15.688116,11.518565,13.961612,15.591753,19.057184,15.841927,15.248959,17.536823,24.186909,16.708439,17.904774,24.181652,24.829908,21.185514,21.190292,17.146215,19.105053,15.08429,14.672014,17.106487,20.484499,18.170877,17.466167,15.9044285,16.839941,13.454274,15.246618,16.600578,18.683975,17.231318,16.359276,18.757168,20.163687,18.131891,20.341549,18.146492,19.006536,19.481792,19.114595,20.848856,23.379692,19.937603,17.471409,18.26171,21.222527,18.539001,19.98945,0.832855,1.9569855,6.869858,0.4470174,34.548,36.938263,31.21874,15.001302,20.933432,17.395634,16.28016,19.147017,19.951542,22.08
4446016.924,658214.7026,22.28975,0.8629044,0.81159216,27.487185,40.46887,32.7126,29.925941,27.49018,38.84577,36.085903,42.105873,38.840332,39.953995,32.980713,28.814919,25.737291,31.465046,33.18199,2.0518513,1.8297566,6.2915344,7.503678,1381.26,56.309933,0.040039062,0.10339219,0.003295898,70,30,0.38299316,0.44002852,0.26952675,0.2522648,0.33251515,0.6795807,0.77221286,13.464007,15.412753,12.830246,14.050875,16.161787,19.29723,15.291519,15.4560375,16.921377,23.92628,17.033249,18.650143,24.565102,24.523033,21.652622,21.26181,14.991054,19.380384,15.347102,14.958769,16.626152,19.606537,17.67078,16.961008,15.584412,16.766207,13.864548,15.77767,16.748817,18.095535,17.98921,16.232782,17.472958,20.642494,18.1749,20.63379,19.002743,18.831171,19.74678,19.16048,17.6543,22.747765,19.992863,18.74429,17.915552,21.753168,19.17403,19.8456,0.8372483,1.940804,6.897606,0.4470174,33.978027,37.465836,30.897816,15.215489,21.03883,16.940111,16.403772,19.214975,19.71171,22.08
4446016.924,658219.7026,22.61198,0.8579971,0.8385995,27.551373,40.461098,31.7047,29.543613,27.909704,38.75556,35.932,43.720936,39.212788,39.268013,32.871033,28.865875,24.914782,30.789583,33.292618,2.0251527,1.8434391,6.2886367,7.5408096,1381.25,71.56505,-0.040039062,0.045340516,-0.002197266,70,30,0.38299316,0.44002852,0.26952675,0.2522648,0.33251515,0.6795807,0.77221286,13.464007,15.412753,12.830246,14.050875,16.161787,19.29723,15.291519,15.4560375,16.921377,23.92628,17.033249,18.650143,24.565102,24.523033,21.652622,21.26181,14.991054,19.380384,15.347102,14.958769,16.626152,19.606537,17.67078,16.961008,15.584412,16.766207,13.864548,15.77767,16.748817,18.095535,17.98921,16.232782,17.472958,20.642494,18.1749,20.63379,19.002743,18.831171,19.74678,19.16048,17.6543,22.747765,19.992863,18.74429,17.915552,21.753168,19.17403,19.8456,0.8482983,1.9342959,6.9147234,0.4470174,34.006233,37.34378,30.868454,15.215489,21.03883,16.940111,16.403772,19.214975,19.71171,22.08
4446011.924,658084.7026,25.13464,1.0756707,0.8492631,27.210545,33.61528,34.6181,28.238964,22.873165,36.92103,31.950153,31.990671,35.70479,40.709076,36.94447,33.681183,33.282433,35.979183,36.502,2.1009314,2.0575411,6.4203286,7.6959224,1381.92,74.58788,-0.23925781,0.8618301,-0.013305664,45,30,0.38925216,0.43928307,0.26459497,0.24279074,0.3261114,0.7099279,0.78713727,11.8587055,13.871943,13.820532,16.50676,17.744514,20.026865,17.029247,15.73027,15.099416,18.039463,15.727839,15.572836,16.35449,20.873781,16.23077,17.174292,12.487635,13.685545,11.495369,11.677174,15.787469,18.602001,18.027111,14.181453,11.577786,11.0304365,10.615725,12.080228,14.422995,17.660593,16.19647,13.145268,13.564459,13.680395,11.63024,13.093071,16.810122,18.18252,19.528217,14.753966,14.947548,16.105831,15.844098,13.643413,14.834876,15.2107315,14.842646,15.082186,0.9624669,2.0792363,7.0581255,0.45129964,30.412912,34.435593,35.312828,15.836938,16.842655,14.537474,13.369176,15.212718,15.061305,22.08
4446011.924,658089.7026,29.986202,1.0526584,0.81537116,27.072897,33.749504,34.839577,28.543869,23.063417,37.526665,32.68668,32.148106,36.099537,41.353172,36.489822,32.95785,32.86966,35.237865,35.702473,2.0723848,2.0228715,6.4417367,7.6525364,1381.86,78.69007,-0.000488281,0.8763529,0.004394531,45,30,0.38925216,0.43928307,0.26459497,0.24279074,0.3261114,0.7099279,0.78713727,12.721114,14.754964,14.704016,17.36908,18.42012,20.6418,17.380222,16.50749,15.857302,19.293839,16.793652,17.00142,17.308027,21.992956,16.688341,18.254673,12.780328,14.079727,11.825919,11.928726,15.592893,18.932083,18.468182,14.418674,12.178301,12.215489,11.774041,12.713943,15.26445,18.53987,17.180597,14.03454,14.262456,14.642134,12.763037,14.064331,17.984377,19.363031,20.712027,15.804749,16.380102,17.886086,17.508923,15.347067,16.056904,16.807257,15.963651,16.637701,0.9340148,2.0476282,7.0471363,0.45129964,30.411201,35.106674,34.72384,16.570189,17.847935,14.801124,14.26667,16.255913,16.564283,22.08
4446011.924,658094.7026,31.939005,1.0320263,0.7936163,27.233717,34.078423,35.025013,28.77539,23.202593,37.764694,32.61131,32.25491,36.298298,41.608315,36.224167,32.955063,32.596706,34.952805,35.299435,2.068674,2.03201,6.4351354,7.63873,1381.8,85.910835,0.32080078,0.8042195,0.017822266,45,30,0.38925216,0.43928307,0.26459497,0.24279074,0.3261114,0.7099279,0.78713727,12.3273945,13.72305,13.744023,14.598572,17.495914,20.78623,17.433683,15.693813,14.6256485,17.669529,15.172078,15.190399,16.505047,20.99102,16.20262,16.954296,11.57563,12.982054,11.488733,10.429254,15.415926,18.274012,16.111015,13.613466,12.729555,12.584472,12.638342,13.00461,15.204646,18.682695,16.823347,14.43729,14.555353,14.0668335,12.623789,14.072827,17.953344,19.967096,19.54086,15.800937,15.833689,17.046116,17.167667,16.931942,16.00326,17.171125,16.513983,16.682398,0.9128213,2.050342,7.036933,0.45129964,30.65607,35.188004,34.589615,15.729838,16.622335,13.753802,14.523952,16.111444,16.666826,22.08
4446011.924,658099.7026,14.674667,1.0227133,0.77660537,27.231768,34.066296,35.265533,29.15881,23.297112,37.869976,32.811234,32.441814,36.382137,41.608555,36.033703,32.979103,32.287003,34.595654,35.112823,2.0729465,2.0190558,6.3930626,7.622618,1381.74,93.656006,0.31982422,0.6745251,0.025512695,70,30,0.38925216,0.43928307,0.26459497,0.24279074,0.3261114,0.7099279,0.78713727,11.931648,13.932718,14.277647,14.82782,17.716358,20.056421,18.10017,15.631542,13.806346,17.127392,13.68587,15.192042,16.380424,19.443758,15.652127,16.145306,13.718672,15.651486,12.596713,13.4112215,18.350317,19.959986,18.184164,15.824403,12.374552,11.908116,11.686618,13.411318,14.575628,18.211023,16.919506,13.992169,14.763232,13.889566,13.093221,14.336527,16.25313,18.865614,19.265238,15.463841,15.617724,17.085434,15.15154,16.252508,16.44991,18.243055,16.04646,16.446918,0.89965934,2.0460012,7.00784,0.45129964,30.649033,35.340607,34.5064,15.8346815,15.89828,15.981794,14.1552515,15.780931,16.406662,22.08
4446011.924,658104.7026,13.447063,1.0124495,0.7620772,27.302368,34.32586,35.563103,29.601753,23.345362,37.862507,33.088154,32.71519,36.418354,41.39487,35.85889,32.819954,31.973713,34.236614,35.022297,2.0810263,2.024239,6.326201,7.597778,1381.68,98.98397,0.2006836,0.5508835,0.016723633,70,30,0.38925216,0.43928307,0.26459497,0.24279074,0.3261114,0.7099279,0.78713727,12.120276,14.228415,14.465373,15.024637,17.757166,20.310015,18.283703,15.833107,20.059956,22.188965,18.626572,20.85336,24.311811,24.024237,22.326817,21.83626,14.055189,15.226824,12.090995,12.90141,18.3893,19.453331,17.678455,15.530157,12.36924,11.902805,11.681308,13.361417,14.625273,18.227652,16.914196,13.990873,14.12488,13.2782545,12.130506,13.446579,15.490896,18.38359,19.006168,14.772544,14.929776,16.336777,14.407275,15.508245,15.783221,17.930227,15.819923,15.828324,0.88726336,2.0526328,6.9619894,0.45129964,30.814114,35.47533,34.339424,16.027082,21.770245,15.685072,14.154556,15.122981,15.816492,22.08
4446011.924,658109.7026,16.727928,1.0039694,0.748533,27.31343,34.315727,35.93876,30.010857,23.458735,37.752075,33.195786,32.77226,36.256245,40.98158,35.776867,32.901314,31.711634,34.05307,35.13581,2.0900192,2.013606,6.2424555,7.5707607,1381.64,100.49148,0.20019531,0.39369997,0.017822266,70,30,0.38925216,0.43928307,0.26459497,0.24279074,0.3261114,0.7099279,0.78713727,12.75478,14.99149,13.889224,14.659792,18.510036,21.25915,19.253546,16.194742,20.304972,22.39233,19.596537,19.935913,24.678905,23.735914,21.518303,21.951052,14.061075,14.609401,12.300562,13.254214,16.987383,18.318153,16.621847,15.076941,12.167616,11.888521,11.633806,13.186506,15.299579,17.131453,16.11766,13.758013,14.184688,12.92686,12.908836,13.779637,14.881885,18.598288,17.375973,14.653983,16.945919,16.498278,15.728839,15.572533,15.867013,17.077793,15.638415,16.329115,0.8762512,2.0518126,6.906608,0.45129964,30.814579,35.47393,34.33909,16.474003,21.737553,15.164663,13.917877,14.950882,16.189829,22.08
4446011.924,658114.7026,16.115871,1.0005035,0.7373746,27.163153,40.7685,36.393333,30.373936,23.491505,37.739784,33.49195,32.846222,36.141544,40.572365,35.610374,32.258064,31.345552,33.801693,35.0561,2.0885675,2.0094364,6.1426697,7.540308,1381.61,101.320694,0.24023438,0.36519915,0.021118164,70,30,0.3878708,0.44041553,0.28832275,0.25005156,0.32456723,0.7110547,0.78803444,12.571084,14.722902,13.619922,14.305356,17.363895,19.882204,17.46416,15.589273,22.114975,23.697332,21.483648,21.636799,26.099092,24.690735,23.250648,23.446873,17.403488,17.538729,15.401663,16.892365,19.255642,19.632755,18.610397,17.797607,13.801712,13.134897,12.614684,14.093058,15.89727,17.13794,16.475033,14.614718,14.446081,13.16511,13.256627,13.914085,16.12794,18.767664,17.322754,15.004276,17.432434,16.982395,16.099775,15.732358,16.679739,16.993944,15.888843,16.632679,0.86893904,2.049002,6.841489,0.45575956,33.965828,35.615868,33.93422,15.704217,23.28189,17.81929,14.736369,15.285751,16.544212,22.08
4446011.924,658119.7026,14.641678,0.9854733,0.7328116,27.139397,40.502235,37.105293,30.770658,23.74676,37.803936,33.80011,33.193424,36.020435,39.92439,35.556187,32.27806,30.484318,33.457485,35.03222,2.145998,1.9668199,6.0340524,7.517977,1381.58,104.0637,0.2788086,0.35401788,0.021118164,70,30,0.3878708,0.44041553,0.28832275,0.25005156,0.32456723,0.7110547,0.78803444,11.915091,13.020342,12.985539,15.360243,15.656991,19.488419,17.207573,15.043028,21.892628,23.611917,20.411312,21.081577,25.040174,25.606852,23.84814,23.23889,16.532932,17.143261,14.612585,15.997339,18.94423,21.27526,18.645239,17.573217,14.18014,13.386775,11.994235,13.566217,15.313972,18.025682,16.692774,14.672727,14.224358,13.22038,13.036749,14.136099,15.563374,17.69348,17.788103,14.699474,17.199337,17.730871,15.28768,15.372882,15.407612,17.044916,15.937535,16.357344,0.8591424,2.056409,6.776015,0.45575956,33.820816,35.802025,33.91712,15.090599,23.070374,17.592978,14.737113,15.094648,16.282976,22.08
4446011.924,658124.7026,9.737969,0.98965466,0.7235408,26.809998,40.233643,37.206425,30.982332,24.055443,37.74927,33.968952,33.014385,35.818348,39.92341,35.5206,32.469048,30.416008,33.506332,34.678886,2.158699,1.9484415,5.983098,7.4982557,1381.55,106.94445,0.24072266,0.3443686,0.021118164,70,30,0.3878708,0.44041553,0.28832275,0.25005156,0.32456723,0.7110547,0.78803444,11.9872,14.065648,11.754374,15.39303,15.557553,19.9542,15.784973,15.103231,22.011364,24.05486,20.04862,22.310867,25.305958,24.831873,23.915096,23.269873,16.972322,17.20746,14.94089,16.033688,18.623056,20.351967,19.341206,17.580368,14.516541,13.476082,11.810509,14.491255,15.051931,17.693659,16.615416,14.676485,14.377596,13.675592,12.175599,14.110469,15.575809,18.297256,17.49325,14.733209,17.567078,19.019917,15.284431,15.980929,16.574162,16.623446,16.422812,16.851707,0.8565977,2.0535703,6.740677,0.45575956,33.52182,35.85911,33.994823,14.92814,23.211237,17.638655,14.807914,15.100795,16.781824,22.08
4446011.924,658129.7026,14.825935,0.98883736,0.7200849,26.818363,40.252743,36.516434,31.104483,23.997498,37.973366,34.07786,33.082413,35.941265,40.80393,35.289955,32.322933,30.725103,33.374275,34.070717,2.1764617,1.9366013,6.036804,7.5105386,1381.52,111.023094,0.24023438,0.39917618,0.022216797,70,30,0.3878708,0.44041553,0.28832275,0.25005156,0.32456723,0.7110547,0.78803444,11.9872,14.065648,11.754374,15.39303,15.557553,19.9542,15.784973,15.103231,22.011364,24.05486,20.04862,22.310867,25.305958,24.831873,23.915096,23.269873,16.972322,17.20746,14.94089,16.033688,18.623056,20.351967,19.341206,17.580368,14.516541,13.476082,11.810509,14.491255,15.051931,17.693659,16.615416,14.676485,14.377596,13.675592,12.175599,14.110469,15.575809,18.297256,17.49325,14.733209,17.567078,19.019917,15.284431,15.980929,16.574162,16.623446,16.422812,16.851707,0.85446113,2.0565314,6.773671,0.45575956,33.535553,36.02561,33.806442,14.92814,23.211237,17.638655,14.807914,15.100795,16.781824,22.08
4446011.924,658134.7026,17.085932,0.9738219,0.7181591,26.710094,40.63765,35.92681,31.196611,24.11172,38.34547,34.18478,33.30354,36.361427,41.658077,34.943092,32.159046,30.837278,32.822838,33.146427,2.184247,1.9277745,6.06669,7.5158787,1381.49,115.657,0.35986328,0.42926684,0.024414062,70,30,0.3878708,0.44041553,0.28832275,0.25005156,0.32456723,0.7110547,0.78803444,12.28744,13.715612,11.93128,16.144787,16.532917,20.354734,15.870277,15.425206,22.047596,23.8396,20.660564,21.77275,25.719728,24.700045,24.118093,23.281416,17.130495,17.795494,16.185417,15.456447,18.839981,20.250944,19.595882,17.844793,14.705988,14.249407,12.762272,13.502841,15.36832,17.128922,16.820217,14.743941,14.295959,13.913492,12.238352,13.9081745,15.720318,17.634256,17.13113,14.63161,16.466362,18.205652,15.72804,16.721935,15.496862,16.729006,16.294302,16.607376,0.8459905,2.0560107,6.7912846,0.45575956,33.673874,36.265125,33.55107,15.262436,23.265482,17.893522,14.933995,14.977382,16.520308,22.08
4446011.924,658139.7026,15.572838,0.972124,0.71410894,26.712029,40.65239,35.420876,31.211298,24.095598,38.53477,34.24937,33.360542,36.424503,42.108017,34.769306,32.0483,31.038794,32.78914,32.850395,2.198823,1.9184897,6.0928774,7.516594,1381.45,121.70214,0.079589844,0.35369173,0.014404297,70,30,0.3878708,0.44041553,0.28832275,0.25005156,0.32456723,0.7110547,0.78803444,12.595064,13.848186,12.523107,16.314106,18.40194,19.723955,15.927859,15.737268,22.136057,24.08052,21.760395,22.14009,25.513489,24.756964,24.220093,23.562958,17.237543,18.28275,16.5972,16.409527,18.332968,20.410532,18.63038,17.966604,14.144629,14.2606535,13.797371,13.586899,16.237585,17.106693,16.834057,14.939506,14.359688,14.470034,13.841591,13.912718,16.421734,17.345623,16.93853,14.983209,15.886856,17.915424,16.679003,15.321782,16.237919,16.79502,15.45824,16.37567,0.84311646,2.0586562,6.8047357,0.45575956,33.68221,36.39207,33.408806,15.619173,23.515371,17.985844,15.13827,15.327132,16.32775,22.08
4446011.924,658144.7026,15.092776,0.96977776,0.7095343,26.713383,40.666916,34.99327,31.198658,24.08511,38.71109,34.314674,33.386566,36.469673,42.468792,34.609535,31.908522,31.22661,32.77985,32.61355,2.209774,1.9099828,6.1133337,7.511863,1381.44,127.90729,0.39892578,0.3264303,0.03100586,70,30,0.3894821,0.4406467,0.28133872,0.25386438,0.32192108,0.68848985,0.7877653,12.595064,13.848186,12.523107,16.314106,18.40194,19.723955,15.927859,15.737268,22.136057,24.08052,21.760395,22.14009,25.513489,24.756964,24.220093,23.562958,17.237543,18.28275,16.5972,16.409527,18.332968,20.410532,18.63038,17.966604,14.144629,14.2606535,13.797371,13.586899,16.237585,17.106693,16.834057,14.939506,14.359688,14.470034,13.841591,13.912718,16.421734,17.345623,16.93853,14.983209,15.886856,17.915424,16.679003,15.321782,16.237919,16.79502,15.45824,16.37567,0.839656,2.0598783,6.812598,0.45192975,33.690147,36.512882,33.25903,15.619173,23.515371,17.985844,15.13827,15.327132,16.32775,22.08
4446011.924,658149.7026,13.489065,0.95118076,0.72074926,27.028101,40.117043,33.67686,31.073875,24.439735,39.25345,35.702805,36.598946,38.398872,42.788277,33.89116,31.346836,29.42438,30.627583,32.264557,2.194956,1.8284177,6.14519,7.560809,1381.42,135.04114,0.44091797,0.34445596,0.033325195,70,30,0.3894821,0.4406467,0.28133872,0.25386438,0.32192108,0.68848985,0.7877653,12.593281,14.841815,12.053765,16.077505,18.122597,19.589098,16.614836,15.753719,22.37843,23.753506,20.790228,22.25388,25.90377,25.829416,23.652918,23.664013,17.707073,17.22861,15.88457,15.447763,19.448782,20.645048,19.00473,17.814325,14.091527,14.040056,12.613848,13.094961,16.77082,16.491,16.22937,14.568096,14.636348,14.680936,13.268832,13.866969,16.356363,17.667017,16.356846,15.001734,16.653809,17.236433,15.407064,15.7677555,16.117819,16.784643,15.297641,16.242281,0.83596504,2.0116868,6.8529997,0.45192975,33.57257,37.478127,32.618996,15.698985,23.508879,17.909512,14.761655,15.261902,16.180738,22.08
4446011.924,658154.7026,18.356337,0.94522166,0.71761346,27.054077,40.13082,33.431,31.04452,24.445326,39.33971,35.76618,36.68369,38.44456,42.968887,33.762104,31.064054,29.465738,30.621897,32.188553,2.191962,1.8237817,6.158373,7.543229,1381.4,147.99461,0.36035156,0.27052557,0.030029297,70,30,0.3894821,0.4406467,0.28133872,0.25386438,0.32192108,0.68848985,0.7877653,10.71003,15.138403,12.634893,15.912338,17.000404,19.285791,16.074385,15.299152,22.968527,24.223957,21.394936,23.196291,26.604767,26.520132,24.339,24.372942,18.772432,18.973558,16.61316,16.251842,20.282732,21.39417,19.3034,18.915525,15.455946,15.423505,13.6782,15.433963,18.752007,18.542784,18.16015,16.360895,15.076688,14.203443,12.69803,14.608536,16.350508,15.591426,15.707629,14.754395,17.236658,17.180796,15.415434,15.379946,15.640806,15.823852,15.379704,16.061369,0.83141756,2.0078719,6.850801,0.45192975,33.59245,37.552944,32.41308,15.250893,24.178228,18.798756,16.492365,14.890893,16.008171,22.08
4446011.924,658159.7026,22.808477,0.93786865,0.713647,27.083158,40.144817,33.30938,31.040022,24.44463,39.40188,35.867783,36.726276,38.484814,43.14601,33.640488,30.686392,29.484755,30.609735,32.12365,2.1809516,1.8194304,6.168979,7.516861,1381.39,143.1371,0.40039062,0.28651148,0.03552246,70,30,0.3894821,0.4406467,0.28133872,0.25386438,0.32192108,0.68848985,0.7877653,10.71003,15.138403,12.634893,15.912338,17.000404,19.285791,16.074385,15.299152,22.968527,24.223957,21.394936,23.196291,26.604767,26.520132,24.339,24.372942,18.772432,18.973558,16.61316,16.251842,20.282732,21.39417,19.3034,18.915525,15.455946,15.423505,13.6782,15.433963,18.752007,18.542784,18.16015,16.360895,15.076688,14.203443,12.69803,14.608536,16.350508,15.591426,15.707629,14.754395,17.236658,17.180796,15.415434,15.379946,15.640806,15.823852,15.379704,16.061369,0.82575786,2.000191,6.8429203,0.45192975,33.613987,37.63483,32.16344,15.250893,24.178228,18.798756,16.492365,14.890893,16.008171,22.08
