latitude,longitude,yield,Carbon (0-15 cm),Carbon (15-30 cm),Clay (0-15 cm),Clay (15-30 cm),Clay (30-60 cm),Clay (60-90 cm),Clay (90-120 cm),Sand (0-15 cm),Sand (15-30 cm),Sand (30-60 cm),Sand (60-90 cm),Sand (90-120 cm),Silt (0-15 cm),Silt (15-30 cm),Silt (30-60 cm),Silt (60-90 cm),Silt (90-120 cm),OM (0-15 cm),OM (15-30 cm),pH (0-15 cm),pH (15-30 cm),Elevation,Aspect,Curvature,Slope,TPI,Nitrogen,Phosphorous,ETa_Oct,ETa_Nov,ETa_Dec,ETa_Jan,ETa_Feb,ETa_Mar,ETa_Apr,SM 30 cm Oct,SM 30 cm Nov,SM 30 cm Dec,SM 30 cm Jan,SM 30 cm Feb,SM 30 cm Mar,SM 30 cm Apr,SM 30 cm growing,SM 60 cm Oct,SM 60 cm Nov,SM 60 cm Dec,SM 60 cm Jan,SM 60 cm Feb,SM 60 cm Mar,SM 60 cm Apr,SM 60 cm growing,SM 90 cm Oct,SM 90 cm Nov,SM 90 cm Dec,SM 90 cm Jan,SM 90 cm Feb,SM 90 cm Mar,SM 90 cm Apr,SM 90 cm growing,SM 120 cm Oct,SM 120 cm Nov,SM 120 cm Dec,SM 120 cm Jan,SM 120 cm Feb,SM 120 cm Mar,SM 120 cm Apr,SM 120 cm growing,SM 150 cm Oct,SM 150 cm Nov,SM 150 cm Dec,SM 150 cm Jan,SM 150 cm Feb,SM 150 cm Mar,SM 150 cm Apr,SM 150 cm growing,SM 180 cm Oct,SM 180 cm Nov,SM 180 cm Dec,SM 180 cm Jan,SM 180 cm Feb,SM 180 cm Mar,SM 180 cm Apr,SM 180 cm growing,Carbon,OM,pH,ETa,Clay,Sand,Silt,SM 30 cm,SM 60 cm,SM 90 cm,SM 120 cm,SM 150 cm,SM 180 cm,Precipitation
4446966.924,659439.7026,44.57735,0.73037666,0.5515233,22.775913,28.221512,26.181568,24.619802,22.908684,52.498875,48.173515,52.93793,57.55439,61.659924,25.016932,23.513748,20.93702,17.625837,14.77624,1.6824156,1.7107204,6.389611,7.307011,1378.33,263.79834,0,1.3253871,0.002197266,35,15,0.78758264,0.44986928,0.26795968,0.27464077,0.30884147,1.013114,0.9381911,23.158104,19.434015,12.620483,16.616396,13.808286,16.715612,17.031355,16.845602,25.708271,27.08712,18.532309,22.490065,20.197557,22.327084,20.582483,22.398218,16.227123,14.208402,13.616151,14.411082,13.514904,19.613327,14.359035,14.85778,15.233319,14.3500185,13.73982,13.471716,13.609578,16.93277,15.545093,14.3093405,16.610031,17.182913,17.97996,18.152687,14.529399,14.059475,17.241447,16.948557,17.211353,19.231112,16.03611,15.398039,17.212633,18.89422,19.990396,17.115019,0.64094996,1.696568,6.848311,0.57717127,25.498713,50.336197,24.265339,17.054893,22.417843,15.135717,14.697474,16.536558,17.710552,68.06
4446966.924,659444.7026,44.93498,0.7252105,0.55585104,22.01409,27.553997,25.958141,24.135643,23.451494,53.417484,49.333496,53.323227,58.663227,61.596973,24.460167,22.899614,20.788845,17.06618,14.760903,1.6712053,1.6773032,6.365908,7.3047585,1378.44,264.37082,-0.041015625,1.3099676,-0.004516602,35,15,0.78758264,0.44986928,0.26795968,0.27464077,0.30884147,1.013114,0.9381911,22.406862,19.139177,11.950973,17.082634,12.323308,16.146297,14.887399,16.383865,26.410677,27.986921,17.757103,22.149801,19.898245,23.69405,19.408876,22.36389,17.35447,15.503667,13.929503,13.190086,13.4316435,18.528316,15.7314415,15.01411,16.44514,13.579201,13.101953,12.229185,13.216205,14.795092,15.497756,13.870496,15.649309,17.119284,17.826508,17.352417,13.28881,14.4376545,13.830264,16.309553,17.48029,14.996735,16.073359,14.64413,15.313728,16.99162,19.364695,16.030258,0.64053077,1.6742542,6.8353333,0.57717127,24.784042,51.37549,23.67989,16.276665,22.47224,15.381304,14.123504,15.643463,16.409222,68.06
4446966.924,659449.7026,44.207905,0.7188736,0.5537324,21.788523,27.21571,25.516996,23.849556,23.614796,54.262463,50.520264,54.166283,59.52251,62.255737,23.850346,22.266949,20.412642,16.492056,14.4963045,1.6584817,1.646042,6.3465104,7.291371,1378.56,265.2008,0.12109375,1.1931856,0.011108398,35,15,0.78758264,0.44986928,0.26795968,0.27464077,0.30884147,1.013114,0.9381911,23.75573,21.869904,13.192612,17.958818,13.884625,16.295197,17.615227,17.708464,23.722183,25.442492,17.030153,20.598331,18.488665,21.020422,18.763845,20.701902,18.367098,15.567214,14.123965,12.789104,13.879445,16.640648,14.434762,15.014439,15.85446,11.81862,13.243489,11.418693,13.043859,14.852823,14.08741,13.238404,15.487819,14.852504,17.767487,17.378603,13.361805,14.673248,12.543091,15.850892,17.241133,15.1339445,15.451785,14.274382,13.918801,13.715502,15.111501,15.094487,0.636303,1.6522619,6.8189406,0.57717127,24.502117,52.391365,23.058647,17.796017,20.723726,15.114606,13.474193,15.15208,14.978149,68.06
4446966.924,659454.7026,45.33368,0.7105805,0.547489,21.796385,27.129051,25.299911,23.866817,24.14526,54.942425,51.379837,54.37492,59.71717,61.300346,23.426273,21.801365,20.378351,16.198265,15.104774,1.6399101,1.617151,6.3262177,7.2671895,1378.65,264.8094,0.080078125,0.94888437,0.006713867,35,15,0.78758264,0.44986928,0.26795968,0.27464077,0.30884147,1.013114,0.9381911,22.60025,20.924395,12.579662,17.603346,12.962838,14.804982,16.371113,16.870277,23.69714,25.41745,17.00511,20.573286,18.463623,20.97815,18.670952,20.67542,19.999914,16.152569,14.865785,13.9539385,15.302714,19.721235,16.640223,16.274595,19.55634,13.945615,15.808906,13.502223,15.227065,18.435883,16.165777,15.864545,18.512608,16.408371,18.904146,17.712248,15.716886,17.989546,15.421639,17.63713,17.89612,15.660481,15.906537,14.531061,14.722793,14.908606,15.442734,15.664117,0.62903476,1.6285305,6.7967033,0.57717127,24.462719,53.161133,22.61382,16.835226,20.68653,16.66234,16.091686,17.23792,15.581191,68.06
4446966.924,659459.7026,46.069332,0.702339,0.5510605,21.530664,27.291414,24.995419,23.697353,24.513237,55.24348,50.92044,54.362564,60.072094,60.98445,23.379889,21.9709,20.660578,16.025127,15.333783,1.6110935,1.621526,6.3600516,7.3027134,1378.73,264.9826,0.15966797,0.8196478,0.010009766,35,15,0.78758264,0.44986928,0.26795968,0.27464077,0.30884147,1.013114,0.9381911,22.25362,20.86658,13.001227,15.584833,13.630088,16.333097,15.374621,16.686085,23.550863,25.549944,16.33807,20.206066,19.08129,21.82949,19.133911,20.538574,18.709332,15.229987,13.155308,13.27051,13.473076,16.725376,14.495171,14.782207,18.595268,13.984718,15.262085,13.879721,13.785907,14.636643,16.543047,15.184091,17.990242,16.072027,17.872768,17.785791,16.506182,16.421196,16.748062,17.359125,15.531321,14.729732,14.431453,15.513501,12.371159,16.098547,15.514882,14.923863,0.62669975,1.6163098,6.8313828,0.57717127,24.41104,53.081963,22.675394,16.720581,20.812805,15.008393,15.2410555,17.05661,14.884371,68.06
4446966.924,659464.7026,48.31285,0.69334596,0.55194736,21.225285,27.86329,24.7002,23.628586,24.796247,55.33208,49.79281,54.374287,60.29177,61.05026,23.51046,22.446682,20.855673,15.891829,14.9228525,1.5804107,1.6377625,6.442002,7.359465,1378.79,268.77985,0.040527344,0.67330515,0.004516602,35,15,0.78374565,0.45561785,0.27753767,0.27731645,0.30944315,1.0097983,0.960768,22.416777,20.86658,13.001227,15.584833,13.630088,16.333097,15.496282,16.713276,23.550863,25.549944,16.33807,20.206066,19.08129,21.82949,19.133911,20.538574,18.709332,15.229987,13.155308,13.27051,13.473076,16.725376,14.495171,14.782207,18.595268,13.984718,15.262085,13.879721,13.785907,14.636643,16.543047,15.184091,17.946484,16.027811,17.83124,17.74426,16.464651,16.376852,16.701136,17.316317,15.531321,14.729732,14.431453,15.513501,12.371159,16.098547,15.514882,14.923863,0.6226467,1.6090866,6.9007335,0.5820325,24.544289,52.562447,22.97857,16.76127,20.812805,15.008393,15.2410555,17.013205,14.884371,68.06
4446966.924,659469.7026,48.320343,0.68401194,0.55568117,21.142685,28.259512,24.580896,23.434647,24.807869,55.265377,48.68567,54.059948,60.38951,61.000877,23.756548,23.008171,21.188398,15.976603,14.953366,1.5389704,1.6508135,6.490297,7.395445,1378.84,277.13577,0.03955078,0.46168047,0.005493164,35,15,0.78374565,0.45561785,0.27753767,0.27731645,0.30944315,1.0097983,0.960768,23.21217,21.337685,11.612174,16.596977,14.252438,16.333097,14.87669,16.846125,23.021667,24.748846,16.79201,19.856052,19.676584,21.82949,17.562397,20.46522,17.680439,15.774224,13.805415,13.41427,14.832709,16.725376,16.068718,15.041186,18.653019,14.539643,15.582021,13.776837,15.685315,14.636643,18.267548,15.559058,18.23401,15.525012,18.454515,17.427784,18.870583,16.376852,17.747072,17.692019,16.016819,17.080585,16.347303,15.734253,15.605861,16.098547,16.252872,16.225946,0.6198466,1.5948919,6.942871,0.5820325,24.7011,51.975525,23.382359,16.888748,20.49815,15.471594,15.877289,17.519405,16.162321,68.06
4446966.924,659474.7026,53.05898,0.67300105,0.56223845,20.596352,28.334993,24.312727,22.962406,24.291264,55.10998,47.6503,54.019154,60.644337,61.502068,24.102812,23.623777,21.531912,16.185246,15.176913,1.4882538,1.6551548,6.4752073,7.404327,1378.87,300.96375,0.080078125,0.2508098,0.005615234,35,15,0.78374565,0.45561785,0.27753767,0.27731645,0.30944315,1.0097983,0.960768,23.921408,19.974709,11.619785,14.627599,12.737037,15.289825,13.971206,16.100428,23.365583,24.909708,16.71907,19.834286,19.474127,20.891273,17.523483,20.305416,18.123455,15.722295,13.660888,15.27139,14.740883,16.176537,15.976644,15.404807,17.546597,14.755103,15.256059,15.149557,16.321907,17.092033,18.542442,15.902608,17.398613,16.266909,18.300982,17.165258,18.690413,16.053566,19.026747,17.445875,15.47689,15.484653,15.662942,16.877167,15.513634,11.550819,15.878048,15.521339,0.61761975,1.5717044,6.939767,0.5820325,24.465672,51.380142,23.863295,16.020224,20.388218,15.667441,16.380527,17.557499,15.206307,68.06
4446966.924,659479.7026,50.56811,0.65892017,0.54492056,20.476774,28.615652,24.162954,22.683636,23.81212,54.915512,46.876312,54.204792,61.2519,62.259495,24.285595,24.13788,21.393173,15.851424,14.694252,1.4522419,1.6582873,6.4774055,7.415764,1378.88,356.1859,0.080078125,0.21554539,0.005615234,35,15,0.78374565,0.45561785,0.27753767,0.27731645,0.30944315,1.0097983,0.960768,23.205742,21.907705,12.325889,16.056717,12.515813,16.421183,13.854205,16.761282,24.345081,24.690619,16.066257,19.629929,19.137745,20.276531,18.999418,20.263483,17.5917,16.983284,13.147362,13.654602,14.7230215,16.209377,16.93432,15.110813,17.064373,15.954491,12.889805,13.6696415,14.64524,17.413578,15.835322,14.842239,18.694773,17.651604,17.009909,17.185633,17.172798,17.999117,15.83414,17.449339,15.141543,17.261766,14.452416,15.813962,13.012515,14.5907345,15.253348,15.06337,0.60192037,1.5552646,6.9465847,0.5820325,24.546213,50.895912,24.211739,16.612465,20.44937,15.606237,15.353208,17.363995,15.075183,68.06
4446966.924,659484.7026,50.418934,0.65283823,0.5714213,20.350494,28.652632,24.267126,22.269705,23.433979,54.56892,46.2379,53.57286,61.08292,61.913578,24.595123,24.650465,21.915337,16.390924,14.930983,1.4312348,1.6611587,6.542505,7.426298,1378.87,20.22486,-0.040039062,0.29031855,-0.002197266,35,15,0.78374565,0.45561785,0.27753767,0.27731645,0.30944315,1.0097983,0.960768,23.80769,21.426003,12.703739,16.22057,13.284503,19.247383,16.521004,17.261595,23.420074,25.516928,16.456501,20.066862,19.44195,22.195312,18.235983,20.59912,17.998857,15.517247,13.312762,14.68749,13.536881,18.066727,17.859865,15.258466,16.776997,14.59771,13.542249,14.508909,13.921588,19.970116,19.557142,15.085296,16.86903,15.999227,17.616516,17.108282,16.047981,19.425262,18.682524,17.05163,15.5000305,16.218126,14.408788,15.462156,11.788821,14.265123,17.383904,14.728368,0.6121298,1.5461967,6.9844017,0.5820325,24.501564,50.40341,24.622795,17.601557,20.761946,15.854261,16.124958,17.392689,15.00385,68.06
4446966.924,659489.7026,54.50795,0.6687524,0.55896455,20.50756,29.200771,24.781937,22.382992,22.662767,53.717228,45.55337,52.783092,60.436115,62.615627,25.082645,24.83017,22.23932,16.934793,15.146734,1.4611425,1.6775508,6.4827976,7.4157877,1378.86,16.699244,-0.080078125,0.29938212,-0.004394531,35,15,0.78374565,0.45561785,0.27753767,0.27731645,0.30944315,1.0097983,0.960768,23.82668,20.94174,14.729481,16.445978,13.11868,18.716557,16.800182,17.765377,24.150541,26.311304,16.534174,19.989964,19.260736,21.210348,18.494463,20.726807,19.50375,14.583554,12.887828,14.923752,13.675602,20.878761,16.44136,15.483531,17.288113,15.221791,13.701827,14.681706,13.577243,21.713535,19.000406,15.4887705,16.890194,17.15558,17.855455,17.27745,16.205332,20.198269,19.775816,17.427351,16.832838,14.508224,14.413787,15.388652,11.952157,15.428757,18.576889,14.885175,0.61385846,1.5693467,6.9492927,0.5820325,24.854166,49.6353,24.956408,17.797043,20.850218,16.127802,16.454947,17.908298,15.300186,68.06
4446966.924,659494.7026,58.115936,0.69854087,0.5674118,20.777834,29.413183,25.338295,22.881178,22.516191,52.608643,45.06001,52.0852,59.903534,62.4879,25.648058,24.846504,22.566563,17.038813,15.251612,1.5304406,1.7053928,6.453921,7.409978,1378.86,23.182516,0.12011719,0.3273502,0.006713867,35,15,0.79053503,0.45612162,0.26346225,0.27340284,0.30818337,1.01375,0.8988054,23.82668,20.94174,14.729481,16.445978,13.11868,18.716557,16.800182,17.765377,24.150541,26.311304,16.534174,19.989964,19.260736,21.210348,18.494463,20.726807,19.50375,14.583554,12.887828,14.923752,13.675602,20.878761,16.44136,15.483531,17.288113,15.221791,13.701827,14.681706,13.577243,21.713535,19.000406,15.4887705,16.890194,17.15558,17.855455,17.27745,16.205332,20.198269,19.775816,17.427351,16.832838,14.508224,14.413787,15.388652,11.952157,15.428757,18.576889,14.885175,0.6329763,1.6179167,6.9319496,0.57203716,25.095509,48.834328,25.24728,17.797043,20.850218,16.127802,16.454947,17.908298,15.300186,68.06
4446966.924,659499.7026,54.283848,0.7274641,0.57843846,21.040907,29.671597,26.114809,23.18856,22.078356,51.456642,44.61891,51.427784,59.172123,62.57167,26.203327,24.863235,22.567324,17.520208,15.358309,1.6076382,1.7385352,6.4139004,7.397638,1378.84,25.57073,-0.040527344,0.36499342,-0.002197266,35,15,0.79053503,0.45612162,0.26346225,0.27340284,0.30818337,1.01375,0.8988054,23.844606,21.783417,12.723793,16.608068,12.696663,19.244,15.791751,17.328411,25.339401,26.188356,16.047213,20.147354,19.191282,21.119278,17.28641,20.733942,18.480263,16.531816,13.404857,14.943173,15.532418,20.45842,17.920076,15.879802,16.155792,15.989736,14.170155,14.728047,16.448656,20.90696,20.77,15.867359,16.877924,17.784374,18.129095,17.8406,16.876429,17.846403,19.634104,17.674688,14.59503,16.530893,14.242733,15.60905,16.23773,13.497246,17.502787,15.207848,0.65295124,1.6730866,6.9057693,0.57203716,25.35625,48.037777,25.533281,17.52747,20.7599,16.753002,17.02419,17.855562,15.4593525,68.06
4446966.924,659504.7026,49.25434,0.75340414,0.5911673,21.86576,30.194284,26.825434,23.216814,21.55708,50.32797,44.15466,50.685204,58.691113,63.02114,26.74585,24.893862,22.90275,18.055334,15.407273,1.6887808,1.7780049,6.343853,7.3784857,1378.83,9.481243,-0.040527344,0.3481628,-0.003417969,35,15,0.79053503,0.45612162,0.26346225,0.27340284,0.30818337,1.01375,0.8988054,24.253557,21.635223,12.756065,15.789011,11.934865,19.055841,15.881732,17.10457,24.809036,26.335901,16.048765,19.827862,19.158487,21.163939,17.887924,20.597437,20.020224,16.318192,12.720715,15.153218,14.695229,19.72872,17.47506,15.817025,18.255688,14.836133,14.951644,14.314409,16.078402,17.646526,17.557703,15.864353,16.937002,17.730585,18.67518,17.4529,16.87004,16.251932,19.154886,17.599888,14.876893,16.547016,14.4107065,15.871205,16.762138,14.250964,17.706778,15.481808,0.6722857,1.7333928,6.8611693,0.57203716,26.030022,47.241314,25.819855,17.32947,20.747416,16.587337,16.234356,17.581789,15.7751,68.06
4446966.924,659509.7026,58.0847,0.7767528,0.6095296,22.1985,30.155561,27.726606,23.682753,21.038593,49.190804,43.834965,50.08721,57.7671,63.544487,27.233568,24.864178,22.76789,18.564283,15.435027,1.7736533,1.824877,6.3046174,7.3697696,1378.83,0,-0.000488281,0.3434069,0,35,15,0.79053503,0.45612162,0.26346225,0.27340284,0.30818337,1.01375,0.8988054,24.253557,21.635223,12.756065,15.789011,11.934865,19.055841,15.881732,17.10457,24.809036,26.335901,16.048765,19.827862,19.158487,21.163939,17.887924,20.597437,20.020224,16.318192,12.720715,15.153218,14.695229,19.72872,17.47506,15.817025,18.255688,14.836133,14.951644,14.314409,16.078402,17.646526,17.557703,15.864353,16.937002,17.730585,18.67518,17.4529,16.87004,16.251932,19.154886,17.599888,14.876893,16.547016,14.4107065,15.871205,16.762138,14.250964,17.706778,15.481808,0.6931412,1.7992651,6.8371935,0.57203716,26.17703,46.512886,26.048874,17.32947,20.747416,16.587337,16.234356,17.581789,15.7751,68.06
4446966.924,659514.7026,62.13576,0.7980052,0.61733645,22.470186,30.348314,28.682402,24.21278,20.752722,48.197014,43.565422,49.339127,56.956837,64.187386,27.713772,24.896687,22.66441,18.879694,14.895149,1.8533305,1.8700976,6.302811,7.354713,1378.83,0,-0.000488281,0.3434069,0,35,15,0.79053503,0.45612162,0.26346225,0.27340284,0.30818337,1.01375,0.8988054,24.19087,19.316406,10.453359,14.583829,13.6324415,16.015743,16.163723,15.955443,24.297943,25.049034,15.831986,20.361032,18.251871,21.361423,16.835133,20.156748,18.044374,15.516231,13.348241,13.632855,14.88441,16.419617,15.7888975,15.119533,18.154505,14.047652,14.776969,14.449437,15.217495,16.592339,18.195524,15.67585,17.339468,16.008844,17.21941,18.29214,15.534284,17.77568,18.051226,17.260323,14.728722,16.470572,15.023608,15.5295,12.410344,15.787636,16.472027,14.998637,0.7076708,1.8617141,6.828762,0.57203716,26.40925,45.881218,26.30523,16.336624,20.28406,15.376374,15.919131,17.174437,15.203201,68.06
4446966.924,659519.7026,60.965393,0.8201405,0.62652034,22.588625,30.012266,28.995102,24.234426,20.139484,48.115467,43.90171,49.246,56.907692,65.176476,27.734356,24.846313,22.528202,19.01136,14.827342,1.9225409,1.8734441,6.256268,7.3497114,1378.83,352.55298,-0.040527344,0.33186865,-0.002319336,35,15,0.79053503,0.45612162,0.26346225,0.27340284,0.30818337,1.01375,0.8988054,23.464314,19.759487,9.572187,15.326612,12.785014,16.81861,16.311928,15.789875,25.11282,25.365591,15.861584,20.943409,18.196594,20.303036,17.460867,20.379276,19.473991,15.363618,13.827035,14.719116,13.076408,16.71797,17.706812,15.4171095,19.275135,13.844237,13.524272,15.622923,13.865476,15.518926,19.48178,15.542087,18.00214,15.722332,16.26304,19.274334,17.730682,19.201378,19.164461,17.649796,15.21316,14.143809,14.947556,17.019238,14.083194,16.439995,15.969425,15.291076,0.7233304,1.8979925,6.80299,0.57203716,26.300446,46.00859,26.290335,16.291164,20.463413,15.840707,15.876108,17.908337,15.402339,68.06
4446966.924,659524.7026,65.66572,0.8436996,0.63365334,22.499758,29.517904,29.129837,24.067612,19.149504,48.42048,44.57918,49.05591,56.692142,66.259544,27.676012,24.793222,22.56808,19.473816,15.161135,1.9838623,1.8595698,6.234557,7.3557367,1378.84,349.67276,0.079589844,0.3199145,0.004394531,35,15,0.7820034,0.4619046,0.27489182,0.28108692,0.30777386,1.0158719,0.94801766,23.464314,19.759487,9.572187,15.326612,12.785014,16.81861,16.311928,15.789875,25.11282,25.365591,15.861584,20.943409,18.196594,20.303036,17.460867,20.379276,19.473991,15.363618,13.827035,14.719116,13.076408,16.71797,17.706812,15.4171095,19.275135,13.844237,13.524272,15.622923,13.865476,15.518926,19.48178,15.542087,18.00214,15.722332,16.26304,19.274334,17.730682,19.201378,19.164461,17.649796,15.21316,14.143809,14.947556,17.019238,14.083194,16.439995,15.969425,15.291076,0.7386764,1.921716,6.795147,0.58164996,26.008831,46.499832,26.234617,16.291164,20.463413,15.840707,15.876108,17.908337,15.402339,68.06
4446966.924,659529.7026,64.1455,0.8697272,0.64105153,22.473114,29.207247,29.286236,24.350246,18.812944,48.602474,45.056503,48.952766,56.274944,66.40733,27.67672,24.808174,22.517548,19.655935,15.157154,2.0411525,1.8514341,6.241055,7.3586426,1378.84,357.50516,-0.000488281,0.32938164,0.001098633,35,15,0.7820034,0.4619046,0.27489182,0.28108692,0.30777386,1.0158719,0.94801766,23.57389,21.709976,9.961471,16.273975,14.990821,17.006887,15.895637,16.62123,25.127804,25.563957,16.046675,21.16723,19.000633,19.97312,18.2011,20.752653,19.471767,14.835523,13.7981,15.499019,14.603803,16.761005,18.541384,15.82459,19.269077,14.305404,13.846614,15.519411,15.444054,16.30051,20.74485,15.886746,18.09468,16.175959,16.78422,18.955685,17.134947,17.49533,21.230106,17.699667,15.278538,15.080845,15.982837,14.9735775,13.935996,15.207411,19.601418,15.470502,0.75538933,1.9462934,6.7998486,0.58164996,25.84018,46.82949,26.242447,17.058952,20.725788,16.215801,16.489988,17.981562,15.722946,68.06
4446966.924,659534.7026,63.67215,0.8976215,0.6468238,22.793615,29.45296,29.672174,24.417805,18.521551,48.542545,45.25165,48.651253,56.510715,66.525566,27.775389,24.872873,22.287487,19.46605,14.977783,2.1008873,1.852202,6.2429795,7.3567057,1378.84,355.2581,-0.000488281,0.34476176,-0.002197266,35,15,0.7820034,0.4619046,0.27489182,0.28108692,0.30777386,1.0158719,0.94801766,24.10288,21.467148,11.581893,16.644526,13.909389,17.110092,15.185174,17.034765,25.47793,26.021172,16.419333,20.874538,19.55367,19.970871,19.285349,20.96929,19.019693,15.010474,14.21021,14.897214,12.997075,16.761005,19.035088,15.547925,20.495468,14.38071,13.545873,14.462143,17.174168,16.30051,21.937874,16.021376,19.962158,16.207596,16.968401,18.375147,19.000479,17.49533,22.261732,18.173159,18.022089,15.157117,15.237445,14.846829,14.181297,14.162695,19.278282,15.668141,0.77222264,1.9765446,6.799843,0.58164996,26.123287,46.8971,26.324131,17.143015,21.086123,15.990109,16.899534,18.61012,15.840822,68.06
4446966.924,659539.7026,74.53592,0.92426103,0.64750016,22.957884,29.181265,30.175802,25.052526,18.197268,48.349693,45.18333,47.90078,55.350517,65.36763,28.05432,25.10402,22.620565,19.987804,16.069435,2.1397865,1.8584099,6.224509,7.3335037,1378.84,350.5613,-0.12011719,0.34865147,-0.005615234,35,15,0.7820034,0.4619046,0.27489182,0.28108692,0.30777386,1.0158719,0.94801766,24.10288,21.467148,11.581893,16.644526,13.909389,17.110092,15.185174,17.034765,25.47793,26.021172,16.419333,20.874538,19.55367,19.970871,19.285349,20.96929,19.019693,15.010474,14.21021,14.897214,12.997075,16.761005,19.035088,15.547925,20.495468,14.38071,13.545873,14.462143,17.174168,16.30051,21.937874,16.021376,19.962158,16.207596,16.968401,18.375147,19.000479,17.49533,22.261732,18.173159,18.022089,15.157117,15.237445,14.846829,14.181297,14.162695,19.278282,15.668141,0.78588057,1.9990982,6.779006,0.58164996,26.069574,46.76651,26.57917,17.143015,21.086123,15.990109,16.899534,18.61012,15.840822,68.06
4446966.924,659544.7026,71.681725,0.94707125,0.64867884,22.773829,28.933512,30.471113,25.168192,17.607157,48.20027,45.20953,47.702442,55.129513,65.597885,28.218708,25.236372,22.401968,20.176493,16.453856,2.174335,1.866518,6.2113876,7.3154774,1378.85,334.44003,-0.040039062,0.36554205,-0.006713867,35,15,0.7820034,0.4619046,0.27489182,0.28108692,0.30777386,1.0158719,0.94801766,22.550877,21.562325,12.4004545,17.14209,13.095181,15.008811,15.427029,16.82368,22.659075,26.484589,16.25667,20.183111,19.452547,19.744123,19.595001,20.42217,17.93036,16.140427,13.891418,15.078946,13.41835,17.257801,17.413809,15.430499,18.99844,15.937767,13.909266,14.858389,15.049583,15.450087,23.39651,15.833782,18.845764,17.940748,17.149508,18.545254,16.54168,15.623882,20.997904,17.659922,17.352516,17.083992,16.50376,16.175076,12.16385,16.534502,18.986273,16.278982,0.79787505,2.0204265,6.7634325,0.58164996,25.85367,46.704903,26.72754,16.740967,20.625017,15.875873,16.800007,17.949247,16.399996,68.06
4446966.924,659549.7026,75.07044,0.9437228,0.6455094,22.861277,28.28515,30.52647,25.005836,17.602427,48.700504,45.790127,47.732273,55.656124,65.47289,27.989738,25.104412,21.957499,19.923824,16.405651,2.1486475,1.8545783,6.1848307,7.3076444,1378.87,318.0128,-0.080078125,0.3857885,-0.002197266,35,15,0.7820034,0.4619046,0.27489182,0.28108692,0.30777386,1.0158719,0.94801766,23.226076,20.511528,13.70703,15.094206,14.300639,16.59986,15.441352,16.991531,23.092867,24.166666,16.514723,20.26183,19.052351,19.571455,16.96707,19.936922,18.057875,17.43091,14.546731,15.12798,13.550125,17.300919,17.257923,15.827151,17.291533,17.67991,15.60096,14.536819,15.405384,15.903784,22.484217,16.201395,17.167505,18.9204,18.493912,17.917263,16.916834,15.311244,22.242516,17.780085,15.874456,17.501688,14.998853,15.559942,11.689357,14.668784,15.985089,15.152949,0.7946161,2.001613,6.7462378,0.58164996,25.573214,47.245316,26.547075,16.982956,19.94671,16.18178,16.986086,18.138525,15.182595,68.06
4446966.924,659554.7026,71.01683,0.92688155,0.63770586,22.484722,27.824268,30.161333,25.289234,17.610603,49.651093,46.86558,48.155724,55.44563,65.974815,27.39068,24.792048,21.43744,19.730278,15.808764,2.10123,1.8330175,6.187608,7.301963,1378.9,308.65555,0.12011719,0.36697948,0.003295898,35,15,0.7816353,0.46875972,0.27490678,0.29970258,0.3084012,1.0137473,0.98186547,23.231634,20.511528,13.70703,15.094206,14.302493,16.602638,15.443204,16.99315,23.092867,24.166666,16.514723,20.26183,19.052351,19.571455,16.96707,19.936922,18.057875,17.43091,14.546731,15.12798,13.550125,17.300919,17.257923,15.827151,17.291533,17.67991,15.60096,14.536819,15.405384,15.903784,22.484217,16.201395,17.167505,18.9204,18.493912,17.917263,16.916834,15.311244,22.242516,17.780085,15.852871,17.465965,15.076221,15.587245,11.729752,14.697277,16.016523,15.176948,0.7822937,1.9671237,6.7447853,0.5898598,25.154495,48.25834,26.091364,16.984676,19.94671,16.18178,16.986086,18.138525,15.203694,68.06
4446966.924,659559.7026,66.848526,0.90864795,0.6336421,22.347607,27.154875,29.523834,24.80181,17.487055,50.692593,47.983025,48.678623,56.193275,65.99616,26.730986,24.586283,21.723503,19.554096,16.113628,2.0471492,1.8109283,6.160889,7.283661,1378.92,302.44647,-0.07910156,0.37315813,-0.002197266,35,15,0.7816353,0.46875972,0.27490678,0.29970258,0.3084012,1.0137473,0.98186547,23.472845,22.64055,13.021931,17.75314,15.13786,16.495546,16.366468,17.94442,22.467396,24.018568,16.441477,20.32066,19.38649,19.571455,17.065134,19.832678,18.062948,17.557554,13.292983,14.101766,13.583206,16.631123,17.472506,15.282146,17.604975,18.52167,14.769104,13.942276,14.272435,15.903784,21.532167,15.80933,17.458113,19.0721,18.25407,18.03738,16.407951,15.311244,22.280859,17.759518,16.084467,17.41817,12.992902,14.312424,12.641383,14.690293,14.956929,14.485551,0.771145,1.9290388,6.722275,0.5898598,24.75124,49.337807,25.658634,17.841192,19.895884,15.814584,16.649488,18.117388,14.728082,68.06
4446966.924,659564.7026,68.58515,0.8867365,0.62406975,22.061672,26.689804,29.10785,25.248064,17.307566,51.752304,48.977886,48.970074,55.32676,66.639366,26.107542,24.373055,21.391222,19.710777,15.4751425,1.9823785,1.7855277,6.122595,7.2494216,1378.95,299.0282,-0.041015625,0.44213215,-0.004516602,35,15,0.7816353,0.46875972,0.27490678,0.29970258,0.3084012,1.0137473,0.98186547,23.734547,21.638031,13.332286,18.01487,17.483171,15.650685,16.811796,18.218216,23.256262,25.02134,16.593813,20.607014,19.131348,19.840431,16.768045,20.182766,18.252806,15.576347,13.137215,14.247744,13.554927,17.002304,17.079405,15.082081,18.979698,18.797935,14.81235,14.104269,14.507251,15.182156,22.094011,16.08676,18.277283,19.48839,17.513128,16.7724,16.133272,15.099636,21.823187,17.447344,13.679636,15.563839,13.075531,14.792465,13.901759,16.755322,15.7041235,14.302764,0.75540316,1.8839531,6.6860085,0.5898598,24.375738,50.365097,25.2403,18.095057,20.174036,15.550107,16.92538,17.87247,14.781812,68.06
4446966.924,659569.7026,67.71725,0.86632574,0.6182372,21.837688,26.313398,28.552517,25.06917,17.050863,52.768726,49.887394,49.389282,55.55187,66.89458,25.52621,24.257713,21.416176,19.592703,15.400384,1.9212055,1.761482,6.0836945,7.202173,1378.99,299.0458,0.040039062,0.4426076,0.004394531,35,15,0.7816353,0.46875972,0.27490678,0.29970258,0.3084012,1.0137473,0.98186547,23.777325,21.650726,13.332286,18.01487,17.483171,15.650685,16.980707,18.228518,22.773737,24.377975,16.553686,20.300219,18.742393,19.840431,16.486883,19.86421,18.262888,15.564118,13.124988,14.235517,13.542699,17.034695,17.08205,15.077291,18.912086,18.689695,14.714139,14.012073,14.376643,15.182156,22.006172,15.996239,18.319906,19.388971,17.392246,16.638638,16.09819,15.145017,21.811356,17.38365,17.955534,16.466341,13.824001,15.356807,15.3536415,23.031593,18.765633,16.195768,0.74228144,1.8413438,6.642934,0.5898598,24.075542,51.32806,24.891962,18.12711,19.867903,15.549565,16.841852,17.82776,17.250507,68.06
4446966.924,659574.7026,68.11555,0.8455175,0.6119496,21.65401,26.144705,27.98995,24.569214,16.710955,53.68885,50.737366,50.071075,56.90865,67.821175,24.998392,24.088364,20.839022,18.829662,14.782638,1.8634257,1.733882,6.048353,7.1549935,1379.02,307.40536,0.12011719,0.30684224,0.006713867,35,15,0.7816353,0.46875972,0.27490678,0.29970258,0.3084012,1.0137473,0.98186547,23.980835,21.511177,12.742148,17.491383,18.292618,16.000692,16.2003,17.94853,24.05088,24.3795,16.488756,19.943802,18.445053,19.877329,17.513834,20.318117,17.602259,15.55865,13.087601,14.040634,13.888691,17.368195,16.599073,14.9433365,18.998829,18.171242,14.666397,13.788121,13.867561,15.463445,20.906052,15.771045,17.8334,19.530396,16.76358,16.25618,15.83807,14.986967,21.24241,17.036537,21.42104,16.510397,14.355434,15.299692,15.380028,21.317333,21.293133,17.07261,0.72873354,1.7986538,6.601673,0.5898598,23.899357,52.213108,24.543377,18.031307,20.09988,15.449301,16.551664,17.493002,17.939579,68.06
4446966.924,659579.7026,66.17501,0.82609344,0.6051894,20.926655,25.2886,27.551664,24.406137,16.532887,54.3725,51.590443,50.65529,57.28924,68.47429,24.617208,23.641562,20.431864,18.64788,14.432374,1.8205694,1.6969023,6.048299,7.129179,1379.03,320.7106,-0.040039062,0.20377946,0,35,15,0.7816353,0.46875972,0.27490678,0.29970258,0.3084012,1.0137473,0.98186547,23.980835,21.511177,12.742148,17.491383,18.292618,16.000692,16.2003,17.94853,24.05088,24.3795,16.488756,19.943802,18.445053,19.877329,17.513834,20.318117,17.602259,15.55865,13.087601,14.040634,13.888691,17.368195,16.599073,14.9433365,18.998829,18.171242,14.666397,13.788121,13.867561,15.463445,20.906052,15.771045,17.8334,19.530396,16.76358,16.25618,15.83807,14.986967,21.24241,17.036537,21.42104,16.510397,14.355434,15.299692,15.380028,21.317333,21.293133,17.07261,0.7156414,1.7587359,6.588739,0.5898598,23.107628,52.981472,24.129385,18.031307,20.09988,15.449301,16.551664,17.493002,17.939579,68.06
4446966.924,659584.7026,68.62648,0.8153607,0.5985392,20.97299,25.149426,27.178532,24.387974,16.476055,54.777554,52.40767,51.13695,57.460518,68.58099,24.363276,23.38571,20.579817,18.429335,14.285156,1.7936766,1.6582302,6.0683017,7.116484,1379.04,322.12503,0,0.16347715,-0.001098633,35,15,0.7810647,0.46376684,0.27543268,0.30154893,0.30847624,1.0149838,0.98868585,23.65158,22.158798,12.907411,17.30925,16.299562,14.685699,15.331211,17.551008,23.772943,24.61116,16.633772,19.788849,18.994116,20.043497,16.810158,20.203947,17.986387,16.747946,13.170773,13.748251,13.803402,16.911068,15.786911,15.057134,17.776247,15.028064,13.407299,14.411464,14.775533,15.948198,17.274763,15.038899,17.811832,16.978392,16.013758,16.767557,16.408373,14.851858,18.085709,16.644878,18.398205,19.663826,13.927829,16.006037,15.411447,22.510983,24.071333,17.175535,0.70694995,1.7259533,6.592393,0.59056556,23.061207,53.592613,23.874493,17.477644,20.0935,15.450677,15.517366,16.702496,18.56995,68.06
4446966.924,659589.7026,67.14456,0.8019471,0.57783973,20.834675,25.161524,26.810553,23.871122,16.127922,55.126778,53.26672,51.782284,58.02302,69.183075,24.164171,22.994602,20.5412,18.568842,14.405852,1.7674394,1.6189101,6.064343,7.109996,1379.05,307.86423,0,0.16323179,-0.001098633,35,15,0.7810647,0.46376684,0.27543268,0.30154893,0.30847624,1.0149838,0.98868585,23.474346,20.499346,11.8565,17.12568,17.064426,17.70045,15.405774,17.409367,24.130571,25.201471,16.42997,19.852962,18.563843,20.660938,17.663622,20.411844,19.223375,15.837814,13.182208,14.319239,15.06517,16.307545,15.955129,15.2994795,18.244717,13.934484,13.805873,14.227254,13.941249,15.523638,17.007551,14.849519,19.310623,16.121145,16.398859,17.308462,17.015041,15.911287,18.036602,17.097332,20.153769,22.541662,17.386517,17.644135,18.180548,21.702255,18.42798,18.900793,0.6898934,1.6931747,6.5871696,0.59056556,22.9981,54.196747,23.579388,17.589504,20.357624,15.69864,15.24068,17.15743,19.433838,68.06
4446966.924,659594.7026,65.27695,0.7861284,0.5701459,20.7132,24.552332,26.367477,23.871347,16.089882,55.55045,54.252605,52.50647,58.26968,69.634514,23.912548,22.689726,20.721992,18.316664,13.898612,1.7403246,1.5806006,6.0760283,7.1112676,1379.06,288.39987,-0.07910156,0.18058743,-0.004394531,35,15,0.7810647,0.46376684,0.27543268,0.30154893,0.30847624,1.0149838,0.98868585,23.474346,20.499346,11.8565,17.12568,17.064426,17.70045,15.405774,17.409367,24.130571,25.201471,16.42997,19.852962,18.563843,20.660938,17.663622,20.411844,19.223375,15.837814,13.182208,14.319239,15.06517,16.307545,15.955129,15.2994795,18.244717,13.934484,13.805873,14.227254,13.941249,15.523638,17.007551,14.849519,19.310623,16.121145,16.398859,17.308462,17.015041,15.911287,18.036602,17.097332,20.153769,22.541662,17.386517,17.644135,18.180548,21.702255,18.42798,18.900793,0.6781372,1.6604626,6.593648,0.59056556,22.632767,54.901527,23.301136,17.589504,20.357624,15.69864,15.24068,17.15743,19.433838,68.06
4446966.924,659599.7026,69.85665,0.7695206,0.5643625,20.489113,24.28226,25.909046,23.814148,15.989351,55.97803,55.243725,53.34008,58.363075,69.824104,23.669127,22.27339,20.507547,18.292482,13.815816,1.7124791,1.5443422,6.0839357,7.115332,1379.08,277.09808,-0.000488281,0.23064882,-0.002197266,35,15,0.7810647,0.46376684,0.27543268,0.30154893,0.30847624,1.0149838,0.98868585,22.8183,19.17171,9.905025,15.04012,12.699527,17.70045,16.09886,15.658147,23.267124,23.35968,16.161812,19.882786,18.766237,20.668623,18.028725,20.003145,19.400555,15.765667,14.818866,13.735718,17.354204,16.307545,16.124872,15.89372,17.901571,13.787944,14.206012,13.910444,15.976964,15.393986,17.230421,15.052886,19.744972,15.95663,16.055578,16.968805,13.715869,15.911287,15.714256,16.580177,23.244867,22.330671,21.59189,16.379993,20.210138,21.702255,20.328201,20.431284,0.6669415,1.6284106,6.599634,0.59056556,22.385687,55.610878,22.971258,16.204855,20.019283,16.215345,15.486764,16.295341,20.82686,68.06
4446966.924,659604.7026,73.26173,0.74965477,0.5629438,20.318666,24.46778,25.647236,24.24802,15.804189,56.414165,56.12351,53.93884,57.836426,70.79967,23.437809,21.969757,20.415363,18.31037,13.008098,1.6798744,1.5171432,6.0750666,7.118977,1379.1,281.30994,-0.040039062,0.21932714,0,35,15,0.7810647,0.46376684,0.27543268,0.30154893,0.30847624,1.0149838,0.98868585,24.69252,20.667234,9.027238,14.068392,12.114278,18.701912,16.087687,15.690993,23.390316,22.244919,16.033712,19.117617,18.74537,19.795996,18.434988,19.66911,17.520334,16.592436,15.582375,16.905956,17.82458,17.74675,16.083685,16.713749,17.252989,16.653429,15.180867,15.963114,16.08383,15.372192,17.503555,16.025152,16.028582,17.75759,14.968413,17.061874,12.579564,14.678985,15.043563,15.725629,22.769058,20.86239,22.058632,23.946556,22.502436,20.679394,19.938425,22.03344,0.6562993,1.5985088,6.597022,0.59056556,22.393223,56.268837,22.703783,16.479895,19.680416,16.893732,16.28714,15.445511,21.822414,68.06
4446966.924,659609.7026,71.578476,0.7291115,0.5586164,20.13577,24.300533,25.51141,24.216852,15.836703,57.10475,56.735962,54.534668,57.896446,70.93525,23.047054,21.772879,20.217793,18.277868,12.944432,1.6413696,1.4937607,6.081651,7.1173496,1379.12,291.80142,0.080078125,0.15442389,0.004394531,35,15,0.7810647,0.46376684,0.27543268,0.30154893,0.30847624,1.0149838,0.98868585,24.69252,20.667234,9.027238,14.068392,12.114278,18.701912,16.087687,15.690993,24.107126,22.588633,16.421377,19.546534,19.268295,20.51965,18.986038,20.154581,17.253399,16.56238,15.54689,16.812866,17.681644,17.562933,16.057783,16.608637,17.386278,16.739244,15.223666,16.030317,16.233793,15.522155,17.604414,16.115046,19.4969,20.498423,18.5966,20.77895,17.434572,17.252419,16.00805,19.238634,22.851955,20.938896,22.13514,24.023064,22.578943,20.768682,20.005112,22.108927,0.6438639,1.5675652,6.5995007,0.59056556,22.218151,56.920357,22.409966,16.479895,20.20538,16.782557,16.39141,18.580845,21.900255,68.06
4446966.924,659614.7026,67.71899,0.70688075,0.55473447,19.951006,24.170319,25.527876,24.158054,15.980904,57.9566,57.109787,55.041058,57.989456,71.015144,22.556877,21.671967,20.010872,18.224316,12.899908,1.5965961,1.477818,6.0852256,7.110159,1379.13,296.56506,0.040039062,0.12824216,0.003295898,35,15,0.83049864,0.50902027,0.2734772,0.28195488,0.31090936,1.0124222,1.0076385,25.012302,20.303843,10.344785,13.609227,12.398021,20.046906,16.21491,16.23329,24.87944,23.62004,16.743877,20.157177,19.31724,21.335989,18.26818,20.606052,18.230328,18.213232,16.71299,16.40519,18.876017,19.221691,18.05136,17.651714,18.226402,16.645636,15.092831,14.279248,15.669072,17.853485,18.873446,16.163118,18.877552,20.554405,18.915834,19.263927,17.916128,16.787989,16.229626,18.827085,22.76847,23.26333,22.800817,24.265715,21.18886,20.714136,22.272118,22.774902,0.63080764,1.5372071,6.5976925,0.603703,22.060661,57.533195,22.114422,16.847141,20.617422,17.958685,16.662874,18.363638,22.467634,68.06
4446966.924,659619.7026,63.66548,0.6856632,0.5482509,19.631285,23.75253,25.550417,23.969006,16.317709,58.77289,57.379593,55.653397,58.575954,70.6235,22.099009,21.536991,19.777328,17.870686,12.946172,1.5485207,1.4667984,6.0749974,7.0987334,1379.14,288.43494,0,0.1813615,0,35,15,0.83049864,0.50902027,0.2734772,0.28195488,0.31090936,1.0124222,1.0076385,24.308956,20.821337,11.260564,14.305893,12.686534,16.64826,16.096327,16.286648,25.1754,23.779932,16.55514,20.753773,18.612448,21.268179,18.226791,20.658812,20.000586,21.103016,17.130213,16.063047,18.944647,19.434849,17.079042,18.461027,18.076689,19.252571,15.603088,15.131277,15.672236,15.75383,17.891533,16.477781,19.875402,19.738482,18.162867,20.369923,17.308973,16.545767,16.11663,18.822039,22.684795,23.050463,22.815138,22.232426,21.153364,20.43052,22.283625,22.250795,0.61695707,1.5076596,6.5868654,0.603703,21.691906,58.07624,21.818,16.589695,20.624523,18.536486,16.768747,18.302578,22.092905,68.06
4446966.924,659624.7026,49.63729,0.68095136,0.5519052,19.541954,23.982502,25.476889,23.884394,16.64248,59.644623,57.363503,56.3496,58.574177,70.66032,21.558214,22.064344,19.537315,17.88244,12.828901,1.515761,1.4574202,6.046315,7.080369,1379.16,283.38348,0.000488281,0.30895966,-0.001098633,35,15,0.83049864,0.50902027,0.2734772,0.28195488,0.31090936,1.0124222,1.0076385,24.135077,20.584747,10.933475,14.077524,12.467765,16.469778,16.481115,16.0491,25.82387,25.154495,17.182646,21.697908,19.081236,21.646233,18.803305,21.403318,20.625776,21.353518,17.349339,16.286087,19.162184,19.76793,17.639112,18.771334,19.354515,19.036982,15.350021,14.908007,15.986851,16.32933,18.410734,16.736448,19.723389,19.430056,18.035635,20.254864,17.153597,16.41198,15.965917,18.665873,22.669817,22.90214,22.80987,22.223274,21.144861,20.420397,22.269098,22.224005,0.61642826,1.4865906,6.563342,0.603703,21.762228,58.504063,21.81128,16.449926,21.341385,18.88342,17.053776,18.139347,22.06278,68.06
4446961.924,659309.7026,49.954212,0.76324874,0.6675147,23.06304,30.865055,28.70406,24.317413,20.798458,51.99823,45.787823,48.384594,60.586117,66.39821,23.985725,24.42473,22.942326,15.125949,12.927988,1.7733926,1.8234099,5.9133053,7.3483667,1377.83,37.25329,0.0390625,0.4494426,0.006591797,35,15,0.7682424,0.47389185,0.23727673,0.30383003,0.31205377,1.0035472,0.73687214,22.701944,17.952406,8.318161,11.993666,11.451608,15.024968,16.119059,14.058959,24.742102,25.207542,16.286638,19.853073,18.795282,20.940723,19.316011,20.519424,19.11692,18.499159,14.51204,15.657082,14.906247,22.387875,17.907269,16.845013,14.121525,12.535565,10.077294,10.497429,10.627168,14.913289,16.271969,11.954988,15.560822,16.117304,11.43716,12.8604555,9.016964,13.18866,17.438982,13.015743,17.328323,18.069191,17.26801,18.563967,14.541222,16.529041,20.294264,17.544025,0.71538174,1.7984012,6.630836,0.5479592,26.964046,48.89303,24.205227,14.794545,20.734482,17.569515,12.720605,13.660049,17.513432,68.06
4446961.924,659314.7026,49.573303,0.77846354,0.64825624,23.25249,31.045055,29.507101,25.33241,21.2439,51.721462,45.52408,46.611347,59.163567,65.298775,24.510273,24.736982,23.936874,15.567262,13.328659,1.7600901,1.8367859,5.9422436,7.32741,1377.8,51.918823,0.16113281,0.67326796,0.012329102,35,15,0.7951157,0.4703473,0.27494034,0.2806733,0.30781695,1.0076258,0.7936542,22.581808,18.466295,9.113489,13.40793,13.747872,14.728075,16.099485,14.782367,24.950165,27.151503,16.129612,20.591457,18.467014,21.730984,20.338808,21.016531,20.220955,14.4501505,14.900157,16.282534,15.828828,18.994318,16.539633,16.4869,14.069588,9.162749,10.587943,10.785446,12.181156,10.85236,14.8412895,11.337346,14.379425,16.294672,9.99634,11.014647,10.643384,12.330126,13.200526,12.007321,19.208763,19.420116,15.384904,15.3847885,14.896201,16.039833,16.370436,16.459028,0.7133599,1.7984381,6.6348267,0.5614534,27.148773,48.622772,24.623627,15.449279,21.337078,16.745226,11.782933,12.551302,16.67215,68.06
4446961.924,659319.7026,50.56731,0.79135376,0.6298023,23.61413,31.659399,29.92726,25.758968,21.886463,51.481567,45.01866,45.899143,57.698532,64.11122,25.025051,24.933882,24.242588,16.413202,13.682507,1.7567091,1.8520712,5.9754643,7.310933,1377.74,53.31628,0.03955078,0.83937794,0.002197266,35,15,0.7951157,0.4703473,0.27494034,0.2806733,0.30781695,1.0076258,0.7936542,22.945469,18.70122,9.499755,14.051396,11.929325,13.251968,13.27985,14.805417,26.270947,27.909174,16.3005,20.880842,19.168953,21.881945,21.245071,21.51822,21.25457,18.043703,14.827498,17.753931,14.822738,16.79898,18.204618,17.065218,14.776793,10.38211,8.798084,10.674459,9.975743,9.987024,14.555844,10.735898,15.085122,14.024322,11.311841,12.215719,13.06783,13.597332,12.95934,12.88712,19.287804,17.461824,15.644902,16.459084,16.138924,16.069454,17.808573,16.727453,0.710578,1.8043902,6.643199,0.5614534,27.636765,48.250114,24.979465,14.808426,21.951063,17.386578,11.307152,13.180216,16.981508,68.06
4446961.924,659324.7026,52.67481,0.7828412,0.60297906,23.592257,31.817099,30.484997,25.553083,22.014332,51.235603,44.648018,44.380478,57.333794,63.89316,25.598951,25.323473,25.232792,16.735283,13.7505665,1.7707797,1.864271,6.006611,7.2962904,1377.68,52.587517,0.041015625,0.9194435,0.004516602,35,15,0.7951157,0.4703473,0.27494034,0.2806733,0.30781695,1.0076258,0.7936542,22.945469,18.70122,9.499755,14.051396,11.929325,13.251968,13.27985,14.805417,26.270947,27.909174,16.3005,20.880842,19.168953,21.881945,21.245071,21.51822,21.25457,18.043703,14.827498,17.753931,14.822738,16.79898,18.204618,17.065218,14.776793,10.38211,8.798084,10.674459,9.975743,9.987024,14.555844,10.735898,15.085122,14.024322,11.311841,12.215719,13.06783,13.597332,12.95934,12.88712,19.287804,17.461824,15.644902,16.459084,16.138924,16.069454,17.808573,16.727453,0.69291013,1.8175254,6.6514506,0.5614534,27.704678,47.94181,25.461212,14.808426,21.951063,17.386578,11.307152,13.180216,16.981508,68.06
4446961.924,659329.7026,47.823635,0.78753793,0.5862033,23.560436,31.857801,30.58474,25.624712,22.271484,51.06055,44.527374,44.26833,56.80906,63.774952,26.085493,25.41663,25.245018,16.962564,13.763639,1.7897354,1.8703053,6.0446105,7.277417,1377.61,50.20016,-0.08105469,0.8948049,-0.006713867,35,15,0.7951157,0.4703473,0.27494034,0.2806733,0.30781695,1.0076258,0.7936542,23.28681,16.881113,9.326339,13.634333,13.082542,13.8198595,16.540922,14.728456,26.9345,26.825216,16.96464,21.391281,20.9737,22.43871,21.327429,22.045702,22.6348,15.57341,14.574394,15.401715,14.524884,17.520336,18.552074,16.457073,16.628334,7.8530116,9.869512,9.932898,10.132749,11.051881,15.613979,10.946217,15.619974,12.015897,11.276378,11.8467,15.767052,15.26599,14.478505,13.135484,18.206575,16.324514,15.995885,16.927095,17.351675,16.083923,19.328926,16.791977,0.6868706,1.8300204,6.6610136,0.5614534,27.709118,47.79396,25.75106,15.224561,22.407925,16.968801,11.583196,13.752929,17.174086,68.06
4446961.924,659334.7026,48.639572,0.79430735,0.5779445,23.806488,31.987532,31.149225,26.055477,22.365562,50.650124,44.292732,44.035732,55.789986,63.748947,26.707508,25.719345,24.936487,17.492294,13.913709,1.8252205,1.8750131,6.0674157,7.2609367,1377.56,47.795193,0.000976563,0.8315421,0.003417969,35,15,0.7951157,0.4703473,0.27494034,0.2806733,0.30781695,1.0076258,0.7936542,22.672298,17.947685,12.431496,16.294037,15.360298,15.971328,17.537333,16.610811,26.412453,26.425745,16.96372,21.150496,21.024626,22.121525,21.350721,21.838303,20.82493,12.583149,11.872036,12.660074,10.212051,13.772361,16.839323,13.569282,17.592651,10.222791,12.103372,12.196662,12.057467,12.15111,16.430275,12.813691,18.805584,14.758557,14.132047,15.040776,18.723068,17.807634,16.987404,16.103071,18.000738,16.11613,15.77695,16.707287,17.142576,15.883349,19.123697,16.579987,0.68612593,1.8501167,6.664176,0.5614534,27.89701,47.471428,26.213427,16.887783,22.207043,14.109133,13.250618,16.607866,16.96439,68.06
4446961.924,659339.7026,57.23576,0.8228856,0.5929782,23.918879,31.930202,31.606268,26.85781,23.097765,49.062683,43.236668,42.84158,53.68445,61.980495,27.958591,26.272175,25.660204,18.814621,14.776201,1.9217485,1.9030247,6.153984,7.238449,1377.51,45,0.080078125,0.74970794,0.001098633,35,15,0.7951157,0.4703473,0.27494034,0.2806733,0.30781695,1.0076258,0.7936542,22.114162,18.373987,11.704257,16.538029,15.801562,16.401926,17.958841,16.537449,25.407219,26.958323,20.61469,22.626575,23.492853,24.276794,24.330292,23.44573,20.581272,13.670314,11.913418,11.878099,14.79931,15.959203,21.808563,14.285984,15.653387,11.346733,12.09972,12.060949,14.640671,12.740107,16.65262,13.003678,18.41204,16.967035,14.8098955,15.105296,18.978775,17.684616,17.38941,16.508377,17.863676,17.955946,17.212488,16.832785,18.34408,16.386795,19.254648,17.353064,0.7079319,1.9123867,6.6962166,0.5614534,27.924541,46.149673,27.115383,16.98468,23.958109,15.801455,13.599169,17.049582,17.692917,68.06
4446961.924,659344.7026,57.953255,0.8431902,0.6191359,24.277033,31.850142,31.487474,26.636007,22.64028,46.94196,42.00855,43.292053,53.706062,63.158936,29.435057,26.671906,25.295626,19.095726,14.483656,2.039833,1.9334875,6.2228003,7.2316847,1377.47,37.66408,-0.000488281,0.63324714,0.003295898,35,15,0.7789961,0.45501792,0.27109373,0.27220014,0.30824485,1.0091156,0.78450173,23.137053,18.34535,11.326611,16.40997,15.433949,14.456331,17.64846,16.3687,23.767075,25.00109,19.457415,20.60926,21.68376,22.581924,23.430038,21.812494,17.29848,15.921815,11.768506,13.587351,13.257819,15.400623,20.422876,14.053436,18.139746,16.004663,14.00151,13.307619,15.5697975,16.69514,19.932533,15.249496,19.56424,20.7802,15.843762,14.322329,16.80465,17.287775,20.396408,16.923191,18.931143,20.094538,18.99003,17.486073,17.786077,18.390858,18.84522,18.482883,0.731163,1.9866602,6.7272425,0.55416715,28.063587,44.475254,28.053482,16.679674,22.36151,15.379638,16.235859,17.857052,18.646276,68.06
4446961.924,659349.7026,58.229393,0.8769665,0.6438939,24.62982,32.026676,31.653244,26.706135,22.516096,44.778027,40.529358,42.83749,52.953373,62.98699,30.82336,27.26343,25.5303,19.82579,14.846284,2.1708887,1.9794834,6.2577653,7.2127604,1377.44,37.419106,0.119140625,0.61289895,0.005493164,35,15,0.7789961,0.45501792,0.27109373,0.27220014,0.30824485,1.0091156,0.78450173,23.263645,18.492176,11.345239,16.430979,15.472789,14.469457,17.77033,16.432352,23.767075,25.00109,19.457415,20.60926,21.68376,22.581924,23.430038,21.812494,16.142256,13.727206,9.650118,11.48588,11.115075,13.799509,18.447836,12.12846,16.730183,14.217082,12.452331,11.937686,13.959976,15.288107,18.56904,13.727963,19.482262,21.06896,16.141985,14.614116,17.113596,17.618168,20.696783,17.158203,18.931143,20.094538,18.99003,17.486073,17.786077,18.390858,18.84522,18.482883,0.7604302,2.075186,6.735263,0.55416715,28.328247,42.653694,29.043396,16.749231,22.36151,13.481125,14.736343,18.105124,18.646276,68.06
4446961.924,659354.7026,62.27474,0.9193597,0.66585004,25.242865,32.146458,31.770662,27.106506,22.732887,42.74022,39.177345,42.573612,51.502373,62.082985,32.0019,28.012161,25.646042,20.964262,15.316651,2.3069067,2.0327668,6.312002,7.1894746,1377.4,30.94612,-0.119140625,0.58448666,-0.006591797,35,15,0.7789961,0.45501792,0.27109373,0.27220014,0.30824485,1.0091156,0.78450173,23.598667,19.517496,11.297374,16.389223,16.151634,17.638176,17.833889,16.900915,23.275759,23.171509,11.447551,16.8959,16.886322,17.730354,18.501072,17.80104,15.470544,13.84509,8.572073,11.144506,11.603203,13.379158,21.136309,12.023206,16.879002,15.878571,11.857095,12.423766,14.592285,15.376853,21.602386,14.429292,18.32123,20.7986,14.443146,15.42948,16.808237,18.525406,21.177187,17.022102,17.362228,18.981127,17.231867,16.953732,16.270727,16.617443,20.03732,17.356855,0.79260486,2.1698368,6.750738,0.55416715,28.69466,40.958782,30.00703,17.489496,18.272638,13.592982,15.515709,17.92904,17.636349,68.06
4446961.924,659359.7026,66.356285,0.9724265,0.68227434,25.588575,32.36693,32.69943,27.980639,22.95499,40.860306,37.593414,40.278194,49.523426,60.656338,33.00583,29.439196,27.029333,22.206118,16.136627,2.4429967,2.0966759,6.3467603,7.158488,1377.38,14.406857,-0.12011719,0.51792616,-0.008911133,35,15,0.7789961,0.45501792,0.27109373,0.27220014,0.30824485,1.0091156,0.78450173,22.408792,19.83578,12.400962,14.929445,17.424564,16.8128,16.699041,16.839106,22.128834,23.86968,11.540492,16.768406,15.829361,17.813688,17.011543,17.469847,14.947481,11.18385,9.947084,10.020149,10.046276,14.393181,13.680108,11.35666,17.121904,13.134277,11.483792,12.313963,14.571243,16.19295,17.084276,13.949384,18.603964,17.157005,14.6261,17.578127,15.787979,18.893887,18.64366,16.989393,18.998108,16.46823,16.7812,18.837833,16.183893,19.683636,17.492203,17.719889,0.8273504,2.2698364,6.752624,0.55416715,28.977753,39.22686,31.222511,17.215912,17.851715,12.031161,14.557487,17.327246,17.777872,68.06
4446961.924,659364.7026,66.88876,0.9990428,0.690674,25.880928,32.358257,32.82083,27.978483,22.714233,39.519756,36.81937,39.993534,49.174995,60.652508,33.67006,29.891699,27.165752,22.630402,16.280285,2.537983,2.1223178,6.376178,7.148472,1377.38,1.7357038,0,0.4733582,-0.001098633,35,15,0.7789961,0.45501792,0.27109373,0.27220014,0.30824485,1.0091156,0.78450173,22.408792,19.83578,12.400962,14.929445,17.424564,16.8128,16.699041,16.839106,22.128834,23.86968,11.540492,16.768406,15.829361,17.813688,17.011543,17.469847,14.947481,11.18385,9.947084,10.020149,10.046276,14.393181,13.680108,11.35666,17.121904,13.134277,11.483792,12.313963,14.571243,16.19295,17.084276,13.949384,18.603964,17.157005,14.6261,17.578127,15.787979,18.893887,18.64366,16.989393,18.998108,16.46823,16.7812,18.837833,16.183893,19.683636,17.492203,17.719889,0.8448584,2.3301504,6.762325,0.55416715,29.119593,38.169563,31.78088,17.215912,17.851715,12.031161,14.557487,17.327246,17.777872,68.06
4446961.924,659369.7026,67.43964,1.020696,0.68262845,25.962944,32.177586,33.285637,28.416428,22.744797,38.96072,36.603638,39.503563,48.554707,60.610817,33.914547,30.517958,27.162634,22.987522,16.125689,2.595067,2.1279092,6.388595,7.1344204,1377.38,356.1859,0,0.43108466,-0.002197266,35,15,0.7789961,0.45501792,0.27109373,0.27220014,0.30824485,1.0091156,0.78450173,22.877346,21.614939,12.257806,16.737051,16.372787,16.78842,16.689024,17.352804,22.627209,25.987036,10.955686,16.588848,15.9427185,19.272608,16.811502,17.78027,16.019287,12.009381,9.930344,8.540909,12.921102,15.216511,14.9315405,11.937917,17.771774,12.900715,11.338214,11.432454,14.415301,14.440783,16.399126,13.595508,19.280163,18.003883,13.673352,15.613286,15.966733,19.04026,17.512741,16.54083,19.143522,17.881012,15.911237,17.263681,15.696345,15.446494,17.551125,17.066536,0.8516623,2.361488,6.761508,0.55416715,29.070265,37.78218,32.21625,17.619625,18.31223,12.795581,14.099767,17.012918,16.984774,68.06
4446961.924,659374.7026,68.72664,1.0162683,0.66573566,25.658709,31.439096,32.869534,28.632082,22.543049,39.106716,37.305218,40.57402,49.394745,61.16569,33.840763,30.399359,26.495058,22.18062,15.878557,2.592702,2.0930092,6.390165,7.145169,1377.38,341.5806,-0.16015625,0.40783668,-0.010009766,35,15,0.77663547,0.45802477,0.27058455,0.27824768,0.3078969,1.0146804,0.81908184,24.259455,22.480974,12.937489,16.533106,17.538696,16.032782,15.884397,17.90161,23.802097,25.753145,11.173877,17.17499,15.565128,19.541304,16.310198,18.0987,18.011013,12.470398,10.051189,9.728117,12.79594,15.268855,15.580925,12.593762,19.464672,13.0482025,11.655128,12.666838,14.967262,14.260279,16.387878,14.286439,20.54467,17.053217,13.548518,15.436519,16.573988,19.184147,18.444006,16.652609,18.521183,18.590933,15.410626,18.689182,16.092257,17.861149,18.03323,17.474092,0.841002,2.3428555,6.767667,0.56073594,28.548903,38.205967,32.12006,17.952414,18.474392,13.415206,14.635751,17.25501,17.599794,68.06
4446961.924,659379.7026,73.117744,1.0105437,0.65360814,25.907518,31.384127,32.99772,28.351206,22.579332,39.47777,37.826107,40.524395,49.283726,60.63486,33.66229,30.294765,26.42224,22.569366,16.347368,2.5552943,2.0536895,6.394585,7.150988,1377.4,319.77087,-0.119140625,0.48758137,-0.010009766,35,15,0.77663547,0.45802477,0.27058455,0.27824768,0.3078969,1.0146804,0.81908184,24.259455,22.480974,12.937489,16.533106,17.538696,16.032782,15.884397,17.90161,23.802097,25.753145,11.173877,17.17499,15.565128,19.541304,16.310198,18.0987,18.011013,12.470398,10.051189,9.728117,12.79594,15.268855,15.580925,12.593762,19.464672,13.0482025,11.655128,12.666838,14.967262,14.260279,16.387878,14.286439,20.54467,17.053217,13.548518,15.436519,16.573988,19.184147,18.444006,16.652609,18.521183,18.590933,15.410626,18.689182,16.092257,17.861149,18.03323,17.474092,0.83207595,2.304492,6.7727866,0.56073594,28.645823,38.65194,31.978527,17.952414,18.474392,13.415206,14.635751,17.25501,17.599794,68.06
4446961.924,659384.7026,74.11866,0.9934725,0.6354508,25.492416,30.810955,32.821426,27.761538,21.998444,40.008045,38.599987,41.584915,49.974995,61.627697,33.28696,30.089344,25.499294,22.487173,16.058529,2.5177784,2.018171,6.379519,7.15139,1377.44,305.20547,-0.041015625,0.5959536,-0.003417969,35,15,0.77663547,0.45802477,0.27058455,0.27824768,0.3078969,1.0146804,0.81908184,24.204485,20.594637,13.003231,15.670898,15.701473,19.720034,15.770012,17.602758,24.200733,25.369986,18.031965,21.022999,21.165611,22.537159,23.05404,21.663614,20.258734,10.384423,10.101451,12.376787,12.1424265,15.233171,18.273338,13.185463,18.69707,11.346704,11.909493,13.236369,15.818221,15.657225,19.142214,14.345687,21.530237,17.690105,14.597629,16.808228,19.664865,19.725124,23.013863,17.965345,19.506683,18.146555,16.414347,16.28912,18.406244,17.053898,20.01503,17.510763,0.81446165,2.2679749,6.7654543,0.56073594,28.151686,39.304016,31.688152,17.809254,22.1975,14.110047,15.115328,19.004293,17.975983,68.06
4446961.924,659389.7026,74.21701,0.972157,0.6137768,25.544283,30.41631,32.6342,27.711031,22.199808,40.61144,39.441998,42.22875,49.307476,60.17751,32.783443,29.614752,25.071365,23.16481,16.97598,2.469327,1.9762968,6.4249964,7.176309,1377.49,294.21976,0.040039062,0.6286544,0.001098633,35,15,0.77663547,0.45802477,0.27058455,0.27824768,0.3078969,1.0146804,0.81908184,23.38035,19.785612,11.7592745,15.048937,15.077823,20.068932,15.360442,16.838041,25.03982,25.0333,19.67875,21.402029,21.531672,22.967552,23.067389,22.267212,19.31013,13.230804,13.499893,14.487007,13.9002075,20.64217,20.42613,15.442361,20.290031,13.540654,15.145023,15.42359,19.165651,17.607689,19.93938,16.795015,20.354738,16.476934,17.824188,16.750698,20.066809,21.587988,22.435823,18.534319,20.514624,16.51738,18.749304,16.663147,18.026405,18.008118,19.569792,18.195997,0.7929669,2.222812,6.8006525,0.56073594,27.980297,40.02672,31.199097,17.211624,22.674358,16.499477,17.301716,19.356739,18.29268,68.06
4446961.924,659394.7026,75.64892,0.9481749,0.5998794,25.448685,30.187424,32.427856,27.500563,21.95698,41.404747,40.104134,42.791573,49.677513,60.370117,32.242462,29.33627,24.754503,23.0345,16.926615,2.4014544,1.9405925,6.4138913,7.183302,1377.54,284.36496,0.000488281,0.635681,-0.001098633,35,15,0.77663547,0.45802477,0.27058455,0.27824768,0.3078969,1.0146804,0.81908184,22.855413,19.365005,11.277821,14.724203,14.702548,19.737335,15.08501,16.427176,26.084927,26.656784,17.597404,20.724072,20.777515,21.510042,21.222937,21.801323,16.846516,12.906086,12.162992,13.756259,11.104136,19.015331,16.850466,13.940834,15.294417,11.648182,12.597703,12.450464,15.986507,12.5038,16.081095,13.519797,18.855852,16.948198,17.35936,16.433605,19.692986,19.912697,20.945745,17.936579,19.274618,16.267494,17.62249,16.050531,17.099863,17.538818,19.09685,17.404778,0.7740271,2.1710234,6.7985964,0.56073594,27.818054,40.75444,30.789366,16.821047,22.081953,14.663112,13.794596,18.592634,17.56438,68.06
4446961.924,659399.7026,68.58976,0.93035394,0.58893293,25.389761,29.71697,32.0421,26.979168,21.83969,42.326504,40.79659,43.241425,50.10741,60.354694,31.655106,29.328861,24.747183,22.977303,17.002537,2.33156,1.9116528,6.410551,7.182507,1377.59,279.6356,-0.2006836,0.7698514,-0.013427734,35,15,0.77663547,0.45802477,0.27058455,0.27824768,0.3078969,1.0146804,0.81908184,23.548166,19.63389,10.654317,15.915212,14.197521,19.108488,16.075857,16.56939,26.106016,25.662504,17.668344,20.274624,20.085526,23.192966,20.723757,21.59694,15.810905,11.11658,11.186505,10.620931,15.034595,17.618252,12.903668,12.770222,13.897867,7.5568757,9.015229,8.539903,12.861405,10.936186,12.764171,10.3056,15.440231,12.483022,14.092365,12.772586,15.629481,17.746744,16.525248,14.570961,19.099329,16.487547,15.8545,16.296955,18.279062,17.47995,14.737403,17.050364,0.75964344,2.1216063,6.796529,0.56073594,27.553366,41.561546,30.491983,17.019066,21.959105,13.470206,10.795947,14.9556675,16.890676,68.06
4446961.924,659404.7026,61.807285,0.90452105,0.57915854,25.055786,29.520697,31.222208,26.748428,22.16769,43.523983,41.7072,44.409313,50.97034,59.07969,30.946905,28.692417,24.46157,22.293808,17.714245,2.2465158,1.8810114,6.388851,7.20884,1377.67,278.11456,-0.0390625,0.9116417,-0.004394531,35,15,0.78055,0.45238906,0.27218813,0.27505174,0.30924216,1.0077969,0.8694977,23.446772,16.970205,8.124505,14.325458,12.570186,14.483589,13.988125,14.572284,25.278395,26.213152,16.815084,20.511204,20.267796,21.757202,19.215542,21.242487,17.011497,15.367999,13.951702,16.005323,16.96702,18.632502,16.6887,15.862359,11.967218,8.063729,9.189465,8.992343,14.978877,10.29204,13.616595,10.425509,14.478474,12.207806,12.903575,12.802233,15.812327,14.350534,17.307592,13.826424,18.012922,16.463776,15.225802,17.879108,17.239878,16.714817,17.248304,16.84908,0.74183977,2.0637636,6.7988453,0.5666737,27.288242,42.615593,29.81966,14.844121,21.43691,16.374964,11.014323,14.266077,16.969229,68.06
4446961.924,659409.7026,55.784176,0.8798544,0.5736243,24.897043,29.390806,30.498783,26.23608,21.95169,44.731483,42.418144,45.70937,52.17133,60.09467,30.205416,28.176674,23.853218,21.534307,16.905752,2.145657,1.8597025,6.378453,7.2071843,1377.75,275.1906,-0.080078125,0.94888437,-0.004394531,35,15,0.78055,0.45238906,0.27218813,0.27505174,0.30924216,1.0077969,0.8694977,23.446772,16.970205,8.124505,14.325458,12.570186,14.483589,13.988125,14.572284,25.278395,26.213152,16.815084,20.511204,20.267796,21.757202,19.215542,21.242487,17.011497,15.367999,13.951702,16.005323,16.96702,18.632502,16.6887,15.862359,11.967218,8.063729,9.189465,8.992343,14.978877,10.29204,13.616595,10.425509,14.478474,12.207806,12.903575,12.802233,15.812327,14.350534,17.307592,13.826424,18.012922,16.463776,15.225802,17.879108,17.239878,16.714817,17.248304,16.84908,0.72673935,2.0026798,6.7928185,0.5666737,27.143925,43.574814,29.191044,14.844121,21.43691,16.374964,11.014323,14.266077,16.969229,68.06
4446961.924,659414.7026,56.4148,0.84957623,0.56665295,24.54269,29.499847,29.594706,26.366865,22.29597,46.001656,43.018585,47.147648,53.15892,59.538776,29.457714,27.514708,23.321466,20.385542,16.728487,2.0424163,1.8485267,6.361354,7.2192984,1377.84,272.64453,0.119628906,0.9321768,0.004394531,35,15,0.78055,0.45238906,0.27218813,0.27505174,0.30924216,1.0077969,0.8694977,22.943295,16.992592,9.296634,14.740491,11.733815,14.887346,14.456834,14.842135,24.194008,26.951859,16.372868,20.618807,20.03071,21.312378,19.757063,21.0223,18.226786,16.849716,13.622696,15.521892,18.027473,17.05506,16.553993,16.092245,13.396412,8.911338,9.597971,9.781703,12.956879,11.754948,14.028882,11.029885,14.01677,11.777096,11.147064,9.959456,14.257477,13.677374,17.675323,12.31022,18.10069,15.701027,14.908875,14.739473,18.307936,16.319237,18.430883,16.172953,0.7081146,1.9454715,6.790326,0.5666737,27.021269,44.51012,28.48621,15.007286,21.31967,16.551088,11.489733,13.215795,16.644018,68.06
4446961.924,659419.7026,58.189705,0.8171357,0.56134427,24.238457,29.530268,28.825335,26.078686,22.190735,47.262974,43.532326,48.37568,54.023857,59.739956,28.737083,26.870842,22.835398,19.752853,16.588854,1.9327315,1.8422856,6.3284016,7.218728,1377.91,270,-0.15966797,0.91685003,-0.006591797,35,15,0.78055,0.45238906,0.27218813,0.27505174,0.30924216,1.0077969,0.8694977,22.91211,18.979868,12.179035,15.861697,13.334195,16.729153,15.813213,16.433714,24.548954,26.842287,17.43304,21.110538,19.662882,21.139565,19.924353,21.373674,17.134079,15.113457,13.792466,14.873472,17.52301,17.9025,17.198072,15.712598,12.994914,10.941772,12.280846,11.583312,12.889255,13.111348,14.684184,12.332321,10.312047,11.936086,10.589953,9.318653,15.458534,13.266689,19.049662,11.617974,16.054407,17.425394,15.303393,15.144226,18.71118,15.4909525,18.688683,16.209412,0.68924,1.8875086,6.773565,0.5666737,26.884361,45.39765,27.803963,16.544184,21.523087,16.21958,12.640805,12.847374,16.68832,68.06
4446961.924,659424.7026,60.07418,0.7862284,0.5473769,23.794302,29.240318,27.995008,25.496244,21.903599,48.495914,44.303684,50.017124,55.28196,60.87192,27.946016,26.007946,21.985071,19.052385,15.902696,1.8436013,1.8336239,6.349219,7.23373,1378,267.50693,0.040039062,0.98875636,0,35,15,0.78055,0.45238906,0.27218813,0.27505174,0.30924216,1.0077969,0.8694977,23.043509,19.070858,12.473194,16.126835,13.5575075,16.76471,16.068642,16.646303,27.39828,29.40358,18.406908,22.74797,21.117025,22.703238,21.44567,23.168634,16.649971,14.719952,13.362903,14.572763,17.152887,17.816628,16.978804,15.355458,12.890746,11.18551,12.539104,11.374973,12.71696,12.534763,14.943702,12.281818,9.810957,11.12473,10.408185,8.872324,15.016673,12.981917,18.243275,11.173232,15.144842,16.475927,15.063828,14.552355,18.276445,14.89748,17.982769,15.616829,0.66680264,1.8386126,6.7914743,0.5666737,26.517311,46.3998,26.976982,16.729322,23.317522,15.893415,12.597966,12.3511505,16.056234,68.06
4446961.924,659429.7026,55.922367,0.7714155,0.56794083,23.23718,28.845266,27.378113,24.722626,21.98363,49.715034,45.2435,51.042397,56.48451,61.333527,27.09957,25.343563,21.68312,18.616648,15.387683,1.790503,1.8248029,6.3811836,7.2498145,1378.09,266.46347,-0.040039062,1.1620276,-0.004394531,35,15,0.78055,0.45238906,0.27218813,0.27505174,0.30924216,1.0077969,0.8694977,22.888645,19.234657,13.380086,16.391645,14.720212,16.724602,16.503942,17.092104,27.81866,29.596619,18.38929,23.605162,20.920904,22.656485,20.823559,23.376348,18.091694,16.695045,14.358516,16.550495,18.410463,17.57526,18.130081,16.645584,14.39162,12.852474,12.381602,13.29674,15.479239,13.59056,16.293566,13.593106,13.112372,13.0434065,12.974319,13.473903,16.336554,15.154299,19.846682,13.897143,17.960146,17.91181,17.724916,17.868568,19.027317,16.454008,20.436777,17.877588,0.66967815,1.807653,6.8154993,0.5666737,26.041224,47.479267,26.221565,17.120543,23.401525,17.115936,14.04083,14.84879,18.197649,68.06
4446961.924,659434.7026,53.201225,0.7652015,0.5758372,23.075861,28.795652,27.243576,24.350115,22.369644,50.88669,46.223038,51.44689,57.252808,61.85317,26.320253,24.672106,21.462349,18.27641,14.7549,1.7665098,1.8014319,6.341079,7.267549,1378.2,265.69907,-0.040039062,1.335724,-0.002197266,35,15,0.78758264,0.44986928,0.26795968,0.27464077,0.30884147,1.013114,0.9381911,23.710133,19.078838,14.066735,17.086967,14.129021,15.820081,17.246935,17.376785,27.691978,30.10871,18.375736,23.902706,20.95767,23.07225,20.929888,23.517096,19.787323,17.741842,14.799076,16.48035,15.897458,16.694572,17.738855,16.753782,15.981484,13.182454,11.856809,13.273908,15.2237425,13.15374,18.096891,13.692174,16.107403,13.384385,11.634093,14.0677185,14.885235,13.647322,19.016312,13.843914,18.596989,17.350874,16.621906,17.088234,19.189436,17.217197,19.675337,17.546614,0.67051935,1.7839708,6.804314,0.57717127,25.935757,48.554863,25.49618,17.30553,23.576992,17.019926,14.395576,14.677496,17.962854,68.06
4446961.924,659439.7026,52.06234,0.76092386,0.5759239,22.90617,28.578302,27.031738,24.340776,22.982428,51.948055,47.309868,51.916782,57.437275,61.556515,25.55387,23.966148,21.25119,18.107021,14.753085,1.7567594,1.7765546,6.3609548,7.2898626,1378.32,265.04962,0.0390625,1.322916,0.003295898,35,15,0.78758264,0.44986928,0.26795968,0.27464077,0.30884147,1.013114,0.9381911,23.661715,19.052187,14.075413,16.965841,13.962811,15.657976,16.985159,17.306337,25.888021,28.334558,18.357548,23.139593,20.189043,21.91249,19.936666,22.553099,17.3109,15.252521,13.895145,14.866417,14.297593,13.763743,15.39346,14.921348,16.333923,13.917802,12.614818,14.027321,15.596897,13.510326,18.660727,14.303603,17.940811,17.790922,17.2832,18.066874,15.534455,13.638266,19.310005,17.050833,18.460567,16.764336,14.877758,15.316757,18.42396,17.3176,20.046076,16.56676,0.6684239,1.766657,6.825409,0.57717127,25.742237,49.62896,24.76001,17.194445,22.536846,14.968539,14.951688,17.080648,17.315294,68.06
4446961.924,659444.7026,48.10513,0.75275266,0.57564855,22.700907,28.40228,26.621874,24.259594,23.290462,52.925446,48.32611,52.806755,57.81421,62.00351,24.90373,23.275417,20.774183,17.798998,14.423876,1.7446703,1.7545352,6.372194,7.296701,1378.43,265.71515,-0.0390625,1.3360463,-0.004394531,35,15,0.78758264,0.44986928,0.26795968,0.27464077,0.30884147,1.013114,0.9381911,23.025213,18.825857,13.962215,17.423748,13.514279,18.941097,16.42235,17.39507,25.792728,28.383581,16.985489,21.729351,19.188307,22.184616,19.309553,21.86218,17.523571,15.532231,13.7641115,14.890984,14.227531,13.8668785,15.088159,14.961411,14.985007,12.430893,11.442838,12.018336,14.022328,12.933295,16.357483,12.879994,14.515223,16.158628,17.38851,17.223557,13.4950905,12.690884,16.512938,15.686681,19.603052,16.395988,14.495389,14.7798815,18.855818,18.215918,18.886633,16.630116,0.6642006,1.7496028,6.8344474,0.57717127,25.551594,50.62578,24.089573,17.444965,21.939089,14.984781,13.455741,15.426405,17.318954,68.06
4446961.924,659449.7026,47.06685,0.747735,0.57372034,22.535576,28.251266,26.258278,24.199482,23.878979,53.72735,49.13048,53.20247,58.23497,61.83117,24.37652,22.768126,20.726957,17.419252,14.364777,1.7296542,1.7288266,6.382279,7.30078,1378.55,265.18268,0.080078125,1.1928666,0.010009766,35,15,0.78758264,0.44986928,0.26795968,0.27464077,0.30884147,1.013114,0.9381911,24.258541,20.090347,14.560382,18.279345,14.530965,20.187687,17.564054,18.376114,24.106653,26.682997,16.334501,20.610046,17.980034,20.686815,18.046934,20.626553,17.355831,15.335822,13.613773,14.701555,14.059239,13.7067795,14.965191,14.789295,15.16207,12.17334,11.145401,11.724707,13.760498,12.979937,16.103819,12.702206,14.595299,15.958396,17.208336,17.033087,13.369629,12.641371,15.917367,15.572963,17.04806,15.728185,13.759197,14.273117,15.468671,12.155021,14.8464,14.816228,0.6607277,1.7292404,6.8415294,0.57717127,25.393421,51.428917,23.572323,18.495905,20.635426,14.819741,13.292825,15.246213,14.754092,68.06
4446961.924,659454.7026,47.633472,0.74178475,0.5708684,21.859812,27.873579,25.770401,24.057524,24.555643,54.32384,49.62715,53.76931,58.88111,60.645687,23.995075,22.464998,20.63515,16.910103,15.117408,1.7051065,1.7074399,6.428803,7.311847,1378.64,262.10516,0.12011719,0.93938714,0.004394531,35,15,0.78758264,0.44986928,0.26795968,0.27464077,0.30884147,1.013114,0.9381911,23.83266,21.29157,14.647532,17.856108,12.272639,18.884384,16.703548,17.984678,24.1128,26.175621,16.59907,20.664917,19.057304,20.223404,19.826723,20.832287,17.015352,15.043378,13.922745,14.173637,16.866846,19.177322,20.466827,15.643584,17.853928,14.104595,14.160388,13.311438,15.71536,16.772083,19.58068,15.254215,18.843315,16.825949,18.019999,17.728382,17.299952,17.48376,16.588053,17.937002,17.36456,14.697881,14.859242,13.753537,17.71389,14.447747,16.396856,15.525298,0.65632653,1.7062732,6.870325,0.57717127,24.866695,51.975494,23.230038,17.92692,20.951405,16.666586,15.928354,17.541344,15.6048155,68.06
4446961.924,659459.7026,46.86926,0.7351665,0.56822324,21.589798,28.006706,25.340235,24.18379,25.059717,54.753002,49.47423,54.294556,59.425243,60.38453,23.784893,22.473362,20.429155,16.241827,15.0704155,1.674086,1.7007344,6.4497027,7.333137,1378.71,263.44852,-0.12060547,0.8795898,-0.004516602,35,15,0.78758264,0.44986928,0.26795968,0.27464077,0.30884147,1.013114,0.9381911,23.590399,20.611094,13.882866,17.096706,12.643394,17.81475,14.587773,17.476135,24.243423,25.35514,16.641027,20.3288,19.60649,20.383942,19.619146,20.769327,16.462236,14.798453,12.790437,13.218638,15.961662,17.74347,17.83975,14.774568,18.567226,15.1479025,13.122102,13.022265,17.241072,18.490444,18.23747,15.5026655,19.451021,16.857553,17.67434,17.143045,18.86564,17.891745,15.860455,17.98907,15.93077,15.648888,14.057296,14.147382,16.927881,16.066414,16.960855,15.32311,0.6516949,1.6874101,6.89142,0.57717127,24.798252,52.113617,23.129128,17.175283,20.882566,15.5449505,16.261213,17.677687,15.67707,68.06
4446961.924,659464.7026,52.18097,0.7269803,0.5739293,21.428728,28.372288,25.12778,24.0266,25.312965,54.926514,48.721737,53.91149,59.689396,60.107475,23.870033,22.763906,20.940025,16.137953,15.459461,1.6318249,1.7011582,6.4365077,7.356697,1378.79,270,0.080566406,0.773502,0.004516602,35,15,0.78374565,0.45561785,0.27753767,0.27731645,0.30944315,1.0097983,0.960768,23.753555,20.611094,13.882866,17.096706,12.643394,17.81475,14.587773,17.503328,24.243423,25.35514,16.641027,20.3288,19.60649,20.383942,19.619146,20.769327,16.462236,14.798453,12.790437,13.218638,15.961662,17.74347,17.83975,14.774568,18.567226,15.1479025,13.122102,13.022265,17.241072,18.490444,18.23747,15.5026655,19.409492,16.813337,17.63281,17.101517,18.824112,17.846184,15.813527,17.946869,15.93077,15.648888,14.057296,14.147382,16.927881,16.066414,16.960855,15.32311,0.6504548,1.6664915,6.8966026,0.5820325,24.900509,51.824127,23.31697,17.198591,20.882566,15.5449505,16.261213,17.634426,15.67707,68.06
4446961.924,659469.7026,53.33891,0.71872485,0.5749084,21.345518,28.699656,24.924725,23.902159,25.397827,54.92558,47.912308,53.731167,59.847782,60.0966,24.019165,23.14258,21.221819,16.090132,15.454412,1.5950286,1.7051903,6.4780784,7.387806,1378.85,278.1413,0.119628906,0.50621694,0.011108398,35,15,0.78374565,0.45561785,0.27753767,0.27731645,0.30944315,1.0097983,0.960768,22.584702,20.119886,11.9295845,17.648506,14.157422,17.81475,14.780465,17.06301,24.110033,25.214056,16.516087,20.189014,19.945059,20.383942,20.297514,20.711424,16.78719,15.671813,12.746219,13.590261,14.721215,17.74347,16.423624,14.849206,18.480783,14.157882,13.332755,13.483241,15.424649,18.490444,16.760149,15.286153,19.137512,15.698105,17.599903,17.436687,17.918917,17.846184,16.857132,17.710585,14.117018,13.265823,15.235187,14.920126,13.7637205,16.066414,16.158655,14.780894,0.6468166,1.6501095,6.9329424,0.5820325,25.022587,51.418945,23.580872,17.005047,20.950815,15.383399,15.732842,17.499205,14.789563,68.06
4446961.924,659474.7026,50.08098,0.7108296,0.58381397,21.085674,28.905615,24.649422,23.808653,25.215778,54.754566,47.277576,54.096706,60.352722,60.695667,24.146225,23.495815,21.030224,15.682704,14.890017,1.5665077,1.7071828,6.523975,7.420432,1378.88,288.43494,0.080078125,0.2720411,0.006713867,35,15,0.78374565,0.45561785,0.27753767,0.27731645,0.30944315,1.0097983,0.960768,23.205742,21.907705,12.325889,16.056717,12.515813,16.421183,13.854205,16.761282,24.345081,24.690619,16.066257,19.629929,19.137745,20.276531,18.999418,20.263483,17.5917,16.983284,13.147362,13.654602,14.7230215,16.209377,16.93432,15.110813,17.064373,15.954491,12.889805,13.6696415,14.64524,17.413578,15.835322,14.842239,18.694773,17.651604,17.009909,17.185633,17.172798,17.999117,15.83414,17.449339,15.141543,17.261766,14.452416,15.813962,13.012515,14.5907345,15.253348,15.06337,0.6473218,1.6368452,6.9722033,0.5820325,24.995644,51.01607,23.82102,16.612465,20.44937,15.606237,15.353208,17.363995,15.075183,68.06
4446961.924,659479.7026,55.504,0.70441544,0.5851943,21.079538,29.125216,24.63058,23.596785,24.870554,54.449627,46.611923,53.803265,60.470257,60.823406,24.41907,23.89465,21.280537,15.75602,14.8933,1.5378962,1.706475,6.551057,7.4375267,1378.9,322.12503,0.16015625,0.16347715,0.012207031,35,15,0.78374565,0.45561785,0.27753767,0.27731645,0.30944315,1.0097983,0.960768,23.211298,21.907705,12.325889,16.056717,12.517666,16.423962,13.856057,16.762903,24.345081,24.690619,16.066257,19.629929,19.137745,20.276531,18.999418,20.263483,17.5917,16.788744,13.147362,13.654602,14.7230215,16.209377,16.93432,15.086495,17.064373,15.954491,12.889805,13.6696415,14.64524,17.413578,15.835322,14.842239,18.694773,17.651604,17.009909,17.185633,17.172798,17.999117,15.83414,17.449339,15.118156,17.236118,14.523567,15.841265,13.045967,14.619227,15.253348,15.086299,0.64480484,1.6221856,6.994292,0.5820325,25.102377,50.530777,24.15686,16.614185,20.44937,15.578446,15.353208,17.363995,15.091093,68.06
4446961.924,659484.7026,49.73557,0.7043391,0.58716667,20.969263,29.558838,24.71833,23.106773,24.15463,53.943455,45.962467,53.1636,60.494724,61.48758,24.786585,24.21341,21.911053,16.22537,14.745582,1.5310713,1.7060062,6.5413065,7.439875,1378.9,15.945395,0.12011719,0.20876254,0.010009766,35,15,0.78374565,0.45561785,0.27753767,0.27731645,0.30944315,1.0097983,0.960768,23.813246,21.426003,12.703739,16.22057,13.286354,19.250162,16.522856,17.263216,23.420074,25.516928,16.456501,20.066862,19.44195,22.195312,18.235983,20.59912,17.998857,15.517247,13.312762,14.68749,13.536881,18.066727,17.859865,15.258466,16.776997,14.59771,13.542249,14.508909,13.921588,19.970116,19.557142,15.085296,16.86903,15.999227,17.616516,17.108282,16.047981,19.425262,18.682524,17.05163,15.4789915,16.19248,14.479938,15.495069,11.81533,14.316971,17.383904,14.753934,0.6457529,1.6185387,6.990591,0.5820325,25.26405,49.95296,24.499996,17.603275,20.761946,15.854261,16.124958,17.392689,15.02324,68.06
4446961.924,659489.7026,52.78493,0.7143648,0.59612226,21.18614,29.74472,25.007992,23.319986,23.319683,53.232136,45.445164,52.647015,59.07522,61.9515,25.264965,24.39471,22.20498,17.34426,15.226105,1.5411592,1.7128439,6.500538,7.4384007,1378.89,20.556046,0.080078125,0.24500522,0.004394531,35,15,0.78374565,0.45561785,0.27753767,0.27731645,0.30944315,1.0097983,0.960768,23.832237,20.94174,14.729481,16.445978,13.120534,18.719336,16.802034,17.767,24.150541,26.311304,16.534174,19.989964,19.260736,21.210348,18.494463,20.726807,19.50375,14.583554,12.887828,14.923752,13.675602,20.586948,16.44136,15.459213,17.288113,15.221791,13.701827,14.681706,13.577243,21.713535,19.000406,15.4887705,16.890194,17.15558,17.855455,17.27745,16.205332,20.198269,19.775816,17.427351,16.818811,14.466281,14.477992,15.421564,11.985611,15.480606,18.602102,14.907834,0.6552435,1.6270015,6.969469,0.5820325,25.465431,49.33865,24.829838,17.798763,20.850218,16.086115,16.454947,17.908298,15.321853,68.06
4446961.924,659494.7026,56.136833,0.73237634,0.5800871,21.45487,30.115929,25.476425,23.327023,22.59389,52.34823,44.99434,52.253357,58.93556,62.804176,25.742626,24.436117,22.15484,17.53303,15.144517,1.587273,1.7288833,6.4391212,7.4302993,1378.88,22.380135,0,0.26359785,0.003295898,35,15,0.79053503,0.45612162,0.26346225,0.27340284,0.30818337,1.01375,0.8988054,23.82668,20.94174,14.729481,16.445978,13.11868,18.716557,16.800182,17.765377,24.150541,26.311304,16.534174,19.989964,19.260736,21.210348,18.494463,20.726807,19.50375,14.583554,12.887828,14.923752,13.675602,20.878761,16.44136,15.483531,17.288113,15.221791,13.701827,14.681706,13.577243,21.713535,19.000406,15.4887705,16.890194,17.15558,17.855455,17.27745,16.205332,20.198269,19.775816,17.427351,16.832838,14.508224,14.413787,15.388652,11.952157,15.428757,18.576889,14.885175,0.65623176,1.6580782,6.9347105,0.57203716,25.7854,48.671284,25.08937,17.797043,20.850218,16.127802,16.454947,17.908298,15.300186,68.06
4446961.924,659499.7026,53.460773,0.753362,0.59032637,21.635294,30.289413,26.04728,23.53062,22.136257,51.427906,44.707115,51.739876,58.428604,62.918537,26.204758,24.418549,22.1912,17.87884,15.225721,1.6462398,1.7521746,6.4119143,7.4267044,1378.87,25.346176,0.040039062,0.301435,0.002197266,35,15,0.79053503,0.45612162,0.26346225,0.27340284,0.30818337,1.01375,0.8988054,23.844606,21.783417,12.723793,16.608068,12.696663,19.244,15.791751,17.328411,25.339401,26.188356,16.047213,20.147354,19.191282,21.119278,17.28641,20.733942,18.480263,16.531816,13.404857,14.943173,15.532418,20.45842,17.920076,15.879802,16.155792,15.989736,14.170155,14.728047,16.448656,20.90696,20.77,15.867359,16.877924,17.784374,18.129095,17.8406,16.876429,17.846403,19.634104,17.674688,14.59503,16.530893,14.242733,15.60905,16.23773,13.497246,17.502787,15.207848,0.6718442,1.6992072,6.9193096,0.57203716,25.962353,48.067513,25.311653,17.52747,20.7599,16.753002,17.02419,17.855562,15.4593525,68.06
4446961.924,659504.7026,51.471798,0.7733891,0.60395193,21.79526,30.167532,26.573456,24.202623,22.071108,50.602386,44.576973,51.262035,57.554195,62.72654,26.589104,24.350658,22.401426,18.091589,15.075205,1.7168946,1.782734,6.4129024,7.43108,1378.86,11.309932,0,0.29243508,0,35,15,0.79053503,0.45612162,0.26346225,0.27340284,0.30818337,1.01375,0.8988054,24.253557,21.635223,12.756065,15.789011,11.934865,19.055841,15.881732,17.10457,24.809036,26.335901,16.048765,19.827862,19.158487,21.163939,17.887924,20.597437,20.020224,16.318192,12.720715,15.153218,14.695229,19.72872,17.47506,15.817025,18.255688,14.836133,14.951644,14.314409,16.078402,17.646526,17.557703,15.864353,16.937002,17.730585,18.67518,17.4529,16.87004,16.251932,19.154886,17.599888,14.876893,16.547016,14.4107065,15.871205,16.762138,14.250964,17.706778,15.481808,0.6886705,1.7498143,6.9219913,0.57203716,25.981396,47.58968,25.469881,17.32947,20.747416,16.587337,16.234356,17.581789,15.7751,68.06
4446961.924,659509.7026,54.351112,0.79001737,0.6158566,21.984398,30.223246,27.276117,24.537504,21.735598,49.910946,44.549957,50.762768,56.918846,62.800648,26.912182,24.262327,22.32394,18.440641,15.15879,1.7837666,1.8172714,6.3884544,7.4259243,1378.86,357.27368,0.040039062,0.301435,0.002197266,35,15,0.79053503,0.45612162,0.26346225,0.27340284,0.30818337,1.01375,0.8988054,24.253557,21.635223,12.756065,15.789011,11.934865,19.055841,15.881732,17.10457,24.809036,26.335901,16.048765,19.827862,19.158487,21.163939,17.887924,20.597437,20.020224,16.318192,12.720715,15.153218,14.695229,19.72872,17.47506,15.817025,18.255688,14.836133,14.951644,14.314409,16.078402,17.646526,17.557703,15.864353,16.937002,17.730585,18.67518,17.4529,16.87004,16.251932,19.154886,17.599888,14.876893,16.547016,14.4107065,15.871205,16.762138,14.250964,17.706778,15.481808,0.702937,1.800519,6.9071894,0.57203716,26.10382,47.230453,25.587254,17.32947,20.747416,16.587337,16.234356,17.581789,15.7751,68.06
4446961.924,659514.7026,60.604668,0.80535585,0.62169576,22.331644,30.130625,27.901064,24.82277,21.27476,49.53365,44.71027,50.578907,56.662506,63.95407,27.034302,24.151901,21.92655,18.470423,14.510571,1.8497134,1.8438354,6.3519506,7.417076,1378.86,357.51044,0,0.33008036,0.001098633,35,15,0.79053503,0.45612162,0.26346225,0.27340284,0.30818337,1.01375,0.8988054,24.19087,19.316406,10.453359,14.583829,13.6324415,16.015743,16.163723,15.955443,24.297943,25.049034,15.831986,20.361032,18.251871,21.361423,16.835133,20.156748,18.044374,15.516231,13.348241,13.632855,14.88441,16.419617,15.7888975,15.119533,18.154505,14.047652,14.776969,14.449437,15.217495,16.592339,18.195524,15.67585,17.339468,16.008844,17.21941,18.29214,15.534284,17.77568,18.051226,17.260323,14.728722,16.470572,15.023608,15.5295,12.410344,15.787636,16.472027,14.998637,0.7135258,1.8467743,6.8845134,0.57203716,26.231134,47.12196,25.593102,16.336624,20.28406,15.376374,15.919131,17.174437,15.203201,68.06
4446961.924,659519.7026,73.075294,0.82117647,0.6356533,22.856075,30.33975,28.249788,24.659298,21.01941,49.549973,45.16377,50.144825,57.042664,64.20001,27.00989,24.01136,22.273863,18.397335,14.569121,1.913311,1.8554083,6.347463,7.422521,1378.86,355.23636,0,0.34529898,-0.002197266,35,15,0.79053503,0.45612162,0.26346225,0.27340284,0.30818337,1.01375,0.8988054,23.464314,19.759487,9.572187,15.326612,12.785014,16.81861,16.311928,15.789875,25.11282,25.365591,15.861584,20.943409,18.196594,20.303036,17.460867,20.379276,19.473991,15.363618,13.827035,14.719116,13.076408,16.71797,17.706812,15.4171095,19.275135,13.844237,13.524272,15.622923,13.865476,15.518926,19.48178,15.542087,18.00214,15.722332,16.26304,19.274334,17.730682,19.201378,19.164461,17.649796,15.21316,14.143809,14.947556,17.019238,14.083194,16.439995,15.969425,15.291076,0.7284149,1.8843596,6.884992,0.57203716,26.597912,47.356873,25.510624,16.291164,20.463413,15.840707,15.876108,17.908337,15.402339,68.06
4446961.924,659524.7026,69.828636,0.83816266,0.6468672,22.8013,29.943459,28.430204,24.740484,20.39367,49.79868,45.851547,50.19611,56.99349,65.05404,26.891811,23.843191,22.050781,18.462317,14.677889,1.9686542,1.8576522,6.3024697,7.4283133,1378.86,348.69006,-0.12011719,0.36554205,-0.006713867,35,15,0.7820034,0.4619046,0.27489182,0.28108692,0.30777386,1.0158719,0.94801766,23.464314,19.759487,9.572187,15.326612,12.785014,16.81861,16.311928,15.789875,25.11282,25.365591,15.861584,20.943409,18.196594,20.303036,17.460867,20.379276,19.473991,15.363618,13.827035,14.719116,13.076408,16.71797,17.706812,15.4171095,19.275135,13.844237,13.524272,15.622923,13.865476,15.518926,19.48178,15.542087,18.00214,15.722332,16.26304,19.274334,17.730682,19.201378,19.164461,17.649796,15.21316,14.143809,14.947556,17.019238,14.083194,16.439995,15.969425,15.291076,0.74251497,1.9131532,6.8653917,0.58164996,26.37238,47.82511,25.3675,16.291164,20.463413,15.840707,15.876108,17.908337,15.402339,68.06
4446961.924,659529.7026,67.62559,0.8580531,0.6547464,22.769,29.599771,28.625763,24.999134,20.052837,50.00497,46.40714,50.100155,56.555794,65.22688,26.845322,23.79144,21.9807,18.68565,14.690286,2.0202441,1.8577693,6.3029327,7.4331164,1378.87,353.65982,0,0.38950053,-0.001098633,35,15,0.7820034,0.4619046,0.27489182,0.28108692,0.30777386,1.0158719,0.94801766,23.57389,21.709976,9.961471,16.273975,14.990821,17.006887,15.895637,16.62123,25.127804,25.563957,16.046675,21.16723,19.000633,19.97312,18.2011,20.752653,19.471767,14.835523,13.7981,15.499019,14.603803,16.761005,18.541384,15.82459,19.269077,14.305404,13.846614,15.519411,15.444054,16.30051,20.74485,15.886746,18.09468,16.175959,16.78422,18.955685,17.134947,17.49533,21.230106,17.699667,15.278538,15.080845,15.982837,14.9735775,13.935996,15.207411,19.601418,15.470502,0.75639975,1.9390067,6.868025,0.58164996,26.184385,48.206055,25.31838,17.058952,20.725788,16.215801,16.489988,17.981562,15.722946,68.06
4446961.924,659534.7026,65.187996,0.87955767,0.65563476,22.810463,29.222256,28.970198,25.048521,19.29095,50.031387,46.740204,49.685474,55.92062,65.10595,26.921253,23.882126,22.151817,19.360405,15.967101,2.0637047,1.86094,6.2812104,7.4251127,1378.87,355.91437,-0.080078125,0.40247834,-0.004394531,35,15,0.7820034,0.4619046,0.27489182,0.28108692,0.30777386,1.0158719,0.94801766,24.10288,21.467148,11.581893,16.644526,13.909389,17.110092,15.185174,17.034765,25.47793,26.021172,16.419333,20.874538,19.55367,19.970871,19.285349,20.96929,19.019693,15.010474,14.21021,14.897214,12.997075,16.761005,19.035088,15.547925,20.495468,14.38071,13.545873,14.462143,17.174168,16.30051,21.937874,16.021376,19.962158,16.207596,16.968401,18.375147,19.000479,17.49533,22.261732,18.173159,18.022089,15.157117,15.237445,14.846829,14.181297,14.162695,19.278282,15.668141,0.76759624,1.9623224,6.853162,0.58164996,26.01636,48.385796,25.40169,17.143015,21.086123,15.990109,16.899534,18.61012,15.840822,68.06
4446961.924,659539.7026,64.86876,0.9009315,0.6575142,22.921799,28.956974,29.41243,25.192028,19.083815,49.887512,46.82619,49.115204,55.828766,64.45182,27.092363,24.119888,22.282862,19.401028,16.553244,2.0973046,1.8677849,6.270258,7.4113474,1378.88,351.8699,0.080078125,0.40553123,0.002197266,35,15,0.7820034,0.4619046,0.27489182,0.28108692,0.30777386,1.0158719,0.94801766,24.10288,21.467148,11.581893,16.644526,13.909389,17.110092,15.185174,17.034765,25.47793,26.021172,16.419333,20.874538,19.55367,19.970871,19.285349,20.96929,19.019693,15.010474,14.21021,14.897214,12.997075,16.761005,19.035088,15.547925,20.495468,14.38071,13.545873,14.462143,17.174168,16.30051,21.937874,16.021376,19.962158,16.207596,16.968401,18.375147,19.000479,17.49533,22.261732,18.173159,18.022089,15.157117,15.237445,14.846829,14.181297,14.162695,19.278282,15.668141,0.77922285,1.9825447,6.8408027,0.58164996,25.939386,48.35685,25.606125,17.143015,21.086123,15.990109,16.899534,18.61012,15.840822,68.06
4446961.924,659544.7026,65.86431,0.9190043,0.6582017,22.933222,28.752628,29.62906,25.356493,18.8053,49.78919,46.948277,48.78305,55.517796,64.49716,27.175373,24.28647,22.328161,19.593897,16.578566,2.1243744,1.8760736,6.259717,7.3984065,1378.88,342.89728,-0.12011719,0.39002794,-0.005615234,35,15,0.7820034,0.4619046,0.27489182,0.28108692,0.30777386,1.0158719,0.94801766,22.550877,21.562325,12.4004545,17.14209,13.095181,15.008811,15.427029,16.82368,22.659075,26.484589,16.25667,20.183111,19.452547,19.744123,19.595001,20.42217,17.93036,16.140427,13.891418,15.078946,13.41835,17.257801,17.413809,15.430499,18.99844,15.937767,13.909266,14.858389,15.049583,15.450087,23.39651,15.833782,18.845764,17.940748,17.149508,18.545254,16.54168,15.623882,20.997904,17.659922,17.352516,17.083992,16.50376,16.175076,12.16385,16.534502,18.986273,16.278982,0.788603,2.000224,6.8290615,0.58164996,25.842926,48.368732,25.730923,16.740967,20.625017,15.875873,16.800007,17.949247,16.399996,68.06
4446961.924,659549.7026,71.5553,0.92512023,0.65410686,22.710718,28.489584,29.72771,25.77076,18.44615,49.96876,47.389595,48.80442,54.87397,65.37998,27.059269,24.225172,21.718616,19.789865,16.09767,2.1221066,1.8749993,6.2357106,7.3907514,1378.9,328.2497,0.080078125,0.35387564,0.001098633,35,15,0.7820034,0.4619046,0.27489182,0.28108692,0.30777386,1.0158719,0.94801766,23.231634,20.511528,13.70703,15.094206,14.302493,16.602638,15.443204,16.99315,23.092867,24.166666,16.514723,20.26183,19.052351,19.571455,16.96707,19.936922,18.057875,17.43091,14.546731,15.12798,13.550125,17.300919,17.257923,15.827151,17.291533,17.67991,15.60096,14.536819,15.405384,15.903784,22.484217,16.201395,17.167505,18.9204,18.493912,17.917263,16.916834,15.311244,22.242516,17.780085,15.852871,17.465965,15.076221,15.587245,11.729752,14.697277,16.016523,15.176948,0.78961354,1.9985529,6.813231,0.58164996,25.600151,48.679176,25.64222,16.984676,19.94671,16.18178,16.986086,18.138525,15.203694,68.06
4446961.924,659554.7026,70.74307,0.91928196,0.64602023,22.559954,27.72696,29.473087,25.566614,18.426176,50.462055,48.11005,49.183186,55.38505,65.63801,26.703058,24.114635,21.205395,19.576052,15.809532,2.097784,1.8649484,6.249568,7.3851047,1378.91,315,-0.15917969,0.36423746,-0.008911133,35,15,0.7816353,0.46875972,0.27490678,0.29970258,0.3084012,1.0137473,0.98186547,23.231634,20.511528,13.70703,15.094206,14.302493,16.602638,15.443204,16.99315,23.092867,24.166666,16.514723,20.26183,19.052351,19.571455,16.96707,19.936922,18.057875,17.43091,14.546731,15.12798,13.550125,17.300919,17.257923,15.827151,17.291533,17.67991,15.60096,14.536819,15.405384,15.903784,22.484217,16.201395,17.167505,18.9204,18.493912,17.917263,16.916834,15.311244,22.242516,17.780085,15.852871,17.465965,15.076221,15.587245,11.729752,14.697277,16.016523,15.176948,0.78265107,1.9813662,6.817336,0.5898598,25.143456,49.286053,25.408848,16.984676,19.94671,16.18178,16.986086,18.138525,15.203694,68.06
4446961.924,659559.7026,72.936966,0.91087055,0.64199513,22.408716,27.380112,29.125622,25.483873,18.288082,51.09772,48.851284,49.38569,55.498127,65.756836,26.309162,24.032478,21.237324,19.521889,15.785216,2.0648046,1.8519949,6.232653,7.3634276,1378.94,309.27902,-0.041015625,0.40681565,-0.003417969,35,15,0.7816353,0.46875972,0.27490678,0.29970258,0.3084012,1.0137473,0.98186547,23.503849,22.846582,13.069793,17.7741,15.177375,16.50489,16.39504,17.998007,22.861317,24.09021,16.494726,20.37391,19.439741,19.738436,17.371305,19.957266,18.045403,17.53103,13.2957535,14.101766,13.583206,16.631123,17.410072,15.273677,17.60518,18.527023,14.769104,13.942276,14.272435,15.903784,21.532167,15.810033,17.458113,19.062103,17.145483,17.372229,15.668895,14.756951,21.91133,17.203976,16.078608,17.41612,12.988996,14.312424,12.641383,14.690293,14.94521,14.482853,0.7764329,1.9583998,6.7980404,0.5898598,24.894413,49.974503,25.17082,17.895948,20.052807,15.799765,16.650282,17.625015,14.724719,68.06
4446961.924,659564.7026,71.101326,0.8939395,0.63140553,22.237143,26.710579,28.842577,25.63569,18.056795,51.826763,49.576733,49.452045,55.02842,66.24686,25.861977,23.947292,21.256195,19.743113,15.523529,2.0166233,1.8297222,6.1875753,7.3226504,1378.97,302.18887,-0.040039062,0.4572169,-0.004516602,35,15,0.7816353,0.46875972,0.27490678,0.29970258,0.3084012,1.0137473,0.98186547,23.777325,21.650726,13.332286,18.01487,17.483171,15.650685,16.980707,18.228518,22.773737,24.377975,16.553686,20.300219,18.742393,19.840431,16.486883,19.86421,18.262888,15.564118,13.124988,14.235517,13.542699,17.034695,17.08205,15.077291,18.912086,18.689695,14.714139,14.012073,14.376643,15.182156,22.006172,15.996239,18.319906,19.388971,17.392246,16.638638,16.09819,15.145017,21.811356,17.38365,17.955534,16.466341,13.824001,15.356807,15.3536415,23.031593,18.765633,16.195768,0.76267254,1.9231727,6.7551126,0.5898598,24.473862,50.701748,24.904634,18.12711,19.867903,15.549565,16.841852,17.82776,17.250507,68.06
4446961.924,659569.7026,70.955826,0.87858266,0.6266745,22.128668,26.534513,28.449461,25.254816,17.751104,52.525032,50.198765,49.719215,56.006462,66.91761,25.47323,23.873312,21.072248,19.175669,15.025374,1.9673499,1.8035697,6.174713,7.271287,1379.01,300.25644,0.080078125,0.39837146,0.006713867,35,15,0.7816353,0.46875972,0.27490678,0.29970258,0.3084012,1.0137473,0.98186547,23.777325,21.650726,13.332286,18.01487,17.483171,15.650685,16.980707,18.228518,22.773737,24.377975,16.553686,20.300219,18.742393,19.840431,16.486883,19.86421,18.262888,15.564118,13.124988,14.235517,13.542699,17.034695,17.08205,15.077291,18.912086,18.689695,14.714139,14.012073,14.376643,15.182156,22.006172,15.996239,18.319906,19.388971,17.392246,16.638638,16.09819,15.145017,21.811356,17.38365,17.955534,16.466341,13.824001,15.356807,15.3536415,23.031593,18.765633,16.195768,0.75262856,1.8854598,6.723,0.5898598,24.33159,51.3619,24.673271,18.12711,19.867903,15.549565,16.841852,17.82776,17.250507,68.06
4446961.924,659574.7026,73.13565,0.8641196,0.6197207,21.953074,26.269123,28.100168,25.085848,17.518606,53.156292,50.78858,49.951923,56.159897,67.06652,25.112272,23.791273,21.132858,19.12918,15.008,1.9259868,1.7742885,6.1373076,7.2151647,1379.03,305.5377,0,0.2466776,0.002197266,35,15,0.7816353,0.46875972,0.27490678,0.29970258,0.3084012,1.0137473,0.98186547,23.980835,21.511177,12.742148,17.491383,18.292618,16.000692,16.2003,17.94853,24.05088,24.3795,16.488756,19.943802,18.445053,19.877329,17.513834,20.318117,17.602259,15.55865,13.087601,14.040634,13.888691,17.368195,16.599073,14.9433365,18.998829,18.171242,14.666397,13.788121,13.867561,15.463445,20.906052,15.771045,17.8334,19.530396,16.76358,16.25618,15.83807,14.986967,21.24241,17.036537,21.42104,16.510397,14.355434,15.299692,15.380028,21.317333,21.293133,17.07261,0.7419201,1.8501377,6.676236,0.5898598,24.1111,51.972435,24.451773,18.031307,20.09988,15.449301,16.551664,17.493002,17.939579,68.06
4446961.924,659579.7026,68.114914,0.84595764,0.6048649,21.5633,25.412943,27.744272,25.197329,17.440222,53.73552,51.43697,50.319874,56.250526,67.397064,24.760073,23.544939,20.771461,18.850885,14.56683,1.8841605,1.7363105,6.1145344,7.1669226,1379.05,315,0.16015625,0.16221477,0.008911133,35,15,0.7816353,0.46875972,0.27490678,0.29970258,0.3084012,1.0137473,0.98186547,23.980835,21.511177,12.742148,17.491383,18.292618,16.000692,16.2003,17.94853,24.05088,24.3795,16.488756,19.943802,18.445053,19.877329,17.513834,20.318117,17.602259,15.55865,13.087601,14.040634,13.888691,17.368195,16.599073,14.9433365,18.998829,18.171242,14.666397,13.788121,13.867561,15.463445,20.906052,15.771045,17.8334,19.530396,16.76358,16.25618,15.83807,14.986967,21.24241,17.036537,21.42104,16.510397,14.355434,15.299692,15.380028,21.317333,21.293133,17.07261,0.7254113,1.8102355,6.6407285,0.5898598,23.488121,52.586243,24.152506,18.031307,20.09988,15.449301,16.551664,17.493002,17.939579,68.06
4446961.924,659584.7026,68.24616,0.8330879,0.5978981,21.371628,25.21802,27.44419,25.0803,17.318792,54.16347,52.093975,50.77111,56.346992,67.48239,24.514652,23.285799,20.691254,18.843254,14.565535,1.8562623,1.7000622,6.096355,7.132896,1379.05,324.4623,-0.040039062,0.12333938,0,35,15,0.7810647,0.46376684,0.27543268,0.30154893,0.30847624,1.0149838,0.98868585,23.65158,22.158798,12.907411,17.30925,16.299562,14.685699,15.331211,17.551008,23.772943,24.61116,16.633772,19.788849,18.994116,20.043497,16.810158,20.203947,17.986387,16.747946,13.170773,13.748251,13.803402,16.911068,15.786911,15.057134,17.776247,15.028064,13.407299,14.411464,14.775533,15.948198,17.274763,15.038899,17.811832,16.978392,16.013758,16.767557,16.408373,14.851858,18.085709,16.644878,18.398205,19.663826,13.927829,16.006037,15.411447,22.510983,24.071333,17.175535,0.715493,1.7781622,6.6146255,0.59056556,23.294823,53.128723,23.900227,17.477644,20.0935,15.450677,15.517366,16.702496,18.56995,68.06
4446961.924,659589.7026,65.443275,0.82066286,0.59561986,21.034067,25.086224,27.143661,24.633684,17.022627,54.559723,52.817738,51.370697,57.193916,68.185875,24.31176,23.020557,20.503073,18.566034,14.406318,1.832432,1.6630924,6.095956,7.1140785,1379.06,305.61353,0.040527344,0.122811005,0.002197266,35,15,0.7810647,0.46376684,0.27543268,0.30154893,0.30847624,1.0149838,0.98868585,23.474346,20.499346,11.8565,17.12568,17.064426,17.70045,15.405774,17.409367,24.130571,25.201471,16.42997,19.852962,18.563843,20.660938,17.663622,20.411844,19.223375,15.837814,13.182208,14.319239,15.06517,16.307545,15.955129,15.2994795,18.244717,13.934484,13.805873,14.227254,13.941249,15.523638,17.007551,14.849519,19.310623,16.121145,16.398859,17.308462,17.015041,15.911287,18.036602,17.097332,20.153769,22.541662,17.386517,17.644135,18.180548,21.702255,18.42798,18.900793,0.7081413,1.7477622,6.605017,0.59056556,23.060146,53.68873,23.666159,17.589504,20.357624,15.69864,15.24068,17.15743,19.433838,68.06
4446961.924,659594.7026,64.370865,0.80587995,0.58004963,21.148033,25.42715,26.963167,24.94063,16.559362,54.882828,53.61418,51.610977,56.357967,69.33728,24.158234,22.935728,20.83373,19.01298,13.988671,1.8042369,1.6283811,6.0727825,7.09713,1379.07,291.7772,0.0390625,0.15364465,0.001098633,35,15,0.7810647,0.46376684,0.27543268,0.30154893,0.30847624,1.0149838,0.98868585,23.474346,20.499346,11.8565,17.12568,17.064426,17.70045,15.405774,17.409367,24.130571,25.201471,16.42997,19.852962,18.563843,20.660938,17.663622,20.411844,19.223375,15.837814,13.182208,14.319239,15.06517,16.307545,15.955129,15.2994795,18.244717,13.934484,13.805873,14.227254,13.941249,15.523638,17.007551,14.849519,19.310623,16.121145,16.398859,17.308462,17.015041,15.911287,18.036602,17.097332,20.153769,22.541662,17.386517,17.644135,18.180548,21.702255,18.42798,18.900793,0.6929648,1.7163091,6.584956,0.59056556,23.287592,54.248505,23.546982,17.589504,20.357624,15.69864,15.24068,17.15743,19.433838,68.06
4446961.924,659599.7026,70.06241,0.7880729,0.57500046,20.944723,25.23473,26.661757,24.926651,16.427488,55.342747,54.430088,52.261627,56.3893,69.54626,23.903223,22.63487,20.647905,19.000992,13.902636,1.7748164,1.5938979,6.0732913,7.093576,1379.08,281.27408,-0.12011719,0.21912143,-0.004516602,35,15,0.7810647,0.46376684,0.27543268,0.30154893,0.30847624,1.0149838,0.98868585,22.8183,19.17171,9.905025,15.04012,12.699527,17.70045,16.09886,15.658147,23.267124,23.35968,16.161812,19.882786,18.766237,20.668623,18.028725,20.003145,19.400555,15.765667,14.818866,13.735718,17.354204,16.307545,16.124872,15.89372,17.901571,13.787944,14.206012,13.910444,15.976964,15.393986,17.230421,15.052886,19.744972,15.95663,16.055578,16.968805,13.715869,15.911287,15.714256,16.580177,23.244867,22.330671,21.59189,16.379993,20.210138,21.702255,20.328201,20.431284,0.6815367,1.6843572,6.5834336,0.59056556,23.089725,54.886417,23.269047,16.204855,20.019283,16.215345,15.486764,16.295341,20.82686,68.06
4446961.924,659604.7026,75.06337,0.7658027,0.5669705,20.622787,24.707188,26.413979,24.60456,16.284876,55.881096,55.177612,52.883347,57.408176,70.39956,23.591967,22.360506,20.611324,18.480774,13.129609,1.7407157,1.5624565,6.071301,7.0927405,1379.11,273.8141,0.16015625,0.21554539,0.0078125,35,15,0.7810647,0.46376684,0.27543268,0.30154893,0.30847624,1.0149838,0.98868585,24.69252,20.667234,9.027238,14.068392,12.114278,18.701912,16.087687,15.690993,24.107126,22.588633,16.421377,19.546534,19.268295,20.51965,18.986038,20.154581,17.253399,16.56238,15.54689,16.812866,17.681644,17.562933,16.057783,16.608637,17.386278,16.739244,15.223666,16.030317,16.233793,15.522155,17.604414,16.115046,19.4969,20.498423,18.5966,20.77895,17.434572,17.252419,16.00805,19.238634,22.851955,20.938896,22.13514,24.023064,22.578943,20.768682,20.005112,22.108927,0.6663866,1.651586,6.5820208,0.59056556,22.664988,55.529354,22.976236,16.479895,20.20538,16.782557,16.39141,18.580845,21.900255,68.06
4446961.924,659609.7026,73.962166,0.7426376,0.558281,20.254765,24.124111,26.254326,24.430546,16.396328,56.51662,55.817116,53.50668,58.036602,70.1408,23.25258,22.078936,20.36985,18.115408,13.110196,1.6996876,1.5349824,6.067618,7.0905776,1379.12,275.19443,0,0.15836725,0.001098633,35,15,0.7810647,0.46376684,0.27543268,0.30154893,0.30847624,1.0149838,0.98868585,24.69252,20.667234,9.027238,14.068392,12.114278,18.701912,16.087687,15.690993,24.107126,22.588633,16.421377,19.546534,19.268295,20.51965,18.986038,20.154581,17.253399,16.56238,15.54689,16.812866,17.681644,17.562933,16.057783,16.608637,17.386278,16.739244,15.223666,16.030317,16.233793,15.522155,17.604414,16.115046,19.4969,20.498423,18.5966,20.77895,17.434572,17.252419,16.00805,19.238634,22.851955,20.938896,22.13514,24.023064,22.578943,20.768682,20.005112,22.108927,0.6504593,1.6173351,6.5790977,0.59056556,22.189438,56.16687,22.665758,16.479895,20.20538,16.782557,16.39141,18.580845,21.900255,68.06
4446961.924,659614.7026,67.77486,0.7227175,0.5547862,20.092964,24.008562,26.254854,24.419634,16.404907,57.200073,56.291813,53.964264,58.04131,70.28661,22.873236,21.98021,20.202415,18.115995,13.049253,1.6614033,1.5143025,6.0646086,7.0847282,1379.13,284.03625,-0.040039062,0.11823346,-0.001098633,35,15,0.83049864,0.50902027,0.2734772,0.28195488,0.31090936,1.0124222,1.0076385,25.012302,20.303843,10.344785,13.609227,12.398021,20.046906,16.21491,16.23329,24.87944,23.62004,16.743877,20.157177,19.31724,21.335989,18.26818,20.606052,18.230328,18.213232,16.71299,16.40519,18.876017,19.221691,18.05136,17.651714,18.226402,16.645636,15.092831,14.279248,15.669072,17.853485,18.873446,16.163118,18.877552,20.554405,18.915834,19.263927,17.916128,16.787989,16.229626,18.827085,22.76847,23.26333,22.800817,24.265715,21.18886,20.714136,22.272118,22.774902,0.63875186,1.587853,6.5746684,0.603703,22.050762,56.74594,22.426723,16.847141,20.617422,17.958685,16.662874,18.363638,22.467634,68.06
4446961.924,659619.7026,65.07422,0.71801424,0.55949515,19.88375,23.783442,26.19749,24.643196,16.676315,57.936893,56.49044,54.533752,57.149567,69.73601,22.44073,22.411364,20.371637,18.583717,13.292267,1.6332922,1.497453,6.0430794,7.0732903,1379.14,279.4623,-0.040039062,0.17442794,-0.005615234,35,15,0.83049864,0.50902027,0.2734772,0.28195488,0.31090936,1.0124222,1.0076385,24.308956,20.821337,11.260564,14.305893,12.686534,16.64826,16.096327,16.286648,25.1754,23.779932,16.55514,20.753773,18.612448,21.268179,18.226791,20.658812,20.000586,21.103016,17.130213,16.063047,18.944647,19.434849,17.079042,18.461027,18.076689,19.252571,15.603088,15.131277,15.672236,15.75383,17.891533,16.477781,19.875402,19.738482,18.162867,20.369923,17.308973,16.545767,16.11663,18.822039,22.684795,23.050463,22.815138,22.232426,21.153364,20.43052,22.283625,22.250795,0.6387547,1.5653726,6.5581846,0.603703,21.833595,57.21367,22.426046,16.589695,20.624523,18.536486,16.768747,18.302578,22.092905,68.06
4446961.924,659624.7026,55.37189,0.70493805,0.557227,19.734344,23.727806,26.20506,24.582369,16.837523,58.61127,56.532322,55.025806,57.21049,69.79944,22.056623,22.471449,20.208954,18.553268,13.261848,1.5974796,1.4873719,6.0289283,7.062685,1379.16,275.2059,-0.119628906,0.31603557,-0.005493164,35,15,0.83049864,0.50902027,0.2734772,0.28195488,0.31090936,1.0124222,1.0076385,24.135077,20.584747,10.933475,14.077524,12.467765,16.469778,16.481115,16.0491,25.82387,25.154495,17.182646,21.697908,19.081236,21.646233,18.803305,21.403318,20.625776,21.353518,17.349339,16.286087,19.162184,19.76793,17.639112,18.771334,19.354515,19.036982,15.350021,14.908007,15.986851,16.32933,18.410734,16.736448,19.723389,19.430056,18.035635,20.254864,17.153597,16.41198,15.965917,18.665873,22.669817,22.90214,22.80987,22.223274,21.144861,20.420397,22.269098,22.224005,0.63108253,1.5424258,6.545807,0.603703,21.731075,57.571796,22.264036,16.449926,21.341385,18.88342,17.053776,18.139347,22.06278,68.06
4446961.924,659629.7026,68.933136,0.6954475,0.55538696,19.598219,23.690243,26.20641,24.502253,17.035145,59.18784,56.372597,55.47199,57.296085,69.83789,21.73248,22.576498,20.06592,18.5056,13.241518,1.5646499,1.4825475,6.0134835,7.052274,1379.2,268.66626,-0.040527344,0.61597484,-0.008911133,35,15,0.83049864,0.50902027,0.2734772,0.28195488,0.31090936,1.0124222,1.0076385,23.851997,20.543682,9.828053,14.934756,13.138318,16.482769,16.573769,16.015251,25.514082,24.719,16.782133,21.15626,19.22981,21.646233,20.07113,21.249376,21.016277,20.821821,15.705724,18.739918,18.911432,19.76793,19.435354,18.825485,20.048084,18.471214,15.20741,15.539531,15.938533,16.32933,18.160452,16.794277,19.072567,20.59965,17.60805,20.02564,17.436338,16.41198,16.467697,18.550398,22.724977,22.248953,20.211699,21.14977,20.148588,20.294802,21.404531,21.011623,0.62541723,1.5235987,6.532879,0.603703,21.64423,57.78022,22.154488,16.479048,21.302664,19.19978,17.099222,18.231703,21.169046,68.06
4446956.924,659309.7026,49.72475,0.7869905,0.6693534,23.27247,31.252262,29.537283,25.310053,21.3094,51.019943,44.676292,46.49946,59.119545,65.14202,25.189808,24.861403,24.000793,15.78904,13.608189,1.7756896,1.8643991,5.883989,7.316504,1377.86,41.81802,0.12011719,0.36529517,0.008911133,35,15,0.7900394,0.4855911,0.23177512,0.27271524,0.3072061,1.0350717,0.79773384,22.701944,17.952406,8.318161,11.993666,11.451608,15.024968,16.119059,14.058959,24.742102,25.207542,16.286638,19.853073,18.795282,20.940723,19.316011,20.519424,19.11692,18.499159,14.51204,15.657082,14.906247,22.387875,17.907269,16.845013,14.121525,12.535565,10.077294,10.497429,10.627168,14.913289,16.271969,11.954988,15.560822,16.117304,11.43716,12.8604555,9.016964,13.18866,17.438982,13.015743,17.328323,18.069191,17.26801,18.563967,14.541222,16.529041,20.294264,17.544025,0.72817194,1.8200443,6.6002464,0.56001896,27.262367,47.848118,25.025604,14.794545,20.734482,17.569515,12.720605,13.660049,17.513432,68.06
4446956.924,659314.7026,50.876392,0.78419006,0.65300584,23.27609,31.342329,29.592476,25.364609,21.452751,50.820114,44.47409,46.430492,58.764996,65.09513,25.49962,24.922403,24.01162,15.9051075,13.566184,1.768828,1.8712485,5.9197364,7.3066797,1377.83,55.48034,0.119140625,0.5559927,0.010009766,35,15,0.85083765,0.49311626,0.26348212,0.27659345,0.3090249,1.0039994,1.403559,22.581808,18.466295,9.113489,13.40793,13.747872,14.728075,16.099485,14.782367,24.950165,27.151503,16.129612,20.591457,18.467014,21.730984,20.338808,21.016531,20.220955,14.4501505,14.900157,16.282534,15.828828,18.994318,16.539633,16.4869,14.069588,9.162749,10.587943,10.785446,12.181156,10.85236,14.8412895,11.337346,14.379425,16.294672,9.99634,11.014647,10.643384,12.330126,13.200526,12.007321,19.208763,19.420116,15.384904,15.3847885,14.896201,16.039833,16.370436,16.459028,0.71859795,1.8200383,6.613208,0.6572304,27.30921,47.647102,25.211012,15.449279,21.337078,16.745226,11.782933,12.551302,16.67215,68.06
4446956.924,659319.7026,52.565105,0.79559004,0.6360119,23.346449,31.444393,29.635942,25.400492,21.967201,50.624653,44.262726,46.161724,58.21377,64.242256,25.911156,25.133503,24.250765,16.257915,13.743898,1.7761363,1.8798919,5.956953,7.297257,1377.78,54.99859,0.040527344,0.69925886,0.003295898,35,15,0.85083765,0.49311626,0.26348212,0.27659345,0.3090249,1.0039994,1.403559,22.558842,18.45609,9.087973,13.37731,13.727459,14.697456,16.089277,14.758125,25.254921,27.640182,16.157972,20.800766,18.911028,22.00069,20.938051,21.29897,20.116024,14.19648,14.638804,16.016575,15.590515,18.852606,16.375723,16.265429,13.242404,8.325097,9.756572,9.962867,11.356065,10.018904,14.282855,10.508069,15.627884,17.84236,11.50533,12.502811,12.186084,12.785162,14.347527,13.387929,19.314173,19.544085,15.505042,15.502623,15.027835,16.06283,16.474768,16.570532,0.715801,1.8280141,6.6271048,0.6572304,27.39542,47.443687,25.52233,15.4277725,21.671946,16.54096,10.992109,13.828165,16.775908,68.06
4446956.924,659324.7026,52.87444,0.7980006,0.61936164,23.326096,31.496866,29.722769,25.458624,22.131721,50.312817,44.034332,46.03761,57.759567,64.14948,26.449715,25.24568,24.280516,16.4831,13.782012,1.7939516,1.887613,5.9948626,7.282133,1377.73,54.697277,0.119140625,0.8425905,0.010009766,35,15,0.85083765,0.49311626,0.26348212,0.27659345,0.3090249,1.0039994,1.403559,22.945469,18.70122,9.499755,14.051396,11.929325,13.251968,13.27985,14.805417,26.270947,27.909174,16.3005,20.880842,19.168953,21.881945,21.245071,21.51822,21.25457,18.043703,14.827498,17.753931,14.822738,16.79898,18.204618,17.065218,14.776793,10.38211,8.798084,10.674459,9.975743,9.987024,14.555844,10.735898,15.085122,14.024322,11.311841,12.215719,13.06783,13.597332,12.95934,12.88712,19.287804,17.461824,15.644902,16.459084,16.138924,16.069454,17.808573,16.727453,0.7086811,1.8407824,6.638498,0.6572304,27.41148,47.173576,25.847698,14.808426,21.951063,17.386578,11.307152,13.180216,16.981508,68.06
4446956.924,659329.7026,60.29801,0.8040432,0.6028448,23.952848,32.73003,31.193218,25.988184,22.547836,49.66379,43.01117,43.450123,56.22232,63.13184,27.131365,25.928125,25.435379,17.413439,14.194821,1.8387591,1.9267094,6.0265384,7.2709618,1377.66,54.473125,-0.0390625,0.8623362,-0.002197266,35,15,0.85083765,0.49311626,0.26348212,0.27659345,0.3090249,1.0039994,1.403559,23.165127,17.132248,9.359356,13.924231,13.555222,14.460196,16.496513,14.919848,26.705997,26.766611,16.368765,20.944317,20.15426,21.823719,20.816061,21.598158,22.616682,15.5511465,14.580552,15.362946,14.517846,17.508793,18.545036,16.441849,16.85727,7.9116044,9.935375,9.928316,10.133827,11.038935,15.794396,11.01011,15.59062,11.965932,11.205804,11.780245,15.7691345,15.298467,14.42854,13.092023,18.256048,16.414038,16.080446,17.01196,17.447021,16.179272,19.396603,16.874071,0.703444,1.8827343,6.6487503,0.6572304,28.341438,46.33748,26.529745,15.441842,21.93996,16.954716,11.657103,13.719821,17.255056,68.06
4446956.924,659334.7026,52.236217,0.81566024,0.59991413,24.004114,32.768654,31.27772,26.04422,22.728651,48.94284,42.59597,43.301636,55.646603,62.952766,27.89897,26.109924,25.4853,17.81107,14.392315,1.8962584,1.9416975,6.0775023,7.253651,1377.61,53.756947,0.15917969,0.7990735,0.0078125,35,15,0.85083765,0.49311626,0.26348212,0.27659345,0.3090249,1.0039994,1.403559,23.28681,16.881113,9.326339,13.634333,13.082542,13.8198595,16.540922,14.728456,26.9345,26.825216,16.96464,21.391281,20.9737,22.43871,21.327429,22.045702,22.6348,15.57341,14.574394,15.401715,14.524884,17.520336,18.552074,16.457073,16.628334,7.8530116,9.869512,9.932898,10.132749,11.051881,15.613979,10.946217,15.619974,12.015897,11.276378,11.8467,15.767052,15.26599,14.478505,13.135484,18.206575,16.324514,15.995885,16.927095,17.351675,16.083923,19.328926,16.791977,0.70778716,1.918978,6.665577,0.6572304,28.386383,45.769405,27.004448,15.224561,22.407925,16.968801,11.583196,13.752929,17.174086,68.06
4446956.924,659339.7026,48.563103,0.83125293,0.60874146,24.519613,32.822655,31.521439,26.590725,23.090937,47.720863,41.8443,42.955463,54.00776,61.8893,28.92862,26.633549,25.592913,18.928036,15.068919,1.977056,1.9672637,6.127166,7.2385273,1377.54,49.904194,-0.23925781,0.71151805,-0.013305664,35,15,0.85083765,0.49311626,0.26348212,0.27659345,0.3090249,1.0039994,1.403559,21.811655,18.125893,11.374222,16.227741,15.322968,15.971328,17.88621,16.20685,25.407219,26.958323,17.24912,21.187857,20.60401,22.11016,21.441444,21.762947,19.537106,12.554606,11.159766,11.509513,11.807732,13.760971,16.656683,13.13182,15.225094,10.500544,11.1021805,11.109287,13.666054,12.15111,16.106068,12.178055,18.535059,17.127268,14.821274,15.205988,19.064579,17.807634,17.475214,16.603485,17.288712,17.810324,16.571062,16.013027,17.113197,15.883349,18.752401,16.723307,0.71999717,1.9721599,6.6828465,0.6572304,28.671135,44.78258,27.781084,16.674288,22.136875,13.855197,12.837191,17.148144,17.061724,68.06
4446956.924,659344.7026,56.244194,0.85588974,0.62446505,24.405762,32.085026,31.7445,26.969097,23.184359,46.252075,41.28804,42.51594,52.55564,61.638187,30.110674,27.060505,25.79951,20.03847,15.452403,2.0811772,1.96798,6.1962633,7.212964,1377.51,43.090073,0.040039062,0.60837483,0,35,15,0.8428825,0.49068457,0.2506953,0.271799,0.3089874,1.0088086,1.3544521,23.028576,18.241484,11.161899,16.310196,15.207298,14.369513,17.460917,16.21964,24.916431,26.5273,20.714651,21.995872,22.866722,24.035889,24.53951,23.101723,17.258795,15.733582,11.759185,13.412302,13.179952,15.188849,21.222916,13.96254,13.527066,13.476047,12.065137,12.135901,12.356831,12.375124,17.037323,12.606529,18.446547,19.884949,15.168141,14.287554,16.02107,15.443874,20.042206,16.245424,18.8542,20.087746,18.983238,17.479279,17.779284,18.337654,18.845346,18.460533,0.7401774,2.0245786,6.7046137,0.6469014,28.245394,43.770058,28.58559,16.539984,23.656626,15.393655,13.281919,17.04205,18.623821,68.06
4446956.924,659349.7026,59.126133,0.886742,0.64139014,24.871656,31.945168,31.730978,27.156569,23.334051,44.54282,40.302784,42.66262,51.9157,61.003334,31.227493,27.715403,25.646717,20.592348,15.844844,2.2006938,2.0065079,6.2649884,7.213167,1377.47,38.88185,-0.12011719,0.57073796,-0.006713867,35,15,0.8428825,0.49068457,0.2506953,0.271799,0.3089874,1.0088086,1.3544521,23.137053,18.34535,11.326611,16.40997,15.433949,14.456331,17.64846,16.3687,23.767075,25.00109,19.457415,20.60926,21.68376,22.581924,23.430038,21.812494,17.29848,15.921815,11.768506,13.587351,13.257819,15.400623,20.422876,14.053436,18.139746,16.004663,14.00151,13.307619,15.5697975,16.69514,19.932533,15.249496,19.56424,20.7802,15.843762,14.322329,16.80465,17.287775,20.396408,16.923191,18.931143,20.094538,18.99003,17.486073,17.786077,18.390858,18.84522,18.482883,0.7640661,2.103601,6.7390776,0.6469014,28.408413,42.422802,29.471447,16.679674,22.36151,15.379638,16.235859,17.857052,18.646276,68.06
4446956.924,659354.7026,68.50749,0.9171232,0.65596145,25.15388,32.028706,31.89045,27.204079,23.211798,42.890244,39.235065,42.255398,51.36044,60.88247,32.22801,28.235023,25.852308,21.145739,16.097258,2.315478,2.0411928,6.2962694,7.1973777,1377.45,27.87458,0.0390625,0.55086535,0.001098633,35,15,0.8428825,0.49068457,0.2506953,0.271799,0.3089874,1.0088086,1.3544521,23.694813,19.517496,11.297374,16.427681,16.151634,17.638176,17.833889,16.92495,23.621767,23.524994,19.238176,21.137098,21.869797,22.274223,24.45636,21.75107,15.545102,13.953453,8.858674,11.3674755,11.877029,13.621973,21.239122,12.226257,16.824306,15.823878,11.802403,12.369074,14.537593,15.322161,21.547693,14.374599,19.4485,21.339752,15.60748,16.232895,17.415405,19.01139,22.114614,17.87273,17.991371,19.567457,17.723997,17.423594,17.036888,17.362778,20.89982,17.94597,0.7865423,2.1783354,6.7468233,0.6469014,28.591293,41.062653,30.231516,17.508724,22.303202,13.780403,15.461015,18.738577,18.286558,68.06
4446956.924,659359.7026,64.3921,0.9556066,0.6659721,25.432356,32.376976,32.81752,28.384804,23.695599,41.379692,37.993046,40.260517,49.393616,58.971954,33.05597,29.312155,26.921925,22.137054,17.03028,2.4274716,2.0917258,6.3430853,7.1765347,1377.43,19.429268,0.000976563,0.51617163,0,35,15,0.8428825,0.49068457,0.2506953,0.271799,0.3089874,1.0088086,1.3544521,22.408792,19.83578,12.400962,14.929445,17.424564,16.8128,16.699041,16.839106,22.128834,23.86968,11.540492,16.768406,15.829361,17.813688,17.011543,17.469847,14.947481,11.18385,9.947084,10.020149,10.046276,14.393181,13.680108,11.35666,17.121904,13.134277,11.483792,12.313963,14.571243,16.19295,17.084276,13.949384,18.603964,17.157005,14.6261,17.578127,15.787979,18.893887,18.64366,16.989393,18.998108,16.46823,16.7812,18.837833,16.183893,19.683636,17.492203,17.719889,0.81078935,2.2595987,6.75981,0.6469014,28.904667,39.68637,31.184063,17.215912,17.851715,12.031161,14.557487,17.327246,17.777872,68.06
4446956.924,659364.7026,69.583984,0.9768895,0.6704671,25.672342,32.34839,32.912636,28.354448,23.579344,40.297127,37.44836,40.029026,49.17582,58.913197,33.601154,29.648996,27.03258,22.448452,17.17344,2.5061185,2.1073875,6.371154,7.1709404,1377.42,5.536197,0.000488281,0.44584724,-0.001098633,35,15,0.8428825,0.49068457,0.2506953,0.271799,0.3089874,1.0088086,1.3544521,22.408792,19.83578,12.400962,14.929445,17.424564,16.8128,16.699041,16.839106,22.128834,23.86968,11.540492,16.768406,15.829361,17.813688,17.011543,17.469847,14.947481,11.18385,9.947084,10.020149,10.046276,14.393181,13.680108,11.35666,17.121904,13.134277,11.483792,12.313963,14.571243,16.19295,17.084276,13.949384,18.603964,17.157005,14.6261,17.578127,15.787979,18.893887,18.64366,16.989393,18.998108,16.46823,16.7812,18.837833,16.183893,19.683636,17.492203,17.719889,0.82367826,2.3067532,6.771047,0.6469014,29.010365,38.87274,31.625076,17.215912,17.851715,12.031161,14.557487,17.327246,17.777872,68.06
4446956.924,659369.7026,69.20772,0.99548227,0.6624314,25.278439,31.861153,32.675385,28.099941,23.023245,39.696285,37.368977,40.62858,49.654816,60.506893,33.864796,30.073957,26.651814,22.30731,16.298609,2.575396,2.1092925,6.381866,7.1395507,1377.42,358.14948,0.000488281,0.4439992,0.001098633,35,15,0.8428825,0.49068457,0.2506953,0.271799,0.3089874,1.0088086,1.3544521,22.877346,21.614939,12.257806,16.737051,16.372787,16.78842,16.689024,17.352804,22.627209,25.987036,10.955686,16.588848,15.9427185,19.272608,16.811502,17.78027,16.019287,12.009381,9.930344,8.540909,12.921102,15.216511,14.9315405,11.937917,17.771774,12.900715,11.338214,11.432454,14.415301,14.440783,16.399126,13.595508,19.280163,18.003883,13.673352,15.613286,15.966733,19.04026,17.512741,16.54083,19.143522,17.881012,15.911237,17.263681,15.696345,15.446494,17.551125,17.066536,0.82895684,2.3423443,6.7607083,0.6469014,28.569796,38.53263,31.969376,17.619625,18.31223,12.795581,14.099767,17.012918,16.984774,68.06
4446956.924,659374.7026,73.9183,1.005566,0.6528283,25.502073,31.436577,32.780167,28.437698,23.02915,39.533817,37.587368,40.645798,49.67661,60.74068,33.837532,30.226593,26.4922,22.111149,16.085762,2.5986483,2.0879858,6.388123,7.152156,1377.42,345.98434,-0.07910156,0.4721605,-0.006591797,35,15,0.8312511,0.49282578,0.26467192,0.2806153,0.30870363,1.0109676,1.3480704,24.259455,22.480974,12.937489,16.533106,17.538696,16.032782,15.884397,17.90161,23.802097,25.753145,11.173877,17.17499,15.565128,19.541304,16.310198,18.0987,18.011013,12.470398,10.051189,9.728117,12.79594,15.268855,15.580925,12.593762,19.464672,13.0482025,11.655128,12.666838,14.967262,14.260279,16.387878,14.286439,20.54467,17.053217,13.548518,15.436519,16.573988,19.184147,18.444006,16.652609,18.521183,18.590933,15.410626,18.689182,16.092257,17.861149,18.03323,17.474092,0.82919717,2.343317,6.7701397,0.64815795,28.469326,38.560593,32.032063,17.952414,18.474392,13.415206,14.635751,17.25501,17.599794,68.06
4446956.924,659379.7026,74.124275,0.9992565,0.64178604,25.510096,31.223063,32.697113,28.240707,22.978344,39.70026,38.008415,40.85094,49.946033,60.75185,33.711548,30.14364,26.38204,22.088799,16.116344,2.5832872,2.0591028,6.387013,7.156022,1377.44,325.9005,-0.041015625,0.5361153,-0.004516602,35,15,0.8312511,0.49282578,0.26467192,0.2806153,0.30870363,1.0109676,1.3480704,24.259455,22.480974,12.937489,16.533106,17.538696,16.032782,15.884397,17.90161,24.198368,26.109453,18.494322,21.434307,19.637598,24.094643,21.308073,21.829271,18.466658,12.509461,10.390425,9.933425,12.935061,15.527302,15.749482,12.845609,19.409979,12.99351,11.600433,12.612146,14.91257,14.205587,16.333185,14.231744,21.05888,18.772089,14.359619,16.393932,18.874113,19.670132,19.068604,17.703672,19.238894,19.171244,15.901616,19.163372,16.957478,18.629784,18.841623,18.092014,0.82052124,2.3211951,6.7715178,0.64815795,28.36658,38.85434,31.927593,17.952414,22.182394,13.644545,14.581058,18.31391,18.272001,68.06
4446956.924,659384.7026,73.0613,0.9971023,0.6303183,25.435003,30.873737,32.74118,27.632671,22.50993,40.052437,38.57719,41.576687,50.151615,61.154434,33.408722,30.061619,25.547758,22.432789,16.283346,2.562285,2.0346916,6.390195,7.1610446,1377.47,312.79636,-0.080078125,0.5273272,-0.003295898,35,15,0.8312511,0.49282578,0.26467192,0.2806153,0.30870363,1.0109676,1.3480704,24.067232,20.41244,12.958089,15.624661,15.582835,19.706911,15.6641035,17.510216,24.200733,25.369986,18.031965,21.022999,21.165611,22.537159,23.05404,21.663614,20.976583,12.386689,12.059518,14.351152,14.09283,16.948612,20.364248,14.932256,19.952614,13.160149,13.305363,14.645746,17.5324,17.029045,20.571198,15.8139925,21.191135,17.424051,14.320222,16.512953,19.397552,19.394733,22.718033,17.672514,19.506683,18.146555,16.414347,16.28912,18.406244,17.053898,20.01503,17.510763,0.81371033,2.2984881,6.7756195,0.64815795,28.15437,39.31481,31.73517,17.71661,22.1975,15.882805,16.599503,18.708384,17.975983,68.06
4446956.924,659389.7026,76.9192,0.98777467,0.62015873,25.585892,30.719088,32.927982,27.460405,22.90585,40.490803,39.02953,41.346085,49.557003,59.680054,33.080738,30.079443,25.60008,23.116539,16.934599,2.523641,2.0113142,6.3993077,7.167236,1377.51,296.5563,0.040039062,0.51272124,-0.001098633,35,15,0.8312511,0.49282578,0.26467192,0.2806153,0.30870363,1.0109676,1.3480704,23.316057,19.550203,11.571309,14.857181,15.023286,20.010777,15.275684,16.694447,26.084927,26.656784,20.985323,22.756824,22.721014,23.676678,24.11178,23.495285,19.21717,13.25883,13.419681,14.622243,13.8446,20.655722,20.742653,15.425316,15.819033,12.365937,13.466812,13.297562,16.791399,13.285444,16.927279,14.286365,18.614046,16.629583,17.347982,16.332916,19.60718,19.789677,20.775986,17.79138,20.437681,16.510588,18.742512,16.65843,18.023073,17.960102,19.56646,18.174942,0.8039667,2.2674775,6.783272,0.64815795,28.152489,39.760166,31.58009,17.086355,23.85619,16.537271,14.564781,18.44248,18.271263,68.06
4446956.924,659394.7026,82.28861,0.96975714,0.6104554,25.499119,30.50039,32.738327,27.290956,22.745157,41.169853,39.646748,41.866295,49.873936,59.825356,32.627045,29.8474,25.30488,22.993126,16.889112,2.4663298,1.9817069,6.3890843,7.1731343,1377.55,288.42496,-0.119140625,0.6339674,-0.00769043,35,15,0.8312511,0.49282578,0.26467192,0.2806153,0.30870363,1.0109676,1.3480704,22.855413,19.365005,11.277821,14.724203,14.702548,19.737335,15.08501,16.427176,26.084927,26.656784,17.597404,20.724072,20.777515,21.510042,21.222937,21.801323,16.846516,12.906086,12.162992,13.756259,11.104136,19.015331,16.850466,13.940834,15.294417,11.648182,12.597703,12.450464,15.986507,12.5038,16.081095,13.519797,18.855852,16.948198,17.35936,16.433605,19.692986,19.912697,20.945745,17.936579,19.274618,16.267494,17.62249,16.050531,17.099863,17.538818,19.09685,17.404778,0.7901063,2.2240183,6.7811093,0.64815795,27.999754,40.408302,31.237223,16.821047,22.081953,14.663112,13.794596,18.592634,17.56438,68.06
4446956.924,659399.7026,75.57425,0.9492344,0.5958664,25.435944,30.12764,32.12237,27.152512,22.678545,42.00174,40.52987,42.728718,50.14965,59.35782,32.043842,29.345535,25.1552,22.805079,17.392176,2.4120245,1.9494088,6.425533,7.198018,1377.61,287.17422,-0.12011719,0.82423437,-0.008911133,35,15,0.8312511,0.49282578,0.26467192,0.2806153,0.30870363,1.0109676,1.3480704,23.114445,17.402618,7.547281,13.351331,12.423999,17.949062,13.918775,14.486943,26.442768,26.061974,17.668344,20.50846,20.066034,23.178347,20.71401,21.74806,19.038479,15.244838,14.65094,14.255211,16.616316,19.680874,15.891609,16.039568,14.102135,7.9353585,9.466811,9.006105,13.23989,11.272932,13.240991,10.700412,15.447234,12.492511,14.096438,12.774104,15.636856,17.746517,16.530905,14.575539,19.099329,16.487547,15.860744,16.300228,18.289968,17.482328,14.744439,17.054167,0.7725504,2.1807165,6.811775,0.64815795,27.781792,41.265804,30.694689,15.101072,22.09142,16.48261,11.180603,14.960653,16.894941,68.06
4446956.924,659404.7026,68.81722,0.932466,0.5961987,25.1711,29.938929,31.678066,26.687454,22.854229,43.008766,41.095215,43.40601,51.056858,58.693813,31.478628,29.201464,24.972746,22.336145,17.661806,2.3318887,1.9284052,6.3404827,7.1919236,1377.69,284.92126,0.0390625,0.889501,0.001098633,35,15,0.84647715,0.49411312,0.265459,0.27773136,0.30905366,1.0129018,1.4233682,23.446772,16.970205,8.124505,14.325458,12.570186,14.483589,13.988125,14.572284,25.278395,26.213152,16.815084,20.511204,20.267796,21.757202,19.215542,21.242487,17.011497,15.367999,13.951702,16.005323,16.96702,18.632502,16.6887,15.862359,11.967218,8.063729,9.189465,8.992343,14.978877,10.29204,13.616595,10.425509,14.478474,12.207806,12.903575,12.802233,15.812327,14.350534,17.307592,13.826424,18.012922,16.463776,15.225802,17.879108,17.239878,16.714817,17.248304,16.84908,0.7643323,2.130147,6.766203,0.66130066,27.555016,42.05199,30.340046,14.844121,21.43691,16.374964,11.014323,14.266077,16.969229,68.06
4446956.924,659409.7026,67.53923,0.9081695,0.5796663,24.872849,29.402689,30.882133,26.498194,22.737574,44.101,42.13114,45.04771,51.40285,58.672092,30.70732,28.478231,24.149088,22.111137,17.81185,2.260734,1.9039052,6.379813,7.2167993,1377.76,280.22107,-0.079589844,0.88775814,-0.005493164,35,15,0.84647715,0.49411312,0.265459,0.27773136,0.30905366,1.0129018,1.4233682,23.447016,16.96992,8.124684,14.326037,12.570186,14.483589,13.988125,14.5724535,25.278395,26.213152,16.815084,20.511204,20.267796,21.757202,19.215542,21.242487,17.011497,15.367999,13.951702,16.005323,16.96702,18.632502,16.6887,15.862359,12.193705,8.080396,9.357486,9.165856,15.283277,10.694,13.60141,10.615735,14.714836,12.207806,13.06115,12.802233,16.127478,14.823257,17.673086,13.983998,18.012922,16.463776,15.225802,17.879108,17.239878,16.714817,17.248304,16.84908,0.74391794,2.0823197,6.7983065,0.66130066,27.137768,43.116074,29.592775,14.844223,21.43691,16.374964,11.196589,14.487122,16.969229,68.06
4446956.924,659414.7026,74.226906,0.8833849,0.5751254,24.653502,29.49314,30.117977,26.390896,22.97568,45.28324,42.69236,46.50649,52.617325,58.931953,29.95765,27.942102,23.479454,20.966295,16.926659,2.1657004,1.8945081,6.383154,7.2206287,1377.84,275.53186,-0.040527344,0.8923365,-0.001098633,35,15,0.84647715,0.49411312,0.265459,0.27773136,0.30905366,1.0129018,1.4233682,22.943295,16.992592,9.296634,14.740491,11.733815,14.887346,14.456834,14.842135,24.194008,26.951859,16.372868,20.618807,20.03071,21.312378,19.757063,21.0223,18.226786,16.849716,13.622696,15.521892,18.027473,17.05506,16.553993,16.092245,13.396412,8.911338,9.597971,9.781703,12.956879,11.754948,14.028882,11.029885,14.01677,11.777096,11.147064,9.959456,14.257477,13.677374,17.675323,12.31022,18.10069,15.701027,14.908875,14.739473,18.307936,16.319237,18.430883,16.172953,0.72925514,2.0301042,6.8018913,0.66130066,27.07332,43.9878,28.949875,15.007286,21.31967,16.551088,11.489733,13.215795,16.644018,68.06
4446956.924,659419.7026,68.83343,0.8586841,0.5881641,24.178514,29.158854,29.400635,25.869358,22.748705,46.534798,43.464363,47.992825,53.78168,59.438213,29.158493,27.18973,22.706373,20.30751,16.603193,2.0694196,1.8873479,6.414349,7.2382307,1377.92,271.9107,0.080566406,0.8599902,0.002319336,35,15,0.84647715,0.49411312,0.265459,0.27773136,0.30905366,1.0129018,1.4233682,22.91211,18.979868,12.179035,15.861697,13.334195,16.729153,15.813213,16.433714,24.548954,26.842287,17.43304,21.110538,19.662882,21.139565,19.924353,21.373674,17.134079,15.113457,13.792466,14.873472,17.52301,17.9025,17.198072,15.712598,12.994914,10.941772,12.280846,11.583312,12.889255,13.111348,14.684184,12.332321,10.312047,11.936086,10.589953,9.318653,15.458534,13.266689,19.049662,11.617974,16.054407,17.425394,15.303393,15.144226,18.71118,15.4909525,18.688683,16.209412,0.7234241,1.9783838,6.82629,0.66130066,26.668684,44.99958,28.17411,16.544184,21.523087,16.21958,12.640805,12.847374,16.68832,68.06
4446956.924,659424.7026,67.40196,0.8344039,0.5895659,23.925297,29.165854,28.91685,25.70137,22.791716,47.806984,44.13423,48.952606,54.275692,59.463234,28.371973,26.453938,22.26063,19.948715,16.528008,1.9821571,1.8808458,6.4014335,7.248372,1377.99,268.26172,-0.12011719,0.945254,-0.0078125,35,15,0.84647715,0.49411312,0.265459,0.27773136,0.30905366,1.0129018,1.4233682,23.043509,19.070858,12.473194,16.126835,13.5575075,16.76471,16.068642,16.646303,27.39828,29.40358,18.406908,22.74797,21.117025,22.703238,21.44567,23.168634,16.649971,14.719952,13.362903,14.572763,17.152887,17.816628,16.978804,15.355458,12.890746,11.18551,12.539104,11.374973,12.71696,12.534763,14.943702,12.281818,9.810957,11.12473,10.408185,8.872324,15.016673,12.981917,18.243275,11.173232,15.144842,16.475927,15.063828,14.552355,18.276445,14.89748,17.982769,15.616829,0.7119849,1.9315014,6.8249025,0.66130066,26.545574,45.970608,27.412956,16.729322,23.317522,15.893415,12.597966,12.3511505,16.056234,68.06
4446956.924,659429.7026,66.10436,0.8114108,0.5885824,23.432343,28.898008,28.432795,24.958883,22.671907,49.102566,44.952282,50.09316,55.575897,60.1227,27.529587,25.706072,21.67182,19.382118,15.947544,1.9198463,1.8770612,6.3892736,7.2556424,1378.08,266.38342,-0.12011719,1.1335826,-0.008911133,35,15,0.84647715,0.49411312,0.265459,0.27773136,0.30905366,1.0129018,1.4233682,22.888645,19.234657,13.380086,16.391645,14.720212,16.724602,16.503942,17.092104,27.81866,29.596619,18.38929,23.605162,20.920904,22.656485,20.823559,23.376348,18.091694,16.695045,14.358516,16.550495,18.410463,17.57526,18.130081,16.645584,14.39162,12.852474,12.381602,13.29674,15.479239,13.59056,16.293566,13.593106,13.112372,13.0434065,12.974319,13.473903,16.336554,15.154299,19.846682,13.897143,17.960146,17.91181,17.724916,17.868568,19.027317,16.454008,20.436777,17.877588,0.6999966,1.8984537,6.8224583,0.66130066,26.165176,47.027424,26.617828,17.120543,23.401525,17.115936,14.04083,14.84879,18.197649,68.06
4446956.924,659434.7026,67.61353,0.79929084,0.59614533,23.257313,29.11852,28.168257,24.532091,22.91935,50.3598,45.688965,50.72584,56.418137,60.333714,26.738262,25.009424,21.375792,19.002277,15.589482,1.8700194,1.8598176,6.341859,7.2633243,1378.19,265.62128,-0.041015625,1.3074676,-0.004516602,35,15,0.8477766,0.49813542,0.26708975,0.28754276,0.310292,1.0156335,1.4365695,23.710133,19.078838,14.066735,17.086967,14.129021,15.820081,17.246935,17.376785,27.691978,30.10871,18.375736,23.907944,20.95767,23.07225,20.929888,23.518183,19.787323,17.741842,14.799076,16.48035,16.223923,17.673965,18.735044,16.876207,15.974487,13.175457,11.849811,13.26691,15.216744,13.146742,18.092226,13.685177,16.158913,13.384385,10.686959,13.499435,14.302123,13.616555,18.77355,13.42483,19.593632,18.335852,17.025183,17.694508,19.838308,17.979622,20.283503,18.250334,0.6977181,1.8649185,6.8025913,0.6661485,26.187916,48.024384,25.873844,17.30553,23.57774,17.34879,14.388911,14.345988,18.67866,68.06
4446956.924,659439.7026,58.761395,0.79129577,0.5956519,22.986246,28.825594,27.788536,24.310244,23.095997,51.4725,46.69781,51.405052,56.766727,61.249058,25.918484,24.226355,21.16366,18.867277,14.879152,1.8475558,1.8438882,6.3968463,7.2925615,1378.31,265.71515,0.041015625,1.3360463,0.002319336,35,15,0.8477766,0.49813542,0.26708975,0.28754276,0.310292,1.0156335,1.4365695,23.661715,19.052187,14.075413,16.965841,13.962811,15.657976,16.985159,17.306337,25.888021,28.334558,18.357548,23.139593,20.189043,21.91249,19.936666,22.553099,17.3109,15.252521,13.895145,14.866417,14.297593,13.763743,15.39346,14.921348,16.333923,13.917802,12.614818,14.027321,15.596897,13.510326,18.660727,14.303603,17.940811,17.790922,17.2832,18.066874,15.534455,13.638266,19.310005,17.050833,18.460567,16.764336,14.877758,15.316757,18.42396,17.3176,20.046076,16.56676,0.6934738,1.845722,6.8447037,0.6661485,25.90592,49.085155,25.072418,17.194445,22.536846,14.968539,14.951688,17.080648,17.315294,68.06
4446956.924,659444.7026,54.01601,0.7836875,0.5968824,22.772964,28.753048,27.34076,24.275097,23.333036,52.476376,47.505466,52.37095,57.1436,61.757153,25.2764,23.58227,20.644915,18.504383,14.524456,1.8247943,1.828839,6.41244,7.3051376,1378.42,265.69907,-0.12011719,1.335724,-0.004394531,35,15,0.8477766,0.49813542,0.26708975,0.28754276,0.310292,1.0156335,1.4365695,23.025213,18.825857,13.962215,17.423748,13.514279,18.941097,16.42235,17.39507,25.792728,28.383581,16.985489,21.729351,19.188307,22.184616,19.309553,21.86218,17.523571,15.532231,13.7641115,14.890984,14.227531,13.8668785,15.088159,14.961411,14.985007,12.430893,11.442838,12.018336,14.022328,12.933295,16.357483,12.879994,14.515223,16.158628,17.38851,17.223557,13.4950905,12.690884,16.512938,15.686681,19.603052,16.395988,14.495389,14.7798815,18.855818,18.215918,18.886633,16.630116,0.69028497,1.8268166,6.8587885,0.6661485,25.763006,49.99092,24.429335,17.444965,21.939089,14.984781,13.455741,15.426405,17.318954,68.06
4446956.924,659449.7026,54.236366,0.77984565,0.5951256,22.569628,28.917976,26.918787,24.373508,24.210909,53.312664,47.951748,52.65265,57.63582,61.094204,24.821846,23.178371,20.738413,17.90613,14.504485,1.7949625,1.8016659,6.3995476,7.3091583,1378.55,264.4212,0.36035156,1.1797336,0.018920898,35,15,0.8477766,0.49813542,0.26708975,0.28754276,0.310292,1.0156335,1.4365695,24.258541,20.090347,14.560382,18.279345,14.530965,20.187687,17.564054,18.376114,24.106653,26.682997,16.334501,20.610046,17.980034,20.686815,18.046934,20.626553,17.355831,15.335822,13.613773,14.701555,14.059239,13.7067795,14.965191,14.789295,15.16207,12.17334,11.145401,11.724707,13.760498,12.979937,16.103819,12.702206,14.595299,15.958396,17.208336,17.033087,13.369629,12.641371,15.917367,15.572963,17.04806,15.728185,13.759197,14.273117,15.468671,12.155021,14.8464,14.816228,0.68748564,1.7983142,6.854353,0.6661485,25.743801,50.632206,24.000109,18.495905,20.635426,14.819741,13.292825,15.246213,14.754092,68.06
4446956.924,659454.7026,56.854816,0.775446,0.5942579,22.569239,29.078144,26.497156,24.66234,25.03424,53.97446,48.198826,52.89466,57.641846,59.944782,24.46284,22.924896,20.795652,17.559958,15.171921,1.7625844,1.7795199,6.4153304,7.3264127,1378.62,264.7979,-0.20019531,0.9487261,-0.005615234,35,15,0.8477766,0.49813542,0.26708975,0.28754276,0.310292,1.0156335,1.4365695,24.011175,21.185045,14.59463,17.724144,12.552582,19.306408,17.111076,18.036222,24.1128,26.175621,16.59907,20.664917,19.057304,20.223404,19.826723,20.832287,19.072952,17.20463,17.235952,16.825165,19.477448,21.304754,22.238825,18.272604,17.635332,14.104595,14.007027,13.311438,15.684836,16.772083,19.160835,15.123145,18.843315,16.825949,18.019999,17.728382,17.299952,17.48376,16.588053,17.937002,17.36456,14.697881,14.859242,13.753537,17.71389,14.447747,16.396856,15.525298,0.68485194,1.7710521,6.8708715,0.6661485,25.823692,51.086643,23.693867,18.069296,20.951405,19.05139,15.81088,17.541344,15.6048155,68.06
4446956.924,659459.7026,58.127136,0.77004,0.5949837,22.523275,29.21563,26.005669,24.665321,25.479404,54.44043,48.063324,53.20197,58.57697,60.568947,24.278889,22.881464,20.879011,16.651691,14.503967,1.7316821,1.7704039,6.425591,7.346067,1378.71,266.42096,0.079589844,0.91864145,0.002197266,35,15,0.8477766,0.49813542,0.26708975,0.28754276,0.310292,1.0156335,1.4365695,23.590399,20.611094,13.882866,17.096706,12.643394,17.81475,14.587773,17.476135,24.243423,25.35514,16.641027,20.3288,19.60649,20.383942,19.619146,20.769327,16.462236,14.798453,12.790437,13.218638,15.961662,17.74347,17.83975,14.774568,18.567226,15.1479025,13.122102,13.022265,17.241072,18.490444,18.23747,15.5026655,19.451021,16.857553,17.67434,17.143045,18.86564,17.891745,15.860455,17.98907,15.93077,15.648888,14.057296,14.147382,16.927881,16.066414,16.960855,15.32311,0.6825118,1.751043,6.885829,0.6661485,25.869453,51.251877,23.580177,17.175283,20.882566,15.5449505,16.261213,17.677687,15.67707,68.06
4446956.924,659464.7026,53.744114,0.7639557,0.5916422,22.199059,29.39109,25.60583,24.776482,26.087725,54.657562,47.650913,53.165226,58.367912,59.547092,24.175543,22.993313,21.244127,16.700191,15.302861,1.7040758,1.7689538,6.471293,7.375206,1378.79,266.0515,0.080566406,0.83281904,0.008911133,35,15,0.8574515,0.48778638,0.26654893,0.28495967,0.30898124,1.0072573,1.4099362,23.753555,20.611094,13.882866,17.096706,12.643394,17.81475,14.587773,17.503328,24.243423,25.35514,16.641027,20.3288,19.60649,20.383942,19.619146,20.769327,16.462236,14.798453,12.790437,13.218638,15.961662,17.74347,17.83975,14.774568,18.567226,15.1479025,13.122102,13.022265,17.241072,18.490444,18.23747,15.5026655,19.409492,16.813337,17.63281,17.101517,18.824112,17.846184,15.813527,17.946869,15.93077,15.648888,14.057296,14.147382,16.927881,16.066414,16.960855,15.32311,0.677799,1.7365148,6.9232492,0.66041726,25.795074,51.154236,23.584427,17.198591,20.882566,15.5449505,16.261213,17.634426,15.67707,68.06
4446956.924,659469.7026,55.17276,0.7571799,0.59141785,21.469131,29.13602,25.129128,24.525606,26.082039,54.665207,47.196507,53.72505,59.22244,59.785145,24.176653,23.21599,21.070545,16.13281,15.458137,1.6706084,1.7676364,6.5237017,7.4040747,1378.86,265.35846,0.31982422,0.5315321,0.021118164,35,15,0.8574515,0.48778638,0.26654893,0.28495967,0.30898124,1.0072573,1.4099362,22.584702,20.119886,11.9295845,17.648506,14.157422,17.81475,14.780465,17.06301,24.110033,25.214056,16.516087,20.189014,19.945059,20.383942,20.297514,20.711424,16.78719,15.671813,12.746219,13.590261,14.721215,17.74347,16.423624,14.849206,18.480783,14.157882,13.332755,13.483241,15.424649,18.490444,16.760149,15.286153,19.137512,15.698105,17.599903,17.436687,17.918917,17.846184,16.857132,17.710585,14.117018,13.265823,15.235187,14.920126,13.7637205,16.066414,16.158655,14.780894,0.6742989,1.7191224,6.963888,0.66041726,25.302576,50.930855,23.696321,17.005047,20.950815,15.383399,15.732842,17.499205,14.789563,68.06
4446956.924,659474.7026,56.367653,0.7513563,0.60017705,21.72628,29.869827,24.861155,24.695436,25.725012,54.541767,46.626797,53.76361,59.272533,61.00318,24.296307,23.430117,21.249992,15.879849,14.55795,1.6460984,1.7618362,6.512134,7.4264345,1378.88,270,0,0.28675628,0.002197266,35,15,0.8574515,0.48778638,0.26654893,0.28495967,0.30898124,1.0072573,1.4099362,24.037914,21.81459,13.459119,17.192783,14.529403,19.745045,16.368614,18.006311,24.508904,26.205057,16.277748,20.559032,18.976007,19.337257,19.060282,20.59324,18.392044,18.481571,12.990323,13.700015,13.538643,15.038046,15.859542,15.066017,20.096397,16.27227,12.78299,13.844571,13.468658,15.238777,17.901651,15.075977,19.100798,17.32516,17.023455,17.516153,16.56298,16.13277,17.332167,17.318521,19.016384,16.45873,14.570518,14.140074,11.936272,13.28194,14.900416,15.052071,0.6757667,1.7039673,6.969284,0.66041726,25.798054,50.584282,23.863213,18.163923,20.70347,15.428598,15.657903,17.284784,14.900619,68.06
4446956.924,659479.7026,52.72029,0.7480494,0.60095024,21.720695,30.068098,24.828127,24.482004,25.31506,54.155666,46.10932,53.477303,59.36483,61.154217,24.60478,23.708767,21.51053,15.983936,14.5683775,1.6221936,1.7541219,6.529508,7.443567,1378.9,288.43494,0,0.1813615,0.002197266,35,15,0.8574515,0.48778638,0.26654893,0.28495967,0.30898124,1.0072573,1.4099362,24.04347,21.81459,13.459119,17.192783,14.531255,19.747824,16.370466,18.007933,24.508904,25.90933,16.277748,20.559032,18.976007,19.337257,19.060282,20.556273,18.392044,18.287031,12.990323,13.700015,13.538643,15.038046,15.859542,15.041699,20.096397,16.27227,12.78299,13.844571,13.468658,15.238777,17.901651,15.075977,19.100798,17.32516,17.023455,17.516153,16.56298,16.13277,17.332167,17.318521,18.992996,16.433084,14.638195,14.1673765,11.976669,13.314043,14.938114,15.075299,0.6744998,1.6881578,6.9865375,0.66041726,25.894398,50.132492,24.156773,18.165646,20.661224,15.400807,15.657903,17.284784,14.922926,68.06
4446956.924,659484.7026,48.895058,0.75010264,0.605285,21.883179,30.298567,24.914139,23.902384,24.750296,53.626003,45.617016,53.04438,59.280224,61.37582,25.029718,23.941944,21.866547,16.642187,14.47122,1.6127617,1.7454628,6.525804,7.455333,1378.91,0,0.080078125,0.11470331,0.004394531,35,15,0.8574515,0.48778638,0.26654893,0.28495967,0.30898124,1.0072573,1.4099362,24.218296,21.093727,13.057778,17.416073,14.2927065,17.545702,15.698184,17.670214,24.064548,24.8809,16.271105,20.321238,18.25717,20.288908,18.773558,20.281382,18.223959,14.944318,12.957341,14.474197,15.329136,14.394297,17.363756,14.925999,18.427488,14.155293,12.738078,14.205684,16.020462,16.998898,18.8472,15.058156,17.692337,16.44747,17.052263,18.200312,17.709473,17.113873,16.990507,17.337633,17.498728,13.886695,13.690441,15.9454365,17.90602,13.627861,16.060831,15.364563,0.67769384,1.6791122,6.9905686,0.66041726,26.090874,49.62151,24.485832,17.617495,20.408203,15.383858,15.913301,17.315176,15.516573,68.06
4446956.924,659489.7026,50.642075,0.7571712,0.6111989,22.03416,30.462835,25.274912,23.931868,24.09658,52.91227,45.24179,52.426544,58.59497,61.17189,25.46223,24.058624,22.05617,17.251934,15.065794,1.6146097,1.742396,6.528378,7.4662633,1378.9,24.443954,-0.080078125,0.17324539,-0.003295898,35,15,0.8574515,0.48778638,0.26654893,0.28495967,0.30898124,1.0072573,1.4099362,24.253283,22.255468,13.910075,16.75088,14.199191,16.844633,16.953758,17.897175,24.104158,26.170069,16.628214,20.538074,18.045197,20.316193,18.739792,20.557657,17.508839,16.55409,13.064575,14.30363,15.288082,17.038965,18.304125,15.269016,17.316637,16.31455,13.279389,14.578404,16.452635,16.748938,18.662241,15.4014635,17.17513,19.34229,17.734972,18.748917,17.35082,13.985191,16.387829,17.576715,15.945327,18.590666,14.24612,15.722565,16.15236,13.637085,14.608432,15.552329,0.684185,1.6785028,6.9973207,0.66041726,26.248497,49.07703,24.760427,17.88104,20.648815,16.0089,16.193256,17.24645,15.5575075,68.06
4446956.924,659494.7026,51.7875,0.76983124,0.61540294,22.031292,30.622738,25.606783,23.979408,23.37445,52.107178,44.992752,52.051147,58.445698,61.539543,25.852247,24.052015,22.100067,17.370497,15.31261,1.6456151,1.7471428,6.5184956,7.4711146,1378.9,26.56505,0.080078125,0.19236283,0.004394531,35,15,0.85605127,0.4901761,0.22555043,0.28641227,0.30903643,1.0110209,1.3474215,24.253283,22.255468,13.910075,16.75088,14.199191,16.844633,16.953758,17.897175,24.104158,26.170069,16.628214,20.538074,18.045197,20.316193,18.739792,20.557657,17.508839,16.55409,13.064575,14.30363,15.288082,17.038965,18.304125,15.269016,17.316637,16.31455,13.279389,14.578404,16.452635,16.748938,18.662241,15.4014635,17.17513,19.34229,17.734972,18.748917,17.35082,13.985191,16.387829,17.576715,15.945327,18.590666,14.24612,15.722565,16.15236,13.637085,14.608432,15.552329,0.69261706,1.696379,6.9948053,0.64652413,26.327015,48.549965,24.952131,17.88104,20.648815,16.0089,16.193256,17.24645,15.5575075,68.06
4446956.924,659499.7026,54.684757,0.7834731,0.6220054,22.173672,30.774195,26.008482,24.05498,22.809452,51.37947,44.82929,51.687885,58.12599,61.745876,26.233269,23.988787,22.126953,17.639666,15.364954,1.6877431,1.7593008,6.494455,7.473106,1378.89,28.300755,0.040039062,0.21169609,0.002197266,35,15,0.85605127,0.4901761,0.22555043,0.28641227,0.30903643,1.0110209,1.3474215,23.614986,21.328754,13.717296,16.285969,12.578758,16.501785,15.309745,17.121092,24.554605,26.067986,16.731392,20.808956,18.300264,20.403969,17.923706,20.773764,17.37067,16.332516,14.126961,14.181407,14.412553,18.074944,15.744816,15.405812,18.015163,15.46085,15.485181,14.582247,15.4036665,17.196507,18.234667,15.902711,17.538828,17.8879,18.654305,18.638546,17.715042,13.560469,16.881704,17.766008,16.802418,18.718233,15.345577,15.74705,16.551577,14.823341,14.333416,16.158031,0.70273924,1.723522,6.9837804,0.64652413,26.473934,48.104378,25.111027,17.048185,20.684408,15.749124,16.339754,17.268114,16.045944,68.06
4446956.924,659504.7026,62.70222,0.795768,0.6067153,22.45674,30.704163,26.222158,24.464003,22.661888,50.882412,44.89692,51.84584,57.929474,62.122402,26.405863,23.8467,22.033497,17.45649,14.806598,1.7477561,1.7801133,6.4447913,7.4756727,1378.88,11.309932,-0.040039062,0.21932714,-0.002197266,35,15,0.85605127,0.4901761,0.22555043,0.28641227,0.30903643,1.0110209,1.3474215,23.998604,21.273804,12.786637,15.717384,12.825009,15.894407,15.07708,16.806974,24.774988,26.069056,16.701288,20.527565,18.321798,19.980179,17.930407,20.711857,19.91778,16.329205,14.110316,14.347204,13.38005,19.127869,15.081197,15.818976,19.146862,15.46085,15.482659,14.92144,15.125691,16.008001,17.000162,16.02757,17.177654,17.956388,18.521498,18.20585,16.786684,12.952042,18.100359,17.42428,17.487135,18.753233,14.620585,15.426892,15.20697,13.02882,14.875965,15.710958,0.7012417,1.7639347,6.960232,0.64652413,26.580452,47.889664,25.126282,16.796133,20.61504,16.041946,16.163668,17.100067,15.628514,68.06
4446956.924,659509.7026,56.278652,0.8059196,0.6248311,22.799194,30.661448,26.771782,24.77024,21.974339,50.633278,45.139633,51.55675,57.606323,63.24954,26.553501,23.747519,21.91461,17.506475,14.622127,1.7958374,1.8037676,6.4182506,7.470485,1378.88,349.992,-0.040039062,0.24750957,-0.002197266,35,15,0.85605127,0.4901761,0.22555043,0.28641227,0.30903643,1.0110209,1.3474215,23.998604,21.273804,12.786637,15.717384,12.825009,15.894407,15.07708,16.806974,24.774988,26.069056,16.701288,20.527565,18.321798,19.980179,17.930407,20.711857,19.91778,16.329205,14.110316,14.347204,13.38005,19.127869,15.081197,15.818976,19.146862,15.46085,15.482659,14.92144,15.125691,16.008001,17.000162,16.02757,17.177654,17.956388,18.521498,18.20585,16.786684,12.952042,18.100359,17.42428,17.487135,18.753233,14.620585,15.426892,15.20697,13.02882,14.875965,15.710958,0.7153753,1.7998025,6.944368,0.64652413,26.73032,47.886456,25.150509,16.796133,20.61504,16.041946,16.163668,17.100067,15.628514,68.06
4446956.924,659514.7026,52.98759,0.81340426,0.6366841,22.883726,30.505299,27.218998,25.101128,21.798012,50.6394,45.66816,51.38699,57.089348,63.238514,26.526775,23.518793,21.773497,17.746754,14.702149,1.8450439,1.8255001,6.4035196,7.4763856,1378.89,348.69006,0.080078125,0.29243508,0.004394531,35,15,0.85605127,0.4901761,0.22555043,0.28641227,0.30903643,1.0110209,1.3474215,24.180134,21.243994,11.689456,14.909556,15.85237,15.48649,17.38085,16.930027,25.128761,26.154657,16.602907,19.533827,18.302538,19.402676,17.329744,20.335543,19.895233,16.732237,14.722844,14.432745,13.897151,17.12963,17.007227,16.007143,20.252752,14.407769,15.197253,14.634707,14.6769,15.658041,19.232615,16.09033,18.783562,17.243496,17.520887,17.252783,16.287546,16.808334,19.078102,17.475624,18.27377,16.479204,14.889005,15.6602,13.702225,18.168179,14.611262,15.860078,0.7250442,1.8352721,6.939953,0.64652413,26.694511,48.153778,25.022785,17.24898,20.350729,16.25958,16.294292,17.567816,15.969119,68.06
4446956.924,659519.7026,54.356056,0.8211115,0.65114236,22.790794,30.250462,27.509798,25.367561,21.496746,50.913494,46.424274,51.304977,56.579746,63.740788,26.362682,23.276968,21.771809,18.045124,14.709274,1.8973465,1.839257,6.3939757,7.485697,1378.89,350.5377,-0.040039062,0.34885266,-0.001098633,35,15,0.85605127,0.4901761,0.22555043,0.28641227,0.30903643,1.0110209,1.3474215,23.25399,20.798395,10.898173,15.155307,16.304409,15.617175,16.545885,16.516708,24.49594,25.072403,16.233023,19.278843,17.934729,19.243162,16.410551,19.860044,18.602537,15.284653,13.660275,14.603693,15.309812,16.809454,15.356275,15.252422,18.960701,14.219531,14.324944,14.842264,14.505151,15.419818,18.192749,15.34586,18.640692,16.310509,17.477448,17.586937,17.341007,15.228144,18.712349,17.297873,17.916843,14.418729,15.625602,15.882507,14.055904,16.821785,16.56711,15.694278,0.7361269,1.8683017,6.9398365,0.64652413,26.520628,48.668884,24.819824,16.939047,19.809809,15.660958,15.780737,17.328156,15.898354,68.06
4446956.924,659524.7026,57.098534,0.829504,0.65652925,22.528673,29.874172,27.753342,25.630175,21.315332,51.328865,47.306057,51.324654,56.20639,64.243195,26.098122,22.882618,21.427034,18.222773,14.392418,1.9501373,1.8496273,6.3791695,7.500381,1378.9,345.48352,0.040039062,0.39970338,0.002197266,35,15,0.84787965,0.5027228,0.263552,0.29605526,0.30898356,1.01057,1.3441396,23.25399,20.798395,10.898173,15.155307,16.304409,15.617175,16.545885,16.516708,24.49594,25.072403,16.233023,19.278843,17.934729,19.243162,16.410551,19.860044,18.602537,15.284653,13.660275,14.603693,15.309812,16.809454,15.356275,15.252422,18.960701,14.219531,14.324944,14.842264,14.505151,15.419818,18.192749,15.34586,18.640692,16.310509,17.477448,17.586937,17.341007,15.228144,18.712349,17.297873,17.916843,14.418729,15.625602,15.882507,14.055904,16.821785,16.56711,15.694278,0.7430166,1.8998823,6.9397755,0.6534147,26.201424,49.31746,24.49037,16.939047,19.809809,15.660958,15.780737,17.328156,15.898354,68.06
4446956.924,659529.7026,61.71178,0.84266394,0.66610706,22.506697,29.508047,27.935358,25.90566,21.059992,51.668274,48.037926,51.337154,55.794895,64.40148,25.926687,22.7084,21.289482,18.404081,14.404888,1.9946716,1.8556337,6.3761687,7.511026,1378.91,351.88388,0.080566406,0.40498725,0.006713867,35,15,0.84787965,0.5027228,0.263552,0.29605526,0.30898356,1.01057,1.3441396,23.610764,23.426771,10.055414,16.001282,16.574827,14.971075,15.816082,16.862257,24.564419,26.314795,15.766173,20.62409,17.919598,19.38297,18.809948,20.530039,18.71818,14.783547,13.286186,14.159124,13.926956,16.490213,15.757657,15.112586,19.2695,14.397498,13.357169,14.353622,14.188469,15.102767,17.45071,15.262931,18.9313,16.393267,15.965459,17.94409,16.701265,15.420076,19.463064,17.29031,17.720728,14.770377,14.688591,15.724108,15.833687,19.07169,16.240576,16.151266,0.7543855,1.9251527,6.9435973,0.6534147,26.007372,49.8531,24.317543,17.208033,20.48314,15.303123,15.445677,17.259789,16.292822,68.06
4446956.924,659534.7026,58.590748,0.8592389,0.6665828,22.731733,29.262194,28.306622,25.496122,20.287077,51.666653,48.46892,50.987835,56.03188,64.33808,25.949213,22.88804,21.476488,18.77731,15.834213,2.0274262,1.8618743,6.3224654,7.5038066,1378.91,355.9073,0.040527344,0.40178075,0.001098633,35,15,0.84787965,0.5027228,0.263552,0.29605526,0.30898356,1.01057,1.3441396,23.997393,21.675627,12.090684,15.589117,14.016469,16.783724,15.753827,16.962011,24.176567,26.158594,16.032593,20.38178,19.26027,21.002224,18.647192,20.764513,18.549908,14.638046,13.673011,14.4721775,12.769025,16.65666,16.45984,15.097409,19.083492,14.387712,13.757585,14.422475,16.298126,15.59575,20.015827,15.649944,18.396439,16.348902,16.675255,17.571478,18.199911,16.22498,20.159582,17.549847,15.981442,14.853592,15.029437,14.545593,12.617141,19.125957,16.144691,15.313927,0.76291084,1.9446503,6.913136,0.6534147,25.996964,50.067787,24.418627,17.129549,20.808458,15.316954,16.222994,17.653791,15.471123,68.06
4446956.924,659539.7026,56.68066,0.8810588,0.6660587,22.868877,28.790186,28.5944,25.986593,19.883057,51.420227,48.58036,50.553734,55.177773,64.06364,26.13182,23.21334,21.73831,19.135176,16.512997,2.057571,1.8737471,6.3190002,7.492626,1378.91,353.64844,-0.079589844,0.38880542,-0.001098633,35,15,0.84787965,0.5027228,0.263552,0.29605526,0.30898356,1.01057,1.3441396,23.997393,21.675627,12.090684,15.589117,14.016469,16.783724,15.753827,16.962011,24.176567,26.158594,16.032593,20.38178,19.26027,21.002224,18.647192,20.764513,18.549908,14.638046,13.673011,14.4721775,12.769025,16.65666,16.45984,15.097409,19.083492,14.387712,13.757585,14.422475,16.298126,15.59575,20.015827,15.649944,18.396439,16.348902,16.675255,17.571478,18.199911,16.22498,20.159582,17.549847,15.981442,14.853592,15.029437,14.545593,12.617141,19.125957,16.144691,15.313927,0.77355874,1.965659,6.905813,0.6534147,25.829533,50.000294,24.67258,17.129549,20.808458,15.316954,16.222994,17.653791,15.471123,68.06
4446956.924,659544.7026,64.559654,0.89946586,0.6656088,22.919672,28.593506,28.82661,26.13255,19.644144,51.166916,48.6092,50.097515,54.86906,64.070816,26.255314,23.439417,21.841927,19.350163,16.549858,2.0855925,1.8871167,6.3116775,7.481061,1378.92,350.51877,0.12060547,0.3481628,0.003417969,35,15,0.84787965,0.5027228,0.263552,0.29605526,0.30898356,1.01057,1.3441396,24.375162,21.827555,11.572544,17.049236,12.973651,17.628885,13.8819685,17.14005,23.935997,25.973715,16.536688,20.39613,20.114153,19.350353,17.682045,20.690481,18.690182,15.961011,13.781398,14.682291,16.252657,15.964633,16.743011,15.552199,20.482567,15.567566,14.10642,14.39858,18.048893,16.056612,19.004356,16.146355,19.061234,17.223085,16.577438,17.796017,18.28358,16.92081,19.911407,17.618605,17.533792,18.55911,15.219539,14.8101015,14.952685,15.381315,15.388621,15.711337,0.78253734,1.9863546,6.896369,0.6534147,25.756588,49.888058,24.847366,17.044142,20.569868,16.01074,16.809284,17.967653,15.9778805,68.06
4446956.924,659549.7026,65.565,0.9120372,0.661877,22.946152,28.206177,28.909534,26.397339,19.266384,51.07348,48.875256,49.87423,54.24643,64.75213,26.279404,23.576677,21.844572,19.720669,16.315058,2.093202,1.8941245,6.2982173,7.476246,1378.92,335.56085,-0.119140625,0.3457062,-0.005493164,35,15,0.84787965,0.5027228,0.263552,0.29605526,0.30898356,1.01057,1.3441396,22.690893,20.914377,12.460904,16.259832,13.40881,16.38067,14.672447,16.719912,24.324429,26.797487,17.08408,20.244602,18.814924,19.050152,19.614899,20.861948,19.03151,16.302261,13.848708,13.2769165,15.464007,20.57756,15.2263565,15.646863,20.59907,15.077426,14.721642,13.945009,16.162655,16.79282,20.307077,16.120615,20.779114,16.932138,17.434343,17.366678,17.13712,13.528503,19.959352,17.610796,20.065207,16.825918,15.076613,14.909503,15.364825,14.600249,11.887889,15.880772,0.7869571,1.9936633,6.887232,0.6534147,25.576164,49.974365,24.92804,16.68399,20.847225,16.24676,16.800814,17.591034,15.532886,68.06
4446956.924,659554.7026,67.892746,0.9183509,0.65986174,22.9092,27.905138,28.847588,26.45796,19.133009,51.196285,49.281876,49.71247,54.117523,64.793846,26.169054,23.64247,21.919449,19.819931,16.320803,2.0932982,1.8982934,6.295344,7.4690824,1378.94,320.72098,-0.041015625,0.40681565,-0.003417969,35,15,0.83953583,0.5044808,0.27283072,0.29464528,0.30927476,1.011136,1.3525596,22.75121,20.955942,12.528619,16.294739,13.473916,16.390013,14.715107,16.768898,24.586876,26.865236,17.137331,20.297852,18.88267,19.897436,19.894917,21.019857,19.03151,16.302261,13.866768,13.262878,15.464007,20.57756,15.213844,15.648454,20.603085,15.075206,14.72178,13.945009,16.162931,16.79282,20.307077,16.121075,20.776577,16.928759,16.325758,16.701527,16.398062,13.528503,19.589823,17.101849,20.059347,16.825918,15.076613,14.90716,15.364825,14.600249,11.880076,15.8788185,0.7891063,1.9957957,6.882213,0.6549233,25.40717,50.239082,24.905762,16.729935,21.080332,16.245546,16.801128,17.17843,15.530599,68.06
4446956.924,659559.7026,73.17095,0.91415656,0.65197796,22.564222,27.575117,28.681698,26.21392,19.026371,51.505226,49.776745,49.811337,54.536564,65.44765,25.89809,23.544146,21.679312,19.727102,15.743936,2.0809846,1.8938586,6.303411,7.4515805,1378.97,315,0.080078125,0.40528396,0.004394531,35,15,0.83953583,0.5044808,0.27283072,0.29464528,0.30927476,1.011136,1.3525596,23.146648,23.57576,13.367759,18.164625,14.666368,17.865341,16.297834,18.179167,23.962362,25.81249,16.892271,20.368757,18.750336,21.202848,18.922922,20.750118,19.034721,16.746145,14.053901,13.835266,14.364575,17.890614,17.660103,15.600326,20.180275,15.817799,14.918902,13.973559,14.306218,15.923706,21.527924,15.905357,21.137014,18.114431,17.766848,16.823217,15.517552,14.763263,19.969618,17.693808,23.518969,18.957739,16.022223,14.580472,16.60242,21.487516,17.850805,17.837383,0.7830672,1.9874215,6.877496,0.6549233,25.06967,50.640984,24.721119,18.154905,20.84457,16.226477,16.664055,17.72742,18.431448,68.06
4446956.924,659564.7026,77.33937,0.90190464,0.63781095,22.588207,26.737923,28.573572,26.113096,18.839064,51.92016,50.25175,49.783916,54.74471,65.87166,25.603352,23.657106,21.501534,19.637974,15.444208,2.043873,1.8726155,6.2856526,7.4089475,1378.99,303.69006,-0.080078125,0.41356206,-0.004394531,35,15,0.83953583,0.5044808,0.27283072,0.29464528,0.30927476,1.011136,1.3525596,23.146648,23.57576,13.367759,18.164625,14.666368,17.865341,16.297834,18.179167,23.962362,25.81249,16.892271,20.368757,18.750336,21.202848,18.922922,20.750118,19.034721,16.746145,14.053901,13.835266,14.364575,17.890614,17.660103,15.600326,20.180275,15.817799,14.918902,13.973559,14.306218,15.923706,21.527924,15.905357,21.137014,18.114431,17.766848,16.823217,15.517552,14.763263,19.969618,17.693808,23.518969,18.957739,16.022223,14.580472,16.60242,21.487516,17.850805,17.837383,0.76985776,1.9582443,6.8473,0.6549233,24.663065,51.085953,24.63023,18.154905,20.84457,16.226477,16.664055,17.72742,18.431448,68.06
4446956.924,659569.7026,84.71222,0.8916397,0.6343378,22.55419,26.565163,28.410366,25.941328,18.512077,52.303993,50.569572,49.74925,55.032543,65.97089,25.446484,23.901781,21.427374,19.48015,15.557645,2.0069108,1.8448467,6.2491045,7.344614,1379.03,300.96375,0.16015625,0.3344114,0.011108398,35,15,0.83953583,0.5044808,0.27283072,0.29464528,0.30927476,1.011136,1.3525596,23.914064,24.052763,14.14132,18.259768,14.237613,17.865341,16.328846,18.526312,24.09943,23.841032,16.9382,20.396412,18.493607,21.202848,18.831026,20.511683,18.39021,17.43766,14.838624,14.120737,15.53576,17.890614,16.431273,15.981399,18.863401,16.040842,14.840556,13.81086,15.663585,15.923706,20.565828,15.829946,18.443085,17.154737,17.264444,17.459784,16.50141,14.763263,20.305443,17.254858,19.327875,16.213411,16.113457,14.306414,20.449781,21.487516,18.648962,17.24246,0.76298875,1.9258788,6.7968593,0.6549233,24.559677,51.436783,24.674133,18.39996,20.543222,16.37784,16.529825,17.413166,18.078203,68.06
4446956.924,659574.7026,68.8158,0.8803548,0.6270339,22.400764,26.3599,28.221321,25.743147,18.26522,52.722164,50.85795,49.78972,55.18771,66.07222,25.212208,23.906311,21.504717,19.448639,15.570493,1.9752772,1.8142215,6.199779,7.2707458,1379.04,308.65982,0,0.1836145,0,35,15,0.83953583,0.5044808,0.27283072,0.29464528,0.30927476,1.011136,1.3525596,23.68181,23.80538,13.752526,16.45361,13.454104,19.331388,16.84162,18.059483,22.879303,20.898664,16.424425,20.05637,18.42525,20.622742,17.209848,19.726818,17.390778,18.596102,13.49886,13.734426,14.5180435,19.32141,15.904148,15.484066,18.585503,18.054243,14.612072,14.047979,14.355237,18.23885,18.86147,15.878742,17.695765,18.301266,17.068974,16.78709,15.666199,16.049755,19.36492,17.015793,19.541008,16.508085,15.513242,16.581242,22.215033,22.462034,18.256784,17.921041,0.75369436,1.8947494,6.7352624,0.6549233,24.380333,51.790054,24.55926,18.188635,19.50237,16.13768,16.679337,17.276281,18.725348,68.06
4446956.924,659579.7026,71.9885,0.8657073,0.6161878,21.984957,25.700672,27.97738,25.506348,18.178783,53.147385,51.220924,50.08069,55.481754,66.165,24.945545,23.772127,21.094482,19.397715,15.3729105,1.9420662,1.7774373,6.149261,7.201896,1379.05,305.5377,-0.040039062,0.12333938,0,35,15,0.83953583,0.5044808,0.27283072,0.29464528,0.30927476,1.011136,1.3525596,23.68181,23.80538,13.752526,16.45361,13.454104,19.331388,16.84162,18.059483,22.879303,20.898664,16.424425,20.05637,18.42525,20.622742,17.209848,19.726818,17.390778,18.596102,13.49886,13.734426,14.5180435,19.32141,15.904148,15.484066,18.585503,18.054243,14.612072,14.047979,14.355237,18.23885,18.86147,15.878742,17.695765,18.301266,17.068974,16.78709,15.666199,16.049755,19.36492,17.015793,19.541008,16.508085,15.513242,16.581242,22.215033,22.462034,18.256784,17.921041,0.74094754,1.8597517,6.6755786,0.6549233,23.842815,52.184155,24.358837,18.188635,19.50237,16.13768,16.679337,17.276281,18.725348,68.06
4446956.924,659584.7026,66.79553,0.8507052,0.6010674,21.645979,25.405956,27.730415,25.32261,17.994024,53.589558,51.661324,50.47073,56.166332,66.99643,24.6419,23.2538,20.717226,18.90492,14.704335,1.9155527,1.7421644,6.1258917,7.1465178,1379.06,315,0.080078125,0.060830675,0.003295898,35,15,0.8456733,0.50302553,0.27417105,0.30342317,0.31041628,1.015908,1.4331608,23.340464,22.891542,12.975544,15.457687,12.41672,17.866158,16.115969,17.087595,24.04304,25.877645,17.42483,19.583149,18.130714,19.213064,18.067472,20.465206,17.997772,15.630946,15.106374,14.3649645,14.472774,17.115406,16.0049,15.7125435,18.102732,16.638315,16.209059,14.826121,14.517364,16.672565,17.287992,16.264902,16.761612,16.804121,18.269003,16.821018,15.585614,18.326958,16.222652,17.175386,21.523996,16.07913,19.551317,18.83583,21.418541,22.09017,19.722208,19.94576,0.72588634,1.8288586,6.6362047,0.6693969,23.525967,52.625443,23.94785,17.294868,20.334274,15.813304,16.322021,16.97014,19.888742,68.06
4446956.924,659589.7026,61.2478,0.8398547,0.6056039,21.42215,25.474152,27.67328,25.79693,17.6397,53.888905,52.18784,50.49656,55.061462,67.91523,24.54555,23.158525,21.037704,19.359581,14.285325,1.8952227,1.7088826,6.1068087,7.1076393,1379.06,281.41846,-0.03955078,0.07242367,-0.002197266,35,15,0.8456733,0.50302553,0.27417105,0.30342317,0.31041628,1.015908,1.4331608,23.667706,21.00116,11.608861,14.689535,14.089093,18.342377,15.352715,16.565823,24.13121,25.363138,16.260986,19.67118,19.220436,20.37118,17.345734,20.358109,18.418112,14.411453,13.942195,14.486035,15.381284,16.650326,13.929759,15.266898,18.346321,13.593938,14.618093,14.741066,14.288422,19.366302,16.851011,15.544887,18.029095,16.077444,16.554026,17.305168,14.514003,16.489553,16.699411,16.69296,21.945713,14.982402,19.228842,21.040752,15.60321,23.082764,16.96567,19.199919,0.7227293,1.8020526,6.607224,0.6693969,23.44815,53.038372,23.852037,16.964493,20.337694,15.317024,15.972165,16.5241,18.97848,68.06
4446956.924,659594.7026,65.29756,0.8259606,0.58362836,21.29614,25.206068,27.499966,25.574276,17.26428,54.213764,52.815212,50.754032,55.06281,68.170586,24.409742,23.06788,21.320745,19.64516,14.530753,1.8643842,1.671472,6.074778,7.0796757,1379.07,275.21744,-0.040527344,0.15767072,-0.002319336,35,15,0.8456733,0.50302553,0.27417105,0.30342317,0.31041628,1.015908,1.4331608,23.667706,21.00116,11.608861,14.689535,14.089093,18.342377,15.352715,16.565823,24.13121,25.363138,16.260986,19.67118,19.220436,20.37118,17.345734,20.358109,18.418112,14.411453,13.942195,14.486035,15.381284,16.650326,13.929759,15.266898,18.346321,13.593938,14.618093,14.741066,14.288422,19.366302,16.851011,15.544887,18.029095,16.077444,16.554026,17.305168,14.514003,16.489553,16.699411,16.69296,21.945713,14.982402,19.228842,21.040752,15.60321,23.082764,16.96567,19.199919,0.70479447,1.7679281,6.5772266,0.6693969,23.251104,53.51449,23.738811,16.964493,20.337694,15.317024,15.972165,16.5241,18.97848,68.06
4446956.924,659599.7026,65.75379,0.8069045,0.5789733,21.088957,25.024326,27.284529,25.538963,17.074469,54.694218,53.528114,51.284878,55.112713,68.40759,24.154755,22.856255,21.160233,19.623835,14.433403,1.8332385,1.6371747,6.0708156,7.071775,1379.09,274.3987,0.080078125,0.18694311,0.003295898,35,15,0.8456733,0.50302553,0.27417105,0.30342317,0.31041628,1.015908,1.4331608,23.36804,19.564087,10.059664,14.343478,13.745473,18.252382,14.88988,15.818451,23.199194,25.550499,16.23641,19.332647,18.88909,20.375023,17.561161,20.108744,17.183098,14.764877,15.242999,14.797315,16.636555,16.650326,15.891473,15.652198,17.600725,13.436976,15.658856,14.356069,15.787976,19.374676,17.470926,15.7703085,18.076424,16.158014,16.272562,16.598995,14.245465,16.489553,17.197527,16.459866,20.792906,13.406877,20.896069,20.58489,19.63598,23.082764,17.082674,19.636778,0.6929389,1.7352066,6.5712953,0.6693969,23.05664,54.111168,23.505505,16.317572,20.163433,15.88095,16.240885,16.434076,19.354595,68.06
4446956.924,659604.7026,69.94281,0.7866824,0.57735336,20.822983,24.857073,27.107458,25.455566,16.841719,55.193893,54.297966,51.8134,55.318005,68.47669,23.90139,22.875263,21.126785,19.556704,14.545214,1.797139,1.6054329,6.0642037,7.068381,1379.1,265.6013,-0.080078125,0.18694311,-0.003295898,35,15,0.8456733,0.50302553,0.27417105,0.30342317,0.31041628,1.015908,1.4331608,23.994709,19.769491,9.927662,14.015764,12.031367,20.07576,15.587673,15.858318,24.123451,22.09123,16.084173,19.442173,18.648962,20.582054,15.285481,19.565268,18.713064,15.155692,14.613721,15.38559,17.604567,17.554653,17.363848,16.278183,16.860691,15.0840645,14.364879,15.58093,16.331339,20.050327,19.108076,16.175486,16.80784,16.231802,15.2818575,17.016222,13.788241,16.343218,17.152369,16.076342,22.767683,16.580002,20.444004,20.600122,22.719816,22.101814,17.47345,20.597328,0.6820179,1.701286,6.5662923,0.6693969,22.840027,54.74593,23.388327,16.48606,19.46536,16.627304,16.768616,16.088793,20.38384,68.06
4446956.924,659609.7026,71.04704,0.7739254,0.5752192,20.569374,24.761475,26.990646,25.436108,16.839382,55.81674,54.921295,52.36758,55.357304,68.78813,23.53609,22.850996,20.779455,19.508114,14.06707,1.7702483,1.5745721,6.047954,7.065493,1379.12,265.6013,0,0.18694311,0.001098633,35,15,0.8456733,0.50302553,0.27417105,0.30342317,0.31041628,1.015908,1.4331608,23.994709,19.769491,9.927662,14.015764,12.031367,20.097538,15.478935,15.860133,24.8058,22.434944,16.46978,19.75484,19.092216,21.38745,15.960645,20.022852,18.438793,15.125637,14.590611,15.374812,17.461632,17.396563,17.396238,16.194614,16.958931,15.162442,14.4212,15.618523,16.412338,20.273273,19.720396,16.25328,21.074774,18.9835,18.46328,19.859844,17.992884,18.78724,17.00383,19.253466,22.84674,16.6279,20.52051,20.676626,22.79632,22.191105,17.545252,20.669237,0.67457235,1.6724102,6.5567236,0.6693969,22.665424,55.36902,23.193542,16.473639,19.986525,16.540613,16.938158,18.880764,20.457779,68.06
4446956.924,659614.7026,67.60441,0.7509127,0.5653967,20.344687,24.064953,26.956175,25.026539,16.810478,56.46797,55.406303,52.82041,56.739082,69.387184,23.151993,22.807678,20.744423,18.76763,13.397528,1.7367316,1.547028,6.042149,7.0610785,1379.14,270,0.16015625,0.11470331,0.008911133,35,15,0.8339592,0.52005893,0.28084373,0.33300707,0.3100277,1.0227883,1.4994522,24.58676,20.815866,9.008301,14.388087,12.104917,20.002121,16.243464,15.963719,26.354376,22.987051,17.265123,20.755816,19.298508,22.388763,17.538889,21.092203,20.3247,16.551931,15.424916,16.441523,17.784824,18.802395,18.256598,17.352608,18.552216,16.111418,14.702296,15.950148,15.128247,19.749777,22.122053,16.62027,19.084717,19.804712,19.472452,20.165754,18.247633,19.6907,19.041985,19.59403,22.482426,21.064516,21.199425,21.877924,21.342627,20.907684,23.168823,21.643057,0.6581547,1.6418798,6.551614,0.68573385,22.204819,55.937138,22.979836,16.735645,20.94122,17.65527,17.473738,19.35828,21.72049,68.06
4446956.924,659619.7026,71.068344,0.7357145,0.5626581,20.194075,23.979992,26.974579,25.027794,16.791487,57.09175,55.724308,53.218735,56.73096,69.53618,22.801485,22.828753,20.60139,18.781582,13.336084,1.706938,1.5263255,6.0299726,7.0549116,1379.14,274.3987,-0.12011719,0.18694311,-0.006713867,35,15,0.8339592,0.52005893,0.28084373,0.33300707,0.3100277,1.0227883,1.4994522,24.214596,21.558167,10.137775,13.962595,12.131864,17.506279,16.77343,16.060808,26.538017,24.109426,16.764894,20.350697,19.02083,22.167019,17.11371,20.932413,20.341635,20.335451,15.305417,14.789004,17.254824,17.906284,17.058142,17.29631,18.303822,18.785528,15.998592,14.284233,14.709044,18.314693,19.572462,16.474941,19.00722,21.21236,18.81008,19.286234,18.494926,19.142685,16.718874,19.231085,23.021523,23.200104,20.45058,20.13173,21.605034,21.27304,21.72879,21.426538,0.64918625,1.6166317,6.5424423,0.68573385,22.087032,56.408028,22.815119,16.6121,20.86637,17.570108,17.13834,18.953197,21.630114,68.06
4446956.924,659624.7026,70.6189,0.7243619,0.56047183,20.050222,23.926126,26.986185,24.981262,16.865637,57.655056,55.72392,53.61557,56.78562,69.635376,22.4951,22.907082,20.467226,18.750494,13.294404,1.6757491,1.5144615,6.0186524,7.0491676,1379.17,272.73264,0.080566406,0.3007364,0.003417969,35,15,0.8339592,0.52005893,0.28084373,0.33300707,0.3100277,1.0227883,1.4994522,24.168627,21.320534,10.224779,13.873419,12.146454,17.79486,17.26158,16.045063,27.128857,25.579363,17.332033,21.146564,19.526108,22.397408,17.649857,21.62551,20.966827,20.437128,15.473794,14.966948,17.559822,18.418806,17.91376,17.597572,19.745575,17.75583,15.806285,14.118274,14.985749,18.82933,19.217592,16.676483,18.850573,20.902794,18.688368,19.184967,18.366875,18.958134,16.616293,19.0769,23.006546,23.185125,20.438162,20.12258,21.596533,21.222042,21.712654,21.411226,0.64241683,1.5951053,6.53391,0.68573385,21.988174,56.689487,22.701092,16.684322,21.537169,17.96244,17.208376,18.795427,21.611952,68.06
4446956.924,659629.7026,78.01263,0.71734893,0.55882204,19.91755,23.901236,26.984274,24.889917,17.004053,58.11915,55.42781,53.97965,56.899323,69.69397,22.25538,23.039736,20.353144,18.677015,13.269617,1.6457466,1.5102979,6.0100183,7.045161,1379.19,266.98334,-0.24072266,0.5448807,-0.017822266,35,15,0.8339592,0.52005893,0.28084373,0.33300707,0.3100277,1.0227883,1.4994522,23.757772,21.490738,11.780404,15.591009,12.114528,17.876152,16.138182,16.610712,27.065147,26.958351,17.455168,20.529562,19.616419,22.660141,19.545763,21.911367,21.749077,21.196054,17.863634,15.374533,18.164465,18.430744,20.001966,18.686438,19.953453,19.651459,16.136591,14.556824,16.122055,19.538492,20.097101,17.426722,19.025032,19.846727,18.501127,18.409863,17.67447,18.054802,19.299208,18.685366,23.425022,24.144636,22.466131,17.670229,20.975737,20.238697,23.530783,21.539469,0.6380855,1.5780222,6.52759,0.68573385,21.909393,56.77348,22.647558,16.964113,21.975794,18.96864,18.007996,18.687317,21.778748,68.06
4446951.924,659309.7026,49.7272,0.79506665,0.6740096,23.374052,31.647322,28.371311,25.252935,21.651014,50.2526,43.679832,47.494507,59.31867,65.65527,26.108395,25.078384,24.149942,15.590459,13.025696,1.7628077,1.8789785,5.8948703,7.308263,1377.88,38.29016,0.040039062,0.34708038,0.004394531,35,15,0.7900394,0.4855911,0.23177512,0.27271524,0.3072061,1.0350717,0.79773384,22.952568,17.809706,7.270887,12.83457,13.113917,15.424545,16.433004,14.21803,25.557468,26.654572,16.197176,19.718441,20.181973,20.81315,19.775175,20.95666,18.479298,16.124388,14.001449,14.026373,15.791588,17.767557,16.397745,15.698514,13.141155,9.907475,10.183418,10.340715,12.616508,11.57066,14.609376,11.2827635,14.826912,13.367676,10.896584,12.006684,12.081866,13.965199,15.335708,12.738301,19.034573,19.176104,15.975337,16.487362,17.686836,17.829313,18.34217,17.56921,0.73453814,1.820893,6.6015663,0.56001896,27.510687,46.966217,25.59339,15.119885,21.271137,16.084057,11.767044,13.211518,17.790243,68.06
4446951.924,659314.7026,52.046333,0.813076,0.6609008,23.51523,31.730417,29.31116,25.96568,21.966917,49.95977,43.338478,46.794453,57.74053,64.44019,26.396313,25.335577,23.90273,16.386322,13.763083,1.7656987,1.9116988,5.9163547,7.290682,1377.85,54.071728,-0.000488281,0.512829,0.001098633,35,15,0.85083765,0.49311626,0.26348212,0.27659345,0.3090249,1.0039994,1.403559,22.813643,19.35054,9.313268,14.454653,13.421647,13.623507,15.930463,15.12449,24.598183,27.275331,16.350767,20.83431,19.565199,19.880743,18.991316,20.897219,18.683243,14.92027,13.96854,14.842946,14.68134,18.431942,15.302188,15.572945,13.946009,9.647157,10.079919,9.270284,12.65905,12.367326,13.62196,11.121081,13.840155,11.6498995,10.174306,10.017489,15.318423,10.220695,15.521012,11.84547,18.111147,17.067142,15.1519575,15.923184,16.193708,16.497686,16.368303,16.259699,0.7369884,1.8386987,6.6035185,0.6572304,27.622824,46.649124,25.865944,15.558246,21.070835,15.832923,11.655958,12.391711,16.473305,68.06
4446951.924,659319.7026,56.42273,0.7998642,0.6436343,23.419676,31.75413,29.696402,25.42077,22.162212,49.655575,43.183956,46.001717,57.883327,64.0285,26.824944,25.315811,24.327194,16.581127,14.010072,1.783707,1.9163312,5.9392,7.279936,1377.81,58.564144,0.000976563,0.60411656,0.002319336,35,15,0.85083765,0.49311626,0.26348212,0.27659345,0.3090249,1.0039994,1.403559,22.813643,19.35054,9.313268,14.454653,13.421647,13.623507,15.930463,15.12449,24.598183,27.275331,16.350767,20.83431,19.565199,19.880743,18.991316,20.897219,18.683243,14.92027,13.96854,14.842946,14.68134,18.431942,15.302188,15.572945,13.946009,9.647157,10.079919,9.270284,12.65905,12.367326,13.62196,11.121081,13.840155,11.6498995,10.174306,10.017489,15.318423,10.220695,15.521012,11.84547,18.111147,17.067142,15.1519575,15.923184,16.193708,16.497686,16.368303,16.259699,0.72174925,1.8500191,6.6095676,0.6572304,27.586903,46.419765,26.070377,15.558246,21.070835,15.832923,11.655958,12.391711,16.473305,68.06
4446951.924,659324.7026,51.432854,0.81765556,0.6307094,24.08877,32.303776,29.281319,26.338894,22.98104,49.077976,42.646294,47.366592,56.371025,62.38908,27.395283,25.835794,23.351158,17.196949,14.435791,1.8162491,1.9301099,5.99225,7.279129,1377.77,62.939964,0.24023438,0.7240887,0.014404297,35,15,0.85083765,0.49311626,0.26348212,0.27659345,0.3090249,1.0039994,1.403559,23.347122,19.416376,10.210725,15.72135,11.062373,14.603366,14.949416,15.417905,25.028215,27.607605,16.594727,20.691355,19.015734,20.80997,20.547098,21.251612,19.704836,17.557396,15.198544,15.752856,14.1416445,18.528517,15.684788,16.514677,13.688472,10.228107,10.129467,8.745546,10.460514,13.249418,12.490696,10.803706,14.580957,13.656636,11.701839,12.672365,15.217517,15.59135,16.13244,13.613174,18.095299,17.69541,15.550927,16.905945,16.22326,18.00954,17.482653,16.83135,0.7241825,1.8731794,6.6356897,0.6572304,28.196274,45.862137,26.61554,15.615817,21.470673,16.652655,11.284602,14.221871,17.137575,68.06
4446951.924,659329.7026,56.880646,0.8243462,0.6206639,24.08394,32.315903,29.358027,26.386269,23.113468,48.56652,42.38989,47.23421,55.889294,62.251553,28.050468,25.981209,23.394371,17.525986,14.593739,1.8642422,1.9403276,6.039653,7.2644396,1377.7,62.968678,-0.000976563,0.78788507,0.001098633,35,15,0.85083765,0.49311626,0.26348212,0.27659345,0.3090249,1.0039994,1.403559,23.022486,20.269964,10.904061,16.07823,13.372055,18.853468,12.727748,16.416513,25.432331,26.981796,16.695736,20.958033,19.499254,21.323513,20.647593,21.381187,21.478329,18.02771,15.2564535,15.13329,18.324991,17.900139,15.814771,17.249035,14.812487,10.637618,9.077014,8.589724,14.158305,12.294718,12.586532,11.189322,14.913016,15.328205,11.825374,11.403948,15.192383,15.4654255,13.249797,13.404743,18.961962,17.743223,15.070396,16.17168,16.16305,15.9428,16.527641,16.486303,0.72250503,1.9022849,6.652046,0.6572304,28.19992,45.478203,27.015839,16.461145,21.648321,17.419384,11.736629,13.911163,16.654394,68.06
4446951.924,659334.7026,58.963448,0.81333494,0.61290026,24.167261,32.309853,30.114317,26.521309,22.898514,47.859806,41.97116,45.81521,54.898018,62.449604,28.856897,26.392809,24.087116,18.330446,14.844824,1.929064,1.9529299,6.073863,7.2486544,1377.64,59.031673,-0.03955078,0.7516114,0,35,15,0.85083765,0.49311626,0.26348212,0.27659345,0.3090249,1.0039994,1.403559,23.022486,20.269964,10.904061,16.07823,13.372055,18.853468,12.727748,16.416513,25.432331,26.981796,16.695736,20.958033,19.499254,21.323513,20.647593,21.381187,21.478329,18.02771,15.2564535,15.13329,18.324991,17.900139,15.814771,17.249035,14.812487,10.637618,9.077014,8.589724,14.158305,12.294718,12.586532,11.189322,14.913016,15.328205,11.825374,11.403948,15.192383,15.4654255,13.249797,13.404743,18.961962,17.743223,15.070396,16.17168,16.16305,15.9428,16.527641,16.486303,0.7131176,1.9409969,6.6612587,0.6572304,28.238556,44.91548,27.624853,16.461145,21.648321,17.419384,11.736629,13.911163,16.654394,68.06
4446951.924,659339.7026,46.975956,0.8311684,0.6171586,24.259375,32.313236,30.222168,26.58577,22.98111,46.843582,41.421635,45.60673,54.268562,62.244843,29.784723,26.677998,24.17016,18.863369,15.145461,2.0150125,1.9713712,6.1223726,7.233284,1377.59,50.20016,0.0390625,0.67112756,-0.001098633,35,15,0.85083765,0.49311626,0.26348212,0.27659345,0.3090249,1.0039994,1.403559,23.70269,21.391405,13.662666,16.767437,15.79483,20.118532,16.59064,17.993986,24.418655,26.19982,17.990171,21.178707,19.620333,21.616117,20.80127,21.529968,15.941658,12.857826,14.34558,11.803757,13.959147,13.362642,14.199742,13.722889,11.15934,8.921127,11.194931,8.745309,10.013807,11.871571,13.727256,10.354857,14.4667225,14.04279,12.821017,12.759053,12.256175,15.4774475,13.968957,13.338571,17.30387,17.658333,15.437622,16.76153,17.594856,15.839273,17.005827,16.580921,0.72416353,1.9931918,6.6778283,0.6572304,28.286304,44.132607,28.231361,18.289743,21.689297,13.781479,10.804763,13.684594,16.800188,68.06
4446951.924,659344.7026,52.088634,0.84760094,0.6276253,24.201979,32.3118,31.36091,26.243124,22.592419,45.60168,40.715572,43.39544,54.2385,63.277615,30.834826,27.057592,25.262335,19.228592,14.956138,2.1134613,2.0013916,6.1526165,7.209722,1377.55,43.150208,0.000976563,0.6281442,0.002319336,35,15,0.8428825,0.49068457,0.2506953,0.271799,0.3089874,1.0088086,1.3544521,21.356754,19.382227,13.178737,16.25916,16.30917,18.972841,16.45363,17.079542,24.968132,26.11334,17.65734,21.48321,20.981333,22.350458,20.230057,21.81191,14.70604,13.000989,12.800563,11.8236265,13.895114,16.378166,14.625062,13.372859,13.033395,11.622823,13.570735,10.857247,13.046567,16.862759,14.5304365,12.837078,18.884941,19.450247,15.256096,16.376999,18.320541,18.117561,19.07579,17.2246,18.356277,17.921396,15.95021,15.649149,16.631052,17.589207,17.06409,16.725863,0.7376131,2.0574265,6.6811695,0.6469014,28.25689,43.158627,28.946209,17.416075,21.969126,13.889937,13.360565,17.926025,17.023054,68.06
4446951.924,659349.7026,61.340866,0.8761719,0.6381949,24.579813,32.090214,31.36796,26.442566,22.832157,44.251328,40.03416,43.525555,53.58772,62.587048,31.777773,27.671232,25.112455,19.77992,15.319261,2.2237623,2.0295956,6.2164783,7.2091427,1377.51,38.88185,-0.080078125,0.57073796,-0.005493164,35,15,0.8428825,0.49068457,0.2506953,0.271799,0.3089874,1.0088086,1.3544521,21.896772,19.80243,13.358611,16.578434,16.536009,19.161201,16.7382,17.387995,24.968132,26.11334,20.561409,22.935339,22.924833,24.517094,23.118902,23.263948,15.972246,14.243271,13.978318,11.961611,15.219905,20.167389,17.137259,14.52045,13.623365,12.469012,14.375629,11.885968,13.979894,17.451756,15.024863,13.652378,18.817745,19.290014,15.23717,16.276308,18.309166,18.106186,18.832771,17.155516,19.06873,18.203566,16.760742,16.159588,17.735527,18.16719,17.513832,17.363848,0.75718343,2.126679,6.7128105,0.6469014,28.335014,42.142746,29.724503,17.724522,23.591293,15.525714,14.115785,17.83848,17.658453,68.06
4446951.924,659354.7026,62.457108,0.9089411,0.6464629,24.686363,31.537415,31.764807,27.564997,23.685183,42.945766,39.505367,42.893932,51.362926,60.010353,32.593388,28.244879,25.321617,21.029425,16.576946,2.333131,2.048054,6.3063917,7.204106,1377.49,25.81156,0.040039062,0.49352902,0,35,15,0.8428825,0.49068457,0.2506953,0.271799,0.3089874,1.0088086,1.3544521,23.10612,20.68462,13.616687,14.884018,16.77304,18.554026,17.378428,17.480398,24.461838,24.841085,18.11321,21.108816,21.905098,22.629349,22.097244,21.664656,19.241829,17.684233,12.5637045,11.472914,15.684875,19.135262,17.045656,15.034444,19.8124,18.198355,13.708253,13.043048,17.608887,18.61,18.56195,16.19378,20.750713,21.12816,14.428974,16.22113,20.281599,21.029797,21.551573,18.259174,18.63433,21.859602,17.217947,15.980513,17.682104,17.353245,18.039896,17.885952,0.777702,2.1905925,6.755249,0.6469014,28.111889,41.225567,30.419132,17.856705,22.165236,16.118353,17.077557,19.341707,18.109663,68.06
4446951.924,659359.7026,72.28803,0.9535553,0.6561335,25.066978,31.829622,32.401054,28.390821,23.800667,41.662785,38.39376,40.867233,50.0231,59.14759,33.270763,29.373608,26.742239,21.683811,17.051659,2.4251318,2.0822144,6.3272996,7.1773996,1377.47,21.50477,-0.040527344,0.5079766,-0.002197266,35,15,0.8428825,0.49068457,0.2506953,0.271799,0.3089874,1.0088086,1.3544521,22.877739,20.407682,12.871123,14.935181,16.857536,18.739542,15.112686,17.252796,24.426493,24.440329,16.997952,21.188696,20.213594,24.987547,21.874983,21.272585,17.837112,15.109752,9.771871,13.013884,17.094122,23.867355,19.462946,14.753834,18.347807,16.643383,12.247895,14.348467,17.312103,18.990196,20.013247,15.825688,20.832516,18.869944,13.578075,16.885817,19.467905,20.312517,22.116472,17.756409,19.003727,19.65342,17.18862,17.449179,19.149166,17.103449,20.31949,18.368496,0.8048444,2.253673,6.75235,0.6469014,28.4483,40.028275,31.322186,17.400213,22.018513,16.593863,16.843298,18.866179,18.552435,68.06
4446951.924,659364.7026,75.86036,0.9725163,0.65833414,25.302143,31.80582,32.474213,28.336296,23.736593,40.727524,37.95846,40.66545,49.92654,59.09186,33.7043,29.636932,26.84374,21.88787,17.160492,2.4962404,2.0929086,6.3557396,7.17374,1377.45,10.635498,-0.2006836,0.4661116,-0.012329102,35,15,0.8428825,0.49068457,0.2506953,0.271799,0.3089874,1.0088086,1.3544521,23.08116,20.495247,12.947334,15.014664,16.961065,18.85972,15.180846,17.361547,24.426493,24.440329,16.997952,21.188696,20.213594,24.987547,21.874983,21.272585,16.936132,12.979186,7.8458233,11.085402,15.259591,23.065239,17.372034,13.076645,16.824423,15.066539,10.765317,12.745252,16.038715,17.816387,18.583311,14.35165,20.743164,19.178888,13.844128,17.190472,19.755407,20.630054,22.432486,17.986284,19.003727,19.65342,17.18862,17.449179,19.149166,17.103449,20.31949,18.368496,0.8154252,2.2945745,6.76474,0.6469014,28.553982,39.342995,31.670616,17.50572,22.018513,14.934772,15.405707,19.110657,18.552435,68.06
4446951.924,659369.7026,74.24924,0.9858945,0.65354216,25.28454,31.875324,32.50128,28.196993,23.45903,40.109955,37.639187,40.568153,50.08605,59.81781,33.957813,29.988728,26.901112,21.911108,16.783867,2.5576096,2.0967102,6.3592896,7.1513944,1377.46,356.17972,0.079589844,0.43038684,0.002197266,35,15,0.8428825,0.49068457,0.2506953,0.271799,0.3089874,1.0088086,1.3544521,23.490349,20.047869,12.399753,15.915196,15.873268,17.00343,15.398755,17.122614,24.157991,24.518517,19.36481,21.40837,21.222078,25.022041,22.326181,22.129591,18.272572,12.966767,14.322925,11.935811,16.65332,17.266224,19.177174,14.857231,19.50653,14.434544,13.9697275,13.554814,17.558956,17.063202,18.770107,15.738103,20.764832,18.316889,15.565224,16.768398,19.657942,20.91519,21.38967,18.166397,19.671803,16.574392,16.928614,17.583841,17.577827,19.574032,18.382883,17.822832,0.81971836,2.32716,6.755342,0.6469014,28.579933,38.874573,31.97327,17.16123,22.574286,15.799255,16.408268,19.05402,18.041912,68.06
4446951.924,659374.7026,76.35359,0.99201,0.64700335,25.39357,31.75488,32.47679,28.036652,23.41576,39.83574,37.697468,40.565113,50.28677,59.823193,34.03017,30.058996,26.916237,21.951277,16.812628,2.5838165,2.0855472,6.3678946,7.153041,1377.46,345.07294,-0.080566406,0.44460833,-0.004516602,35,15,0.8312511,0.49282578,0.26467192,0.2806153,0.30870363,1.0109676,1.3480704,20.255337,20.57678,12.693839,16.849813,17.644396,16.542871,15.534968,17.100803,23.527515,24.462402,19.403372,21.232851,23.184553,24.73013,22.873873,22.211555,19.804792,12.060642,12.802414,11.642324,22.32834,16.83097,19.817823,15.231171,20.061974,14.781902,14.297485,13.70976,21.264246,16.139585,19.332308,16.37451,22.411098,17.815641,15.539187,17.81293,22.09218,19.655693,22.672995,18.788542,21.377022,13.367432,16.78327,17.316156,20.222137,17.534906,18.342466,17.774672,0.81950665,2.334682,6.7604675,0.64815795,28.574226,38.7666,32.044582,17.156857,22.773527,16.469616,17.083895,19.714247,17.849056,68.06
4446951.924,659379.7026,70.55358,0.9864571,0.6331925,25.340647,31.497276,32.35531,28.187447,23.459297,39.860203,38.09234,41.184246,50.59657,59.806427,33.894417,29.851688,26.379381,21.596588,16.843737,2.5981536,2.064998,6.3898215,7.1715918,1377.48,327.2711,0,0.47700888,0,35,15,0.8312511,0.49282578,0.26467192,0.2806153,0.30870363,1.0109676,1.3480704,20.255337,20.57678,12.693839,16.849813,17.644396,16.542871,15.534968,17.100803,23.527515,24.462402,19.403372,21.232851,23.184553,24.73013,22.873873,22.211555,19.804792,12.060642,12.802414,11.642324,22.32834,16.83097,19.817823,15.231171,20.061974,14.781902,14.297485,13.70976,21.264246,16.139585,19.332308,16.37451,22.411098,17.815641,15.539187,17.81293,22.09218,19.655693,22.672995,18.788542,21.377022,13.367432,16.78327,17.316156,20.222137,17.534906,18.342466,17.774672,0.8098248,2.3315759,6.7807064,0.64815795,28.41896,38.976273,31.873053,17.156857,22.773527,16.469616,17.083895,19.714247,17.849056,68.06
4446951.924,659384.7026,70.72462,0.9979227,0.62510973,25.4419,31.139315,32.859695,27.568705,23.338839,40.01785,38.445465,40.905132,50.285526,60.05719,33.648056,30.07453,26.070297,22.356487,16.64852,2.605414,2.0514812,6.414207,7.181189,1377.51,320.19443,0.16015625,0.44792223,0.006713867,35,15,0.8312511,0.49282578,0.26467192,0.2806153,0.30870363,1.0109676,1.3480704,24.136673,19.66862,12.760963,14.742783,16.904192,15.946637,14.751416,17.042772,26.192707,25.809927,20.646614,22.328463,23.712267,22.976444,23.970201,23.365473,19.400969,14.501579,13.973819,11.9786825,16.774551,18.56319,21.489664,15.380737,14.543429,13.327291,14.946568,12.411587,15.075299,12.916843,17.538279,14.1311865,20.174255,18.261728,16.169828,16.357723,20.94606,17.507706,21.805262,18.042288,20.812353,16.61593,17.46139,17.86877,18.738388,14.922148,20.731216,17.991491,0.8115162,2.3284476,6.797698,0.64815795,28.290607,39.23166,31.861294,16.987326,23.662373,16.668922,14.394186,18.74608,18.164312,68.06
4446951.924,659389.7026,74.776436,0.98795843,0.6182366,25.458145,30.567839,32.61239,27.740492,23.668032,40.492672,39.12132,41.60478,49.565933,58.29731,33.24799,29.952915,25.655567,22.884642,17.72431,2.566255,2.0235078,6.395835,7.1820226,1377.52,307.8965,-0.27978516,0.48989946,-0.01550293,35,15,0.8312511,0.49282578,0.26467192,0.2806153,0.30870363,1.0109676,1.3480704,23.59973,19.926115,12.394539,15.139603,16.702127,13.914887,17.121138,16.774973,25.538813,26.716864,17.27366,20.510519,20.450203,20.587719,20.527185,21.459501,16.48416,14.0742655,12.442875,12.229345,13.155938,17.030294,17.836031,13.748367,14.6562605,12.82878,13.125854,12.581374,13.221934,12.577267,16.17726,13.223815,19.041119,17.883242,15.817899,15.383017,20.679571,15.95808,21.369654,17.227549,19.295174,16.598314,18.57444,17.895426,19.498117,15.1883,18.958693,18.095003,0.8030975,2.2948813,6.788929,0.64815795,28.012993,39.806995,31.600452,16.971163,21.657852,14.750415,13.595533,18.01894,18.00121,68.06
4446951.924,659394.7026,72.239555,0.9751252,0.6112853,25.38865,30.338531,32.47224,27.641266,23.553844,41.069427,39.71201,42.062477,49.758747,58.40262,32.83086,29.782358,25.37958,22.824568,17.69176,2.520134,1.9997348,6.3892055,7.188111,1377.57,294.44156,-0.12109375,0.69216853,-0.010009766,35,15,0.8312511,0.49282578,0.26467192,0.2806153,0.30870363,1.0109676,1.3480704,23.757164,20.11123,12.614764,15.279097,16.957457,14.034828,17.346996,16.955376,25.538813,26.716864,17.263292,20.510519,20.444183,20.587719,20.527185,21.456156,14.235344,13.296056,11.589608,11.620854,9.548503,18.067204,15.342529,12.529464,14.384361,12.267419,12.368213,11.915449,12.355153,12.144665,15.658666,12.596343,19.21996,18.20186,15.829276,15.483706,20.765373,16.081099,21.455454,17.351755,17.910244,16.161043,18.01177,16.811329,18.68037,15.591455,19.047052,17.385029,0.79320526,2.2599344,6.788658,0.64815795,27.86359,40.390717,31.30661,17.157362,21.655512,13.385728,13.013418,18.148104,17.45904,68.06
4446951.924,659399.7026,74.35109,0.9681424,0.6068052,25.384115,29.990881,32.151173,27.264803,23.385227,41.74075,40.3259,42.513073,50.11258,58.53802,32.358364,29.710495,25.32211,22.782793,17.776886,2.4754157,1.978747,6.3748417,7.184754,1377.64,289.06598,0.040527344,0.8333728,0,35,15,0.8312511,0.49282578,0.26467192,0.2806153,0.30870363,1.0109676,1.3480704,23.287949,17.866922,9.583781,13.928174,13.460692,14.509147,16.111206,15.083511,25.792992,27.063795,16.96419,20.565554,20.043295,22.711273,20.264257,21.606337,16.866716,19.01856,14.115765,15.152855,16.22321,19.211535,18.36437,16.15704,13.107804,12.235007,10.41627,9.290339,11.903659,10.837622,16.4374,11.17629,17.279766,17.479399,13.09248,12.110383,15.722984,15.203393,19.918245,14.796284,17.086458,19.81726,16.059381,17.29915,18.422632,16.358387,16.662172,17.33024,0.7874738,2.2270813,6.7797976,0.64815795,27.687498,41.033325,31.03443,15.53541,21.91505,16.993288,12.032586,15.829521,17.38649,68.06
4446951.924,659404.7026,73.954865,0.9547368,0.6010354,25.236465,29.74676,31.878738,27.124,23.291674,42.563053,41.04007,43.19322,50.51743,58.71061,31.811459,29.412449,24.94705,22.53516,17.669756,2.4202685,1.958391,6.3580947,7.1892805,1377.71,286.62042,-0.000488281,0.8521029,0.001098633,35,15,0.84647715,0.49411312,0.265459,0.27773136,0.30905366,1.0129018,1.4233682,23.492384,17.49652,10.802648,14.036097,13.329582,13.935894,16.663479,15.334325,25.926983,26.608297,17.050344,20.888126,19.265875,22.516516,20.48623,21.547066,17.880014,17.459534,14.855756,16.07596,13.25487,17.216476,16.94058,15.971058,12.91902,10.32696,11.137555,9.855675,9.630923,10.18424,15.427615,10.865876,16.615702,14.413803,13.35868,13.556654,13.987256,14.54916,16.384626,14.398777,17.830187,18.09168,16.11713,17.764559,17.75617,17.04206,16.364035,17.323559,0.77788615,2.1893296,6.7736874,0.66130066,27.491611,41.80156,30.611954,15.679515,21.820341,16.240456,11.354569,14.6951275,17.280832,68.06
4446951.924,659409.7026,72.655975,0.9397759,0.5956229,25.028532,29.735315,31.503891,26.511183,23.480179,43.469284,41.660976,43.875538,51.256493,58.224213,31.252352,29.02477,24.69398,22.345446,17.80353,2.360251,1.9434323,6.3520923,7.208432,1377.78,284.048,0.000488281,0.82689947,0,35,15,0.84647715,0.49411312,0.265459,0.27773136,0.30905366,1.0129018,1.4233682,23.492624,17.496233,10.803131,14.036313,13.329582,13.935894,16.663479,15.334496,25.926983,26.608297,17.050344,20.888126,19.265875,22.516516,20.48623,21.547066,17.880014,17.459534,14.855756,16.07596,13.25487,17.216476,16.94058,15.971058,13.221634,10.343626,11.247466,10.103673,9.719756,10.297194,15.594419,11.034805,16.852064,14.413803,13.35868,13.556654,13.987256,14.54916,17.187012,14.43817,17.830187,18.09168,16.11713,17.764559,17.75617,17.04206,16.364035,17.323559,0.76769936,2.1518416,6.780262,0.66130066,27.381924,42.565132,30.138561,15.679609,21.820341,16.240456,11.503967,14.843519,17.280832,68.06
4446951.924,659414.7026,77.16203,0.9254941,0.60947853,24.765507,29.130465,30.65446,25.962132,23.327425,44.601067,42.520718,45.73932,53.088154,59.31188,30.461983,28.45724,23.74801,21.040443,16.542692,2.282091,1.9326303,6.38556,7.2219186,1377.85,278.1371,-0.000488281,0.81032956,0,35,15,0.84647715,0.49411312,0.265459,0.27773136,0.30905366,1.0129018,1.4233682,22.976435,17.16865,9.941789,13.305372,12.638367,16.607323,14.886571,14.914208,25.526724,26.220697,16.772127,20.749092,19.154102,20.764046,19.676699,21.122192,19.31199,16.760656,14.568649,16.043814,15.242801,17.234037,17.890703,16.375586,13.940444,9.596541,10.9790125,10.679933,11.566928,11.80187,14.231366,11.47794,18.240477,11.758647,10.63417,11.069699,12.311703,12.139031,15.129722,12.6224375,19.51652,16.646872,15.038148,15.819975,16.445929,16.760277,18.15769,16.580873,0.76748633,2.1073606,6.8037395,0.66130066,26.947987,43.56089,29.45961,15.360643,21.266214,16.721807,11.828013,13.040492,16.912203,68.06
4446951.924,659419.7026,71.3644,0.89881885,0.6115696,24.51336,29.162022,30.207832,25.786173,23.252796,45.856663,43.164875,46.71288,53.5649,59.406246,29.686375,27.703337,23.268133,20.709143,16.453255,2.1858704,1.9266454,6.3755965,7.233437,1377.92,271.04254,0.000488281,0.7879677,0.001098633,35,15,0.84647715,0.49411312,0.265459,0.27773136,0.30905366,1.0129018,1.4233682,23.29778,19.378315,12.496666,14.89487,13.287132,16.148256,16.264284,16.382504,25.167099,25.515284,17.534086,21.529192,19.55501,21.019115,19.281115,21.441933,17.445658,15.37256,14.384013,15.123404,16.583553,18.223248,18.721441,16.012238,13.754866,11.348889,12.4856415,12.494665,14.700263,13.972479,17.995394,13.176955,14.584238,10.744916,10.704361,10.298143,14.565208,13.221335,17.278402,12.110614,16.63478,17.097296,15.818199,16.24359,19.55556,17.672417,20.069363,17.02071,0.7551942,2.056258,6.804517,0.66130066,26.83769,44.51077,28.694855,16.538185,21.371555,16.550556,13.821742,13.056658,17.584457,68.06
4446951.924,659424.7026,68.7631,0.8736661,0.61450166,24.262411,29.208168,29.813967,25.608768,23.193195,47.182728,43.851845,47.671284,54.003723,59.482567,28.84472,26.880888,22.768774,20.42306,16.369537,2.0961535,1.9227309,6.369952,7.2472687,1377.99,266.3148,-0.040039062,0.88949585,-0.003295898,35,15,0.84647715,0.49411312,0.265459,0.27773136,0.30905366,1.0129018,1.4233682,23.450974,19.539717,12.7321205,15.117764,13.339185,16.183815,16.27217,16.54431,27.945864,28.038424,18.479069,23.142445,20.918663,22.445734,20.589567,23.167906,16.766876,14.9790535,13.947388,14.90347,15.963613,18.088156,18.347517,15.58052,13.908571,11.2644415,12.55227,12.339006,14.546936,13.412407,17.239073,13.074742,14.090601,9.933561,10.520652,9.959169,14.17068,12.999962,16.517282,11.705474,15.857709,16.143736,15.457813,15.654173,18.996828,17.050423,19.250467,16.399267,0.7440839,2.0094423,6.8086104,0.66130066,26.73529,45.51729,27.862804,16.66225,23.079967,16.142298,13.608957,12.598844,16.915878,68.06
4446951.924,659429.7026,67.04959,0.84850585,0.6127588,23.767292,29.118004,29.337454,24.890104,23.058151,48.548443,44.63388,48.99975,55.165367,59.68583,27.945839,25.988981,22.049656,19.9703,16.095108,2.029414,1.9239053,6.368948,7.2585793,1378.08,264.8285,0.0390625,1.1075175,0,35,15,0.84647715,0.49411312,0.265459,0.27773136,0.30905366,1.0129018,1.4233682,23.025845,20.848532,14.0800705,17.315594,15.250438,15.662992,14.378379,17.557137,27.980902,29.86733,18.059097,23.845722,22.08397,22.519836,21.069624,23.66024,20.215357,17.869867,14.357425,16.082844,15.607036,16.94131,18.059622,16.60182,15.518873,14.300326,12.073189,13.126104,14.771176,13.789041,16.568678,13.706445,17.306974,15.255191,12.854215,14.832952,17.13997,14.4225445,16.86939,14.982441,18.14075,20.169485,16.963514,17.56814,19.243803,15.611882,16.123518,17.689465,0.7306323,1.9766595,6.8137636,0.66130066,26.442648,46.591164,26.967411,17.22312,23.632355,17.019066,14.30677,15.525891,17.688728,68.06
4446951.924,659434.7026,66.29437,0.83312374,0.61647385,23.543938,29.118715,29.068642,24.75024,23.103,49.87676,45.410137,49.846863,55.458683,59.698944,27.064589,25.160631,21.567066,19.807825,16.041618,1.9749115,1.9188015,6.3769903,7.27546,1378.18,264.9401,-0.07910156,1.2943645,-0.004394531,35,15,0.8477766,0.49813542,0.26708975,0.28754276,0.310292,1.0156335,1.4365695,23.378036,20.99919,14.766003,18.627918,15.741483,15.679825,15.494418,18.142336,27.565264,29.953691,18.421484,23.584906,21.740181,22.519836,22.1651,23.595049,20.073547,16.202103,15.362182,16.625896,17.689787,16.832579,17.158884,16.972055,15.755055,12.835812,11.762574,13.251437,15.876256,13.579345,16.808167,13.628707,15.954378,11.517102,10.641529,14.2933445,15.805934,12.733822,16.22567,13.2429495,19.043974,19.476545,16.93434,17.762169,20.705515,16.418179,16.718403,18.036419,0.7247988,1.9468565,6.8262253,0.6661485,26.331326,47.643448,26.11261,17.81241,23.70721,17.134998,14.26695,13.881682,18.151302,68.06
4446951.924,659439.7026,62.606525,0.8221093,0.6173321,23.14827,29.226212,28.714918,24.465973,23.387882,51.10625,46.128696,50.886597,55.881165,59.830833,26.221392,24.430122,20.90714,19.665407,15.711571,1.9351916,1.9077142,6.406226,7.298338,1378.3,264.47485,0,1.3381786,0.003295898,35,15,0.8477766,0.49813542,0.26708975,0.28754276,0.310292,1.0156335,1.4365695,23.279097,20.983818,14.788022,18.592829,15.543653,15.58633,15.309512,18.0875,25.879692,28.180944,18.403296,22.86299,20.980476,21.391956,21.307287,22.670565,17.419804,13.712781,14.458252,15.175395,15.628002,14.103022,13.88137,15.103149,16.256306,13.593665,12.534738,14.0125675,16.00456,13.974016,17.315344,14.2379,18.073895,17.166628,16.90029,18.86839,17.033493,13.316729,18.512583,17.256578,17.481651,15.88007,14.786916,15.382709,19.335554,15.80476,16.618036,16.05491,0.7197207,1.921453,6.852282,0.6661485,26.18724,48.617474,25.325756,17.726181,22.715235,14.911232,14.813028,17.12457,16.469957,68.06
4446951.924,659444.7026,59.897022,0.8156491,0.6181966,23.086458,29.356237,28.219183,24.46854,23.463915,52.16165,46.69051,51.73194,56.448353,60.966137,25.630728,23.800602,20.596384,19.065687,14.737613,1.8935647,1.8933539,6.409093,7.3088408,1378.42,260.95065,0.20019531,1.2760131,0.010009766,35,15,0.8477766,0.49813542,0.26708975,0.28754276,0.310292,1.0156335,1.4365695,24.022621,19.127357,13.890521,17.61968,15.792661,15.976169,15.441785,17.646574,26.633986,28.774355,16.874994,21.871458,19.130209,23.199524,20.65037,22.203367,16.941216,14.234417,15.012084,15.18969,12.833747,17.91791,14.8241205,15.199401,14.465855,12.28062,11.187795,11.860738,13.040698,14.64076,14.935005,12.629871,14.851877,15.999237,16.453945,17.460304,14.839191,14.565012,17.457458,16.009243,18.067696,14.7652025,14.682259,14.901541,17.618729,18.08282,17.476244,15.919254,0.7169229,1.8934593,6.858967,0.6661485,26.221348,49.42608,24.715664,17.410114,22.447844,15.279025,13.201638,15.946717,16.513498,68.06
4446951.924,659449.7026,55.883007,0.81419384,0.61880267,22.902922,29.339766,27.63513,24.622824,24.232542,52.94162,47.104233,52.146156,56.89196,60.818035,25.184887,23.446852,20.6671,18.450115,14.640704,1.8633283,1.8711656,6.4372106,7.3288593,1378.52,259.98074,-0.040039062,1.2359862,0.002197266,35,15,0.8477766,0.49813542,0.26708975,0.28754276,0.310292,1.0156335,1.4365695,22.881102,18.421644,13.806779,17.35938,15.451739,14.8906,14.999429,17.131233,26.837555,28.977926,17.078564,22.07503,19.333778,23.403091,20.853941,22.406937,16.964046,14.234417,15.012084,15.18969,12.833747,17.93313,14.82977,15.204473,15.063552,12.391842,11.303779,11.969566,13.1781435,15.103127,15.099566,12.857093,15.149348,16.06764,16.525583,17.52953,14.989812,14.749094,17.60536,16.146334,16.851158,14.3424,14.363644,14.515513,16.098944,16.547606,16.985804,15.178433,0.71649826,1.867247,6.8830347,0.6661485,26.121344,50.022926,24.315868,16.830095,22.651411,15.28527,13.444224,16.088053,15.6721525,68.06
4446951.924,659454.7026,54.913223,0.81256944,0.6181085,22.725965,29.389814,26.99515,24.830057,25.088474,53.582314,47.270493,52.51423,57.334866,60.647373,24.841183,23.245205,20.807632,17.781918,14.539973,1.8345984,1.8521079,6.4697213,7.3509855,1378.63,264.51535,0.24023438,1.0499601,0.014404297,35,15,0.8477766,0.49813542,0.26708975,0.28754276,0.310292,1.0156335,1.4365695,23.020939,20.574118,14.130788,18.282597,13.518338,18.38861,15.627915,17.781708,24.457544,26.08822,16.41728,20.574154,18.609262,19.055424,19.889822,20.666687,18.2321,15.483022,14.450218,14.507663,15.305038,17.005753,18.605875,15.660927,19.749365,14.211583,13.124012,13.302243,15.379009,18.20803,17.435286,15.222299,20.322851,16.184908,17.276613,17.434391,16.839106,18.006481,16.770905,17.826174,16.58714,13.561759,15.162303,14.3735,15.556834,13.980984,16.746222,15.132632,0.71533895,1.8433532,6.9103537,0.6661485,26.05789,50.426403,24.043194,17.649044,20.727386,16.227095,15.9156475,17.547894,15.1383915,68.06
4446951.924,659459.7026,53.8166,0.8089312,0.6166066,22.589306,29.606888,26.410286,25.077263,25.947205,54.103745,47.152534,52.89244,57.902878,60.295418,24.593012,23.163643,20.842619,16.964176,14.54658,1.8030646,1.8392047,6.486898,7.37392,1378.7,266.30573,-0.080566406,0.89003044,-0.002319336,35,15,0.8477766,0.49813542,0.26708975,0.28754276,0.310292,1.0156335,1.4365695,23.46423,22.15006,14.103558,17.734236,13.853808,17.343788,13.978236,17.883852,24.677362,26.046045,16.387152,20.646862,19.261595,21.531643,18.570826,20.890158,17.262106,16.238764,13.459019,13.689512,14.283665,16.13377,16.465113,14.882344,20.597927,15.8914995,12.72573,13.108022,14.48056,15.280654,16.990194,15.101855,19.609703,17.524927,16.794703,17.178085,16.548681,16.6319,14.068874,17.4374,16.128647,16.608583,13.608525,14.563936,14.573494,13.010479,15.987409,14.872669,0.7127689,1.8211346,6.930409,0.6661485,26.098097,50.62814,23.878326,17.518272,21.017355,15.361707,15.582085,16.908125,14.925868,68.06
4446951.924,659464.7026,54.408524,0.80351555,0.6130211,22.464106,29.862509,25.862734,25.286366,26.661098,54.472427,46.789387,53.159092,58.20999,60.155746,24.438837,23.192444,20.987217,16.43022,14.473188,1.7746319,1.8339633,6.51965,7.398436,1378.78,262.9928,0.080566406,0.8226512,0.003417969,35,15,0.8574515,0.48778638,0.26654893,0.28495967,0.30898124,1.0072573,1.4099362,23.627386,22.15006,14.103558,17.734236,13.853808,17.343788,13.978236,17.911043,24.677362,26.046045,16.387152,20.646862,19.261595,21.531643,18.570826,20.890158,17.262106,16.238764,13.459019,13.689512,14.283665,16.13377,16.465113,14.882344,20.597927,15.8914995,12.72573,13.108022,14.48056,15.280654,16.990194,15.101855,19.564144,17.480713,16.753172,17.136557,16.504465,16.586342,14.014145,17.393854,16.128647,16.608583,13.608525,14.563936,14.573494,13.010479,15.987409,14.872669,0.7082683,1.8042976,6.959043,0.66041726,26.163307,50.630905,23.81564,17.541582,21.017355,15.361707,15.582085,16.862791,14.925868,68.06
4446951.924,659469.7026,55.778214,0.7974227,0.6092306,22.37383,30.143059,25.427383,25.378618,27.085344,54.613,46.30743,53.33017,58.4886,60.098038,24.422028,23.307146,21.135502,16.043344,14.415648,1.7461636,1.8291044,6.5491276,7.422082,1378.84,263.03885,-0.000488281,0.59149516,0.003295898,35,15,0.8574515,0.48778638,0.26654893,0.28495967,0.30898124,1.0072573,1.4099362,23.138515,22.04428,14.104152,17.81661,14.860415,17.343788,16.487314,17.959478,23.57189,26.3081,16.049885,20.88003,19.764929,21.531643,18.681017,20.765844,16.423077,18.105639,12.896598,14.655777,13.832015,16.13377,15.638045,14.980107,19.404837,16.388622,12.8699255,14.575467,14.637,15.280654,16.90638,15.326472,19.496784,17.502483,17.123945,17.89751,16.992264,16.586342,17.04664,17.69755,14.710571,16.662273,14.383498,15.730291,12.896858,13.010479,16.429132,14.868206,0.70332664,1.787634,6.985605,0.66041726,26.258446,50.460213,23.864586,17.970724,20.96964,15.38356,15.7232685,17.520853,14.831871,68.06
4446951.924,659474.7026,50.675953,0.79241157,0.6179417,21.859993,30.293314,24.917793,24.986969,26.659111,54.43934,45.996532,53.772083,58.59679,60.661354,24.477009,23.420801,21.25049,16.30814,14.429397,1.7262784,1.8182361,6.548911,7.4447966,1378.88,274.3987,0,0.37388223,0,35,15,0.8574515,0.48778638,0.26654893,0.28495967,0.30898124,1.0072573,1.4099362,24.037914,21.81459,13.459119,17.192783,14.529403,19.745045,16.368614,18.006311,24.508904,26.205057,16.277748,20.559032,18.976007,19.337257,19.060282,20.59324,18.392044,18.481571,12.990323,13.700015,13.538643,15.038046,15.859542,15.066017,20.096397,16.27227,12.78299,13.844571,13.468658,15.238777,17.901651,15.075977,19.100798,17.32516,17.023455,17.516153,16.56298,16.13277,17.332167,17.318521,19.016384,16.45873,14.570518,14.140074,11.936272,13.28194,14.900416,15.052071,0.7051766,1.7722573,6.996854,0.66041726,26.076653,50.217934,23.948906,18.163923,20.70347,15.428598,15.657903,17.284784,14.900619,68.06
4446951.924,659479.7026,55.32858,0.7903676,0.61790836,21.896269,30.428215,24.90008,24.749157,26.07179,53.941814,45.633774,53.47796,58.676853,60.863667,24.831343,23.626207,21.504686,16.450758,14.450713,1.7009798,1.8003222,6.559134,7.4621143,1378.91,295.0169,0.080078125,0.23733367,0.005615234,35,15,0.8574515,0.48778638,0.26654893,0.28495967,0.30898124,1.0072573,1.4099362,24.04347,21.81459,13.459119,17.192783,14.531255,19.747824,16.370466,18.007933,24.508904,25.90933,16.277748,20.559032,18.976007,19.337257,19.060282,20.556273,18.392044,18.287031,12.990323,13.700015,13.538643,15.038046,15.859542,15.041699,20.096397,16.27227,12.78299,13.844571,13.468658,15.238777,17.901651,15.075977,19.100798,17.32516,17.023455,17.516153,16.56298,16.13277,17.332167,17.318521,18.992996,16.433084,14.638195,14.1673765,11.976669,13.314043,14.938114,15.075299,0.704138,1.750651,7.010624,0.66041726,26.162243,49.787796,24.228775,18.165646,20.661224,15.400807,15.657903,17.284784,14.922926,68.06
4446951.924,659484.7026,54.960384,0.79211026,0.61912763,21.959568,30.562477,24.95554,24.471146,25.313936,53.28905,45.330524,53.18097,58.722576,61.118484,25.242733,23.771322,21.715612,16.671259,14.479598,1.6873368,1.7823339,6.5611753,7.47793,1378.92,341.56506,0.040039062,0.13602132,0.004394531,35,15,0.8574515,0.48778638,0.26654893,0.28495967,0.30898124,1.0072573,1.4099362,24.218296,21.093727,13.057778,17.416073,14.2927065,17.545702,15.698184,17.670214,24.064548,24.8809,16.271105,20.321238,18.25717,20.288908,18.773558,20.281382,18.223959,14.944318,12.957341,14.474197,15.329136,14.394297,17.363756,14.925999,18.427488,14.155293,12.738078,14.205684,16.020462,16.998898,18.8472,15.058156,17.692337,16.44747,17.052263,18.200312,17.709473,17.113873,16.990507,17.337633,17.498728,13.886695,13.690441,15.9454365,17.90602,13.627861,16.060831,15.364563,0.705619,1.7348354,7.0195527,0.66041726,26.261023,49.309788,24.507027,17.617495,20.408203,15.383858,15.913301,17.315176,15.516573,68.06
4446951.924,659489.7026,52.565098,0.7975756,0.6237005,22.103857,30.700504,25.212788,24.3738,24.48654,52.550205,45.06246,52.649002,58.15121,60.996864,25.695189,23.832943,21.908281,17.284847,15.061648,1.6813453,1.767545,6.5626025,7.492823,1378.92,15.255118,0.080078125,0.16347715,0.003295898,35,15,0.8574515,0.48778638,0.26654893,0.28495967,0.30898124,1.0072573,1.4099362,24.253283,22.255468,13.910075,16.75088,14.199191,16.844633,16.953758,17.897175,24.104158,26.170069,16.628214,20.538074,18.045197,20.316193,18.739792,20.557657,17.508839,16.55409,13.064575,14.30363,15.288082,17.038965,18.304125,15.269016,17.316637,16.31455,13.279389,14.578404,16.452635,16.748938,18.662241,15.4014635,17.17513,19.34229,17.734972,18.748917,17.35082,13.985191,16.387829,17.576715,15.945327,18.590666,14.24612,15.722565,16.15236,13.637085,14.608432,15.552329,0.71063805,1.7244451,7.027713,0.66041726,26.40218,48.806335,24.764065,17.88104,20.648815,16.0089,16.193256,17.24645,15.5575075,68.06
4446951.924,659494.7026,55.019375,0.80784625,0.6268952,22.20796,30.88452,25.352606,24.199188,23.660221,51.788605,44.868984,52.44243,58.09714,61.33813,26.118279,23.791601,21.987858,17.511063,15.081437,1.6984714,1.7584846,6.5471807,7.505836,1378.91,26.56505,-0.040039062,0.19236283,-0.001098633,35,15,0.85605127,0.4901761,0.22555043,0.28641227,0.30903643,1.0110209,1.3474215,24.253283,22.255468,13.910075,16.75088,14.199191,16.844633,16.953758,17.897175,24.104158,26.170069,16.628214,20.538074,18.045197,20.316193,18.739792,20.557657,17.508839,16.55409,13.064575,14.30363,15.288082,17.038965,18.304125,15.269016,17.316637,16.31455,13.279389,14.578404,16.452635,16.748938,18.662241,15.4014635,17.17513,19.34229,17.734972,18.748917,17.35082,13.985191,16.387829,17.576715,15.945327,18.590666,14.24612,15.722565,16.15236,13.637085,14.608432,15.552329,0.71737075,1.728478,7.0265083,0.64652413,26.54624,48.328796,24.95494,17.88104,20.648815,16.0089,16.193256,17.24645,15.5575075,68.06
4446951.924,659499.7026,58.826096,0.81876075,0.6397447,22.434692,30.88056,25.355284,24.289272,23.164152,51.178394,44.815678,52.35681,58.2154,61.101498,26.466553,23.724985,22.34952,17.31945,15.408539,1.7294723,1.7589431,6.5254116,7.515315,1378.9,21.03751,-0.080078125,0.1997035,-0.005615234,35,15,0.85605127,0.4901761,0.22555043,0.28641227,0.30903643,1.0110209,1.3474215,23.614986,21.328754,13.717296,16.285969,12.578758,16.501785,15.309745,17.121092,24.554605,26.067986,16.731392,20.808956,18.300264,20.403969,17.923706,20.773764,17.37067,16.332516,14.126961,14.181407,14.412553,18.074944,15.744816,15.405812,18.015163,15.46085,15.485181,14.582247,15.4036665,17.196507,18.234667,15.902711,17.538828,17.8879,18.654305,18.638546,17.715042,13.560469,16.881704,17.766008,16.802418,18.718233,15.345577,15.74705,16.551577,14.823341,14.333416,16.158031,0.7292527,1.7442076,7.0203633,0.64652413,26.657627,47.997036,25.095768,17.048185,20.684408,15.749124,16.339754,17.268114,16.045944,68.06
4446951.924,659504.7026,63.74313,0.8215937,0.6197243,22.648085,30.854742,25.648195,24.596066,22.33064,50.963367,45.092136,52.606007,58.15171,63.201443,26.465029,23.532835,21.85729,17.090702,14.506666,1.7711217,1.7731146,6.480483,7.5128508,1378.9,3.814074,0,0.21554539,-0.001098633,35,15,0.85605127,0.4901761,0.22555043,0.28641227,0.30903643,1.0110209,1.3474215,24.004162,21.273804,12.786637,15.717384,12.826861,15.897186,15.078933,16.808596,24.774988,26.069056,16.701288,20.527565,18.321798,19.980179,17.930407,20.711857,19.625967,16.329205,14.110316,14.347204,13.38005,18.836058,15.081197,15.746024,19.146862,15.46085,15.482659,14.92144,15.125691,16.008001,17.000162,16.02757,17.177654,17.956388,18.521498,18.20585,16.786684,12.952042,18.100359,17.42428,17.480122,18.718233,14.694843,15.454195,15.247367,13.02882,14.904312,15.734718,0.720659,1.7721181,6.996667,0.64652413,26.751413,48.027752,24.998932,16.797852,20.61504,15.958571,16.163668,17.100067,15.646842,68.06
4446951.924,659509.7026,51.9335,0.8219115,0.6315261,22.723131,30.695948,26.079596,24.890247,22.141762,51.07326,45.6443,52.411835,57.67467,63.19403,26.374542,23.284813,21.742586,17.320856,14.589024,1.8074822,1.7942724,6.460822,7.5158834,1378.9,343.63718,-0.040039062,0.2538501,-0.004394531,35,15,0.85605127,0.4901761,0.22555043,0.28641227,0.30903643,1.0110209,1.3474215,24.004162,21.273804,12.786637,15.717384,12.826861,15.897186,15.078933,16.808596,24.774988,26.069056,16.701288,20.527565,18.321798,19.980179,17.930407,20.711857,19.625967,16.329205,14.110316,14.347204,13.38005,18.836058,15.081197,15.746024,19.146862,15.46085,15.482659,14.92144,15.125691,16.008001,17.000162,16.02757,17.177654,17.956388,18.521498,18.20585,16.786684,12.952042,18.100359,17.42428,17.480122,18.718233,14.694843,15.454195,15.247367,13.02882,14.904312,15.734718,0.7267188,1.8008773,6.988353,0.64652413,26.70954,48.35878,24.829678,16.797852,20.61504,15.958571,16.163668,17.100067,15.646842,68.06
4446951.924,659514.7026,53.394783,0.8207149,0.64466745,22.764034,30.457909,26.44151,25.243404,22.05716,51.463158,46.46767,52.376694,57.19348,63.1711,26.13342,22.9427,21.56163,17.501738,14.660402,1.8446676,1.8141489,6.44777,7.525136,1378.91,338.19257,-0.03955078,0.30829358,-0.001098633,35,15,0.85605127,0.4901761,0.22555043,0.28641227,0.30903643,1.0110209,1.3474215,24.180134,21.243994,11.689456,14.909556,15.85237,15.48649,17.38085,16.930027,25.128761,26.154657,16.602907,19.533827,18.302538,19.402676,17.329744,20.335543,19.895233,16.732237,14.722844,14.432745,13.897151,17.12963,17.007227,16.007143,20.252752,14.407769,15.197253,14.634707,14.6769,15.658041,19.232615,16.09033,18.783562,17.243496,17.520887,17.252783,16.287546,16.808334,19.078102,17.475624,18.27377,16.479204,14.889005,15.6602,13.702225,18.168179,14.611262,15.860078,0.73269117,1.8294082,6.986453,0.64652413,26.610971,48.965416,24.53806,17.24898,20.350729,16.25958,16.294292,17.567816,15.969119,68.06
4446951.924,659519.7026,57.122753,0.81980723,0.66120356,22.640831,30.130936,26.649414,25.539022,21.87792,52.093838,47.562206,52.494595,56.72247,63.63709,25.754534,22.532255,21.474283,17.730888,14.663131,1.8861502,1.827831,6.4405746,7.542619,1378.92,341.53006,0.000488281,0.36205593,-0.002197266,35,15,0.85605127,0.4901761,0.22555043,0.28641227,0.30903643,1.0110209,1.3474215,23.25399,20.798395,10.898173,15.155307,16.304409,15.617175,16.545885,16.516708,24.49594,25.072403,16.233023,19.278843,17.934729,19.243162,16.410551,19.860044,18.602537,15.284653,13.660275,14.603693,15.309812,16.809454,15.356275,15.252422,18.960701,14.219531,14.324944,14.842264,14.505151,15.419818,18.192749,15.34586,18.640692,16.310509,17.477448,17.586937,17.341007,15.228144,18.712349,17.297873,17.916843,14.418729,15.625602,15.882507,14.055904,16.821785,16.56711,15.694278,0.7405054,1.8569906,6.991597,0.64652413,26.385883,49.828022,24.143394,16.939047,19.809809,15.660958,15.780737,17.328156,15.898354,68.06
4446951.924,659524.7026,63.07943,0.81979513,0.6757256,22.590717,29.700329,26.761898,25.88902,21.84179,52.89575,48.85573,52.84846,56.344353,63.715946,25.2914,22.028063,21.168058,17.808447,14.674626,1.9213367,1.836398,6.441382,7.569487,1378.93,341.5806,-0.0390625,0.40728378,-0.002197266,35,15,0.84787965,0.5027228,0.263552,0.29605526,0.30898356,1.01057,1.3441396,23.271484,20.809202,10.936431,15.201654,16.324236,15.626518,16.695492,16.54407,24.722704,25.12565,16.286272,19.34079,18.21475,19.410143,16.697884,19.981852,18.600191,15.284653,13.674745,14.603693,15.309812,16.809454,15.293843,15.252725,18.960907,14.219531,14.328868,14.842428,14.505151,15.420231,18.192749,15.346943,18.640692,16.310509,16.368862,16.921783,16.60195,14.673851,18.336205,16.74358,17.910984,14.418729,15.623649,15.882507,14.055904,16.821785,16.55725,15.692325,0.74776036,1.8788674,7.0054345,0.6534147,26.145523,50.87574,23.659733,16.980717,19.97117,15.65377,15.781409,16.836266,15.895829,68.06
4446951.924,659529.7026,66.74776,0.8264337,0.6842385,22.688522,29.141024,26.85283,25.951485,21.239899,53.456055,50.029076,53.09757,55.88762,64.45956,25.00673,21.832678,21.220243,18.299309,15.121593,1.9549124,1.8430433,6.435806,7.5934353,1378.94,351.9049,-0.000976563,0.4047895,0,35,15,0.84787965,0.5027228,0.263552,0.29605526,0.30898356,1.01057,1.3441396,23.629559,23.42447,10.084758,16.01548,16.594652,14.980417,16.205755,16.904203,24.791183,26.368044,15.819424,20.686039,17.972847,19.549952,19.089968,20.623497,18.715834,14.783547,13.286186,14.176488,13.926956,16.490213,15.781265,15.115813,19.269707,14.397498,13.357444,14.353787,14.188744,15.103592,17.456064,15.263841,18.9313,16.393267,14.8568735,17.27894,15.962209,14.865784,19.093536,16.73602,17.714869,14.770377,14.688591,15.721764,15.833687,19.07169,16.23667,16.149801,0.7553361,1.8989779,7.014621,0.6534147,25.914772,51.742565,23.419704,17.276442,20.611065,15.3086405,15.4466915,16.768845,16.291094,68.06
4446951.924,659534.7026,59.654957,0.84101325,0.67817855,22.670893,28.780828,27.241787,25.986988,20.853888,53.404636,50.481857,52.78933,55.76329,63.88235,24.933949,21.91448,21.185135,18.497732,16.419436,1.9904379,1.8569915,6.38053,7.5879836,1378.94,355.9073,-0.080566406,0.40178075,-0.004516602,35,15,0.84787965,0.5027228,0.263552,0.29605526,0.30898356,1.01057,1.3441396,24.139477,21.673326,12.117356,15.603315,14.23344,16.799625,16.143503,17.049028,24.58136,26.211843,16.085844,20.435032,19.313517,21.190948,18.927212,20.887646,18.532362,14.638046,13.673011,14.4721775,12.797962,16.65666,16.48345,15.098103,19.087505,14.387712,13.757722,14.422641,16.298126,15.596575,20.021181,15.651421,18.393904,16.348902,15.56667,16.906326,17.46085,15.670687,19.790052,16.99513,15.972652,14.853592,15.029437,14.543249,12.6132345,19.125957,16.140785,15.311485,0.7595959,1.9237146,6.9842567,0.6534147,25.72586,51.943245,23.424213,17.244291,20.96368,15.321953,16.224493,17.162485,15.468415,68.06
4446951.924,659539.7026,60.987324,0.86248815,0.6761837,22.78344,28.631907,27.625051,26.13931,20.594315,52.88883,50.25527,52.11616,55.39998,63.873726,25.163527,22.267193,21.3438,18.769115,16.46815,2.0269146,1.8764194,6.368331,7.5689826,1378.95,357.87506,0.119628906,0.38668483,0.004394531,35,15,0.84787965,0.5027228,0.263552,0.29605526,0.30898356,1.01057,1.3441396,24.139477,21.673326,12.117356,15.603315,14.23344,16.799625,16.143503,17.049028,24.58136,26.211843,16.085844,20.435032,19.313517,21.190948,18.927212,20.887646,18.532362,14.638046,13.673011,14.4721775,12.797962,16.65666,16.48345,15.098103,19.087505,14.387712,13.757722,14.422641,16.298126,15.596575,20.021181,15.651421,18.393904,16.348902,15.56667,16.906326,17.46085,15.670687,19.790052,16.99513,15.972652,14.853592,15.029437,14.543249,12.6132345,19.125957,16.140785,15.311485,0.7693359,1.9516671,6.9686565,0.6534147,25.707672,51.57205,23.715359,17.244291,20.96368,15.321953,16.224493,17.162485,15.468415,68.06
4446951.924,659544.7026,65.16681,0.88421583,0.67372304,22.891695,28.471767,27.9611,26.280397,20.344725,52.33487,50.01813,51.41987,55.036705,63.859776,25.41145,22.635447,21.532118,19.051394,16.51751,2.059259,1.8972181,6.360981,7.553584,1378.94,357.70493,-0.16064453,0.35803145,-0.0078125,35,15,0.84787965,0.5027228,0.263552,0.29605526,0.30898356,1.01057,1.3441396,24.452087,22.028784,11.5992155,17.075949,13.255267,17.644787,14.110003,17.227404,24.173634,26.04146,16.589935,20.449377,20.196396,19.51733,17.97656,20.789373,18.670288,15.961011,13.781398,14.682291,16.252657,15.964633,16.7305,15.548884,20.48658,15.573194,14.10642,14.39858,18.057016,16.056612,19.012203,16.148743,19.058699,17.219706,15.468853,17.130865,17.544523,16.366518,19.54188,17.063467,17.525003,18.55911,15.219539,14.807757,14.952685,15.381315,15.384715,15.709384,0.7789694,1.9782386,6.9572825,0.6534147,25.681732,51.1765,24.023449,17.166584,20.706387,16.00611,16.812943,17.475863,15.975732,68.06
4446951.924,659549.7026,62.85724,0.90245396,0.6690801,22.970276,28.132286,28.145555,26.575924,19.982552,51.94519,50.104874,51.01765,54.323727,64.50768,25.564772,22.897478,21.605726,19.51009,16.299072,2.0785713,1.9140089,6.3567243,7.5544915,1378.95,338.6248,-0.040527344,0.35356414,-0.004516602,35,15,0.84787965,0.5027228,0.263552,0.29605526,0.30898356,1.01057,1.3441396,22.75121,20.955942,12.528619,16.294739,13.473916,16.390013,14.715107,16.768898,24.586876,26.865236,17.137331,20.297852,18.88267,19.897436,19.894917,21.019857,19.03151,16.302261,13.866768,13.262878,15.464007,20.57756,15.213844,15.648454,20.603085,15.075206,14.72178,13.945009,16.162931,16.79282,20.307077,16.121075,20.776577,16.928759,16.325758,16.701527,16.398062,13.528503,19.589823,17.101849,20.059347,16.825918,15.076613,14.90716,15.364825,14.600249,11.880076,15.8788185,0.785767,1.9962901,6.955608,0.6534147,25.551281,51.025032,24.231125,16.729935,21.080332,16.245546,16.801128,17.17843,15.530599,68.06
4446951.924,659554.7026,68.48218,0.9163002,0.668312,22.972654,27.847652,28.209335,26.727776,19.879412,51.784813,50.375607,50.656113,54.041183,64.51973,25.606003,23.017181,21.718315,19.711967,16.31454,2.095397,1.9305695,6.370264,7.561987,1378.97,321.01285,0.040039062,0.3871378,0,35,15,0.83953583,0.5044808,0.27283072,0.29464528,0.30927476,1.011136,1.3525596,22.77025,20.955942,12.528619,16.294739,13.473916,16.430157,14.85863,16.775417,24.12532,26.140833,17.117266,19.99105,18.869295,19.897436,19.519339,20.736502,19.052746,16.304907,13.869411,13.25065,15.481525,20.609951,15.216489,15.654816,20.558968,14.975928,14.6877165,13.852812,16.120165,16.79282,20.219238,16.062609,20.833324,16.891096,16.228125,16.567764,16.405066,13.573884,19.577995,17.059303,21.990406,18.613527,18.300451,15.469419,20.313635,21.982388,14.934635,18.638897,0.79230607,2.0129833,6.9661255,0.6549233,25.410152,51.080208,24.311592,16.758892,20.80865,16.255098,16.743948,17.153894,18.800638,68.06
4446951.924,659559.7026,65.03506,0.9233783,0.6648278,23.025904,27.482513,28.33736,26.926277,19.722641,51.726383,50.729225,50.13354,53.59481,64.10416,25.651733,23.376532,22.084658,20.015911,16.92235,2.0960033,1.9353402,6.3730297,7.5589094,1378.99,318.17984,-0.040039062,0.36554205,0,35,15,0.83953583,0.5044808,0.27283072,0.29464528,0.30927476,1.011136,1.3525596,23.146648,23.57576,13.367759,18.164625,14.666368,17.865341,16.297834,18.179167,23.962362,25.81249,16.892271,20.368757,18.750336,21.202848,18.922922,20.750118,19.034721,16.746145,14.053901,13.835266,14.364575,17.890614,17.660103,15.600326,20.180275,15.817799,14.918902,13.973559,14.306218,15.923706,21.527924,15.905357,21.137014,18.114431,17.766848,16.823217,15.517552,14.763263,19.969618,17.693808,23.518969,18.957739,16.022223,14.580472,16.60242,21.487516,17.850805,17.837383,0.794103,2.0156717,6.9659696,0.6549233,25.254208,51.227806,24.514133,18.154905,20.84457,16.226477,16.664055,17.72742,18.431448,68.06
4446951.924,659564.7026,65.437965,0.91141963,0.6480883,22.886269,26.817587,28.303078,26.465216,19.53358,51.900745,50.95453,50.277454,54.679893,65.49335,25.449705,23.482712,21.236177,19.537989,15.601949,2.0704818,1.9162862,6.3880777,7.5148673,1379.01,308.29016,-0.040039062,0.34708038,-0.004394531,35,15,0.83953583,0.5044808,0.27283072,0.29464528,0.30927476,1.011136,1.3525596,23.146648,23.57576,13.367759,18.164625,14.666368,17.865341,16.297834,18.179167,23.962362,25.81249,16.892271,20.368757,18.750336,21.202848,18.922922,20.750118,19.034721,16.746145,14.053901,13.835266,14.364575,17.890614,17.660103,15.600326,20.180275,15.817799,14.918902,13.973559,14.306218,15.923706,21.527924,15.905357,21.137014,18.114431,17.766848,16.823217,15.517552,14.763263,19.969618,17.693808,23.518969,18.957739,16.022223,14.580472,16.60242,21.487516,17.850805,17.837383,0.7797539,1.993384,6.9514723,0.6549233,24.851929,51.427635,24.46621,18.154905,20.84457,16.226477,16.664055,17.72742,18.431448,68.06
4446951.924,659569.7026,69.00247,0.90190357,0.63974655,22.76106,26.653952,28.30389,26.185158,19.233543,52.10112,50.83692,50.024014,54.899067,65.582405,25.352354,23.67136,21.363281,19.487492,15.628834,2.0443456,1.8879644,6.320843,7.41832,1379.04,302.00537,0.080078125,0.27052557,0.006713867,35,15,0.83953583,0.5044808,0.27283072,0.29464528,0.30927476,1.011136,1.3525596,23.914064,24.052763,14.14132,18.259768,14.237613,17.865341,16.328846,18.526312,24.09943,23.841032,16.9382,20.396412,18.493607,21.202848,18.831026,20.511683,18.39021,17.43766,14.838624,14.120737,15.53576,17.890614,16.431273,15.981399,18.863401,16.040842,14.840556,13.81086,15.663585,15.923706,20.565828,15.829946,18.443085,17.154737,17.264444,17.459784,16.50141,14.763263,20.305443,17.254858,19.327875,16.213411,16.113457,14.306414,20.449781,21.487516,18.648962,17.24246,0.770825,1.966155,6.8695817,0.6549233,24.707506,51.46902,24.511856,18.39996,20.543222,16.37784,16.529825,17.413166,18.078203,68.06
4446951.924,659574.7026,69.90653,0.8919127,0.6311826,22.63118,26.49514,28.28598,25.932705,18.953184,52.334293,50.77401,49.84545,55.091778,65.64545,25.235842,23.795048,21.469261,19.449121,15.668983,2.018224,1.8547213,6.253078,7.318698,1379.05,315,0,0.16196749,0,35,15,0.83953583,0.5044808,0.27283072,0.29464528,0.30927476,1.011136,1.3525596,23.68181,23.80538,13.752526,16.45361,13.454104,19.331388,16.84162,18.059483,22.879303,20.898664,16.424425,20.05637,18.42525,20.622742,17.209848,19.726818,17.390778,18.596102,13.49886,13.734426,14.5180435,19.32141,15.904148,15.484066,18.585503,18.054243,14.612072,14.047979,14.355237,18.23885,18.86147,15.878742,17.695765,18.301266,17.068974,16.78709,15.666199,16.049755,19.36492,17.015793,19.541008,16.508085,15.513242,16.581242,22.215033,22.462034,18.256784,17.921041,0.7615477,1.9364727,6.7858877,0.6549233,24.56316,51.554153,24.515446,18.188635,19.50237,16.13768,16.679337,17.276281,18.725348,68.06
4446951.924,659579.7026,68.9541,0.8830592,0.62118727,22.285416,25.883604,28.230455,25.775414,18.714106,52.564236,50.831936,49.746532,55.28485,65.73244,25.128538,23.724262,21.532732,19.395096,15.702021,1.9922713,1.8162335,6.1950264,7.230168,1379.06,324.38644,0.040527344,0.122811005,0.002197266,35,15,0.83953583,0.5044808,0.27283072,0.29464528,0.30927476,1.011136,1.3525596,23.68181,23.80538,13.752526,16.45361,13.454104,19.331388,16.84162,18.059483,22.879303,20.898664,16.424425,20.05637,18.42525,20.622742,17.209848,19.726818,17.390778,18.596102,13.49886,13.734426,14.5180435,19.32141,15.904148,15.484066,18.585503,18.054243,14.612072,14.047979,14.355237,18.23885,18.86147,15.878742,17.695765,18.301266,17.068974,16.78709,15.666199,16.049755,19.36492,17.015793,19.541008,16.508085,15.513242,16.581242,22.215033,22.462034,18.256784,17.921041,0.75212324,1.9042524,6.712597,0.6549233,24.08451,51.698086,24.4264,18.188635,19.50237,16.13768,16.679337,17.276281,18.725348,68.06
4446951.924,659584.7026,62.422153,0.8725701,0.61173993,22.100792,25.72654,28.115046,25.578983,18.679825,52.88887,51.070526,49.914326,55.41752,65.69482,24.910635,23.691677,21.141924,19.457676,15.558506,1.9733818,1.7826416,6.135187,7.148095,1379.06,348.58154,-0.03955078,0.07242367,-0.002197266,35,15,0.8456733,0.50302553,0.27417105,0.30342317,0.31041628,1.015908,1.4331608,23.340464,22.891542,12.975544,15.457687,12.41672,17.866158,16.115969,17.087595,24.04304,25.877645,17.42483,19.583149,18.130714,19.213064,18.067472,20.465206,17.997772,15.630946,15.106374,14.3649645,14.472774,17.115406,16.0049,15.7125435,18.102732,16.638315,16.209059,14.826121,14.517364,16.672565,17.287992,16.264902,16.761612,16.804121,18.269003,16.821018,15.585614,18.326958,16.222652,17.175386,21.523996,16.07913,19.551317,18.83583,21.418541,22.09017,19.722208,19.94576,0.742155,1.8780117,6.641641,0.6693969,23.913666,51.9797,24.301155,17.294868,20.334274,15.813304,16.322021,16.97014,19.888742,68.06
4446951.924,659589.7026,65.79286,0.8614428,0.59172356,21.941908,25.776964,28.131874,25.818714,18.259703,53.0905,51.406864,49.703598,54.7869,66.713295,24.823168,23.636013,21.572315,19.827019,15.09504,1.946869,1.7473531,6.06256,7.07991,1379.06,315,-0.07910156,0.08036571,-0.006591797,35,15,0.8456733,0.50302553,0.27417105,0.30342317,0.31041628,1.015908,1.4331608,23.667706,21.00116,11.608861,14.689535,14.089093,18.342377,15.352715,16.565823,24.13121,25.363138,16.260986,19.67118,19.220436,20.37118,17.345734,20.358109,18.418112,14.411453,13.942195,14.486035,15.381284,16.650326,13.929759,15.266898,18.346321,13.593938,14.618093,14.741066,14.288422,19.366302,16.851011,15.544887,18.029095,16.077444,16.554026,17.305168,14.514003,16.489553,16.699411,16.69296,21.945713,14.982402,19.228842,21.040752,15.60321,23.082764,16.96567,19.199919,0.7265832,1.847111,6.5712347,0.6693969,23.859436,52.24868,24.229591,16.964493,20.337694,15.317024,15.972165,16.5241,18.97848,68.06
4446951.924,659594.7026,66.9424,0.84631026,0.588264,21.503159,25.378885,28.036802,25.750092,17.781233,53.463768,51.950935,49.91294,55.035164,67.54932,24.698427,23.494106,21.627338,19.676374,14.900975,1.9217021,1.7125558,6.0704727,7.054341,1379.07,281.28296,-0.080566406,0.14566985,-0.004516602,35,15,0.8456733,0.50302553,0.27417105,0.30342317,0.31041628,1.015908,1.4331608,23.667706,21.00116,11.608861,14.689535,14.089093,18.342377,15.352715,16.565823,24.13121,25.363138,16.260986,19.67118,19.220436,20.37118,17.345734,20.358109,18.418112,14.411453,13.942195,14.486035,15.381284,16.650326,13.929759,15.266898,18.346321,13.593938,14.618093,14.741066,14.288422,19.366302,16.851011,15.544887,18.029095,16.077444,16.554026,17.305168,14.514003,16.489553,16.699411,16.69296,21.945713,14.982402,19.228842,21.040752,15.60321,23.082764,16.96567,19.199919,0.7172871,1.8171289,6.5624065,0.6693969,23.441021,52.70735,24.096268,16.964493,20.337694,15.317024,15.972165,16.5241,18.97848,68.06
4446951.924,659599.7026,69.66292,0.8249942,0.58411545,21.317793,25.213839,27.882643,25.685583,17.495264,53.944473,52.604385,50.354095,55.10469,67.848,24.461054,23.364319,21.48299,19.640015,14.773291,1.887347,1.6787121,6.0694804,7.049106,1379.09,264.80557,0.080078125,0.15836725,0.003295898,35,15,0.8456733,0.50302553,0.27417105,0.30342317,0.31041628,1.015908,1.4331608,23.36804,19.564087,10.059664,14.343478,13.745473,18.252382,14.88988,15.818451,23.199194,25.550499,16.23641,19.332647,18.88909,20.375023,17.561161,20.108744,17.183098,14.764877,15.242999,14.797315,16.636555,16.650326,15.891473,15.652198,17.600725,13.436976,15.658856,14.356069,15.787976,19.374676,17.470926,15.7703085,18.076424,16.158014,16.272562,16.598995,14.245465,16.489553,17.197527,16.459866,20.792906,13.406877,20.896069,20.58489,19.63598,23.082764,17.082674,19.636778,0.7045548,1.7830296,6.5592933,0.6693969,23.265816,53.27443,23.912685,16.317572,20.163433,15.88095,16.240885,16.434076,19.354595,68.06
4446951.924,659604.7026,69.14981,0.8030359,0.5801595,21.130865,25.046673,27.783579,25.662289,17.219505,54.46361,53.296547,50.77609,55.133347,68.15489,24.199179,23.239708,21.331167,19.627695,14.641288,1.8537084,1.6458023,6.0687423,7.0494223,1379.1,260.5377,-0.040039062,0.17442794,-0.001098633,35,15,0.8456733,0.50302553,0.27417105,0.30342317,0.31041628,1.015908,1.4331608,23.994709,19.769491,9.927662,14.015764,12.031367,20.07576,15.587673,15.858318,24.123451,22.09123,16.084173,19.442173,18.648962,20.582054,15.285481,19.565268,18.713064,15.155692,14.613721,15.38559,17.604567,17.554653,17.363848,16.278183,16.860691,15.0840645,14.364879,15.58093,16.331339,20.050327,19.108076,16.175486,16.80784,16.231802,15.2818575,17.016222,13.788241,16.343218,17.152369,16.076342,22.767683,16.580002,20.444004,20.600122,22.719816,22.101814,17.47345,20.597328,0.6915977,1.7497554,6.559082,0.6693969,23.088768,53.88008,23.719444,16.48606,19.46536,16.627304,16.768616,16.088793,20.38384,68.06
4446951.924,659609.7026,66.778275,0.789732,0.5785155,20.85207,24.756172,27.689392,25.560028,17.189802,55.064934,53.99703,51.255882,55.56835,68.054,23.85048,23.483536,21.08044,19.353752,14.470439,1.8257498,1.6115557,6.0510564,7.0465436,1379.12,257.00537,0.080078125,0.19129118,0.003295898,35,15,0.8456733,0.50302553,0.27417105,0.30342317,0.31041628,1.015908,1.4331608,23.994709,19.769491,9.927662,14.015764,12.031367,20.097538,15.478935,15.860133,24.8058,22.434944,16.46978,19.75484,19.092216,21.38745,15.960645,20.022852,18.438793,15.125637,14.590611,15.374812,17.461632,17.396563,17.396238,16.194614,16.958931,15.162442,14.4212,15.618523,16.412338,20.273273,19.720396,16.25328,21.074774,18.9835,18.46328,19.859844,17.992884,18.78724,17.00383,19.253466,22.84674,16.6279,20.52051,20.676626,22.79632,22.191105,17.545252,20.669237,0.68412375,1.7186527,6.5488,0.6693969,22.804121,54.530983,23.667007,16.473639,19.986525,16.540613,16.938158,18.880764,20.457779,68.06
4446951.924,659614.7026,67.3971,0.7722106,0.57558584,20.688293,24.657326,27.721195,25.64538,16.984463,55.650505,54.65108,51.583584,55.468376,68.286674,23.518608,23.434254,20.94315,19.42134,14.375793,1.8032064,1.5799419,6.036043,7.0428853,1379.13,251.56505,-0.040039062,0.13602132,0,35,15,0.8339592,0.52005893,0.28084373,0.33300707,0.3100277,1.0227883,1.4994522,24.58676,20.815866,9.008301,14.388087,12.104917,20.002121,16.243464,15.963719,26.354376,22.987051,17.265123,20.755816,19.298508,22.388763,17.538889,21.092203,20.3247,16.551931,15.424916,16.441523,17.784824,18.802395,18.256598,17.352608,18.552216,16.111418,14.702296,15.950148,15.128247,19.749777,22.122053,16.62027,19.084717,19.804712,19.472452,20.165754,18.247633,19.6907,19.041985,19.59403,22.482426,21.064516,21.199425,21.877924,21.342627,20.907684,23.168823,21.643057,0.6738982,1.6915741,6.539464,0.68573385,22.67281,55.150795,23.47643,16.735645,20.94122,17.65527,17.473738,19.35828,21.72049,68.06
4446951.924,659619.7026,72.678444,0.7566345,0.57287604,20.528662,24.568562,27.784689,25.744612,16.836788,56.2324,55.163624,51.887825,55.358543,68.48585,23.184605,23.409206,20.809814,19.49487,14.294748,1.7828426,1.5517197,6.017336,7.0380335,1379.14,261.8699,-0.080078125,0.20276815,-0.006713867,35,15,0.8339592,0.52005893,0.28084373,0.33300707,0.3100277,1.0227883,1.4994522,24.214596,21.558167,10.137775,13.962595,12.131864,17.506279,16.77343,16.060808,26.538017,24.109426,16.764894,20.350697,19.02083,22.167019,17.11371,20.932413,20.341635,20.335451,15.305417,14.789004,17.254824,17.906284,17.058142,17.29631,18.303822,18.785528,15.998592,14.284233,14.709044,18.314693,19.572462,16.474941,19.00722,21.21236,18.81008,19.286234,18.494926,19.142685,16.718874,19.231085,23.021523,23.200104,20.45058,20.13173,21.605034,21.27304,21.72879,21.426538,0.6647552,1.6672812,6.5276847,0.68573385,22.54861,55.698013,23.296906,16.6121,20.86637,17.570108,17.13834,18.953197,21.630114,68.06
4446951.924,659624.7026,70.1899,0.7408597,0.56341267,20.36078,24.111153,27.794786,25.399822,16.843039,56.750572,55.012627,52.18967,56.33616,69.50115,22.899118,23.318499,20.716782,18.969858,13.313025,1.7526982,1.5373285,6.009242,7.037085,1379.17,264.27554,0.080566406,0.28749055,0.004516602,35,15,0.8339592,0.52005893,0.28084373,0.33300707,0.3100277,1.0227883,1.4994522,24.168627,21.320534,10.224779,13.873419,12.146454,17.79486,17.26158,16.045063,27.128857,25.579363,17.332033,21.146564,19.526108,22.397408,17.649857,21.62551,20.966827,20.437128,15.473794,14.966948,17.559822,18.418806,17.91376,17.597572,19.745575,17.75583,15.806285,14.118274,14.985749,18.82933,19.217592,16.676483,18.850573,20.902794,18.688368,19.184967,18.366875,18.958134,16.616293,19.0769,23.006546,23.185125,20.438162,20.12258,21.596533,21.222042,21.712654,21.411226,0.6521362,1.6450133,6.523164,0.68573385,22.235966,55.8816,23.108809,16.684322,21.537169,17.96244,17.208376,18.795427,21.611952,68.06
4446951.924,659629.7026,69.36733,0.73708284,0.56214064,20.228704,24.1131,27.769909,25.26383,16.984076,57.10744,54.459793,52.533127,56.519222,69.556244,22.748438,23.49461,20.618198,18.840721,13.292841,1.7213082,1.5380012,6.0072083,7.0386806,1379.19,270,-0.2006836,0.5441257,-0.016723633,35,15,0.8339592,0.52005893,0.28084373,0.33300707,0.3100277,1.0227883,1.4994522,23.757772,21.490738,11.780404,15.591009,12.114528,17.876152,16.138182,16.610712,27.065147,26.958351,17.455168,20.529562,19.616419,22.660141,19.545763,21.911367,21.749077,21.196054,17.863634,15.374533,18.164465,18.430744,20.001966,18.686438,19.953453,19.651459,16.136591,14.556824,16.122055,19.538492,20.097101,17.426722,19.025032,19.846727,18.501127,18.409863,17.67447,18.054802,19.299208,18.685366,23.425022,24.144636,22.466131,17.670229,20.975737,20.238697,23.530783,21.539469,0.6496117,1.6296546,6.5229445,0.68573385,22.170902,55.783615,23.121525,16.964113,21.975794,18.96864,18.007996,18.687317,21.778748,68.06
4446946.924,659309.7026,50.805855,0.80087686,0.6798544,23.411121,31.951294,28.39835,25.265556,21.79748,49.440258,42.71087,47.398926,59.068096,65.55255,26.957539,25.214354,24.196505,15.759493,13.112279,1.7553868,1.9057369,5.879173,7.2920713,1377.91,36.869896,0.20019531,0.28675628,0.014404297,35,15,0.7900394,0.4855911,0.23177512,0.27271524,0.3072061,1.0350717,0.79773384,23.547102,19.548489,9.658927,14.667303,15.499814,16.535883,17.719294,15.994781,25.557468,26.654572,17.17384,20.340334,20.713428,21.211742,20.040903,21.430037,18.260609,15.793179,13.701892,13.435951,15.783799,17.709394,16.389956,15.416951,13.630487,12.82108,12.778824,12.808841,14.456856,13.669878,16.329206,13.336818,14.968864,13.565179,11.205821,12.372233,12.063643,14.055793,15.350456,12.94476,19.24215,19.402098,16.714457,17.33643,18.148552,18.22332,18.703821,18.090488,0.7403656,1.8305619,6.585622,0.56001896,27.681208,46.07556,26.085945,16.739544,21.670328,15.867826,13.785026,13.368856,18.252974,68.06
4446946.924,659314.7026,52.82681,0.7943561,0.6638242,23.443623,32.04589,28.427412,25.28445,21.945509,49.14822,42.412228,47.34753,58.76143,65.48011,27.227442,25.272074,24.21042,15.91951,13.135924,1.7549821,1.9188157,5.9168596,7.28596,1377.88,54.870937,0.080078125,0.4731146,0.0078125,35,15,0.85083765,0.49311626,0.26348212,0.27659345,0.3090249,1.0039994,1.403559,22.813643,19.35054,9.313268,14.454653,13.421647,13.623507,15.930463,15.12449,24.598183,27.275331,16.350767,20.83431,19.565199,19.880743,18.991316,20.897219,18.683243,14.92027,13.96854,14.842946,14.68134,18.431942,15.302188,15.572945,13.946009,9.647157,10.079919,9.270284,12.65905,12.367326,13.62196,11.121081,13.840155,11.6498995,10.174306,10.017489,15.318423,10.220695,15.521012,11.84547,18.111147,17.067142,15.1519575,15.923184,16.193708,16.497686,16.368303,16.259699,0.72909015,1.8368989,6.60141,0.6572304,27.744757,45.780224,26.249758,15.558246,21.070835,15.832923,11.655958,12.391711,16.473305,68.06
4446946.924,659319.7026,58.575283,0.81968844,0.6515745,24.038357,32.437607,28.185041,26.841295,22.876205,48.723503,41.903893,48.419003,56.396572,63.609566,27.607756,25.763369,23.366364,16.930752,13.8040695,1.7681577,1.929212,5.9444714,7.2833934,1377.84,62.81808,0.119140625,0.59555817,0.006591797,35,15,0.85083765,0.49311626,0.26348212,0.27659345,0.3090249,1.0039994,1.403559,22.813643,19.35054,9.313268,14.454653,13.421647,13.623507,15.930463,15.12449,24.598183,27.275331,16.350767,20.83431,19.565199,19.880743,18.991316,20.897219,18.683243,14.92027,13.96854,14.842946,14.68134,18.431942,15.302188,15.572945,13.946009,9.647157,10.079919,9.270284,12.65905,12.367326,13.62196,11.121081,13.840155,11.6498995,10.174306,10.017489,15.318423,10.220695,15.521012,11.84547,18.111147,17.067142,15.1519575,15.923184,16.193708,16.497686,16.368303,16.259699,0.73563147,1.8486848,6.6139326,0.6572304,28.237982,45.313698,26.685562,15.558246,21.070835,15.832923,11.655958,12.391711,16.473305,68.06
4446946.924,659324.7026,52.66116,0.8192496,0.6382262,24.141958,32.59619,29.31157,26.349047,23.141342,48.133286,41.58776,47.24844,56.102707,62.20068,28.247074,26.004381,23.41828,17.501541,14.685311,1.8183702,1.9622918,5.9824595,7.2617264,1377.78,67.74788,-0.119628906,0.6810338,-0.003295898,35,15,0.85083765,0.49311626,0.26348212,0.27659345,0.3090249,1.0039994,1.403559,23.347122,19.416376,10.210725,15.72135,11.062373,14.603366,14.949416,15.417905,25.028215,27.607605,16.594727,20.691355,19.015734,20.80997,20.547098,21.251612,19.704836,17.557396,15.198544,15.752856,14.1416445,18.528517,15.684788,16.514677,13.688472,10.228107,10.129467,8.745546,10.460514,13.249418,12.490696,10.803706,14.580957,13.656636,11.701839,12.672365,15.217517,15.59135,16.13244,13.613174,18.095299,17.69541,15.550927,16.905945,16.22326,18.00954,17.482653,16.83135,0.7287379,1.890331,6.622093,0.6572304,28.369076,44.860523,27.125729,15.615817,21.470673,16.652655,11.284602,14.221871,17.137575,68.06
4446946.924,659329.7026,53.268883,0.8027994,0.6226239,24.245132,32.919662,29.33044,26.574038,23.340887,47.519344,41.14087,45.68547,55.561436,62.303543,28.956043,26.33899,24.993902,17.808556,14.559063,1.8820221,1.9668908,6.036816,7.265004,1377.73,66.49754,0.079589844,0.7185986,0.002197266,35,15,0.85083765,0.49311626,0.26348212,0.27659345,0.3090249,1.0039994,1.403559,23.022486,20.269964,10.904061,16.07823,13.372055,18.853468,12.727748,16.416513,25.432331,26.981796,16.695736,20.958033,19.499254,21.323513,20.647593,21.381187,21.478329,18.02771,15.2564535,15.13329,18.324991,17.900139,15.814771,17.249035,14.812487,10.637618,9.077014,8.589724,14.158305,12.294718,12.586532,11.189322,14.913016,15.328205,11.825374,11.403948,15.192383,15.4654255,13.249797,13.404743,18.961962,17.743223,15.070396,16.17168,16.16305,15.9428,16.527641,16.486303,0.7127117,1.9244565,6.6509104,0.6572304,28.582397,44.33011,27.647516,16.461145,21.648321,17.419384,11.736629,13.911163,16.654394,68.06
4446946.924,659334.7026,51.54562,0.8167678,0.6217632,24.263918,32.874878,29.394382,26.611624,23.433681,46.82336,40.90532,45.591297,55.05929,62.114365,29.737902,26.515163,25.017326,18.228596,14.857008,1.9588027,1.9785874,6.087045,7.250684,1377.67,60.25153,-0.0390625,0.69276214,-0.003295898,35,15,0.85083765,0.49311626,0.26348212,0.27659345,0.3090249,1.0039994,1.403559,23.022486,20.269964,10.904061,16.07823,13.372055,18.853468,12.727748,16.416513,25.432331,26.981796,16.695736,20.958033,19.499254,21.323513,20.647593,21.381187,21.478329,18.02771,15.2564535,15.13329,18.324991,17.900139,15.814771,17.249035,14.812487,10.637618,9.077014,8.589724,14.158305,12.294718,12.586532,11.189322,14.913016,15.328205,11.825374,11.403948,15.192383,15.4654255,13.249797,13.404743,18.961962,17.743223,15.070396,16.17168,16.16305,15.9428,16.527641,16.486303,0.7192655,1.968695,6.6688643,0.6572304,28.569397,43.86434,28.126534,16.461145,21.648321,17.419384,11.736629,13.911163,16.654394,68.06
4446946.924,659339.7026,56.861103,0.8358145,0.62459385,24.27657,32.506428,30.224365,26.570831,23.089903,46.004875,40.675335,45.534916,54.056408,61.993984,30.614964,26.862507,24.224684,19.219444,15.523254,2.0463843,1.9984523,6.1165886,7.2228403,1377.62,50.71521,-0.12011719,0.6108257,-0.006713867,35,15,0.85083765,0.49311626,0.26348212,0.27659345,0.3090249,1.0039994,1.403559,23.350008,19.437761,10.80166,14.019041,13.393626,18.853468,14.986249,15.915174,24.642736,26.39599,17.351622,20.971424,19.080538,21.31215,20.27041,21.289839,19.156937,15.817108,17.414381,14.62546,16.459932,17.847195,16.180586,16.78195,11.636185,9.334286,11.602883,9.150858,10.549296,12.294718,14.179263,10.794267,14.468115,14.0406885,12.763423,12.675171,12.228592,15.4654255,13.925617,13.29853,17.374096,17.720184,15.529683,16.849667,17.673437,15.9428,17.076445,16.663645,0.73020416,2.0224183,6.6697145,0.6572304,28.391499,43.340103,28.738735,16.405973,21.432125,16.785944,11.249641,13.652433,16.880903,68.06
4446946.924,659344.7026,55.963306,0.86795974,0.632231,24.741049,32.367695,29.975838,26.848185,23.179138,44.898373,40.16888,45.829834,53.631203,61.750786,31.538475,27.429996,24.16701,19.49464,15.779208,2.1465957,2.017528,6.185739,7.227964,1377.59,45,0.07910156,0.5872677,0.003295898,35,15,0.8428825,0.49068457,0.2506953,0.271799,0.3089874,1.0088086,1.3544521,22.98836,20.009832,13.208451,16.51202,16.536592,20.47488,16.697681,17.668196,24.903492,26.109537,17.650475,21.484312,20.985014,22.329868,20.210691,21.797922,14.1220255,12.267953,12.406277,11.347036,13.417752,16.011497,14.083244,12.864963,11.93638,8.92377,11.069817,8.127277,10.41538,15.689276,12.629294,10.632173,15.85186,16.110094,12.377223,13.901787,14.929135,15.810696,15.725078,14.316853,18.562115,18.129782,16.16369,15.865689,16.829245,17.7874,17.262281,16.934248,0.75009537,2.0820618,6.7068515,0.6469014,28.55437,42.533627,29.484236,18.061115,21.953342,13.379397,11.255884,14.95798,17.228601,68.06
4446946.924,659349.7026,73.88808,0.8892224,0.6401469,24.853617,32.348248,30.094955,26.894857,23.24372,43.79263,39.55845,45.563805,52.992817,61.512108,32.44899,27.756418,24.284475,20.110676,16.154642,2.2451534,2.0359695,6.22386,7.211981,1377.55,40.909054,-0.0390625,0.5684411,-0.003295898,35,15,0.8428825,0.49068457,0.2506953,0.271799,0.3089874,1.0088086,1.3544521,21.356754,19.382227,13.178737,16.25916,16.30917,18.972841,16.45363,17.079542,24.968132,26.11334,17.65734,21.48321,20.981333,22.350458,20.230057,21.81191,14.70604,13.000989,12.800563,11.8236265,13.895114,16.378166,14.625062,13.372859,13.033395,11.622823,13.570735,10.857247,13.046567,16.862759,14.5304365,12.837078,18.884941,19.450247,15.256096,16.376999,18.320541,18.117561,19.07579,17.2246,18.356277,17.921396,15.95021,15.649149,16.631052,17.589207,17.06409,16.725863,0.7646847,2.1405616,6.7179203,0.6469014,28.600933,41.675537,30.102703,17.416075,21.969126,13.889937,13.360565,17.926025,17.023054,68.06
4446946.924,659354.7026,75.229294,0.9292909,0.6475574,24.66924,31.83563,32.30631,28.36624,24.21433,42.695427,38.911774,41.08609,50.025154,58.755775,33.183495,29.119257,26.642584,21.769808,17.337214,2.354006,2.0726082,6.294037,7.1811404,1377.52,25.006687,-0.16015625,0.47442684,-0.008911133,35,15,0.8428825,0.49068457,0.2506953,0.271799,0.3089874,1.0088086,1.3544521,22.577332,19.986914,13.01302,14.150739,16.175903,17.916946,16.690367,16.853214,25.844843,26.461578,17.193296,21.063251,21.16494,23.585907,20.141027,21.879738,18.826202,17.072569,11.787683,10.986586,14.808032,17.527935,15.81973,14.328885,15.45733,15.2026415,13.000815,11.339088,14.8667145,15.1692505,15.152261,13.789172,19.590221,19.549383,14.806998,16.155094,19.873453,20.887646,21.100388,17.854464,18.558548,21.851744,17.193258,15.94413,17.696005,17.311434,18.054802,17.857141,0.78842413,2.2133071,6.737589,0.6469014,28.252436,40.8036,31.151375,17.215889,22.207834,15.261248,14.312586,18.851883,18.087132,68.06
4446946.924,659359.7026,75.375786,0.94941103,0.6508898,24.93217,31.846855,32.37745,28.321192,24.155346,41.70316,38.430717,40.88253,49.985664,58.72835,33.61732,29.364962,26.747162,21.876947,17.405317,2.430015,2.0860584,6.326854,7.1779995,1377.52,17.354025,0.16015625,0.48068383,0.008911133,35,15,0.8428825,0.49068457,0.2506953,0.271799,0.3089874,1.0088086,1.3544521,22.228031,19.633669,12.114155,14.365252,16.277075,18.617554,14.690659,16.636831,25.811838,26.063812,16.528664,20.508944,20.701065,24.265312,19.91877,21.482515,17.408943,14.404546,9.502704,12.458043,15.512755,21.922201,17.997248,14.015138,14.286996,13.712886,11.870355,12.204761,15.449387,14.819515,16.218796,13.431689,19.914898,18.217888,14.393394,15.985484,19.773438,19.113384,20.843346,17.415274,18.936787,19.64556,17.164747,17.420174,19.164268,17.075506,20.328613,18.344202,0.8001504,2.2580366,6.752427,0.6469014,28.389513,40.06694,31.491142,16.846628,21.9712,15.60092,14.080385,18.320261,18.533665,68.06
4446946.924,659364.7026,73.284676,0.96648073,0.65109473,25.173279,31.83113,32.42529,28.245243,24.1204,40.88488,38.080666,40.713074,50.032104,58.701187,33.927563,29.557604,26.83986,21.940586,17.458204,2.4948788,2.0933378,6.356739,7.1764536,1377.5,13.24052,0,0.5007897,-0.002197266,35,15,0.8428825,0.49068457,0.2506953,0.271799,0.3089874,1.0088086,1.3544521,22.894142,20.387978,12.856345,14.905627,16.847685,18.739542,15.103279,17.240753,25.815762,26.063812,18.484198,22.537868,21.656487,26.431946,22.807617,22.69473,17.823875,15.211995,10.027482,13.136579,17.094122,24.079275,19.602232,14.8715315,18.231855,16.274977,11.896859,13.954181,17.25248,18.69654,19.607573,15.554967,19.211864,17.514206,13.724972,15.250917,19.137695,18.412285,20.142242,16.722895,18.93197,19.646627,17.181826,17.442387,19.14583,17.060621,20.31616,18.348307,0.8087877,2.2941084,6.7665963,0.6469014,28.502205,39.482773,31.742584,17.390657,23.399672,16.710794,16.55921,17.62774,18.532202,68.06
4446946.924,659369.7026,80.647194,0.9802246,0.6456722,25.177963,31.906107,32.43144,28.07068,23.897114,40.286278,37.781685,40.616367,50.287746,59.40103,34.124786,29.870989,26.909199,21.88118,17.054373,2.5599067,2.0962796,6.3641644,7.1575685,1377.49,358.26428,-0.16015625,0.4733582,-0.0078125,35,15,0.8428825,0.49068457,0.2506953,0.271799,0.3089874,1.0088086,1.3544521,23.490349,20.047869,12.399753,15.915196,15.873268,17.00343,15.398755,17.122614,24.157991,24.518517,19.36481,21.40837,21.222078,25.022041,22.326181,22.129591,18.272572,12.966767,14.322925,11.935811,16.65332,17.266224,19.177174,14.857231,19.50653,14.434544,13.9697275,13.554814,17.558956,17.063202,18.770107,15.738103,20.764832,18.316889,15.565224,16.768398,19.657942,20.91519,21.38967,18.166397,19.671803,16.574392,16.928614,17.583841,17.577827,19.574032,18.382883,17.822832,0.8129484,2.328093,6.760866,0.6469014,28.542034,39.03398,31.997887,17.16123,22.574286,15.799255,16.408268,19.05402,18.041912,68.06
4446946.924,659374.7026,69.39815,0.9899864,0.6387278,25.319674,31.799974,32.396034,27.88637,23.885822,39.939648,37.78065,40.57877,50.56483,59.39596,34.19979,29.956371,26.957447,21.863564,17.076431,2.60045,2.087829,6.3774753,7.160899,1377.5,345.96375,0,0.47292376,-0.004394531,35,15,0.8312511,0.49282578,0.26467192,0.2806153,0.30870363,1.0109676,1.3480704,20.773228,20.547224,12.674134,16.837992,17.708715,16.528093,15.515265,17.181612,25.542353,26.209259,20.70456,22.731865,24.458199,26.174528,23.806503,23.717178,20.065617,12.265132,12.955781,11.887712,22.32834,17.04289,19.95711,15.407329,19.94135,14.428348,13.9650755,13.38248,20.905548,15.852592,18.991209,16.086649,20.394707,17.387245,14.90176,17.945467,20.615097,17.208729,20.599905,17.775848,21.30527,13.360638,16.776478,17.311438,20.222261,17.48689,18.339132,17.754913,0.8143571,2.3441396,6.769187,0.64815795,28.559824,38.86015,32.07808,17.226377,24.232466,16.643225,16.780943,18.436129,17.828873,68.06
4446946.924,659379.7026,70.820885,0.9956258,0.6297071,25.277308,31.122715,31.98684,27.864649,23.939098,39.911503,38.200882,41.320667,50.608078,58.73979,34.10701,30.006441,26.610125,21.924257,17.55967,2.6214762,2.0614407,6.3854322,7.1616535,1377.51,334.99332,-0.12011719,0.47442684,-0.0078125,35,15,0.8312511,0.49282578,0.26467192,0.2806153,0.30870363,1.0109676,1.3480704,20.717867,20.227299,12.449676,16.527164,17.611599,16.47389,15.450211,16.991257,25.542353,26.209259,20.707748,22.723713,24.458199,26.174528,23.806503,23.716278,20.439192,12.037289,12.783418,11.71636,22.606089,16.831118,20.130697,15.371582,16.111727,12.089183,13.537341,12.675241,18.007786,11.683507,16.062737,14.013995,21.095808,18.090925,15.608472,18.680033,21.318777,17.909832,21.301008,18.485971,21.30527,13.360638,16.776478,17.311438,20.222261,17.48689,18.339132,17.754913,0.8126664,2.3414583,6.773543,0.64815795,28.200012,39.05619,32.056725,17.065388,24.231756,16.649166,14.309647,19.14355,17.828873,68.06
4446946.924,659384.7026,76.07939,1.004432,0.6206061,25.437052,30.846975,32.615917,27.643702,24.377047,40.01552,38.567223,41.1311,49.67501,57.68992,33.790787,30.025536,26.032326,22.829025,17.963102,2.6446111,2.0574408,6.418395,7.1857066,1377.53,327.24835,-0.119628906,0.47671476,-0.0078125,35,15,0.8312511,0.49282578,0.26467192,0.2806153,0.30870363,1.0109676,1.3480704,23.653608,19.12015,12.446622,14.228839,16.31829,15.529715,14.4038515,16.584684,26.192707,25.809927,17.258692,20.862919,20.82342,20.80981,21.081827,21.67151,18.79358,14.009628,13.065434,11.583906,14.985436,17.74329,19.55203,14.589049,14.387033,13.170895,14.79017,12.255191,14.918903,12.760448,17.434015,13.974792,20.174255,18.261728,16.169828,16.357723,20.94606,17.507706,21.817144,18.042288,20.804628,16.609076,17.447313,17.838375,18.759779,14.925185,20.74367,17.983,0.8125191,2.351026,6.8020506,0.64815795,28.142014,39.29137,31.908161,16.528727,21.834185,15.676187,14.245236,18.747776,18.161146,68.06
4446946.924,659389.7026,73.08308,0.99395776,0.6156239,25.403687,30.606468,32.54678,27.624949,24.28603,40.41332,39.113953,41.533398,49.7062,57.77215,33.439957,29.910547,25.754736,22.853905,17.944675,2.6089373,2.0373418,6.416859,7.192319,1377.56,317.12396,-0.0390625,0.5470937,-0.005493164,35,15,0.8312511,0.49282578,0.26467192,0.2806153,0.30870363,1.0109676,1.3480704,23.757164,20.11123,12.614764,15.279097,16.957457,14.034828,17.346996,16.955376,25.538813,26.716864,17.263292,20.510519,20.444183,20.587719,20.527185,21.456156,14.235344,13.296056,11.589608,11.620854,9.548503,18.067204,15.342529,12.529464,14.384361,12.267419,12.368213,11.915449,12.355153,12.144665,15.658666,12.596343,19.21996,18.20186,15.829276,15.483706,20.765373,16.081099,21.455454,17.351755,17.910244,16.161043,18.01177,16.811329,18.68037,15.591455,19.047052,17.385029,0.80479085,2.3231397,6.8045893,0.64815795,28.005077,39.763634,31.675251,17.157362,21.655512,13.385728,13.013418,18.148104,17.45904,68.06
4446946.924,659394.7026,66.524994,0.996902,0.61873454,25.712824,30.428333,32.443035,27.665722,24.035915,40.83875,39.45877,41.46666,49.40439,57.4273,33.123386,30.136627,26.043646,23.128115,18.567476,2.565394,2.02164,6.4181533,7.1976986,1377.6,301.37848,-0.080566406,0.6877072,-0.0078125,35,15,0.8312511,0.49282578,0.26467192,0.2806153,0.30870363,1.0109676,1.3480704,23.685469,18.642366,9.45941,12.839396,15.013246,13.419588,15.701835,15.09093,25.929287,27.118172,17.26026,20.728619,20.398466,21.016903,20.498072,21.646128,17.4384,16.718363,14.60241,14.704104,13.015891,18.5313,18.148874,15.552017,13.400206,9.751447,10.291226,9.285879,10.189815,10.316785,14.442338,10.622198,17.148104,14.472415,12.6509695,12.164957,17.523493,12.594332,19.314894,14.305747,18.116081,16.369427,18.23343,17.031141,18.889467,15.792028,19.252281,17.597702,0.8078183,2.293517,6.807926,0.64815795,28.07058,40.148758,31.630007,15.53733,21.84997,16.16562,11.096814,15.1241665,17.669123,68.06
4446946.924,659399.7026,74.61775,0.98942924,0.61489916,25.636734,30.158571,32.437454,27.345354,23.957348,41.38722,40.150467,41.643356,49.733486,57.7989,32.700638,29.935463,25.92653,23.078611,18.276344,2.5395439,2.0035048,6.4009814,7.1990876,1377.66,291.0321,-0.07910156,0.7979873,-0.004394531,35,15,0.8312511,0.49282578,0.26467192,0.2806153,0.30870363,1.0109676,1.3480704,23.287949,17.866922,9.583781,13.928174,13.460692,14.509147,16.111206,15.083511,25.792992,27.063795,16.96419,20.565554,20.043295,22.711273,20.264257,21.606337,16.866716,19.01856,14.115765,15.152855,16.22321,19.211535,18.36437,16.15704,13.107804,12.235007,10.41627,9.290339,11.903659,10.837622,16.4374,11.17629,17.279766,17.479399,13.09248,12.110383,15.722984,15.203393,19.918245,14.796284,17.086458,19.81726,16.059381,17.29915,18.422632,16.358387,16.662172,17.33024,0.8021642,2.2715244,6.8000345,0.64815795,27.897652,40.768845,31.31805,15.53541,21.91505,16.993288,12.032586,15.829521,17.38649,68.06
4446946.924,659404.7026,76.25094,0.9764476,0.60490835,25.262215,29.65523,32.035385,27.171816,24.068552,42.0808,40.990723,42.911137,50.190815,58.022392,32.17698,29.637411,25.067501,22.84155,17.95769,2.5073125,1.982826,6.387133,7.2006884,1377.73,286.50305,-0.000488281,0.80691373,0,35,15,0.84647715,0.49411312,0.265459,0.27773136,0.30905366,1.0129018,1.4233682,23.492384,17.49652,10.802648,14.036097,13.329582,13.935894,16.663479,15.334325,25.926983,26.608297,17.050344,20.888126,19.265875,22.516516,20.48623,21.547066,17.880014,17.459534,14.855756,16.07596,13.25487,17.216476,16.94058,15.971058,12.91902,10.32696,11.137555,9.855675,9.630923,10.18424,15.427615,10.865876,16.615702,14.413803,13.35868,13.556654,13.987256,14.54916,16.384626,14.398777,17.830187,18.09168,16.11713,17.764559,17.75617,17.04206,16.364035,17.323559,0.79067796,2.2450693,6.793911,0.66130066,27.458721,41.53576,30.907196,15.679515,21.820341,16.240456,11.354569,14.6951275,17.280832,68.06
4446946.924,659409.7026,68.93908,0.9681717,0.60068244,25.182259,29.237745,31.704546,26.43091,23.559404,42.792778,41.751762,43.714233,51.59161,59.35926,31.690016,29.29827,24.641462,22.212763,17.243143,2.464883,1.9655946,6.356663,7.1993246,1377.8,283.0064,0.080566406,0.7644407,0.004516602,35,15,0.84647715,0.49411312,0.265459,0.27773136,0.30905366,1.0129018,1.4233682,23.507935,17.526852,10.8235445,14.060806,13.3397875,13.951204,16.673687,15.354908,25.394667,26.122162,16.964676,20.677288,19.030094,22.24681,20.097767,21.26475,17.868784,17.71321,15.077388,16.344942,13.416286,17.358189,16.47242,16.154259,13.831032,11.156156,11.933648,10.940486,10.519723,11.113905,15.862473,11.785209,15.523924,12.905856,12.053782,12.248751,12.345111,13.472408,16.417963,13.071625,17.73146,17.967712,15.996993,17.646723,17.624537,16.910427,16.259699,17.204115,0.78442705,2.2152388,6.777994,0.66130066,27.210003,42.27227,30.494143,15.697688,21.50478,16.321602,12.193917,13.566828,17.162508,68.06
4446946.924,659414.7026,66.990524,0.96375453,0.6191457,24.901623,28.821598,31.089012,26.480242,23.949387,43.83627,42.483807,45.2229,52.18595,59.127483,30.924404,28.83682,23.819984,21.52653,16.621023,2.4018006,1.9606981,6.4148006,7.226517,1377.86,279.099,-0.000488281,0.7252856,0,35,15,0.84647715,0.49411312,0.265459,0.27773136,0.30905366,1.0129018,1.4233682,22.976435,17.16865,9.941789,13.305372,12.638367,16.607323,14.886571,14.914208,25.526724,26.220697,16.772127,20.749092,19.154102,20.764046,19.676699,21.122192,19.31199,16.760656,14.568649,16.043814,15.242801,17.234037,17.890703,16.375586,13.940444,9.596541,10.9790125,10.679933,11.566928,11.80187,14.231366,11.47794,18.240477,11.758647,10.63417,11.069699,12.311703,12.139031,15.129722,12.6224375,19.51652,16.646872,15.038148,15.819975,16.445929,16.760277,18.15769,16.580873,0.79145014,2.1812494,6.8206587,0.66130066,26.86161,43.160038,29.880611,15.360643,21.266214,16.721807,11.828013,13.040492,16.912203,68.06
4446946.924,659419.7026,70.09205,0.9342171,0.6241515,24.659248,29.093243,30.778725,25.915041,23.985,45.097836,43.018925,45.974358,52.866596,58.730156,30.176449,28.044504,23.485981,21.33822,16.67849,2.3009634,1.9613463,6.420581,7.250531,1377.92,274.57837,-0.03955078,0.7184522,-0.003295898,35,15,0.84647715,0.49411312,0.265459,0.27773136,0.30905366,1.0129018,1.4233682,23.29778,19.378315,12.496666,14.89487,13.287132,16.148256,16.264284,16.382504,25.167099,25.515284,17.534086,21.529192,19.55501,21.019115,19.281115,21.441933,17.445658,15.37256,14.384013,15.123404,16.583553,18.223248,18.721441,16.012238,13.754866,11.348889,12.4856415,12.494665,14.700263,13.972479,17.995394,13.176955,14.584238,10.744916,10.704361,10.298143,14.565208,13.221335,17.278402,12.110614,16.63478,17.097296,15.818199,16.24359,19.55556,17.672417,20.069363,17.02071,0.77918434,2.1311548,6.835556,0.66130066,26.876245,44.05838,29.110477,16.538185,21.371555,16.550556,13.821742,13.056658,17.584457,68.06
4446946.924,659424.7026,71.463936,0.9043591,0.62517965,24.131172,28.884333,30.213182,25.621847,24.01437,46.46913,43.81225,47.47393,53.49745,58.013756,29.227192,27.068317,22.678137,20.993872,17.007273,2.211966,1.9616421,6.396224,7.2650228,1377.98,269.0061,-0.16064453,0.8164555,-0.012207031,35,15,0.84647715,0.49411312,0.265459,0.27773136,0.30905366,1.0129018,1.4233682,23.450974,19.539717,12.7321205,15.117764,13.339185,16.183815,16.27217,16.54431,27.945864,28.038424,18.479069,23.142445,20.918663,22.445734,20.589567,23.167906,16.766876,14.9790535,13.947388,14.90347,15.963613,18.088156,18.347517,15.58052,13.908571,11.2644415,12.55227,12.339006,14.546936,13.412407,17.239073,13.074742,14.090601,9.933561,10.520652,9.959169,14.17068,12.999962,16.517282,11.705474,15.857709,16.143736,15.457813,15.654173,18.996828,17.050423,19.250467,16.399267,0.7647694,2.0868042,6.8306236,0.66130066,26.507751,45.14069,28.147755,16.66225,23.079967,16.142298,13.608957,12.598844,16.915878,68.06
4446946.924,659429.7026,64.73585,0.88330853,0.6327804,24.176167,29.234436,30.242268,25.141563,23.332382,47.91676,44.339233,48.09793,54.30672,59.790787,28.396667,26.224304,22.10928,20.63906,15.9178295,2.124987,1.9702948,6.3856,7.272452,1378.06,266.20203,-0.19921875,1.0768842,-0.01550293,35,15,0.84647715,0.49411312,0.265459,0.27773136,0.30905366,1.0129018,1.4233682,23.056925,20.8897,14.137947,17.37904,15.204926,15.616508,14.363019,17.58684,27.47837,29.43991,18.134796,23.690128,21.941887,22.349953,21.019423,23.459837,18.28055,15.822043,14.514557,15.391144,15.117551,16.231876,16.914198,15.713857,13.943567,12.694333,11.898663,12.40513,14.11402,12.692022,15.671688,12.812374,14.259535,11.340589,9.230762,11.293157,13.778905,11.030767,13.173592,11.46979,15.731514,17.766386,15.645225,15.770406,17.4746,13.932459,14.441108,15.820275,0.7580445,2.0476408,6.829026,0.66130066,26.705301,46.128,27.310486,17.235437,23.436354,16.038847,13.3456335,12.015329,15.8231,68.06
4446946.924,659434.7026,63.0786,0.8634397,0.63513565,23.666166,29.288157,29.910017,24.717342,23.223127,49.401733,45.11327,49.294617,54.674362,59.313942,27.36286,25.249512,21.459482,20.69351,16.209621,2.0693152,1.9744446,6.423156,7.2945538,1378.17,266.19006,-0.080078125,1.2918266,-0.006713867,35,15,0.8477766,0.49813542,0.26708975,0.28754276,0.310292,1.0156335,1.4365695,23.025845,20.848532,14.0800705,17.315594,15.250438,15.662992,14.382804,17.557137,27.980902,29.86733,18.059097,23.845722,22.08397,22.519836,21.069624,23.66024,19.896969,17.551481,14.345305,15.948219,15.610929,16.762247,17.453737,16.450178,15.443162,14.224613,11.990235,13.046048,14.680393,13.579345,16.473238,13.614967,15.746519,13.932439,11.671268,13.734381,15.478329,12.733822,15.207973,13.610259,18.321825,20.169485,16.963514,17.56814,19.485235,16.336178,16.077671,17.810183,0.74928766,2.02188,6.858855,0.6661485,26.477161,47.2575,26.306187,17.223753,23.632355,16.795555,14.20529,14.072105,17.846006,68.06
4446946.924,659439.7026,64.638054,0.85343707,0.6405141,23.686708,29.440418,29.772402,24.653582,23.010406,50.783764,45.70436,50.12501,54.94641,59.423023,26.477476,24.486883,20.898886,20.491203,16.16902,2.0175104,1.9753773,6.4131727,7.3048153,1378.29,263.5098,0.080078125,1.2682616,0.004394531,35,15,0.8477766,0.49813542,0.26708975,0.28754276,0.310292,1.0156335,1.4365695,23.279097,20.983818,14.788022,18.592829,15.543653,15.58633,15.309512,18.0875,25.879692,28.180944,18.403296,22.86299,20.980476,21.391956,21.307287,22.670565,17.419804,13.712781,14.458252,15.175395,15.628002,14.103022,13.88137,15.103149,16.256306,13.593665,12.534738,14.0125675,16.00456,13.974016,17.315344,14.2379,18.073895,17.166628,16.90029,18.86839,17.033493,13.316729,18.512583,17.256578,17.481651,15.88007,14.786916,15.382709,19.335554,15.80476,16.618036,16.05491,0.74697554,1.9964439,6.858994,0.6661485,26.563564,48.244064,25.48218,17.726181,22.715235,14.911232,14.813028,17.12457,16.469957,68.06
4446946.924,659444.7026,64.32877,0.8478382,0.6424173,23.339632,29.520031,29.16057,24.559174,23.215303,51.832874,46.236034,51.12605,55.520195,60.55646,25.889368,23.855415,20.531736,19.94897,15.1582155,1.9770921,1.9636064,6.440986,7.3245277,1378.39,258.13312,-0.040039062,1.1851372,-0.002197266,35,15,0.8477766,0.49813542,0.26708975,0.28754276,0.310292,1.0156335,1.4365695,24.022621,19.127357,13.890521,17.61968,15.792661,15.976169,15.441785,17.646574,26.633986,28.774355,16.874994,21.871458,19.130209,23.199524,20.65037,22.203367,16.941216,14.234417,15.012084,15.18969,12.833747,17.91791,14.8241205,15.199401,14.465855,12.28062,11.187795,11.860738,13.040698,14.64076,14.935005,12.629871,14.851877,15.999237,16.453945,17.460304,14.839191,14.565012,17.457458,16.009243,18.067696,14.7652025,14.682259,14.901541,17.618729,18.08282,17.476244,15.919254,0.7451278,1.9703493,6.882757,0.6661485,26.429832,49.034454,24.87239,17.410114,22.447844,15.279025,13.201638,15.946717,16.513498,68.06
4446946.924,659449.7026,56.637302,0.85182816,0.6428195,22.991507,29.61599,28.353817,24.72068,24.267435,52.523907,46.47281,51.680477,56.166386,60.63642,25.521898,23.651247,20.554367,19.133532,14.719031,1.9390322,1.9343685,6.4903417,7.352678,1378.49,257.93637,-0.16015625,1.3032379,-0.010009766,35,15,0.8477766,0.49813542,0.26708975,0.28754276,0.310292,1.0156335,1.4365695,22.881102,18.421644,13.806779,17.35938,15.451739,14.8906,14.999429,17.131233,26.837555,28.977926,17.078564,22.07503,19.333778,23.403091,20.853941,22.406937,16.964046,14.234417,15.012084,15.18969,12.833747,17.93313,14.82977,15.204473,15.063552,12.391842,11.303779,11.969566,13.1781435,15.103127,15.099566,12.857093,15.149348,16.06764,16.525583,17.52953,14.989812,14.749094,17.60536,16.146334,16.851158,14.3424,14.363644,14.515513,16.098944,16.547606,16.985804,15.178433,0.7473239,1.9367003,6.9215097,0.6661485,26.30375,49.49836,24.586573,16.830095,22.651411,15.28527,13.444224,16.088053,15.6721525,68.06
4446946.924,659454.7026,56.649487,0.85378605,0.6459068,22.87694,29.64343,27.46716,25.023846,25.403719,53.132088,46.60055,52.07506,57.121883,60.39537,25.213678,23.501652,20.935335,17.890036,14.442905,1.9085827,1.9131495,6.5115824,7.3777714,1378.62,260.2999,0.28027344,1.1911725,0.018920898,35,15,0.8477766,0.49813542,0.26708975,0.28754276,0.310292,1.0156335,1.4365695,23.320637,20.718145,14.111123,18.26215,13.566966,18.724073,15.950398,17.877178,24.457544,26.08822,16.41728,20.574154,18.609262,19.055424,19.889822,20.666687,19.76255,18.481134,18.423668,17.661308,17.516909,19.133186,20.132551,18.490055,19.737919,14.211583,13.11638,13.302243,15.363747,18.20803,17.435286,15.216577,20.322851,16.184908,17.276613,17.434391,16.839106,18.006481,16.770905,17.826174,16.58714,13.561759,15.162303,14.3735,15.556834,13.980984,16.746222,15.132632,0.74984646,1.910866,6.944677,0.6661485,26.260185,49.866318,24.357666,17.807642,20.727386,18.730185,15.910742,17.547894,15.1383915,68.06
4446946.924,659459.7026,52.987232,0.85201174,0.64094377,22.746143,29.811392,26.689585,25.395771,26.501526,53.726334,46.392307,52.681973,57.19464,60.020954,24.952206,23.450994,20.88637,17.397139,14.407882,1.8763427,1.8997078,6.5619016,7.4056735,1378.7,264.6401,0.079589844,0.9208758,0.004394531,35,15,0.8477766,0.49813542,0.26708975,0.28754276,0.310292,1.0156335,1.4365695,23.46423,22.15006,14.103558,17.734236,13.853808,17.343788,13.978236,17.883852,24.677362,26.046045,16.387152,20.646862,19.261595,21.531643,18.570826,20.890158,17.262106,16.238764,13.459019,13.689512,14.283665,16.13377,16.465113,14.882344,20.597927,15.8914995,12.72573,13.108022,14.48056,15.280654,16.990194,15.101855,19.609703,17.524927,16.794703,17.178085,16.548681,16.6319,14.068874,17.4374,16.128647,16.608583,13.608525,14.563936,14.573494,13.010479,15.987409,14.872669,0.7464777,1.8880253,6.9837875,0.6661485,26.278767,50.05932,24.2016,17.518272,21.017355,15.361707,15.582085,16.908125,14.925868,68.06
4446946.924,659464.7026,53.101353,0.846037,0.63397664,22.580908,30.09826,25.915466,25.808975,27.602137,54.271473,46.03051,53.19368,57.556484,59.790184,24.670097,23.403168,20.988264,16.600922,14.29896,1.8507342,1.896462,6.59777,7.430812,1378.77,268.99405,-0.079589844,0.81663334,-0.001098633,35,15,0.8574515,0.48778638,0.26654893,0.28495967,0.30898124,1.0072573,1.4099362,23.627386,22.15006,14.103558,17.734236,13.853808,17.343788,13.978236,17.911043,24.677362,26.046045,16.387152,20.646862,19.261595,21.531643,18.570826,20.890158,17.262106,16.238764,13.459019,13.689512,14.283665,16.13377,16.465113,14.882344,20.597927,15.8914995,12.72573,13.108022,14.48056,15.280654,16.990194,15.101855,19.564144,17.480713,16.753172,17.136557,16.504465,16.586342,14.014145,17.393854,16.128647,16.608583,13.608525,14.563936,14.573494,13.010479,15.987409,14.872669,0.7400068,1.8735981,7.014291,0.66041726,26.339584,50.150993,24.036633,17.541582,21.017355,15.361707,15.582085,16.862791,14.925868,68.06
4446946.924,659469.7026,53.15228,0.83768994,0.62697446,22.304222,30.883417,25.303694,25.86278,28.158136,54.638344,45.458836,53.391666,57.975754,60.579853,24.502277,23.359442,21.317953,16.127638,13.800921,1.8315928,1.8955381,6.5864663,7.443199,1378.84,271.2744,0.079589844,0.64463985,0.005493164,35,15,0.8574515,0.48778638,0.26654893,0.28495967,0.30898124,1.0072573,1.4099362,23.138515,22.04428,14.104152,17.81661,14.860415,17.343788,16.487314,17.959478,23.57189,26.3081,16.049885,20.88003,19.764929,21.531643,18.681017,20.765844,16.423077,18.105639,12.896598,14.655777,13.832015,16.13377,15.638045,14.980107,19.404837,16.388622,12.8699255,14.575467,14.637,15.280654,16.90638,15.326472,19.496784,17.502483,17.123945,17.89751,16.992264,16.586342,17.04664,17.69755,14.710571,16.662273,14.383498,15.730291,12.896858,13.010479,16.429132,14.868206,0.7323322,1.8635654,7.0148325,0.66041726,26.593819,50.04859,23.930859,17.970724,20.96964,15.38356,15.7232685,17.520853,14.831871,68.06
4446946.924,659474.7026,54.463135,0.8328491,0.6337893,22.109423,30.750887,24.921001,25.829533,27.749802,54.411247,45.314594,54.009792,58.471424,61.134365,24.599073,23.444925,20.961498,15.6680355,13.569551,1.7985084,1.8758651,6.593132,7.4660015,1378.89,275.52753,0.12011719,0.44654337,0.008911133,35,15,0.8574515,0.48778638,0.26654893,0.28495967,0.30898124,1.0072573,1.4099362,23.944252,19.57757,10.13248,16.786297,14.682102,17.99112,16.30129,16.603243,23.819218,24.069023,16.348427,19.888912,19.083405,20.698303,18.838356,20.186277,18.471,17.055029,15.237691,13.853267,15.150837,16.229984,16.395227,15.777454,18.46371,15.522301,15.299489,13.304392,15.664543,14.544759,20.357538,15.518573,18.53983,15.679699,17.523228,17.111519,17.302162,15.691442,19.375582,17.257933,15.850589,16.69183,17.550688,14.920657,15.48174,13.538277,19.098452,16.150957,0.73331916,1.8371868,7.029567,0.66041726,26.430155,49.862923,24.022,17.059301,20.392233,16.056147,16.165247,17.317638,16.161747,68.06
4446946.924,659479.7026,53.402687,0.83039343,0.6357617,22.172903,30.631617,25.128365,25.462284,26.86767,53.72866,45.180847,53.19233,58.030453,60.560688,25.044924,23.625896,21.522005,16.417933,14.409506,1.7645526,1.8449817,6.6036477,7.482375,1378.92,286.36282,0.12011719,0.2538501,0.008911133,35,15,0.8574515,0.48778638,0.26654893,0.28495967,0.30898124,1.0072573,1.4099362,23.944252,19.57757,10.13248,16.786297,14.682102,17.99112,16.30129,16.603243,23.819218,24.069023,16.348427,19.888912,19.083405,20.698303,18.838356,20.186277,18.471,17.055029,15.237691,13.853267,15.150837,16.229984,16.395227,15.777454,18.46371,15.522301,15.299489,13.304392,15.664543,14.544759,20.357538,15.518573,18.53983,15.679699,17.523228,17.111519,17.302162,15.691442,19.375582,17.257933,15.850589,16.69183,17.550688,14.920657,15.48174,13.538277,19.098452,16.150957,0.7330775,1.8047671,7.0430117,0.66041726,26.40226,49.454754,24.335411,17.059301,20.392233,16.056147,16.165247,17.317638,16.161747,68.06
4446946.924,659484.7026,52.56435,0.8304072,0.63577974,22.23657,30.730991,25.162346,25.031565,25.812931,52.978622,44.982822,52.8963,58.13807,60.947357,25.522638,23.735567,21.753078,16.72538,14.432445,1.7449015,1.8157665,6.5976434,7.496611,1378.93,324.38644,0.040527344,0.122811005,0.004516602,35,15,0.8574515,0.48778638,0.26654893,0.28495967,0.30898124,1.0072573,1.4099362,23.41346,21.929838,11.315761,16.642042,14.646797,14.955797,16.870253,16.894274,24.986965,25.248245,16.545404,20.445347,19.070847,19.57431,19.33539,20.67101,18.511724,15.975521,13.837727,13.810147,14.9316635,16.339647,15.413484,15.262932,18.489336,14.376961,14.738034,13.043016,16.166626,15.194736,18.320272,15.281131,19.61634,15.752121,16.980986,17.049026,17.109964,15.136096,17.08328,17.221039,17.04745,15.799912,16.254736,15.852974,17.378931,16.170048,14.906861,16.303282,0.7330935,1.780334,7.0471272,0.66041726,26.48378,48.98072,24.629103,17.110563,20.743788,15.545701,15.761283,16.961117,16.201557,68.06
4446946.924,659489.7026,51.95814,0.83525074,0.64140964,22.279167,30.778763,24.963194,24.66358,24.953398,52.1713,44.813683,53.108353,58.14122,60.256516,25.945023,23.771042,21.862751,17.082943,15.424698,1.7436008,1.7905445,6.599468,7.5161004,1378.93,14.015595,0.000488281,0.11768217,0.002197266,35,15,0.8574515,0.48778638,0.26654893,0.28495967,0.30898124,1.0072573,1.4099362,23.628122,21.573935,12.475423,16.966911,14.947627,15.4483795,13.925607,17.294926,24.443398,26.176306,16.305752,20.313568,18.71514,19.986425,19.79824,20.674536,19.047523,15.591741,12.932285,14.040835,15.399035,18.572432,18.279552,15.631379,20.070026,16.871279,14.884482,13.2338085,16.23622,16.990395,17.362123,16.079903,18.853952,16.65102,17.111393,17.406466,16.738129,11.990476,14.6097765,16.8849,19.021381,16.62382,14.774114,15.82297,15.327721,14.173292,14.597675,15.915427,0.7383302,1.7670727,7.057784,0.66041726,26.528965,48.492493,24.858032,16.995144,20.819834,16.266201,16.52119,16.19446,15.762996,68.06
4446946.924,659494.7026,57.008324,0.8444542,0.6423864,22.377901,30.962276,24.89443,24.324987,23.956455,51.38458,44.689724,53.104187,58.29355,60.64918,26.380138,23.663406,21.926126,17.242416,15.431815,1.7510287,1.7678424,6.5864134,7.537891,1378.93,29.028194,0.12011719,0.14737998,0.006713867,35,15,0.85605127,0.4901761,0.22555043,0.28641227,0.30903643,1.0110209,1.3474215,23.628122,21.573935,12.475423,16.966911,14.947627,15.4483795,13.925607,17.294926,24.443398,26.176306,16.305752,20.313568,18.71514,19.986425,19.79824,20.674536,19.047523,15.591741,12.932285,14.040835,15.399035,18.572432,18.279552,15.631379,20.070026,16.871279,14.884482,13.2338085,16.23622,16.990395,17.362123,16.079903,18.853952,16.65102,17.111393,17.406466,16.738129,11.990476,14.6097765,16.8849,19.021381,16.62382,14.774114,15.82297,15.327721,14.173292,14.597675,15.915427,0.7434203,1.7594355,7.062152,0.64652413,26.67009,48.03715,25.021772,16.995144,20.819834,16.266201,16.52119,16.19446,15.762996,68.06
4446946.924,659499.7026,55.82833,0.8574888,0.6447311,22.727793,31.143663,24.854097,24.289696,22.7853,50.68075,44.64218,53.161423,58.43144,62.324657,26.751562,23.522673,21.956356,17.08153,14.625839,1.7708807,1.7505815,6.56132,7.5557666,1378.92,15.255118,0,0.16347715,0.001098633,35,15,0.85605127,0.4901761,0.22555043,0.28641227,0.30903643,1.0110209,1.3474215,24.14443,21.258543,13.825058,16.896477,15.07314,15.485661,15.129968,17.674469,23.648815,26.739868,16.17371,20.376337,19.23835,18.986498,19.014328,20.578474,18.259472,14.477643,12.616943,13.762898,13.887405,16.902729,16.18924,14.718476,19.64653,14.797168,13.745307,13.437422,14.978986,15.5631695,15.703442,15.221274,17.784847,18.747362,17.759441,17.766277,16.302755,13.753342,16.803719,17.439524,17.508879,13.86351,14.857124,14.73129,14.473119,13.766476,15.427516,15.046966,0.75110996,1.7607311,7.058543,0.64652413,26.935728,47.66147,25.137117,17.401897,20.596844,15.156618,15.410289,16.988249,14.946844,68.06
4446946.924,659504.7026,61.326046,0.8502112,0.6290694,22.81515,31.065649,25.056868,24.529976,22.340708,50.723583,45.04355,53.24283,58.01321,63.05429,26.70806,23.323278,21.79959,17.26388,14.274921,1.794033,1.7630498,6.5182023,7.558184,1378.92,355.65067,0.040039062,0.18675543,0.002197266,35,15,0.85605127,0.4901761,0.22555043,0.28641227,0.30903643,1.0110209,1.3474215,23.709028,21.055399,13.348826,16.469324,15.063873,15.723005,14.618192,17.38708,24.658472,26.884409,16.129936,20.15131,18.757309,19.601479,18.930777,20.69811,18.775818,14.34927,12.381467,13.24015,14.4500885,17.632706,16.23855,14.751881,17.575987,14.797168,13.740003,13.42834,15.140691,15.425578,16.324268,14.881711,18.285511,18.841425,17.661001,17.27414,17.180407,14.289078,18.792442,17.56194,16.606937,13.879634,14.901436,14.085155,14.615565,13.766127,15.364815,14.792903,0.7396403,1.7785414,7.038193,0.64652413,26.9404,47.883568,25.015669,17.141094,20.730528,15.295435,15.2045765,17.474857,14.745667,68.06
4446946.924,659509.7026,58.11925,0.83955693,0.64502436,22.93265,30.986626,25.556013,24.990002,22.299274,51.262657,45.761417,52.860027,57.15038,62.72475,26.416758,23.105122,21.821693,17.703123,14.955064,1.8185691,1.7885529,6.516071,7.5547004,1378.92,335.0445,-0.07910156,0.23663664,-0.003295898,35,15,0.85605127,0.4901761,0.22555043,0.28641227,0.30903643,1.0110209,1.3474215,23.709028,21.055399,13.348826,16.469324,15.063873,15.723005,14.618192,17.38708,24.658472,26.884409,16.129936,20.15131,18.757309,19.601479,18.930777,20.69811,18.775818,14.34927,12.381467,13.24015,14.4500885,17.632706,16.23855,14.751881,17.575987,14.797168,13.740003,13.42834,15.140691,15.425578,16.324268,14.881711,18.285511,18.841425,17.661001,17.27414,17.180407,14.289078,18.792442,17.56194,16.606937,13.879634,14.901436,14.085155,14.615565,13.766127,15.364815,14.792903,0.7422906,1.803561,7.0353856,0.64652413,26.959637,48.51204,24.76094,17.141094,20.730528,15.295435,15.2045765,17.474857,14.745667,68.06
4446946.924,659514.7026,50.195557,0.8292534,0.6582795,22.922556,30.642572,25.864487,25.37671,22.308708,52.018623,46.873566,52.93294,56.73125,62.70906,25.949753,22.647377,21.595331,17.796219,15.008071,1.8444029,1.8083681,6.4985437,7.561525,1378.94,326.29196,0.119140625,0.309398,0.005493164,35,15,0.85605127,0.4901761,0.22555043,0.28641227,0.30903643,1.0110209,1.3474215,22.894176,21.556404,15.085811,14.600739,14.651605,14.191561,15.781413,17.277172,23.561586,25.849594,16.865953,20.33508,18.63533,20.283634,18.780455,20.563097,18.73003,16.634838,13.487338,14.015909,15.653272,15.240965,14.78884,15.347641,19.665838,15.418439,15.538586,13.593097,16.677496,15.346505,14.947755,15.9423065,17.923157,16.689964,16.75719,16.146393,16.526094,14.538136,15.724064,16.609291,18.600918,17.215536,15.165054,15.76942,16.326878,12.394636,13.121743,15.991065,0.7437664,1.8263855,7.030034,0.64652413,26.782564,49.446095,24.298565,16.965958,20.615948,15.507315,15.883959,16.329285,15.513455,68.06
4446946.924,659519.7026,54.63436,0.82185966,0.6675652,22.74035,30.144499,25.913427,25.83687,22.263702,52.950012,48.396065,53.501797,56.528706,62.788113,25.36922,22.102688,21.375055,17.608341,15.275405,1.8725295,1.8212978,6.4882,7.5853014,1378.95,331.33603,-0.040527344,0.35868904,0.001098633,35,15,0.85605127,0.4901761,0.22555043,0.28641227,0.30903643,1.0110209,1.3474215,22.995932,20.861975,12.253551,14.513651,14.777348,15.183032,17.356966,16.691444,24.097492,25.840164,17.349695,19.896051,18.560984,20.15897,18.505453,20.666285,18.777493,16.286867,12.777805,13.84284,15.204633,17.117558,15.028263,15.200751,19.138882,16.209091,13.931315,13.771153,16.391539,15.537037,16.699608,15.58075,18.341524,18.07842,16.476444,16.123184,15.974663,15.172068,16.087246,16.814062,17.657833,17.244066,14.593269,16.123425,15.717938,16.038334,14.244935,15.983009,0.7447125,1.8469136,7.036751,0.64652413,26.442425,50.67304,23.735954,16.84892,20.629827,15.576494,15.954089,16.60765,15.945685,68.06
4446946.924,659524.7026,55.124023,0.8128687,0.685703,22.666883,29.65299,25.874496,26.242683,22.43282,54.198288,50.258602,54.289154,56.201946,62.7732,24.622446,21.320162,20.903677,17.582994,15.296727,1.898098,1.8273681,6.4993052,7.63324,1378.97,336.243,0.119628906,0.39105535,0.006591797,35,15,0.84787965,0.5027228,0.263552,0.29605526,0.30898356,1.01057,1.3441396,23.07971,20.861975,12.253551,14.513651,14.821694,15.249552,17.437706,16.716494,23.825842,25.477964,17.316254,19.597279,18.547606,20.15897,18.129875,20.458183,18.798727,16.304384,12.773014,13.839536,15.22215,17.149948,15.026848,15.208974,19.094765,16.186382,13.854487,13.704616,16.348772,15.537037,16.605719,15.526508,18.401588,18.021082,16.367188,16.003374,15.981667,15.217448,16.081842,16.769611,22.552202,20.776093,16.030493,17.510105,20.66675,23.00804,17.30644,19.145758,0.7492858,1.8627331,7.0662727,0.6534147,26.159937,52.228447,22.971304,16.888262,20.436253,15.587801,15.90454,16.582026,19.692875,68.06
4446946.924,659529.7026,54.170856,0.80461484,0.700991,22.54934,28.847527,25.787748,26.197363,22.240875,55.549652,52.473385,55.205753,56.33433,63.43407,23.754625,20.65365,20.655159,17.62656,15.659534,1.9255598,1.8299536,6.492332,7.688557,1378.98,349.52893,0.080078125,0.39349625,0.0078125,35,15,0.84787965,0.5027228,0.263552,0.29605526,0.30898356,1.01057,1.3441396,23.039133,21.300247,12.83504,15.204668,16.388685,15.026312,14.925429,16.92628,24.431011,24.927155,16.270555,20.072018,18.77247,20.118692,18.772924,20.447943,19.209497,14.940776,12.883273,13.935717,13.699924,17.867527,14.825649,14.988686,18.825508,13.782636,12.895695,14.844408,13.467178,16.673647,15.761331,14.878957,18.379723,16.42919,15.832806,17.299772,15.302432,15.292174,15.97474,16.564081,22.826433,14.632907,14.979606,16.442692,14.300796,22.033016,16.828148,17.019136,0.7528029,1.8777566,7.0904446,0.6534147,25.698433,54.01152,22.204138,16.959932,20.480688,15.337481,15.178628,16.35869,17.434801,68.06
4446946.924,659534.7026,75.49058,0.8221236,0.6990497,22.786587,28.6408,26.070055,26.27304,21.711906,55.21481,52.67412,54.985214,55.979618,63.16812,23.777222,20.972858,20.805595,18.008825,16.74803,1.9578944,1.8476592,6.451008,7.6759763,1378.98,357.8789,0.040039062,0.38738373,0.002197266,35,15,0.84787965,0.5027228,0.263552,0.29605526,0.30898356,1.01057,1.3441396,23.73503,21.62507,12.386028,16.057623,15.663353,18.117716,13.368359,17.315264,24.277159,25.16482,16.811657,21.14121,19.001875,20.00933,19.40959,20.829592,19.083115,16.157152,14.541921,14.250589,13.879211,18.58308,16.774551,15.681969,19.519499,14.451283,13.878075,15.392866,13.905156,19.25386,17.095194,15.707824,19.410967,17.75223,16.858889,18.501532,15.391425,17.385757,16.288137,17.593813,20.122358,17.939955,17.332209,16.40957,15.100818,23.180107,19.351088,17.758682,0.7605866,1.9027768,7.063492,0.6534147,25.713694,53.944466,22.37504,17.279024,20.830807,16.181376,16.213705,17.369848,18.490871,68.06
4446946.924,659539.7026,53.556633,0.8523155,0.69262123,23.046066,28.641527,26.7759,26.430004,21.130594,54.01463,51.65276,53.58434,55.334457,63.246677,24.361671,21.686193,21.102333,18.52199,17.108826,1.9954695,1.8751299,6.391739,7.6272616,1378.98,0,0,0.372781,0.002197266,35,15,0.84787965,0.5027228,0.263552,0.29605526,0.30898356,1.01057,1.3441396,23.73503,21.62507,12.386028,16.057623,15.663353,18.117716,13.368359,17.315264,24.277159,25.16482,16.811657,21.14121,19.001875,20.00933,19.40959,20.829592,19.083115,16.157152,14.541921,14.250589,13.879211,18.58308,16.774551,15.681969,19.519499,14.451283,13.878075,15.392866,13.905156,19.25386,17.095194,15.707824,19.410967,17.75223,16.858889,18.501532,15.391425,17.385757,16.288137,17.593813,20.122358,17.939955,17.332209,16.40957,15.100818,23.180107,19.351088,17.758682,0.7724683,1.9352996,7.0095005,0.6534147,25.843796,52.833694,23.023933,17.279024,20.830807,16.181376,16.213705,17.369848,18.490871,68.06
4446946.924,659544.7026,55.013847,0.87597847,0.6869072,23.180061,28.525026,27.236528,26.516207,20.8482,53.137005,51.05504,52.579777,54.993515,63.238483,24.757483,22.218578,21.379778,18.841002,17.154058,2.0295734,1.9020001,6.383433,7.603634,1378.98,357.8789,0.040039062,0.38738373,0,35,15,0.84787965,0.5027228,0.263552,0.29605526,0.30898356,1.01057,1.3441396,23.606567,21.135609,11.0794325,18.47112,14.886471,19.294947,14.447033,17.548489,24.889894,24.560068,17.265692,20.34766,19.157862,21.824657,18.144844,20.860544,19.530283,15.458447,15.399449,14.605342,14.678004,19.540745,17.075485,16.170446,20.615562,14.623881,14.708755,14.352537,15.573436,17.687756,18.063385,16.137138,19.130949,16.479208,17.643946,17.386494,16.12164,16.354631,16.597172,17.447695,23.415518,18.64578,18.396517,16.33392,16.849863,22.753462,23.184423,19.301685,0.7814428,1.9657867,6.993533,0.6534147,25.852543,52.096024,23.48803,17.560167,20.884382,16.612535,16.5179,17.102005,19.939926,68.06
4446946.924,659549.7026,76.78202,0.89677656,0.6780491,23.18466,28.31054,27.66666,26.664932,20.622116,52.497314,50.849167,51.600945,54.37615,63.31318,25.094097,22.671362,21.692047,19.398178,17.177877,2.0634966,1.9295896,6.403065,7.60831,1378.98,347.00537,-0.080078125,0.3825781,-0.004394531,35,15,0.84787965,0.5027228,0.263552,0.29605526,0.30898356,1.01057,1.3441396,23.251423,21.51842,10.788348,18.387014,14.538071,16.542679,14.41092,17.08306,25.067595,25.541937,16.942398,20.40779,19.080488,21.137295,17.237661,20.954964,19.251326,13.531303,14.068458,14.303449,13.51743,19.746178,15.29668,15.319787,18.966751,15.554667,13.552781,13.293449,15.074641,16.915134,15.864482,15.170632,19.119236,17.531603,16.070066,17.034351,15.291588,12.70511,17.3523,16.63172,23.303722,18.153105,16.295853,17.12445,16.677698,19.4136,17.128859,18.092573,0.7874128,1.9965432,7.0056877,0.6534147,25.7476,51.67324,23.882729,17.06241,20.773594,15.673547,15.603128,16.443466,18.299612,68.06
4446946.924,659554.7026,62.84536,0.9164947,0.6756556,23.190706,27.909496,27.735115,26.933266,20.454077,52.06621,51.175694,51.439026,54.145737,64.27176,25.266508,22.801083,21.46349,19.518002,16.427988,2.0916917,1.9564043,6.4535003,7.64682,1378.99,327.5288,-0.12011719,0.37388223,-0.0078125,35,15,0.83953583,0.5044808,0.27283072,0.29464528,0.30927476,1.011136,1.3525596,23.251423,21.51842,10.788348,18.387014,14.538071,16.542679,14.41092,17.08306,25.067595,25.541937,16.942398,20.40779,19.080488,21.137295,17.237661,20.954964,19.251326,13.531303,14.068458,14.303449,13.51743,19.746178,15.29668,15.319787,18.966751,15.554667,13.552781,13.293449,15.074641,16.915134,15.864482,15.170632,19.119236,17.531603,16.070066,17.034351,15.291588,12.70511,17.3523,16.63172,23.303722,18.153105,16.295853,17.12445,16.677698,19.4136,17.128859,18.092573,0.79607517,2.024048,7.0501604,0.6549233,25.550102,51.620953,24.033794,17.06241,20.773594,15.673547,15.603128,16.443466,18.299612,68.06
4446946.924,659559.7026,63.8355,0.93524164,0.6751064,23.215778,27.54152,27.79992,27.228605,20.462244,51.856415,51.794468,50.987843,53.994358,64.39889,25.317766,22.88642,21.761337,19.621605,16.428663,2.1192656,1.9857076,6.5339003,7.7048078,1379.02,321.34018,0.12011719,0.36722523,0.005615234,35,15,0.83953583,0.5044808,0.27283072,0.29464528,0.30927476,1.011136,1.3525596,23.605053,21.65032,13.836032,17.27811,14.222379,16.275555,16.676224,17.81696,24.381329,25.494364,16.7051,20.459354,18.961966,21.611607,17.96871,20.837303,19.720219,13.956715,13.120997,14.3066845,14.865056,20.66206,15.401109,15.483909,18.889114,16.112417,13.969803,13.28758,15.345082,20.182894,17.25971,15.653366,18.743565,17.333591,16.57635,17.035925,15.100822,17.347456,18.356264,17.026518,23.49351,18.208227,16.013863,17.085018,16.458483,23.390732,17.707792,18.401049,0.805174,2.0524867,7.1193542,0.6549233,25.378649,51.82544,24.102093,17.649096,20.79749,16.00469,16.435228,17.213425,18.908232,68.06
4446946.924,659564.7026,63.000107,0.93004256,0.6604483,23.269527,26.863716,27.98708,27.058397,20.257238,51.75941,51.569756,50.661224,53.977932,64.64726,25.347061,23.273567,21.49101,19.726301,16.192675,2.1053913,1.9651562,6.480328,7.6271777,1379.03,322.59464,-0.080078125,0.30684224,-0.003295898,35,15,0.83953583,0.5044808,0.27283072,0.29464528,0.30927476,1.011136,1.3525596,23.605053,21.65032,13.836032,17.27811,14.222379,16.275555,16.676224,17.81696,24.381329,25.494364,16.7051,20.459354,18.961966,21.611607,17.96871,20.837303,19.720219,13.956715,13.120997,14.3066845,14.865056,20.66206,15.401109,15.483909,18.889114,16.112417,13.969803,13.28758,15.345082,20.182894,17.25971,15.653366,18.743565,17.333591,16.57635,17.035925,15.100822,17.347456,18.356264,17.026518,23.49351,18.208227,16.013863,17.085018,16.458483,23.390732,17.707792,18.401049,0.7952454,2.0352738,7.053753,0.6549233,25.066622,51.66458,24.310314,17.649096,20.79749,16.00469,16.435228,17.213425,18.908232,68.06
4446946.924,659569.7026,63.62557,0.91261,0.6439148,22.908716,26.351246,28.156902,26.41817,19.72787,51.805954,50.917946,50.304802,54.849785,65.48983,25.341225,23.664068,21.436552,19.392406,15.725367,2.0694942,1.9204717,6.3898554,7.478443,1379.05,315,0.040039062,0.2227975,0.002197266,35,15,0.83953583,0.5044808,0.27283072,0.29464528,0.30927476,1.011136,1.3525596,23.174187,22.197195,14.223062,16.39581,14.250384,16.275555,17.159075,17.729954,22.5643,25.621008,16.366877,20.168,18.543768,21.611607,19.604572,20.35277,17.799057,15.0686655,13.030353,13.648402,14.0714655,20.66206,14.749641,15.043706,18.788357,14.33314,13.844513,13.4526415,15.242528,20.182894,17.34362,15.40441,17.148556,16.838106,16.573118,15.99682,14.979886,17.347456,17.906181,16.466341,21.73225,15.461162,15.995322,16.436657,19.327168,23.390732,16.537638,17.982996,0.7782624,1.994983,6.9341493,0.6549233,24.629982,51.36195,24.502647,17.667894,20.640018,15.575663,16.16967,16.684305,18.411562,68.06
4446946.924,659574.7026,74.18098,0.9022099,0.6349019,22.8134,26.27696,28.322176,26.086311,19.42224,51.876144,50.48304,49.889343,55.09152,65.51777,25.3318,23.907536,21.56291,19.338772,15.7821665,2.046399,1.886286,6.2991753,7.350948,1379.06,315,0.000976563,0.16147293,0,35,15,0.83953583,0.5044808,0.27283072,0.29464528,0.30927476,1.011136,1.3525596,23.274256,20.720335,12.15005,14.500208,14.449477,19.123688,17.080378,16.922123,23.274921,22.967493,16.172583,19.82844,18.823713,20.679443,17.94206,19.977377,18.903479,15.711598,13.146469,14.329803,14.750205,14.159005,15.076116,15.022575,18.432507,16.777632,14.226928,13.624186,14.802914,17.090153,18.057104,15.469325,17.834969,17.598877,15.893489,16.653084,15.068124,15.129662,19.032923,16.460308,20.641348,15.706733,17.857052,19.397303,20.031984,21.116634,16.531767,18.812704,0.7685559,1.9663426,6.825062,0.6549233,24.545181,51.179592,24.619667,17.328342,19.955523,15.1538105,16.14449,16.744448,18.754688,68.06
4446946.924,659579.7026,67.45923,0.89226663,0.62328166,22.512867,26.031677,28.47191,25.82433,19.329926,52.027187,50.314835,49.536842,55.319775,65.31789,25.2743,23.80458,21.54884,19.34583,15.805231,2.0286744,1.851648,6.221966,7.245426,1379.07,336.82568,0.0390625,0.10841371,0.004394531,35,15,0.83953583,0.5044808,0.27283072,0.29464528,0.30927476,1.011136,1.3525596,23.274256,20.720335,12.15005,14.500208,14.449477,19.123688,17.080378,16.922123,23.274921,22.967493,16.172583,19.82844,18.823713,20.679443,17.94206,19.977377,18.903479,15.711598,13.146469,14.329803,14.750205,14.159005,15.076116,15.022575,18.432507,16.777632,14.226928,13.624186,14.802914,17.090153,18.057104,15.469325,17.834969,17.598877,15.893489,16.653084,15.068124,15.129662,19.032923,16.460308,20.641348,15.706733,17.857052,19.397303,20.031984,21.116634,16.531767,18.812704,0.7577741,1.9401612,6.733696,0.6549233,24.272272,51.171013,24.53944,17.328342,19.955523,15.1538105,16.14449,16.744448,18.754688,68.06
4446946.924,659584.7026,65.59977,0.88612896,0.61897296,22.344881,26.211998,28.568382,26.212708,19.081627,52.183746,50.337757,49.19564,54.708168,66.11294,25.184607,23.735228,21.701977,19.45456,15.135696,2.0158257,1.8191434,6.1466227,7.1472225,1379.07,0,0.03955078,0.085328124,0.001098633,35,15,0.8456733,0.50302553,0.27417105,0.30342317,0.31041628,1.015908,1.4331608,24.365501,19.751663,10.92142,14.841375,13.362958,19.464954,13.248821,16.391352,23.569881,23.861277,16.558817,18.746336,19.27345,21.012236,17.738194,20.104153,18.802391,16.472342,14.559941,13.999852,16.981777,17.062506,15.96529,15.89535,18.931202,17.812117,16.332787,14.057836,17.610336,16.471832,15.482411,16.596739,18.54712,19.432478,17.543684,16.61299,16.433558,15.784979,14.527465,17.434486,23.792227,18.29866,19.8285,19.253098,23.1044,20.892689,18.110014,20.44147,0.75255096,1.9174845,6.6469226,0.6693969,24.278439,51.26075,24.459917,16.565243,20.108599,16.263443,16.671217,16.983183,20.468512,68.06
4446946.924,659589.7026,76.085785,0.88603216,0.59299266,22.252771,25.990604,28.639402,26.08205,18.962448,52.341877,50.47108,48.927086,54.59893,66.12517,25.066946,23.752005,21.740671,19.90229,15.335168,2.0090816,1.7859738,6.0565133,7.04225,1379.07,326.22888,-0.040527344,0.10285885,-0.001098633,35,15,0.8456733,0.50302553,0.27417105,0.30342317,0.31041628,1.015908,1.4331608,24.48227,21.472055,11.082482,14.912729,14.917087,19.012934,15.528064,16.90989,24.016983,25.258163,16.67687,18.82595,18.551382,20.30885,15.382496,19.939476,19.44635,15.759514,14.597508,15.670416,16.460373,19.06426,16.503366,16.49565,19.435595,14.479207,14.495376,14.915634,17.373184,18.251623,18.838923,16.304926,17.883003,18.176981,16.236,16.125227,16.221102,16.507057,16.433939,16.81279,23.500938,18.439209,19.964735,22.65275,22.32788,21.045101,16.264194,21.053272,0.73951244,1.8975277,6.5493817,0.6693969,24.121689,51.40648,24.409475,17.343945,19.860098,16.785969,16.827078,16.797615,20.599258,68.06
4446946.924,659594.7026,72.221954,0.86868036,0.589682,22.060719,25.83085,28.55663,26.01495,18.648018,52.71148,50.91833,49.136467,54.624184,66.385635,24.92479,23.705725,21.670933,19.895885,15.231168,1.9808437,1.7536719,6.0446887,7.017139,1379.08,303.66312,0.080078125,0.10314973,0.002197266,35,15,0.8456733,0.50302553,0.27417105,0.30342317,0.31041628,1.015908,1.4331608,24.392273,21.509005,11.032895,14.924744,14.911115,19.012934,15.458508,16.88092,24.027046,25.265848,16.688812,18.485512,18.559065,20.31269,15.382496,19.875456,19.44635,15.759514,14.597508,15.670416,16.460373,19.06426,16.503366,16.49565,19.37077,14.498134,14.431581,14.864392,17.292334,18.259996,18.838923,16.260454,17.883003,18.176981,16.236,16.125227,16.221102,16.507057,16.433939,16.81279,23.500938,18.439209,19.964735,22.65275,22.32788,21.045101,16.264194,21.053272,0.7291812,1.8672578,6.530914,0.6693969,23.945786,51.814903,24.315258,17.32021,19.817352,16.785969,16.793732,16.797615,20.599258,68.06
4446946.924,659599.7026,74.273415,0.84172595,0.5867948,21.618574,25.412622,28.470264,25.82318,17.928886,53.167023,51.544525,49.445175,54.992447,67.49232,24.802912,23.698132,21.673328,19.670639,14.885319,1.9383061,1.7191942,6.0795226,7.031629,1379.08,276.34018,-0.16015625,0.12983528,-0.0078125,35,15,0.8456733,0.50302553,0.27417105,0.30342317,0.31041628,1.015908,1.4331608,24.496435,21.541945,9.809208,14.74606,12.054488,19.30923,16.416025,16.226866,23.047125,24.650171,15.875744,18.705013,18.606438,20.646807,15.506597,19.511404,19.493206,15.072816,14.171182,13.927098,18.37546,20.372059,17.912,16.296217,18.163645,13.959579,15.148999,13.794042,16.98312,19.852724,18.194075,16.042387,17.495281,17.006516,16.334318,16.281586,14.460393,15.054298,17.182878,16.317863,23.709522,14.62054,21.109686,18.910273,22.664183,21.29959,17.07281,20.180502,0.71426034,1.8287501,6.555576,0.6693969,23.515598,52.355774,24.250523,16.910484,19.576841,17.04626,16.585169,16.259325,19.912373,68.06
4446946.924,659604.7026,71.97916,0.82472533,0.5845263,21.323755,25.0607,28.34872,25.647738,17.770218,53.725147,52.213543,49.877563,55.513275,67.51671,24.509937,23.97028,21.418211,19.346903,14.651485,1.9030191,1.6833131,6.0711155,7.034625,1379.1,270,0.040039062,0.17205468,-0.001098633,35,15,0.8456733,0.50302553,0.27417105,0.30342317,0.31041628,1.015908,1.4331608,23.828745,19.842192,10.204563,15.590708,10.653916,19.613716,15.534272,15.983432,23.966751,20.911467,16.062008,19.971804,18.722317,20.811554,15.399343,19.613691,20.04947,15.342918,14.186442,13.684154,16.85171,21.06174,19.132181,16.376562,17.595804,15.387256,14.751628,13.4705715,15.850868,20.863987,18.915838,15.931508,15.935893,15.818459,16.560736,16.235474,13.111083,14.568756,17.853798,15.747693,19.361044,16.767029,21.12132,17.234812,19.367027,21.85764,20.925299,19.462929,0.70462584,1.7931662,6.5528703,0.6693969,23.192226,52.969345,24.240108,16.466873,19.406464,17.186945,16.690851,15.726314,19.519167,68.06
4446946.924,659609.7026,69.07964,0.8062243,0.58153754,21.159567,24.957912,28.362387,25.70819,17.447115,54.2472,52.87919,50.152374,55.43931,67.81393,24.23444,23.943523,21.294466,19.394733,14.529453,1.8785228,1.6500477,6.061213,7.034776,1379.11,270,-0.12011719,0.17205468,-0.005615234,35,15,0.8456733,0.50302553,0.27417105,0.30342317,0.31041628,1.015908,1.4331608,23.828745,19.842192,10.204563,15.590708,10.653916,19.621447,15.425534,15.984075,24.585594,21.25518,16.429766,20.27961,19.161455,21.81939,16.162588,20.082733,19.873848,15.312863,14.150954,13.673378,16.733534,20.925903,19.024683,16.294142,17.688467,15.4189,14.800514,13.519931,15.924431,21.086933,19.562933,16.003124,19.768131,18.581026,18.829752,18.946241,16.733833,17.012775,18.129236,18.55018,19.440104,16.814926,21.20209,17.294153,19.443533,21.94693,21.02571,19.535906,0.6938809,1.7642852,6.5479946,0.6693969,23.058739,53.563194,24.088982,16.452444,19.956224,17.099308,16.857445,18.285858,19.595348,68.06
4446946.924,659614.7026,70.55922,0.7879407,0.5785119,20.998936,24.847464,28.447248,25.85354,17.140448,54.81095,53.629463,50.35984,55.281776,68.09152,23.909128,23.892317,21.173363,19.498783,14.416744,1.8609968,1.6139854,6.041233,7.0316415,1379.13,275.19443,0.040039062,0.15836725,0,35,15,0.8339592,0.52005893,0.28084373,0.33300707,0.3100277,1.0227883,1.4994522,23.984297,21.108603,11.26207,16.119778,13.161377,19.842278,16.255962,16.979235,25.120304,23.21433,16.703993,20.195044,19.3433,22.239845,16.874918,20.591845,21.289314,16.117746,14.616385,13.942166,18.39517,19.299137,17.356947,16.766178,19.108751,15.143833,15.486339,13.550595,16.918205,20.694359,19.10823,16.338903,20.018394,20.385012,19.114023,19.588924,18.283426,18.627235,18.456205,19.452158,22.449825,20.602173,20.667685,16.35584,21.006582,20.769753,18.976229,20.14026,0.6832263,1.7374911,6.536437,0.68573385,22.923199,54.220207,23.900723,17.390623,20.527391,17.288126,17.144331,19.21046,20.1183,68.06
4446946.924,659619.7026,76.22901,0.76709944,0.57516026,20.842426,24.70621,28.609018,26.130192,16.759966,55.450386,54.631176,50.474815,54.977165,68.38629,23.495956,23.778898,21.05775,19.71373,14.293484,1.8542697,1.5686382,6.0059433,7.0238004,1379.14,278.1301,-0.080078125,0.20276815,-0.006713867,35,15,0.8339592,0.52005893,0.28084373,0.33300707,0.3100277,1.0227883,1.4994522,24.432178,20.350954,11.157528,15.491112,13.153225,18.010944,14.073932,16.6435,24.546095,23.376303,16.52846,20.719612,19.224215,22.500534,16.883741,20.571617,19.826408,15.8146715,14.649974,13.909475,17.544771,18.462132,16.47003,16.240961,19.616728,15.285056,14.88094,14.1723175,15.925059,19.965149,18.227962,16.283663,20.268293,20.14387,18.974327,19.967237,18.311262,18.814852,20.790724,19.721125,23.558426,20.19822,20.58226,16.511265,21.268991,20.738132,23.85351,20.408829,0.6711298,1.7114539,6.5148716,0.68573385,22.774319,55.04078,23.637428,16.667126,20.539852,16.66821,16.867601,19.61008,20.958689,68.06
4446946.924,659624.7026,69.52205,0.7615197,0.57348865,20.691065,24.688265,28.636475,26.101349,16.79161,55.811024,54.338013,50.78994,55.036556,68.49981,23.35348,23.902222,20.942915,19.652473,14.253945,1.8275515,1.5612049,5.999588,7.0265303,1379.16,273.02054,-0.119628906,0.2720973,-0.006591797,35,15,0.8339592,0.52005893,0.28084373,0.33300707,0.3100277,1.0227883,1.4994522,24.242952,19.897083,11.294158,15.540814,13.150905,18.24497,14.4897585,16.634954,25.258095,24.812433,16.978136,21.166153,19.699236,22.753828,17.446886,21.18158,20.490871,15.982524,14.9409075,14.123433,17.756956,19.191124,16.995255,16.607664,20.434923,15.134154,14.899007,14.125977,15.422607,20.409065,18.3406,16.42211,20.120811,19.982523,18.597675,19.531792,18.175816,18.6303,20.523474,19.435968,23.53272,20.168938,20.515121,16.427866,21.260489,20.678255,23.704033,20.34338,0.6675042,1.6943781,6.513059,0.68573385,22.689665,55.074516,23.62785,16.694378,21.159252,17.068724,16.966618,19.366056,20.898203,68.06
4446946.924,659629.7026,63.888752,0.76416975,0.57266605,20.545986,24.72905,28.581215,25.927593,17.015581,56.01659,53.36257,51.200226,55.263145,68.51999,23.350727,24.140827,20.836422,19.469416,14.255867,1.7938052,1.5721526,6.00673,7.0345974,1379.19,272.72946,-0.2006836,0.6021548,-0.018920898,35,15,0.8339592,0.52005893,0.28084373,0.33300707,0.3100277,1.0227883,1.4994522,24.245043,20.76206,10.957169,14.990431,13.040348,18.234892,13.6503,16.452122,24.984606,24.615435,17.072527,20.7301,19.535452,22.692612,18.416964,21.137852,18.875347,17.1297,14.954082,14.182419,16.9701,19.164968,19.663872,16.657764,20.043045,16.576653,14.795733,14.56109,15.14018,20.512829,19.303673,16.680586,20.571611,19.270716,17.627268,19.405743,17.314905,18.6303,19.455635,18.793509,23.863163,20.105494,19.091963,17.636276,21.078924,20.55266,23.954844,20.239014,0.66841793,1.6829789,6.5206637,0.68573385,22.637518,54.689583,23.745777,16.554321,21.149672,17.277212,17.276173,18.896597,20.897617,68.06
4446941.924,659309.7026,51.507637,0.7896416,0.684104,23.269787,31.85679,27.105724,24.947401,22.207376,48.852795,42.34317,50.145947,59.429333,65.10383,27.607895,24.811838,22.691975,15.614333,13.1223345,1.7382212,1.8883666,5.8575215,7.284377,1377.92,39.857235,0.040527344,0.22344972,0.005615234,35,15,0.7900394,0.4855911,0.23177512,0.27271524,0.3072061,1.0350717,0.79773384,22.539345,20.568327,10.539978,15.717387,13.622746,16.331247,15.71719,16.18788,25.44263,25.674261,17.17137,21.804697,19.971518,22.125282,19.646288,21.591034,19.229246,17.399,15.177941,16.149239,16.129126,19.200964,17.930174,16.896711,16.20149,13.74858,13.14148,13.825505,13.204266,15.174646,15.509888,14.091834,15.18772,12.97745,11.684041,15.515368,12.086772,14.924988,13.880549,13.797212,17.406742,17.422384,16.471497,18.389679,16.15402,18.16376,18.567942,17.301882,0.7368728,1.8132939,6.5709496,0.56001896,27.56329,45.597984,26.209866,16.433746,21.690863,17.316528,14.400836,13.750984,17.51086,68.06
4446941.924,659314.7026,53.876488,0.80785185,0.6683288,23.811459,32.381763,27.696604,25.676363,22.135107,48.26553,41.41194,49.459152,58.234943,65.189674,27.968725,25.562843,22.778923,16.1334,13.277927,1.74432,1.9282514,5.9021206,7.277432,1377.9,65.23679,0.12011719,0.41033688,0.0078125,35,15,0.85083765,0.49311626,0.26348212,0.27659345,0.3090249,1.0039994,1.403559,22.45872,20.088963,11.038135,16.516891,14.154831,15.662983,15.889985,16.425049,25.224703,25.632086,17.248524,20.999853,19.731308,21.684244,20.4677,21.428377,21.289608,14.9876375,14.496853,14.657927,14.865361,18.001633,16.862923,16.294645,17.370834,11.138878,12.594716,12.830348,12.8340645,15.088099,16.87941,13.712224,14.245377,9.874562,9.728281,15.570597,14.845231,14.956041,14.580918,13.079048,18.965294,16.232283,15.961545,15.963016,16.60211,16.339436,18.381052,16.702856,0.73809034,1.8362857,6.589776,0.6572304,28.096611,44.838737,26.765785,16.544357,21.569775,16.451706,14.105193,13.400144,16.920677,68.06
4446941.924,659319.7026,57.621986,0.80718946,0.65457153,23.951643,32.921085,27.988281,26.079418,22.848923,47.87853,40.745262,48.87302,57.23879,64.21873,28.366465,25.70993,23.06337,16.701641,13.510538,1.7453341,1.9603342,5.948648,7.2697053,1377.86,68.74668,0.079589844,0.55325353,0.006591797,35,15,0.85083765,0.49311626,0.26348212,0.27659345,0.3090249,1.0039994,1.403559,21.725964,17.956675,8.99739,14.915998,12.180196,14.504549,14.19384,14.7535515,25.224703,25.632086,16.271856,20.377958,19.199852,21.285652,20.201973,20.955004,21.307877,15.29292,14.762047,15.117502,15.1694765,18.059795,16.87071,16.540754,16.642849,8.861674,10.317512,11.006178,10.993717,12.988878,15.479645,11.951424,14.098564,9.683539,9.420663,15.206988,14.866696,14.949688,14.566173,12.880821,18.757719,16.058031,15.272945,15.264498,15.939438,16.02355,18.043673,16.213428,0.7308805,1.8528342,6.6091766,0.6572304,28.436363,44.311897,27.038197,14.924945,21.170584,16.654333,12.3272085,13.256043,16.479979,68.06
4446941.924,659324.7026,52.430626,0.7985206,0.640258,24.098629,32.923496,28.35638,25.62897,23.162037,47.314583,40.623196,47.89282,57.145542,63.18598,28.990046,25.920706,23.694277,17.068796,14.102018,1.8052312,1.9701841,5.9947066,7.2635927,1377.81,65.13836,0.08105469,0.64710045,0.003417969,35,15,0.85083765,0.49311626,0.26348212,0.27659345,0.3090249,1.0039994,1.403559,22.426014,18.920717,10.062661,15.321887,12.587476,13.068427,15.318881,15.166576,23.962688,26.800123,16.424711,20.54803,19.083944,21.297,20.293623,20.913706,18.280046,16.729578,14.9796915,16.04439,14.738239,18.143053,15.22874,16.244633,12.255193,10.5310135,10.3725195,10.322046,10.476616,13.183579,13.775331,11.036782,14.616918,11.7652025,10.81379,11.518339,12.633861,14.899594,14.460007,12.25295,18.916092,16.777658,15.503873,14.945575,15.197968,15.204949,16.531775,15.937843,0.7193893,1.8877077,6.6291494,0.6572304,28.511063,43.968887,27.455376,15.38658,21.201447,16.306248,11.559471,12.958244,16.153984,68.06
4446941.924,659329.7026,62.17358,0.8035033,0.62838924,24.305672,33.191666,29.326263,26.574572,23.465664,46.643555,40.256226,45.61328,55.40945,62.14309,29.743286,26.47355,25.052408,18.015745,14.775989,1.889473,1.9932786,6.0340886,7.2540107,1377.75,61.87016,-0.12011719,0.69867766,-0.004394531,35,15,0.85083765,0.49311626,0.26348212,0.27659345,0.3090249,1.0039994,1.403559,22.565405,19.6701,9.552905,14.876738,12.834233,18.019253,15.992076,15.5588045,24.562649,27.182167,16.580116,21.612091,18.881386,23.444,20.698336,21.459099,18.68071,15.77365,13.608367,15.054245,14.8231125,15.646278,16.97528,15.389253,12.7797785,10.018559,9.1006155,9.405213,9.576542,10.157732,14.838391,10.133151,16.216347,15.33992,12.037529,14.396011,13.161011,16.73371,14.342907,14.148772,19.05133,18.575996,15.768458,15.3918915,15.30497,15.924688,18.292074,16.51956,0.71594626,1.9413757,6.6440496,0.6572304,28.748669,43.44989,28.108418,16.215815,21.851536,15.79452,10.839547,14.603919,16.901344,68.06
4446941.924,659334.7026,69.53309,0.81861126,0.62758374,24.31197,33.105488,29.378233,26.605228,23.534576,45.995907,40.153214,45.550274,54.938774,61.943985,30.515276,26.637892,25.061192,18.4371,15.114649,1.976169,2.0020554,6.0855603,7.2416635,1377.7,57.352776,-0.041015625,0.6634495,-0.004516602,35,15,0.85083765,0.49311626,0.26348212,0.27659345,0.3090249,1.0039994,1.403559,22.565405,19.6701,9.552905,14.876738,12.834233,18.019253,15.992076,15.5588045,24.562649,27.182167,16.580116,21.612091,18.881386,23.444,20.698336,21.459099,18.68071,15.77365,13.608367,15.054245,14.8231125,15.646278,16.97528,15.389253,12.7797785,10.018559,9.1006155,9.405213,9.576542,10.157732,14.838391,10.133151,16.216347,15.33992,12.037529,14.396011,13.161011,16.73371,14.342907,14.148772,19.05133,18.575996,15.768458,15.3918915,15.30497,15.924688,18.292074,16.51956,0.7230975,1.9891121,6.663612,0.6572304,28.708729,43.074562,28.576584,16.215815,21.851536,15.79452,10.839547,14.603919,16.901344,68.06
4446941.924,659339.7026,56.99143,0.8618154,0.6324191,24.453114,32.656776,29.847956,26.692495,23.341162,45.16379,39.972057,45.706482,54.255005,61.434208,31.39706,27.128632,24.408926,19.048964,15.952504,2.075163,2.0223427,6.1156106,7.2217593,1377.66,50.913548,0.041015625,0.59040934,0.001098633,35,15,0.85083765,0.49311626,0.26348212,0.27659345,0.3090249,1.0039994,1.403559,22.707552,17.768198,9.954777,13.8866,11.990662,17.787651,16.831848,15.114198,25.293991,26.058792,16.337887,21.079218,18.50959,21.065548,20.699013,21.024315,19.811916,14.521057,13.210353,14.105586,15.5569105,16.75339,15.619614,15.30806,14.75354,8.1196785,8.61206,8.724131,10.038494,11.004667,14.348206,10.089043,16.493626,13.946477,11.771544,13.184023,11.160991,14.189422,14.324809,13.239784,19.468529,20.169561,14.387382,15.328799,17.204744,16.171005,18.099527,16.687874,0.7471173,2.0487528,6.668685,0.6572304,28.554945,42.567924,29.262846,15.846755,21.292006,15.654119,10.800111,13.581555,17.261364,68.06
4446941.924,659344.7026,68.65904,0.87221575,0.6362688,24.693361,32.480606,29.972668,26.837597,23.322073,44.3057,39.68582,45.795147,53.40382,61.465187,32.301113,27.579777,24.197195,19.856289,16.186823,2.1745687,2.0368733,6.178964,7.219043,1377.62,45,-0.040039062,0.5469651,-0.002197266,35,15,0.8428825,0.49068457,0.2506953,0.271799,0.3089874,1.0088086,1.3544521,22.617447,18.142836,9.907041,12.042171,12.939952,18.729877,16.371561,14.982114,24.868988,26.259903,16.566612,20.642967,18.68738,21.089176,21.32733,21.037666,18.86014,14.801666,13.8861885,14.496144,15.167211,17.807365,18.277456,15.640489,13.304818,8.580513,8.650124,9.49307,10.270142,11.993732,15.132069,10.252918,17.888388,16.028358,11.753708,13.62157,11.270997,13.920404,16.971405,14.073688,19.888042,17.826584,14.279133,16.80531,16.930437,15.729958,20.347734,16.857473,0.7542423,2.105721,6.699003,0.6469014,28.586983,41.995758,29.940445,15.821554,21.348907,16.185167,11.060638,14.493547,17.401028,68.06
4446941.924,659349.7026,60.05896,0.901475,0.64086366,24.603704,32.618275,31.10847,28.128117,24.205173,43.354755,38.93347,43.551357,50.864136,59.13347,33.33551,28.63112,25.329884,21.377739,17.402163,2.2876537,2.0745735,6.2267084,7.193331,1377.59,38.651276,-0.000976563,0.5500912,0,35,15,0.8428825,0.49068457,0.2506953,0.271799,0.3089874,1.0088086,1.3544521,23.35617,20.280035,13.129994,14.728783,15.694084,19.70182,17.813387,17.245523,24.925354,26.16776,17.354322,20.937067,19.072735,21.577364,21.85819,21.388968,14.395552,10.147366,11.253423,11.097128,13.405101,16.944073,16.051067,12.435901,12.828005,8.243705,8.211522,9.037986,9.706212,11.470733,14.705548,9.793257,17.88263,16.054956,11.83944,13.707654,11.319251,13.949743,16.956963,14.126967,19.797064,17.73706,14.186394,16.717176,16.860046,15.674082,20.27302,16.772146,0.7711693,2.1811137,6.7100196,0.6469014,28.610989,41.14411,30.983315,17.814896,21.69897,13.327674,10.600531,14.53009,17.320692,68.06
4446941.924,659354.7026,66.65121,0.93141216,0.6450169,24.705462,31.856695,31.396185,28.768696,24.886208,42.490654,38.78943,42.89363,49.213795,57.177654,33.754044,29.152548,25.714128,22.370834,18.279022,2.369137,2.074014,6.300223,7.185069,1377.56,23.624788,-0.07910156,0.5000088,-0.008789063,35,15,0.8428825,0.49068457,0.2506953,0.271799,0.3089874,1.0088086,1.3544521,23.442648,20.13775,14.11596,14.324272,14.927218,17.45015,17.478455,17.109163,26.38839,26.751389,17.812752,20.75745,20.72426,21.956734,21.105513,22.02153,18.682838,13.367915,12.795723,12.287082,12.067856,17.981781,17.572634,14.18103,15.283198,11.818511,13.188258,11.992088,13.455853,14.36841,16.398703,13.427539,19.81643,21.173859,16.457897,17.394642,20.543022,18.70414,20.7812,18.705013,18.391222,19.926004,16.51744,16.836605,16.994942,15.931264,18.901564,17.435144,0.78821456,2.2215755,6.742646,0.6469014,28.281078,40.64004,31.453297,17.410921,22.213781,14.965118,13.786431,19.267313,17.642721,68.06
4446941.924,659359.7026,60.882095,0.950383,0.64451724,24.797121,31.791845,31.886627,28.607044,24.546719,41.600235,38.386604,42.19524,49.36162,58.195103,34.01759,29.46749,25.895418,22.290045,17.704552,2.4347804,2.0780458,6.3326807,7.157945,1377.55,14.056823,-0.079589844,0.4722453,-0.002197266,35,15,0.8428825,0.49068457,0.2506953,0.271799,0.3089874,1.0088086,1.3544521,21.547573,19.294024,13.6775055,14.617403,15.368888,17.103188,15.092275,16.634966,26.28487,27.33225,17.786884,20.97494,19.850035,20.239815,20.263186,21.79767,20.837416,14.793857,11.4161,12.372782,12.855831,14.2644825,15.521689,14.182902,16.68729,13.979857,12.730603,11.252016,13.282916,14.454007,15.165646,13.628563,18.74354,20.024672,15.886088,17.23028,20.68033,17.895767,20.629871,18.056128,17.745338,19.921812,16.210896,17.590883,16.20478,16.677805,19.530205,17.44082,0.7974501,2.256413,6.7453127,0.6469014,28.294483,39.99342,31.742538,16.67155,21.818853,14.580308,13.9360485,18.72722,17.69739,68.06
4446941.924,659364.7026,59.58822,0.96551037,0.64411676,25.061825,31.790907,31.913914,28.505192,24.525213,40.8832,38.110443,42.042244,49.5825,58.208855,34.187817,29.586948,25.990005,22.193235,17.69909,2.4935937,2.0840838,6.3636475,7.1632257,1377.54,11.993348,-0.03955078,0.4829839,-0.004394531,35,15,0.8428825,0.49068457,0.2506953,0.271799,0.3089874,1.0088086,1.3544521,21.547573,19.294024,13.6775055,14.617403,15.368888,17.103188,15.092275,16.634966,26.28487,27.33225,17.786884,20.97494,19.850035,20.239815,20.263186,21.79767,20.837416,14.793857,11.4161,12.372782,12.855831,14.2644825,15.521689,14.182902,16.68729,13.979857,12.730603,11.252016,13.282916,14.454007,15.165646,13.628563,18.74354,20.024672,15.886088,17.23028,20.68033,17.895767,20.629871,18.056128,17.745338,19.921812,16.210896,17.590883,16.20478,16.677805,19.530205,17.44082,0.80481356,2.2888389,6.7634363,0.6469014,28.426365,39.496822,31.887383,16.67155,21.818853,14.580308,13.9360485,18.72722,17.69739,68.06
4446941.924,659369.7026,62.381435,0.97321767,0.64231706,25.087046,31.511358,32.360004,28.582695,24.74533,40.41899,38.04797,40.629448,49.552193,57.395813,34.270462,29.75563,26.96198,22.224579,18.14584,2.5462198,2.0869458,6.380328,7.1637273,1377.54,0,0.040527344,0.48677862,0.001098633,35,15,0.8428825,0.49068457,0.2506953,0.271799,0.3089874,1.0088086,1.3544521,21.488876,19.279,11.396626,14.795364,16.3547,18.324387,16.265802,16.29648,26.771503,26.029608,17.072718,21.030027,20.999016,22.462925,20.126541,21.901237,20.361021,13.312789,11.571582,12.000059,12.773071,16.895214,14.658874,14.091629,16.627327,12.572556,12.322133,11.67518,13.752028,14.310859,14.134982,13.4983635,19.018044,19.60177,16.434244,15.353865,19.74149,20.168682,16.65478,17.964025,18.216406,19.60319,16.874384,16.027756,15.207488,15.731768,18.608189,17.116226,0.8077674,2.3165827,6.772028,0.6469014,28.299202,39.233482,32.013046,16.843536,22.070333,14.510374,13.627867,18.138983,17.18131,68.06
4446941.924,659374.7026,71.06902,0.9902198,0.6338523,25.298664,31.474577,32.148674,28.08124,24.852795,40.015347,37.983894,40.950996,49.832516,57.05285,34.31829,29.877874,26.804956,22.381645,18.336517,2.6115544,2.086973,6.3762965,7.1628933,1377.54,346.74112,-0.079589844,0.50010896,-0.004394531,35,15,0.8312511,0.49282578,0.26467192,0.2806153,0.30870363,1.0109676,1.3480704,21.768517,18.979254,10.813516,16.903957,16.709223,15.070846,16.341278,16.372318,24.453484,26.260263,16.984411,21.311085,20.228167,21.836021,20.268549,21.431612,18.851448,13.180421,11.167892,12.053494,10.289158,14.102963,15.908566,13.190521,14.87013,12.459359,11.468143,12.974451,13.006284,11.252768,14.818443,12.900472,20.653347,20.076996,16.22043,16.362228,20.006239,18.602386,17.26586,18.355171,18.607374,18.123058,16.733,17.376661,14.33727,17.211695,18.983025,17.256594,0.81203604,2.3492637,6.769595,0.64815795,28.38662,38.99962,32.098083,16.655226,21.620283,13.650564,12.978511,18.455355,17.33887,68.06
4446941.924,659379.7026,74.962875,1.0118154,0.6219751,25.471941,31.353516,32.279747,27.50409,25.075546,39.64536,37.937645,40.45815,50.293602,56.644024,34.439774,30.104187,27.087746,22.469463,18.42766,2.6799114,2.0809834,6.424429,7.1796927,1377.56,341.5778,0.08105469,0.49795917,0.005615234,35,15,0.8312511,0.49282578,0.26467192,0.2806153,0.30870363,1.0109676,1.3480704,21.768517,18.979254,10.813516,16.903957,16.709223,15.070846,16.341278,16.372318,24.453484,26.260263,16.984411,21.311085,20.228167,21.836021,20.268549,21.431612,18.851448,13.180421,11.167892,12.053494,10.289158,14.102963,15.908566,13.190521,14.87013,12.459359,11.468143,12.974451,13.006284,11.252768,14.818443,12.900472,20.653347,20.076996,16.22043,16.362228,20.006239,18.602386,17.26586,18.355171,18.607374,18.123058,16.733,17.376661,14.33727,17.211695,18.983025,17.256594,0.81689525,2.3804474,6.802061,0.64815795,28.412727,38.791504,32.27198,16.655226,21.620283,13.650564,12.978511,18.455355,17.33887,68.06
4446941.924,659384.7026,79.48847,1.0137172,0.62041366,25.540855,31.003473,32.58702,27.192574,24.830532,39.88052,38.38779,40.625046,49.96813,57.277138,34.08516,30.10408,26.570812,22.96638,18.173555,2.669386,2.0668228,6.4219747,7.186731,1377.57,331.92508,-0.041015625,0.48669633,-0.003417969,35,15,0.8312511,0.49282578,0.26467192,0.2806153,0.30870363,1.0109676,1.3480704,22.105705,19.004316,11.521747,15.342018,15.050697,14.711695,14.8487215,16.006556,24.855455,25.692167,16.817049,20.512245,19.972692,20.689636,20.982569,21.107828,18.646769,14.505317,11.192326,11.258577,10.814625,15.167864,16.358862,13.221818,13.918327,14.188679,11.707185,11.657953,12.705136,11.908873,15.745231,12.554263,21.634981,18.280676,14.402313,15.587378,18.335508,15.718543,21.984629,17.183746,18.864634,21.001661,16.971258,18.72275,15.356242,15.145876,15.64579,17.469864,0.8170654,2.3681045,6.8043528,0.64815795,28.272163,39.134155,32.09462,16.083557,21.36026,13.992049,13.11877,17.992004,17.386887,68.06
4446941.924,659389.7026,75.488495,1.0111054,0.6225538,25.761923,30.730957,32.48889,27.627758,24.69257,40.217255,38.83349,40.941917,49.428978,56.839245,33.716618,30.216421,26.443266,23.092472,18.815393,2.631893,2.0541418,6.4436846,7.20189,1377.6,317.09714,0.03955078,0.5473317,0.001098633,35,15,0.8312511,0.49282578,0.26467192,0.2806153,0.30870363,1.0109676,1.3480704,22.74781,17.087841,7.95175,13.330917,10.407123,14.135087,11.949078,13.956257,24.515148,26.75205,16.975674,20.813864,20.675344,21.469692,20.685093,21.324007,20.22508,17.880167,13.191113,14.847952,15.778539,20.83247,17.798302,16.372261,14.850225,10.435916,8.993282,9.202433,11.411342,12.664758,14.667416,10.967788,17.869852,15.810092,11.517273,12.576357,13.507373,14.513315,18.438639,14.053166,21.285242,18.417366,16.126184,18.135708,16.495787,17.794945,17.030874,17.867907,0.8168296,2.3430173,6.8227873,0.64815795,28.24644,39.52537,31.966518,13.944229,21.698124,17.221947,11.746482,14.890413,17.898014,68.06
4446941.924,659394.7026,80.662285,1.000815,0.61878425,25.687605,30.437649,32.440838,27.67521,24.65547,40.709503,39.496365,41.415234,49.368637,56.91355,33.294384,30.089743,26.089031,23.14565,18.776125,2.59474,2.0363069,6.440161,7.2094646,1377.63,306.13068,-0.15966797,0.6559339,-0.010009766,35,15,0.8312511,0.49282578,0.26467192,0.2806153,0.30870363,1.0109676,1.3480704,22.723558,17.338978,7.9810977,13.347441,10.845698,14.689747,12.360295,14.094615,24.286646,26.599161,16.260311,20.280085,20.05101,21.21317,20.173727,20.870981,20.203495,17.796854,13.195874,14.840787,15.771501,20.820927,17.674751,16.34778,14.948536,10.424369,9.042546,9.202179,11.42242,12.753872,14.859729,11.006362,17.848616,15.801349,11.467308,12.485171,13.457406,14.483961,18.471115,14.009708,21.353294,18.50689,16.212793,18.22057,16.591133,17.848787,17.09855,17.950151,0.8097997,2.3155234,6.824813,0.64815795,28.062626,40.102936,31.692062,14.18383,21.2663,17.186314,11.807664,14.859276,17.976002,68.06
4446941.924,659399.7026,76.67144,0.9976395,0.6165544,25.636978,30.138737,32.50477,27.38716,24.634632,41.123665,40.185616,41.491127,49.59142,57.240738,32.938156,29.944702,26.00825,23.184202,18.483921,2.5818129,2.0213776,6.4241405,7.210614,1377.69,296.56506,-0.000976563,0.76862615,-0.002319336,35,15,0.8312511,0.49282578,0.26467192,0.2806153,0.30870363,1.0109676,1.3480704,22.41146,16.968645,8.5075655,12.139986,10.473121,14.587376,16.204033,13.860313,24.923218,25.934921,16.660477,20.561575,19.67338,22.176228,20.434252,21.125406,19.753374,18.42496,15.176018,15.712873,16.176332,21.653997,18.246576,17.163523,14.831748,9.51382,9.634608,10.059363,11.15845,12.945864,16.44194,11.150464,18.155619,13.595318,12.126157,14.024007,14.195079,14.480884,19.120667,14.171613,19.29316,19.103777,15.906249,17.113514,17.243498,15.699065,20.141083,17.36184,0.80709696,2.3015952,6.817377,0.64815795,27.887857,40.65464,31.44143,14.470312,21.480577,17.877733,12.083685,15.099675,17.785765,68.06
4446941.924,659404.7026,73.28092,0.9924321,0.6071773,25.342487,29.40646,32.061687,26.653067,24.402851,41.597816,41.079514,42.846695,50.959957,58.55669,32.538452,29.704689,25.112078,22.609797,17.59636,2.5721586,1.9998001,6.400656,7.2079496,1377.75,291.78696,-0.040039062,0.77162015,-0.003295898,35,15,0.84647715,0.49411312,0.265459,0.27773136,0.30905366,1.0129018,1.4233682,22.664806,17.166918,8.460631,12.391729,9.900111,18.683985,16.541468,14.237794,26.200102,26.462942,16.533495,20.339823,20.214262,22.640549,20.222311,21.43258,19.91939,18.472795,14.740521,16.088001,15.884143,18.93154,17.763798,16.903055,14.099967,9.530636,9.32053,10.420133,9.871461,14.24771,14.309104,10.974857,18.365946,14.451884,12.596478,14.371821,15.1343,14.489433,15.119469,14.621892,18.859344,18.54217,16.063963,17.87999,18.413187,15.657211,20.027977,17.56117,0.7998047,2.2859793,6.804303,0.66130066,27.374474,41.338665,31.12157,15.115664,21.801926,17.400026,11.685648,14.932761,17.92055,68.06
4446941.924,659409.7026,74.96209,1.0208296,0.6266706,25.340117,28.751183,31.984276,26.605957,24.811533,41.923702,41.77321,43.189808,51.00174,58.348305,32.233177,29.903975,24.890942,22.664505,17.383522,2.5883083,1.9889072,6.447017,7.225056,1377.81,287.69064,-0.07910156,0.7065619,-0.003295898,35,15,0.84647715,0.49411312,0.265459,0.27773136,0.30905366,1.0129018,1.4233682,22.688013,17.197252,8.491734,12.416441,9.930731,18.683985,16.551674,14.26348,25.563133,26.269285,16.50476,20.073883,19.98028,22.24043,19.812346,21.161495,19.964745,18.726469,15.001874,16.306301,16.122454,18.846914,17.843235,17.085804,14.940422,10.626458,10.243144,11.226152,10.700656,15.136963,14.755124,11.879714,17.181454,14.268989,11.10072,13.049291,13.613078,12.808664,15.814097,13.442368,18.733461,18.49063,15.94383,17.762152,18.281553,15.525578,20.003809,17.45078,0.8237501,2.2886078,6.8360367,0.66130066,27.04565,41.848457,31.068577,15.137118,21.492018,17.54457,12.518417,13.976613,17.820143,68.06
4446941.924,659414.7026,75.12142,0.9998686,0.6286522,25.031687,28.58621,31.499739,26.644377,24.90441,43.003864,42.408794,44.537643,51.46636,58.23638,31.475914,29.315132,24.10495,22.141212,16.951336,2.5090117,1.9850184,6.450253,7.241314,1377.87,282.24835,-0.000488281,0.6741609,-0.002197266,35,15,0.84647715,0.49411312,0.265459,0.27773136,0.30905366,1.0129018,1.4233682,22.774733,17.387506,8.446734,12.551347,12.311307,13.896424,16.00524,14.176938,24.916931,25.477615,17.12451,20.303493,19.696775,22.746847,19.996237,21.184355,18.910362,16.53882,15.832473,16.197346,14.959472,16.38528,17.488688,16.51823,14.750614,9.56779,11.365653,11.552263,10.592374,12.4436865,15.147415,11.83505,17.079956,12.944829,12.111515,11.054255,10.672076,14.651369,17.864124,12.980614,17.242851,16.851698,17.18778,17.17246,16.110079,16.747108,17.028812,17.003626,0.81426036,2.247015,6.845783,0.66130066,26.808949,42.70633,30.395523,14.767613,21.466059,16.616064,12.202827,13.768304,16.905827,68.06
4446941.924,659419.7026,76.02134,0.9591559,0.6318553,24.492393,28.678762,30.98862,25.986452,24.963415,44.37361,43.041626,45.857723,52.441555,57.158104,30.57106,28.255219,23.457598,21.752823,17.33605,2.3954732,1.9895058,6.4387255,7.2669525,1377.93,279.44342,0.000976563,0.6969322,0,35,15,0.84647715,0.49411312,0.265459,0.27773136,0.30905366,1.0129018,1.4233682,23.198149,19.127579,11.461146,14.533159,14.002341,16.955872,16.215874,16.127806,25.283295,25.536911,18.059286,21.155333,19.918983,21.250462,19.99397,21.59508,19.471786,15.5308275,15.654244,15.699326,14.4104,17.657867,18.109573,16.279913,16.099941,11.389483,13.294211,12.631111,11.9585495,13.250595,16.657297,13.157582,16.330479,10.604581,10.463962,11.565512,8.599567,13.7494545,15.814762,11.725606,18.505867,15.840172,16.238752,18.120768,13.169961,16.509771,17.603544,16.460104,0.79550564,2.1924896,6.852839,0.66130066,26.585579,43.70762,29.41314,16.49916,21.599749,16.647718,13.611598,12.446901,16.569834,68.06
4446941.924,659424.7026,75.08019,0.93049157,0.6404612,24.26014,28.90061,30.725046,25.781187,24.624672,45.74305,43.594006,46.77574,52.84364,57.440495,29.698755,27.29176,22.909363,21.53109,17.195627,2.2922919,1.9947321,6.444824,7.2854514,1377.99,277.50473,-0.040527344,0.765725,-0.004516602,35,15,0.84647715,0.49411312,0.265459,0.27773136,0.30905366,1.0129018,1.4233682,23.318218,19.28898,11.694894,14.713806,14.03041,16.991428,16.267157,16.26306,27.447577,28.06225,18.707104,22.508953,21.479239,22.7435,21.599371,23.15667,18.943827,15.129338,15.309598,15.364435,13.961712,17.870945,17.615053,15.923736,15.21236,11.306712,12.812748,12.670908,12.209706,12.953929,16.427538,12.903184,15.809625,9.793225,10.370747,11.229014,8.03324,13.464682,15.301738,11.312312,17.488522,14.886609,15.882022,17.532072,12.618606,15.918943,16.908194,15.803203,0.7854764,2.143512,6.865138,0.66130066,26.580376,44.668526,28.495258,16.614985,23.221144,16.313557,13.370558,12.000323,15.89071,68.06
4446941.924,659429.7026,71.503365,0.9122701,0.6503149,24.340282,29.333916,30.886496,25.2436,23.752413,47.157944,44.015915,47.312477,53.69416,59.390873,28.911942,26.450207,22.318274,21.199944,16.040182,2.203126,2.0087245,6.433947,7.2930827,1378.06,273.16263,-0.19921875,1.0330935,-0.014404297,35,15,0.84647715,0.49411312,0.265459,0.27773136,0.30905366,1.0129018,1.4233682,23.313938,21.666723,13.072467,17.655735,15.314498,19.458752,16.379622,18.006357,27.363895,29.585512,18.22956,23.068073,20.950598,23.840939,22.851542,23.397285,18.430832,14.72169,13.910798,15.932089,17.105711,18.613773,18.631752,15.999423,15.10687,11.274232,12.284429,11.726748,13.583163,14.062355,17.520044,12.846513,16.18938,8.76718,10.581332,10.036003,9.482095,13.394597,15.327119,11.210632,18.935783,16.587488,16.23073,16.35211,15.255368,16.990803,17.894873,16.66132,0.78129256,2.105925,6.863515,0.66130066,26.8371,45.58693,27.681074,18.123106,23.69859,16.763805,13.65112,11.968245,16.89245,68.06
4446941.924,659434.7026,68.38643,0.8949784,0.65564823,24.071577,29.542635,30.70227,24.870735,23.31856,48.745842,44.66949,48.52938,54.01668,59.005016,27.835503,25.461279,21.551857,21.260714,16.356281,2.141098,2.0200758,6.451319,7.309832,1378.17,268.65833,0,1.2319862,0,35,15,0.8477766,0.49813542,0.26708975,0.28754276,0.310292,1.0156335,1.4365695,23.356014,21.614416,13.06031,17.598972,15.262189,19.620564,16.450758,17.99627,27.828869,30.012932,18.1789,23.19362,21.042604,24.09191,22.95182,23.591925,20.353739,16.475609,13.9844885,16.474476,17.579554,20.176842,18.894547,16.931173,17.02421,12.790294,12.673157,12.376199,14.150352,15.644111,18.298304,13.851087,17.759712,11.209048,12.957171,12.548985,11.720351,15.535146,16.86493,13.433974,21.842123,19.07369,17.59688,18.09998,17.276278,19.895847,19.489042,18.761469,0.7753133,2.080587,6.8805757,0.6661485,26.807106,46.707664,26.648392,18.137604,23.900095,17.705608,14.708089,14.08505,19.03912,68.06
4446941.924,659439.7026,67.079445,0.8738221,0.65412974,23.63481,29.817505,31.02934,24.347443,22.211046,50.659435,45.48652,50.386047,53.771652,59.312386,26.520771,24.142275,19.768566,21.954523,16.135515,2.1004436,2.0524113,6.45391,7.3181458,1378.28,263.65222,0.12011719,1.1669679,0.006713867,35,15,0.8477766,0.49813542,0.26708975,0.28754276,0.310292,1.0156335,1.4365695,22.997902,21.657919,14.46629,17.72969,14.5423355,19.376688,16.966541,18.209755,26.489136,28.566948,18.378216,22.686796,20.859215,23.041573,20.706675,22.943617,19.22195,15.441264,14.046464,13.9677305,15.702544,17.420088,13.912677,15.530993,17.26197,13.761184,12.893471,13.377222,14.4761915,16.029058,18.467653,14.382833,18.48724,17.049536,17.567408,17.981335,17.257135,16.11175,18.827923,17.55648,19.845373,15.199883,14.894688,15.280241,19.420092,19.386814,16.747078,16.761534,0.7639759,2.0764275,6.886028,0.6661485,26.726158,48.072975,25.331524,18.248196,22.961224,15.673245,15.1809635,17.61176,17.253452,68.06
4446941.924,659444.7026,62.621063,0.8820608,0.66643256,23.44557,29.784723,30.10215,24.389383,22.873272,51.437923,45.834347,50.695126,54.80212,60.50731,26.160732,23.89221,20.243456,20.899431,15.24315,2.0521882,2.023199,6.4803452,7.344241,1378.37,261.24304,-0.080078125,1.1299874,-0.004394531,35,15,0.8477766,0.49813542,0.26708975,0.28754276,0.310292,1.0156335,1.4365695,22.626038,22.625803,13.430264,17.378544,14.640529,18.753042,15.874535,17.737276,26.80122,29.04096,16.87465,21.3858,19.860785,24.009478,20.681242,22.31991,18.825481,15.830632,13.790821,13.937012,14.258003,17.560467,14.784532,15.294316,15.534276,12.551356,10.922738,11.277774,12.845811,16.188457,16.45021,12.73751,16.894968,17.001192,16.766829,16.970034,14.544019,16.881254,15.635234,16.588545,17.737972,14.892962,14.524575,15.127797,16.425562,17.52475,15.854154,15.635133,0.7742467,2.0376935,6.9122934,0.6661485,26.615147,48.636135,25.02647,17.904108,22.664877,15.569565,13.681518,16.38479,16.012539,68.06
4446941.924,659449.7026,58.14888,0.89507204,0.6736914,23.186468,29.755806,28.908806,24.790377,24.444174,51.934937,46.025986,51.05688,56.020374,60.429066,25.968895,23.882662,20.788513,19.301783,14.62447,2.0106611,1.9828779,6.526026,7.3778934,1378.47,262.39722,-0.12011719,1.3002241,-0.012207031,35,15,0.8477766,0.49813542,0.26708975,0.28754276,0.310292,1.0156335,1.4365695,21.498457,22.15441,13.308236,17.072342,14.307152,17.627619,15.44015,17.232035,27.004791,29.24453,17.078218,21.589369,20.064354,24.213047,20.88481,22.523485,18.848312,15.830632,13.790821,13.937012,14.258003,17.575687,14.790181,15.29939,16.131973,12.660184,11.039321,11.395907,12.983258,16.62936,16.614773,12.964732,17.225477,17.077757,16.837105,17.037626,14.69679,17.068565,15.786671,16.73202,16.774128,14.470157,14.174584,14.753985,15.183228,16.693546,15.615807,15.016636,0.78438175,1.9967694,6.9519596,0.6661485,26.471138,48.98046,24.925777,17.344051,22.868444,15.575807,13.922112,16.532856,15.380775,68.06
4446941.924,659454.7026,56.50002,0.9010727,0.6749406,23.008303,29.806889,28.021372,25.274523,25.652813,52.53952,46.063423,51.387314,56.46823,60.184258,25.69014,23.808508,21.112158,18.340662,14.500225,1.975184,1.9570669,6.5682197,7.4046946,1378.59,263.5098,-0.040039062,1.2682616,0.001098633,35,15,0.8477766,0.49813542,0.26708975,0.28754276,0.310292,1.0156335,1.4365695,23.646694,21.329702,12.632268,16.930603,13.857964,17.933895,17.308231,17.317,25.47372,26.548403,16.651125,20.043169,17.977583,19.902153,20.65482,20.804922,20.869919,18.271599,16.413755,15.637634,18.091124,18.34593,18.553211,17.640413,19.760193,13.120891,11.577691,11.168208,13.055439,15.366669,15.8958235,13.6112175,16.203424,16.65667,17.3728,16.868189,13.827003,15.763558,14.850156,16.364758,16.706516,13.902027,13.441844,14.784845,17.227242,16.670586,14.648015,14.845809,0.78800666,1.9661255,6.986457,0.6661485,26.407597,49.30147,24.749325,17.662764,21.035854,18.026169,14.277844,15.934543,15.340155,68.06
4446941.924,659459.7026,59.065617,0.9005964,0.6690697,22.876131,29.979832,27.15533,25.736502,26.872623,53.1621,45.81223,52.09957,56.509377,59.771095,25.420729,23.782463,21.029581,17.7857,14.459653,1.9414417,1.9427108,6.620747,7.4336424,1378.69,266.81802,-0.000488281,1.0331128,0,35,15,0.8477766,0.49813542,0.26708975,0.28754276,0.310292,1.0156335,1.4365695,23.667824,21.647606,11.771633,17.4611,12.9653635,19.36864,17.470633,17.30835,24.111214,25.343283,16.321287,20.144966,18.869469,19.89698,19.723352,20.352873,19.868591,17.461744,13.78436,13.229757,14.80705,15.682208,16.69744,15.479608,19.842854,16.485815,14.191867,13.036476,14.539998,14.568858,19.620436,15.428769,18.436247,16.77197,17.92772,17.378376,16.119316,16.162987,16.743359,17.36035,15.46714,15.27806,15.492183,15.295771,14.992747,13.788738,18.212318,15.345325,0.7848331,1.9420762,7.027195,0.6661485,26.427982,49.487167,24.601597,17.764687,20.63008,15.933022,16.0409,17.077139,15.503851,68.06
4446941.924,659464.7026,55.2748,0.89369154,0.6610828,22.706621,30.463179,26.385992,26.034824,28.18163,53.824913,45.38157,52.48508,56.768433,59.447224,25.102129,23.689072,21.212261,17.208887,14.420099,1.9158504,1.9400698,6.6303587,7.4505453,1378.78,271.9107,0.16064453,0.8599902,0.008911133,35,15,0.8574515,0.48778638,0.26654893,0.28495967,0.30898124,1.0072573,1.4099362,23.994135,21.647606,11.771633,17.4611,12.9653635,19.36864,17.470633,17.362734,24.116953,25.343283,16.321287,20.144966,18.869469,19.89698,19.723352,20.353828,19.868591,17.461744,13.78436,13.229757,14.80705,15.682208,16.69744,15.479608,19.842854,16.485815,14.191867,13.036476,14.539998,14.568858,19.620436,15.428769,18.386833,16.725069,17.884848,17.33685,16.075098,16.117428,16.698832,17.31549,15.46714,15.27806,15.492183,15.295771,14.992747,13.788738,18.212318,15.345325,0.77738714,1.9279602,7.040452,0.66041726,26.5849,49.60324,24.3956,17.811302,20.6309,15.933022,16.0409,17.032137,15.503851,68.06
4446941.924,659469.7026,50.550293,0.8792094,0.6407353,22.27643,31.320103,25.132294,27.091951,30.066805,54.727142,44.693474,53.69089,57.37348,59.898575,24.468721,23.43244,21.169657,15.547972,13.768872,1.9023768,1.9604867,6.65761,7.473135,1378.84,273.8182,-0.000488281,0.64591396,0.003295898,35,15,0.8574515,0.48778638,0.26654893,0.28495967,0.30898124,1.0072573,1.4099362,23.956491,21.355814,9.943981,16.894333,14.227023,19.375835,16.566547,16.903303,24.808815,24.604136,16.50198,20.579388,19.147789,20.698725,18.490892,20.614025,20.151127,17.585844,14.859856,14.125783,14.745827,16.463886,16.5374,16.05524,21.12045,15.589404,15.696073,13.321924,15.219621,14.568858,19.697502,16.050125,19.363052,15.940049,18.630833,17.895832,17.665777,16.099953,18.74192,17.880396,16.094713,15.642226,17.410612,15.4203005,14.473575,13.834405,18.65911,15.93792,0.75997233,1.9314318,7.0653725,0.66041726,26.798267,49.710308,23.95058,17.474289,20.690247,16.352818,16.459118,17.762487,15.933563,68.06
4446941.924,659474.7026,53.396225,0.8740835,0.6493924,22.158665,31.034851,24.985302,26.638193,28.824896,54.24614,44.728348,53.950367,57.866158,60.730072,24.766964,23.568172,20.951147,15.50985,13.567481,1.8640041,1.9239787,6.647021,7.487464,1378.89,271.8476,0.080078125,0.44469818,0.005615234,35,15,0.8574515,0.48778638,0.26654893,0.28495967,0.30898124,1.0072573,1.4099362,23.944252,19.57757,10.13248,16.786297,14.682102,17.99112,16.30129,16.603243,23.819218,24.069023,16.348427,19.888912,19.083405,20.698303,18.838356,20.186277,18.471,17.055029,15.237691,13.853267,15.150837,16.229984,16.395227,15.777454,18.46371,15.522301,15.299489,13.304392,15.664543,14.544759,20.357538,15.518573,18.53983,15.679699,17.523228,17.111519,17.302162,15.691442,19.375582,17.257933,15.850589,16.69183,17.550688,14.920657,15.48174,13.538277,19.098452,16.150957,0.76173794,1.8939915,7.0672426,0.66041726,26.596758,49.487244,24.167568,17.059301,20.392233,16.056147,16.165247,17.317638,16.161747,68.06
4446941.924,659479.7026,55.13569,0.8701361,0.6597534,22.433725,30.79169,25.147203,25.898943,27.351776,53.323006,44.733295,53.44158,57.831356,60.262825,25.372696,23.80954,21.36241,16.288633,14.533976,1.8240566,1.8763522,6.648555,7.4993076,1378.92,272.98184,0.040527344,0.27226275,0.004516602,35,15,0.8574515,0.48778638,0.26654893,0.28495967,0.30898124,1.0072573,1.4099362,23.944252,19.57757,10.13248,16.786297,14.682102,17.99112,16.30129,16.603243,23.819218,24.069023,16.348427,19.888912,19.083405,20.698303,18.838356,20.186277,18.471,17.055029,15.237691,13.853267,15.150837,16.229984,16.395227,15.777454,18.46371,15.522301,15.299489,13.304392,15.664543,14.544759,20.357538,15.518573,18.53983,15.679699,17.523228,17.111519,17.302162,15.691442,19.375582,17.257933,15.850589,16.69183,17.550688,14.920657,15.48174,13.538277,19.098452,16.150957,0.76494473,1.8502045,7.073931,0.66041726,26.612709,49.028152,24.591118,17.059301,20.392233,16.056147,16.165247,17.317638,16.161747,68.06
4446941.924,659484.7026,55.32094,0.8665289,0.65852225,22.512074,30.868803,25.144966,25.395283,26.173344,52.5604,44.607193,53.186394,57.99648,60.66583,25.872574,23.882765,21.574507,16.597298,14.562373,1.7988356,1.8415473,6.6371636,7.511311,1378.94,293.0531,0.119140625,0.10850589,0.008789063,35,15,0.8574515,0.48778638,0.26654893,0.28495967,0.30898124,1.0072573,1.4099362,23.41346,21.929838,11.315761,16.642042,14.646797,14.955797,16.870253,16.894274,24.986965,25.248245,16.545404,20.445347,19.070847,19.57431,19.33539,20.67101,18.511724,15.975521,13.837727,13.810147,14.9316635,16.339647,15.413484,15.262932,18.489336,14.376961,14.738034,13.043016,16.166626,15.194736,18.320272,15.281131,19.61634,15.752121,16.980986,17.049026,17.109964,15.136096,17.08328,17.221039,17.04745,15.799912,16.254736,15.852974,17.378931,16.170048,14.906861,16.303282,0.76252556,1.8201914,7.0742373,0.66041726,26.690437,48.583794,24.87767,17.110563,20.743788,15.545701,15.761283,16.961117,16.201557,68.06
4446941.924,659489.7026,50.441723,0.86640847,0.6538567,22.361376,30.912048,25.038153,25.031393,25.242737,51.823597,44.520695,52.98788,57.668545,60.082626,26.251818,23.83402,21.905546,17.229929,15.456744,1.7897606,1.8124511,6.634384,7.529582,1378.94,11.147006,0.07910156,0.07235524,0.003295898,35,15,0.8574515,0.48778638,0.26654893,0.28495967,0.30898124,1.0072573,1.4099362,23.628122,21.573935,12.475423,16.966911,14.947627,15.4483795,13.925607,17.294926,24.443398,26.176306,16.305752,20.313568,18.71514,19.986425,19.79824,20.674536,19.047523,15.591741,12.932285,14.040835,15.399035,18.572432,18.279552,15.631379,20.070026,16.871279,14.884482,13.2338085,16.23622,16.990395,17.362123,16.079903,18.853952,16.65102,17.111393,17.406466,16.738129,11.990476,14.6097765,16.8849,19.021381,16.62382,14.774114,15.82297,15.327721,14.173292,14.597675,15.915427,0.76013255,1.8011059,7.081983,0.66041726,26.636711,48.172146,25.04292,16.995144,20.819834,16.266201,16.52119,16.19446,15.762996,68.06
4446941.924,659494.7026,54.80222,0.8731142,0.64986634,22.682611,31.106478,24.867952,24.595175,23.900057,51.049324,44.41148,53.292862,58.13844,61.695583,26.627401,23.71254,21.658155,17.171038,14.713855,1.7942803,1.7833627,6.6097507,7.5472007,1378.93,23.174322,-0.119140625,0.10841371,-0.004394531,35,15,0.85605127,0.4901761,0.22555043,0.28641227,0.30903643,1.0110209,1.3474215,23.628122,21.573935,12.475423,16.966911,14.947627,15.4483795,13.925607,17.294926,24.443398,26.176306,16.305752,20.313568,18.71514,19.986425,19.79824,20.674536,19.047523,15.591741,12.932285,14.040835,15.399035,18.572432,18.279552,15.631379,20.070026,16.871279,14.884482,13.2338085,16.23622,16.990395,17.362123,16.079903,18.853952,16.65102,17.111393,17.406466,16.738129,11.990476,14.6097765,16.8849,19.021381,16.62382,14.774114,15.82297,15.327721,14.173292,14.597675,15.915427,0.7614903,1.7888215,7.078476,0.64652413,26.894545,47.7304,25.169971,16.995144,20.819834,16.266201,16.52119,16.19446,15.762996,68.06
4446941.924,659499.7026,58.27556,0.89026755,0.6503094,22.81495,31.380669,24.45624,24.276915,22.64247,50.158447,44.33481,53.51498,58.355026,62.290504,27.140112,23.445522,21.944752,17.154293,14.638212,1.8020766,1.7479031,6.6009064,7.5902963,1378.93,0,0.000488281,0.14267963,-0.004394531,35,15,0.85605127,0.4901761,0.22555043,0.28641227,0.30903643,1.0110209,1.3474215,24.149145,21.289421,13.8763,16.976446,15.095607,15.495003,15.165298,17.712423,24.045658,26.79312,16.234207,20.429586,19.291601,19.833786,19.294344,20.756971,18.257126,14.513764,12.619714,13.762898,13.887405,16.902729,16.176725,14.723293,19.646736,14.797168,13.745444,13.437422,14.97926,15.5631695,15.703442,15.221377,17.779884,18.747362,16.650858,17.101124,15.563697,13.199049,16.434187,16.884403,17.504412,13.859603,14.853217,14.73129,14.473119,13.766476,15.42361,15.044755,0.77028847,1.7749898,7.095601,0.64652413,27.097809,47.246628,25.292816,17.435316,20.846043,15.160051,15.410378,16.496593,14.944531,68.06
4446941.924,659504.7026,63.14928,0.876385,0.6697705,22.835255,31.214796,24.775347,24.798626,22.540115,50.502098,44.840324,53.27134,57.22251,61.93844,26.938679,23.285645,22.037365,17.71496,15.036724,1.8158145,1.7652426,6.6077123,7.589043,1378.93,344.0943,-0.119140625,0.20799403,-0.005493164,35,15,0.85605127,0.4901761,0.22555043,0.28641227,0.30903643,1.0110209,1.3474215,23.71504,21.086275,13.400067,16.498596,15.086341,15.7323475,14.6535225,17.41469,24.882317,26.937658,16.190434,20.20456,18.81056,20.108612,19.210794,20.81943,18.775818,14.38539,12.384239,13.24015,14.4500885,17.632706,16.226038,14.757088,17.576399,14.797168,13.740142,13.42834,15.140965,15.425578,16.324268,14.88185,18.285511,18.841425,16.55242,16.60899,16.44135,13.734785,18.42291,17.007647,16.606937,13.875726,14.89753,14.085155,14.615565,13.766127,15.3609085,14.791438,0.7730777,1.7905285,7.0983777,0.64652413,27.025024,47.67121,25.112162,17.167456,20.90642,15.299204,15.204695,16.983913,14.743993,68.06
4446941.924,659509.7026,56.943417,0.85273963,0.6480839,22.928907,30.97776,25.107336,25.159712,22.42137,51.304676,45.74769,53.248104,57.04866,62.587578,26.492928,23.096092,21.982962,17.647676,14.958004,1.8314495,1.79405,6.528018,7.5637803,1378.94,333.4875,-0.000976563,0.2557794,-0.004516602,35,15,0.85605127,0.4901761,0.22555043,0.28641227,0.30903643,1.0110209,1.3474215,23.71504,21.086275,13.400067,16.498596,15.086341,15.7323475,14.6535225,17.41469,24.882317,26.937658,16.190434,20.20456,18.81056,20.108612,19.210794,20.81943,18.775818,14.38539,12.384239,13.24015,14.4500885,17.632706,16.226038,14.757088,17.576399,14.797168,13.740142,13.42834,15.140965,15.425578,16.324268,14.88185,18.285511,18.841425,16.55242,16.60899,16.44135,13.734785,18.42291,17.007647,16.606937,13.875726,14.89753,14.085155,14.615565,13.766127,15.3609085,14.791438,0.75041175,1.8127497,7.0458994,0.64652413,26.953335,48.526184,24.79451,17.167456,20.90642,15.299204,15.204695,16.983913,14.743993,68.06
4446941.924,659514.7026,52.83756,0.83843845,0.66047573,22.90434,30.62466,25.342182,25.530968,22.44462,52.20522,46.971607,53.39854,56.689335,62.57828,25.927954,22.61611,21.771887,17.701632,15.0051565,1.8480196,1.8122221,6.5069714,7.568992,1378.95,318.57904,-0.16015625,0.32481316,-0.0078125,35,15,0.85605127,0.4901761,0.22555043,0.28641227,0.30903643,1.0110209,1.3474215,22.894176,21.556404,15.085811,14.600739,14.651605,14.191561,15.781413,17.277172,23.561586,25.849594,16.865953,20.33508,18.63533,20.283634,18.780455,20.563097,18.73003,16.634838,13.487338,14.015909,15.653272,15.240965,14.78884,15.347641,19.665838,15.418439,15.538586,13.593097,16.677496,15.346505,14.947755,15.9423065,17.923157,16.689964,16.75719,16.146393,16.526094,14.538136,15.724064,16.609291,18.600918,17.215536,15.165054,15.76942,16.326878,12.394636,13.121743,15.991065,0.7494571,1.8301208,7.037982,0.64652413,26.7645,49.588413,24.272032,16.965958,20.615948,15.507315,15.883959,16.329285,15.513455,68.06
4446941.924,659519.7026,55.372524,0.8275356,0.6755698,22.965025,30.016514,25.494642,26.184546,22.43427,53.293705,48.547115,53.757694,55.852325,62.280163,25.27017,22.019468,21.459894,17.859655,15.665077,1.8656317,1.823101,6.509432,7.5921507,1378.98,321.70984,0.12011719,0.34708038,0.004394531,35,15,0.85605127,0.4901761,0.22555043,0.28641227,0.30903643,1.0110209,1.3474215,23.07971,20.861975,12.253551,14.513651,14.821694,15.249552,17.437706,16.716494,23.825842,25.477964,17.316254,19.597279,18.547606,20.15897,18.129875,20.458183,18.798727,16.304384,12.773014,13.839536,15.22215,17.149948,15.026848,15.208974,19.094765,16.186382,13.854487,13.704616,16.348772,15.537037,16.605719,15.526508,18.401588,18.021082,16.367188,16.003374,15.981667,15.217448,16.081842,16.769611,22.552202,20.776093,16.030493,17.510105,20.66675,23.00804,17.30644,19.145758,0.7515527,1.8443663,7.0507913,0.64652413,26.490768,50.92041,23.64482,16.888262,20.436253,15.587801,15.90454,16.582026,19.692875,68.06
4446941.924,659524.7026,50.276344,0.8134527,0.6866109,22.73978,29.683046,25.375298,26.291676,22.84355,54.694916,50.720043,54.854034,56.525368,61.86696,24.291714,21.190792,20.950762,17.22565,15.849156,1.8874708,1.8271971,6.5081186,7.6439877,1378.99,328.2405,-0.080078125,0.35411632,-0.003295898,35,15,0.84787965,0.5027228,0.263552,0.29605526,0.30898356,1.01057,1.3441396,23.07971,20.861975,12.253551,14.513651,14.821694,15.249552,17.437706,16.716494,23.825842,25.477964,17.316254,19.597279,18.547606,20.15897,18.129875,20.458183,18.798727,16.304384,12.773014,13.839536,15.22215,17.149948,15.026848,15.208974,19.094765,16.186382,13.854487,13.704616,16.348772,15.537037,16.605719,15.526508,18.401588,18.021082,16.367188,16.003374,15.981667,15.217448,16.081842,16.769611,22.552202,20.776093,16.030493,17.510105,20.66675,23.00804,17.30644,19.145758,0.7500318,1.8573339,7.076053,0.6534147,26.211414,52.70748,22.741253,16.888262,20.436253,15.587801,15.90454,16.582026,19.692875,68.06
4446941.924,659529.7026,57.251114,0.7911757,0.7116995,22.444912,28.720325,24.935047,26.356194,22.808075,56.760124,53.703194,56.576794,56.574192,63.25898,22.98396,19.883766,20.26996,17.2344,15.630679,1.903523,1.8239616,6.524097,7.735189,1379.01,343.07248,0.080078125,0.34470314,0.005615234,35,15,0.84787965,0.5027228,0.263552,0.29605526,0.30898356,1.01057,1.3441396,23.039133,21.300247,12.83504,15.204668,16.388685,15.026312,14.925429,16.92628,24.431011,24.927155,16.270555,20.072018,18.77247,20.118692,18.772924,20.447943,19.209497,14.940776,12.883273,13.935717,13.699924,17.867527,14.825649,14.988686,18.825508,13.782636,12.895695,14.844408,13.467178,16.673647,15.761331,14.878957,18.379723,16.42919,15.832806,17.299772,15.302432,15.292174,15.97474,16.564081,22.826433,14.632907,14.979606,16.442692,14.300796,22.033016,16.828148,17.019136,0.7514376,1.8637424,7.129643,0.6534147,25.582619,55.23166,21.433863,16.959932,20.480688,15.337481,15.178628,16.35869,17.434801,68.06
4446941.924,659534.7026,47.141323,0.81392884,0.70352495,22.79543,28.74226,25.422886,26.738972,22.515741,56.07118,53.508625,55.959053,55.459564,62.217693,23.164244,20.440285,20.557205,17.945766,16.909094,1.9352794,1.8454446,6.483132,7.70705,1379.01,0,0,0.34410626,0,35,15,0.84787965,0.5027228,0.263552,0.29605526,0.30898356,1.01057,1.3441396,23.73503,21.62507,12.386028,16.057623,15.663353,18.117716,13.368359,17.315264,24.277159,25.16482,16.811657,21.14121,19.001875,20.00933,19.40959,20.829592,19.083115,16.157152,14.541921,14.250589,13.879211,18.58308,16.774551,15.681969,19.519499,14.451283,13.878075,15.392866,13.905156,19.25386,17.095194,15.707824,19.410967,17.75223,16.858889,18.501532,15.391425,17.385757,16.288137,17.593813,20.122358,17.939955,17.332209,16.40957,15.100818,23.180107,19.351088,17.758682,0.7587269,1.890362,7.095091,0.6534147,25.768845,54.7899,21.802265,17.279024,20.830807,16.181376,16.213705,17.369848,18.490871,68.06
4446941.924,659539.7026,53.12797,0.84760123,0.6937149,23.288475,28.748857,26.189882,26.470861,21.469595,54.40545,52.142006,54.365284,55.276638,62.71373,23.956676,21.762577,21.291348,18.527243,17.456644,1.9713728,1.8747405,6.425026,7.6440916,1379.01,0,0,0.34410626,0,35,15,0.84787965,0.5027228,0.263552,0.29605526,0.30898356,1.01057,1.3441396,23.73503,21.62507,12.386028,16.057623,15.663353,18.117716,13.368359,17.315264,24.277159,25.16482,16.811657,21.14121,19.001875,20.00933,19.40959,20.829592,19.083115,16.157152,14.541921,14.250589,13.879211,18.58308,16.774551,15.681969,19.519499,14.451283,13.878075,15.392866,13.905156,19.25386,17.095194,15.707824,19.410967,17.75223,16.858889,18.501532,15.391425,17.385757,16.288137,17.593813,20.122358,17.939955,17.332209,16.40957,15.100818,23.180107,19.351088,17.758682,0.7706581,1.9230566,7.034559,0.6534147,26.018665,53.273727,22.859627,17.279024,20.830807,16.181376,16.213705,17.369848,18.490871,68.06
4446941.924,659544.7026,64.816795,0.8709417,0.68789107,23.462317,28.651165,26.747925,26.545176,21.211748,53.38125,51.38608,53.209343,54.937046,62.665012,24.426912,22.381887,21.588991,18.851488,17.513783,2.0047264,1.9034284,6.417184,7.6173954,1379.01,353.15723,-0.040039062,0.36101517,-0.002197266,35,15,0.84787965,0.5027228,0.263552,0.29605526,0.30898356,1.01057,1.3441396,23.606567,21.135609,11.0794325,18.47112,14.886471,19.294947,14.447033,17.548489,24.889894,24.560068,17.265692,20.34766,19.157862,21.824657,18.144844,20.860544,19.530283,15.458447,15.399449,14.605342,14.678004,19.540745,17.075485,16.170446,20.615562,14.623881,14.708755,14.352537,15.573436,17.687756,18.063385,16.137138,19.130949,16.479208,17.643946,17.386494,16.12164,16.354631,16.597172,17.447695,23.415518,18.64578,18.396517,16.33392,16.849863,22.753462,23.184423,19.301685,0.7794164,1.9540775,7.0172896,0.6534147,26.05674,52.383667,23.4044,17.560167,20.884382,16.612535,16.5179,17.102005,19.939926,68.06
4446941.924,659549.7026,65.03013,0.89223135,0.6862905,23.5128,28.469894,27.145237,26.621458,21.021008,52.65589,51.101837,52.514713,54.988605,63.027664,24.75817,22.6793,21.3991,18.838972,17.318396,2.0393274,1.9331088,6.4211535,7.6224403,1379.02,351.25385,0.080078125,0.3771667,0.004394531,35,15,0.84787965,0.5027228,0.263552,0.29605526,0.30898356,1.01057,1.3441396,23.606567,21.135609,11.0794325,18.47112,14.886471,19.294947,14.447033,17.548489,24.889894,24.560068,17.265692,20.34766,19.157862,21.824657,18.144844,20.860544,19.530283,15.458447,15.399449,14.605342,14.678004,19.540745,17.075485,16.170446,20.615562,14.623881,14.708755,14.352537,15.573436,17.687756,18.063385,16.137138,19.130949,16.479208,17.643946,17.386494,16.12164,16.354631,16.597172,17.447695,23.415518,18.64578,18.396517,16.33392,16.849863,22.753462,23.184423,19.301685,0.7892609,1.9862181,7.021797,0.6534147,25.991348,51.878864,23.718735,17.560167,20.884382,16.612535,16.5179,17.102005,19.939926,68.06
4446941.924,659554.7026,69.97495,0.91199154,0.6783476,23.429844,28.237135,27.441246,26.678493,20.951748,52.1575,51.20401,51.78192,54.90912,63.6521,24.970236,22.802393,21.59687,19.052542,16.732586,2.0784652,1.9676651,6.484715,7.6566224,1379.02,338.62936,-0.080078125,0.35411632,-0.005615234,35,15,0.83953583,0.5044808,0.27283072,0.29464528,0.30927476,1.011136,1.3525596,23.251423,21.51842,10.788348,18.387014,14.538071,16.542679,14.41092,17.08306,25.067595,25.541937,16.942398,20.40779,19.080488,21.137295,17.237661,20.954964,19.251326,13.531303,14.068458,14.303449,13.51743,19.746178,15.29668,15.319787,18.966751,15.554667,13.552781,13.293449,15.074641,16.915134,15.864482,15.170632,19.119236,17.531603,16.070066,17.034351,15.291588,12.70511,17.3523,16.63172,23.303722,18.153105,16.295853,17.12445,16.677698,19.4136,17.128859,18.092573,0.7951696,2.023065,7.0706687,0.6549233,25.833488,51.680756,23.886314,17.06241,20.773594,15.673547,15.603128,16.443466,18.299612,68.06
4446941.924,659559.7026,76.55723,0.933349,0.67673784,23.377644,27.623796,27.55991,27.225044,20.971638,51.79045,51.790745,51.36259,54.13522,64.15872,25.127895,22.829771,21.724977,19.489946,16.4548,2.1174185,2.0049248,6.5638237,7.7306046,1379.04,322.1304,0,0.32670626,0.002197266,35,15,0.83953583,0.5044808,0.27283072,0.29464528,0.30927476,1.011136,1.3525596,23.605053,21.65032,13.836032,17.27811,14.222379,16.275555,16.676224,17.81696,24.381329,25.494364,16.7051,20.459354,18.961966,21.611607,17.96871,20.837303,19.720219,13.956715,13.120997,14.3066845,14.865056,20.66206,15.401109,15.483909,18.889114,16.112417,13.969803,13.28758,15.345082,20.182894,17.25971,15.653366,18.743565,17.333591,16.57635,17.035925,15.100822,17.347456,18.356264,17.026518,23.49351,18.208227,16.013863,17.085018,16.458483,23.390732,17.707792,18.401049,0.80504346,2.0611715,7.147214,0.6549233,25.500721,51.790596,23.978832,17.649096,20.79749,16.00469,16.435228,17.213425,18.908232,68.06
4446941.924,659564.7026,76.32348,0.9296623,0.6627116,23.191422,27.09832,27.844522,27.052893,20.559605,51.56648,51.336456,50.826294,54.056175,64.98875,25.27163,23.273735,21.85356,19.620884,15.974288,2.1106296,1.9869331,6.50957,7.643689,1379.06,330.22818,0.16064453,0.23064882,0.008911133,35,15,0.83953583,0.5044808,0.27283072,0.29464528,0.30927476,1.011136,1.3525596,23.605053,21.65032,13.836032,17.27811,14.222379,16.275555,16.676224,17.81696,24.381329,25.494364,16.7051,20.459354,18.961966,21.611607,17.96871,20.837303,19.720219,13.956715,13.120997,14.3066845,14.865056,20.66206,15.401109,15.483909,18.889114,16.112417,13.969803,13.28758,15.345082,20.182894,17.25971,15.653366,18.743565,17.333591,16.57635,17.035925,15.100822,17.347456,18.356264,17.026518,23.49351,18.208227,16.013863,17.085018,16.458483,23.390732,17.707792,18.401049,0.7961869,2.0487814,7.0766296,0.6549233,25.14487,51.45147,24.272682,17.649096,20.79749,16.00469,16.435228,17.213425,18.908232,68.06
4446941.924,659569.7026,69.66706,0.91623956,0.64646184,23.168758,26.412989,28.262857,26.487783,20.347141,51.37206,50.453716,50.253693,54.697952,64.494255,25.43786,23.7665,21.619934,19.38205,16.28416,2.0824404,1.943506,6.386577,7.487929,1379.06,329.0156,-0.0390625,0.16642748,-0.001098633,35,15,0.83953583,0.5044808,0.27283072,0.29464528,0.30927476,1.011136,1.3525596,23.174187,22.197195,14.223062,16.39581,14.250384,16.275555,17.159075,17.729954,22.5643,25.621008,16.366877,20.168,18.543768,21.611607,19.604572,20.35277,17.799057,15.0686655,13.030353,13.648402,14.0714655,20.66206,14.749641,15.043706,18.788357,14.33314,13.844513,13.4526415,15.242528,20.182894,17.34362,15.40441,17.148556,16.838106,16.573118,15.99682,14.979886,17.347456,17.906181,16.466341,21.73225,15.461162,15.995322,16.436657,19.327168,23.390732,16.537638,17.982996,0.78135073,2.0129733,6.937253,0.6549233,24.790874,50.912888,24.60218,17.667894,20.640018,15.575663,16.16967,16.684305,18.411562,68.06
4446941.924,659574.7026,80.981476,0.90803534,0.6377055,23.083609,26.34766,28.5553,26.158142,20.050085,51.314194,49.86467,49.658043,54.923523,64.48402,25.541172,24.05898,21.77971,19.338348,16.35475,2.0657418,1.9122756,6.292908,7.357956,1379.07,315,-0.000976563,0.14119618,0.001098633,35,15,0.83953583,0.5044808,0.27283072,0.29464528,0.30927476,1.011136,1.3525596,23.274256,20.720335,12.15005,14.500208,14.449477,19.123688,17.080378,16.922123,23.274921,22.967493,16.172583,19.82844,18.823713,20.679443,17.94206,19.977377,18.903479,15.711598,13.146469,14.329803,14.750205,14.159005,15.076116,15.022575,18.432507,16.777632,14.226928,13.624186,14.802914,17.090153,18.057104,15.469325,17.834969,17.598877,15.893489,16.653084,15.068124,15.129662,19.032923,16.460308,20.641348,15.706733,17.857052,19.397303,20.031984,21.116634,16.531767,18.812704,0.7728704,1.9890087,6.825432,0.6549233,24.715633,50.58943,24.800076,17.328342,19.955523,15.1538105,16.14449,16.744448,18.754688,68.06
4446941.924,659579.7026,64.308136,0.8962093,0.6250735,22.635874,26.017328,28.685152,25.74622,19.7692,51.418884,49.582005,49.336506,55.622524,65.14105,25.52142,24.036608,21.653238,19.082247,15.812034,2.0458915,1.8771785,6.2320633,7.249599,1379.08,348.79785,0.12011719,0.072903745,0.006713867,35,15,0.83953583,0.5044808,0.27283072,0.29464528,0.30927476,1.011136,1.3525596,23.182835,20.757286,12.004157,14.566061,14.38351,18.893711,17.010822,16.85339,23.280685,22.978354,16.178988,19.836124,18.689425,19.783577,17.947184,19.891777,18.903479,15.711598,13.146469,14.329803,14.750205,14.159005,15.076116,15.022575,18.36768,16.790976,14.182977,13.60346,14.723091,17.090153,18.073181,15.436089,17.834969,17.598877,15.893489,16.653084,15.068124,15.129662,19.032923,16.460308,20.641348,15.706733,17.857052,19.397303,20.031984,21.116634,16.531767,18.812704,0.7606414,1.961535,6.7408314,0.6549233,24.326601,50.500443,24.779015,17.25691,19.813477,15.1538105,16.118788,16.744448,18.754688,68.06
4446941.924,659584.7026,72.22388,0.89073485,0.62051284,22.605413,26.384533,28.944433,26.129972,19.556355,51.51642,49.479965,48.786694,54.850094,65.83411,25.46732,24.027628,21.753618,19.34698,15.185744,2.0417128,1.8521324,6.1671042,7.151229,1379.07,0,-0.12011719,0.057351712,-0.005615234,35,15,0.8456733,0.50302553,0.27417105,0.30342317,0.31041628,1.015908,1.4331608,24.365501,19.751663,10.92142,14.841375,13.362958,19.464954,13.248821,16.391352,23.569881,23.861277,16.558817,18.746336,19.27345,21.012236,17.738194,20.104153,18.802391,16.472342,14.559941,13.999852,16.981777,17.062506,15.96529,15.89535,18.931202,17.812117,16.332787,14.057836,17.610336,16.471832,15.482411,16.596739,18.54712,19.432478,17.543684,16.61299,16.433558,15.784979,14.527465,17.434486,23.792227,18.29866,19.8285,19.253098,23.1044,20.892689,18.110014,20.44147,0.7556238,1.9469225,6.6591663,0.6693969,24.494972,50.49819,24.747475,16.565243,20.108599,16.263443,16.671217,16.983183,20.468512,68.06
4446941.924,659589.7026,67.19688,0.8908896,0.5948391,22.53099,26.16686,29.065739,25.987976,19.333527,51.620945,49.52544,48.396496,54.74204,65.926544,25.411797,24.105606,21.829185,19.789312,15.354315,2.0353637,1.8203849,6.085348,7.0508194,1379.08,315,0.080078125,0.060830675,0.003295898,35,15,0.8456733,0.50302553,0.27417105,0.30342317,0.31041628,1.015908,1.4331608,24.392273,21.509005,11.032895,14.924744,14.911115,19.012934,15.458508,16.88092,24.027046,25.265848,16.688812,18.485512,18.559065,20.31269,15.382496,19.875456,19.44635,15.759514,14.597508,15.670416,16.460373,19.06426,16.503366,16.49565,19.37077,14.498134,14.431581,14.864392,17.292334,18.259996,18.838923,16.260454,17.883003,18.176981,16.236,16.125227,16.221102,16.507057,16.433939,16.81279,23.500938,18.439209,19.964735,22.65275,22.32788,21.045101,16.264194,21.053272,0.7428644,1.9278743,6.568084,0.6693969,24.348927,50.573193,24.758701,17.32021,19.817352,16.785969,16.793732,16.797615,20.599258,68.06
4446941.924,659594.7026,70.505356,0.8762801,0.5916019,22.34045,26.014563,29.024727,25.951126,18.988817,51.961384,49.890396,48.481846,54.74106,66.1778,25.295124,24.076548,21.790054,19.79563,15.261917,2.0114613,1.7900007,6.073277,7.0212045,1379.08,296.56506,-0.040039062,0.06412116,-0.001098633,35,15,0.8456733,0.50302553,0.27417105,0.30342317,0.31041628,1.015908,1.4331608,24.392273,21.509005,11.032895,14.924744,14.911115,19.012934,15.458508,16.88092,24.027046,25.265848,16.688812,18.485512,18.559065,20.31269,15.382496,19.875456,19.44635,15.759514,14.597508,15.670416,16.460373,19.06426,16.503366,16.49565,19.37077,14.498134,14.431581,14.864392,17.292334,18.259996,18.838923,16.260454,17.883003,18.176981,16.236,16.125227,16.221102,16.507057,16.433939,16.81279,23.500938,18.439209,19.964735,22.65275,22.32788,21.045101,16.264194,21.053272,0.733941,1.900731,6.5472407,0.6693969,24.177505,50.925888,24.685837,17.32021,19.817352,16.785969,16.793732,16.797615,20.599258,68.06
4446941.924,659599.7026,70.44212,0.85774624,0.5896825,22.037525,25.642475,28.904427,25.70553,18.724014,52.443398,50.429077,48.798965,55.285053,66.292145,25.098478,24.4222,21.562038,19.461887,14.979694,1.9716699,1.7556249,6.073169,7.0251384,1379.09,284.03625,0.040039062,0.11823346,0.001098633,35,15,0.8456733,0.50302553,0.27417105,0.30342317,0.31041628,1.015908,1.4331608,24.496435,21.541945,9.809208,14.74606,12.054488,19.30923,16.416025,16.226866,23.047125,24.650171,15.875744,18.705013,18.606438,20.646807,15.506597,19.511404,19.493206,15.072816,14.171182,13.927098,18.37546,20.372059,17.912,16.296217,18.163645,13.959579,15.148999,13.794042,16.98312,19.852724,18.194075,16.042387,17.495281,17.006516,16.334318,16.281586,14.460393,15.054298,17.182878,16.317863,23.709522,14.62054,21.109686,18.910273,22.664183,21.29959,17.07281,20.180502,0.72371435,1.8636475,6.549154,0.6693969,23.84,51.436237,24.760338,16.910484,19.576841,17.04626,16.585169,16.259325,19.912373,68.06
4446941.924,659604.7026,78.03919,0.83962137,0.5875933,21.615667,25.269335,28.909567,25.660309,18.054214,52.889515,50.98433,48.958256,55.507534,67.286705,24.945795,24.455446,21.610182,19.317055,14.701686,1.9437495,1.7234361,6.0945344,7.030545,1379.1,275.19443,-0.040039062,0.15836725,0,35,15,0.8456733,0.50302553,0.27417105,0.30342317,0.31041628,1.015908,1.4331608,23.828745,19.842192,10.204563,15.590708,10.653916,19.613716,15.534272,15.983432,23.966751,20.911467,16.062008,19.971804,18.722317,20.811554,15.399343,19.613691,20.04947,15.342918,14.186442,13.684154,16.85171,21.06174,19.132181,16.376562,17.595804,15.387256,14.751628,13.4705715,15.850868,20.863987,18.915838,15.931508,15.935893,15.818459,16.560736,16.235474,13.111083,14.568756,17.853798,15.747693,19.361044,16.767029,21.12132,17.234812,19.367027,21.85764,20.925299,19.462929,0.7136073,1.8335929,6.56254,0.6693969,23.442501,51.93692,24.70062,16.466873,19.406464,17.186945,16.690851,15.726314,19.519167,68.06
4446941.924,659609.7026,69.78034,0.8227886,0.5847146,21.455442,25.174032,28.960728,25.749508,17.695887,53.372482,51.550957,49.136536,55.41758,67.5938,24.694471,24.45021,21.50381,19.367947,14.578093,1.9215491,1.6921899,6.0836515,7.030467,1379.12,270,0.12011719,0.17205468,0.005615234,35,15,0.8456733,0.50302553,0.27417105,0.30342317,0.31041628,1.015908,1.4331608,23.828745,19.842192,10.204563,15.590708,10.653916,19.621447,15.425534,15.984075,24.585594,21.25518,16.429766,20.27961,19.161455,21.81939,16.162588,20.082733,19.873848,15.312863,14.150954,13.673378,16.733534,20.925903,19.024683,16.294142,17.688467,15.4189,14.800514,13.519931,15.924431,21.086933,19.562933,16.003124,19.768131,18.581026,18.829752,18.946241,16.733833,17.012775,18.129236,18.55018,19.440104,16.814926,21.20209,17.294153,19.443533,21.94693,21.02571,19.535906,0.70375156,1.8068695,6.5570593,0.6693969,23.314737,52.46172,24.572342,16.452444,19.956224,17.099308,16.857445,18.285858,19.595348,68.06
4446941.924,659614.7026,74.07423,0.8065789,0.5818703,21.298878,25.07641,29.086884,25.916124,17.369719,53.86984,52.144993,49.251526,55.25646,67.87635,24.416847,24.427818,21.39766,19.464354,14.466059,1.9052572,1.6595246,6.063079,7.028599,1379.13,270,-0.040039062,0.17205468,0.001098633,35,15,0.8339592,0.52005893,0.28084373,0.33300707,0.3100277,1.0227883,1.4994522,23.984297,21.108603,11.26207,16.119778,13.161377,19.842278,16.255962,16.979235,25.120304,23.21433,16.703993,20.195044,19.3433,22.239845,16.874918,20.591845,21.289314,16.117746,14.616385,13.942166,18.39517,19.299137,17.356947,16.766178,19.108751,15.143833,15.486339,13.550595,16.918205,20.694359,19.10823,16.338903,20.018394,20.385012,19.114023,19.588924,18.283426,18.627235,18.456205,19.452158,22.449825,20.602173,20.667685,16.35584,21.006582,20.769753,18.976229,20.14026,0.6942246,1.7823908,6.545839,0.68573385,23.187645,53.007416,24.422333,17.390623,20.527391,17.288126,17.144331,19.21046,20.1183,68.06
4446941.924,659619.7026,66.547295,0.7915528,0.57913834,21.1461,24.981468,29.253143,26.123241,17.082258,54.3629,52.67391,49.336887,55.057667,68.13171,24.132479,24.406475,21.29273,19.586824,14.364986,1.8931109,1.6272764,6.036008,7.0258927,1379.15,273.8141,0.080078125,0.21554539,0.003295898,35,15,0.8339592,0.52005893,0.28084373,0.33300707,0.3100277,1.0227883,1.4994522,24.278011,19.943829,11.168691,15.624956,13.150905,17.658218,14.098592,16.58391,23.447205,22.69695,15.756844,19.935055,18.548626,21.594585,15.851338,19.752504,20.521244,16.079735,14.9409075,14.174376,17.854166,19.162148,17.031694,16.65738,20.420916,15.124816,14.83154,14.173543,15.4086,20.395058,18.410536,16.408148,20.120811,19.982523,18.597675,19.531792,18.175816,18.6303,20.523474,19.435968,23.53272,20.168938,20.515121,16.427866,21.260489,20.678255,23.704033,20.34338,0.68534553,1.7601936,6.5309505,0.68573385,23.063784,53.518402,24.269478,16.560457,19.690088,17.10918,16.966429,19.366056,20.898203,68.06
4446941.924,659624.7026,66.32487,0.784864,0.577299,20.99698,24.949282,29.344624,26.182606,17.01786,54.711815,52.485508,49.5373,55.03303,68.28305,23.983929,24.505526,21.188244,19.580349,14.310187,1.872447,1.6144893,6.021519,7.0285254,1379.17,278.99533,0.040527344,0.2751027,0.002319336,35,15,0.8339592,0.52005893,0.28084373,0.33300707,0.3100277,1.0227883,1.4994522,24.242952,19.897083,11.294158,15.540814,13.150905,18.24497,14.4897585,16.634954,25.258095,24.812433,16.978136,21.166153,19.699236,22.753828,17.446886,21.18158,20.490871,15.982524,14.9409075,14.123433,17.756956,19.191124,16.995255,16.607664,20.434923,15.134154,14.899007,14.125977,15.422607,20.409065,18.3406,16.42211,20.120811,19.982523,18.597675,19.531792,18.175816,18.6303,20.523474,19.435968,23.53272,20.168938,20.515121,16.427866,21.260489,20.678255,23.704033,20.34338,0.68108153,1.7434682,6.5250225,0.68573385,22.973131,53.598663,24.244728,16.694378,21.159252,17.068724,16.966618,19.366056,20.898203,68.06
4446941.924,659629.7026,66.44457,0.78496355,0.5761316,20.851688,24.961668,29.343826,26.116405,17.11733,54.95354,51.765213,49.84991,55.146465,68.35373,23.935926,24.6955,21.087656,19.476833,14.290795,1.8467708,1.615321,6.017724,7.035245,1379.19,271.39883,-0.32080078,0.5873103,-0.018920898,35,15,0.8339592,0.52005893,0.28084373,0.33300707,0.3100277,1.0227883,1.4994522,24.245043,20.76206,10.957169,14.990431,13.040348,18.234892,13.6503,16.452122,24.984606,24.615435,17.072527,20.7301,19.535452,22.692612,18.416964,21.137852,18.875347,17.1297,14.954082,14.182419,16.9701,19.164968,19.663872,16.657764,20.043045,16.576653,14.795733,14.56109,15.14018,20.512829,19.303673,16.680586,20.571611,19.270716,17.627268,19.405743,17.314905,18.6303,19.455635,18.793509,23.863163,20.105494,19.091963,17.636276,21.078924,20.55266,23.954844,20.239014,0.6805476,1.731046,6.5264845,0.68573385,22.906677,53.359375,24.315712,16.554321,21.149672,17.277212,17.276173,18.896597,20.897617,68.06
4446936.924,659309.7026,50.470078,0.79605484,0.6896154,23.380768,32.12414,27.091986,24.955309,22.239202,48.104885,41.574177,50.143627,59.37526,65.075226,28.217978,24.916254,22.704216,15.607572,13.136429,1.7389866,1.9095185,5.8524904,7.2739506,1377.94,39.78833,0.15917969,0.22322577,0.011108398,35,15,0.7900394,0.4855911,0.23177512,0.27271524,0.3072061,1.0350717,0.79773384,22.522976,20.568327,10.539978,15.710838,13.622746,16.314878,15.706277,16.18242,25.44263,25.674261,17.373392,21.895983,20.071184,22.251234,19.635279,21.68351,19.190166,17.406984,15.195682,16.147516,16.126425,19.171535,17.903633,16.890663,16.153906,13.746902,13.149673,13.829974,13.192284,15.153137,15.483608,14.081624,15.18772,12.97745,11.684041,15.515368,12.086772,14.924988,13.880549,13.797212,17.406742,17.422384,16.4662,18.3865,16.150488,18.161112,18.560741,17.299234,0.74283516,1.8242526,6.5632205,0.56001896,27.752455,44.83953,26.567116,16.426575,21.763424,17.305992,14.38707,13.750984,17.507738,68.06
4446936.924,659314.7026,51.838566,0.82018316,0.67518336,24.036808,33.08592,27.925634,26.06447,22.694105,47.53511,40.434017,48.970825,57.638016,64.30457,28.567896,25.712011,23.043169,16.394903,13.439186,1.7469958,1.9648347,5.897651,7.2702365,1377.91,65.216324,0.000488281,0.41001937,0.002197266,35,15,0.85083765,0.49311626,0.26348212,0.27659345,0.3090249,1.0039994,1.403559,22.45872,20.088963,11.038135,16.516891,14.154831,15.662983,15.889985,16.425049,25.224703,25.632086,17.248524,20.999853,19.731308,21.684244,20.4677,21.428377,21.289608,14.9876375,14.496853,14.657927,14.865361,18.001633,16.862923,16.294645,17.370834,11.138878,12.594716,12.830348,12.8340645,15.088099,16.87941,13.712224,14.245377,9.874562,9.728281,15.570597,14.845231,14.956041,14.580918,13.079048,18.965294,16.232283,15.961545,15.963016,16.60211,16.339436,18.381052,16.702856,0.7476833,1.8559153,6.583944,0.6572304,28.561363,43.984566,27.139954,16.544357,21.569775,16.451706,14.105193,13.400144,16.920677,68.06
4446936.924,659319.7026,55.887184,0.8057447,0.657584,24.032328,33.2501,27.996193,26.088902,23.05362,47.064888,39.696133,48.78708,57.00471,64.07278,29.04757,25.828535,23.116253,16.892776,13.623838,1.7244028,1.9886708,5.946323,7.257395,1377.87,68.50968,-0.040039062,0.508302,-0.002197266,35,15,0.85083765,0.49311626,0.26348212,0.27659345,0.3090249,1.0039994,1.403559,21.725964,17.956675,8.99739,14.915998,12.180196,14.504549,14.19384,14.7535515,25.224703,25.632086,16.271856,20.377958,19.199852,21.285652,20.201973,20.955004,21.307877,15.29292,14.762047,15.117502,15.1694765,18.059795,16.87071,16.540754,16.642849,8.861674,10.317512,11.006178,10.993717,12.988878,15.479645,11.951424,14.098564,9.683539,9.420663,15.206988,14.866696,14.949688,14.566173,12.880821,18.757719,16.058031,15.272945,15.264498,15.939438,16.02355,18.043673,16.213428,0.73166436,1.8565369,6.601859,0.6572304,28.641212,43.38051,27.438053,14.924945,21.170584,16.654333,12.3272085,13.256043,16.479979,68.06
4446936.924,659324.7026,51.394043,0.81117845,0.64679146,24.010618,33.169075,28.004879,26.098112,23.014164,46.636417,39.84529,48.80416,56.794846,63.999207,29.642807,25.886703,23.09891,17.063986,13.841791,1.7943078,1.9906242,5.997168,7.2485824,1377.83,64.09441,-0.000976563,0.5570917,0.001098633,35,15,0.85083765,0.49311626,0.26348212,0.27659345,0.3090249,1.0039994,1.403559,22.426014,18.920717,10.062661,15.321887,12.587476,13.068427,15.318881,15.166576,23.962688,26.800123,16.424711,20.54803,19.083944,21.297,20.293623,20.913706,18.280046,16.729578,14.9796915,16.04439,14.738239,18.143053,15.22874,16.244633,12.255193,10.5310135,10.3725195,10.322046,10.476616,13.183579,13.775331,11.036782,14.616918,11.7652025,10.81379,11.518339,12.633861,14.899594,14.460007,12.25295,18.916092,16.777658,15.503873,14.945575,15.197968,15.204949,16.531775,15.937843,0.72898495,1.8924661,6.622875,0.6572304,28.589848,43.240852,27.764755,15.38658,21.201447,16.306248,11.559471,12.958244,16.153984,68.06
4446936.924,659329.7026,41.761562,0.8116421,0.63141096,24.383354,33.06211,28.731634,25.891909,23.06349,45.871696,39.763916,46.62526,56.58695,62.93049,30.433765,26.595263,24.601767,17.45936,14.626015,1.9059677,1.9981633,6.030703,7.2531466,1377.79,59.46006,0.16064453,0.64860916,0.0078125,35,15,0.85083765,0.49311626,0.26348212,0.27659345,0.3090249,1.0039994,1.403559,22.608849,19.690834,9.572314,14.901815,12.854646,18.074543,16.002283,15.587148,24.306023,26.693487,16.554457,21.27676,18.649805,23.174295,20.099092,21.185656,18.78564,16.027319,13.872235,15.274936,15.061425,15.785816,16.50712,15.601743,13.596376,11.017741,10.148586,10.409968,10.5807905,11.326873,15.245506,11.124021,14.649018,13.7770605,10.547365,12.899938,12.349345,16.162033,14.670474,12.797837,18.925447,18.452028,15.648322,15.274054,15.200638,15.847374,18.19369,16.403532,0.7215265,1.9520655,6.641925,0.6572304,28.722733,42.817806,28.514515,16.243612,21.536274,15.90207,11.760835,13.579318,16.79165,68.06
4446936.924,659334.7026,53.361324,0.8256139,0.6309223,24.380802,32.94511,28.759586,25.903864,23.101965,45.290356,39.75949,46.592518,56.21306,62.760387,31.168957,26.730812,24.604406,17.824453,14.973746,1.9928582,2.0040216,6.083658,7.2420325,1377.73,52.127705,-0.12011719,0.65363663,-0.0078125,35,15,0.85083765,0.49311626,0.26348212,0.27659345,0.3090249,1.0039994,1.403559,22.565405,19.6701,9.552905,14.876738,12.834233,18.019253,15.992076,15.5588045,24.562649,27.182167,16.580116,21.612091,18.881386,23.444,20.698336,21.459099,18.68071,15.77365,13.608367,15.054245,14.8231125,15.646278,16.97528,15.389253,12.7797785,10.018559,9.1006155,9.405213,9.576542,10.157732,14.838391,10.133151,16.216347,15.33992,12.037529,14.396011,13.161011,16.73371,14.342907,14.148772,19.05133,18.575996,15.768458,15.3918915,15.30497,15.924688,18.292074,16.51956,0.72826815,1.9984399,6.6628456,0.6572304,28.662956,42.524925,28.949884,16.215815,21.851536,15.79452,10.839547,14.603919,16.901344,68.06
4446936.924,659339.7026,64.573044,0.86775744,0.63653564,24.508692,33.492844,30.117115,27.624645,23.962023,44.387318,38.81199,43.2806,53.148125,60.647804,32.102215,27.975376,26.624239,19.447414,16.078434,2.0913851,2.0528586,6.121024,7.201901,1377.69,45,-0.08105469,0.6278169,-0.005615234,35,15,0.85083765,0.49311626,0.26348212,0.27659345,0.3090249,1.0039994,1.403559,22.707552,17.768198,9.954777,13.8866,11.990662,17.787651,16.831848,15.114198,25.293991,26.058792,16.337887,21.079218,18.50959,21.065548,20.699013,21.024315,19.811916,14.521057,13.210353,14.105586,15.5569105,16.75339,15.619614,15.30806,14.75354,8.1196785,8.61206,8.724131,10.038494,11.004667,14.348206,10.089043,16.493626,13.946477,11.771544,13.184023,11.160991,14.189422,14.324809,13.239784,19.468529,20.169561,14.387382,15.328799,17.204744,16.171005,18.099527,16.687874,0.75214654,2.0721219,6.661463,0.6572304,29.000767,41.599655,30.038795,15.846755,21.292006,15.654119,10.800111,13.581555,17.261364,68.06
4446936.924,659344.7026,65.54011,0.8806849,0.6391726,24.646795,32.94291,30.863806,28.017838,24.119726,43.68563,38.897137,43.947803,51.81388,59.371124,32.92612,28.302032,25.195362,20.512611,17.08239,2.1917944,2.0786505,6.186816,7.200741,1377.65,37.13689,-0.15917969,0.5928413,-0.012207031,35,15,0.8428825,0.49068457,0.2506953,0.271799,0.3089874,1.0088086,1.3544521,22.617447,18.142836,9.907041,12.042171,12.939952,18.729877,16.371561,14.982114,24.868988,26.259903,16.566612,20.642967,18.68738,21.089176,21.32733,21.037666,18.86014,14.801666,13.8861885,14.496144,15.167211,17.807365,18.277456,15.640489,13.304818,8.580513,8.650124,9.49307,10.270142,11.993732,15.132069,10.252918,17.888388,16.028358,11.753708,13.62157,11.270997,13.920404,16.971405,14.073688,19.888042,17.826584,14.279133,16.80531,16.930437,15.729958,20.347734,16.857473,0.75992876,2.1352224,6.6937785,0.6469014,28.794853,41.29138,30.614077,15.821554,21.348907,16.185167,11.060638,14.493547,17.401028,68.06
4446936.924,659349.7026,83.085785,0.9026733,0.64279455,24.569908,32.700012,31.059074,28.09627,24.339725,42.93377,38.683887,43.631157,50.842926,58.897736,33.882782,28.678135,25.303041,21.528555,17.692123,2.30043,2.0868278,6.2267203,7.191669,1377.63,30.952003,0,0.5847265,-0.001098633,35,15,0.8428825,0.49068457,0.2506953,0.271799,0.3089874,1.0088086,1.3544521,22.617447,18.142836,9.907041,12.042171,12.939952,18.729877,16.371561,14.982114,24.868988,26.259903,16.566612,20.642967,18.68738,21.089176,21.32733,21.037666,18.86014,14.801666,13.8861885,14.496144,15.167211,17.807365,18.277456,15.640489,13.304818,8.580513,8.650124,9.49307,10.270142,11.993732,15.132069,10.252918,17.888388,16.028358,11.753708,13.62157,11.270997,13.920404,16.971405,14.073688,19.888042,17.826584,14.279133,16.80531,16.930437,15.729958,20.347734,16.857473,0.7727339,2.1936288,6.7091947,0.6469014,28.63496,40.80883,31.280458,15.821554,21.348907,16.185167,11.060638,14.493547,17.401028,68.06
4446936.924,659354.7026,63.27513,0.92864966,0.6443604,24.741121,32.56246,31.657763,28.389618,24.644579,42.10013,38.26757,42.6845,50.054882,58.047546,34.229153,29.226875,25.64372,21.951105,17.963749,2.3703156,2.0987031,6.265112,7.165754,1377.6,21.253317,-0.16064453,0.55325353,-0.011108398,35,15,0.8428825,0.49068457,0.2506953,0.271799,0.3089874,1.0088086,1.3544521,23.716234,18.505404,11.284038,11.884571,12.678844,18.083876,16.317183,15.449181,26.833376,27.147058,17.802027,20.998238,20.698036,21.944874,21.066654,22.188372,20.32691,17.466969,15.395267,16.008606,14.729993,18.288717,19.597387,16.94135,14.769542,9.448735,10.834086,9.450236,10.739675,13.401995,15.477132,11.483723,17.40212,18.0676,13.46246,14.373518,18.342123,16.237123,17.392044,15.925476,18.597057,20.13439,16.7391,17.056416,17.204035,16.137634,19.10679,17.6483,0.78650504,2.2345095,6.715433,0.6469014,28.65179,40.18385,31.728014,16.067165,22.355753,17.40198,12.0173435,16.468142,17.853632,68.06
4446936.924,659359.7026,63.472816,0.94156784,0.645802,24.78274,31.699669,31.344873,29.235008,25.36046,41.52893,38.38012,42.8264,48.67457,56.039963,34.231518,29.390423,25.813055,22.49633,18.804216,2.4187822,2.0804365,6.3385615,7.1627927,1377.6,14.440058,0.119628906,0.5174617,0.006591797,35,15,0.8428825,0.49068457,0.2506953,0.271799,0.3089874,1.0088086,1.3544521,22.381556,17.895784,10.671593,11.823848,13.283997,17.168243,13.184323,14.933041,26.80988,27.733559,17.789644,21.215725,19.82381,20.18574,20.234072,21.978407,21.927704,19.486336,14.4383135,15.9208555,14.899128,15.892697,17.898842,17.0287,15.881493,12.000885,10.191907,9.042785,10.371336,12.087675,14.301861,11.566987,15.610839,17.000093,12.749112,14.280499,18.457071,14.399181,17.368076,15.057956,17.951176,20.130198,16.432554,17.810694,16.413876,16.884174,19.735434,17.653975,0.79368496,2.2496095,6.750677,0.6469014,28.241203,39.954525,31.81097,15.201335,21.970348,17.209126,11.982564,15.694982,17.9083,68.06
4446936.924,659364.7026,69.0052,0.9541846,0.6449473,25.032425,31.67789,31.36832,29.170383,25.415764,40.935123,38.17359,42.698708,48.84683,55.989246,34.306065,29.478497,25.892704,22.392527,18.830856,2.4706047,2.0845752,6.3688126,7.1684866,1377.58,11.993348,-0.080566406,0.4829839,-0.005615234,35,15,0.8428825,0.49068457,0.2506953,0.271799,0.3089874,1.0088086,1.3544521,21.547573,19.294024,13.6775055,14.617403,15.368888,17.103188,15.092275,16.634966,26.28487,27.33225,17.786884,20.97494,19.850035,20.239815,20.263186,21.79767,20.837416,14.793857,11.4161,12.372782,12.855831,14.2644825,15.521689,14.182902,16.68729,13.979857,12.730603,11.252016,13.282916,14.454007,15.165646,13.628563,18.74354,20.024672,15.886088,17.23028,20.68033,17.895767,20.629871,18.056128,17.745338,19.921812,16.210896,17.590883,16.20478,16.677805,19.530205,17.44082,0.7995659,2.2775898,6.7686496,0.6469014,28.355158,39.55436,31.89228,16.67155,21.818853,14.580308,13.9360485,18.72722,17.69739,68.06
4446936.924,659369.7026,84.40026,0.9752482,0.64013916,25.257357,31.393808,31.665773,28.68613,25.414434,40.42785,38.185368,42.416122,48.900948,55.900642,34.36934,29.610947,25.833458,22.702847,18.931732,2.5336652,2.0828388,6.383433,7.16712,1377.58,0,-0.000488281,0.4581047,0,35,15,0.8428825,0.49068457,0.2506953,0.271799,0.3089874,1.0088086,1.3544521,21.488876,19.279,11.396626,14.795364,16.3547,18.324387,16.265802,16.29648,26.771503,26.029608,17.072718,21.030027,20.999016,22.462925,20.126541,21.901237,20.361021,13.312789,11.571582,12.000059,12.773071,16.895214,14.658874,14.091629,16.627327,12.572556,12.322133,11.67518,13.752028,14.310859,14.134982,13.4983635,19.018044,19.60177,16.434244,15.353865,19.74149,20.168682,16.65478,17.964025,18.216406,19.60319,16.874384,16.027756,15.207488,15.731768,18.608189,17.116226,0.8076937,2.3082519,6.775276,0.6469014,28.325583,39.30661,31.990143,16.843536,22.070333,14.510374,13.627867,18.138983,17.18131,68.06
4446936.924,659374.7026,72.34493,0.9875515,0.63499385,25.39535,31.623873,32.678516,28.3264,25.773563,39.967083,37.914135,39.931004,49.09919,55.380863,34.48726,29.862448,27.295103,22.835245,18.95871,2.5969994,2.100541,6.4277062,7.182564,1377.58,345.94318,-0.080566406,0.4722453,-0.006713867,35,15,0.8312511,0.49282578,0.26467192,0.2806153,0.30870363,1.0109676,1.3480704,21.768517,18.979254,10.813516,16.903957,16.709223,15.070846,16.341278,16.372318,24.453484,26.260263,16.984411,21.311085,20.228167,21.836021,20.268549,21.431612,18.851448,13.180421,11.167892,12.053494,10.289158,14.102963,15.908566,13.190521,14.87013,12.459359,11.468143,12.974451,13.006284,11.252768,14.818443,12.900472,20.653347,20.076996,16.22043,16.362228,20.006239,18.602386,17.26586,18.355171,18.607374,18.123058,16.733,17.376661,14.33727,17.211695,18.983025,17.256594,0.8112727,2.3487701,6.805135,0.64815795,28.509611,38.94061,32.174854,16.655226,21.620283,13.650564,12.978511,18.455355,17.33887,68.06
4446936.924,659379.7026,80.48476,1.0032433,0.62298906,25.4149,31.395058,32.242798,27.58357,25.491535,39.730103,38.037106,40.578472,50.242542,56.27086,34.489117,29.95948,27.02415,22.406715,18.627346,2.6577196,2.0882564,6.4395943,7.1886573,1377.6,343.81348,0.079589844,0.4622663,0.005493164,35,15,0.8312511,0.49282578,0.26467192,0.2806153,0.30870363,1.0109676,1.3480704,23.572517,17.18342,7.5270677,14.660439,15.669238,14.251267,14.656406,14.904153,24.90424,26.661573,16.981379,21.551872,20.18245,21.793808,20.237597,21.597076,20.723677,17.85232,14.469295,15.144867,12.616273,16.731941,18.251768,16.257595,13.919524,10.480388,9.002545,10.282179,9.63123,10.153538,13.828499,10.780061,18.03854,16.399595,12.95279,13.06309,16.65479,16.0752,14.657014,15.196025,18.813211,18.331442,16.954657,17.596472,14.546365,17.412262,19.188253,17.469267,0.8131162,2.372988,6.814126,0.64815795,28.40498,38.883606,32.224297,15.360051,21.758987,16.541449,11.042558,15.40586,17.548952,68.06
4446936.924,659384.7026,72.44052,1.0114926,0.62412214,25.58337,31.344822,32.37297,27.144592,25.15209,39.824818,38.2379,40.611088,49.77426,56.164368,34.255108,30.133482,26.863228,23.138842,19.251118,2.6559439,2.0865433,6.4591837,7.1967688,1377.6,336.81348,-0.16015625,0.43653977,-0.011108398,35,15,0.8312511,0.49282578,0.26467192,0.2806153,0.30870363,1.0109676,1.3480704,22.984829,17.208483,8.506597,12.939433,13.213044,13.535376,13.104255,14.289491,25.077826,26.093477,16.813095,20.747183,19.934881,21.015278,20.921713,21.261688,20.512156,18.592321,13.6940155,14.526935,13.600998,16.964985,18.830027,15.967522,12.989343,11.86811,9.539305,9.028384,9.793557,10.590351,14.65078,10.497481,19.020912,14.577251,11.485015,12.248175,14.942734,12.316446,19.17177,14.01949,19.070469,21.210047,17.192919,18.942562,15.565337,15.346445,15.85102,17.682537,0.8178074,2.3712435,6.827976,0.64815795,28.464096,39.031357,32.194294,14.49886,21.51478,16.67449,11.208548,14.823186,17.596972,68.06
4446936.924,659389.7026,76.91887,1.0124208,0.627793,25.855183,30.880873,32.69145,27.206486,25.101278,40.167038,38.8528,40.173214,49.473618,56.72538,33.851143,30.156628,27.06983,23.356514,18.741287,2.6253688,2.0683575,6.4409313,7.1998315,1377.63,315,-0.040039062,0.54721236,-0.004394531,35,15,0.8312511,0.49282578,0.26467192,0.2806153,0.30870363,1.0109676,1.3480704,22.723558,17.338978,7.9810977,13.347441,10.845698,14.689747,12.360295,14.094615,24.286646,26.599161,16.260311,20.280085,20.05101,21.21317,20.173727,20.870981,20.203495,17.796854,13.195874,14.840787,15.771501,20.820927,17.674751,16.34778,14.948536,10.424369,9.042546,9.202179,11.42242,12.753872,14.859729,11.006362,17.848616,15.801349,11.467308,12.485171,13.457406,14.483961,18.471115,14.009708,21.353294,18.50689,16.212793,18.22057,16.591133,17.848787,17.09855,17.950151,0.82010686,2.3468633,6.820381,0.64815795,28.368027,39.50992,32.003883,14.18383,21.2663,17.186314,11.807664,14.859276,17.976002,68.06
4446936.924,659394.7026,77.986626,1.0045332,0.6253369,25.80861,30.59955,32.67806,27.240128,25.07248,40.55567,39.47857,40.556858,49.380424,56.79859,33.497093,30.055325,26.767715,23.467968,18.698547,2.5950782,2.0533214,6.4367785,7.205885,1377.67,307.88843,-0.0390625,0.65311533,-0.003295898,35,15,0.8312511,0.49282578,0.26467192,0.2806153,0.30870363,1.0109676,1.3480704,22.723558,17.338978,7.9810977,13.347441,10.845698,14.689747,12.360295,14.094615,24.286646,26.599161,16.260311,20.280085,20.05101,21.21317,20.173727,20.870981,20.203495,17.796854,13.195874,14.840787,15.771501,20.820927,17.674751,16.34778,14.948536,10.424369,9.042546,9.202179,11.42242,12.753872,14.859729,11.006362,17.848616,15.801349,11.467308,12.485171,13.457406,14.483961,18.471115,14.009708,21.353294,18.50689,16.212793,18.22057,16.591133,17.848787,17.09855,17.950151,0.814935,2.3241997,6.821332,0.64815795,28.20408,40.01712,31.776209,14.18383,21.2663,17.186314,11.807664,14.859276,17.976002,68.06
4446936.924,659399.7026,79.82034,0.993846,0.6161806,25.659712,29.986057,32.274124,27.103334,24.779839,40.979813,40.30752,42.010612,50.387066,57.705036,33.092884,29.781818,25.72925,22.71213,18.299288,2.5749483,2.030083,6.4419174,7.222962,1377.72,300.18256,-0.040527344,0.712581,-0.002197266,35,15,0.8312511,0.49282578,0.26467192,0.2806153,0.30870363,1.0109676,1.3480704,22.41146,16.968645,8.5075655,12.139986,10.473121,14.587376,16.204033,13.860313,24.923218,25.934921,16.660477,20.561575,19.67338,22.176228,20.434252,21.125406,19.753374,18.42496,15.176018,15.712873,16.176332,21.653997,18.246576,17.163523,14.831748,9.51382,9.634608,10.059363,11.15845,12.945864,16.44194,11.150464,18.155619,13.595318,12.126157,14.024007,14.195079,14.480884,19.120667,14.171613,19.29316,19.103777,15.906249,17.113514,17.243498,15.699065,20.141083,17.36184,0.8050133,2.3025155,6.8324394,0.64815795,27.822884,40.64367,31.437351,14.470312,21.480577,17.877733,12.083685,15.099675,17.785765,68.06
4446936.924,659404.7026,72.58792,1.0053868,0.63152546,25.347021,29.463032,32.307762,27.089579,25.22288,41.321754,41.02311,42.322166,49.980946,57.0421,32.773018,29.706987,25.409407,23.114626,18.443619,2.5834072,2.0210564,6.4941525,7.245199,1377.78,293.50244,0.040527344,0.7185986,0.003417969,35,15,0.84647715,0.49411312,0.265459,0.27773136,0.30905366,1.0129018,1.4233682,22.665049,17.166634,8.461116,12.391947,9.900111,18.683985,16.541468,14.237966,26.200102,26.462942,16.533495,20.339823,20.214262,22.640549,20.222311,21.43258,19.91939,18.472795,14.740521,16.088001,15.884143,18.93154,17.763798,16.903055,14.340446,9.804165,9.424334,10.563566,9.888125,14.757918,14.475907,11.166309,18.365946,15.082183,12.596478,14.371821,15.1343,14.489433,16.244165,14.740074,18.859344,18.54217,16.063963,17.87999,18.413187,15.657211,20.027977,17.56117,0.8184562,2.3022318,6.8696756,0.66130066,27.405025,41.172432,31.240002,15.115758,21.801926,17.400026,11.893495,15.183475,17.92055,68.06
4446936.924,659409.7026,75.68264,1.0175067,0.63466203,25.366444,28.923752,32.134388,26.742355,25.375881,41.623444,41.68785,42.932915,50.728466,57.861877,32.46922,29.727755,25.013107,22.785158,17.536242,2.59375,2.0103896,6.4855857,7.2458224,1377.84,291.56543,0.15917969,0.6621562,0.00769043,35,15,0.84647715,0.49411312,0.265459,0.27773136,0.30905366,1.0129018,1.4233682,22.688013,17.197252,8.491734,12.416441,9.930731,18.683985,16.551674,14.26348,25.563133,26.269285,16.50476,20.073883,19.98028,22.24043,19.812346,21.161495,19.964745,18.726469,15.001874,16.306301,16.122454,18.846914,17.843235,17.085804,14.940422,10.626458,10.243144,11.226152,10.700656,15.136963,14.755124,11.879714,17.181454,14.268989,11.10072,13.049291,13.613078,12.808664,15.814097,13.442368,18.733461,18.49063,15.94383,17.762152,18.281553,15.525578,20.003809,17.45078,0.8260844,2.3020697,6.865704,0.66130066,27.145098,41.655647,31.098488,15.137118,21.492018,17.54457,12.518417,13.976613,17.820143,68.06
4446936.924,659414.7026,84.343,1.000122,0.6370117,24.943962,28.908226,31.773865,26.563086,25.773678,42.523804,42.25708,44.050568,51.5232,57.245586,31.844803,29.171339,24.32909,22.194565,17.107296,2.531628,2.0086274,6.4813128,7.261964,1377.88,289.2219,-0.15966797,0.6521628,-0.0078125,35,15,0.84647715,0.49411312,0.265459,0.27773136,0.30905366,1.0129018,1.4233682,22.774733,17.387506,8.446734,12.551347,12.311307,13.896424,16.00524,14.176938,24.916931,25.477615,17.12451,20.303493,19.696775,22.746847,19.996237,21.184355,18.910362,16.53882,15.832473,16.197346,14.959472,16.38528,17.488688,16.51823,14.750614,9.56779,11.365653,11.552263,10.592374,12.4436865,15.147415,11.83505,17.079956,12.944829,12.111515,11.054255,10.672076,14.651369,17.864124,12.980614,17.242851,16.851698,17.18778,17.17246,16.110079,16.747108,17.028812,17.003626,0.8185668,2.2701278,6.8716383,0.66130066,26.926094,42.39044,30.508072,14.767613,21.466059,16.616064,12.202827,13.768304,16.905827,68.06
4446936.924,659419.7026,71.194115,0.9752301,0.6450549,24.881727,28.83746,31.59162,26.238493,24.968447,43.678696,42.711716,44.956745,52.25644,58.799297,31.092915,28.467999,23.681147,21.7355,16.300774,2.429011,2.0161006,6.4644136,7.273527,1377.94,285.44885,-0.041015625,0.6983837,-0.004516602,35,15,0.84647715,0.49411312,0.265459,0.27773136,0.30905366,1.0129018,1.4233682,23.281036,19.112045,10.878959,14.894475,14.648465,15.219631,16.90486,16.066143,24.916931,25.477615,18.250677,21.03557,20.259632,23.16899,20.248365,21.723948,18.794992,16.47596,15.698575,16.07452,14.957253,16.366516,17.32334,16.428425,15.196944,12.479718,13.80357,13.833052,12.09596,14.517696,15.765161,13.7575,17.221907,13.170413,12.415264,11.421749,10.64737,14.678507,17.903711,13.187027,17.44867,17.027975,17.934847,17.559359,16.315569,17.344229,17.333773,17.408998,0.8101425,2.2225559,6.8689704,0.66130066,26.859592,43.195206,29.780457,16.419926,21.908255,16.527308,13.956015,13.922702,17.28063,68.06
4446936.924,659424.7026,68.78198,0.95255125,0.65656024,24.697989,29.067516,31.40764,26.037975,24.533817,44.902245,43.163017,45.74052,52.66369,59.221752,30.328371,27.60172,23.177948,21.508333,16.11109,2.3336806,2.0223918,6.4707146,7.2891674,1378,282.98087,-0.079589844,0.7643621,-0.006713867,35,15,0.84647715,0.49411312,0.265459,0.27773136,0.30905366,1.0129018,1.4233682,23.318218,19.28898,11.694894,14.713806,14.03041,16.991428,16.267157,16.26306,27.447577,28.06225,18.707104,22.508953,21.479239,22.7435,21.599371,23.15667,18.943827,15.129338,15.309598,15.364435,13.961712,17.870945,17.615053,15.923736,15.21236,11.306712,12.812748,12.670908,12.209706,12.953929,16.427538,12.903184,15.809625,9.793225,10.370747,11.229014,8.03324,13.464682,15.301738,11.312312,17.488522,14.886609,15.882022,17.532072,12.618606,15.918943,16.908194,15.803203,0.8045558,2.1780362,6.879941,0.66130066,26.882751,44.03263,28.965046,16.614985,23.221144,16.313557,13.370558,12.000323,15.89071,68.06
4446936.924,659429.7026,72.91503,0.93705136,0.6682155,24.467983,29.255733,31.0518,25.88258,24.730501,46.23452,43.703625,46.749752,52.69447,57.305614,29.45457,26.726583,22.733149,21.61099,17.198427,2.2565634,2.028549,6.480329,7.316991,1378.07,276.89542,-0.16113281,0.95240587,-0.011230469,35,15,0.84647715,0.49411312,0.265459,0.27773136,0.30905366,1.0129018,1.4233682,23.313938,21.666723,13.072467,17.655735,15.314498,19.458752,16.379622,18.006357,27.828869,30.012932,18.1789,23.19362,21.042604,24.09191,22.95182,23.591925,19.465805,15.748387,14.460084,16.618195,17.778433,19.321468,19.45143,16.766306,17.218565,12.836189,12.798865,12.42644,14.201076,16.059414,18.612488,13.973972,19.26979,12.532837,14.140056,13.646532,13.351589,17.180216,18.52934,14.790352,21.214949,18.673166,17.166655,17.699453,16.634321,18.692717,19.26682,18.218678,0.8026334,2.1425562,6.8986597,0.66130066,26.861858,44.96907,28.090576,18.123106,23.900095,17.549114,14.8790045,15.5214815,18.478298,68.06
4446936.924,659434.7026,66.99672,0.9281878,0.6738006,24.244589,29.703777,31.186296,25.476866,24.296898,47.71343,44.2227,47.479378,53.045574,57.901245,28.583378,25.823166,22.038166,21.620564,16.582294,2.1950476,2.043834,6.516512,7.3357296,1378.17,269.99103,0.080566406,1.1173428,0,35,15,0.8477766,0.49813542,0.26708975,0.28754276,0.310292,1.0156335,1.4365695,23.356014,21.614416,13.06031,17.598972,15.262189,19.620564,16.450758,17.99627,27.828869,30.012932,18.1789,23.19362,21.042604,24.09191,22.95182,23.591925,20.353739,16.475609,13.9844885,16.474476,17.579554,20.176842,18.894547,16.931173,17.02421,12.790294,12.673157,12.376199,14.150352,15.644111,18.298304,13.851087,17.759712,11.209048,12.957171,12.548985,11.720351,15.535146,16.86493,13.433974,21.842123,19.07369,17.59688,18.09998,17.276278,19.895847,19.489042,18.761469,0.80099416,2.1194408,6.9261208,0.6661485,26.974182,45.968063,27.203272,18.137604,23.900095,17.705608,14.708089,14.08505,19.03912,68.06
4446936.924,659439.7026,65.28606,0.92250293,0.6820198,23.863087,29.73669,31.096567,25.071648,23.624876,49.28438,44.914288,48.85441,53.408825,58.73991,27.56932,24.884811,20.971752,21.61484,16.144184,2.154423,2.0575118,6.532033,7.3516517,1378.26,267.06067,-0.16015625,1.1182894,-0.006713867,35,15,0.8477766,0.49813542,0.26708975,0.28754276,0.310292,1.0156335,1.4365695,23.022095,21.666376,14.474748,17.73815,14.558144,19.418001,16.97803,18.224493,26.489136,28.566948,18.378216,22.686796,20.859215,23.041573,20.706675,22.943617,21.314758,18.098587,15.00509,15.606875,17.468124,19.757477,16.100853,17.319742,16.52105,12.94439,12.076676,12.560429,13.861717,15.51574,17.75202,13.629266,17.483995,11.073662,12.602269,12.94414,15.441868,15.918133,16.328794,13.859548,19.913898,15.285443,14.98116,15.367262,19.493113,19.432192,16.791327,16.839792,0.80226135,2.1059675,6.941842,0.6661485,26.799889,47.099335,26.227066,18.265078,22.961224,17.62168,14.461718,14.541838,17.323484,68.06
4446936.924,659444.7026,59.41308,0.9322847,0.69339275,23.570173,29.761066,30.318577,25.091085,24.0895,50.32867,45.38573,49.7945,54.3407,58.899677,26.973799,24.434662,20.77366,20.685595,15.845717,2.111587,2.0389917,6.5664687,7.381408,1378.36,267.06067,-0.040039062,1.1182894,-0.005615234,35,15,0.8477766,0.49813542,0.26708975,0.28754276,0.310292,1.0156335,1.4365695,22.764238,22.751022,13.555478,17.503757,14.765744,18.873371,16.100279,17.864244,26.80122,29.04096,18.202196,22.18233,20.745817,24.673252,21.444494,22.983683,18.811138,15.813676,13.787467,13.933658,14.247373,17.560467,14.783414,15.2868,16.828897,14.216025,12.542771,12.901611,14.317268,17.647144,17.64,14.276868,17.858734,17.41715,17.290306,17.523315,16.536003,18.451332,16.258644,17.43501,17.737972,14.892962,14.524575,15.127797,16.425562,17.52475,15.854154,15.635133,0.81283873,2.0752892,6.9739385,0.6661485,26.665619,47.8572,25.704231,18.044842,23.298609,15.562456,15.156245,17.333641,16.012539,68.06
4446936.924,659449.7026,57.850136,0.9473698,0.7073288,23.558819,29.683056,29.379637,25.23167,24.877525,51.033504,45.541595,50.05539,54.99637,59.76134,26.713366,24.36371,21.272528,19.878357,15.052151,2.0665848,2.0072963,6.589127,7.4079237,1378.46,267.45245,-0.16015625,1.2900723,-0.011108398,35,15,0.8477766,0.49813542,0.26708975,0.28754276,0.310292,1.0156335,1.4365695,21.498457,22.15441,13.308236,17.072342,14.307152,17.627619,15.44015,17.232035,27.004791,29.24453,17.078218,21.589369,20.064354,24.213047,20.88481,22.523485,18.848312,15.830632,13.790821,13.937012,14.258003,17.575687,14.790181,15.29939,16.131973,12.660184,11.039321,11.395907,12.983258,16.62936,16.614773,12.964732,17.225477,17.077757,16.837105,17.037626,14.69679,17.068565,15.786671,16.73202,16.774128,14.470157,14.174584,14.753985,15.183228,16.693546,15.615807,15.016636,0.8273493,2.0369406,6.9985256,0.6661485,26.620937,48.28755,25.538538,17.344051,22.868444,15.575807,13.922112,16.532856,15.380775,68.06
4446936.924,659454.7026,54.26191,0.95613223,0.7101898,23.39577,29.710657,28.52673,25.702503,25.955969,51.706425,45.606354,50.470783,55.356846,59.526962,26.401419,24.274462,21.502525,19.020002,14.947712,2.0309277,1.9823956,6.6304183,7.4350567,1378.59,266.78928,0.16015625,1.2766451,0.012207031,35,15,0.8477766,0.49813542,0.26708975,0.28754276,0.310292,1.0156335,1.4365695,23.646694,21.329702,12.632268,16.930603,13.857964,17.933895,17.308231,17.317,25.47372,26.548403,16.651125,20.043169,17.977583,19.902153,20.65482,20.804922,20.869919,18.271599,16.413755,15.637634,18.091124,18.34593,18.553211,17.640413,19.760193,13.120891,11.577691,11.168208,13.055439,15.366669,15.8958235,13.6112175,16.203424,16.65667,17.3728,16.868189,13.827003,15.763558,14.850156,16.364758,16.706516,13.902027,13.441844,14.784845,17.227242,16.670586,14.648015,14.845809,0.833161,2.0066617,7.0327377,0.6661485,26.553213,48.656387,25.33794,17.662764,21.035854,18.026169,14.277844,15.934543,15.340155,68.06
4446936.924,659459.7026,55.905315,0.956866,0.7079376,23.128403,30.044363,27.692335,25.590036,26.988163,52.35309,45.43193,50.916485,56.027245,59.742996,26.099611,24.194687,21.756226,18.479982,14.347681,2.0022485,1.9653109,6.6524935,7.4557977,1378.69,266.30045,0.119140625,1.1054882,0.006591797,35,15,0.8477766,0.49813542,0.26708975,0.28754276,0.310292,1.0156335,1.4365695,23.667824,21.647606,11.771633,17.4611,12.9653635,19.36864,17.470633,17.30835,24.111214,25.343283,16.321287,20.144966,18.869469,19.89698,19.723352,20.352873,19.868591,17.461744,13.78436,13.229757,14.80705,15.682208,16.69744,15.479608,19.842854,16.485815,14.191867,13.036476,14.539998,14.568858,19.620436,15.428769,18.436247,16.77197,17.92772,17.378376,16.119316,16.162987,16.743359,17.36035,15.46714,15.27806,15.492183,15.295771,14.992747,13.788738,18.212318,15.345325,0.8324018,1.9837797,7.054146,0.6661485,26.586384,48.89251,25.147148,17.764687,20.63008,15.933022,16.0409,17.077139,15.503851,68.06
4446936.924,659464.7026,53.87626,0.9486156,0.6933208,22.706049,30.491274,26.840815,26.144611,27.863544,52.95283,45.07525,51.592945,56.162285,59.846497,25.742836,24.100256,21.795885,17.753391,14.260594,1.9737678,1.9574232,6.6836715,7.4740305,1378.78,269.12854,0.080566406,0.9311171,0.010009766,35,15,0.8574515,0.48778638,0.26654893,0.28495967,0.30898124,1.0072573,1.4099362,23.994135,21.647606,11.771633,17.4611,12.9653635,19.36864,17.470633,17.362734,24.116953,25.343283,16.321287,20.144966,18.869469,19.89698,19.723352,20.353828,19.868591,17.461744,13.78436,13.229757,14.80705,15.682208,16.69744,15.479608,19.842854,16.485815,14.191867,13.036476,14.539998,14.568858,19.620436,15.428769,18.386833,16.725069,17.884848,17.33685,16.075098,16.117428,16.698832,17.31549,15.46714,15.27806,15.492183,15.295771,14.992747,13.788738,18.212318,15.345325,0.8209682,1.9655955,7.0788507,0.66041726,26.598661,49.014038,24.921547,17.811302,20.6309,15.933022,16.0409,17.032137,15.503851,68.06
4446936.924,659469.7026,49.78117,0.9336713,0.6787601,22.593016,31.029226,26.160137,26.54218,28.551922,53.38934,44.62368,52.179012,56.64808,60.25034,25.50324,23.99325,21.707329,16.86266,13.895313,1.947645,1.952516,6.688082,7.4874253,1378.85,272.60544,0.15966797,0.63079625,0.011108398,35,15,0.8574515,0.48778638,0.26654893,0.28495967,0.30898124,1.0072573,1.4099362,23.956491,21.355814,9.943981,16.894333,14.227023,19.375835,16.566547,16.903303,24.808815,24.604136,16.50198,20.579388,19.147789,20.698725,18.490892,20.614025,20.151127,17.585844,14.859856,14.125783,14.745827,16.463886,16.5374,16.05524,21.12045,15.589404,15.696073,13.321924,15.219621,14.568858,19.697502,16.050125,19.363052,15.940049,18.630833,17.895832,17.665777,16.099953,18.74192,17.880396,16.094713,15.642226,17.410612,15.4203005,14.473575,13.834405,18.65911,15.93792,0.8062157,1.9500804,7.087754,0.66041726,26.811121,49.006508,24.748245,17.474289,20.690247,16.352818,16.459118,17.762487,15.933563,68.06
4446936.924,659474.7026,48.835503,0.92029405,0.67624575,22.47041,30.950312,25.866558,26.660484,28.673582,53.245823,44.51674,52.42662,56.56906,59.442257,25.578245,23.994068,21.6062,16.777004,14.230405,1.909074,1.9294323,6.7201395,7.5076237,1378.89,273.8141,0.040039062,0.43108466,0.003295898,35,15,0.8574515,0.48778638,0.26654893,0.28495967,0.30898124,1.0072573,1.4099362,23.51196,20.20891,10.261068,15.503749,11.999682,16.994808,15.257098,15.950053,23.180325,25.020124,16.12588,20.077072,18.779116,19.495653,19.336819,20.212797,17.089062,16.256056,13.717397,14.073108,17.344683,16.382675,14.946324,15.362845,16.826826,15.684823,14.175494,13.220114,17.685677,15.61645,19.15087,15.3076515,17.729553,16.692814,17.95287,16.833422,18.150724,16.640015,20.323923,17.525738,16.84435,17.344152,17.073977,17.046158,18.325594,13.842588,14.509884,16.762249,0.79826987,1.9192531,7.1138816,0.66041726,26.710361,48.88128,24.786156,16.248182,20.287855,15.687043,16.051464,17.760473,16.426672,68.06
4446936.924,659479.7026,50.937695,0.9087624,0.6796058,22.59416,30.788275,25.55974,26.128138,27.291756,52.67709,44.419693,52.83006,57.265057,60.214153,25.898664,24.133055,21.571264,16.672966,14.586407,1.8689165,1.8932025,6.6827893,7.5082984,1378.92,278.14877,0.000488281,0.3034583,0.001098633,35,15,0.8574515,0.48778638,0.26654893,0.28495967,0.30898124,1.0072573,1.4099362,23.51196,20.20891,10.261068,15.503749,11.999682,16.994808,15.257098,15.950053,23.180325,25.020124,16.12588,20.077072,18.779116,19.495653,19.336819,20.212797,17.089062,16.256056,13.717397,14.073108,17.344683,16.382675,14.946324,15.362845,16.826826,15.684823,14.175494,13.220114,17.685677,15.61645,19.15087,15.3076515,17.729553,16.692814,17.95287,16.833422,18.150724,16.640015,20.323923,17.525738,16.84435,17.344152,17.073977,17.046158,18.325594,13.842588,14.509884,16.762249,0.7941841,1.8810595,7.095544,0.66041726,26.691217,48.548393,25.01586,16.248182,20.287855,15.687043,16.051464,17.760473,16.426672,68.06
4446936.924,659484.7026,59.0036,0.8982705,0.67361623,22.645876,30.905489,25.470146,25.712883,26.295935,52.067,44.264194,52.668163,57.441162,60.564888,26.310293,24.159678,21.76762,16.883821,14.606561,1.840155,1.8616972,6.6682234,7.51543,1378.94,296.70547,0.03955078,0.12761697,0.003295898,35,15,0.8574515,0.48778638,0.26654893,0.28495967,0.30898124,1.0072573,1.4099362,24.92265,22.111414,12.2369995,16.987186,13.407776,16.207617,14.787473,17.305086,23.631346,25.538023,16.756346,20.685093,19.331524,20.315914,18.8031,20.771412,19.338905,16.048964,14.466189,13.713623,13.996983,15.890959,15.470577,15.363167,19.198854,15.079651,16.074213,14.131248,13.5973425,15.54669,15.680287,15.677357,19.212524,17.024199,18.08961,16.970072,15.466273,15.600561,17.420162,17.317522,18.399485,14.937083,16.49615,14.619583,11.1401415,13.777769,13.963891,15.194266,0.7859434,1.8509262,7.0918264,0.66041726,26.775682,48.165596,25.234985,17.237303,20.723051,15.560887,15.61547,17.111914,14.762015,68.06
4446936.924,659489.7026,57.250523,0.89197755,0.668616,22.739292,31.0617,25.466564,25.382359,24.933653,51.46457,44.118515,52.285515,57.471817,62.024532,26.684212,24.118279,22.076525,17.13596,14.284284,1.8221723,1.8348267,6.6426835,7.5175796,1378.94,341.42514,-0.080078125,0.09057066,-0.004516602,35,15,0.8574515,0.48778638,0.26654893,0.28495967,0.30898124,1.0072573,1.4099362,23.06836,21.37441,12.458313,17.040545,14.743947,15.971873,14.29472,17.191935,24.220936,25.938574,16.674353,20.619196,18.695143,19.42889,17.961617,20.606749,18.250374,15.999691,13.501717,13.858751,13.817355,16.675991,15.815852,15.049846,17.273003,16.073074,14.431328,14.137181,15.796763,15.380884,15.802987,15.351708,17.854698,17.08563,17.638453,16.941986,16.981848,14.365681,17.152657,17.00863,20.677528,19.101873,14.960846,14.288961,16.732534,14.79191,14.527036,16.466162,0.7802968,1.8284996,7.0801315,0.66041726,26.900497,47.791542,25.401245,16.993166,20.505527,15.417105,15.556459,16.860136,16.4401,68.06
4446936.924,659494.7026,52.94506,0.8902211,0.66591877,22.773327,31.217333,25.259,25.034164,24.007816,50.90664,44.07671,52.36616,57.65559,62.309807,26.996801,23.954744,22.171076,17.266708,14.320846,1.8168292,1.810176,6.62325,7.532793,1378.95,359.92987,0.119628906,0.14285459,0.005493164,35,15,0.85605127,0.4901761,0.22555043,0.28641227,0.30903643,1.0110209,1.3474215,23.06836,21.37441,12.458313,17.040545,14.743947,15.971873,14.29472,17.191935,24.220936,25.938574,16.674353,20.619196,18.695143,19.42889,17.961617,20.606749,18.250374,15.999691,13.501717,13.858751,13.817355,16.675991,15.815852,15.049846,17.273003,16.073074,14.431328,14.137181,15.796763,15.380884,15.802987,15.351708,17.854698,17.08563,17.638453,16.941986,16.981848,14.365681,17.152657,17.00863,20.677528,19.101873,14.960846,14.288961,16.732534,14.79191,14.527036,16.466162,0.77807,1.8135026,7.0780215,0.64652413,26.99533,47.491676,25.475773,16.993166,20.505527,15.417105,15.556459,16.860136,16.4401,68.06
4446936.924,659499.7026,58.40362,0.88699394,0.65830463,22.829191,31.233194,24.901138,24.735926,23.486473,50.56886,44.26965,53.05831,57.806686,61.696766,26.988,23.6695,21.824926,17.394407,14.796255,1.8277527,1.7931706,6.6038294,7.550693,1378.94,346.9581,-0.16064453,0.19060975,-0.0078125,35,15,0.85605127,0.4901761,0.22555043,0.28641227,0.30903643,1.0110209,1.3474215,23.19673,22.797073,13.263141,17.033192,16.085527,16.048565,14.73523,17.739016,24.062103,26.23084,17.063461,20.333775,19.234964,20.447903,19.008162,20.926542,18.078152,14.495248,12.808314,13.79599,14.275169,17.79162,16.509758,14.910641,17.054222,14.221301,14.3246565,13.618231,15.642204,16.59569,15.983475,15.084308,18.507202,16.425776,17.06158,16.796013,16.466766,15.572576,18.489822,17.121336,19.59787,14.06837,14.821736,13.342941,14.861435,15.8333,16.720499,15.493655,0.7726493,1.8104616,7.077261,0.64652413,27.031193,47.419254,25.32875,17.594208,20.911602,15.393464,15.34854,17.045677,15.606592,68.06
4446936.924,659504.7026,62.458874,0.87913835,0.6775245,22.883398,31.16785,24.96674,25.288692,23.089039,50.70629,44.653294,52.788982,56.743652,61.63397,26.936558,23.484926,22.24957,17.796417,15.088882,1.8341293,1.7970686,6.616299,7.5604334,1378.96,334.96777,0.15966797,0.2367844,0.0078125,35,15,0.85605127,0.4901761,0.22555043,0.28641227,0.30903643,1.0110209,1.3474215,23.408274,22.604454,13.439396,17.298313,13.585368,16.660465,14.829917,17.587967,23.198627,26.318481,16.736631,20.657059,18.962269,19.868767,19.986116,20.696882,16.92458,14.385719,12.784416,13.502363,16.660648,17.472706,16.245165,14.909149,17.309872,14.311763,14.671108,13.738953,16.03765,17.09743,17.04422,15.341229,17.056665,16.878487,17.129663,17.287825,16.682585,16.040174,19.386957,17.121595,17.33776,14.12296,14.442314,15.01781,15.297596,15.731485,16.331896,15.423907,0.7783314,1.815599,7.0883665,0.64652413,27.025623,47.679794,25.210743,17.40374,20.81828,15.425084,15.744428,17.208908,15.468832,68.06
4446936.924,659509.7026,57.32111,0.86593276,0.6862379,22.956726,30.643711,25.128736,25.829182,22.764265,51.27721,45.487495,52.7839,55.943806,61.366764,26.615517,23.243685,22.302675,18.00953,15.757603,1.8432773,1.8125665,6.5790806,7.5482435,1378.96,332.11786,-0.080078125,0.2755572,-0.003295898,35,15,0.85605127,0.4901761,0.22555043,0.28641227,0.30903643,1.0110209,1.3474215,23.408274,22.604454,13.439396,17.298313,13.585368,16.660465,14.829917,17.587967,23.198627,26.318481,16.736631,20.657059,18.962269,19.868767,19.986116,20.696882,16.92458,14.385719,12.784416,13.502363,16.660648,17.472706,16.245165,14.909149,17.309872,14.311763,14.671108,13.738953,16.03765,17.09743,17.04422,15.341229,17.056665,16.878487,17.129663,17.287825,16.682585,16.040174,19.386957,17.121595,17.33776,14.12296,14.442314,15.01781,15.297596,15.731485,16.331896,15.423907,0.7760853,1.8279219,7.063662,0.64652413,26.800219,48.382355,24.9296,17.40374,20.81828,15.425084,15.744428,17.208908,15.468832,68.06
4446936.924,659514.7026,55.138454,0.8459388,0.6605937,22.995829,30.719831,25.156565,25.683704,22.50914,52.09202,46.555664,53.22256,56.554947,62.49342,26.075338,22.774155,21.972965,17.711039,15.026792,1.8531032,1.8248156,6.5075226,7.5472727,1378.98,318.36646,0.040039062,0.34529898,0.001098633,35,15,0.85605127,0.4901761,0.22555043,0.28641227,0.30903643,1.0110209,1.3474215,23.72324,19.803047,12.7901945,15.592672,13.948746,15.258593,15.731838,16.868057,23.53599,24.827301,16.094595,19.848194,18.386412,19.855938,18.81428,20.132763,18.594776,14.615207,13.569179,13.669169,16.292713,18.02631,16.048584,15.281761,16.976559,14.199056,14.781936,13.339973,14.775909,16.597004,17.42167,14.939416,17.327597,15.866214,17.090063,16.076977,15.507213,14.877507,16.662771,16.389818,22.952547,17.940779,16.046255,16.366198,20.90576,21.958118,19.896751,18.574343,0.7532662,1.8389595,7.0273976,0.64652413,26.85783,49.32384,24.424747,16.692617,20.194674,15.830848,15.44173,16.201193,19.438059,68.06
4446936.924,659519.7026,55.077866,0.8348475,0.67354196,23.069569,30.171345,25.248365,26.233162,22.428812,53.078983,47.984352,53.58631,55.823708,62.241894,25.42671,22.220383,21.69279,17.854422,15.665975,1.8637742,1.8330733,6.503262,7.565445,1379,318.36646,0,0.34529898,0.002197266,35,15,0.85605127,0.4901761,0.22555043,0.28641227,0.30903643,1.0110209,1.3474215,24.07691,20.415983,14.244605,14.926706,14.170999,17.238493,16.474127,17.421253,23.786865,25.255224,16.29323,19.478006,18.39639,21.43702,18.644554,20.333605,18.273836,16.665752,13.035438,13.617285,15.623245,18.00428,14.663762,15.254826,17.527348,15.009196,14.086315,13.341606,14.775909,16.240835,15.18969,14.9292345,17.506842,16.847628,17.087202,16.14978,15.402848,16.16188,14.629582,16.635494,21.344854,20.03282,14.704093,16.415073,20.90576,22.867037,16.880507,18.318285,0.75419474,1.8484237,7.0343533,0.64652413,26.620457,50.53167,23.823547,17.363976,20.470184,15.697658,15.167272,16.25511,19.02145,68.06
4446936.924,659524.7026,67.10057,0.8242076,0.68520164,23.020287,29.942871,25.20528,26.177929,22.844324,54.12772,49.71123,54.40724,56.403034,61.67126,24.614262,21.665468,21.32034,17.454964,15.637234,1.8803908,1.8376375,6.487184,7.601011,1379.02,321.70984,0.040039062,0.34708038,0.002197266,35,15,0.84787965,0.5027228,0.263552,0.29605526,0.30898356,1.01057,1.3441396,24.07691,20.415983,14.244605,14.926706,14.170999,17.238493,16.474127,17.421253,23.786865,25.255224,16.29323,19.478006,18.39639,21.43702,18.644554,20.333605,18.273836,16.665752,13.035438,13.617285,15.623245,18.00428,14.663762,15.254826,17.527348,15.009196,14.086315,13.341606,14.775909,16.240835,15.18969,14.9292345,17.506842,16.847628,17.087202,16.14978,15.402848,16.16188,14.629582,16.635494,21.344854,20.03282,14.704093,16.415073,20.90576,22.867037,16.880507,18.318285,0.7547046,1.8590142,7.0440974,0.6534147,26.481579,51.919476,23.139866,17.363976,20.470184,15.697658,15.167272,16.25511,19.02145,68.06
4446936.924,659529.7026,69.9992,0.81643444,0.69156796,22.922947,29.522095,25.17376,26.447847,22.910099,55.0409,51.25378,55.13905,56.461903,61.81391,23.870584,21.035446,20.875128,17.174006,15.873152,1.8961542,1.8425409,6.492605,7.635314,1379.04,336.81747,0.12011719,0.3273502,0.008911133,35,15,0.84787965,0.5027228,0.263552,0.29605526,0.30898356,1.01057,1.3441396,23.769714,19.78634,14.012454,14.999504,16.420275,16.830385,16.031351,17.30211,23.76606,25.954361,16.402176,20.949322,18.54057,21.456617,18.205406,20.713972,17.799124,16.192642,13.117665,13.282347,14.01945,17.639744,17.113638,14.851551,17.198513,14.748927,13.33151,14.571745,14.052247,17.596544,17.136213,14.971626,17.428411,17.17938,16.21187,16.8251,15.627899,18.776121,15.593631,16.826189,21.344448,18.338648,15.79082,16.859547,18.19526,21.777996,17.467405,17.96047,0.7540012,1.8693476,7.0639596,0.6534147,26.22252,53.14734,22.453014,17.407145,20.7535,15.594943,15.519385,16.806059,18.53916,68.06
4446936.924,659534.7026,74.69365,0.8278757,0.6894475,23.090818,29.076235,25.431684,26.517132,22.244585,54.922462,51.795624,55.056305,55.580956,62.16406,23.662804,21.218943,21.059132,18.019258,16.950716,1.921483,1.8558668,6.440472,7.6283746,1379.04,0,0.000488281,0.31508166,0.002197266,35,15,0.84787965,0.5027228,0.263552,0.29605526,0.30898356,1.01057,1.3441396,22.776356,21.421972,14.291149,17.177214,14.6844,19.45097,15.777924,17.865767,23.190115,26.177504,16.266405,20.332464,18.576723,21.130917,18.700516,20.460798,17.06822,16.346834,13.318112,13.399526,13.766816,17.176111,16.07676,14.753316,16.939709,15.1030245,14.332397,13.751411,13.236516,21.522976,18.65185,15.277313,17.767529,17.579134,16.392603,17.000525,14.929924,21.028473,16.263271,17.114859,18.699436,18.770273,16.043642,14.959221,14.181277,22.006641,17.008919,16.7582,0.7586616,1.888675,7.0344234,0.6534147,26.083527,53.359043,22.440872,17.939999,20.62495,15.307482,16.219698,17.280209,17.381344,68.06
4446936.924,659539.7026,69.98742,0.84878504,0.6854335,23.422262,29.03168,25.924963,26.5544,21.946241,54.048233,51.42172,54.448532,55.38622,62.14318,23.964554,22.00487,21.147701,18.238602,17.118147,1.950128,1.8771499,6.434949,7.607462,1379.04,0,0.040039062,0.31508166,0.001098633,35,15,0.84787965,0.5027228,0.263552,0.29605526,0.30898356,1.01057,1.3441396,22.776356,21.421972,14.291149,17.177214,14.6844,19.45097,15.777924,17.865767,23.190115,26.177504,16.266405,20.332464,18.576723,21.130917,18.700516,20.460798,17.06822,16.346834,13.318112,13.399526,13.766816,17.176111,16.07676,14.753316,16.939709,15.1030245,14.332397,13.751411,13.236516,21.522976,18.65185,15.277313,17.767529,17.579134,16.392603,17.000525,14.929924,21.028473,16.263271,17.114859,18.699436,18.770273,16.043642,14.959221,14.181277,22.006641,17.008919,16.7582,0.7671093,1.913639,7.0212054,0.6534147,26.22697,52.734978,22.98471,17.939999,20.62495,15.307482,16.219698,17.280209,17.381344,68.06
4446936.924,659544.7026,58.68722,0.86664295,0.6837642,23.647057,28.769308,26.416727,26.37662,21.374006,53.244907,50.94416,53.478558,55.253086,62.54094,24.25352,22.53198,21.620779,18.65107,17.537357,1.9782122,1.9008824,6.3933997,7.585177,1379.04,347.74533,-0.03955078,0.33692124,-0.002197266,35,15,0.84787965,0.5027228,0.263552,0.29605526,0.30898356,1.01057,1.3441396,23.465885,21.219429,14.785533,16.913843,14.577996,19.686249,16.1618,18.091066,23.645676,25.017807,16.694605,20.565578,18.632784,20.967918,18.790453,20.549934,18.722403,16.722305,13.7072115,13.87055,13.781842,17.61301,16.17865,15.42619,18.041386,15.692104,14.854161,13.420522,13.332591,18.879555,17.16135,15.387982,17.627422,16.734453,17.19101,16.553173,15.557469,17.048578,18.490656,17.041193,20.715979,20.298613,15.89122,14.641809,14.918755,21.764177,20.192781,17.696548,0.7752036,1.9395473,6.9892883,0.6534147,26.208183,52.094536,23.39275,18.115818,20.616404,15.799425,15.911667,17.028967,18.346191,68.06
4446936.924,659549.7026,68.68524,0.88422906,0.68199253,23.70858,28.593758,26.864712,26.413189,21.258335,52.552784,50.64665,52.813053,55.34768,62.85042,24.555315,22.850267,21.422045,18.609064,17.353874,2.010149,1.9278216,6.392673,7.584203,1379.05,352.55298,0.040527344,0.33186865,0.004516602,35,15,0.84787965,0.5027228,0.263552,0.29605526,0.30898356,1.01057,1.3441396,23.465885,21.219429,14.785533,16.913843,14.577996,19.686249,16.1618,18.091066,23.645676,25.017807,16.694605,20.565578,18.632784,20.967918,18.790453,20.549934,18.722403,16.722305,13.7072115,13.87055,13.781842,17.61301,16.17865,15.42619,18.041386,15.692104,14.854161,13.420522,13.332591,18.879555,17.16135,15.387982,17.627422,16.734453,17.19101,16.553173,15.557469,17.048578,18.490656,17.041193,20.715979,20.298613,15.89122,14.641809,14.918755,21.764177,20.192781,17.696548,0.7831108,1.9689853,6.9884377,0.6534147,26.151169,51.599716,23.702791,18.115818,20.616404,15.799425,15.911667,17.028967,18.346191,68.06
4446936.924,659554.7026,72.846245,0.90293866,0.68098414,23.873018,28.53639,27.227812,26.398977,21.237408,51.908974,50.569004,52.128468,55.433464,62.971413,24.847431,23.321815,21.778498,18.669151,17.134523,2.0463793,1.9555557,6.454778,7.5958486,1379.05,348.66312,0.000488281,0.2917493,-0.002197266,35,15,0.83953583,0.5044808,0.27283072,0.29464528,0.30927476,1.011136,1.3525596,23.077477,19.256819,13.612976,18.036585,16.297804,16.465107,16.663614,17.692991,24.37641,24.39135,17.17631,20.10688,18.59624,20.977219,17.688711,20.609076,19.223125,15.708753,13.457162,14.234491,14.751674,16.94651,16.971348,15.375694,17.720934,15.414516,15.54063,13.658867,13.903648,15.99744,16.0043,15.396068,17.735905,17.555292,17.904211,17.183632,15.263646,15.716942,16.60528,17.122984,21.738773,22.364489,17.054976,14.826101,16.846832,22.008125,21.56372,18.643404,0.79196143,2.0009675,7.0253134,0.6549233,26.204704,51.23899,24.084623,17.630054,20.4733,15.899009,15.462906,16.85213,19.486145,68.06
4446936.924,659559.7026,102.535095,0.9133234,0.6716089,23.658186,28.229347,27.674398,26.37598,21.178062,51.496685,50.34511,51.258762,55.270363,63.3709,25.123724,23.37215,21.783245,18.907396,16.830906,2.0774014,1.9814329,6.4541755,7.5922785,1379.06,329.0225,0.000976563,0.25003016,0.001220703,35,15,0.83953583,0.5044808,0.27283072,0.29464528,0.30927476,1.011136,1.3525596,23.490675,20.054049,13.365505,18.119755,15.287586,16.502445,15.950044,17.617128,24.36177,24.92434,16.711538,19.892788,18.238052,21.197592,18.0264,20.495417,18.975317,15.831323,14.569198,13.99822,14.535729,16.72192,15.876216,15.497169,17.620314,16.541872,14.749639,13.637973,13.625945,17.972828,15.71786,15.349658,17.492495,16.753454,17.283861,17.338463,14.870999,17.594633,15.573901,16.961555,21.412891,21.509148,18.07422,14.990042,16.41531,21.927895,19.18458,18.33977,0.79246616,2.029417,7.0232267,0.6549233,25.943768,50.9209,24.247936,17.538578,20.478928,15.786847,15.695205,16.701115,19.07344,68.06
4446936.924,659564.7026,78.82614,0.91480935,0.65696114,23.320583,27.332586,28.01864,26.34051,20.892483,51.096474,50.048225,50.72045,55.206955,64.02256,25.402683,23.712532,21.949175,18.992563,16.563396,2.083722,1.9742166,6.424253,7.542315,1379.07,335.56567,0.0390625,0.17246395,0.002197266,35,15,0.83953583,0.5044808,0.27283072,0.29464528,0.30927476,1.011136,1.3525596,23.490675,20.054049,13.365505,18.119755,15.287586,16.502445,15.950044,17.617128,24.36177,24.92434,16.711538,19.892788,18.238052,21.197592,18.0264,20.495417,18.975317,15.831323,14.569198,13.99822,14.535729,16.72192,15.876216,15.497169,17.620314,16.541872,14.749639,13.637973,13.625945,17.972828,15.71786,15.349658,17.492495,16.753454,17.283861,17.338463,14.870999,17.594633,15.573901,16.961555,21.412891,21.509148,18.07422,14.990042,16.41531,21.927895,19.18458,18.33977,0.7858852,2.0289693,6.983284,0.6549233,25.326584,50.57235,24.557608,17.538578,20.478928,15.786847,15.695205,16.701115,19.07344,68.06
4446936.924,659569.7026,80.19219,0.90613353,0.6442329,23.083937,26.983303,28.430344,26.142033,20.599491,50.879795,49.448887,50.070625,55.167408,64.69501,25.589996,24.019117,22.016348,19.092436,16.001057,2.0751858,1.9538254,6.3461056,7.44204,1379.07,338.1865,-0.080566406,0.15387192,-0.004516602,35,15,0.83953583,0.5044808,0.27283072,0.29464528,0.30927476,1.011136,1.3525596,24.072666,19.177086,12.250352,17.14825,14.078074,16.502445,14.703708,16.972128,24.39338,25.754776,16.60863,19.944454,18.353569,21.197592,17.305761,20.603968,17.679827,14.478162,13.545448,13.903566,13.937144,16.72192,15.240382,14.761626,18.095568,14.194763,14.857544,13.247951,13.895593,17.972828,16.347498,15.114905,16.986336,16.947176,17.123524,16.858465,15.346306,17.594633,18.111906,16.82074,20.730457,13.676723,17.94058,14.532285,17.880596,21.927895,19.762415,17.30136,0.7751832,2.0145056,6.8940725,0.6549233,25.033619,50.16434,24.804558,16.84751,20.508307,15.07235,15.515964,16.995478,18.064423,68.06
4446936.924,659574.7026,78.22341,0.900719,0.6390806,23.22255,26.725426,28.855774,26.265387,20.403833,50.70176,48.93144,49.403416,54.72768,65.06587,25.765594,24.387014,21.84359,19.16974,15.637826,2.0652344,1.9286026,6.2796016,7.3391905,1379.08,333.46994,0.040039062,0.12800759,0.001098633,35,15,0.83953583,0.5044808,0.27283072,0.29464528,0.30927476,1.011136,1.3525596,23.948498,19.492304,12.056987,14.697611,13.771823,17.100935,16.634163,16.620451,23.788181,26.155947,16.735588,19.509909,18.305853,21.875107,16.926847,20.589163,18.3802,15.271571,13.756152,14.549512,14.008403,16.733938,15.236293,15.164956,18.408222,15.168559,14.931175,14.9379635,13.85258,16.910301,18.471693,15.581311,16.793375,18.396904,17.148733,17.05547,14.675168,15.563081,18.467813,16.77345,23.378208,17.002602,17.593988,18.322197,16.038715,20.827833,20.87134,18.619875,0.7698998,1.9969184,6.809396,0.6549233,24.973988,49.816597,25.076305,16.814617,20.471064,15.419438,16.097214,16.871508,19.14784,68.06
4446936.924,659579.7026,60.57893,0.89750785,0.6331304,23.157515,26.685934,29.141996,26.147062,20.13693,50.65554,48.586746,48.792053,54.73498,65.10797,25.885223,24.56005,22.003551,19.210644,15.684683,2.059957,1.9060242,6.2199826,7.242437,1379.08,0,-0.040039062,0.08602753,-0.001098633,35,15,0.83953583,0.5044808,0.27283072,0.29464528,0.30927476,1.011136,1.3525596,23.948498,19.492304,12.056987,14.697611,13.771823,17.100935,16.634163,16.620451,23.788181,26.155947,16.735588,19.509909,18.305853,21.875107,16.926847,20.589163,18.3802,15.271571,13.756152,14.549512,14.008403,16.733938,15.236293,15.164956,18.408222,15.168559,14.931175,14.9379635,13.85258,16.910301,18.471693,15.581311,16.793375,18.396904,17.148733,17.05547,14.675168,15.563081,18.467813,16.77345,23.378208,17.002602,17.593988,18.322197,16.038715,20.827833,20.87134,18.619875,0.7653191,1.9829906,6.7312098,0.6549233,24.921724,49.621143,25.222637,16.814617,20.471064,15.419438,16.097214,16.871508,19.14784,68.06
4446936.924,659584.7026,64.413185,0.8960544,0.6274823,23.083376,26.632507,29.326555,26.12676,19.85974,50.70769,48.472622,48.32239,54.65911,65.15681,25.9296,24.632484,22.145622,19.288364,15.731262,2.0562449,1.8807465,6.1726947,7.158712,1379.08,11.309932,0,0.07310936,-0.001098633,35,15,0.8456733,0.50302553,0.27417105,0.30342317,0.31041628,1.015908,1.4331608,24.93105,20.186216,10.091072,15.596721,12.110097,15.714794,17.076035,16.271494,24.740301,25.133356,16.949501,20.651966,18.26961,20.024885,18.103437,20.75491,18.595844,15.259105,13.761052,16.081535,14.29123,19.077381,14.817238,15.792558,19.225904,14.906276,14.497432,17.127134,14.38081,16.660006,15.68713,16.079638,18.41491,17.340261,16.721497,18.691725,14.054543,12.990408,16.628584,16.869051,23.295488,21.366432,20.26594,22.164915,18.779322,21.92284,20.56191,21.031172,0.76176834,1.9684956,6.6657033,0.6693969,24.85794,49.590157,25.281042,16.529425,20.553295,15.98334,16.069242,16.40599,21.193834,68.06
4446936.924,659589.7026,70.25162,0.8856661,0.61665136,22.759808,26.46446,29.423405,25.904688,19.571733,50.92396,48.562553,48.070538,55.0534,65.82069,25.84514,24.482557,21.917387,19.23559,15.179273,2.046165,1.853825,6.157941,7.094622,1379.08,0,0,0.028675864,0,35,15,0.8456733,0.50302553,0.27417105,0.30342317,0.31041628,1.015908,1.4331608,24.55566,19.80514,10.759002,15.478136,12.258809,16.891792,15.75084,16.277132,26.500435,24.618896,16.954948,20.517054,18.061937,19.936302,18.269033,20.949507,19.685701,14.588432,14.459706,14.461205,16.10726,18.033535,15.1506195,15.899001,18.83695,13.767849,15.899521,16.19586,15.9194975,16.546425,18.996399,16.451904,17.064466,16.650759,17.045053,18.334444,14.619039,12.266595,18.062172,16.708027,22.363865,15.574795,21.676329,20.23962,22.549171,19.975613,19.758108,20.730362,0.7511587,1.949995,6.6262817,0.6693969,24.612133,49.743256,25.163849,16.499912,20.694086,16.069492,16.594643,16.29179,20.305357,68.06
4446936.924,659594.7026,75.77656,0.87677056,0.59383994,22.490908,25.937347,29.367693,25.521425,19.360779,51.287548,48.886166,48.052105,55.53001,65.8815,25.682209,24.870766,21.724056,19.29284,15.079476,2.0147104,1.817795,6.1147556,7.050722,1379.08,281.30994,-0.040039062,0.07310936,-0.004394531,35,15,0.8456733,0.50302553,0.27417105,0.30342317,0.31041628,1.015908,1.4331608,24.55566,19.80514,10.759002,15.478136,12.258809,16.891792,15.75084,16.277132,26.500435,24.618896,16.954948,20.517054,18.061937,19.936302,18.269033,20.949507,19.685701,14.588432,14.459706,14.461205,16.10726,18.033535,15.1506195,15.899001,18.83695,13.767849,15.899521,16.19586,15.9194975,16.546425,18.996399,16.451904,17.064466,16.650759,17.045053,18.334444,14.619039,12.266595,18.062172,16.708027,22.363865,15.574795,21.676329,20.23962,22.549171,19.975613,19.758108,20.730362,0.73530525,1.9162527,6.582739,0.6693969,24.214127,50.086857,25.276487,16.499912,20.694086,16.069492,16.594643,16.29179,20.305357,68.06
4446936.924,659599.7026,76.649796,0.865373,0.59190214,22.306868,25.83931,29.340466,25.535702,18.93986,51.646477,49.25676,48.12067,55.46779,66.16787,25.555017,24.931894,21.695398,19.327093,14.974475,1.9944875,1.7907257,6.112567,7.0370803,1379.09,284.03625,-0.040039062,0.11823346,-0.001098633,35,15,0.8456733,0.50302553,0.27417105,0.30342317,0.31041628,1.015908,1.4331608,24.65217,21.118025,11.212363,15.117739,12.107208,16.88903,15.997559,16.38373,25.417318,25.051437,16.055485,20.433651,18.531273,19.922155,16.834158,20.455084,20.355005,14.775844,14.211324,14.646126,17.06265,19.094053,15.755427,16.127394,18.773464,14.373002,16.931284,14.783178,16.168226,16.203053,17.350548,16.278336,16.971058,16.071135,17.679203,18.436466,15.62296,11.992571,17.557365,16.987478,23.395082,18.207672,20.197853,18.12421,21.724459,20.3593,21.46528,20.484812,0.7286376,1.8926066,6.5748234,0.6693969,24.07309,50.45162,25.243456,16.727728,20.320784,16.557203,16.368965,16.332966,20.496265,68.06
4446936.924,659604.7026,80.910904,0.8485309,0.58480126,22.022251,25.561111,29.360334,25.590334,18.460627,52.076668,49.660313,48.180607,55.77354,66.93062,25.365677,24.892906,21.490927,19.016888,14.480862,1.967334,1.761985,6.134576,7.0327153,1379.1,276.34018,0,0.12983528,-0.003295898,35,15,0.8456733,0.50302553,0.27417105,0.30342317,0.31041628,1.015908,1.4331608,24.112574,21.21076,11.565421,17.013447,11.820916,19.938135,15.638223,17.00963,23.58902,21.870207,16.15094,19.955196,18.463406,20.339008,13.94382,19.434603,20.409721,14.822169,14.381955,13.739159,16.673674,19.978767,15.782256,16.026434,20.441523,15.279843,16.130672,13.760828,15.293973,17.699493,16.73844,16.29519,16.872206,16.029892,17.323372,16.480297,15.33506,13.919058,18.238594,16.593906,23.612782,18.084587,19.803072,15.850351,24.069443,20.06717,21.70826,20.202074,0.7166661,1.8646595,6.583646,0.6693969,23.791681,50.868492,25.129292,17.328497,19.187372,16.541101,16.477825,16.314068,20.456524,68.06
4446936.924,659609.7026,69.59751,0.8391075,0.587969,21.736515,25.397762,29.471619,25.688221,17.923706,52.470352,50.080215,48.219517,55.49404,67.3983,25.209871,24.996107,21.708849,19.281557,14.614697,1.9553859,1.7360749,6.1176834,7.03233,1379.11,270,-0.12011719,0.17205468,-0.005615234,35,15,0.8456733,0.50302553,0.27417105,0.30342317,0.31041628,1.015908,1.4331608,24.112574,21.21076,11.565421,17.013447,11.820916,19.938135,15.529485,17.00963,24.304852,22.20993,16.413069,20.263004,18.91922,21.062658,14.693135,19.865917,20.133509,14.792114,14.354969,13.728383,16.516779,19.790874,15.631832,15.914494,20.5139,15.358223,16.162317,13.817537,15.374972,17.849457,17.365509,16.361338,19.144203,18.79246,19.307978,19.000866,19.052933,16.492487,19.343401,19.179998,23.702072,18.132486,19.885542,15.909693,24.149355,20.153961,21.80355,20.276754,0.7135383,1.8457304,6.5750065,0.6693969,23.567139,51.275284,25.10299,17.312963,19.695126,16.421207,16.634558,18.733475,20.53381,68.06
4446936.924,659614.7026,71.631905,0.82622737,0.5854135,21.585287,25.323818,29.649574,25.877117,17.616081,52.882423,50.41302,48.239098,55.337856,67.66442,24.99362,25.007305,21.617027,19.359945,14.513335,1.9394289,1.7102643,6.0967016,7.0313635,1379.13,264.80557,0.040039062,0.15836725,0,35,15,0.8339592,0.52005893,0.28084373,0.33300707,0.3100277,1.0227883,1.4994522,24.281898,19.810892,11.314182,15.205666,10.072117,19.260098,15.993408,16.216743,24.478798,20.187422,16.851866,20.188894,19.161263,21.184534,17.117535,20.044111,20.447918,16.022188,12.621316,13.409177,17.58991,19.529121,16.978048,15.889888,18.51859,16.378017,14.750859,13.934402,15.025378,17.20433,17.342863,15.713677,20.752325,20.908857,18.557076,19.569805,16.983404,18.362751,17.173313,19.294413,22.578094,23.745428,17.852114,13.4346485,21.549757,19.074402,22.559488,19.234304,0.70582044,1.8248466,6.5640326,0.68573385,23.454552,51.64772,25.000462,16.562609,19.881474,16.65681,16.16492,18.901075,20.113419,68.06
4446936.924,659619.7026,69.73092,0.8219899,0.58985835,21.692097,25.500784,29.902773,26.068602,17.521505,53.1355,50.578384,48.173126,55.066868,67.312325,24.87724,25.252417,21.640577,19.562225,14.66925,1.925657,1.6879547,6.0810757,7.0304465,1379.14,262.875,-0.12011719,0.23119096,-0.0078125,35,15,0.8339592,0.52005893,0.28084373,0.33300707,0.3100277,1.0227883,1.4994522,24.143085,20.088861,9.697606,14.740721,11.689697,16.974558,15.699986,15.783595,24.428772,23.05863,16.487814,20.847088,19.674994,22.929192,17.559433,20.602846,17.198631,16.951986,13.748752,14.942459,16.839775,18.25714,16.55031,15.857598,17.08493,16.640175,13.972848,15.843538,14.387008,15.149259,16.68998,15.517978,20.34332,21.047922,18.797697,21.045177,17.85388,15.471826,19.22786,19.670698,22.64205,22.5253,19.162548,20.185852,22.033455,19.390905,21.95195,20.86958,0.70592415,1.8068058,6.5557613,0.68573385,23.59644,51.85694,25.064827,16.147787,20.712276,16.35558,15.681106,19.112528,21.127438,68.06
4446936.924,659624.7026,69.29915,0.8168808,0.5880799,21.577568,25.4864,30.097305,26.195044,17.416233,53.370243,50.342968,48.227634,54.995552,67.458015,24.788824,25.36634,21.554377,19.586535,14.619345,1.9110806,1.6742471,6.059013,7.0331807,1379.17,267.26736,0.000488281,0.3007364,0.001098633,35,15,0.8339592,0.52005893,0.28084373,0.33300707,0.3100277,1.0227883,1.4994522,24.36026,19.930052,9.575139,14.726636,11.54176,16.717817,15.736573,15.721725,25.23216,24.638712,16.862654,21.60318,20.184603,23.078857,18.113962,21.282589,18.038315,17.28995,13.891525,15.337466,17.151678,18.590221,16.744198,16.243118,19.147831,16.243563,13.864892,15.753856,14.663783,15.354765,16.721468,15.87016,20.25449,20.929548,18.657217,20.627958,17.698505,15.339693,18.89531,19.460516,22.627071,22.51032,19.157282,20.081963,22.02495,19.380783,21.924759,20.839722,0.7024804,1.7926638,6.546097,0.68573385,23.531984,51.856606,25.077583,16.084034,21.387732,16.720478,15.964308,18.914675,21.101017,68.06
4446936.924,659629.7026,62.589565,0.816305,0.58658427,21.46838,25.486732,30.190279,26.236612,17.420282,53.544174,49.811375,48.40506,54.994896,67.554955,24.753447,25.538132,21.469837,19.567278,14.590024,1.8959881,1.6662868,6.043727,7.0376945,1379.2,265.09412,-0.000488281,0.50295794,-0.0078125,35,15,0.8339592,0.52005893,0.28084373,0.33300707,0.3100277,1.0227883,1.4994522,24.395742,19.402433,9.542436,14.658877,12.335544,16.158112,14.499287,15.62381,25.586935,24.248888,16.714327,21.14381,20.20472,21.518639,18.82257,21.169064,19.115156,17.155893,15.662114,15.784304,16.62792,21.084026,18.539228,17.279316,18.548197,16.276262,14.87616,15.462857,15.419273,15.859911,18.358341,16.248034,20.757475,21.007467,18.720896,20.625462,18.457405,15.296164,17.63082,19.438238,22.871086,22.83343,22.194466,22.08887,21.789145,20.698439,22.762712,22.304825,0.7014446,1.7811375,6.5407104,0.68573385,23.477556,51.677773,25.14579,15.856062,21.177126,17.709806,16.400143,18.927954,22.176878,68.06
4446931.924,659309.7026,49.74606,0.814269,0.6943296,23.80533,33.024094,27.698362,25.337664,22.39235,47.22377,40.495213,49.41415,59.160088,64.65437,28.792553,25.327492,22.834356,15.533019,13.161497,1.7543014,1.9493965,5.850934,7.2679644,1377.95,34.61114,0.03955078,0.22625935,0.004394531,35,15,0.7900394,0.4855911,0.23177512,0.27271524,0.3072061,1.0350717,0.79773384,23.976387,21.350342,11.062478,15.023901,13.775586,16.32341,16.021124,16.467651,25.589544,26.040941,17.94213,21.500795,18.985605,22.994194,20.907234,21.768305,18.96613,15.709958,15.185342,15.519491,17.274607,21.437912,18.831276,16.785585,15.8502245,11.787881,12.625442,13.705978,14.391742,16.153511,17.424734,13.865958,15.90086,12.157693,11.544514,16.117008,13.080472,16.384432,12.547301,13.974227,19.550013,17.143538,17.281134,17.925516,18.33019,17.09728,20.28251,18.002031,0.7542993,1.851849,6.559449,0.56001896,28.414711,43.85949,27.060022,16.790462,21.99435,17.560673,14.562788,13.961754,18.230026,68.06
4446931.924,659314.7026,50.466213,0.8276999,0.67773765,24.129337,33.2936,27.889381,26.062801,22.622267,46.83265,39.929108,49.018612,57.78283,64.31881,29.14641,25.773184,23.037817,16.251095,13.448917,1.768491,1.9792917,5.897076,7.2628202,1377.93,59.028008,0.08105469,0.41723195,0.005615234,35,15,0.85083765,0.49311626,0.26348212,0.27659345,0.3090249,1.0039994,1.403559,23.7617,21.7838,11.918842,15.499852,13.638511,15.350439,16.073626,16.712868,25.345604,26.833746,17.827793,22.029043,18.956446,22.759499,20.326477,21.855278,19.016565,16.682798,15.986584,14.676292,14.895515,22.19386,16.571138,16.630661,16.690266,12.897672,13.478116,12.230303,13.985341,17.85685,15.529119,14.054881,16.934963,12.032153,10.922508,14.049696,13.529845,17.121586,13.980419,13.520531,19.892303,18.431984,16.486696,17.313549,18.119982,17.92335,16.966139,17.734573,0.7527188,1.8738914,6.5799484,0.6572304,28.711468,43.38088,27.459797,16.860968,22.01123,17.146107,14.66681,14.081597,17.876286,68.06
4446931.924,659319.7026,56.345196,0.82086277,0.66146296,24.115211,33.34641,27.927778,26.0796,22.81541,46.387253,39.616367,48.930668,57.345184,64.14251,29.677092,25.854029,23.069647,16.605406,13.674351,1.7856112,1.99271,5.947227,7.2524734,1377.89,61.268032,0,0.5066719,-0.001098633,35,15,0.85083765,0.49311626,0.26348212,0.27659345,0.3090249,1.0039994,1.403559,23.220654,19.572742,9.717598,13.949514,11.395767,14.152327,14.442243,15.003068,25.345604,26.833746,16.633358,21.29852,18.325321,22.234955,20.01637,21.281874,19.096733,16.747593,15.929226,14.875127,15.498661,22.264091,16.634768,16.76909,15.772537,10.622146,11.033618,10.401663,12.157974,16.260584,13.710804,12.265084,16.763489,11.837891,10.613269,13.677856,13.523229,17.07064,13.968914,13.308849,19.683043,18.221832,15.759228,16.861223,17.451494,17.603268,16.47722,17.28709,0.7411629,1.8891606,6.59985,0.6572304,28.73081,43.00181,27.76556,15.207265,21.52684,17.292315,12.851332,13.922185,17.436758,68.06
4446931.924,659324.7026,50.69391,0.842639,0.64980406,24.05665,33.74471,28.812107,26.605316,23.32638,45.811924,38.943737,46.380333,56.005096,62.89841,30.365164,26.899164,24.778849,17.448301,14.308359,1.845828,2.0269382,5.9897714,7.217679,1377.85,60.630833,-0.040527344,0.52586126,-0.001098633,35,15,0.85083765,0.49311626,0.26348212,0.27659345,0.3090249,1.0039994,1.403559,23.12902,19.438337,8.935363,15.036405,12.537265,13.8628645,15.852531,15.06638,25.966198,27.673883,16.01657,20.885681,18.583658,21.594936,20.805847,21.287912,19.162378,14.840965,14.582504,14.929947,15.284374,18.885963,16.9339,15.929031,16.439415,9.146961,9.347995,9.750839,11.237632,14.394249,16.064434,11.38203,15.318144,13.800115,9.721921,10.459875,12.08487,13.083232,14.252594,11.910718,18.595304,18.365099,14.990262,16.116428,16.564552,17.199165,19.360617,16.63254,0.74622154,1.9363831,6.6037254,0.6572304,28.90068,42.37783,28.632164,15.541684,21.646683,16.37429,12.340219,12.674393,17.31306,68.06
4446931.924,659329.7026,51.19891,0.8533427,0.6377289,24.256386,33.637974,29.20831,26.870327,23.203545,45.193317,38.75708,45.108997,55.442104,62.71732,31.084301,27.503675,25.672674,17.808384,14.702815,1.9281338,2.0356932,6.0287914,7.215298,1377.81,59.52906,0.000976563,0.56477803,0,35,15,0.85083765,0.49311626,0.26348212,0.27659345,0.3090249,1.0039994,1.403559,22.640121,17.647905,8.060752,14.036768,12.656756,14.846253,17.02669,14.512204,23.940584,26.65912,16.593302,21.03849,19.34549,20.401058,21.971056,21.036081,18.319717,17.133326,15.176498,16.13316,15.464898,17.923601,16.145216,16.398474,14.027578,10.354519,10.508816,10.744966,11.533093,13.236828,14.578376,11.566444,14.843538,11.660698,10.87079,12.370961,13.646828,12.125004,16.450811,12.621368,16.159973,16.626066,16.188723,16.482662,16.601755,15.251584,19.187273,16.283491,0.74553585,1.9819136,6.6220446,0.6572304,28.94718,41.975197,29.293987,15.273605,21.421299,16.613773,12.140596,13.138376,16.642576,68.06
4446931.924,659334.7026,57.57969,0.863845,0.63692576,24.26938,33.51661,29.232893,26.878973,23.280064,44.617798,38.783195,45.08306,55.090782,62.523266,31.79451,27.611837,25.67268,18.171007,15.07321,2.0082607,2.0402284,6.082714,7.208545,1377.77,49.08739,0,0.5689343,0,35,15,0.85083765,0.49311626,0.26348212,0.27659345,0.3090249,1.0039994,1.403559,22.632465,17.617289,8.030131,14.012273,12.599483,14.830944,17.016481,14.48463,24.40972,27.35604,16.622032,21.324802,19.57947,20.802296,22.501595,21.346443,18.342468,16.879652,14.915149,15.864177,15.226585,17.895058,16.613375,16.207087,13.41818,9.516866,9.683724,9.914848,10.696841,12.818001,14.310321,10.806621,16.214973,13.147077,12.355063,13.87913,14.772237,13.189324,17.131905,14.013072,16.285858,16.750034,16.308857,16.600498,16.697176,15.328899,19.291605,16.398409,0.7503854,2.0242445,6.64563,0.6572304,28.892994,41.700497,29.703175,15.248437,21.799421,16.533781,11.479826,14.384245,16.751848,68.06
4446931.924,659339.7026,58.037205,0.8686982,0.63902056,24.605131,33.659508,30.03525,27.599817,23.963758,43.78304,38.4674,43.390823,53.38706,60.607723,32.59406,27.972845,26.603323,19.280657,16.155445,2.0982375,2.0629733,6.1274924,7.202338,1377.74,39.287098,0.12011719,0.61107177,0.006713867,35,15,0.85083765,0.49311626,0.26348212,0.27659345,0.3090249,1.0039994,1.403559,22.123371,17.764334,7.689798,13.702085,12.711739,14.628597,15.459813,14.27139,24.217947,27.048843,16.43252,21.118597,18.506071,21.299623,22.38884,21.039427,19.24551,17.10694,13.731808,15.953506,15.34,17.11986,18.286352,16.159998,13.986784,9.658124,9.068736,9.978683,10.10245,11.233639,15.491105,10.60278,16.850327,15.400699,11.291785,12.4716215,13.068006,13.882562,15.722894,13.6573715,18.229582,17.754015,15.725034,16.11574,16.186914,16.745935,18.664095,16.724136,0.7538594,2.0806055,6.664915,0.6572304,29.13232,41.12522,30.283451,14.868533,21.573208,16.683424,11.359932,14.098271,17.060186,68.06
4446931.924,659344.7026,72.48035,0.8760064,0.64173937,24.810074,33.460484,30.060066,28.120556,24.609747,43.11509,38.449387,43.963505,52.53334,59.23614,33.2776,28.124048,26.002169,19.752968,16.79637,2.1842194,2.0818722,6.2148,7.2174,1377.7,31.850498,-0.08105469,0.62389994,-0.003417969,35,15,0.8428825,0.49068457,0.2506953,0.271799,0.3089874,1.0088086,1.3544521,22.827644,17.976898,8.25972,13.939568,11.874677,14.43708,15.536708,14.486705,24.948154,27.609903,16.61776,20.936846,18.969831,21.545105,21.43283,21.318134,17.435091,17.964605,14.383924,15.1649885,16.001928,18.084866,17.77104,16.127382,12.3468075,10.059075,8.960675,10.200334,11.938741,11.038829,13.052944,10.612035,15.87796,17.542658,11.221089,11.860521,15.1074095,15.831586,17.941511,14.035416,17.78956,20.059633,15.142974,16.641598,16.541822,19.413422,17.817118,17.180872,0.75887287,2.1330457,6.7160997,0.6469014,29.135279,40.782238,30.700825,14.978899,21.722918,16.686634,11.085342,15.054677,17.629446,68.06
4446931.924,659349.7026,87.66071,0.8982807,0.64521646,24.81934,33.01636,30.870186,28.012184,24.301487,42.464108,38.37159,43.9077,51.624077,59.049953,33.888935,28.485126,25.22018,20.740887,17.470585,2.2721958,2.097721,6.2375093,7.1956367,1377.68,27.760057,0.08105469,0.6148916,0.004516602,35,15,0.8428825,0.49068457,0.2506953,0.271799,0.3089874,1.0088086,1.3544521,22.827644,17.976898,8.25972,13.939568,11.874677,14.43708,15.536708,14.486705,24.948154,27.609903,16.61776,20.936846,18.969831,21.545105,21.43283,21.318134,17.435091,17.964605,14.383924,15.1649885,16.001928,18.084866,17.77104,16.127382,12.3468075,10.059075,8.960675,10.200334,11.938741,11.038829,13.052944,10.612035,15.87796,17.542658,11.221089,11.860521,15.1074095,15.831586,17.941511,14.035416,17.78956,20.059633,15.142974,16.641598,16.541822,19.413422,17.817118,17.180872,0.77174854,2.1849585,6.7165728,0.6469014,28.91785,40.417847,31.18703,14.978899,21.722918,16.686634,11.085342,15.054677,17.629446,68.06
4446931.924,659354.7026,69.10933,0.9241868,0.6468208,24.899132,32.81156,31.490656,28.30984,24.68969,41.727795,38.020374,42.93583,50.624905,58.080734,34.32087,29.058973,25.562635,21.417398,17.883644,2.3480766,2.1092434,6.2746167,7.1712036,1377.65,22.07141,-0.079589844,0.57187015,-0.005493164,35,15,0.8428825,0.49068457,0.2506953,0.271799,0.3089874,1.0088086,1.3544521,23.16964,17.07715,9.78449,13.242206,10.643475,15.58441,16.052544,14.563579,25.86333,27.355011,17.54829,20.677341,18.62011,22.677723,20.544203,21.640467,19.852985,18.43978,14.379887,14.647697,14.734718,19.650703,18.20393,16.48836,14.287239,10.434497,9.109746,9.334908,10.9925585,12.5716715,15.036678,10.827031,15.233851,16.958685,13.985705,11.9097395,13.788907,16.33105,16.528917,14.280372,18.674377,18.915705,15.736313,16.27393,16.898928,18.242603,18.938156,17.188593,0.7855038,2.22866,6.72291,0.6469014,28.855347,39.874084,31.689922,15.079131,21.898,17.129957,11.681044,14.962409,17.668573,68.06
4446931.924,659359.7026,88.776436,0.9403385,0.64908415,25.154112,32.35014,31.372274,28.642183,25.399311,41.224106,38.026836,43.139008,49.5216,55.923103,34.393982,29.201437,25.448725,22.123323,18.966455,2.4026825,2.1079361,6.3026505,7.169177,1377.64,19.428204,0.040039062,0.51672447,0.003295898,35,15,0.8428825,0.49068457,0.2506953,0.271799,0.3089874,1.0088086,1.3544521,23.187244,18.751175,10.300373,12.396998,11.035123,14.474398,15.165802,14.730382,26.743793,26.479132,16.878927,20.699142,18.394964,23.644314,20.631575,21.596659,19.781105,16.385593,13.992924,14.61796,14.514142,20.531273,18.189592,16.126661,14.32093,8.940856,9.2877035,8.609549,10.686909,13.128504,14.933479,10.5692835,17.074549,15.416678,13.204967,11.570001,13.562764,15.448677,17.56841,14.179553,17.162243,20.508215,15.878566,16.206459,15.97776,17.744572,18.919905,17.015915,0.79471135,2.2553093,6.7359138,0.6469014,28.752125,39.625473,31.79771,15.044444,21.92455,16.858942,11.415419,14.83515,17.485388,68.06
4446931.924,659364.7026,70.78682,0.9489135,0.6475557,25.03149,31.755764,31.27536,29.15719,25.62075,40.816605,38.11981,42.87314,49.000347,55.809822,34.440975,29.374313,25.825308,22.235666,18.95446,2.449276,2.0892363,6.3760185,7.1711006,1377.62,14.0362425,-0.080078125,0.47292376,-0.006713867,35,15,0.8428825,0.49068457,0.2506953,0.271799,0.3089874,1.0088086,1.3544521,23.187244,18.751175,10.300373,12.396998,11.035123,14.474398,15.165802,14.730382,26.743793,26.479132,16.878927,20.699142,18.394964,23.644314,20.631575,21.596659,19.781105,16.385593,13.992924,14.61796,14.514142,20.531273,18.189592,16.126661,14.32093,8.940856,9.2877035,8.609549,10.686909,13.128504,14.933479,10.5692835,17.074549,15.416678,13.204967,11.570001,13.562764,15.448677,17.56841,14.179553,17.162243,20.508215,15.878566,16.206459,15.97776,17.744572,18.919905,17.015915,0.7982346,2.269256,6.7735596,0.6469014,28.393627,39.46821,31.907644,15.044444,21.92455,16.858942,11.415419,14.83515,17.485388,68.06
4446931.924,659369.7026,61.26182,0.9674738,0.6432367,25.233345,31.474804,31.578579,28.71549,25.665098,40.40439,38.162113,42.60641,48.98238,55.685055,34.446564,29.491127,25.751978,22.551472,19.065725,2.5045388,2.0886889,6.3923326,7.171392,1377.62,0,0,0.45880407,0,35,15,0.8428825,0.49068457,0.2506953,0.271799,0.3089874,1.0088086,1.3544521,23.171097,18.006033,8.820712,12.168105,13.599116,17.817541,14.87569,14.775207,26.727732,26.579048,16.069632,20.578112,20.33554,21.907545,20.062418,21.453901,19.66737,17.26726,13.363917,13.928848,15.780716,16.84333,15.346915,15.6633005,13.479134,10.357825,8.841667,8.226666,12.423146,14.826906,12.400269,10.730945,16.643497,14.834244,11.58476,12.724525,16.02693,17.768684,11.689117,14.142634,17.776299,18.584715,15.911372,17.383368,16.863579,17.421312,17.088964,17.091005,0.80535525,2.2966137,6.7818623,0.6469014,28.354074,39.28325,31.968845,15.494042,21.751432,16.028337,11.507944,14.467394,17.289944,68.06
4446931.924,659374.7026,74.560715,0.97529364,0.6378237,25.543095,31.722294,31.826397,28.943283,26.487246,40.075138,37.989693,41.80988,48.37592,53.94664,34.458378,29.644426,26.284513,22.978338,19.633163,2.5450864,2.1004186,6.4463754,7.1942153,1377.62,347.27563,-0.080078125,0.45565704,-0.005615234,35,15,0.8312511,0.49282578,0.26467192,0.2806153,0.30870363,1.0109676,1.3480704,23.252625,17.455017,9.061646,12.4075985,14.431728,15.123186,14.991325,14.709592,25.668283,26.477179,16.06716,21.533476,20.030432,22.692734,20.084372,21.490303,19.807909,15.605239,14.468205,15.541186,15.823331,18.516567,16.042526,16.237082,12.02474,8.565074,9.416058,9.341299,11.594986,13.502367,13.16681,10.426367,16.042938,15.617677,12.576556,13.041011,13.462077,17.303873,12.648628,14.094303,18.076471,14.908371,16.060465,17.778765,16.71508,17.470716,15.870372,16.613966,0.80655867,2.3227525,6.8202953,0.64815795,28.632694,39.032417,32.051403,15.2461605,21.793377,16.543566,11.087333,14.38468,16.697176,68.06
4446931.924,659379.7026,81.55647,0.9827375,0.6315304,25.456451,31.504055,32.640938,28.347115,26.212152,39.933144,38.19838,40.068127,49.11933,55.017662,34.39896,29.759602,27.218275,22.776115,19.157574,2.5802217,2.0962298,6.463506,7.199066,1377.64,345.06857,0.12011719,0.4451602,0.0078125,35,15,0.8312511,0.49282578,0.26467192,0.2806153,0.30870363,1.0109676,1.3480704,23.252625,17.455017,9.061646,12.4075985,14.431728,15.123186,14.991325,14.709592,25.668283,26.477179,16.06716,21.533476,20.030432,22.692734,20.084372,21.490303,19.807909,15.605239,14.468205,15.541186,15.823331,18.516567,16.042526,16.237082,12.02474,8.565074,9.416058,9.341299,11.594986,13.502367,13.16681,10.426367,16.042938,15.617677,12.576556,13.041011,13.462077,17.303873,12.648628,14.094303,18.076471,14.908371,16.060465,17.778765,16.71508,17.470716,15.870372,16.613966,0.8071339,2.3382258,6.8312864,0.64815795,28.480253,39.06576,32.07928,15.2461605,21.793377,16.543566,11.087333,14.38468,16.697176,68.06
4446931.924,659384.7026,68.24438,0.9935064,0.6270758,25.532125,31.161999,32.215317,26.734177,25.078444,40.016773,38.606396,41.170094,50.6283,57.041035,34.156544,29.777073,26.533974,22.625898,18.790691,2.5974169,2.089455,6.4613094,7.200241,1377.64,340.47626,-0.080078125,0.47139478,-0.0078125,35,15,0.8312511,0.49282578,0.26467192,0.2806153,0.30870363,1.0109676,1.3480704,23.275738,17.543058,8.770706,14.736343,13.691528,14.97128,13.397426,15.102038,25.796452,26.436531,16.20083,20.582304,17.643518,22.288977,20.892614,21.084002,19.761734,15.479244,13.34832,14.723317,16.343218,15.602337,19.457798,15.631803,13.317408,8.021162,8.333819,9.584902,10.742526,10.651699,14.779373,10.07049,15.478239,11.947628,12.614349,13.687909,11.9090605,15.678701,16.27344,13.618171,19.152323,15.348483,15.829774,17.114672,15.845202,18.308846,18.270777,16.900307,0.81029105,2.3434358,6.8307753,0.64815795,28.347061,39.311584,31.966808,15.198011,21.405888,16.387995,10.775842,13.941332,17.124296,68.06
4446931.924,659389.7026,86.99788,0.9882695,0.6227374,25.539656,30.893644,32.22521,26.772524,25.12575,40.31079,39.188686,41.423473,50.511177,57.06507,33.816895,29.688877,26.320822,22.734632,18.753582,2.577624,2.0736215,6.46283,7.2095222,1377.66,318.95016,-0.19921875,0.588666,-0.011108398,35,15,0.8312511,0.49282578,0.26467192,0.2806153,0.30870363,1.0109676,1.3480704,22.498852,18.443384,8.169074,14.9110775,11.86369,19.064796,14.673557,15.059802,24.77428,26.527214,16.961443,21.454138,19.852842,21.213013,19.901337,21.338354,20.379646,16.197626,15.588004,15.303798,16.02932,18.535196,17.63526,16.713478,13.222235,8.317613,10.123023,10.539522,11.846234,11.545906,14.929729,10.956345,17.153013,14.953073,13.270512,14.501366,14.094279,14.318109,17.942045,14.72437,19.309517,18.224234,16.569511,17.105228,17.54671,17.078424,18.388311,17.486254,0.8055035,2.3256228,6.836176,0.64815795,28.21665,39.74974,31.752886,15.660634,21.526323,17.095549,11.503466,15.176057,17.74599,68.06
4446931.924,659394.7026,80.54863,0.9834385,0.61982983,25.533525,30.629488,32.238087,26.795174,25.156425,40.613323,39.75913,41.66904,50.39248,57.097282,33.504482,29.610023,26.111506,22.869505,18.715584,2.5563362,2.0594616,6.461679,7.2176414,1377.71,309.6381,0.07910156,0.6509394,0.001098633,35,15,0.8312511,0.49282578,0.26467192,0.2806153,0.30870363,1.0109676,1.3480704,22.498852,18.443384,8.169074,14.9110775,11.86369,19.064796,14.673557,15.059802,24.77428,26.527214,16.961443,21.454138,19.852842,21.213013,19.901337,21.338354,20.379646,16.197626,15.588004,15.303798,16.02932,18.535196,17.63526,16.713478,13.222235,8.317613,10.123023,10.539522,11.846234,11.545906,14.929729,10.956345,17.153013,14.953073,13.270512,14.501366,14.094279,14.318109,17.942045,14.72437,19.309517,18.224234,16.569511,17.105228,17.54671,17.078424,18.388311,17.486254,0.8016342,2.307899,6.83966,0.64815795,28.081507,40.186226,31.557253,15.660634,21.526323,17.095549,11.503466,15.176057,17.74599,68.06
4446931.924,659399.7026,73.75561,0.99736863,0.636119,25.514112,29.984823,32.42858,27.009817,25.519245,40.906715,40.401222,41.57047,49.793167,56.73469,33.19331,29.61855,26.06056,23.26581,18.612152,2.548737,2.046773,6.5046506,7.243035,1377.75,304.37244,-0.080078125,0.65965277,-0.004394531,35,15,0.8312511,0.49282578,0.26467192,0.2806153,0.30870363,1.0109676,1.3480704,22.36927,17.282495,9.044074,13.843164,9.716281,19.612934,15.518219,14.615758,25.093626,25.736145,16.797796,20.804182,19.08845,22.740784,20.910889,21.212425,19.928936,16.391941,15.323962,15.969046,17.558199,18.213707,19.231707,16.990896,12.98982,8.315007,9.332681,9.667477,10.58395,11.305349,16.346079,10.314275,15.388515,13.0907135,12.178157,13.81074,13.3511505,16.919138,15.938029,13.761086,18.885841,17.710142,16.487442,18.072601,17.26413,17.127737,18.957945,17.574207,0.81674385,2.297755,6.8738427,0.64815795,27.749468,40.65397,31.40593,15.340919,21.595982,17.516785,11.220052,14.382348,17.786549,68.06
4446931.924,659404.7026,81.70517,0.99857926,0.64095867,25.461288,29.73613,32.416996,26.949657,25.541956,41.214935,40.907368,41.79605,49.761074,56.75364,32.941208,29.55716,25.88199,23.409454,18.585207,2.5351288,2.0371041,6.512017,7.2539005,1377.8,297.12195,-0.0390625,0.65966827,-0.004394531,35,15,0.84647715,0.49411312,0.265459,0.27773136,0.30905366,1.0129018,1.4233682,22.999928,17.285294,8.967032,11.606999,9.674383,19.905846,15.866989,14.258068,24.208393,26.089106,16.882444,20.168507,19.061678,23.363813,20.363245,21.030767,17.684849,17.200525,15.906461,15.3455305,16.930506,17.082787,19.679361,16.576763,13.3166895,11.0535,11.455299,10.089966,11.568255,13.939851,15.235649,11.723793,15.653107,13.364633,10.32931,10.930758,13.272728,18.657757,16.402258,12.932733,17.495346,18.549986,16.018677,17.9176,16.073294,18.281422,18.79322,17.244284,0.81976897,2.2861166,6.8829584,0.66130066,27.59871,41.06115,31.249184,15.186639,21.44817,17.118574,12.379888,14.087222,17.589937,68.06
4446931.924,659409.7026,79.65261,0.9924579,0.6447754,25.295603,29.432583,32.34174,27.159607,25.684643,41.611217,41.497005,42.48655,49.816334,56.694122,32.5899,29.279835,25.265749,23.215324,18.52628,2.523944,2.0290961,6.534121,7.2769628,1377.85,293.2026,-0.12060547,0.65458715,-0.005615234,35,15,0.84647715,0.49411312,0.265459,0.27773136,0.30905366,1.0129018,1.4233682,22.999928,17.285294,8.967032,11.606999,9.674383,19.905846,15.866989,14.258068,24.208393,26.089106,16.882444,20.168507,19.061678,23.363813,20.363245,21.030767,17.684849,17.200525,15.906461,15.3455305,16.930506,17.082787,19.679361,16.576763,13.3166895,11.0535,11.455299,10.089966,11.568255,13.939851,15.235649,11.723793,15.653107,13.364633,10.32931,10.930758,13.272728,18.657757,16.402258,12.932733,17.495346,18.549986,16.018677,17.9176,16.073294,18.281422,18.79322,17.244284,0.8186166,2.27652,6.905542,0.66130066,27.364094,41.55411,30.934868,15.186639,21.44817,17.118574,12.379888,14.087222,17.589937,68.06
4446931.924,659414.7026,84.030655,0.9859223,0.6466409,25.240416,29.379887,31.97367,26.898535,26.168877,42.21396,41.926422,43.629,51.32975,56.861813,32.1065,28.906042,24.560806,22.036484,17.197266,2.486386,2.0321295,6.5103765,7.2821803,1377.91,293.22272,0.080566406,0.6544954,0.002319336,35,15,0.84647715,0.49411312,0.265459,0.27773136,0.30905366,1.0129018,1.4233682,23.077114,19.967855,10.805266,15.586179,16.20112,19.56601,16.606787,16.769333,24.4726,26.331718,17.440657,21.708464,19.702799,22.965302,20.199877,21.56478,18.728554,17.084307,14.379611,14.592794,16.274973,16.191135,18.873205,15.9571905,14.288229,13.372414,12.709071,12.165842,14.016666,14.195589,16.208956,13.332025,16.084795,13.869382,9.35719,13.453573,10.573408,14.60495,16.62475,12.684241,18.615137,18.133486,15.95042,18.7194,16.340418,18.185524,19.672773,17.601488,0.81628156,2.2592578,6.8962784,0.66130066,27.31015,42.07019,30.506271,17.401476,21.831633,16.589226,13.8509655,13.509721,17.945309,68.06
4446931.924,659419.7026,80.40529,0.97149485,0.6585767,25.103004,29.47209,31.844364,26.7267,25.83089,43.052246,42.287148,44.14617,51.655037,57.253197,31.584139,28.341125,24.231623,21.879183,17.00149,2.4116366,2.0343814,6.5170765,7.2963433,1377.96,290.716,-0.040527344,0.6890253,-0.002319336,35,15,0.84647715,0.49411312,0.265459,0.27773136,0.30905366,1.0129018,1.4233682,23.016123,19.897446,10.734856,15.501688,16.195658,19.54964,16.578812,16.713116,24.501215,26.375418,17.713936,21.94096,19.81705,22.946526,20.191957,21.704489,18.04522,16.569101,13.968831,14.132022,15.760449,15.740539,18.5491,15.451058,13.451394,12.659435,11.974973,11.439171,13.250945,13.772249,15.687749,12.604034,15.600025,13.05283,8.540637,12.637022,9.756854,14.009586,15.808198,11.9414215,18.615137,18.133486,15.945125,18.716223,16.336885,18.182877,19.720785,17.598837,0.8150358,2.223009,6.9067097,0.66130066,27.287548,42.669697,29.962631,17.353458,21.926723,16.109324,13.176559,12.772164,17.950075,68.06
4446931.924,659424.7026,75.29247,0.9605359,0.6728947,24.947014,29.57471,31.70537,26.545593,25.465555,44.04759,42.698788,44.74106,52.00043,57.65185,30.958933,27.70758,23.846958,21.710724,16.80611,2.3385653,2.0376554,6.5254188,7.3117623,1378.02,287.11786,-0.03955078,0.77935135,-0.003295898,35,15,0.84647715,0.49411312,0.265459,0.27773136,0.30905366,1.0129018,1.4233682,23.111643,20.597834,11.983451,15.127226,16.096937,16.40499,16.6915,16.768436,26.096968,28.573248,18.078264,22.537388,21.085876,22.730425,22.299082,22.811928,17.967018,16.414177,13.628978,13.749681,15.030781,19.846642,18.134047,15.621358,14.747099,11.78532,11.667762,11.505837,12.121349,14.826257,16.073534,12.57695,16.628666,9.592556,8.345237,8.867444,8.118771,14.066345,16.772203,10.727492,17.206867,14.596383,15.817557,16.314512,14.059466,15.580703,18.504705,15.86266,0.8167153,2.1881104,6.9185905,0.66130066,27.260862,43.373188,29.333256,17.144796,23.057323,16.395903,13.246737,11.770174,16.011456,68.06
4446931.924,659429.7026,68.27889,0.955956,0.6809487,24.629498,29.47304,31.50028,26.380617,25.257605,45.175316,43.23209,45.73182,52.1768,57.725365,30.211245,27.030352,23.179714,21.644331,16.598036,2.285013,2.0470023,6.5527625,7.3329606,1378.09,282.4359,-0.000488281,0.86548066,-0.003417969,35,15,0.84647715,0.49411312,0.265459,0.27773136,0.30905366,1.0129018,1.4233682,23.872854,20.31637,12.134381,17.356615,16.19165,16.386723,16.366465,17.288933,27.80919,29.786646,18.168777,22.973066,21.267065,21.384125,22.508951,23.306574,20.286064,18.22917,12.85508,15.395334,16.09992,17.010708,19.052378,16.23514,16.84324,12.800854,12.468674,12.189886,14.817654,14.03345,15.790074,13.683334,18.766708,12.503001,13.081471,12.459272,14.684291,14.05433,16.658188,14.095498,19.697533,16.384151,16.570074,17.12975,19.268173,16.021503,15.916328,17.30594,0.81845236,2.1660075,6.9428616,0.66130066,27.05127,44.203705,28.620798,17.517864,23.413977,16.989809,14.134834,14.601037,17.28393,68.06
4446931.924,659434.7026,61.800446,0.95949197,0.69795716,24.4288,29.55736,31.328506,26.240355,24.974878,46.440475,43.77653,46.475582,52.463356,58.031204,29.420557,26.356447,22.696121,21.493036,16.446041,2.2348037,2.047614,6.5683036,7.35037,1378.16,275.63452,-0.27978516,1.0221244,-0.01550293,35,15,0.8477766,0.49813542,0.26708975,0.28754276,0.310292,1.0156335,1.4365695,23.872854,20.31637,12.134381,17.356615,16.19165,16.386723,16.37089,17.288933,27.80919,29.786646,18.168777,22.973066,21.267065,21.384125,22.508951,23.306574,20.056252,17.910782,12.842961,15.260709,15.985713,16.845453,18.446495,16.084648,16.614576,12.725141,12.38572,12.109829,14.737113,13.954117,15.62329,13.578507,17.207743,11.179212,11.898587,11.361725,13.0219965,12.366823,14.991965,12.7235565,20.05968,16.384151,16.570074,17.12975,19.268173,16.383652,16.111914,17.396475,0.82872456,2.141209,6.9593368,0.6661485,26.99308,45.108505,27.888502,17.518497,23.413977,16.764051,14.021399,13.146865,17.415342,68.06
4446931.924,659439.7026,62.579807,0.9703989,0.7159717,24.223953,29.584663,31.069948,26.20834,24.895046,47.71661,44.345432,47.200405,52.729713,58.24242,28.63211,25.764585,22.281849,21.247416,16.30586,2.1940038,2.0421665,6.589364,7.3698516,1378.27,272.93933,0.12011719,1.1182894,0.003295898,35,15,0.8477766,0.49813542,0.26708975,0.28754276,0.310292,1.0156335,1.4365695,23.851507,21.55887,12.295062,17.332401,13.656297,16.357029,15.877303,17.155712,25.87059,29.055178,18.545145,22.32418,20.325626,20.378445,21.431887,22.571398,17.422064,15.446304,13.836238,13.064868,13.466283,15.032282,15.2922945,14.551229,17.866112,14.3879,14.005542,12.937479,14.52399,14.872181,16.932714,14.656517,18.303926,18.185312,18.342001,17.670736,16.238033,16.024944,16.742971,17.660837,18.288784,14.570912,14.777671,13.7295885,15.924491,14.409685,15.99072,15.119122,0.8431853,2.1180851,6.9796076,0.6661485,26.904308,46.03102,27.198349,17.275496,22.561579,14.794334,15.075131,17.358274,15.38455,68.06
4446931.924,659444.7026,62.565937,0.9880518,0.7298263,23.888176,29.742811,30.480038,25.23935,25.108355,48.991623,44.831543,48.28693,53.771473,58.446976,28.065857,25.158693,21.935009,21.119442,15.7680645,2.1559608,2.036858,6.6279054,7.412251,1378.36,272.93933,-0.080078125,1.1182894,-0.004394531,35,15,0.8477766,0.49813542,0.26708975,0.28754276,0.310292,1.0156335,1.4365695,23.711117,21.595886,12.00652,16.699486,14.615359,20.10681,16.788715,17.46712,26.439812,28.75472,17.841755,22.167397,20.589964,24.224094,22.334106,22.844193,19.220991,15.807155,14.0149765,13.6759205,15.172694,17.953903,15.832046,15.592208,16.956545,14.063844,13.6377325,14.068583,14.888355,15.997205,18.233667,14.82019,16.805107,17.524254,17.870256,18.260319,17.123302,17.33715,18.634361,17.724277,17.261631,14.947853,14.770374,15.829585,17.602758,17.259388,19.03469,16.257566,0.85893905,2.0964093,7.020078,0.6661485,26.815495,46.911583,26.612274,17.931986,23.193121,15.953955,15.406563,17.650679,16.672325,68.06
4446931.924,659449.7026,63.50123,1.0074219,0.7427603,23.71222,29.689796,29.778542,25.528284,25.723654,49.929432,45.166687,48.82009,54.11305,58.420746,27.57539,24.91497,21.976503,20.472795,15.654499,2.1209779,2.0123959,6.665345,7.440473,1378.46,271.9327,-0.12011719,1.2751921,-0.011108398,35,15,0.8477766,0.49813542,0.26708975,0.28754276,0.310292,1.0156335,1.4365695,22.14697,20.922995,11.683848,16.2235,14.154259,18.89561,16.031693,16.750387,26.643381,28.958288,16.71778,21.574436,19.908503,23.76389,21.774424,22.383993,19.237963,15.809391,14.018331,13.6792755,15.176048,18.053661,15.846087,15.606631,16.250118,12.59977,12.155495,12.595222,13.554345,15.328129,17.270432,13.56714,15.630455,17.013521,16.918879,17.266603,15.352275,17.081846,17.49977,16.697554,16.061655,14.545405,14.472117,15.505636,17.013014,16.16849,18.86197,15.693356,0.8750911,2.0666869,7.052909,0.6661485,26.701008,47.548058,26.24518,17.151266,22.762959,15.974394,14.250502,16.680477,16.089756,68.06
4446931.924,659454.7026,59.82063,1.0200715,0.74904436,23.543528,29.693987,29.024866,25.874773,26.47805,50.727577,45.320805,49.341606,54.456394,58.341995,27.170517,24.766514,22.059057,19.766483,15.540933,2.0878682,1.9893634,6.7019725,7.4669113,1378.58,270.00812,0.03955078,1.2319981,0.003295898,35,15,0.8477766,0.49813542,0.26708975,0.28754276,0.310292,1.0156335,1.4365695,24.750515,20.268333,10.691041,15.665092,14.329688,19.185806,16.982912,16.895212,26.060707,26.860678,16.298792,20.126957,18.657228,20.943825,18.644617,21.00186,21.19221,19.256922,16.818754,17.339073,17.975992,21.535675,19.798073,18.686197,16.717457,14.096929,12.652341,13.607992,13.624743,14.803816,17.306852,14.206172,16.740025,16.422249,17.021578,16.067991,15.915013,15.250313,19.210917,16.512669,15.659049,17.284239,15.500691,18.184906,17.083237,13.319927,15.939537,16.457651,0.88455796,2.0386157,7.084442,0.6661485,26.618757,48.024193,25.968515,17.410484,21.084686,19.130955,14.687161,16.661156,16.138798,68.06
4446931.924,659459.7026,57.660145,1.0210391,0.74834955,23.264158,29.9619,28.229029,26.007977,26.80828,51.38639,45.23495,49.68969,55.062553,59.648083,26.8274,24.663136,22.479633,19.033878,14.748909,2.0551944,1.971324,6.700796,7.481629,1378.67,268.5482,-0.19921875,1.1178764,-0.012207031,35,15,0.8477766,0.49813542,0.26708975,0.28754276,0.310292,1.0156335,1.4365695,23.22079,20.193924,9.616184,15.772003,12.140274,20.594212,15.666649,16.09337,26.182247,26.064074,16.180717,20.004406,18.208008,19.461779,18.898285,20.68516,21.851414,16.131187,15.1781435,15.049797,15.995454,16.474321,17.4928,16.546494,19.65568,16.946558,14.784278,15.443792,15.809673,15.990378,18.248785,16.339071,20.185917,20.138966,17.714363,17.233902,18.19192,16.435442,20.192862,18.390646,16.535421,16.882751,16.599585,18.43089,16.937265,14.5917,15.212932,16.883665,0.88469434,2.0132592,7.0912123,0.6661485,26.61303,48.31067,25.745268,16.743433,20.714216,16.881872,16.697021,18.584766,16.455791,68.06
4446931.924,659464.7026,52.536057,1.0099428,0.73536354,23.107391,30.196556,27.527103,26.348589,27.483088,51.880516,44.96296,50.216576,55.34893,59.557583,26.57455,24.60407,22.526001,18.38649,14.661576,2.0232227,1.9588947,6.72133,7.495047,1378.78,268.3235,0.16015625,0.97407866,0.011108398,35,15,0.8574515,0.48778638,0.26654893,0.28495967,0.30898124,1.0072573,1.4099362,23.541365,20.336773,9.74945,15.903063,12.276733,20.732904,15.81081,16.259947,26.180626,26.064074,16.180717,20.004406,18.208008,19.473257,18.898285,20.685848,20.24293,15.4701805,14.545326,14.531982,14.956996,15.468149,15.561704,15.678163,19.650194,16.946558,14.784278,15.443792,15.809673,15.990378,18.24147,16.338158,20.179081,20.11975,17.718422,17.21847,18.206793,16.433681,20.193665,18.385979,16.535421,16.882751,16.599585,18.43089,16.937265,14.5917,15.212932,16.883665,0.8726531,1.9910587,7.1081886,0.66041726,26.651974,48.421738,25.58931,16.907299,20.715624,15.825324,16.695192,18.581408,16.455791,68.06
4446931.924,659469.7026,52.393303,0.9902617,0.7167879,22.978373,30.476257,26.925392,26.553951,27.887152,52.149677,44.578857,50.643288,55.623184,59.549835,26.45506,24.586338,22.591206,17.886316,14.585546,1.9888644,1.9462101,6.7323823,7.5023737,1378.85,268.7256,0.15966797,0.64463985,0.010009766,35,15,0.8574515,0.48778638,0.26654893,0.28495967,0.30898124,1.0072573,1.4099362,23.13109,20.136215,9.949292,15.918779,11.584834,20.331314,14.929666,16.111965,25.12904,25.314676,16.463984,19.766582,18.176826,20.05708,19.34562,20.565744,20.540297,16.138983,15.150761,13.903109,15.828633,17.218113,15.713412,16.126455,19.75977,16.331675,15.066592,13.749458,15.196537,15.080497,18.62546,15.854583,19.341003,17.506252,18.026606,17.292858,15.218338,16.625507,20.10295,17.642385,17.198462,17.04245,17.858961,16.176846,18.893064,14.033049,14.166154,16.88667,0.8535248,1.9675373,7.117378,0.66041726,26.727314,48.364265,25.520699,16.56874,20.607687,16.356186,16.25857,17.730501,16.481283,68.06
4446931.924,659474.7026,55.515224,0.9662122,0.7109011,22.945276,30.78217,26.582644,26.508074,27.566011,52.089302,44.31595,51.42671,56.187553,60.621944,26.437471,24.594461,21.96751,17.411074,14.076181,1.9459103,1.9239187,6.752174,7.5101285,1378.89,275.17532,-0.040039062,0.47490212,0,35,15,0.8574515,0.48778638,0.26654893,0.28495967,0.30898124,1.0072573,1.4099362,23.51196,20.20891,10.261068,15.503749,11.999682,16.994808,15.257098,15.950053,23.180325,25.020124,16.12588,20.077072,18.779116,19.495653,19.336819,20.212797,17.089062,16.256056,13.717397,14.073108,17.344683,16.382675,14.946324,15.362845,16.826826,15.684823,14.175494,13.220114,17.685677,15.61645,19.15087,15.3076515,17.729553,16.692814,17.95287,16.833422,18.150724,16.640015,20.323923,17.525738,16.84435,17.344152,17.073977,17.046158,18.325594,13.842588,14.509884,16.762249,0.83855665,1.9349146,7.131151,0.66041726,26.863724,48.202625,25.515966,16.248182,20.287855,15.687043,16.051464,17.760473,16.426672,68.06
4446931.924,659479.7026,57.963856,0.9447114,0.6966337,22.929457,30.936073,26.298014,26.299341,27.025215,51.83204,44.05401,51.50847,56.413174,60.8366,26.643333,24.61313,22.101791,17.374489,14.082568,1.9073142,1.8994551,6.736957,7.5103474,1378.93,285.22818,0.08105469,0.32618493,0.006713867,35,15,0.8574515,0.48778638,0.26654893,0.28495967,0.30898124,1.0072573,1.4099362,23.587349,20.331028,10.339667,15.516505,12.261795,17.148098,15.407819,16.057978,23.40417,25.08787,16.179127,20.13902,18.861357,19.662632,19.616838,20.311209,17.089062,16.256056,13.717397,14.073108,17.344683,16.382675,14.9627495,15.362845,16.827238,15.682605,14.175632,13.220446,17.691305,15.61645,19.15087,15.30825,17.729553,16.692814,16.842596,16.16827,17.411667,16.085722,19.954393,16.971022,16.841421,17.344152,17.073977,17.046158,18.325594,13.842588,14.502071,16.76176,0.8206725,1.9033847,7.1236525,0.66041726,26.932766,47.943024,25.628231,16.370325,20.421574,15.68939,16.052078,17.269287,16.425138,68.06
4446931.924,659484.7026,65.565865,0.9262731,0.68539846,22.928808,31.083128,26.066048,26.017353,26.28815,51.473373,43.8575,51.55893,56.630733,61.1039,26.89104,24.584202,22.227379,17.417255,14.099387,1.8750877,1.8747506,6.71689,7.5112677,1378.95,306.94003,0.119628906,0.14285459,0.0078125,35,15,0.8574515,0.48778638,0.26654893,0.28495967,0.30898124,1.0072573,1.4099362,24.92265,22.111414,12.2369995,16.987186,13.407776,16.207617,14.787473,17.305086,23.631346,25.538023,16.756346,20.685093,19.331524,20.315914,18.8031,20.771412,19.338905,16.048964,14.466189,13.713623,13.996983,15.890959,15.470577,15.363167,19.198854,15.079651,16.074213,14.131248,13.5973425,15.54669,15.680287,15.677357,19.212524,17.024199,18.08961,16.970072,15.466273,15.600561,17.420162,17.317522,18.399485,14.937083,16.49615,14.619583,11.1401415,13.777769,13.963891,15.194266,0.8058358,1.8749192,7.1140785,0.66041726,27.005968,47.665436,25.737621,17.237303,20.723051,15.560887,15.61547,17.111914,14.762015,68.06
4446931.924,659489.7026,70.981,0.91209114,0.67666554,23.05509,31.056076,25.703655,25.63408,25.30855,51.03737,43.771072,52.178318,57.339794,61.932365,27.030193,24.500517,21.840202,17.122595,13.937766,1.8597884,1.8543222,6.6676073,7.5117893,1378.95,324.4623,-0.040039062,0.12333938,-0.002197266,35,15,0.8574515,0.48778638,0.26654893,0.28495967,0.30898124,1.0072573,1.4099362,23.06836,21.37441,12.458313,17.040545,14.743947,15.971873,14.29472,17.191935,24.220936,25.938574,16.674353,20.619196,18.695143,19.42889,17.961617,20.606749,18.250374,15.999691,13.501717,13.858751,13.817355,16.675991,15.815852,15.049846,17.273003,16.073074,14.431328,14.137181,15.796763,15.380884,15.802987,15.351708,17.854698,17.08563,17.638453,16.941986,16.981848,14.365681,17.152657,17.00863,20.677528,19.101873,14.960846,14.288961,16.732534,14.79191,14.527036,16.466162,0.79437834,1.8570553,7.0896983,0.66041726,27.055584,47.40422,25.765354,16.993166,20.505527,15.417105,15.556459,16.860136,16.4401,68.06
4446931.924,659494.7026,74.49499,0.9017032,0.67125314,23.096386,31.199844,25.481245,25.362879,24.528034,50.70197,43.73944,52.294933,57.53931,62.169807,27.186909,24.324692,21.900585,17.163029,13.963341,1.8500235,1.8374542,6.6366754,7.5141153,1378.96,338.19858,0.040039062,0.15442389,0.003295898,35,15,0.85605127,0.4901761,0.22555043,0.28641227,0.30903643,1.0110209,1.3474215,23.06836,21.37441,12.458313,17.040545,14.743947,15.971873,14.29472,17.191935,24.220936,25.938574,16.674353,20.619196,18.695143,19.42889,17.961617,20.606749,18.250374,15.999691,13.501717,13.858751,13.817355,16.675991,15.815852,15.049846,17.273003,16.073074,14.431328,14.137181,15.796763,15.380884,15.802987,15.351708,17.854698,17.08563,17.638453,16.941986,16.981848,14.365681,17.152657,17.00863,20.677528,19.101873,14.960846,14.288961,16.732534,14.79191,14.527036,16.466162,0.78647816,1.8437388,7.0753956,0.64652413,27.148115,47.220703,25.7558,16.993166,20.505527,15.417105,15.556459,16.860136,16.4401,68.06
4446931.924,659499.7026,69.24032,0.89396566,0.6723127,23.198376,30.959105,25.257223,25.467007,23.725348,50.541935,43.888447,52.429,57.240246,62.08264,27.269182,24.143204,21.991568,17.277538,14.591895,1.8484594,1.8292166,6.6042275,7.5115685,1378.96,341.56506,-0.040039062,0.1813615,-0.003295898,35,15,0.85605127,0.4901761,0.22555043,0.28641227,0.30903643,1.0110209,1.3474215,23.19673,22.797073,13.263141,17.033192,16.085527,16.048565,14.73523,17.739016,24.062103,26.23084,17.063461,20.333775,19.234964,20.447903,19.008162,20.926542,18.078152,14.495248,12.808314,13.79599,14.275169,17.79162,16.509758,14.910641,17.054222,14.221301,14.3246565,13.618231,15.642204,16.59569,15.983475,15.084308,18.507202,16.425776,17.06158,16.796013,16.466766,15.572576,18.489822,17.121336,19.59787,14.06837,14.821736,13.342941,14.861435,15.8333,16.720499,15.493655,0.78313917,1.838838,7.057898,0.64652413,27.07874,47.21519,25.706192,17.594208,20.911602,15.393464,15.34854,17.045677,15.606592,68.06
4446931.924,659504.7026,73.14678,0.8860118,0.6866363,23.029604,30.84915,25.183655,26.003489,23.385973,50.624847,44.220608,52.097454,55.745956,61.01739,27.17771,23.956192,22.700764,18.080936,15.77661,1.8544945,1.8305057,6.6192384,7.5189066,1378.97,326.30994,0,0.20678371,0,35,15,0.85605127,0.4901761,0.22555043,0.28641227,0.30903643,1.0110209,1.3474215,23.408274,22.604454,13.439396,17.298313,13.629715,16.660465,14.973441,17.59351,22.926975,25.485079,16.703192,20.35026,18.948893,19.488964,19.719538,20.410181,16.945816,14.373492,12.772187,13.490135,16.663294,17.505096,16.247812,14.908076,17.265757,14.203522,14.594277,13.646756,15.9948845,17.09743,17.001455,15.276586,17.116726,16.779066,17.008783,17.154064,16.670757,16.078924,19.37513,17.063166,22.210695,15.018514,15.812424,15.58215,20.119118,21.119087,20.278511,18.028309,0.786324,1.8425001,7.0690727,0.64652413,26.939377,47.42273,25.566952,17.43058,20.51756,15.428262,15.686297,17.169065,18.591501,68.06
4446931.924,659509.7026,67.02443,0.8719003,0.6887752,23.057611,30.729237,25.203962,26.059816,22.914614,51.06119,44.87765,52.21625,55.67767,61.23282,26.861156,23.578588,22.60769,18.103376,15.79254,1.8567346,1.8372604,6.5742507,7.510088,1378.98,319.3987,-0.040039062,0.26437655,-0.003295898,35,15,0.85605127,0.4901761,0.22555043,0.28641227,0.30903643,1.0110209,1.3474215,23.408274,22.604454,13.439396,17.298313,13.629715,16.660465,14.973441,17.59351,22.926975,25.485079,16.703192,20.35026,18.948893,19.488964,19.719538,20.410181,16.945816,14.373492,12.772187,13.490135,16.663294,17.505096,16.247812,14.908076,17.265757,14.203522,14.594277,13.646756,15.9948845,17.09743,17.001455,15.276586,17.116726,16.779066,17.008783,17.154064,16.670757,16.078924,19.37513,17.063166,22.210695,15.018514,15.812424,15.58215,20.119118,21.119087,20.278511,18.028309,0.78033775,1.8469975,7.0421696,0.64652413,26.893425,47.96942,25.219872,17.43058,20.51756,15.428262,15.686297,17.169065,18.591501,68.06
4446931.924,659514.7026,72.93488,0.85787076,0.6927587,23.076221,30.528862,25.21368,26.193085,22.620747,51.7116,45.798397,52.48403,55.574783,61.39479,26.38677,23.131453,22.433928,18.095886,15.806815,1.8602984,1.8445922,6.537633,7.50881,1379,315,0,0.32442692,0,35,15,0.85605127,0.4901761,0.22555043,0.28641227,0.30903643,1.0110209,1.3474215,23.72324,19.803047,12.7901945,15.592672,13.948746,15.258593,15.731838,16.868057,23.53599,24.827301,16.094595,19.848194,18.386412,19.855938,18.81428,20.132763,18.594776,14.615207,13.569179,13.669169,16.292713,18.02631,16.048584,15.281761,16.976559,14.199056,14.781936,13.339973,14.775909,16.597004,17.42167,14.939416,17.327597,15.866214,17.090063,16.076977,15.507213,14.877507,16.662771,16.389818,22.952547,17.940779,16.046255,16.366198,20.90576,21.958118,19.896751,18.574343,0.7753147,1.8524454,7.0232215,0.64652413,26.802542,48.754997,24.759111,16.692617,20.194674,15.830848,15.44173,16.201193,19.438059,68.06
4446931.924,659519.7026,69.208374,0.84536684,0.66819984,23.222395,30.545483,25.215313,25.9525,22.562502,52.42335,46.96599,52.987877,56.449493,61.651276,25.800165,22.795858,22.113913,17.60548,15.6463,1.8719722,1.8486546,6.4678307,7.5128913,1379.02,315,0,0.32442692,0,35,15,0.85605127,0.4901761,0.22555043,0.28641227,0.30903643,1.0110209,1.3474215,24.07691,20.415983,14.244605,14.926706,14.170999,17.238493,16.474127,17.421253,23.786865,25.255224,16.29323,19.478006,18.39639,21.43702,18.644554,20.333605,18.273836,16.665752,13.035438,13.617285,15.623245,18.00428,14.663762,15.254826,17.527348,15.009196,14.086315,13.341606,14.775909,16.240835,15.18969,14.9292345,17.506842,16.847628,17.087202,16.14978,15.402848,16.16188,14.629582,16.635494,21.344854,20.03282,14.704093,16.415073,20.90576,22.867037,16.880507,18.318285,0.75678337,1.8603134,6.990361,0.64652413,26.883938,49.69467,24.298012,17.363976,20.470184,15.697658,15.167272,16.25511,19.02145,68.06
4446931.924,659524.7026,76.343376,0.8374177,0.67661667,23.264215,30.222599,25.204363,26.093973,22.597885,53.176613,48.24651,53.57536,56.394012,61.65804,25.141066,22.326052,21.784063,17.545963,15.667391,1.8791294,1.8513107,6.454415,7.531784,1379.04,315,0,0.32417965,0,35,15,0.84787965,0.5027228,0.263552,0.29605526,0.30898356,1.01057,1.3441396,24.07691,20.415983,14.244605,14.926706,14.170999,17.238493,16.474127,17.421253,23.786865,25.255224,16.29323,19.478006,18.39639,21.43702,18.644554,20.333605,18.273836,16.665752,13.035438,13.617285,15.623245,18.00428,14.663762,15.254826,17.527348,15.009196,14.086315,13.341606,14.775909,16.240835,15.18969,14.9292345,17.506842,16.847628,17.087202,16.14978,15.402848,16.16188,14.629582,16.635494,21.344854,20.03282,14.704093,16.415073,20.90576,22.867037,16.880507,18.318285,0.7570172,1.8652201,6.993099,0.6534147,26.743408,50.711563,23.733559,17.363976,20.470184,15.697658,15.167272,16.25511,19.02145,68.06
4446931.924,659529.7026,71.89765,0.8375882,0.6837824,23.438166,29.967201,25.253983,26.2215,22.63513,53.615437,49.401886,54.211147,56.40106,61.5747,24.622845,22.263735,21.381603,17.458902,15.798107,1.8938912,1.8555492,6.458718,7.5540676,1379.06,328.03003,0.041015625,0.2698028,0.005615234,35,15,0.84787965,0.5027228,0.263552,0.29605526,0.30898356,1.01057,1.3441396,23.769714,19.78634,14.012454,14.999504,16.420275,16.830385,16.031351,17.30211,23.76606,25.954361,16.402176,20.949322,18.54057,21.456617,18.205406,20.713972,17.799124,16.192642,13.117665,13.282347,14.01945,17.639744,17.113638,14.851551,17.198513,14.748927,13.33151,14.571745,14.052247,17.596544,17.136213,14.971626,17.428411,17.17938,16.21187,16.8251,15.627899,18.776121,15.593631,16.826189,21.344448,18.338648,15.79082,16.859547,18.19526,21.777996,17.467405,17.96047,0.7606853,1.8747202,7.0063925,0.6534147,26.702682,51.50866,23.44329,17.407145,20.7535,15.594943,15.519385,16.806059,18.53916,68.06
4446931.924,659534.7026,63.475872,0.84505796,0.6782528,23.503723,29.437431,25.463005,26.316269,21.901533,53.61709,50.10852,54.332645,55.738678,62.101982,24.24769,22.311121,21.436157,18.047812,17.109766,1.91417,1.8622482,6.4071627,7.548514,1379.07,356.62387,0.1586914,0.24346654,0.00769043,35,15,0.84787965,0.5027228,0.263552,0.29605526,0.30898356,1.01057,1.3441396,22.776356,21.421972,14.291149,17.177214,14.6844,19.45097,15.777924,17.865767,23.190115,26.177504,16.266405,20.332464,18.576723,21.130917,18.700516,20.460798,17.06822,16.346834,13.318112,13.399526,13.766816,17.176111,16.07676,14.753316,16.939709,15.1030245,14.332397,13.751411,13.236516,21.522976,18.65185,15.277313,17.767529,17.579134,16.392603,17.000525,14.929924,21.028473,16.263271,17.114859,18.699436,18.770273,16.043642,14.959221,14.181277,22.006641,17.008919,16.7582,0.7616554,1.8882091,6.9778385,0.6534147,26.470577,51.862804,23.279406,17.939999,20.62495,15.307482,16.219698,17.280209,17.381344,68.06
4446931.924,659539.7026,71.049545,0.8531389,0.6760014,23.666147,29.230122,25.792091,26.34214,21.872303,53.3162,50.19565,54.087593,55.61769,62.040527,24.135902,22.537924,21.413782,18.162992,17.159122,1.9290311,1.8751818,6.3918715,7.5384417,1379.06,356.97946,-0.118652344,0.2720973,-0.004394531,35,15,0.84787965,0.5027228,0.263552,0.29605526,0.30898356,1.01057,1.3441396,22.776356,21.421972,14.291149,17.177214,14.6844,19.45097,15.777924,17.865767,23.190115,26.177504,16.266405,20.332464,18.576723,21.130917,18.700516,20.460798,17.06822,16.346834,13.318112,13.399526,13.766816,17.176111,16.07676,14.753316,16.939709,15.1030245,14.332397,13.751411,13.236516,21.522976,18.65185,15.277313,17.767529,17.579134,16.392603,17.000525,14.929924,21.028473,16.263271,17.114859,18.699436,18.770273,16.043642,14.959221,14.181277,22.006641,17.008919,16.7582,0.7645702,1.9021065,6.9651566,0.6534147,26.448135,51.755924,23.336914,17.939999,20.62495,15.307482,16.219698,17.280209,17.381344,68.06
4446931.924,659544.7026,74.148796,0.8642527,0.6733414,23.824991,29.049913,26.21502,26.357367,21.82216,52.804092,50.034863,53.58152,55.467793,61.96977,24.213163,22.87228,21.467926,18.31914,17.215744,1.9492767,1.8932921,6.380875,7.526711,1379.07,343.32648,0.0390625,0.29861176,0.001098633,35,15,0.84787965,0.5027228,0.263552,0.29605526,0.30898356,1.01057,1.3441396,23.465885,21.219429,14.785533,16.913843,14.577996,19.686249,16.1618,18.091066,23.645676,25.017807,16.694605,20.565578,18.632784,20.967918,18.790453,20.549934,18.722403,16.722305,13.7072115,13.87055,13.781842,17.61301,16.17865,15.42619,18.041386,15.692104,14.854161,13.420522,13.332591,18.879555,17.16135,15.387982,17.627422,16.734453,17.19101,16.553173,15.557469,17.048578,18.490656,17.041193,20.715979,20.298613,15.89122,14.641809,14.918755,21.764177,20.192781,17.696548,0.76879704,1.9212844,6.953793,0.6534147,26.437452,51.41948,23.54272,18.115818,20.616404,15.799425,15.911667,17.028967,18.346191,68.06
4446931.924,659549.7026,79.02029,0.8794529,0.6747807,24.037355,28.86209,26.624273,25.985928,21.343801,52.14289,49.869698,53.073093,56.11165,62.93603,24.423222,23.373276,21.669676,18.220531,17.124386,1.9799036,1.914083,6.3783774,7.5199876,1379.08,356.97946,0.119628906,0.2720973,0.008911133,35,15,0.84787965,0.5027228,0.263552,0.29605526,0.30898356,1.01057,1.3441396,23.217693,21.170233,14.732959,16.81424,14.502469,19.587296,16.155828,17.991968,23.203508,24.428247,16.701008,20.573261,18.64047,20.97176,18.793015,20.40735,18.722403,16.722305,13.7072115,13.87055,13.781842,17.61301,16.17865,15.42619,17.979462,15.658349,14.862324,13.433734,13.355281,18.81473,17.118135,15.370269,17.627422,16.734453,17.19101,16.553173,15.557469,17.048578,18.490656,17.041193,20.715979,20.298613,15.89122,14.641809,14.918755,21.764177,20.192781,17.696548,0.7771168,1.9469934,6.9491825,0.6534147,26.449722,51.006294,23.898249,18.025816,20.473038,15.799425,15.888858,17.028967,18.346191,68.06
4446931.924,659554.7026,82.47923,0.89150286,0.6734967,24.095097,28.707386,27.145544,25.982197,21.361376,51.536003,49.552433,52.243626,56.000053,62.83384,24.781792,23.750982,21.815445,18.357552,17.175735,2.0109487,1.9381276,6.387901,7.512027,1379.07,356.62387,-0.080566406,0.24346654,-0.005615234,35,15,0.83953583,0.5044808,0.27283072,0.29464528,0.30927476,1.011136,1.3525596,23.077477,19.256819,13.612976,18.036585,16.297804,16.465107,16.663614,17.692991,24.37641,24.39135,17.17631,20.10688,18.59624,20.977219,17.688711,20.609076,19.223125,15.708753,13.457162,14.234491,14.751674,16.94651,16.971348,15.375694,17.720934,15.414516,15.54063,13.658867,13.903648,15.99744,16.0043,15.396068,17.735905,17.555292,17.904211,17.183632,15.263646,15.716942,16.60528,17.122984,21.738773,22.364489,17.054976,14.826101,16.846832,22.008125,21.56372,18.643404,0.7824998,1.9745381,6.9499636,0.6549233,26.401241,50.54422,24.266388,17.630054,20.4733,15.899009,15.462906,16.85213,19.486145,68.06
4446931.924,659559.7026,92.436165,0.900471,0.6684231,23.843506,28.377747,27.673641,25.892614,21.446644,50.924835,49.18138,51.448326,56.115322,62.620754,25.20846,24.052605,21.986195,18.375591,17.153677,2.0410929,1.9562999,6.3803477,7.495739,1379.08,341.56506,0.03955078,0.22614852,0.002197266,35,15,0.83953583,0.5044808,0.27283072,0.29464528,0.30927476,1.011136,1.3525596,23.39799,20.004852,13.312936,18.179874,15.226528,16.502445,15.880489,17.579332,24.369455,24.33222,16.717943,19.905579,18.245737,21.201435,18.02896,20.42855,18.975317,15.831323,14.569198,13.99822,14.535729,16.72192,15.876216,15.497169,17.562584,16.49694,14.757285,13.651186,13.595955,17.908,15.727323,15.331116,17.492495,16.753454,17.283861,17.338463,14.870999,17.594633,15.573901,16.961555,21.412891,21.509148,18.07422,14.990042,16.41531,21.927895,19.18458,18.33977,0.7844471,1.9986963,6.9380436,0.6549233,26.110626,50.05311,24.630531,17.50073,20.40019,15.786847,15.671326,16.701115,19.07344,68.06
4446931.924,659564.7026,83.55269,0.90153927,0.65775263,23.546309,27.327915,28.183075,26.045357,21.063852,50.481792,48.754723,50.730648,55.465843,64.10896,25.54753,24.397663,22.080084,18.75709,16.322838,2.0565834,1.9557179,6.3556423,7.451723,1379.08,347.04468,-0.080078125,0.19108154,-0.003295898,35,15,0.83953583,0.5044808,0.27283072,0.29464528,0.30927476,1.011136,1.3525596,23.39799,20.004852,13.312936,18.179874,15.226528,16.502445,15.880489,17.579332,24.369455,24.33222,16.717943,19.905579,18.245737,21.201435,18.02896,20.42855,18.975317,15.831323,14.569198,13.99822,14.535729,16.72192,15.876216,15.497169,17.562584,16.49694,14.757285,13.651186,13.595955,17.908,15.727323,15.331116,17.492495,16.753454,17.283861,17.338463,14.870999,17.594633,15.573901,16.961555,21.412891,21.509148,18.07422,14.990042,16.41531,21.927895,19.18458,18.33977,0.7796459,2.0061507,6.9036827,0.6549233,25.43711,49.618256,24.972595,17.50073,20.40019,15.786847,15.671326,16.701115,19.07344,68.06
4446931.924,659569.7026,76.82987,0.89655983,0.64109683,23.314674,27.171453,28.749804,25.701323,20.909101,50.171288,48.13493,49.777042,55.67294,64.48492,25.88782,24.55329,22.06937,18.821283,16.041656,2.0644803,1.9573615,6.3005114,7.3778324,1379.09,344.74487,0.080078125,0.16347715,0.003295898,35,15,0.83953583,0.5044808,0.27283072,0.29464528,0.30927476,1.011136,1.3525596,23.97998,19.214037,12.330882,17.20837,13.909225,16.502445,14.54083,16.964907,24.399141,25.762465,16.615036,19.957249,18.361254,21.201435,17.308325,20.611757,17.679827,14.478162,13.545448,13.903566,13.937144,16.72192,15.240382,14.761626,17.994144,14.217568,14.865191,13.261165,13.862858,17.908,16.302567,15.097209,16.986336,16.947176,17.123524,16.858465,15.346306,17.594633,18.111906,16.82074,20.730457,13.676723,17.94058,14.532285,17.880596,21.927895,19.762415,17.30136,0.76882833,2.010921,6.839172,0.6549233,25.243065,49.153107,25.220554,16.812254,20.514984,15.07235,15.487357,16.995478,18.064423,68.06
4446931.924,659574.7026,80.898476,0.8940447,0.63808656,23.462124,26.88315,29.260635,25.888012,20.779139,49.92858,47.666245,49.018818,55.14324,64.875656,26.13849,24.89749,21.884043,18.937124,15.660342,2.0642302,1.9436017,6.257184,7.3002863,1379.09,0,0,0.11470331,0.002197266,35,15,0.83953583,0.5044808,0.27283072,0.29464528,0.30927476,1.011136,1.3525596,23.948498,19.492304,12.056987,14.697611,13.771823,17.100935,16.634163,16.620451,23.788181,26.155947,16.735588,19.509909,18.305853,21.875107,16.926847,20.589163,18.3802,15.271571,13.756152,14.549512,14.008403,16.733938,15.236293,15.164956,18.408222,15.168559,14.931175,14.9379635,13.85258,16.910301,18.471693,15.581311,16.793375,18.396904,17.148733,17.05547,14.675168,15.563081,18.467813,16.77345,23.378208,17.002602,17.593988,18.322197,16.038715,20.827833,20.87134,18.619875,0.7660656,2.003916,6.778735,0.6549233,25.172638,48.797413,25.51799,16.814617,20.471064,15.419438,16.097214,16.871508,19.14784,68.06
4446931.924,659579.7026,82.41088,0.8918961,0.63313437,23.387714,26.83975,29.586061,25.781975,20.509663,49.848877,47.3639,48.341393,55.14256,64.95235,26.322098,25.071854,22.050951,18.979666,15.68599,2.0629995,1.9281143,6.216647,7.2233,1379.09,11.309932,0.040039062,0.07310936,0.002197266,35,15,0.83953583,0.5044808,0.27283072,0.29464528,0.30927476,1.011136,1.3525596,23.948498,19.492304,12.056987,14.697611,13.771823,17.100935,16.634163,16.620451,23.788181,26.155947,16.735588,19.509909,18.305853,21.875107,16.926847,20.589163,18.3802,15.271571,13.756152,14.549512,14.008403,16.733938,15.236293,15.164956,18.408222,15.168559,14.931175,14.9379635,13.85258,16.910301,18.471693,15.581311,16.793375,18.396904,17.148733,17.05547,14.675168,15.563081,18.467813,16.77345,23.378208,17.002602,17.593988,18.322197,16.038715,20.827833,20.87134,18.619875,0.76251525,1.9955568,6.7199736,0.6549233,25.113731,48.606388,25.696976,16.814617,20.471064,15.419438,16.097214,16.871508,19.14784,68.06
4446931.924,659584.7026,76.19379,0.89077,0.62823755,23.300417,26.77639,29.762728,25.760445,20.170607,49.895153,47.3096,47.855927,55.073994,65.06706,26.416006,25.156982,22.197739,19.048817,15.698729,2.059487,1.9058754,6.1877055,7.1578903,1379.09,26.56505,0.080078125,0.06412116,0.004394531,35,15,0.8456733,0.50302553,0.27417105,0.30342317,0.31041628,1.015908,1.4331608,24.93105,20.186216,10.091072,15.596721,12.110097,15.714794,17.076035,16.271494,24.740301,25.133356,16.949501,20.651966,18.26961,20.024885,18.103437,20.75491,18.595844,15.259105,13.761052,16.081535,14.29123,19.077381,14.817238,15.792558,19.225904,14.906276,14.497432,17.127134,14.38081,16.660006,15.68713,16.079638,18.41491,17.340261,16.721497,18.691725,14.054543,12.990408,16.628584,16.869051,23.295488,21.366432,20.26594,22.164915,18.779322,21.92284,20.56191,21.031172,0.7595038,1.9826813,6.672798,0.6693969,25.038403,48.60238,25.786495,16.529425,20.553295,15.98334,16.069242,16.40599,21.193834,68.06
4446931.924,659589.7026,91.93118,0.8966668,0.6310592,23.19615,26.740618,29.81255,25.866215,19.916935,50.04319,47.50537,47.552498,54.671272,65.01872,26.415422,25.542507,22.31128,19.280277,15.587941,2.053457,1.8781532,6.1734366,7.1061687,1379.08,26.56505,-0.080078125,0.06412116,-0.004394531,35,15,0.8456733,0.50302553,0.27417105,0.30342317,0.31041628,1.015908,1.4331608,24.55566,19.80514,10.759002,15.478136,12.258809,16.891792,15.75084,16.277132,26.500435,24.618896,16.954948,20.517054,18.061937,19.936302,18.269033,20.949507,19.685701,14.588432,14.459706,14.461205,16.10726,18.033535,15.1506195,15.899001,18.83695,13.767849,15.899521,16.19586,15.9194975,16.546425,18.996399,16.451904,17.064466,16.650759,17.045053,18.334444,14.619039,12.266595,18.062172,16.708027,22.363865,15.574795,21.676329,20.23962,22.549171,19.975613,19.758108,20.730362,0.763863,1.965805,6.639803,0.6693969,24.968384,48.77428,25.978966,16.499912,20.694086,16.069492,16.594643,16.29179,20.305357,68.06
4446931.924,659594.7026,76.97558,0.8812211,0.59973073,22.770853,25.926565,29.750854,25.388046,19.531431,50.43555,47.733128,47.47787,55.441998,65.73683,26.243805,25.542316,21.957582,19.231508,15.095982,2.0217571,1.8423803,6.1667786,7.0671315,1379.08,303.69006,-0.12011719,0.10339219,-0.0078125,35,15,0.8456733,0.50302553,0.27417105,0.30342317,0.31041628,1.015908,1.4331608,24.55566,19.80514,10.759002,15.478136,12.258809,16.891792,15.75084,16.277132,26.500435,24.618896,16.954948,20.517054,18.061937,19.936302,18.269033,20.949507,19.685701,14.588432,14.459706,14.461205,16.10726,18.033535,15.1506195,15.899001,18.83695,13.767849,15.899521,16.19586,15.9194975,16.546425,18.996399,16.451904,17.064466,16.650759,17.045053,18.334444,14.619039,12.266595,18.062172,16.708027,22.363865,15.574795,21.676329,20.23962,22.549171,19.975613,19.758108,20.730362,0.7404759,1.9320687,6.616955,0.6693969,24.34871,49.08434,25.89306,16.499912,20.694086,16.069492,16.594643,16.29179,20.305357,68.06
4446931.924,659599.7026,78.60846,0.87470675,0.5979641,22.583403,25.86027,29.710503,25.4413,19.115133,50.815643,48.041763,47.468155,55.362522,65.969086,26.080252,25.567467,21.950935,19.27554,15.022036,2.0083435,1.8195071,6.167697,7.0484524,1379.1,296.56506,0.12011719,0.12824216,0.005615234,35,15,0.8456733,0.50302553,0.27417105,0.30342317,0.31041628,1.015908,1.4331608,24.65217,21.118025,11.212363,15.117739,12.107208,16.88903,15.997559,16.38373,25.417318,25.051437,16.055485,20.433651,18.531273,19.922155,16.834158,20.455084,20.355005,14.775844,14.211324,14.646126,17.06265,19.094053,15.755427,16.127394,18.773464,14.373002,16.931284,14.783178,16.168226,16.203053,17.350548,16.278336,16.971058,16.071135,17.679203,18.436466,15.62296,11.992571,17.557365,16.987478,23.395082,18.207672,20.197853,18.12421,21.724459,20.3593,21.46528,20.484812,0.7363354,1.9139253,6.6080747,0.6693969,24.221836,49.428703,25.82386,16.727728,20.320784,16.557203,16.368965,16.332966,20.496265,68.06
4446931.924,659604.7026,75.45845,0.86092484,0.59167576,22.391655,26.148663,29.730932,25.58036,18.726337,51.212112,48.342396,47.4473,54.904285,66.32018,25.883953,25.51442,21.999737,19.629213,14.817766,1.9907994,1.7982382,6.166863,7.038234,1379.1,296.56506,-0.12011719,0.12824216,-0.005615234,35,15,0.8456733,0.50302553,0.27417105,0.30342317,0.31041628,1.015908,1.4331608,24.112574,21.21076,11.565421,17.013447,11.820916,19.938135,15.638223,17.00963,23.58902,21.870207,16.15094,19.955196,18.463406,20.339008,13.94382,19.434603,20.409721,14.822169,14.381955,13.739159,16.673674,19.978767,15.782256,16.026434,20.441523,15.279843,16.130672,13.760828,15.293973,17.699493,16.73844,16.29519,16.872206,16.029892,17.323372,16.480297,15.33506,13.919058,18.238594,16.593906,23.612782,18.084587,19.803072,15.850351,24.069443,20.06717,21.70826,20.202074,0.7263003,1.8945189,6.6025486,0.6693969,24.270159,49.777252,25.699186,17.328497,19.187372,16.541101,16.477825,16.314068,20.456524,68.06
4446931.924,659609.7026,66.34878,0.8521077,0.58544225,22.110504,25.696692,29.88054,25.569172,18.266401,51.603615,48.56938,47.39903,55.801735,67.03025,25.698915,25.46723,21.621103,18.959183,14.413236,1.9774077,1.7758256,6.1648273,7.0359273,1379.12,285.25513,0.080078125,0.16347715,0.003295898,35,15,0.8456733,0.50302553,0.27417105,0.30342317,0.31041628,1.015908,1.4331608,24.112574,21.21076,11.565421,17.013447,11.820916,19.938135,15.529485,17.00963,24.304852,22.20993,16.413069,20.263004,18.91922,21.062658,14.693135,19.865917,20.133509,14.792114,14.354969,13.728383,16.516779,19.790874,15.631832,15.914494,20.5139,15.358223,16.162317,13.817537,15.374972,17.849457,17.365509,16.361338,19.144203,18.79246,19.307978,19.000866,19.052933,16.492487,19.343401,19.179998,23.702072,18.132486,19.885542,15.909693,24.149355,20.153961,21.80355,20.276754,0.718775,1.8766167,6.600377,0.6693969,23.903599,50.0865,25.583073,17.312963,19.695126,16.421207,16.634558,18.733475,20.53381,68.06
4446931.924,659614.7026,58.206947,0.85120183,0.59520584,22.137585,25.789373,30.171759,25.788147,17.953056,51.82033,48.745102,47.224014,55.30222,66.898026,25.637346,25.795237,21.946135,19.394157,14.788372,1.96926,1.7559857,6.1467705,7.0352573,1379.13,276.34018,0,0.12983528,0.001098633,35,15,0.8339592,0.52005893,0.28084373,0.33300707,0.3100277,1.0227883,1.4994522,24.281898,19.810892,11.314182,15.205666,10.072117,19.260098,15.993408,16.216743,24.478798,20.187422,16.851866,20.188894,19.161263,21.184534,17.117535,20.044111,20.447918,16.022188,12.621316,13.409177,17.58991,19.529121,16.978048,15.889888,18.51859,16.378017,14.750859,13.934402,15.025378,17.20433,17.342863,15.713677,20.752325,20.908857,18.557076,19.569805,16.983404,18.362751,17.173313,19.294413,22.578094,23.745428,17.852114,13.4346485,21.549757,19.074402,22.559488,19.234304,0.72320384,1.8626229,6.591014,0.68573385,23.963478,50.282715,25.716291,16.562609,19.881474,16.65681,16.16492,18.901075,20.113419,68.06
4446931.924,659619.7026,71.7992,0.8435821,0.593271,22.02369,25.769466,30.531708,26.045214,17.7347,52.044247,48.655014,47.05011,55.138817,67.088486,25.545988,25.868778,21.868706,19.46601,14.721619,1.9572855,1.7396141,6.1143565,7.0370426,1379.14,270,-0.080078125,0.2294057,-0.006713867,35,15,0.8339592,0.52005893,0.28084373,0.33300707,0.3100277,1.0227883,1.4994522,24.143085,20.088861,9.697606,14.740721,11.689697,16.974558,15.699986,15.783595,24.428772,23.05863,16.487814,20.847088,19.674994,22.929192,17.559433,20.602846,17.198631,16.951986,13.748752,14.942459,16.839775,18.25714,16.55031,15.857598,17.08493,16.640175,13.972848,15.843538,14.387008,15.149259,16.68998,15.517978,20.34332,21.047922,18.797697,21.045177,17.85388,15.471826,19.22786,19.670698,22.64205,22.5253,19.162548,20.185852,22.033455,19.390905,21.95195,20.86958,0.7184266,1.8484498,6.5757,0.68573385,23.896578,50.349632,25.707382,16.147787,20.712276,16.35558,15.681106,19.112528,21.127438,68.06
4446931.924,659624.7026,69.37539,0.83864623,0.5915591,21.915058,25.760258,30.861004,26.263882,17.600122,52.21775,48.331802,46.934345,55.00934,67.24327,25.490643,25.986292,21.789246,19.516727,14.669078,1.9459777,1.7276229,6.083347,7.0403266,1379.17,267.26736,0.040527344,0.3007364,0.002319336,35,15,0.8339592,0.52005893,0.28084373,0.33300707,0.3100277,1.0227883,1.4994522,24.36026,19.930052,9.575139,14.726636,11.54176,16.717817,15.736573,15.721725,25.23216,24.638712,16.862654,21.60318,20.184603,23.078857,18.113962,21.282589,18.038315,17.28995,13.891525,15.337466,17.151678,18.590221,16.744198,16.243118,19.147831,16.243563,13.864892,15.753856,14.663783,15.354765,16.721468,15.87016,20.25449,20.929548,18.657217,20.627958,17.698505,15.339693,18.89531,19.460516,22.627071,22.51032,19.157282,20.081963,22.02495,19.380783,21.924759,20.839722,0.7151027,1.8368003,6.5618367,0.68573385,23.837658,50.274776,25.738468,16.084034,21.387732,16.720478,15.964308,18.914675,21.101017,68.06
4446931.924,659629.7026,66.33857,0.83729225,0.5900197,21.808815,25.755905,31.043522,26.394127,17.550825,52.385506,47.845085,46.995705,54.941074,67.35908,25.4443,26.146152,21.706663,19.536516,14.632462,1.9359818,1.7167431,6.058028,7.04416,1379.19,270,-0.2006836,0.48677862,-0.016723633,35,15,0.8339592,0.52005893,0.28084373,0.33300707,0.3100277,1.0227883,1.4994522,24.395742,19.402433,9.542436,14.658877,12.335544,16.158112,14.499287,15.62381,25.586935,24.248888,16.714327,21.14381,20.20472,21.518639,18.82257,21.169064,19.115156,17.155893,15.662114,15.784304,16.62792,21.084026,18.539228,17.279316,18.548197,16.276262,14.87616,15.462857,15.419273,15.859911,18.358341,16.248034,20.757475,21.007467,18.720896,20.625462,18.457405,15.296164,17.63082,19.438238,22.871086,22.83343,22.194466,22.08887,21.789145,20.698439,22.762712,22.304825,0.71365595,1.8263624,6.551094,0.68573385,23.78236,50.115295,25.795227,15.856062,21.177126,17.709806,16.400143,18.927954,22.176878,68.06
4446926.924,659309.7026,51.276497,0.8269172,0.69323564,24.026731,33.508194,27.801252,25.073097,22.446741,46.522575,39.75607,49.959938,59.36428,64.229,29.258179,25.512552,22.181799,15.493228,13.267242,1.7745209,1.9694531,5.837973,7.2573743,1377.97,25.330355,0.040039062,0.30120215,0.004394531,35,15,0.8121442,0.5080224,0.23862112,0.27415583,0.30715352,1.0354825,0.79892963,24.239922,21.59819,11.33587,15.438553,13.774558,16.515789,16.210897,16.71452,27.70236,28.534002,18.52553,22.579172,20.23838,24.614853,22.30944,23.18001,19.13546,15.873017,15.385319,15.998596,17.29512,21.499722,18.867537,16.99333,15.827427,12.448035,12.9597845,13.93053,14.718498,17.256945,17.394419,14.205667,15.838199,12.118564,12.383058,16.634785,13.692475,16.774693,12.782577,14.382308,18.460136,16.213346,16.94401,17.573528,17.671408,16.032564,19.459763,17.33758,0.7600764,1.871987,6.5476737,0.56778705,28.767464,43.13932,27.385365,17.016254,23.500536,17.72211,14.933662,14.317764,17.479252,68.06
4446926.924,659314.7026,53.73398,0.8389353,0.6774299,24.209154,33.24679,27.5491,25.862328,22.749285,46.195995,39.686523,49.443512,58.546062,63.86648,29.636324,25.745838,22.959663,15.68881,13.479932,1.788743,1.9771463,5.884446,7.2634616,1377.95,53.1441,0.07910156,0.4293956,0.004394531,35,15,0.8445138,0.5152204,0.2612952,0.29266262,0.30983636,1.0089668,1.3528653,23.75914,21.64298,11.848432,15.457606,13.557861,15.244824,16.020185,16.649553,25.345604,26.954748,17.932997,22.128468,19.039299,22.820137,20.429125,21.937592,18.61229,16.151514,15.483394,14.010961,14.412834,21.999588,16.212648,16.130465,15.998634,12.1307,12.774517,11.512457,13.40889,17.121243,14.941882,13.352097,16.450191,11.215602,10.105956,13.233145,12.713292,16.52622,13.163868,12.777709,19.892303,18.431984,16.486696,17.313549,18.119982,17.92335,16.966139,17.734573,0.75818264,1.8829446,6.5739536,0.6550515,28.727974,42.94126,27.691082,16.790148,22.09291,16.697603,13.984046,13.34404,17.876286,68.06
4446926.924,659319.7026,59.582535,0.8342418,0.6618021,24.178192,33.2393,27.572367,25.876472,22.935806,45.78791,39.56901,49.39033,58.1652,63.668278,30.194994,25.809902,22.97887,16.006962,13.7581215,1.8165821,1.984419,5.930367,7.2556214,1377.91,54.476505,-0.07910156,0.4926144,-0.004394531,35,15,0.8445138,0.5152204,0.2612952,0.29266262,0.30983636,1.0089668,1.3528653,23.814135,21.7838,11.918842,15.5418,13.638511,15.455309,16.073626,16.739084,25.345604,26.833746,17.610023,21.920416,18.856777,22.633549,20.282097,21.755249,19.078465,16.67578,15.968845,14.678015,14.898217,22.205929,16.560946,16.637754,16.739172,12.899349,13.469924,12.225833,13.998322,17.876724,15.54929,14.065177,16.934963,12.032153,10.922508,14.049696,13.529845,17.121586,13.980419,13.520531,19.89062,18.431984,16.491991,17.316729,18.123512,17.916523,16.973337,17.73615,0.74802196,1.9005005,6.592994,0.6550515,28.708746,42.67846,28.002449,16.889431,21.92603,17.152313,14.679801,14.081597,17.877813,68.06
4446926.924,659324.7026,59.872375,0.88172334,0.65214354,24.53222,33.70313,28.886868,26.85692,23.612448,45.06097,38.716248,46.2382,55.519302,61.41892,30.920944,27.255806,24.869806,17.699772,15.057579,1.8892221,2.0398486,5.9836326,7.22127,1377.88,53.43448,0.080078125,0.55294526,0.003295898,35,15,0.8445138,0.5152204,0.2612952,0.29266262,0.30983636,1.0089668,1.3528653,23.12902,19.438337,8.935363,15.036405,12.537265,13.8628645,15.852531,15.06638,25.966198,27.673883,16.01657,20.885681,18.583658,21.594936,20.805847,21.287912,19.162378,14.840965,14.582504,14.929947,15.284374,18.885963,16.9339,15.929031,16.439415,9.146961,9.347995,9.750839,11.237632,14.394249,16.064434,11.38203,15.318144,13.800115,9.721921,10.459875,12.08487,13.083232,14.252594,11.910718,18.595304,18.365099,14.990262,16.116428,16.564552,17.199165,19.360617,16.63254,0.76693344,1.9645354,6.6024513,0.6550515,29.117676,41.88861,29.088375,15.541684,21.646683,16.37429,12.340219,12.674393,17.31306,68.06
4446926.924,659329.7026,75.57303,0.8866985,0.64580476,24.531424,33.614513,28.912615,26.867428,23.73185,44.55334,38.732925,46.195824,55.141674,61.208023,31.599518,27.348974,24.880142,18.06449,15.428028,1.9533226,2.045335,6.0375905,7.215072,1377.83,51.123444,-0.16113281,0.5702462,-0.010009766,35,15,0.8445138,0.5152204,0.2612952,0.29266262,0.30983636,1.0089668,1.3528653,22.640121,17.647905,8.060752,14.036768,12.656756,14.846253,17.02669,14.512204,23.940584,26.65912,16.593302,21.03849,19.34549,20.401058,21.971056,21.036081,18.319717,17.133326,15.176498,16.13316,15.464898,17.923601,16.145216,16.398474,14.027578,10.354519,10.508816,10.744966,11.533093,13.236828,14.578376,11.566444,14.843538,11.660698,10.87079,12.370961,13.646828,12.125004,16.450811,12.621368,16.159973,16.626066,16.188723,16.482662,16.601755,15.251584,19.187273,16.283491,0.7662516,1.9993289,6.6263313,0.6550515,29.072968,41.643135,29.474247,15.273605,21.421299,16.613773,12.140596,13.138376,16.642576,68.06
4446926.924,659334.7026,71.36979,0.8679507,0.63843286,24.371199,33.659092,29.171068,26.87303,23.265291,44.01062,38.517323,45.180218,55.282322,62.48202,32.31505,27.614834,25.651295,18.003824,15.166236,2.0212057,2.0474625,6.0915723,7.2096148,1377.8,42.7943,-0.0390625,0.52683306,-0.004394531,35,15,0.8445138,0.5152204,0.2612952,0.29266262,0.30983636,1.0089668,1.3528653,22.640121,17.647905,8.060752,14.036768,12.656756,14.846253,17.02669,14.512204,23.940584,26.65912,16.593302,21.03849,19.34549,20.401058,21.971056,21.036081,18.319717,17.133326,15.176498,16.13316,15.464898,17.923601,16.145216,16.398474,14.027578,10.354519,10.508816,10.744966,11.533093,13.236828,14.578376,11.566444,14.843538,11.660698,10.87079,12.370961,13.646828,12.125004,16.450811,12.621368,16.159973,16.626066,16.188723,16.482662,16.601755,15.251584,19.187273,16.283491,0.75319177,2.0343342,6.6505938,0.6550515,29.015144,41.26397,29.964941,15.273605,21.421299,16.613773,12.140596,13.138376,16.642576,68.06
4446926.924,659339.7026,72.70315,0.8681183,0.64035773,24.593708,33.51504,29.13279,27.402582,23.91566,43.39286,38.55868,45.834377,54.567528,61.149105,32.92549,27.6684,25.029858,18.322344,15.731975,2.093516,2.067557,6.1829834,7.226178,1377.77,36.249798,-0.080078125,0.53314215,-0.004394531,35,15,0.8445138,0.5152204,0.2612952,0.29266262,0.30983636,1.0089668,1.3528653,22.123861,17.764048,7.689978,13.702301,12.711739,14.628597,15.459813,14.271527,24.217947,27.048843,16.43252,21.118597,18.506071,21.299623,22.38884,21.039427,19.24551,17.10694,13.731808,15.953506,15.34,17.11986,18.286352,16.159998,14.1137295,9.67479,9.17254,10.204478,10.270444,11.346593,15.657908,10.746177,16.850327,15.400699,11.291785,12.4716215,13.383156,14.355285,16.497564,13.73616,18.229582,17.754015,15.725034,16.11574,16.186914,16.745935,18.664095,16.724136,0.754238,2.0805366,6.704581,0.6550515,29.054375,40.97577,30.296946,14.868621,21.573208,16.683424,11.491498,14.321492,17.060186,68.06
4446926.924,659344.7026,71.253174,0.8530756,0.6419765,24.622572,33.01342,29.066334,27.598707,24.408916,42.814026,38.630432,45.743427,53.787693,59.52259,33.511517,27.784924,25.184393,18.957577,16.685673,2.1670194,2.0607119,6.2178674,7.219622,1377.75,30.459255,0.080078125,0.56531876,0.002197266,35,15,0.84318686,0.49456653,0.2667849,0.2784825,0.30901054,1.0118577,1.3423159,22.827644,17.976898,8.25972,13.939568,11.874677,14.43708,15.536708,14.486705,24.948154,27.609903,16.61776,20.936846,18.969831,21.545105,21.43283,21.318134,17.435091,17.964605,14.383924,15.1649885,16.001928,18.084866,17.77104,16.127382,12.3468075,10.059075,8.960675,10.200334,11.938741,11.038829,13.052944,10.612035,15.87796,17.542658,11.221089,11.860521,15.1074095,15.831586,17.941511,14.035416,17.78956,20.059633,15.142974,16.641598,16.541822,19.413422,17.817118,17.180872,0.74752605,2.1138656,6.7187448,0.6494579,28.817997,40.72223,30.64822,14.978899,21.722918,16.686634,11.085342,15.054677,17.629446,68.06
4446926.924,659349.7026,71.931946,0.866438,0.64679617,24.673082,32.877472,29.142576,27.623032,24.577877,42.265305,38.490177,45.625378,53.37343,59.279484,33.96091,27.934252,25.215994,19.34527,17.016848,2.2348986,2.064988,6.260518,7.212517,1377.72,29.0645,-0.080566406,0.58990794,-0.002197266,35,15,0.84318686,0.49456653,0.2667849,0.2784825,0.30901054,1.0118577,1.3423159,22.827644,17.976898,8.25972,13.939568,11.874677,14.43708,15.536708,14.486705,24.948154,27.609903,16.61776,20.936846,18.969831,21.545105,21.43283,21.318134,17.435091,17.964605,14.383924,15.1649885,16.001928,18.084866,17.77104,16.127382,12.3468075,10.059075,8.960675,10.200334,11.938741,11.038829,13.052944,10.612035,15.87796,17.542658,11.221089,11.860521,15.1074095,15.831586,17.941511,14.035416,17.78956,20.059633,15.142974,16.641598,16.541822,19.413422,17.817118,17.180872,0.75661707,2.1499434,6.7365174,0.6494579,28.775276,40.37774,30.947582,14.978899,21.722918,16.686634,11.085342,15.054677,17.629446,68.06
4446926.924,659354.7026,69.40596,0.9225353,0.6513471,25.065569,32.621307,31.130106,28.593334,25.298939,41.446842,38.008636,43.58522,50.085636,56.08788,34.353725,28.925903,25.270714,21.589317,18.799025,2.3258271,2.1122704,6.2699037,7.1701035,1377.7,25.905582,0.0390625,0.5570917,0,35,15,0.84318686,0.49456653,0.2667849,0.2784825,0.30901054,1.0118577,1.3423159,23.16964,17.07715,9.78449,13.242206,10.643475,15.58441,16.052544,14.563579,25.86333,27.355011,17.54829,20.677341,18.62011,22.677723,20.544203,21.640467,19.852985,18.43978,14.379887,14.647697,14.734718,19.650703,18.20393,16.48836,14.287239,10.434497,9.109746,9.334908,10.9925585,12.5716715,15.036678,10.827031,15.233851,16.958685,13.985705,11.9097395,13.788907,16.33105,16.528917,14.280372,18.674377,18.915705,15.736313,16.27393,16.898928,18.242603,18.938156,17.188593,0.7869412,2.2190487,6.7200036,0.6494579,28.843437,39.727737,31.639814,15.079131,21.898,17.129957,11.681044,14.962409,17.668573,68.06
4446926.924,659359.7026,71.33711,0.9353123,0.6538662,25.216208,32.513195,31.240196,28.605059,25.470627,40.94917,37.84028,43.35475,49.905487,55.91282,34.512974,29.07334,25.376219,21.745228,18.934977,2.3789623,2.1148572,6.310352,7.172666,1377.68,22.373924,0.000976563,0.5264047,0,35,15,0.84318686,0.49456653,0.2667849,0.2784825,0.30901054,1.0118577,1.3423159,23.187244,18.751175,10.300373,12.396998,11.035123,14.474398,15.165802,14.730382,26.743793,26.479132,16.878927,20.699142,18.394964,23.644314,20.631575,21.596659,19.781105,16.385593,13.992924,14.61796,14.514142,20.531273,18.189592,16.126661,14.32093,8.940856,9.2877035,8.609549,10.686909,13.128504,14.933479,10.5692835,17.074549,15.416678,13.204967,11.570001,13.562764,15.448677,17.56841,14.179553,17.162243,20.508215,15.878566,16.206459,15.97776,17.744572,18.919905,17.015915,0.7945892,2.2469096,6.741509,0.6494579,28.8647,39.394722,31.793156,15.044444,21.92455,16.858942,11.415419,14.83515,17.485388,68.06
4446926.924,659364.7026,71.66993,0.94624424,0.6537163,25.365776,32.38945,31.325405,28.604021,25.642809,40.556145,37.761227,43.163948,49.790955,55.7459,34.565647,29.18824,25.466713,21.848137,19.057882,2.4235644,2.1147802,6.3483405,7.1767178,1377.66,13.258871,-0.119628906,0.50010896,-0.00769043,35,15,0.84318686,0.49456653,0.2667849,0.2784825,0.30901054,1.0118577,1.3423159,23.187244,18.751175,10.300373,12.396998,11.035123,14.474398,15.165802,14.730382,26.743793,26.479132,16.878927,20.699142,18.394964,23.644314,20.631575,21.596659,19.781105,16.385593,13.992924,14.61796,14.514142,20.531273,18.189592,16.126661,14.32093,8.940856,9.2877035,8.609549,10.686909,13.128504,14.933479,10.5692835,17.074549,15.416678,13.204967,11.570001,13.562764,15.448677,17.56841,14.179553,17.162243,20.508215,15.878566,16.206459,15.97776,17.744572,18.919905,17.015915,0.7999803,2.2691722,6.7625294,0.6494579,28.877613,39.158684,31.876944,15.044444,21.92455,16.858942,11.415419,14.83515,17.485388,68.06
4446926.924,659369.7026,77.9419,0.958035,0.65024984,25.399399,31.955198,31.725695,29.070173,26.543442,40.233356,37.831234,42.122807,48.357117,53.933575,34.56067,29.443647,26.12066,22.787281,19.621346,2.469694,2.1125636,6.427339,7.1875887,1377.66,1.7382718,0.000488281,0.47265917,-0.001098633,35,15,0.84318686,0.49456653,0.2667849,0.2784825,0.30901054,1.0118577,1.3423159,23.171097,18.006033,8.820712,12.168105,13.599116,17.817541,14.87569,14.775207,26.727732,26.579048,16.069632,20.578112,20.33554,21.907545,20.062418,21.453901,19.66737,17.26726,13.363917,13.928848,15.780716,16.84333,15.346915,15.6633005,13.479134,10.357825,8.841667,8.226666,12.423146,14.826906,12.400269,10.730945,16.643497,14.834244,11.58476,12.724525,16.02693,17.768684,11.689117,14.142634,17.776299,18.584715,15.911372,17.383368,16.863579,17.421312,17.088964,17.091005,0.8041424,2.2911286,6.8074636,0.6494579,28.6773,39.032295,32.00216,15.494042,21.751432,16.028337,11.507944,14.467394,17.289944,68.06
4446926.924,659374.7026,82.06116,0.96497595,0.64408714,25.518839,31.789015,31.771921,29.031923,26.705687,40.10307,38.01143,42.014465,48.36326,53.79569,34.448433,29.505545,26.170742,22.839584,19.706928,2.4973087,2.1050928,6.455685,7.198367,1377.66,350.82346,-0.03955078,0.44952053,-0.004394531,35,15,0.8398359,0.49938536,0.26927346,0.28363553,0.31009418,1.0171878,1.3903697,23.252625,17.455017,9.061646,12.4075985,14.431728,15.123186,14.991325,14.709592,25.668283,26.477179,16.06716,21.533476,20.030432,22.692734,20.084372,21.490303,19.807909,15.605239,14.468205,15.541186,15.823331,18.516567,16.042526,16.237082,12.02474,8.565074,9.416058,9.341299,11.594986,13.502367,13.16681,10.426367,16.042938,15.617677,12.576556,13.041011,13.462077,17.303873,12.648628,14.094303,18.076471,14.908371,16.060465,17.778765,16.71508,17.470716,15.870372,16.613966,0.8045316,2.3012009,6.8270264,0.6585403,28.653927,39.05725,31.97699,15.2461605,21.793377,16.543566,11.087333,14.38468,16.697176,68.06
4446926.924,659379.7026,75.68973,0.96663547,0.6351586,25.628414,31.372229,31.591509,28.219496,26.414694,40.102856,38.52683,42.32235,49.594696,54.878525,34.266148,29.321508,26.036926,22.358198,19.177862,2.5112283,2.0870492,6.462545,7.2026052,1377.67,345.04535,-0.03955078,0.44448447,-0.001098633,35,15,0.8398359,0.49938536,0.26927346,0.28363553,0.31009418,1.0171878,1.3903697,23.252625,17.455017,9.061646,12.4075985,14.431728,15.123186,14.991325,14.709592,25.668283,26.477179,16.06716,21.533476,20.030432,22.692734,20.084372,21.490303,19.807909,15.605239,14.468205,15.541186,15.823331,18.516567,16.042526,16.237082,12.02474,8.565074,9.416058,9.341299,11.594986,13.502367,13.16681,10.426367,16.042938,15.617677,12.576556,13.041011,13.462077,17.303873,12.648628,14.094303,18.076471,14.908371,16.060465,17.778765,16.71508,17.470716,15.870372,16.613966,0.800897,2.2991388,6.832575,0.6585403,28.50032,39.314842,31.793827,15.2461605,21.793377,16.543566,11.087333,14.38468,16.697176,68.06
4446926.924,659384.7026,91.019035,0.9779657,0.63011277,25.67585,31.217577,31.46493,27.350742,25.726402,40.19536,38.82437,42.989334,49.87284,55.703114,34.01524,29.49482,25.509188,22.744513,19.43908,2.5295005,2.0895782,6.4756403,7.2117467,1377.68,337.25522,-0.07910156,0.48118487,-0.005493164,35,15,0.8398359,0.49938536,0.26927346,0.28363553,0.31009418,1.0171878,1.3903697,23.275738,17.543058,8.770706,14.736343,13.691528,14.97128,13.397426,15.102038,25.796452,26.436531,16.20083,20.582304,17.643518,22.288977,20.892614,21.084002,19.761734,15.479244,13.34832,14.723317,16.343218,15.602337,19.457798,15.631803,13.317408,8.021162,8.333819,9.584902,10.742526,10.651699,14.779373,10.07049,15.478239,11.947628,12.614349,13.687909,11.9090605,15.678701,16.27344,13.618171,19.152323,15.348483,15.829774,17.114672,15.845202,18.308846,18.270777,16.900307,0.80403924,2.3095393,6.8436937,0.6585403,28.446712,39.509865,31.75503,15.198011,21.405888,16.387995,10.775842,13.941332,17.124296,68.06
4446926.924,659389.7026,86.77976,0.9755993,0.6262399,25.546509,30.921118,32.2308,27.035088,25.613123,40.42013,39.3956,41.566498,50.223083,56.642727,33.7399,29.470095,26.217577,22.687122,18.938776,2.525156,2.079614,6.4796705,7.222363,1377.71,321.12344,0.07910156,0.5702462,0.001098633,35,15,0.8398359,0.49938536,0.26927346,0.28363553,0.31009418,1.0171878,1.3903697,22.498852,18.443384,8.169074,14.9110775,11.86369,19.064796,14.673557,15.059802,24.77428,26.527214,16.961443,21.454138,19.852842,21.213013,19.901337,21.338354,20.379646,16.197626,15.588004,15.303798,16.02932,18.535196,17.63526,16.713478,13.222235,8.317613,10.123023,10.539522,11.846234,11.545906,14.929729,10.956345,17.153013,14.953073,13.270512,14.501366,14.094279,14.318109,17.942045,14.72437,19.309517,18.224234,16.569511,17.105228,17.54671,17.078424,18.388311,17.486254,0.8009196,2.3023849,6.851017,0.6585403,28.233814,39.907867,31.604996,15.660634,21.526323,17.095549,11.503466,15.176057,17.74599,68.06
4446926.924,659394.7026,70.405334,0.97127086,0.62139916,25.550125,30.665852,32.246487,27.038689,25.682108,40.673706,39.961067,41.772934,50.13324,56.650307,33.461044,29.377382,26.037409,22.810743,18.908371,2.5091486,2.0657349,6.4825473,7.233015,1377.74,311.30573,-0.12011719,0.6293719,-0.004394531,35,15,0.8398359,0.49938536,0.26927346,0.28363553,0.31009418,1.0171878,1.3903697,22.498852,18.443384,8.169074,14.9110775,11.86369,19.064796,14.673557,15.059802,24.77428,26.527214,16.961443,21.454138,19.852842,21.213013,19.901337,21.338354,20.379646,16.197626,15.588004,15.303798,16.02932,18.535196,17.63526,16.713478,13.222235,8.317613,10.123023,10.539522,11.846234,11.545906,14.929729,10.956345,17.153013,14.953073,13.270512,14.501366,14.094279,14.318109,17.942045,14.72437,19.309517,18.224234,16.569511,17.105228,17.54671,17.078424,18.388311,17.486254,0.796335,2.2874417,6.8577814,0.6585403,28.107988,40.317387,31.419212,15.660634,21.526323,17.095549,11.503466,15.176057,17.74599,68.06
4446926.924,659399.7026,69.61601,0.9839001,0.63844705,25.538494,30.042212,32.44923,27.264189,26.068882,40.91931,40.577717,41.625656,49.53974,56.27452,33.18344,29.343378,26.018549,23.202723,18.783937,2.500019,2.0541465,6.532126,7.2621574,1377.79,307.63904,0.08105469,0.6330336,0.003417969,35,15,0.8398359,0.49938536,0.26927346,0.28363553,0.31009418,1.0171878,1.3903697,22.399675,17.312828,9.075177,13.86751,9.7469,19.612934,15.528424,14.642567,24.628984,25.25001,16.76906,20.770807,18.854471,22.472198,20.416258,20.99291,20.033869,16.645613,15.585313,16.189737,17.796515,18.129082,19.184458,17.184076,13.939411,9.423393,10.439158,10.378366,11.540179,12.232286,17.005693,11.284059,14.38016,12.600956,11.026851,12.274159,12.494945,17.240597,16.530073,12.864057,18.787115,17.636465,16.374344,17.954763,17.168709,17.05817,18.969988,17.477037,0.81117356,2.277083,6.8971415,0.6585403,27.790352,40.748512,31.263409,15.363351,21.308826,17.652082,12.136927,13.792535,17.707079,68.06
4446926.924,659404.7026,70.8574,0.9828762,0.6443833,25.489012,29.85377,32.443386,27.171947,26.042542,41.17151,41.00796,41.78835,49.557774,56.347027,32.97758,29.24851,25.886808,23.327112,18.723587,2.4811993,2.0457566,6.5425763,7.2742333,1377.83,303.6766,-0.041015625,0.61960226,-0.001098633,35,15,0.8307054,0.4960031,0.26800492,0.28076446,0.30911475,1.0059403,1.3839189,22.999928,17.285294,8.967032,11.606999,9.674383,19.905846,15.866989,14.258068,24.208393,26.089106,16.882444,20.168507,19.061678,23.363813,20.363245,21.030767,17.684849,17.200525,15.906461,15.3455305,16.930506,17.082787,19.679361,16.576763,13.3166895,11.0535,11.455299,10.089966,11.568255,13.939851,15.235649,11.723793,15.653107,13.364633,10.32931,10.930758,13.272728,18.657757,16.402258,12.932733,17.495346,18.549986,16.018677,17.9176,16.073294,18.281422,18.79322,17.244284,0.81362975,2.2634778,6.908405,0.6534931,27.67139,41.089737,31.113045,15.186639,21.44817,17.118574,12.379888,14.087222,17.589937,68.06
4446926.924,659409.7026,84.14029,0.9909996,0.6546082,25.725899,29.917791,32.553654,27.232819,25.858334,41.40599,41.114918,41.681805,49.606064,56.501656,32.82626,29.325247,25.899897,23.314367,18.601107,2.4530056,2.0462136,6.5345507,7.2754297,1377.88,296.55106,0.040039062,0.640716,0.001098633,35,15,0.8307054,0.4960031,0.26800492,0.28076446,0.30911475,1.0059403,1.3839189,22.999928,17.285294,8.967032,11.606999,9.674383,19.905846,15.866989,14.258068,24.208393,26.089106,16.882444,20.168507,19.061678,23.363813,20.363245,21.030767,17.684849,17.200525,15.906461,15.3455305,16.930506,17.082787,19.679361,16.576763,13.3166895,11.0535,11.455299,10.089966,11.568255,13.939851,15.235649,11.723793,15.653107,13.364633,10.32931,10.930758,13.272728,18.657757,16.402258,12.932733,17.495346,18.549986,16.018677,17.9176,16.073294,18.281422,18.79322,17.244284,0.82280385,2.2496095,6.90499,0.6534931,27.821846,41.260452,31.075752,15.186639,21.44817,17.118574,12.379888,14.087222,17.589937,68.06
4446926.924,659414.7026,81.99599,0.9728358,0.65928876,25.399952,29.711437,32.060944,26.805387,26.475008,41.84468,41.653526,43.02762,51.18954,56.689415,32.468403,28.705097,25.102537,22.243208,17.279394,2.4247077,2.044633,6.529492,7.2918797,1377.93,293.19458,0.000976563,0.6543576,0,35,15,0.8307054,0.4960031,0.26800492,0.28076446,0.30911475,1.0059403,1.3839189,23.06893,19.967855,10.805266,15.586179,16.20112,19.54964,16.582914,16.766603,24.4726,26.331718,17.590158,21.818645,19.734198,22.941612,20.165613,21.62706,18.691338,17.09229,14.397349,14.606245,16.272272,16.140285,18.832499,15.952832,14.245225,13.370736,12.710682,12.169429,13.998105,14.165844,16.178562,13.319366,16.084795,13.869382,9.35719,13.453573,10.573408,14.60495,16.62475,12.684241,18.615137,18.133486,15.945125,18.716223,16.336885,18.182877,19.720785,17.598837,0.8160623,2.2346702,6.9106855,0.6534931,27.555695,41.749104,30.58675,17.394558,21.864935,16.57604,13.834083,13.509721,17.950075,68.06
4446926.924,659419.7026,86.82909,0.9618264,0.66808546,25.202866,29.68557,32.06286,26.887985,26.320847,42.358322,41.96973,43.55569,51.419296,56.96724,32.09742,28.261845,24.572468,21.94529,17.043375,2.381882,2.0507188,6.5560627,7.3157506,1377.98,292.2521,-0.080566406,0.6810338,-0.004516602,35,15,0.8307054,0.4960031,0.26800492,0.28076446,0.30911475,1.0059403,1.3839189,23.228489,20.058847,10.958318,15.825287,16.223726,19.745657,16.669016,16.913137,26.838024,28.658188,18.313046,23.230513,21.00622,24.914574,21.579071,23.196157,18.187946,16.720919,14.103389,14.318705,15.776898,16.296326,18.628696,15.616341,13.67714,12.989677,12.61349,12.45071,13.075643,13.767664,15.667564,13.028836,15.563716,13.015762,9.265006,13.112799,9.96069,14.4643955,16.013395,12.271213,17.674437,17.198936,15.58839,18.192638,15.80193,17.655346,18.790804,16.977976,0.81495595,2.2163005,6.9359064,0.6534931,27.444218,42.164024,30.179632,17.529905,23.505663,16.290411,13.463127,13.056539,17.271784,68.06
4446926.924,659424.7026,80.36891,0.95997596,0.6852564,25.082085,29.744436,31.973837,26.716705,26.033468,43.08048,42.272564,43.95245,51.715042,57.329445,31.658625,27.811277,24.311094,21.823092,16.856161,2.3291142,2.0538802,6.5679607,7.331451,1378.04,288.45142,-0.03955078,0.7700791,-0.004394531,35,15,0.8307054,0.4960031,0.26800492,0.28076446,0.30911475,1.0059403,1.3839189,23.111643,20.597834,11.983451,15.127226,16.096937,16.40499,16.6915,16.768436,26.096968,28.573248,18.078264,22.537388,21.085876,22.730425,22.299082,22.811928,17.967018,16.414177,13.628978,13.749681,15.030781,19.846642,18.134047,15.621358,14.747099,11.78532,11.667762,11.505837,12.121349,14.826257,16.073534,12.57695,16.628666,9.592556,8.345237,8.867444,8.118771,14.066345,16.772203,10.727492,17.206867,14.596383,15.817557,16.314512,14.059466,15.580703,18.504705,15.86266,0.8226162,2.1914973,6.949706,0.6534931,27.413261,42.67652,29.734951,17.144796,23.057323,16.395903,13.246737,11.770174,16.011456,68.06
4446926.924,659429.7026,73.26132,0.96602345,0.6969523,24.78899,29.585363,31.783134,26.606026,25.92996,43.994137,42.739822,44.745216,51.85932,57.357895,31.047272,27.302504,23.793463,21.739212,16.646898,2.2920303,2.0604167,6.6005974,7.354865,1378.11,285.95035,-0.000488281,0.83410627,0,35,15,0.8307054,0.4960031,0.26800492,0.28076446,0.30911475,1.0059403,1.3839189,23.872854,20.31637,12.134381,17.356615,16.19165,16.386723,16.366465,17.288933,27.80919,29.786646,18.168777,22.973066,21.267065,21.384125,22.508951,23.306574,20.286064,18.22917,12.85508,15.395334,16.09992,17.010708,19.052378,16.23514,16.84324,12.800854,12.468674,12.189886,14.817654,14.03345,15.790074,13.683334,18.766708,12.503001,13.081471,12.459272,14.684291,14.05433,16.658188,14.095498,19.697533,16.384151,16.570074,17.12975,19.268173,16.021503,15.916328,17.30594,0.8314879,2.1762235,6.977731,0.6534931,27.187176,43.36698,29.174889,17.517864,23.413977,16.989809,14.134834,14.601037,17.28393,68.06
4446926.924,659434.7026,63.00123,0.98446316,0.72228456,24.727829,29.69091,31.602415,26.106903,25.696945,45.140038,43.16278,45.171806,51.94117,57.705746,30.422634,26.884624,23.622402,22.101807,16.377962,2.2537286,2.0548131,6.6100817,7.3684554,1378.18,282.60834,-0.07910156,0.9835665,-0.010009766,35,15,0.847835,0.4978532,0.26837814,0.29468167,0.30947348,1.0130786,1.3442968,23.872854,20.31637,12.134381,17.356615,16.19165,16.386723,16.37089,17.288933,27.80919,29.786646,18.168777,22.973066,21.267065,21.384125,22.508951,23.306574,20.056252,17.910782,12.842961,15.260709,15.985713,16.845453,18.446495,16.084648,16.614576,12.725141,12.38572,12.109829,14.737113,13.954117,15.62329,13.578507,17.207743,11.179212,11.898587,11.361725,13.0219965,12.366823,14.991965,12.7235565,20.05968,16.384151,16.570074,17.12975,19.268173,16.383652,16.111914,17.396475,0.8533739,2.154271,6.9892683,0.65365666,27.20937,44.15141,28.65363,17.518497,23.413977,16.764051,14.021399,13.146865,17.415342,68.06
4446926.924,659439.7026,64.64446,1.00959,0.74760675,24.559809,29.634806,31.282967,26.129044,25.651297,46.3339,43.750423,45.846073,52.19518,57.913395,29.705349,26.419146,23.288357,21.808153,16.235662,2.2236588,2.0422416,6.635259,7.3908935,1378.27,279.58456,-0.16015625,1.1182668,-0.0078125,35,15,0.847835,0.4978532,0.26837814,0.29468167,0.30947348,1.0130786,1.3442968,23.851507,21.55887,12.295062,17.332401,13.656297,16.357029,15.877303,17.155712,25.87059,29.055178,18.545145,22.32418,20.325626,20.378445,21.431887,22.571398,17.422064,15.446304,13.836238,13.064868,13.466283,15.032282,15.2922945,14.551229,17.866112,14.3879,14.005542,12.937479,14.52399,14.872181,16.932714,14.656517,18.303926,18.185312,18.342001,17.670736,16.238033,16.024944,16.742971,17.660837,18.288784,14.570912,14.777671,13.7295885,15.924491,14.409685,15.99072,15.119122,0.8785984,2.1329503,7.0130763,0.65365666,27.097307,45.04216,28.062248,17.275496,22.561579,14.794334,15.075131,17.358274,15.38455,68.06
4446926.924,659444.7026,66.12986,1.0397364,0.7684121,24.111427,29.5018,30.580395,25.898367,25.591187,47.568558,44.43857,47.202843,53.226555,58.681843,28.977856,25.850544,22.690708,21.016142,15.630711,2.205376,2.028773,6.6821847,7.43077,1378.37,279.35602,-0.040039062,1.1463972,-0.006713867,35,15,0.847835,0.4978532,0.26837814,0.29468167,0.30947348,1.0130786,1.3442968,23.533924,21.470673,11.881305,16.574272,14.490143,19.87764,16.550032,17.32458,26.439812,28.75472,16.514208,21.370869,19.704933,23.56032,21.570854,22.18042,19.222668,15.809391,14.018331,13.6792755,15.176048,17.955582,15.840439,15.595909,15.652418,12.476632,12.024604,12.460638,13.416898,14.887228,17.105871,13.331122,15.299944,16.942398,16.852682,17.202272,15.202221,16.897762,17.341494,16.557068,17.261631,14.947853,14.770374,15.829585,17.602758,17.259388,19.03469,16.257566,0.90407425,2.1170745,7.0564775,0.65365666,26.806614,46.003563,27.4142,17.768284,22.559387,15.957391,14.003471,16.53411,16.672325,68.06
4446926.924,659449.7026,65.31965,1.0731494,0.7853751,23.95284,29.541307,30.132406,25.901009,26.189007,48.780003,44.93567,47.618443,53.632603,58.183937,28.423948,25.466906,22.692242,20.609663,15.686967,2.1671255,2.0091236,6.7319617,7.4750915,1378.47,279.04935,-0.16015625,1.2760131,-0.011108398,35,15,0.847835,0.4978532,0.26837814,0.29468167,0.30947348,1.0130786,1.3442968,22.14697,20.922995,11.683848,16.2235,14.154259,18.89561,16.031693,16.750387,26.643381,28.958288,16.71778,21.574436,19.908503,23.76389,21.774424,22.383993,19.237963,15.809391,14.018331,13.6792755,15.176048,18.053661,15.846087,15.606631,16.250118,12.59977,12.155495,12.595222,13.554345,15.328129,17.270432,13.56714,15.630455,17.013521,16.918879,17.266603,15.352275,17.081846,17.49977,16.697554,16.061655,14.545405,14.472117,15.505636,17.013014,16.16849,18.86197,15.693356,0.9292623,2.0881245,7.1035266,0.65365666,26.747074,46.857834,26.945427,17.151266,22.762959,15.974394,14.250502,16.680477,16.089756,68.06
4446926.924,659454.7026,62.03529,1.0927333,0.79713166,23.770752,29.493874,29.466967,26.163332,26.71558,49.72178,45.223766,48.219627,53.901405,58.159416,27.931746,25.270767,22.6527,20.07113,15.590931,2.137912,1.9863534,6.769958,7.503864,1378.59,278.89993,0.079589844,1.2034893,0.005493164,35,15,0.847835,0.4978532,0.26837814,0.29468167,0.30947348,1.0130786,1.3442968,24.750515,20.268333,10.691041,15.665092,14.329688,19.185806,16.982912,16.895212,26.060707,26.860678,16.298792,20.126957,18.657228,20.943825,18.644617,21.00186,21.19221,19.256922,16.818754,17.339073,17.975992,21.535675,19.798073,18.686197,16.717457,14.096929,12.652341,13.607992,13.624743,14.803816,17.306852,14.206172,16.740025,16.422249,17.021578,16.067991,15.915013,15.250313,19.210917,16.512669,15.659049,17.284239,15.500691,18.184906,17.083237,13.319927,15.939537,16.457651,0.94493246,2.0621328,7.136911,0.65365666,26.632313,47.47277,26.601257,17.410484,21.084686,19.130955,14.687161,16.661156,16.138798,68.06
4446926.924,659459.7026,59.331276,1.0945306,0.7972692,23.490103,29.737455,28.753988,26.186687,26.787142,50.405483,45.189014,48.582497,54.472374,59.565605,27.57409,25.16512,23.013706,19.489075,14.803026,2.106141,1.9672327,6.7635922,7.5157733,1378.68,275.46204,-0.07910156,1.0506228,-0.003295898,35,15,0.847835,0.4978532,0.26837814,0.29468167,0.30947348,1.0130786,1.3442968,23.381994,20.341822,9.7544985,15.909121,12.281781,20.73669,15.813334,16.237486,26.186222,26.064074,16.180717,20.004406,18.208008,19.461779,18.898285,20.685823,20.24293,15.4701805,14.545326,14.5583315,14.956996,15.468149,15.561704,15.683652,19.65568,16.946558,14.784278,15.443792,15.809673,15.990378,18.248785,16.339071,20.228493,20.163963,17.76264,17.263222,18.251007,16.486912,20.240593,18.43215,16.535421,16.882751,16.599585,18.43089,16.937265,14.5917,15.212932,16.883665,0.9458999,2.036687,7.139683,0.65365666,26.61378,47.79725,26.369604,16.888464,20.714785,15.829088,16.697021,18.628117,16.455791,68.06
4446926.924,659464.7026,53.937485,1.0740777,0.7795754,23.571945,29.99703,28.145489,26.412172,26.802889,50.75834,44.900536,49.21517,55.029213,60.59133,27.38237,25.222097,22.970701,18.733747,14.497009,2.069173,1.9508739,6.772405,7.5158315,1378.78,269.1067,0.24023438,0.93077296,0.012207031,35,15,0.8368535,0.5023078,0.2701696,0.30273274,0.3093729,1.0120912,1.3429214,23.541365,20.336773,9.74945,15.903063,12.276733,20.732904,15.81081,16.259947,26.180626,26.064074,16.180717,20.004406,18.208008,19.473257,18.898285,20.685848,20.24293,15.4701805,14.545326,14.531982,14.956996,15.468149,15.561704,15.678163,19.650194,16.946558,14.784278,15.443792,15.809673,15.990378,18.24147,16.338158,20.179081,20.11975,17.718422,17.21847,18.206793,16.433681,20.193665,18.385979,16.535421,16.882751,16.599585,18.43089,16.937265,14.5917,15.212932,16.883665,0.9268266,2.0100236,7.1441183,0.65377843,26.784489,47.829437,26.302235,16.907299,20.715624,15.825324,16.695192,18.581408,16.455791,68.06
4446926.924,659469.7026,53.607464,1.0456614,0.75569475,23.474024,30.268106,27.581528,26.521666,27.011778,50.93669,44.43353,49.658455,55.30813,60.620483,27.317099,25.255215,23.006884,18.329786,14.449977,2.0308013,1.9374307,6.770306,7.5126767,1378.84,268.8297,-0.080566406,0.70197064,0.001098633,35,15,0.8368535,0.5023078,0.2701696,0.30273274,0.3093729,1.0120912,1.3429214,23.13109,20.136215,9.949292,15.918779,11.584834,20.331314,14.929666,16.111965,25.12904,25.314676,16.463984,19.766582,18.176826,20.05708,19.34562,20.565744,20.540297,16.138983,15.150761,13.903109,15.828633,17.218113,15.713412,16.126455,19.75977,16.331675,15.066592,13.749458,15.196537,15.080497,18.62546,15.854583,19.341003,17.506252,18.026606,17.292858,15.218338,16.625507,20.10295,17.642385,17.198462,17.04245,17.858961,16.176846,18.893064,14.033049,14.166154,16.88667,0.9006781,1.9841161,7.1414914,0.65377843,26.871065,47.685112,26.286156,16.56874,20.607687,16.356186,16.25857,17.730501,16.481283,68.06
4446926.924,659474.7026,56.276413,1.0113938,0.7405612,23.357262,30.489206,27.246122,26.71281,27.164911,50.997967,44.103207,50.128704,55.411316,60.339993,27.281384,25.183315,22.652384,17.994078,14.483321,1.9848151,1.9210169,6.7750435,7.516104,1378.9,274.62125,0.12060547,0.53169227,0.006713867,35,15,0.8368535,0.5023078,0.2701696,0.30273274,0.3093729,1.0120912,1.3429214,23.529274,20.146677,11.765087,16.916508,12.253552,15.676018,16.277048,16.59708,23.280727,25.479416,16.301853,20.7981,19.106947,19.903988,18.584433,20.449966,17.792486,16.174973,13.284499,13.198794,16.196404,16.293753,15.108445,15.012544,19.815447,16.035973,13.46711,14.276497,15.27739,16.421038,16.4216,15.631008,18.277506,17.489677,17.091953,18.861568,15.652603,15.436422,18.966377,17.476599,16.429134,15.930061,13.872226,14.430151,17.62348,16.181461,13.896961,15.266881,0.8759775,1.952916,7.1455736,0.65377843,26.923233,47.550587,26.23235,16.652023,20.493637,15.435622,15.959292,17.396587,15.480497,68.06
4446926.924,659479.7026,59.93166,0.9778428,0.7175259,23.28635,30.715866,26.885313,26.618109,26.868723,50.937347,43.73402,50.366867,55.615738,60.476707,27.374817,25.170475,22.709263,17.86827,14.482323,1.9404837,1.9036117,6.760075,7.5101314,1378.94,282.2319,0.15917969,0.3367133,0.010009766,35,15,0.8368535,0.5023078,0.2701696,0.30273274,0.3093729,1.0120912,1.3429214,23.56028,20.34791,11.808804,16.951824,12.304469,15.687956,16.394257,16.665295,23.507488,25.54716,16.355103,20.85135,19.189188,20.070967,18.864452,20.547047,17.772593,16.174973,13.284499,13.220467,16.196404,16.293753,15.095932,15.013743,19.815653,16.041601,13.46711,14.276497,15.27794,16.421864,16.4216,15.631883,18.272543,17.489677,15.983369,18.196417,14.913547,14.88213,18.596848,16.92148,16.424665,15.930061,13.872226,14.427808,17.62348,16.1756,13.893055,15.265161,0.8476844,1.9220476,7.135103,0.65377843,27.001108,47.335686,26.272646,16.722214,20.62653,15.434089,15.960322,16.904934,15.4781275,68.06
4446926.924,659484.7026,61.6176,0.94904906,0.6962847,23.084438,31.032503,26.535492,26.242935,26.381517,50.788597,43.447563,50.74673,56.02052,60.9208,27.483608,25.09936,22.568258,17.850048,14.1816225,1.9030371,1.8853111,6.7488627,7.507131,1378.95,308.65128,-0.080078125,0.18336874,-0.002197266,35,15,0.8368535,0.5023078,0.2701696,0.30273274,0.3093729,1.0120912,1.3429214,23.975958,21.508032,12.631199,17.602903,13.90064,16.49128,15.65372,17.435278,24.711754,26.372274,16.53604,21.371542,19.471434,20.456324,18.791807,21.084219,18.340584,16.493189,13.809392,14.151888,15.380481,15.360278,16.189392,15.297063,18.304996,17.431082,14.366138,15.095421,16.514784,15.796764,15.377503,16.055042,18.143654,17.566803,16.963514,17.502777,17.91799,15.873128,17.181702,17.411062,15.576636,16.71109,15.046487,15.506262,16.42653,13.065133,12.800144,15.241153,0.8226669,1.8941741,7.127997,0.65377843,27.058472,47.11808,26.291485,17.39482,21.101597,15.675028,16.126669,17.307081,15.018897,68.06
4446926.924,659489.7026,56.06598,0.9274509,0.6834261,23.196882,31.03326,26.122469,25.930975,25.533226,50.522495,43.31561,51.42003,56.771908,61.728085,27.511047,24.991377,22.148472,17.45177,14.010767,1.8850441,1.8713313,6.6932836,7.498638,1378.96,327.5288,-0.040039062,0.18694311,-0.004394531,35,15,0.8368535,0.5023078,0.2701696,0.30273274,0.3093729,1.0120912,1.3429214,23.914255,21.662043,14.190494,18.22701,13.953163,16.65291,15.499835,18.088734,23.974182,26.995491,17.015724,21.320618,19.002605,19.772972,18.553932,21.002129,17.415873,17.6276,13.70515,14.382144,14.304858,17.419975,16.54056,15.439071,17.459026,16.92948,14.135104,15.101293,15.519147,17.40102,15.565639,15.828885,19.014158,18.295843,16.874409,17.513952,16.414583,17.782019,17.490425,17.65003,16.525959,16.166368,13.6986,15.436139,13.21713,18.880108,15.314236,15.41236,0.8054385,1.8781877,7.0959606,0.65377843,27.11507,46.919052,26.251213,17.728529,20.947933,15.913736,16.015816,17.626484,15.605506,68.06
4446926.924,659494.7026,55.8729,0.91404,0.6794016,23.301533,30.883924,25.838806,25.969107,24.70474,50.280624,43.23327,51.50459,56.579384,61.694344,27.639978,24.88581,22.290964,17.532146,14.621468,1.8757155,1.8619465,6.656346,7.488444,1378.97,333.43494,-0.040039062,0.19236283,-0.001098633,35,15,0.8494065,0.5005583,0.24231151,0.2847708,0.3079677,1.006722,1.3416165,23.947515,21.662043,14.190494,18.22701,13.965858,16.65291,15.56788,18.095865,23.70253,26.633291,16.982283,21.021845,18.613653,19.39317,18.540556,20.760704,17.437107,17.645119,13.700358,14.3788395,14.292629,17.452366,16.558077,15.445435,17.41491,16.90677,14.058273,15.034755,15.388542,17.40102,15.522873,15.7692995,19.07422,18.238504,16.76294,17.391489,16.379503,17.820768,17.501848,17.601568,21.185303,19.973347,15.141033,16.833235,14.665544,23.560318,20.45501,18.175997,0.7967208,1.8688309,7.072395,0.6476219,27.092728,46.756947,26.262894,17.744816,20.69819,15.923499,15.96102,17.59561,18.83054,68.06
4446926.924,659499.7026,55.91994,0.90499526,0.67442316,23.241486,31.082655,25.598034,25.72169,23.957375,50.097225,43.238697,51.438324,56.314323,61.914616,27.673698,24.709246,22.693495,18.013077,14.653389,1.8828037,1.8573333,6.6253433,7.482664,1378.98,341.56506,0.080078125,0.1813615,0.002197266,35,15,0.8494065,0.5005583,0.24231151,0.2847708,0.3079677,1.006722,1.3416165,23.888277,20.872808,12.728409,17.790377,15.712913,16.00173,12.58534,17.587326,23.578331,26.3785,16.708887,20.35247,18.059904,19.509783,18.870323,20.521194,16.8541,15.036742,13.857761,14.22632,14.674712,17.322136,16.461107,14.981973,16.454336,15.548027,14.538356,13.83172,15.794223,14.78594,17.097765,15.047225,17.602358,16.693125,16.711092,16.771572,16.125856,14.889641,16.862597,16.808657,17.55318,14.987512,15.802648,14.086169,17.650486,23.052254,20.00627,16.435688,0.7897092,1.8700686,7.0540037,0.6476219,27.162071,46.66796,26.191471,17.082836,20.494028,15.490411,15.435767,16.52232,17.591217,68.06
4446926.924,659504.7026,55.74577,0.8961792,0.6856623,23.25364,30.807331,25.343658,26.101152,23.321627,50.20476,43.542526,51.4642,55.972797,61.971466,27.546051,24.434614,23.051327,17.873867,14.936482,1.8845708,1.8577076,6.6096125,7.4786386,1378.98,325.30484,-0.12011719,0.22670145,-0.006713867,35,15,0.8494065,0.5005583,0.24231151,0.2847708,0.3079677,1.006722,1.3416165,23.281315,20.999388,13.352935,16.931973,14.437856,17.334473,13.856407,17.430964,24.55375,25.906744,16.378622,20.102665,19.392786,20.103912,19.382128,20.706305,17.064259,14.7042055,14.277355,14.275034,14.955266,16.587889,16.435986,15.064362,16.615223,15.044763,14.461232,13.58282,15.882953,14.722808,17.458817,14.945827,16.905205,16.512682,16.39742,16.86738,15.348609,15.781694,18.303343,16.588634,18.353706,14.938943,16.161953,17.32417,17.637768,17.35852,20.007492,16.85138,0.79092073,1.8711393,7.0441256,0.6476219,27.030485,46.873642,25.990334,17.170622,20.831516,15.471429,15.395516,16.588047,17.397507,68.06
4446926.924,659509.7026,57.148735,0.8821802,0.6822723,23.097612,30.837055,25.288431,26.150438,22.731161,50.533413,44.000477,51.51559,55.396015,62.17535,27.27387,24.04191,23.02852,18.353266,14.965699,1.8842052,1.863035,6.5630403,7.4636145,1379,315,0,0.30415064,-0.001098633,35,15,0.8494065,0.5005583,0.24231151,0.2847708,0.3079677,1.006722,1.3416165,23.281315,20.999388,13.352935,16.931973,14.437856,17.334473,13.856407,17.430964,24.55375,25.906744,16.378622,20.102665,19.392786,20.103912,19.382128,20.706305,17.064259,14.7042055,14.277355,14.275034,14.955266,16.587889,16.435986,15.064362,16.615223,15.044763,14.461232,13.58282,15.882953,14.722808,17.458817,14.945827,16.905205,16.512682,16.39742,16.86738,15.348609,15.781694,18.303343,16.588634,18.353706,14.938943,16.161953,17.32417,17.637768,17.35852,20.007492,16.85138,0.78222626,1.87362,7.0133276,0.6476219,26.967335,47.266945,25.65789,17.170622,20.831516,15.471429,15.395516,16.588047,17.397507,68.06
4446926.924,659514.7026,53.20385,0.8695897,0.6837732,23.137173,30.724075,25.224667,26.200974,22.254856,51.040844,44.714066,51.74952,55.374165,62.402035,26.862906,23.637068,22.912226,18.330843,15.140561,1.8826494,1.867737,6.5175023,7.4545603,1379.02,315,0,0.32442692,0,35,15,0.8494065,0.5005583,0.24231151,0.2847708,0.3079677,1.006722,1.3416165,24.30084,19.89255,13.272563,16.074104,12.554484,16.695303,14.503829,16.970652,24.989534,26.203896,16.739523,19.98679,19.416609,19.780731,17.929258,20.788183,19.777302,14.548527,14.145999,14.21093,16.63859,17.315315,15.730419,15.762229,18.62894,14.756059,14.357795,13.712033,15.767331,15.914813,17.520166,15.37934,18.205809,16.664661,16.929914,16.1739,15.812744,15.055452,17.10714,16.69828,23.05346,15.570201,16.194864,16.677006,19.940817,21.673761,22.469122,18.598083,0.7766814,1.8751932,6.9860315,0.6476219,26.930624,47.877457,25.249987,16.756239,20.720905,16.05244,15.808162,16.564232,19.36846,68.06
4446926.924,659519.7026,53.651608,0.8597137,0.67471194,23.50549,30.88652,25.22414,25.941732,22.077673,51.585518,45.67916,52.270615,56.628124,62.718037,26.377266,23.553925,22.23572,17.469908,14.968928,1.8866326,1.8664597,6.4358926,7.4465075,1379.04,315,0,0.32417965,0,35,15,0.8494065,0.5005583,0.24231151,0.2847708,0.3079677,1.006722,1.3416165,23.471636,19.947762,14.181315,15.284528,12.648308,17.919285,14.202319,17.083755,24.08898,25.842676,16.493109,20.235064,18.513788,20.664171,19.161972,20.564907,18.63862,16.591326,13.069127,13.913396,18.20888,16.460918,15.948327,15.696969,16.992949,15.464038,14.112502,13.589299,16.95458,16.2571,18.542479,15.334156,16.477577,17.605066,16.643415,16.131691,16.479753,16.75145,17.823908,16.785992,23.622286,19.759314,14.137187,16.587206,22.569094,21.616905,19.902754,19.000114,0.7672128,1.8765461,6.9412003,0.6476219,27.196005,48.63234,24.965595,16.807878,20.71425,16.118656,15.987564,16.844694,19.742107,68.06
4446926.924,659524.7026,64.62606,0.85338426,0.67101157,23.578049,30.507008,25.238914,26.030691,22.250483,52.09974,46.76243,52.709915,56.42692,61.574116,25.784695,23.247692,22.17885,17.590176,15.817147,1.8893064,1.8652822,6.426454,7.458401,1379.06,315,0.000976563,0.3236851,0,35,15,0.8547059,0.49654374,0.24436288,0.28983015,0.3055833,1.0046095,1.3422345,23.471636,19.947762,14.181315,15.284528,12.648308,17.919285,14.202319,17.083755,24.08898,25.842676,16.493109,20.235064,18.513788,20.664171,19.161972,20.564907,18.63862,16.591326,13.069127,13.913396,18.20888,16.460918,15.948327,15.696969,16.992949,15.464038,14.112502,13.589299,16.95458,16.2571,18.542479,15.334156,16.477577,17.605066,16.643415,16.131691,16.479753,16.75145,17.823908,16.785992,23.622286,19.759314,14.137187,16.587206,22.569094,21.616905,19.902754,19.000114,0.7621979,1.8772943,6.9424276,0.64826715,27.042528,49.431084,24.516193,16.807878,20.71425,16.118656,15.987564,16.844694,19.742107,68.06
4446926.924,659529.7026,68.91277,0.8604908,0.6872479,23.890625,30.384804,25.31208,26.273535,22.093922,52.329556,47.787315,53.34866,56.057724,62.25807,25.280762,23.31635,21.738766,17.684866,15.650689,1.9012122,1.8628672,6.393742,7.46833,1379.08,329.07745,0.07910156,0.25009018,0.005493164,35,15,0.8547059,0.49654374,0.24436288,0.28983015,0.3055833,1.0046095,1.3422345,23.795563,18.662888,14.683951,15.040464,14.147334,18.07132,14.609006,17.148354,24.269016,24.989655,16.60497,20.042631,18.532661,20.744534,19.66774,20.530762,19.61161,15.377651,12.810551,13.586973,15.858659,15.470327,15.541036,15.084304,18.245243,14.342262,13.182213,13.384639,15.782295,15.8557,18.597403,14.894572,17.44536,15.536598,16.094618,16.158636,15.887759,18.137997,17.929296,16.539259,23.451727,16.851898,14.751183,16.848835,19.833769,22.910995,16.371876,18.08434,0.77386934,1.8820398,6.931036,0.64826715,27.137714,50.058434,24.298557,17.001505,20.69303,15.465259,15.627108,16.741467,18.717182,68.06
4446926.924,659534.7026,65.07135,0.86525995,0.6851577,24.102528,29.975193,25.418276,26.147085,21.69803,52.392784,48.594,53.780926,55.57228,61.96259,24.78374,23.407272,21.70733,18.3304,17.002249,1.9128448,1.8627434,6.3617,7.469318,1379.08,345.94318,-0.080078125,0.23612666,-0.004516602,35,15,0.8547059,0.49654374,0.24436288,0.28983015,0.3055833,1.0046095,1.3422345,23.795563,18.662888,14.683951,15.040464,14.147334,18.07132,14.609006,17.148354,24.269016,24.989655,16.60497,20.042631,18.532661,20.744534,19.66774,20.530762,19.61161,15.377651,12.810551,13.586973,15.858659,15.470327,15.541036,15.084304,18.245243,14.342262,13.182213,13.384639,15.782295,15.8557,18.597403,14.894572,17.44536,15.536598,16.094618,16.158636,15.887759,18.137997,17.929296,16.539259,23.451727,16.851898,14.751183,16.848835,19.833769,22.910995,16.371876,18.08434,0.77520883,1.887794,6.915509,0.64826715,27.03886,50.493393,24.095505,17.001505,20.69303,15.465259,15.627108,16.741467,18.717182,68.06
4446926.924,659539.7026,53.58074,0.8637656,0.6771271,23.928698,29.532059,25.609318,26.055986,21.519936,52.408127,48.986755,53.97129,56.076733,62.94927,24.33522,23.364033,21.58895,17.956932,16.589857,1.9162556,1.8672906,6.329381,7.460904,1379.09,348.6766,0.03955078,0.29209217,0.001098633,35,15,0.8547059,0.49654374,0.24436288,0.28983015,0.3055833,1.0046095,1.3422345,22.99593,20.89887,14.68106,16.25456,12.661687,18.07132,15.44173,17.361086,23.969606,24.818642,16.609407,19.598166,17.68198,20.744534,19.390476,20.26166,19.2407,14.813403,14.588683,13.233294,14.187584,15.443919,16.637941,15.11172,18.038563,14.621669,15.316407,13.636171,14.561521,15.8557,18.586342,15.328404,17.247478,15.96844,17.605726,16.81281,14.18057,17.293364,18.887667,16.790543,23.730247,17.35593,17.465834,16.063847,19.264788,22.910995,16.424332,18.637762,0.77044636,1.8917731,6.8951426,0.64826715,26.730377,50.69744,23.849627,17.286451,20.401829,15.449361,15.802339,16.85658,19.030853,68.06
4446926.924,659544.7026,65.6379,0.86792594,0.6745532,24.082558,29.336622,25.975548,26.03264,21.591516,52.15054,49.060028,53.786346,56.028126,62.8498,24.175116,23.56694,21.52436,18.025743,16.641655,1.9252214,1.8785464,6.315049,7.4526777,1379.09,348.71695,-0.080078125,0.29222935,-0.004516602,35,15,0.8547059,0.49654374,0.24436288,0.28983015,0.3055833,1.0046095,1.3422345,23.644487,21.152304,13.216667,15.784903,13.933715,16.204937,15.584989,17.126837,23.657877,25.80723,16.598629,20.04867,17.378149,20.06765,18.221159,20.254574,19.377348,16.238718,14.558518,14.017998,14.169907,16.5303,16.892567,15.627637,18.250284,14.501689,15.620495,14.843982,14.154223,15.722093,16.777704,15.600314,17.719692,16.938932,17.503695,17.065592,14.5448885,15.72928,18.6212,16.96359,23.769524,20.545372,17.468378,18.923916,20.08314,18.37454,19.42909,19.82539,0.7712396,1.9018838,6.8838634,0.64826715,26.70959,50.605286,23.871029,17.074572,20.254194,15.9693365,15.695781,16.874754,19.799135,68.06
4446926.924,659549.7026,68.43051,0.8804471,0.67270595,24.273779,29.075914,26.420382,25.620975,21.390825,51.592087,48.937675,53.31208,56.57918,62.735847,24.305828,24.044315,21.973375,18.031168,17.260956,1.9515699,1.8949531,6.307162,7.445163,1379.1,0,0.080078125,0.25808105,0.004394531,35,15,0.8547059,0.49654374,0.24436288,0.28983015,0.3055833,1.0046095,1.3422345,23.644487,21.152304,13.216667,15.784903,13.933715,16.204937,15.584989,17.126837,23.657877,25.80723,16.598629,20.04867,17.378149,20.06765,18.221159,20.254574,19.377348,16.238718,14.558518,14.017998,14.169907,16.5303,16.892567,15.627637,18.250284,14.501689,15.620495,14.843982,14.154223,15.722093,16.777704,15.600314,17.719692,16.938932,17.503695,17.065592,14.5448885,15.72928,18.6212,16.96359,23.769524,20.545372,17.468378,18.923916,20.08314,18.37454,19.42909,19.82539,0.7765765,1.9232615,6.8761625,0.64826715,26.674847,50.26488,24.175072,17.074572,20.254194,15.9693365,15.695781,16.874754,19.799135,68.06
4446926.924,659554.7026,68.783936,0.88355565,0.662609,24.092064,28.657644,27.04892,25.578499,21.519165,50.95693,48.468452,52.468914,56.62452,62.618484,24.764303,24.17248,21.863201,18.02984,17.133093,1.9813766,1.9159788,6.311724,7.431786,1379.09,0,-0.12011719,0.25808105,-0.0078125,35,15,0.8410257,0.49969134,0.26681933,0.30273086,0.30795735,1.0046704,1.3520734,22.923073,20.504723,12.825404,18.403477,15.556972,18.035713,17.234678,17.749132,22.737352,25.350838,17.632395,19.778072,18.591011,20.423346,18.35185,20.380133,16.877321,16.049086,14.81511,14.311377,14.23939,16.640854,18.592333,15.376559,16.321846,15.893214,16.435213,13.973093,13.960879,15.443951,19.104013,15.450028,17.593449,17.348658,18.232803,17.761778,15.197448,16.127506,16.570759,17.301804,18.39987,20.15032,19.461588,15.041684,16.974144,18.756275,23.264694,18.308622,0.7730823,1.9486778,6.871755,0.6535669,26.374855,49.712692,24.468391,17.92629,20.409267,15.93221,15.87603,16.976057,18.864084,68.06
4446926.924,659559.7026,72.684975,0.9007833,0.6697347,24.025768,28.345987,27.733685,25.441183,21.438004,50.220085,47.955486,51.43305,56.601337,62.62987,25.389565,24.885677,22.30539,18.175041,17.3418,2.0176165,1.9337103,6.3148785,7.411605,1379.1,352.87497,0.040039062,0.23119096,0.003295898,35,15,0.8410257,0.49969134,0.26681933,0.30273086,0.30795735,1.0046704,1.3520734,23.24923,20.987661,13.562261,17.521732,14.014034,16.797722,16.55937,17.47891,23.4292,26.264519,16.642576,20.420523,18.754425,20.249378,17.988928,20.444616,18.185694,15.20803,14.770469,14.42201,14.071263,15.546562,16.389708,15.302555,17.708626,17.26451,16.456184,13.787727,13.82705,15.204054,17.692442,15.772012,17.36536,19.456263,17.24636,17.410158,15.36659,16.348759,16.275164,17.27923,21.416214,21.386728,18.671072,15.004435,17.476934,12.984782,22.918386,18.258833,0.785259,1.9756634,6.8632417,0.6535669,26.185879,49.087784,25.13762,17.52743,20.535648,15.5133915,15.991514,17.066952,18.551222,68.06
4446926.924,659564.7026,65.61182,0.9026713,0.66449267,23.929104,27.768728,28.511044,25.580633,21.342474,49.628323,47.31523,50.301994,55.86752,63.059864,25.930752,25.352695,22.48766,18.599213,17.129774,2.0443335,1.9477191,6.285849,7.3687887,1379.1,5.194428,0.040039062,0.15836725,0.002197266,35,15,0.8410257,0.49969134,0.26681933,0.30273086,0.30795735,1.0046704,1.3520734,23.24923,20.987661,13.562261,17.521732,14.014034,16.797722,16.55937,17.47891,23.4292,26.264519,16.642576,20.420523,18.754425,20.249378,17.988928,20.444616,18.185694,15.20803,14.770469,14.42201,14.071263,15.546562,16.389708,15.302555,17.708626,17.26451,16.456184,13.787727,13.82705,15.204054,17.692442,15.772012,17.36536,19.456263,17.24636,17.410158,15.36659,16.348759,16.275164,17.27923,21.416214,21.386728,18.671072,15.004435,17.476934,12.984782,22.918386,18.258833,0.783582,1.9960263,6.827319,0.6535669,25.848915,48.47178,25.641724,17.52743,20.535648,15.5133915,15.991514,17.066952,18.551222,68.06
4446926.924,659569.7026,60.70313,0.8964874,0.6475529,23.681131,27.37827,29.183577,25.31493,21.207045,49.238297,46.672302,49.284832,55.8209,64.09325,26.369642,25.495966,22.457663,18.798395,16.273504,2.0561306,1.9571505,6.259242,7.3135867,1379.1,0,0.040039062,0.08602753,0.003295898,35,15,0.8410257,0.49969134,0.26681933,0.30273086,0.30795735,1.0046704,1.3520734,23.451176,19.997484,12.042282,16.91319,14.035702,17.297913,15.931354,16.92641,23.096338,22.714327,16.176117,20.587177,17.850197,19.79813,16.824823,19.712835,18.10767,15.259952,14.193996,13.980753,13.840604,15.599056,16.656311,15.035535,16.858545,16.780258,15.907821,14.404348,14.325816,14.376316,20.102827,15.55454,17.598423,17.332664,17.132694,17.53513,15.87027,15.534208,20.023867,17.045326,20.927517,16.141626,20.181326,15.254326,17.502605,13.192608,23.203596,17.971899,0.77202016,2.0066404,6.786414,0.6535669,25.529701,47.9553,25.932804,17.095585,19.57816,15.376907,16.10799,17.289608,18.05766,68.06
4446926.924,659574.7026,61.832787,0.88507015,0.6390212,23.61701,27.565441,29.784096,25.551722,21.077406,48.999954,46.165928,48.35286,55.237534,64.950386,26.669985,25.524965,22.425283,18.866796,15.469024,2.0626583,1.9619658,6.231032,7.250238,1379.1,26.56505,0.080078125,0.06412116,0.004394531,35,15,0.8410257,0.49969134,0.26681933,0.30273086,0.30795735,1.0046704,1.3520734,23.870094,20.073477,11.967931,15.126181,12.482606,13.445399,16.136347,16.18049,23.140762,22.718956,16.826185,18.647402,17.739325,19.367939,19.096092,19.606665,17.75904,15.446854,13.736617,13.662216,14.375285,16.340565,18.304163,15.07508,16.514862,16.652771,16.015446,14.534418,14.76609,14.910622,22.696447,15.779809,16.826519,17.160719,17.826082,17.034525,15.362689,14.312315,21.421196,16.869665,23.40766,15.090004,18.032259,16.009113,20.780615,16.487782,22.389174,18.488672,0.7620457,2.012312,6.740635,0.6535669,25.591225,47.58294,26.097475,16.157433,19.648092,15.660676,16.58438,17.134863,18.88523,68.06
4446926.924,659579.7026,64.06831,0.8833987,0.63297856,23.673937,27.254189,30.186852,25.563019,20.910624,48.893074,45.920883,47.65179,54.810608,64.80562,26.872852,25.701365,22.338722,19.176847,15.6392975,2.0603392,1.9460917,6.211743,7.193734,1379.09,26.56505,-0.080078125,0.06412116,-0.004394531,35,15,0.8410257,0.49969134,0.26681933,0.30273086,0.30795735,1.0046704,1.3520734,23.870094,20.073477,11.967931,15.126181,12.482606,13.445399,16.136347,16.18049,23.140762,22.718956,16.826185,18.647402,17.739325,19.367939,19.096092,19.606665,17.75904,15.446854,13.736617,13.662216,14.375285,16.340565,18.304163,15.07508,16.514862,16.652771,16.015446,14.534418,14.76609,14.910622,22.696447,15.779809,16.826519,17.160719,17.826082,17.034525,15.362689,14.312315,21.421196,16.869665,23.40766,15.090004,18.032259,16.009113,20.780615,16.487782,22.389174,18.488672,0.7581886,2.0032153,6.702739,0.6535669,25.464062,47.40698,26.28711,16.157433,19.648092,15.660676,16.58438,17.134863,18.88523,68.06
4446926.924,659584.7026,62.784637,0.8863862,0.6310457,23.427265,26.850449,30.274273,25.502071,20.772696,49.048958,46.042816,47.269608,55.066254,64.60022,26.92369,25.929232,22.31671,18.99503,15.540184,2.051554,1.9181957,6.1991677,7.147423,1379.09,11.309932,-0.040039062,0.07310936,-0.002197266,35,15,0.846486,0.49721578,0.2733844,0.30934715,0.30992213,1.0093197,1.4308466,23.821707,22.24704,11.415089,15.537081,12.075573,15.805098,15.794803,16.460451,23.992672,26.556152,16.510775,20.563808,17.323296,20.601818,16.710833,20.461523,18.11481,16.083055,13.643368,15.164121,15.560478,18.840065,16.335918,15.74643,16.570206,16.896269,14.747318,15.844973,15.528984,16.570374,17.571196,15.865788,18.173067,19.369207,16.541979,17.761465,15.176308,14.742079,18.36423,17.15898,23.454115,20.340937,19.203524,17.53917,22.666656,21.94622,20.19961,20.524443,0.758716,1.9848748,6.673295,0.66807455,25.138857,47.545887,26.42646,16.670914,20.322765,16.24883,16.247046,17.16119,20.764318,68.06
4446926.924,659589.7026,67.19729,0.88913244,0.6278004,23.319374,26.81145,30.25508,25.555683,20.281654,49.228127,46.28744,46.978897,54.935886,64.79717,26.95536,26.00056,22.44559,19.08686,15.515875,2.047036,1.8919435,6.197738,7.109593,1379.09,8.130101,0,0.101384394,-0.001098633,35,15,0.846486,0.49721578,0.2733844,0.30934715,0.30992213,1.0093197,1.4308466,24.0831,22.014456,10.968544,16.279621,12.48467,17.085304,16.097544,16.74588,24.533909,26.451157,16.19607,21.071445,18.210678,22.040012,17.714521,20.91137,19.903793,16.598244,13.401553,15.478808,15.838267,20.877262,17.48751,16.377453,17.729807,15.624054,13.912147,16.53633,15.363354,15.458365,17.304604,15.716328,17.985725,16.951803,15.8673315,19.04598,15.212527,13.319327,18.274755,16.768633,22.979908,19.597387,16.365742,17.84937,22.411242,19.312057,24.022802,19.464766,0.7584664,1.9694897,6.6536655,0.66807455,25.06541,47.757782,26.47796,17.00189,20.888256,17.083635,15.989809,16.66535,20.362642,68.06
4446926.924,659594.7026,65.12063,0.88655233,0.6029201,23.150095,26.516684,30.152897,25.353546,19.729954,49.5522,46.59758,46.83495,54.833664,65.13762,26.847725,26.141855,22.450846,19.516441,15.540493,2.029804,1.8628095,6.189419,7.0770535,1379.09,324.4623,-0.040039062,0.12333938,-0.004394531,35,15,0.846486,0.49721578,0.2733844,0.30934715,0.30992213,1.0093197,1.4308466,24.0831,22.014456,10.968544,16.279621,12.48467,17.085304,16.097544,16.74588,24.533909,26.451157,16.19607,21.071445,18.210678,22.040012,17.714521,20.91137,19.903793,16.598244,13.401553,15.478808,15.838267,20.877262,17.48751,16.377453,17.729807,15.624054,13.912147,16.53633,15.363354,15.458365,17.304604,15.716328,17.985725,16.951803,15.8673315,19.04598,15.212527,13.319327,18.274755,16.768633,22.979908,19.597387,16.365742,17.84937,22.411242,19.312057,24.022802,19.464766,0.7447362,1.9463067,6.633236,0.66807455,24.83339,48.07489,26.49479,17.00189,20.888256,17.083635,15.989809,16.66535,20.362642,68.06
4446926.924,659599.7026,75.99195,0.8843371,0.60129666,22.964258,26.456018,30.01398,25.42546,19.28071,49.97338,46.894497,46.843056,54.74448,65.35876,26.637573,26.147469,22.470009,19.559132,15.475346,2.021565,1.8441586,6.2031865,7.05829,1379.1,305.5377,-0.040039062,0.12333938,0,35,15,0.846486,0.49721578,0.2733844,0.30934715,0.30992213,1.0093197,1.4308466,24.17973,21.60071,12.718975,17.049175,13.390653,17.852325,15.704673,17.42718,23.286425,23.724762,16.344776,20.92953,19.033922,20.006464,18.647398,20.333483,18.874886,15.832054,12.674741,14.616452,14.67312,19.13789,15.693318,15.362216,16.820461,16.173315,13.924336,15.440145,14.947339,16.409355,15.896301,15.400166,16.491964,16.668882,16.755146,18.236868,15.075054,12.05009,17.469484,16.568861,22.485996,19.37819,14.090103,16.23373,19.199575,20.15338,20.041862,17.777994,0.7428169,1.9328618,6.6307383,0.66807455,24.710138,48.433937,26.39252,17.499464,20.281895,15.928924,15.658751,16.106785,18.797548,68.06
4446926.924,659604.7026,78.07174,0.88261104,0.6024005,22.9944,26.69877,29.976673,25.425034,18.991123,50.347393,47.128372,46.806442,54.73353,65.19017,26.425753,26.282528,22.452608,19.681288,15.539818,2.0147746,1.8300489,6.212777,7.0457587,1379.11,293.19858,0.040039062,0.109194316,0,35,15,0.846486,0.49721578,0.2733844,0.30934715,0.30992213,1.0093197,1.4308466,24.347145,20.55184,12.692775,16.426207,13.637523,17.852325,15.606486,17.219587,23.846346,22.623917,16.415438,20.490316,19.323889,21.251678,16.450727,20.09306,19.343939,15.3008795,12.750267,15.191403,13.807166,19.03874,15.883537,15.401703,18.336203,17.108473,13.6483965,15.916873,16.214708,16.600258,19.301811,15.998563,21.382357,20.85686,18.652075,20.26527,19.762623,16.795414,19.543812,19.87628,23.365799,20.090708,13.846275,17.86121,19.343328,20.229887,20.142532,18.319326,0.7425058,1.9224117,6.6292677,0.66807455,24.846584,48.737885,26.354141,17.302042,20.057474,15.902276,16.732388,19.608341,19.268534,68.06
4446926.924,659609.7026,62.96239,0.8782843,0.6013775,22.85502,26.651262,30.159966,25.655022,18.637033,50.639698,47.205856,46.649097,54.549618,65.40209,26.281805,26.353739,22.439404,19.76416,15.470996,2.0074193,1.8146992,6.1985507,7.039439,1379.12,276.34018,0,0.12983528,0.001098633,35,15,0.846486,0.49721578,0.2733844,0.30934715,0.30992213,1.0093197,1.4308466,24.347145,20.55184,12.692775,16.426207,13.637523,17.852325,15.606486,17.219587,23.846346,22.623917,16.415438,20.490316,19.323889,21.251678,16.450727,20.09306,19.343939,15.3008795,12.750267,15.191403,13.807166,19.03874,15.883537,15.401703,18.336203,17.108473,13.6483965,15.916873,16.214708,16.600258,19.301811,15.998563,21.382357,20.85686,18.652075,20.26527,19.762623,16.795414,19.543812,19.87628,23.365799,20.090708,13.846275,17.86121,19.343328,20.229887,20.142532,18.319326,0.73983085,1.9110593,6.6189947,0.66807455,24.753141,48.922775,26.317772,17.302042,20.057474,15.902276,16.732388,19.608341,19.268534,68.06
4446926.924,659614.7026,49.83646,0.8694668,0.6018888,22.521568,26.391914,30.579311,25.846045,18.195484,50.843742,47.162716,46.34381,54.411392,66.28078,26.237993,26.432798,22.475668,20.003157,15.132652,1.9963629,1.7974471,6.178085,7.038746,1379.13,276.34018,0,0.12983528,-0.001098633,35,15,0.8332364,0.51678866,0.27565965,0.32578123,0.31012934,1.0127726,1.4903129,23.87984,20.404322,11.512916,14.21242,14.322839,16.288565,15.923551,16.306648,24.759026,20.675745,16.942692,20.689886,19.922213,22.784584,14.614614,20.250074,20.494675,17.108095,13.890452,15.348394,15.689754,22.458925,15.798908,16.675093,20.405985,17.768494,15.923832,15.232203,15.644887,16.8096,19.307215,16.860565,20.362976,21.59023,19.50279,19.964405,18.518196,17.52766,21.236628,19.891596,22.730453,24.623955,21.578453,19.52903,21.530045,20.000374,24.419975,21.725027,0.7356778,1.896905,6.6084156,0.6806687,24.456741,49.003227,26.335396,16.649208,20.055536,17.2556,17.298887,19.8147,22.058899,68.06
4446926.924,659619.7026,56.34415,0.86338466,0.5964521,22.413477,26.37659,31.1515,26.28899,17.888855,50.97729,46.90124,45.922943,54.421852,66.48534,26.2061,26.456831,22.41512,19.772757,15.190449,1.9865966,1.7842146,6.1377606,7.0449705,1379.14,277.125,-0.12011719,0.23119096,-0.0078125,35,15,0.8332364,0.51678866,0.27565965,0.32578123,0.31012934,1.0127726,1.4903129,24.287003,19.139162,11.140515,14.166928,15.132355,17.436314,16.349974,16.407492,22.837845,21.962967,17.065222,20.347284,20.089563,21.71356,17.44811,20.319113,16.705612,17.716843,15.840917,15.03676,18.719143,19.43888,16.89417,16.775686,17.570835,17.63751,16.306242,15.04764,17.448595,16.194744,18.588682,16.56196,20.75506,21.848467,19.141216,20.201145,18.47056,16.12705,19.528358,19.565828,22.904148,23.214117,24.196241,22.84163,22.081701,20.728313,23.466784,22.926064,0.72991836,1.8854055,6.591366,0.6806687,24.395035,48.939266,26.331467,16.807465,20.209223,17.19319,16.970608,19.438839,22.776134,68.06
4446926.924,659624.7026,64.40319,0.85807496,0.5949363,22.31697,26.372372,31.710258,26.643768,17.726797,51.05312,46.424072,45.533695,54.213512,66.64724,26.199993,26.581884,22.34546,19.857096,15.134746,1.9784211,1.7773845,6.094049,7.049323,1379.17,275.72446,0.040527344,0.28749055,0.001098633,35,15,0.8332364,0.51678866,0.27565965,0.32578123,0.31012934,1.0127726,1.4903129,24.500607,19.143824,11.00541,13.973747,15.387517,17.160578,17.003769,16.377039,23.230549,23.287483,17.595781,21.130713,20.871023,22.446022,17.923063,21.045294,17.408531,18.00153,16.128622,15.153941,19.050207,19.786156,17.488054,17.151592,19.150526,16.59944,15.374921,14.789221,17.68808,15.990786,19.316387,16.507162,20.646706,21.566221,19.005306,20.076694,18.321228,16.002327,19.374937,19.417055,22.875261,23.188086,24.190973,22.832478,22.062386,20.718191,23.453897,22.910889,0.72650564,1.8779027,6.571686,0.6806687,24.344671,48.738594,26.390938,16.882208,20.926378,17.573862,16.987051,19.284775,22.760181,68.06
4446926.924,659629.7026,67.609245,0.8542927,0.58883274,22.113499,26.300526,32.08802,26.754866,17.69285,51.206707,45.827255,45.34076,54.382626,66.61685,26.151089,26.629122,21.998463,19.835989,15.18259,1.9693439,1.7637739,6.072533,7.052098,1379.19,276.01666,-0.28076172,0.54713947,-0.018920898,35,15,0.8332364,0.51678866,0.27565965,0.32578123,0.31012934,1.0127726,1.4903129,24.466997,19.98325,9.730451,15.258604,14.055016,16.449064,17.476233,16.21905,23.135275,24.082085,18.016897,21.035252,20.900816,21.878534,17.798212,21.056704,17.340427,18.019928,16.59728,15.332251,17.924843,19.90261,19.26922,17.266966,18.635485,18.266348,14.54721,14.1777525,15.637382,15.621939,18.486689,16.028585,20.394592,18.437721,18.571379,19.014708,17.142326,15.92997,18.234392,18.54814,23.04313,23.43207,23.319366,20.458836,22.20331,20.664629,22.504797,22.292196,0.72156274,1.8665589,6.5623155,0.6806687,24.207012,48.516983,26.390106,16.774231,20.978155,17.769508,16.481829,18.24644,22.232304,68.06
4446921.924,659309.7026,49.97989,0.84580964,0.69105875,24.182444,33.95767,27.714237,25.126375,22.40931,45.912167,39.04948,51.00315,59.510036,64.469124,29.57274,25.641527,21.214157,15.306401,12.8359995,1.788444,1.977869,5.8341107,7.249641,1378,27.645975,0.16015625,0.3398988,0.010009766,35,15,0.8121442,0.5080224,0.23862112,0.27415583,0.30715352,1.0354825,0.79892963,23.756927,20.55554,11.201022,15.863101,14.427587,18.010588,17.967415,16.923502,26.10345,27.216478,17.925188,22.746838,20.93731,24.403553,21.949097,22.7872,17.526825,17.074606,13.530328,14.432767,16.034525,19.131111,13.886399,15.660629,13.287981,13.63182,12.851933,14.130102,12.340898,14.685236,14.832249,13.377261,14.078621,12.50787,10.614295,13.435562,13.839696,11.495594,13.077069,12.451131,17.33387,18.938204,18.135424,18.347939,18.274294,16.937725,17.181337,17.896675,0.76843417,1.8831565,6.541876,0.56778705,29.070057,42.480824,27.607134,17.397455,23.040274,15.945223,13.68003,12.721244,17.878399,68.06
4446921.924,659314.7026,50.704765,0.870741,0.67257404,24.268839,34.2657,28.477303,26.177458,22.95566,45.381447,38.393414,48.670525,57.821938,63.242737,30.154446,26.791662,22.81442,16.095163,13.548737,1.8204517,2.010307,5.8633604,7.220483,1377.97,50.197292,-0.040039062,0.44767597,0.001098633,35,15,0.8445138,0.5152204,0.2612952,0.29266262,0.30983636,1.0089668,1.3528653,24.19964,19.94866,12.267803,15.927261,13.598361,18.35315,16.628199,16.97988,27.169376,27.631006,18.065962,23.375957,21.045778,23.760893,21.146177,23.06711,19.111078,16.996569,13.989797,13.645529,15.653668,20.86462,15.560649,15.931957,14.173971,12.720196,12.581416,11.871666,14.036111,14.073147,15.064037,13.014725,15.779795,12.499169,10.507642,9.930231,14.640574,12.921949,13.456528,12.177494,17.908497,17.454752,17.567049,15.540067,19.013544,16.948702,17.751364,17.23406,0.7716575,1.9153794,6.5419216,0.6550515,29.26727,41.88743,28.473053,17.274725,23.170736,16.545986,13.502936,12.819412,17.454853,68.06
4446921.924,659319.7026,61.976,0.87861466,0.6585832,24.346642,33.916367,28.58797,26.186403,23.480738,44.99709,38.61326,47.700073,57.02478,61.931934,30.719698,26.867937,23.697584,16.795507,14.325774,1.8577789,2.0156589,5.9252663,7.2249846,1377.94,52.413197,0.0390625,0.4695411,0.001098633,35,15,0.8445138,0.5152204,0.2612952,0.29266262,0.30983636,1.0089668,1.3528653,23.948524,19.787256,12.0605955,15.602205,13.444397,18.20246,16.630041,16.7652,25.024553,25.474398,17.39026,21.790464,19.609726,22.017487,19.522467,21.49424,19.078459,17.341253,14.3361025,13.9288,16.139244,21.037754,15.902659,16.21406,14.622536,13.146163,13.064029,11.844981,13.817058,14.926096,15.022466,13.292243,16.43128,13.352791,10.591979,10.3796,14.896378,13.39094,13.990146,12.615673,18.876368,18.38932,17.898512,16.122784,19.5474,18.010946,18.474392,17.909555,0.7685989,1.936719,6.5751257,0.6550515,29.131504,41.805176,28.793818,17.096498,21.547049,16.823467,13.777618,13.290443,18.188534,68.06
4446921.924,659324.7026,61.330135,0.87859815,0.64830625,24.305012,33.829372,28.603481,26.197382,23.685432,44.598183,38.70014,47.66878,56.62319,61.672638,31.363472,26.928955,23.707563,17.172464,14.726025,1.9041296,2.0186303,5.9780235,7.2194057,1377.91,51.82181,0.080566406,0.5100253,0.006713867,35,15,0.8445138,0.5152204,0.2612952,0.29266262,0.30983636,1.0089668,1.3528653,22.98419,19.717443,11.898753,17.363293,12.928024,16.776554,17.399729,16.792185,25.254335,27.018267,17.257235,21.51437,19.26345,22.557697,21.363396,21.730688,19.927584,17.383368,14.786705,13.878656,14.142245,17.949627,19.745443,16.177176,16.638212,12.201598,13.226619,11.998251,14.525734,13.678019,16.510378,13.801536,15.501121,13.458255,10.394084,9.162107,12.951013,13.358948,16.910454,12.197777,20.612873,19.962633,16.403177,16.013739,17.131777,17.137186,18.635048,17.729382,0.7634522,1.96138,6.598715,0.6550515,29.067192,41.649162,29.146214,17.009712,22.03268,16.830517,14.1112585,13.10514,17.985205,68.06
4446921.924,659329.7026,50.48494,0.890256,0.64423496,24.608606,33.73719,28.8395,26.860254,23.636091,43.997005,38.549297,46.316196,55.421085,61.24088,32.092197,27.34513,24.851341,17.804203,15.438521,1.9685638,2.0483682,6.0499735,7.216937,1377.87,47.122055,0,0.5475879,0,35,15,0.8445138,0.5152204,0.2612952,0.29266262,0.30983636,1.0089668,1.3528653,22.733572,17.555033,10.010379,13.731071,10.744766,18.982521,15.892472,15.019096,24.168892,26.337961,16.483704,20.842735,18.094973,21.827719,20.575644,20.830332,19.124815,17.280157,14.156098,14.446241,14.814664,18.231432,16.646328,15.886153,14.451752,10.481571,10.319146,9.354738,11.472636,16.81876,13.069084,11.591483,16.57819,11.008545,9.543096,9.277067,12.837405,16.961235,16.070753,11.89566,19.101597,18.562365,16.229094,16.717583,17.235172,16.58623,18.771074,17.263107,0.7672455,2.008466,6.6334553,0.6550515,29.172897,41.27315,29.718664,15.66426,21.190231,16.385677,12.281098,13.182327,17.600445,68.06
4446921.924,659334.7026,59.792953,0.88856196,0.63807666,24.526884,33.87625,29.319391,26.672724,23.518364,43.432724,38.308044,46.00157,55.053318,61.735725,32.81676,27.686098,24.674734,18.308102,15.488882,2.0377169,2.0498407,6.100614,7.203862,1377.84,38.408863,0.0390625,0.5299452,0.002197266,35,15,0.8445138,0.5152204,0.2612952,0.29266262,0.30983636,1.0089668,1.3528653,22.733572,17.555033,10.010379,13.731071,10.744766,18.982521,15.892472,15.019096,24.168892,26.337961,16.483704,20.842735,18.094973,21.827719,20.575644,20.830332,19.124815,17.280157,14.156098,14.446241,14.814664,18.231432,16.646328,15.886153,14.451752,10.481571,10.319146,9.354738,11.472636,16.81876,13.069084,11.591483,16.57819,11.008545,9.543096,9.277067,12.837405,16.961235,16.070753,11.89566,19.101597,18.562365,16.229094,16.717583,17.235172,16.58623,18.771074,17.263107,0.7633193,2.043779,6.652238,0.6550515,29.201569,40.870384,30.25143,15.66426,21.190231,16.385677,12.281098,13.182327,17.600445,68.06
4446921.924,659339.7026,69.84264,0.87390846,0.6423561,24.905544,33.667557,29.931927,27.824669,24.69439,42.846863,38.581966,45.496918,53.34283,58.496456,33.35713,27.301348,24.561169,19.072903,17.006884,2.0999782,2.0791974,6.194487,7.2580504,1377.81,33.700832,-0.0390625,0.51617163,-0.001098633,35,15,0.8445138,0.5152204,0.2612952,0.29266262,0.30983636,1.0089668,1.3528653,22.709875,16.962648,9.582128,14.408182,12.926585,19.438673,14.559326,15.284722,24.087593,25.56293,16.49401,20.608227,18.777687,23.625374,20.647045,20.920094,20.367554,17.782104,16.38602,14.414751,16.558292,21.304165,17.337631,17.236359,16.204012,10.654901,11.050671,10.052078,11.174111,18.092825,14.216464,12.376457,17.617409,14.277371,10.836182,8.819781,10.272846,18.74783,16.606865,12.697553,18.340736,19.6415,17.875856,16.621578,15.486747,17.731575,18.47957,17.59964,0.7581323,2.0895877,6.726269,0.6550515,29.28655,40.714417,30.329239,15.7982025,21.40041,17.73579,13.0635805,13.882612,17.739653,68.06
4446921.924,659344.7026,71.09684,0.85811,0.6455898,24.961214,33.18051,29.871351,28.021866,25.206589,42.320515,38.645393,45.394062,52.59177,56.889732,33.817055,27.409153,24.720327,19.66047,17.907677,2.1645238,2.0709813,6.2293434,7.2524147,1377.79,28.750986,0.040527344,0.5063653,0.002197266,35,15,0.84318686,0.49456653,0.2667849,0.2784825,0.30901054,1.0118577,1.3423159,22.80685,17.14344,9.132974,13.483953,12.200938,18.454248,14.523356,14.845906,24.577581,25.052343,16.814728,20.69942,18.446344,23.389072,20.831068,20.976002,19.417143,16.42833,17.308462,13.994769,14.776721,21.244503,17.326593,16.82418,15.589767,9.496153,11.530341,9.78041,10.970177,16.136862,14.663463,12.004071,15.770235,14.760922,11.77417,8.790702,10.480863,16.995691,17.967184,12.558563,17.637884,18.3383,18.619123,16.268856,15.9971,18.181805,18.736582,17.533245,0.7518499,2.1177526,6.740879,0.6494579,29.070862,40.482956,30.613104,15.39225,21.401508,17.213787,12.595309,13.791396,17.682808,68.06
4446921.924,659349.7026,67.971146,0.87088126,0.65233046,25.029562,33.05047,29.958405,28.04872,25.392302,41.81505,38.485996,45.258057,52.19115,56.665882,34.156284,27.553864,24.757668,20.013227,18.186665,2.225114,2.07389,6.2711897,7.2454686,1377.77,29.924763,0.080078125,0.54571694,0.005615234,35,15,0.84318686,0.49456653,0.2667849,0.2784825,0.30901054,1.0118577,1.3423159,22.799196,17.086166,9.107457,13.453334,12.170318,18.454248,14.513149,14.819611,25.046719,25.456781,16.843088,21.035196,18.680325,23.82959,21.320255,21.263288,19.371788,16.174654,17.086828,13.728811,14.538406,21.221947,17.247156,16.632496,14.972002,8.683623,10.844857,8.942757,10.133923,15.720135,14.407969,11.281071,16.868626,16.262968,13.123399,10.260954,11.60768,17.458984,18.656565,13.816184,17.73661,18.46227,18.739258,16.386692,16.128733,18.272488,18.839808,17.649275,0.76160586,2.149502,6.7583294,0.6494579,29.040016,40.15052,30.855074,15.369123,21.744564,17.0528,11.957894,14.891311,17.795122,68.06
4446921.924,659354.7026,62.239033,0.8968379,0.6573206,25.090485,32.84091,30.617365,28.359388,25.82463,41.194424,38.111206,44.26148,51.103252,55.660828,34.469727,28.161333,25.089466,20.76902,18.650434,2.2911894,2.0894268,6.3033605,7.214735,1377.74,29.924763,-0.040039062,0.54571694,-0.002197266,35,15,0.84318686,0.49456653,0.2667849,0.2784825,0.30901054,1.0118577,1.3423159,24.606728,17.866302,9.153609,14.15505,10.258033,17.912615,15.229785,15.01487,25.521212,24.729929,16.233702,21.300207,18.634363,22.795256,19.01156,20.965803,17.276814,16.859228,14.382346,14.127922,16.744152,22.163696,16.151289,16.15975,13.192962,8.411355,8.936984,9.68827,12.62098,14.14588,13.051726,10.824707,15.567391,12.183937,12.012569,13.072771,14.853948,18.37529,17.308365,13.961098,19.365223,17.410303,16.382875,16.938477,16.760252,18.491432,19.717361,17.591356,0.7770792,2.190308,6.7590475,0.6494579,28.965698,39.652817,31.315529,15.5974455,21.175175,16.815063,11.435451,14.767754,17.86656,68.06
4446921.924,659359.7026,67.41989,0.9144217,0.66121215,25.207916,32.5269,31.397316,28.230091,25.555452,40.69842,37.93254,44.115147,50.470387,55.595867,34.62881,28.443613,24.40192,21.426437,19.145264,2.3473268,2.1066444,6.3267164,7.204675,1377.72,23.63511,-0.040527344,0.50023913,-0.001098633,35,15,0.84318686,0.49456653,0.2667849,0.2784825,0.30901054,1.0118577,1.3423159,22.53697,17.930952,8.218242,13.64147,11.087995,14.963483,12.929023,14.28711,26.215033,25.654104,16.396013,21.071264,19.370539,23.025866,19.11776,21.343134,20.172768,17.186312,13.957269,14.0581455,17.754984,21.856554,18.050156,16.626595,14.744349,10.81279,9.639104,9.770031,14.347035,14.423204,14.326528,11.828679,18.309134,15.60059,11.841195,13.104014,15.091587,16.210527,18.594395,14.675931,19.678896,19.614372,17.646486,16.912546,17.957125,17.698002,19.594324,18.285791,0.7878169,2.2269855,6.7656956,0.6494579,28.867409,39.315483,31.536213,14.472592,21.550083,17.576597,12.580435,15.535919,18.443106,68.06
4446921.924,659364.7026,64.12868,0.92359036,0.6622752,25.329344,32.405308,31.500135,28.246859,25.755041,40.356987,37.832153,43.911613,50.28117,55.416737,34.684,28.561575,24.489815,21.582993,19.285933,2.3867831,2.1079872,6.3638654,7.206877,1377.71,16.21338,0.079589844,0.46214718,0.003295898,35,15,0.84318686,0.49456653,0.2667849,0.2784825,0.30901054,1.0118577,1.3423159,22.53697,17.930952,8.218242,13.64147,11.087995,14.963483,12.929023,14.28711,26.215033,25.654104,16.396013,21.071264,19.370539,23.025866,19.11776,21.343134,20.172768,17.186312,13.957269,14.0581455,17.754984,21.856554,18.050156,16.626595,14.744349,10.81279,9.639104,9.770031,14.347035,14.423204,14.326528,11.828679,18.309134,15.60059,11.841195,13.104014,15.091587,16.210527,18.594395,14.675931,19.678896,19.614372,17.646486,16.912546,17.957125,17.698002,19.594324,18.285791,0.79293275,2.247385,6.7853713,0.6494579,28.867325,39.09457,31.622787,14.472592,21.550083,17.576597,12.580435,15.535919,18.443106,68.06
4446921.924,659369.7026,63.84781,0.9343908,0.6557668,25.342026,31.727667,31.01528,28.22764,26.363014,40.17357,37.828575,42.83315,49.66405,54.70879,34.595978,29.28074,26.156643,22.158766,19.259289,2.423135,2.0953023,6.4275503,7.1884727,1377.7,3.8202677,-0.000488281,0.43038684,0,35,15,0.84318686,0.49456653,0.2667849,0.2784825,0.30901054,1.0118577,1.3423159,22.74988,18.463507,7.613973,13.974138,10.848126,14.800064,13.897156,14.289516,25.018541,27.09433,16.253214,20.494165,18.60483,23.616291,20.468567,21.25408,18.938772,15.729076,14.043504,13.806233,16.896427,20.176817,17.478563,16.08077,14.256535,8.952149,8.500146,8.733427,12.57124,13.325821,13.722491,10.660883,16.666887,13.450839,11.950591,12.73216,15.54316,16.351896,15.335819,14.148483,18.910095,18.248487,16.339891,15.878331,18.084764,17.940434,18.910933,17.397787,0.79507875,2.2592187,6.8080115,0.6494579,28.534847,39.001072,31.938358,14.620978,21.64999,16.7242,11.4374,14.575908,17.758991,68.06
4446921.924,659374.7026,67.29863,0.95449895,0.65183127,25.551052,31.694548,31.517427,28.332127,26.462624,40.049297,38.105957,42.512615,49.60257,54.86997,34.44378,29.177168,25.951082,22.137527,19.154615,2.450421,2.1039789,6.446238,7.194577,1377.7,350.82346,-0.040527344,0.44952053,-0.002319336,35,15,0.8398359,0.49938536,0.26927346,0.28363553,0.31009418,1.0171878,1.3903697,23.641321,18.677711,8.191808,14.166092,13.74541,14.543374,14.112015,14.990085,25.401249,24.987268,16.256641,20.667572,18.927454,23.462372,20.59102,21.118967,19.173271,15.069871,14.220185,14.247816,16.293852,19.412617,16.916563,16.03599,12.39547,8.715766,9.43241,9.691195,10.675664,13.493332,13.274986,10.530771,16.760529,13.387883,12.219859,12.529969,11.099678,15.693245,13.789744,13.570382,19.598494,15.408698,16.442644,17.26567,17.288816,17.880304,17.283812,17.349974,0.8031651,2.2772,6.820408,0.6585403,28.622799,39.07763,31.810474,15.296817,21.470509,16.476313,11.096975,13.640129,17.309778,68.06
4446921.924,659379.7026,69.686134,0.96306753,0.6438341,25.884533,31.432808,31.297474,28.025501,26.51484,40.1267,38.30876,41.652832,49.36421,54.235065,34.182316,29.677444,27.113295,22.593964,19.812489,2.4578412,2.0870988,6.472543,7.2046747,1377.71,347.25626,-0.000488281,0.45497486,0.001098633,35,15,0.8398359,0.49938536,0.26927346,0.28363553,0.31009418,1.0171878,1.3903697,23.641321,18.677711,8.191808,14.166092,13.74541,14.543374,14.112015,14.990085,25.401249,24.987268,16.256641,20.667572,18.927454,23.462372,20.59102,21.118967,19.173271,15.069871,14.220185,14.247816,16.293852,19.412617,16.916563,16.03599,12.39547,8.715766,9.43241,9.691195,10.675664,13.493332,13.274986,10.530771,16.760529,13.387883,12.219859,12.529969,11.099678,15.693245,13.789744,13.570382,19.598494,15.408698,16.442644,17.26567,17.288816,17.880304,17.283812,17.349974,0.8034508,2.27247,6.8386087,0.6585403,28.65867,39.21773,31.92988,15.296817,21.470509,16.476313,11.096975,13.640129,17.309778,68.06
4446921.924,659384.7026,71.16628,0.9686885,0.6340658,25.853323,31.017122,31.448019,27.602198,26.29063,40.39151,39.045135,42.444675,49.28691,54.457523,33.829212,29.47793,26.152624,22.987385,20.087175,2.462954,2.0780365,6.497041,7.2231283,1377.72,335.84753,-0.000488281,0.45510688,-0.003417969,35,15,0.8398359,0.49938536,0.26927346,0.28363553,0.31009418,1.0171878,1.3903697,23.190498,19.766165,8.865781,14.821192,14.473166,14.671477,12.909728,15.391094,24.204468,26.467527,16.347576,20.742722,19.747246,22.68066,20.101364,21.06484,18.632555,16.18936,13.738606,14.079753,14.293248,20.745975,17.212078,15.649509,11.79307,8.832448,9.007042,9.714461,11.468613,13.5871,14.074631,10.437932,13.609462,13.640649,11.420177,14.855852,11.847214,17.492725,15.901684,13.591518,17.094019,17.994797,16.235743,16.162733,16.467833,18.316196,16.46982,16.655313,0.8013772,2.2704954,6.8600845,0.6585403,28.435223,39.718323,31.653572,15.528288,21.470224,16.413084,11.211052,14.10968,16.963018,68.06
4446921.924,659389.7026,68.68512,0.9590995,0.6261015,25.713732,30.941837,31.891533,27.345335,26.2763,40.644894,39.58597,41.463787,49.796925,55.188087,33.533257,29.373262,26.779623,22.731018,19.685915,2.4575398,2.0752013,6.4905186,7.2340407,1377.74,319.40076,-0.12011719,0.5284953,-0.005615234,35,15,0.8398359,0.49938536,0.26927346,0.28363553,0.31009418,1.0171878,1.3903697,22.613873,17.575865,9.120407,15.307428,12.524142,14.659925,16.215307,15.008252,24.793081,26.184624,16.799885,20.880747,19.087055,22.491175,21.433493,21.300526,18.556946,15.496375,14.039241,14.49803,13.319095,19.785667,16.799314,15.614722,12.281143,8.677081,9.500645,9.715904,10.065262,12.839583,12.757034,10.41276,14.705652,12.276691,13.059479,14.052153,11.919345,16.092518,16.430927,13.829514,18.62262,15.535777,15.8423,15.949905,16.8175,17.844658,20.149755,16.810644,0.7926005,2.2663705,6.86228,0.6585403,28.327785,40.115433,31.453259,15.430992,21.66715,16.070667,10.833808,14.07668,17.25179,68.06
4446921.924,659394.7026,67.859505,0.95435846,0.618638,25.721354,30.702738,31.918844,27.358208,26.398252,40.855076,40.168907,41.641857,49.695343,55.151608,33.292564,29.255373,26.614225,22.851688,19.676138,2.443748,2.0626996,6.498035,7.247275,1377.78,311.20602,0.040527344,0.6091245,-0.001098633,35,15,0.8398359,0.49938536,0.26927346,0.28363553,0.31009418,1.0171878,1.3903697,22.61436,17.576187,9.120586,15.307643,12.524142,14.659925,16.215307,15.008464,24.793081,26.184624,16.799885,20.880747,19.087055,22.491175,21.433493,21.300526,18.556946,15.496375,14.039241,14.49803,13.319095,19.785667,16.799314,15.614722,12.552593,8.6937475,9.642676,9.792182,10.380344,13.365816,12.795405,10.595416,14.942015,12.276691,13.059479,14.052153,11.919345,16.565243,17.240475,13.908299,18.62262,15.535777,15.8423,15.949905,16.8175,17.844658,20.149755,16.810644,0.7864982,2.253224,6.872655,0.6585403,28.212046,40.511993,31.273968,15.431165,21.66715,16.070667,11.031823,14.29363,17.25179,68.06
4446921.924,659399.7026,66.02175,0.9678781,0.64638305,25.714441,30.683979,32.418873,27.55455,26.371534,41.03158,40.748188,41.875935,49.159073,56.272804,33.08365,28.785637,25.813675,23.22213,18.729181,2.4337935,2.0551372,6.56084,7.304457,1377.82,309.30557,-0.041015625,0.6105551,0,35,15,0.8398359,0.49938536,0.26927346,0.28363553,0.31009418,1.0171878,1.3903697,22.368675,17.24031,9.96135,15.356114,10.929256,18.599009,15.85168,15.236336,24.624704,26.432825,16.411942,20.711,17.873968,20.71884,20.357182,20.752737,18.683401,17.44102,14.529519,15.394262,14.283839,17.479675,16.909409,15.995926,13.566618,10.579563,10.72385,10.4768505,10.344872,13.087151,13.142674,11.339221,13.680558,12.677035,11.086365,12.696076,12.807757,15.120382,12.931846,12.561573,19.71555,17.531479,15.145573,15.760592,17.557482,18.375195,16.073317,16.8076,0.8071306,2.2444654,6.9326487,0.6585403,28.199211,40.889885,30.934643,15.758057,21.018637,16.388731,11.703084,13.000003,17.165598,68.06
4446921.924,659404.7026,69.54972,0.9673158,0.6542289,25.657242,30.40382,32.467052,27.10537,26.311,41.182293,41.12368,42.06419,49.922813,56.90491,32.962963,28.738161,25.578804,22.993353,18.129265,2.4192488,2.044832,6.5380335,7.305133,1377.86,307.14017,0,0.59308624,-0.003295898,35,15,0.8307054,0.4960031,0.26800492,0.28076446,0.30911475,1.0059403,1.3839189,22.368675,17.24031,9.96135,15.356114,10.929256,18.599009,15.85168,15.236336,24.624704,26.432825,16.411942,20.711,17.873968,20.71884,20.357182,20.752737,18.683401,17.44102,14.529519,15.394262,14.283839,17.479675,16.909409,15.995926,13.566618,10.579563,10.72385,10.4768505,10.344872,13.087151,13.142674,11.339221,13.680558,12.677035,11.086365,12.696076,12.807757,15.120382,12.931846,12.561573,19.71555,17.531479,15.145573,15.760592,17.557482,18.375195,16.073317,16.8076,0.81077236,2.2320404,6.921583,0.6534931,28.03053,41.152985,30.850563,15.758057,21.018637,16.388731,11.703084,13.000003,17.165598,68.06
4446921.924,659409.7026,70.49792,0.9671859,0.66643655,25.647644,30.35519,32.495197,26.92282,26.080452,41.27299,41.27435,42.046883,50.08602,57.213562,32.90362,28.66258,25.564442,23.06902,17.94019,2.3949704,2.041678,6.5467796,7.3137026,1377.9,302.2611,-0.119140625,0.6436593,-0.00769043,35,15,0.8307054,0.4960031,0.26800492,0.28076446,0.30911475,1.0059403,1.3839189,22.631023,19.450912,14.019993,16.399908,13.960158,19.702991,15.738026,17.294958,24.08991,27.079626,17.650908,21.614504,20.061594,21.117435,20.09309,21.590126,17.325453,16.934547,15.389888,14.647057,15.056865,17.473835,17.31325,15.8785715,13.3477745,12.262497,12.8437395,12.29175,12.986473,15.186369,16.54819,12.9268265,12.271003,12.058925,11.958425,10.704699,11.186442,15.18964,16.666367,11.854606,17.21442,16.082846,15.131089,16.617275,16.262379,18.716358,17.576464,16.257277,0.8168112,2.2183242,6.930241,0.6534931,28.001417,41.27367,30.7831,17.414717,21.672438,16.305843,13.638113,12.862214,16.800116,68.06
4446921.924,659414.7026,61.37324,0.96087915,0.67911756,25.601013,30.505714,32.245903,26.91561,26.457695,41.401222,41.345337,42.603466,50.89801,57.44155,32.800182,28.416555,25.281878,22.386135,16.974674,2.3687825,2.048155,6.5762057,7.3308167,1377.95,299.72873,-0.12109375,0.6928272,-0.0078125,35,15,0.8307054,0.4960031,0.26800492,0.28076446,0.30911475,1.0059403,1.3839189,22.564117,19.508896,12.854297,17.33785,15.603862,18.558634,16.809645,17.450726,24.306957,26.701433,17.62469,21.796965,19.767204,21.710915,20.081024,21.668798,16.927368,15.542286,13.710335,13.475156,15.163114,16.649124,16.804182,14.881164,12.694664,9.987973,11.249298,11.533381,13.380538,13.850374,16.39129,11.951939,12.529361,11.095028,9.016435,8.530253,11.429486,15.839527,16.16121,10.65829,19.316824,16.175894,14.925807,16.4427,17.216858,19.60343,18.816132,16.866255,0.8199984,2.208469,6.953511,0.6534931,28.053364,41.37328,30.608368,17.605328,21.712742,15.467367,12.7267885,12.0859,17.499662,68.06
4446921.924,659419.7026,64.88447,0.9489286,0.6894548,25.31743,30.407358,32.267586,26.492985,26.357,41.60792,41.572968,42.90166,51.43673,58.178997,32.659916,28.046627,24.951658,22.282585,16.22453,2.3408456,2.0566118,6.5836635,7.3427415,1378.01,298.12985,0.040039062,0.69867766,0,35,15,0.8307054,0.4960031,0.26800492,0.28076446,0.30911475,1.0059403,1.3839189,22.772974,19.670298,13.127688,17.602993,15.7309885,18.75465,16.983688,17.662848,26.67824,29.141724,18.294664,23.2019,21.049345,23.413017,21.665606,23.248377,17.332035,15.684566,13.8456335,13.661837,15.20297,16.711918,16.905497,15.051061,13.176026,11.011979,11.843082,11.553073,14.034472,13.825773,16.309853,12.382103,12.475513,11.1002245,9.558785,8.898002,11.816129,16.356373,16.34824,10.950198,18.403578,15.222327,14.621287,15.860469,16.779228,18.794258,18.052397,16.237957,0.8191917,2.1987286,6.9632025,0.6534931,27.862394,41.590446,30.353271,17.806183,23.349215,15.620637,13.107752,12.364753,16.819078,68.06
4446921.924,659424.7026,68.49701,0.95251787,0.70794356,25.232262,30.45084,32.24977,26.332827,26.166424,42.000893,41.7055,43.05161,51.68296,58.48672,32.45308,27.786064,24.840647,22.210653,16.033895,2.306148,2.0621812,6.60035,7.3577757,1378.06,292.00638,-0.119140625,0.72604555,-0.006591797,35,15,0.8307054,0.4960031,0.26800492,0.28076446,0.30911475,1.0059403,1.3839189,24.08846,18.964443,12.950371,18.260265,13.833481,17.898586,16.540655,17.577938,26.816254,28.096033,18.140543,23.18574,20.524248,23.135464,22.776114,23.010004,18.792187,14.883377,14.0923815,14.464709,14.275071,16.546904,15.642674,15.293483,15.021534,11.711983,12.439837,11.499105,13.008847,15.572003,14.183441,12.932448,15.971095,11.779304,10.125002,8.802517,10.034928,16.490086,12.471824,11.522083,18.290413,14.99653,15.012352,15.711733,13.979366,18.476242,17.55366,15.881167,0.8302307,2.1841645,6.979063,0.6534931,27.84155,41.853195,30.119572,17.50518,23.239197,15.528188,13.348107,12.23925,16.288612,68.06
4446921.924,659429.7026,63.990078,0.9680472,0.7080136,24.702932,29.94599,32.007206,26.290163,26.457998,42.643547,42.07841,43.662598,51.68521,57.99057,31.989676,27.603672,24.62973,22.211256,15.75251,2.292851,2.0735369,6.6403666,7.370668,1378.13,285.25082,0.040039062,0.81622857,0,35,15,0.8307054,0.4960031,0.26800492,0.28076446,0.30911475,1.0059403,1.3839189,23.654161,19.420633,12.618561,18.58998,12.706342,16.017006,17.236778,17.248503,27.347912,26.04564,18.522406,23.311457,20.501764,22.72976,21.794722,22.945162,20.78154,18.674725,15.551007,15.144228,15.299546,17.949677,17.782654,16.957779,16.11435,15.203392,13.294063,12.226427,13.47577,13.919803,16.109121,13.900245,17.948097,17.230383,14.900257,12.2794285,13.536224,15.14156,15.739591,14.931007,21.781788,16.690765,16.782267,17.568552,14.258319,18.785387,19.714125,17.646572,0.8380304,2.183194,7.005517,0.6534931,27.324461,42.360977,29.796673,17.177637,22.893381,17.31191,14.334703,15.253649,17.940172,68.06
4446921.924,659434.7026,62.598167,1.0013602,0.7385308,24.632057,29.860111,31.600138,26.127848,26.348492,43.712452,42.63014,44.513157,52.190216,58.08215,31.368303,27.228464,24.23771,21.859947,15.532504,2.2722204,2.0603838,6.657912,7.3914804,1378.2,282.60834,-0.12109375,0.9835665,-0.006713867,35,15,0.847835,0.4978532,0.26837814,0.29468167,0.30947348,1.0130786,1.3442968,23.654161,19.420633,12.618561,18.58998,12.706342,16.017006,17.241203,17.248503,27.341364,26.04564,18.518038,23.311457,20.501764,22.72976,21.794722,22.94298,20.2114,18.356339,15.53889,15.009603,15.185337,17.280918,17.347288,16.70861,15.778013,15.005908,13.163528,12.153367,13.402229,13.709331,15.954001,13.742053,16.298725,15.909573,14.664506,11.749539,12.459121,13.846775,14.350635,14.00341,21.45845,16.039415,16.443525,16.962276,13.812818,18.729927,19.347357,17.202011,0.8699455,2.1663022,7.0246964,0.65365666,27.246084,43.171295,29.298384,17.17827,22.89182,16.98997,14.166625,14.182695,17.541967,68.06
4446921.924,659439.7026,65.22132,1.0429862,0.7719793,24.472746,29.709734,31.250074,26.175266,26.231174,44.915348,43.31242,45.19023,52.42317,58.33052,30.642628,26.844225,23.91968,21.558262,15.388793,2.2582388,2.0405424,6.6848726,7.414544,1378.3,282.4509,0.12060547,1.1295699,0.004516602,35,15,0.847835,0.4978532,0.26837814,0.29468167,0.30947348,1.0130786,1.3442968,24.011587,20.969786,11.677936,16.291225,12.18457,15.969814,17.177721,16.717813,25.670534,27.486647,18.224613,22.759342,20.148293,21.604744,21.735895,22.440254,17.372618,14.759835,13.465259,12.796834,15.391484,14.8378725,14.065685,14.526604,16.503445,15.401536,13.171593,13.677173,14.878858,14.097004,15.862836,14.480655,16.609816,17.138233,17.761839,18.04327,17.235983,14.028584,17.74021,17.142843,19.836966,14.403351,15.838551,15.428085,17.137049,18.931076,16.468935,16.581148,0.90748274,2.1493907,7.0497084,0.65365666,27.09124,44.113884,28.743427,16.89752,22.518581,14.669942,14.798922,16.93685,16.86343,68.06
4446921.924,659444.7026,60.323612,1.092941,0.80378336,24.226051,29.53149,30.79278,26.254158,26.080158,46.215252,44.10882,46.213413,52.68364,59.010326,29.886051,26.368576,23.350859,21.200718,15.004836,2.2500863,2.0233853,6.727277,7.456825,1378.39,283.21646,-0.12011719,1.1913618,-0.004394531,35,15,0.847835,0.4978532,0.26837814,0.29468167,0.30947348,1.0130786,1.3442968,24.301464,19.658745,10.658766,16.001057,14.931293,15.554102,16.443106,16.469893,26.15621,27.653648,16.360027,21.346348,19.681177,20.635666,20.292692,21.61753,17.879082,14.437083,12.369885,13.045889,14.016331,18.906654,14.006276,14.501859,14.955116,13.740124,11.783508,12.558658,12.5990095,15.015938,18.30065,13.325986,15.3522625,15.895703,16.65095,17.818192,15.560485,12.090979,18.636745,16.07413,20.567291,15.021182,15.192676,15.724808,14.873657,19.505775,16.452517,16.507793,0.94836223,2.136736,7.0920506,0.65365666,26.87877,45.162037,28.127314,16.792646,21.732252,14.951601,14.136144,16.000761,16.762558,68.06
4446921.924,659449.7026,57.478943,1.1379855,0.8377792,24.04242,29.35779,30.28852,26.441212,26.342443,47.48916,44.786354,46.830833,52.85698,59.06786,29.206087,26.049116,23.183105,20.83656,14.91067,2.2286959,1.9981239,6.7772164,7.4959006,1378.5,282.33286,0.040039062,1.2752236,0,35,15,0.847835,0.4978532,0.26837814,0.29468167,0.30947348,1.0130786,1.3442968,22.906755,18.945707,10.460132,15.592374,14.590442,14.464776,15.954236,15.845687,26.359777,27.857218,16.563597,21.549917,19.884748,20.839237,20.496262,21.8211,17.894379,14.437083,12.369885,13.045889,14.016331,19.004734,14.011926,14.512582,15.562417,13.878769,11.920956,12.701829,12.736457,15.478302,18.465212,13.570759,15.649733,15.9641075,16.718508,17.88089,15.713257,12.275063,18.795021,16.209106,18.746727,14.324249,14.715802,15.363208,14.221164,17.973145,16.279797,15.698341,0.9878824,2.11341,7.1365585,0.65365666,26.700104,46.137756,27.627602,16.130632,21.935823,14.968603,14.391991,16.142368,15.946298,68.06
4446921.924,659454.7026,55.575005,1.1785357,0.8537106,23.822756,29.311247,29.828299,26.363092,26.611862,48.729626,45.32239,47.244682,53.52304,59.884575,28.630535,25.743406,23.173412,20.307219,14.179784,2.2013729,1.9765182,6.849615,7.5432296,1378.61,280.75378,0.080078125,1.1515437,0.010009766,35,15,0.847835,0.4978532,0.26837814,0.29468167,0.30947348,1.0130786,1.3442968,23.765257,19.832136,11.021854,16.030762,15.378846,16.35628,14.455253,16.673594,25.294552,24.992943,16.473736,20.437977,18.964602,20.258793,19.034918,20.727085,22.511478,18.316631,15.53539,15.896387,16.468184,19.335436,20.618942,17.67211,18.084057,12.985714,11.983478,12.6891,14.966042,15.470664,17.63804,14.24619,17.060858,14.790608,16.8416,17.4601,16.38617,14.4777,16.07702,16.475039,17.88647,18.280855,14.84689,16.215565,14.068253,13.906658,18.224447,16.11491,1.0161232,2.0889454,7.1964226,0.65365666,26.567001,47.02601,27.18697,16.691484,20.779644,18.383207,14.831014,16.156294,16.204165,68.06
4446921.924,659459.7026,54.932854,1.181502,0.8561679,23.68308,29.510923,29.195498,27.041594,27.170685,49.47148,45.337563,47.489758,53.562473,59.845608,28.276081,25.650322,23.633202,19.554047,13.704057,2.1696544,1.9562696,6.8172846,7.550056,1378.7,277.1089,0.19921875,0.92395145,0.00769043,35,15,0.847835,0.4978532,0.26837814,0.29468167,0.30947348,1.0130786,1.3442968,23.018923,19.837646,11.704471,16.02174,15.685498,17.535015,14.618736,16.863268,25.492386,24.988668,16.076921,20.599827,18.987093,21.723574,19.512472,20.913946,20.384388,16.31408,13.64804,13.675128,14.113673,18.023289,16.308947,15.653275,20.99419,16.050026,13.703544,14.229452,16.714067,16.124134,18.900486,16.257408,19.463364,15.944115,17.280243,18.196154,17.827185,17.49569,19.996037,18.067305,19.92989,17.082548,15.150397,15.704397,13.743094,12.976658,16.821777,16.149546,1.018835,2.062962,7.18367,0.65365666,26.597002,47.404522,26.963202,16.917433,21.054419,16.066792,16.6737,18.02897,15.915538,68.06
4446921.924,659464.7026,52.724133,1.1485593,0.8263579,23.767107,29.695072,28.679844,27.234459,27.520975,49.66536,44.94555,48.00685,53.722214,58.98187,28.148642,25.771614,23.65907,19.177408,14.521671,2.1270227,1.9418689,6.829602,7.54646,1378.76,273.68378,-0.27978516,0.8898447,-0.012207031,35,15,0.8368535,0.5023078,0.2701696,0.30273274,0.3093729,1.0120912,1.3429214,23.18208,19.837646,11.704471,16.02174,15.685498,17.535015,14.664649,16.89046,25.492386,24.988668,16.076921,20.599827,18.987093,21.723574,19.512472,20.913946,20.384388,16.31408,13.64804,13.675128,14.113673,18.023289,16.308947,15.653275,20.99419,16.050026,13.703544,14.229452,16.714067,16.124134,18.900486,16.257408,19.415771,15.897212,17.237371,18.153011,17.782969,17.44246,19.956911,18.02211,19.92989,17.082548,15.150397,15.704397,13.743094,12.976658,16.821777,16.149546,0.9874586,2.0344458,7.188031,0.65377843,26.73109,47.305454,26.960129,16.947302,21.054419,16.066792,16.6737,17.983671,15.915538,68.06
4446921.924,659469.7026,51.527737,1.104696,0.7898709,23.68276,30.046276,28.137394,27.287224,27.60605,49.710896,44.271828,48.503937,54.043736,59.101673,28.156382,25.879896,23.648972,18.78412,14.453778,2.0861812,1.9306204,6.8083887,7.528608,1378.85,275.39426,0.15966797,0.7625432,0.00769043,35,15,0.8368535,0.5023078,0.2701696,0.30273274,0.3093729,1.0120912,1.3429214,23.042282,19.89892,11.407916,16.050259,14.177669,16.868862,16.040215,16.55487,24.745312,25.908464,16.322035,20.24226,18.597324,19.992798,18.838175,20.580637,20.640648,16.15648,12.953612,14.287333,16.482862,15.334207,14.800751,15.584831,20.164967,16.086859,13.113098,14.323816,17.859781,16.129004,17.207968,15.915439,19.143204,17.521315,16.942888,17.001198,18.109941,16.66988,17.96842,17.60995,16.926289,16.386513,13.555172,15.336601,16.35268,13.509659,14.970113,15.1360445,0.9472835,2.008401,7.168498,0.65377843,26.864517,46.991364,27.018139,16.783731,20.663769,15.807984,16.412212,17.622408,15.291003,68.06
4446921.924,659474.7026,52.541874,1.055676,0.7618354,23.398046,30.307528,27.591448,27.356306,27.624798,49.776196,43.78741,49.347565,54.607178,59.676006,28.100245,25.841349,23.226555,18.147516,13.853459,2.0410957,1.9189458,6.8023634,7.521346,1378.9,277.7061,0.000488281,0.5346169,0.001098633,35,15,0.8368535,0.5023078,0.2701696,0.30273274,0.3093729,1.0120912,1.3429214,23.529274,20.146677,11.765087,16.916508,12.253552,15.676018,16.277048,16.59708,23.280727,25.479416,16.301853,20.7981,19.106947,19.903988,18.584433,20.449966,17.792486,16.174973,13.284499,13.198794,16.196404,16.293753,15.108445,15.012544,19.815447,16.035973,13.46711,14.276497,15.27739,16.421038,16.4216,15.631008,18.277506,17.489677,17.091953,18.861568,15.652603,15.436422,18.966377,17.476599,16.429134,15.930061,13.872226,14.430151,17.62348,16.181461,13.896961,15.266881,0.90875566,1.9800208,7.1618547,0.65377843,26.852787,46.781803,26.970797,16.652023,20.493637,15.435622,15.959292,17.396587,15.480497,68.06
4446921.924,659479.7026,60.104748,1.0076517,0.7290515,23.279573,30.58515,27.18281,27.316515,27.499233,49.909218,43.339096,49.686024,54.80533,59.764107,28.09617,25.796114,23.242758,17.977594,13.844886,1.9873587,1.9067758,6.7893925,7.5096774,1378.94,281.33148,-0.000488281,0.36485627,0.003295898,35,15,0.8368535,0.5023078,0.2701696,0.30273274,0.3093729,1.0120912,1.3429214,23.56028,20.34791,11.808804,16.951824,12.304469,15.687956,16.394257,16.665295,23.507488,25.54716,16.355103,20.85135,19.189188,20.070967,18.864452,20.547047,17.772593,16.174973,13.284499,13.220467,16.196404,16.293753,15.095932,15.013743,19.815653,16.041601,13.46711,14.276497,15.27794,16.421864,16.4216,15.631883,18.272543,17.489677,15.983369,18.196417,14.913547,14.88213,18.596848,16.92148,16.424665,15.930061,13.872226,14.427808,17.62348,16.1756,13.893055,15.265161,0.8683516,1.9470673,7.149535,0.65377843,26.932362,46.624157,26.946142,16.722214,20.62653,15.434089,15.960322,16.904934,15.4781275,68.06
4446921.924,659484.7026,69.92673,0.96605575,0.699089,23.171154,30.980785,26.950495,27.27712,27.200472,50.007023,42.952873,49.882774,54.751324,59.71097,28.128487,25.697935,23.105957,18.040676,14.086163,1.9364789,1.893921,6.7666044,7.496305,1378.97,299.74487,0.16015625,0.23119096,0.008911133,35,15,0.8368535,0.5023078,0.2701696,0.30273274,0.3093729,1.0120912,1.3429214,24.009216,21.508032,12.631199,17.602903,13.90064,16.49128,15.721766,17.440823,24.2502,26.01007,16.502598,21.07277,19.204857,19.913021,18.41623,20.767542,18.36182,16.495834,13.804601,14.148582,15.383125,15.370359,16.192038,15.299706,18.26088,17.408373,14.289308,15.028885,16.472017,15.729153,15.289664,15.995168,18.203718,17.509466,16.852047,17.380316,17.90174,15.883632,17.169874,17.359694,20.235113,20.518066,16.483711,16.903358,20.134085,17.275148,16.09645,18.015993,0.83257234,1.9152,7.1314545,0.65377843,27.07597,46.47995,26.913212,17.40929,20.767105,15.679481,16.068325,17.271542,18.235134,68.06
4446921.924,659489.7026,79.62456,0.93934816,0.67534375,23.216663,30.832554,26.543804,26.268412,26.465414,49.848984,42.785954,50.437866,55.822025,60.459026,28.048767,25.552082,22.763426,18.107185,13.914962,1.9176137,1.8852491,6.727124,7.48577,1378.98,320.7106,0.040039062,0.20377946,0.004394531,35,15,0.8368535,0.5023078,0.2701696,0.30273274,0.3093729,1.0120912,1.3429214,23.947515,21.662043,14.190494,18.22701,13.965858,16.65291,15.56788,18.095865,23.70253,26.633291,16.982283,21.021845,18.613653,19.39317,18.540556,20.760704,17.437107,17.645119,13.700358,14.3788395,14.292629,17.452366,16.558077,15.445435,17.41491,16.90677,14.058273,15.034755,15.388542,17.40102,15.522873,15.7692995,19.07422,18.238504,16.76294,17.391489,16.379503,17.820768,17.501848,17.601568,21.185303,19.973347,15.141033,16.833235,14.665544,23.560318,20.45501,18.175997,0.807346,1.9014314,7.106447,0.65377843,27.024609,46.317467,26.800425,17.744816,20.69819,15.923499,15.96102,17.59561,18.83054,68.06
4446921.924,659494.7026,75.40347,0.926763,0.6773777,23.344091,30.99467,26.216206,26.13619,25.550865,49.585148,42.56038,50.489857,55.676155,60.463783,28.183258,25.507645,22.996624,18.330664,14.552235,1.913171,1.8793769,6.6908503,7.470565,1378.99,333.43494,0.080078125,0.19236283,0.004394531,35,15,0.8494065,0.5005583,0.24231151,0.2847708,0.3079677,1.006722,1.3416165,23.947515,21.662043,14.190494,18.22701,13.965858,16.65291,15.56788,18.095865,23.70253,26.633291,16.982283,21.021845,18.613653,19.39317,18.540556,20.760704,17.437107,17.645119,13.700358,14.3788395,14.292629,17.452366,16.558077,15.445435,17.41491,16.90677,14.058273,15.034755,15.388542,17.40102,15.522873,15.7692995,19.07422,18.238504,16.76294,17.391489,16.379503,17.820768,17.501848,17.601568,21.185303,19.973347,15.141033,16.833235,14.665544,23.560318,20.45501,18.175997,0.8020704,1.896274,7.0807076,0.6476219,27.16938,46.07276,26.845451,17.744816,20.69819,15.923499,15.96102,17.59561,18.83054,68.06
4446921.924,659499.7026,73.00008,0.9153931,0.67469656,23.38422,31.088348,25.911207,25.931528,24.66833,49.445675,42.53953,50.593575,55.90741,60.75445,28.191757,25.296219,23.09345,18.265106,14.582938,1.9125179,1.8771063,6.623813,7.4472833,1378.99,338.9625,-0.080078125,0.1997035,-0.003295898,35,15,0.8494065,0.5005583,0.24231151,0.2847708,0.3079677,1.006722,1.3416165,23.888277,20.872808,12.728409,17.790377,15.712913,16.00173,12.58534,17.587326,23.578331,26.3785,16.708887,20.35247,18.059904,19.509783,18.870323,20.521194,16.8541,15.036742,13.857761,14.22632,14.674712,17.322136,16.461107,14.981973,16.454336,15.548027,14.538356,13.83172,15.794223,14.78594,17.097765,15.047225,17.602358,16.693125,16.711092,16.771572,16.125856,14.889641,16.862597,16.808657,17.55318,14.987512,15.802648,14.086169,17.650486,23.052254,20.00627,16.435688,0.79504484,1.8948121,7.035548,0.6476219,27.236284,45.992603,26.743988,17.082836,20.494028,15.490411,15.435767,16.52232,17.591217,68.06
4446921.924,659504.7026,70.44389,0.90679944,0.6852569,23.399385,30.879871,25.608068,26.238558,23.237122,49.516758,42.669395,50.537376,55.653717,62.487274,28.083439,25.016453,23.484114,18.099669,14.508565,1.9141233,1.8794249,6.5920005,7.4306264,1379,323.74615,-0.040039062,0.26669905,-0.004394531,35,15,0.8494065,0.5005583,0.24231151,0.2847708,0.3079677,1.006722,1.3416165,23.281315,20.999388,13.352935,16.931973,14.437856,17.334473,13.856407,17.430964,24.55375,25.906744,16.378622,20.102665,19.392786,20.103912,19.382128,20.706305,17.064259,14.7042055,14.277355,14.275034,14.955266,16.587889,16.435986,15.064362,16.615223,15.044763,14.461232,13.58282,15.882953,14.722808,17.458817,14.945827,16.905205,16.512682,16.39742,16.86738,15.348609,15.781694,18.303343,16.588634,18.353706,14.938943,16.161953,17.32417,17.637768,17.35852,20.007492,16.85138,0.79602814,1.896774,7.0113134,0.6476219,27.13963,46.09308,26.549946,17.170622,20.831516,15.471429,15.395516,16.588047,17.397507,68.06
4446921.924,659509.7026,75.49453,0.8919644,0.68445486,23.386623,30.919525,25.431644,26.1749,22.48804,49.862232,42.953545,50.563602,55.70688,62.744667,27.8222,24.610647,23.525967,18.090492,14.527856,1.9077705,1.8863405,6.530565,7.4064527,1379.02,315,0,0.32442692,0,35,15,0.8494065,0.5005583,0.24231151,0.2847708,0.3079677,1.006722,1.3416165,23.281315,20.999388,13.352935,16.931973,14.437856,17.334473,13.856407,17.430964,24.55375,25.906744,16.378622,20.102665,19.392786,20.103912,19.382128,20.706305,17.064259,14.7042055,14.277355,14.275034,14.955266,16.587889,16.435986,15.064362,16.615223,15.044763,14.461232,13.58282,15.882953,14.722808,17.458817,14.945827,16.905205,16.512682,16.39742,16.86738,15.348609,15.781694,18.303343,16.588634,18.353706,14.938943,16.161953,17.32417,17.637768,17.35852,20.007492,16.85138,0.7882096,1.8970555,6.9685087,0.6476219,27.153074,46.40789,26.216423,17.170622,20.831516,15.471429,15.395516,16.588047,17.397507,68.06
4446921.924,659514.7026,78.16422,0.88070947,0.6909914,23.319433,30.844213,25.267824,26.16425,21.86056,50.292088,43.411076,50.7627,55.638187,62.475056,27.46381,24.307125,23.304705,18.177408,15.177141,1.9057349,1.8903612,6.4813333,7.386751,1379.04,315,0,0.30390337,0.001098633,35,15,0.8494065,0.5005583,0.24231151,0.2847708,0.3079677,1.006722,1.3416165,24.30084,19.89255,13.272563,16.074104,12.554484,16.695303,14.503829,16.970652,24.989534,26.203896,16.739523,19.98679,19.416609,19.780731,17.929258,20.788183,19.777302,14.548527,14.145999,14.21093,16.63859,17.315315,15.730419,15.762229,18.62894,14.756059,14.357795,13.712033,15.767331,15.914813,17.520166,15.37934,18.205809,16.664661,16.929914,16.1739,15.812744,15.055452,17.10714,16.69828,23.05346,15.570201,16.194864,16.677006,19.940817,21.673761,22.469122,18.598083,0.7858504,1.898048,6.934042,0.6476219,27.081823,46.85158,25.885468,16.756239,20.720905,16.05244,15.808162,16.564232,19.36846,68.06
4446921.924,659519.7026,76.16976,0.87602437,0.66442937,23.660198,31.183874,25.342588,26.071571,21.595802,50.58406,44.12727,50.93224,55.856796,62.81776,27.083076,24.169973,23.040827,18.089611,15.001238,1.9100429,1.889097,6.3780127,7.368568,1379.06,310.90372,0.041015625,0.28385758,0.002319336,35,15,0.8494065,0.5005583,0.24231151,0.2847708,0.3079677,1.006722,1.3416165,23.471636,19.947762,14.181315,15.284528,12.648308,17.919285,14.202319,17.083755,24.08898,25.842676,16.493109,20.235064,18.513788,20.664171,19.161972,20.564907,18.63862,16.591326,13.069127,13.913396,18.20888,16.460918,15.948327,15.696969,16.992949,15.464038,14.112502,13.589299,16.95458,16.2571,18.542479,15.334156,16.477577,17.605066,16.643415,16.131691,16.479753,16.75145,17.823908,16.785992,23.622286,19.759314,14.137187,16.587206,22.569094,21.616905,19.902754,19.000114,0.77022684,1.89957,6.87329,0.6476219,27.422035,47.355667,25.626526,16.807878,20.71425,16.118656,15.987564,16.844694,19.742107,68.06
4446921.924,659524.7026,76.54407,0.875851,0.6802299,23.966764,30.878098,25.325008,26.146254,21.589558,50.902622,45.1901,51.669487,56.037205,62.3496,26.559258,24.217604,22.538904,17.815489,15.653309,1.9105014,1.8782445,6.360896,7.3743916,1379.08,306.84888,0.0390625,0.28602192,0.003295898,35,15,0.8547059,0.49654374,0.24436288,0.28983015,0.3055833,1.0046095,1.3422345,23.209303,19.997858,14.261845,15.344648,12.636365,17.689308,14.132763,17.050348,23.655117,25.850359,16.499512,20.242748,18.521475,19.77599,19.184135,20.424026,18.63862,16.591326,13.069127,13.913396,18.20888,16.460918,15.948327,15.696969,16.854916,15.430283,14.120664,13.572614,16.922527,16.119057,18.554674,15.290685,16.477577,17.605066,16.643415,16.131691,16.479753,16.75145,17.823908,16.785992,23.622286,19.759314,14.137187,16.587206,22.569094,21.616905,19.902754,19.000114,0.7780404,1.8943729,6.867644,0.64826715,27.422432,48.046364,25.388432,16.753157,20.532763,16.118656,15.939247,16.844694,19.742107,68.06
4446921.924,659529.7026,72.40568,0.8756223,0.68148667,24.13966,30.552896,25.309057,26.115536,21.677849,51.146206,46.210583,52.491825,56.13514,62.33782,25.94655,24.103344,22.169365,17.734884,15.684993,1.9102409,1.8660202,6.34418,7.3836865,1379.1,325.31604,0.12011719,0.22645816,0.008911133,35,15,0.8547059,0.49654374,0.24436288,0.28983015,0.3055833,1.0046095,1.3422345,23.795563,18.662888,14.683951,15.040464,14.147334,18.07132,14.609006,17.148354,24.269016,24.989655,16.60497,20.042631,18.532661,20.744534,19.66774,20.530762,19.61161,15.377651,12.810551,13.586973,15.858659,15.470327,15.541036,15.084304,18.245243,14.342262,13.182213,13.384639,15.782295,15.8557,18.597403,14.894572,17.44536,15.536598,16.094618,16.158636,15.887759,18.137997,17.929296,16.539259,23.451727,16.851898,14.751183,16.848835,19.833769,22.910995,16.371876,18.08434,0.77855444,1.8881305,6.8639336,0.64826715,27.34628,48.678394,25.024948,17.001505,20.69303,15.465259,15.627108,16.741467,18.717182,68.06
4446921.924,659534.7026,67.47302,0.8782158,0.67899525,24.376072,30.106302,25.343004,25.95793,21.397629,51.27736,47.124996,53.204876,55.738987,62.035507,25.289497,24.150263,22.013073,18.30201,17.013054,1.9134649,1.8575436,6.30908,7.384966,1379.1,333.43494,-0.080078125,0.25648305,-0.004394531,35,15,0.8547059,0.49654374,0.24436288,0.28983015,0.3055833,1.0046095,1.3422345,23.795563,18.662888,14.683951,15.040464,14.147334,18.07132,14.609006,17.148354,24.269016,24.989655,16.60497,20.042631,18.532661,20.744534,19.66774,20.530762,19.61161,15.377651,12.810551,13.586973,15.858659,15.470327,15.541036,15.084304,18.245243,14.342262,13.182213,13.384639,15.782295,15.8557,18.597403,14.894572,17.44536,15.536598,16.094618,16.158636,15.887759,18.137997,17.929296,16.539259,23.451727,16.851898,14.751183,16.848835,19.833769,22.910995,16.371876,18.08434,0.7786055,1.8855042,6.847023,0.64826715,27.241188,49.20118,24.71988,17.001505,20.69303,15.465259,15.627108,16.741467,18.717182,68.06
4446921.924,659539.7026,69.231674,0.87435585,0.6751002,24.54375,29.88562,25.489796,25.925453,21.60483,51.469074,47.71522,53.73266,55.81263,61.89984,24.602217,24.092398,21.730122,18.242931,17.064777,1.9027301,1.8551894,6.2875643,7.382178,1379.12,339.77515,0.12011719,0.29031855,0.008911133,35,15,0.8547059,0.49654374,0.24436288,0.28983015,0.3055833,1.0046095,1.3422345,22.99593,20.89887,14.68106,16.25456,12.661687,18.07132,15.44173,17.361086,24.500038,25.15837,16.91199,19.909832,18.109478,21.237324,19.826721,20.638706,18.96344,14.8259,14.571735,13.217863,14.066368,15.447374,16.64211,15.0493355,18.110939,14.653313,15.340617,13.664843,14.600602,15.891063,18.68429,15.365289,21.375256,18.731005,18.85974,19.33501,17.486319,20.291283,19.654512,19.415415,23.809305,17.375223,17.550861,16.145466,19.341291,22.997717,16.492683,18.70844,0.77472806,1.8789598,6.8348713,0.64826715,27.214685,49.592148,24.347307,17.286451,20.807678,15.390685,15.8493805,19.390446,19.101793,68.06
4446921.924,659544.7026,76.44179,0.87781215,0.6728088,24.584694,29.747246,25.743555,25.856564,21.703611,51.410027,48.054466,54.019638,56.04243,61.79231,24.06556,24.314844,21.78138,18.08015,17.465654,1.9051231,1.8598336,6.2586775,7.376394,1379.12,356.9872,0.040039062,0.27279574,0.002197266,35,15,0.8547059,0.49654374,0.24436288,0.28983015,0.3055833,1.0046095,1.3422345,23.644487,21.152304,13.216667,15.784903,13.933715,16.204937,15.584989,17.126837,24.188309,26.158594,16.90228,20.310032,17.805647,20.546135,18.771112,20.63318,19.100088,16.251215,14.54157,13.987715,14.04869,16.388369,16.751158,15.532897,18.322662,14.567815,15.644704,14.877113,14.193303,15.827556,16.885748,15.65352,21.601566,20.018501,18.742584,19.927189,17.85064,18.7359,19.896294,19.709032,23.848583,20.59327,17.555107,18.988369,20.159643,18.451046,19.524382,19.899218,0.7753105,1.8824784,6.8175354,0.64826715,27.16597,49.732246,24.1902,17.074572,20.668873,15.866972,15.759843,19.538954,19.874344,68.06
4446921.924,659549.7026,76.71823,0.8856591,0.6793354,24.501217,29.053085,26.13259,25.305828,21.120886,51.030693,48.003853,53.83714,57.076027,63.86535,24.070879,24.744974,21.933884,17.74814,16.720526,1.926549,1.8702472,6.243417,7.365575,1379.12,3.3664598,0,0.24416472,0.003295898,35,15,0.8547059,0.49654374,0.24436288,0.28983015,0.3055833,1.0046095,1.3422345,23.644487,21.152304,13.216667,15.784903,13.933715,16.204937,15.584989,17.126837,24.188309,26.158594,16.90228,20.310032,17.805647,20.546135,18.771112,20.63318,19.100088,16.251215,14.54157,13.987715,14.04869,16.388369,16.751158,15.532897,18.322662,14.567815,15.644704,14.877113,14.193303,15.827556,16.885748,15.65352,21.601566,20.018501,18.742584,19.927189,17.85064,18.7359,19.896294,19.709032,23.848583,20.59327,17.555107,18.988369,20.159643,18.451046,19.524382,19.899218,0.7824973,1.8983982,6.804496,0.64826715,26.777151,49.517273,24.407927,17.074572,20.668873,15.866972,15.759843,19.538954,19.874344,68.06
4446921.924,659554.7026,88.89729,0.8909038,0.66454196,24.322039,28.587845,26.93526,25.237064,21.450901,50.223286,47.390278,52.652313,56.949783,62.642662,24.821335,24.994774,22.18659,17.923063,17.321619,1.9609375,1.8888991,6.2487884,7.3554792,1379.12,0,0.080078125,0.2294057,0.002197266,35,15,0.8410257,0.49969134,0.26681933,0.30273086,0.30795735,1.0046704,1.3520734,22.923073,20.504723,12.825404,18.403477,15.556972,18.035713,17.234678,17.749132,23.267828,25.706194,18.010612,20.030994,18.934725,20.91293,18.897017,20.766731,16.80585,16.061583,14.795821,14.310803,14.14293,16.48729,18.463425,15.324359,16.357208,15.966775,16.466858,13.997302,14.027007,15.531037,19.219494,15.499845,20.635265,20.428225,19.522295,19.929703,17.93754,19.12953,18.239277,19.762716,18.457474,20.226824,19.552582,15.083859,17.050648,18.83278,23.356583,18.378447,0.77772284,1.9249183,6.8021336,0.6535669,26.45494,48.80678,24.908054,17.92629,20.8229,15.866815,15.937953,19.40312,18.93725,68.06
4446921.924,659559.7026,102.196625,0.8992315,0.66482514,24.292347,28.459938,27.85449,25.075928,21.500366,49.32064,46.60738,51.23767,56.995968,62.510582,25.755081,25.56589,22.391495,17.982653,17.384474,2.0012305,1.9132403,6.2509756,7.3342376,1379.12,8.130101,0.040039062,0.20276815,0.005615234,35,15,0.8410257,0.49969134,0.26681933,0.30273086,0.30795735,1.0046704,1.3520734,23.24923,20.987661,13.562261,17.521732,14.014034,16.797722,16.55937,17.47891,24.022514,26.572535,17.036562,20.673443,19.098139,20.600857,18.624432,20.82675,18.011328,15.237529,14.7388,14.421435,13.974805,15.5987835,16.234371,15.249839,17.784615,17.296152,16.48783,13.811935,13.893178,15.228264,17.820173,15.813808,21.056404,20.722258,18.37443,19.57481,18.095816,18.510967,17.62335,19.469694,21.471268,21.471756,18.764624,15.050699,17.553438,13.066395,23.010275,18.331213,0.7820283,1.9572353,6.7926064,0.6535669,26.376143,47.964012,25.660484,17.52743,20.946926,15.459579,16.046022,19.136862,18.62692,68.06
4446921.924,659564.7026,91.9915,0.90172863,0.6633849,24.251852,28.422632,28.840902,25.124311,21.554247,48.554977,45.771545,49.794773,56.346695,62.334972,26.515627,26.108475,22.804989,18.385832,17.653265,2.0355237,1.9372983,6.236094,7.2996616,1379.11,30.963757,0,0.16720712,-0.002197266,35,15,0.8410257,0.49969134,0.26681933,0.30273086,0.30795735,1.0046704,1.3520734,23.24923,20.987661,13.562261,17.521732,14.014034,16.797722,16.55937,17.47891,24.022514,26.572535,17.036562,20.673443,19.098139,20.600857,18.624432,20.82675,18.011328,15.237529,14.7388,14.421435,13.974805,15.5987835,16.234371,15.249839,17.784615,17.296152,16.48783,13.811935,13.893178,15.228264,17.820173,15.813808,21.056404,20.722258,18.37443,19.57481,18.095816,18.510967,17.62335,19.469694,21.471268,21.471756,18.764624,15.050699,17.553438,13.066395,23.010275,18.331213,0.7825568,1.986411,6.7678776,0.6535669,26.337242,47.16326,26.31205,17.52743,20.946926,15.459579,16.046022,19.136862,18.62692,68.06
4446921.924,659569.7026,74.301155,0.8977166,0.65926087,24.119402,27.807775,29.722933,24.848997,21.591953,48.091316,44.991817,48.58438,56.48462,62.85283,27.053085,26.45983,22.72928,18.36754,17.207733,2.0573575,1.9620591,6.2092032,7.2503195,1379.1,23.19859,-0.12011719,0.109194316,-0.006713867,35,15,0.8410257,0.49969134,0.26681933,0.30273086,0.30795735,1.0046704,1.3520734,23.451176,19.997484,12.042282,16.91319,14.035702,17.297913,15.931354,16.92641,23.096338,22.714327,16.176117,20.587177,17.850197,19.79813,16.824823,19.712835,18.10767,15.259952,14.193996,13.980753,13.840604,15.599056,16.656311,15.035535,16.858545,16.780258,15.907821,14.404348,14.325816,14.376316,20.102827,15.55454,17.598423,17.332664,17.132694,17.53513,15.87027,15.534208,20.023867,17.045326,20.927517,16.141626,20.181326,15.254326,17.502605,13.192608,23.203596,17.971899,0.77848876,2.0097084,6.729761,0.6535669,25.963589,46.541565,26.756458,17.095585,19.57816,15.376907,16.10799,17.289608,18.05766,68.06
4446921.924,659574.7026,75.61812,0.88161635,0.6452869,23.91381,27.97354,30.515015,25.104372,21.75618,47.932514,44.422028,47.48354,55.530407,63.733498,27.282698,26.495335,22.935032,18.715641,16.219772,2.061677,1.978733,6.190503,7.200239,1379.1,18.434948,-0.040039062,0.09068098,-0.003295898,35,15,0.8410257,0.49969134,0.26681933,0.30273086,0.30795735,1.0046704,1.3520734,23.870094,20.073477,11.967931,15.126181,12.482606,13.445399,16.136347,16.18049,23.140762,22.718956,16.826185,18.647402,17.739325,19.367939,19.096092,19.606665,17.75904,15.446854,13.736617,13.662216,14.375285,16.340565,18.304163,15.07508,16.514862,16.652771,16.015446,14.534418,14.76609,14.910622,22.696447,15.779809,16.826519,17.160719,17.826082,17.034525,15.362689,14.312315,21.421196,16.869665,23.40766,15.090004,18.032259,16.009113,20.780615,16.487782,22.389174,18.488672,0.76345164,2.020205,6.695371,0.6535669,25.943676,46.17727,26.889015,16.157433,19.648092,15.660676,16.58438,17.134863,18.88523,68.06
4446921.924,659579.7026,81.73604,0.880869,0.63874394,23.873941,27.110819,30.944307,24.98067,21.501501,47.85414,44.225143,46.79917,55.515316,64.29615,27.518755,26.546707,22.582483,18.780933,15.855026,2.0589616,1.9659961,6.1799707,7.156623,1379.1,8.130101,0,0.101384394,-0.001098633,35,15,0.8410257,0.49969134,0.26681933,0.30273086,0.30795735,1.0046704,1.3520734,23.870094,20.073477,11.967931,15.126181,12.482606,13.445399,16.136347,16.18049,23.140762,22.718956,16.826185,18.647402,17.739325,19.367939,19.096092,19.606665,17.75904,15.446854,13.736617,13.662216,14.375285,16.340565,18.304163,15.07508,16.514862,16.652771,16.015446,14.534418,14.76609,14.910622,22.696447,15.779809,16.826519,17.160719,17.826082,17.034525,15.362689,14.312315,21.421196,16.869665,23.40766,15.090004,18.032259,16.009113,20.780615,16.487782,22.389174,18.488672,0.75980645,2.0124788,6.668297,0.6535669,25.49238,46.039642,27.03273,16.157433,19.648092,15.660676,16.58438,17.134863,18.88523,68.06
4446921.924,659584.7026,77.00233,0.88333976,0.63066864,23.636648,27.047155,30.961668,25.074295,21.077265,47.988342,44.56811,46.42527,55.40472,64.475395,27.666847,26.586765,22.425516,18.828651,15.554461,2.0540762,1.9347152,6.186024,7.1282067,1379.1,0,0,0.11470331,0,35,15,0.846486,0.49721578,0.2733844,0.30934715,0.30992213,1.0093197,1.4308466,23.821707,22.24704,11.415089,15.537081,12.075573,15.805098,15.794803,16.460451,23.992672,26.556152,16.510775,20.563808,17.323296,20.601818,16.710833,20.461523,18.11481,16.083055,13.643368,15.164121,15.560478,18.840065,16.335918,15.74643,16.570206,16.896269,14.747318,15.844973,15.528984,16.570374,17.571196,15.865788,18.173067,19.369207,16.541979,17.761465,15.176308,14.742079,18.36423,17.15898,23.454115,20.340937,19.203524,17.53917,22.666656,21.94622,20.19961,20.524443,0.7570042,1.9943957,6.6571155,0.66807455,25.341902,46.27823,27.126806,16.670914,20.322765,16.24883,16.247046,17.16119,20.764318,68.06
4446921.924,659589.7026,70.43951,0.902154,0.61999625,23.746828,27.069021,30.82947,25.050951,20.218105,48.140274,45.104095,46.116207,54.970375,64.87999,27.766146,27.089712,23.213455,19.401001,15.977803,2.0487826,1.8974253,6.1910553,7.102298,1379.1,0,0,0.11470331,0,35,15,0.846486,0.49721578,0.2733844,0.30934715,0.30992213,1.0093197,1.4308466,24.0831,22.014456,10.968544,16.279621,12.48467,17.085304,16.097544,16.74588,24.533909,26.451157,16.19607,21.071445,18.210678,22.040012,17.714521,20.91137,19.903793,16.598244,13.401553,15.478808,15.838267,20.877262,17.48751,16.377453,17.729807,15.624054,13.912147,16.53633,15.363354,15.458365,17.304604,15.716328,17.985725,16.951803,15.8673315,19.04598,15.212527,13.319327,18.274755,16.768633,22.979908,19.597387,16.365742,17.84937,22.411242,19.312057,24.022802,19.464766,0.76107514,1.973104,6.6466765,0.66807455,25.407925,46.622185,27.427929,17.00189,20.888256,17.083635,15.989809,16.66535,20.362642,68.06
4446921.924,659594.7026,62.359436,0.90209776,0.6143415,23.731407,27.18894,30.555174,25.135141,19.79573,48.53954,45.61524,46.139755,54.887928,64.805214,27.618492,26.931679,23.116077,19.444174,15.943399,2.0423434,1.8724052,6.225334,7.084656,1379.1,333.43494,-0.040039062,0.12824216,-0.003295898,35,15,0.846486,0.49721578,0.2733844,0.30934715,0.30992213,1.0093197,1.4308466,24.0831,22.014456,10.968544,16.279621,12.48467,17.085304,16.097544,16.74588,24.533909,26.451157,16.19607,21.071445,18.210678,22.040012,17.714521,20.91137,19.903793,16.598244,13.401553,15.478808,15.838267,20.877262,17.48751,16.377453,17.729807,15.624054,13.912147,16.53633,15.363354,15.458365,17.304604,15.716328,17.985725,16.951803,15.8673315,19.04598,15.212527,13.319327,18.274755,16.768633,22.979908,19.597387,16.365742,17.84937,22.411242,19.312057,24.022802,19.464766,0.7582196,1.9573743,6.654995,0.66807455,25.460175,47.07739,27.275085,17.00189,20.888256,17.083635,15.989809,16.66535,20.362642,68.06
4446921.924,659599.7026,90.34989,0.9050247,0.61337215,23.603613,27.164991,30.257303,25.196756,19.284222,49.00645,45.940266,46.21143,54.809544,65.027824,27.336971,26.927925,23.18649,19.4709,15.883484,2.0404637,1.8594873,6.261578,7.0678587,1379.11,324.4623,0.040039062,0.12333938,0.002197266,35,15,0.846486,0.49721578,0.2733844,0.30934715,0.30992213,1.0093197,1.4308466,24.17973,21.60071,12.718975,17.049175,13.390653,17.852325,15.595935,17.42718,23.960037,24.158697,16.601784,21.188517,19.483486,21.251678,19.281483,20.788992,18.598692,15.657054,12.660134,14.615877,14.548737,18.949997,15.6766,15.264885,16.918701,16.246878,13.9485445,15.464354,15.055385,16.600258,16.518091,15.46725,20.758896,19.97735,18.91445,19.84927,18.569065,16.89886,18.43405,19.500782,22.565056,19.43461,14.168309,16.302273,19.284605,20.229887,20.133749,17.852245,0.7591984,1.9499755,6.6647186,0.66807455,25.384302,47.47336,27.132448,17.483929,20.846525,15.815298,15.821744,19.05742,18.87407,68.06
4446921.924,659604.7026,75.56174,0.8958776,0.6036428,23.233776,26.921133,30.012077,25.03454,19.029188,49.609478,46.02202,46.36344,55.038845,65.093575,26.908644,26.782795,22.646511,19.50058,15.550388,2.0297115,1.8544067,6.2871323,7.0513906,1379.11,315,-0.080078125,0.101384394,-0.005615234,35,15,0.846486,0.49721578,0.2733844,0.30934715,0.30992213,1.0093197,1.4308466,24.347145,20.55184,12.692775,16.426207,13.637523,17.852325,15.606486,17.219587,23.846346,22.623917,16.415438,20.490316,19.323889,21.251678,16.450727,20.09306,19.343939,15.3008795,12.750267,15.191403,13.807166,19.03874,15.883537,15.401703,18.336203,17.108473,13.6483965,15.916873,16.214708,16.600258,19.301811,15.998563,21.382357,20.85686,18.652075,20.26527,19.762623,16.795414,19.543812,19.87628,23.365799,20.090708,13.846275,17.86121,19.343328,20.229887,20.142532,18.319326,0.7497602,1.942059,6.6692615,0.66807455,25.077454,47.81575,26.845718,17.302042,20.057474,15.902276,16.732388,19.608341,19.268534,68.06
4446921.924,659609.7026,56.989285,0.89465296,0.602754,23.098907,26.881573,30.182146,25.29549,18.667915,49.91024,45.97839,46.175438,54.842747,65.29903,26.731363,26.85794,22.647211,19.582441,15.486404,2.0275085,1.8444955,6.276601,7.044189,1379.12,296.56506,-0.040039062,0.12824216,-0.003295898,35,15,0.846486,0.49721578,0.2733844,0.30934715,0.30992213,1.0093197,1.4308466,24.347145,20.55184,12.692775,16.426207,13.637523,17.852325,15.606486,17.219587,23.846346,22.623917,16.415438,20.490316,19.323889,21.251678,16.450727,20.09306,19.343939,15.3008795,12.750267,15.191403,13.807166,19.03874,15.883537,15.401703,18.336203,17.108473,13.6483965,15.916873,16.214708,16.600258,19.301811,15.998563,21.382357,20.85686,18.652075,20.26527,19.762623,16.795414,19.543812,19.87628,23.365799,20.090708,13.846275,17.86121,19.343328,20.229887,20.142532,18.319326,0.7487035,1.936002,6.6603947,0.66807455,24.99024,47.944313,26.794651,17.302042,20.057474,15.902276,16.732388,19.608341,19.268534,68.06
4446921.924,659614.7026,45.816643,0.88993955,0.6020486,22.975231,26.853886,30.844025,25.791843,18.4375,49.979816,45.83273,45.64265,54.491173,65.478035,26.789732,26.949028,22.600607,19.748682,15.42875,2.021036,1.8267578,6.213943,7.0470443,1379.13,291.80142,-0.080078125,0.15442389,-0.004394531,35,15,0.8332364,0.51678866,0.27565965,0.32578123,0.31012934,1.0127726,1.4903129,23.87984,20.404322,11.512916,14.21242,14.322839,16.288565,15.923551,16.306648,24.759026,20.675745,16.942692,20.689886,19.922213,22.784584,14.614614,20.250074,20.494675,17.108095,13.890452,15.348394,15.689754,22.458925,15.798908,16.675093,20.405985,17.768494,15.923832,15.232203,15.644887,16.8096,19.307215,16.860565,20.362976,21.59023,19.50279,19.964405,18.518196,17.52766,21.236628,19.891596,22.730453,24.623955,21.578453,19.52903,21.530045,20.000374,24.419975,21.725027,0.7459941,1.9238968,6.6304936,0.6806687,24.914558,47.906273,26.86938,16.649208,20.055536,17.2556,17.298887,19.8147,22.058899,68.06
4446921.924,659619.7026,51.73856,0.8814654,0.59892416,22.691923,26.63621,31.68937,26.26897,18.001284,49.996704,45.406628,44.94431,54.46347,66.32955,26.864748,26.999304,22.62365,19.714685,15.220293,2.0122213,1.8155068,6.1650553,7.05477,1379.15,281.30994,0.040039062,0.21932714,0,35,15,0.8332364,0.51678866,0.27565965,0.32578123,0.31012934,1.0127726,1.4903129,24.535666,19.190569,11.075528,14.057889,14.996349,17.160578,16.221434,16.374891,21.72763,21.123396,16.357237,19.555971,19.276646,20.9117,16.248966,19.482641,17.497131,18.098742,16.128622,15.204885,19.147417,19.873634,17.429993,17.220716,18.999435,16.585432,15.305122,14.8311825,17.674072,15.976778,19.186125,16.46802,20.646706,21.566221,19.005306,20.076694,18.321228,16.002327,19.374937,19.417055,22.875261,23.188086,24.190973,22.832478,22.062386,20.718191,23.453897,22.910889,0.7401948,1.9138641,6.609913,0.6806687,24.664066,47.701668,26.932026,16.748287,19.314505,17.625774,16.936878,19.284775,22.760181,68.06
4446921.924,659624.7026,65.898125,0.87434435,0.597603,22.61006,26.649849,32.608627,26.818514,17.794151,49.916138,44.668476,44.130333,54.14554,66.508194,26.936234,27.133844,22.568388,19.841854,15.156744,2.0071783,1.8198283,6.106423,7.0603147,1379.17,275.72446,-0.03955078,0.28749055,-0.001098633,35,15,0.8332364,0.51678866,0.27565965,0.32578123,0.31012934,1.0127726,1.4903129,24.500607,19.143824,11.00541,13.973747,15.387517,17.160578,17.003769,16.377039,23.230549,23.287483,17.595781,21.130713,20.871023,22.446022,17.923063,21.045294,17.408531,18.00153,16.128622,15.153941,19.050207,19.786156,17.488054,17.151592,19.150526,16.59944,15.374921,14.789221,17.68808,15.990786,19.316387,16.507162,20.646706,21.566221,19.005306,20.076694,18.321228,16.002327,19.374937,19.417055,22.875261,23.188086,24.190973,22.832478,22.062386,20.718191,23.453897,22.910889,0.7359737,1.9135033,6.583369,0.6806687,24.629955,47.292305,27.035038,16.882208,20.926378,17.573862,16.987051,19.284775,22.760181,68.06
4446921.924,659629.7026,69.76788,0.8698018,0.59634054,22.527401,26.660507,33.28768,27.246574,17.63759,49.905106,43.85918,43.57827,53.902786,66.6604,26.944414,27.298738,22.512894,19.93505,15.103345,2.00459,1.8238409,6.0596523,7.0644746,1379.2,274.18988,-0.12060547,0.5887086,-0.013427734,35,15,0.8332364,0.51678866,0.27565965,0.32578123,0.31012934,1.0127726,1.4903129,24.466997,19.98325,9.730451,15.258604,14.055016,16.449064,17.476233,16.21905,23.135275,24.082085,18.016897,21.035252,20.900816,21.878534,17.798212,21.056704,17.340427,18.019928,16.59728,15.332251,17.924843,19.90261,19.26922,17.266966,18.635485,18.266348,14.54721,14.1777525,15.637382,15.621939,18.486689,16.028585,20.394592,18.437721,18.571379,19.014708,17.142326,15.92997,18.234392,18.54814,23.04313,23.43207,23.319366,20.458836,22.20331,20.664629,22.504797,22.292196,0.7330712,1.9142154,6.562063,0.6806687,24.593954,46.88214,27.121576,16.774231,20.978155,17.769508,16.481829,18.24644,22.232304,68.06
4446916.924,659309.7026,49.49408,0.8784372,0.68235034,24.46338,34.57196,28.425121,26.148642,22.453842,45.035072,37.751102,48.784935,58.71957,63.721386,29.986261,26.793718,22.774553,15.30549,12.934023,1.8041795,2.020422,5.8224945,7.222058,1378.02,33.690067,0.040039062,0.3101739,0.005615234,35,15,0.8121442,0.5080224,0.23862112,0.27415583,0.30715352,1.0354825,0.79892963,23.756927,20.55554,11.201022,15.863101,14.427587,18.010588,17.967415,16.923502,26.10345,27.216478,17.925188,22.746838,20.93731,24.403553,21.949097,22.7872,17.526825,17.074606,13.530328,14.432767,16.034525,19.131111,13.886399,15.660629,13.287981,13.63182,12.851933,14.130102,12.340898,14.685236,14.832249,13.377261,14.078621,12.50787,10.614295,13.435562,13.839696,11.495594,13.077069,12.451131,17.33387,18.938204,18.135424,18.347939,18.274294,16.937725,17.181337,17.896675,0.7803938,1.9123008,6.522276,0.56778705,29.51767,41.39309,28.38999,17.397455,23.040274,15.945223,13.68003,12.721244,17.878399,68.06
4446916.924,659314.7026,49.69447,0.8737512,0.664119,24.432436,34.4788,28.42761,26.16475,22.710182,44.713203,37.900978,48.76235,58.25834,63.443813,30.501408,26.824007,22.788109,15.703259,13.319633,1.8331549,2.0182416,5.872966,7.2198696,1378,50.44033,0.12011719,0.42773372,0.006713867,35,15,0.8445138,0.5152204,0.2612952,0.29266262,0.30983636,1.0089668,1.3528653,24.19964,19.94866,12.267803,15.927261,13.598361,18.35315,16.628199,16.97988,27.169376,27.631006,18.065962,23.375957,21.045778,23.760893,21.146177,23.06711,19.111078,16.996569,13.989797,13.645529,15.653668,20.86462,15.560649,15.931957,14.173971,12.720196,12.581416,11.871666,14.036111,14.073147,15.064037,13.014725,15.779795,12.499169,10.507642,9.930231,14.640574,12.921949,13.456528,12.177494,17.908497,17.454752,17.567049,15.540067,19.013544,16.948702,17.751364,17.23406,0.7689351,1.9256983,6.5464177,0.6550515,29.45562,41.30709,28.662708,17.274725,23.170736,16.545986,13.502936,12.819412,17.454853,68.06
4446916.924,659319.7026,56.0365,0.8674158,0.6523576,24.486729,34.104298,29.21911,26.89291,23.607508,44.459774,38.497852,47.77492,56.38287,61.029346,31.05207,26.363806,22.989513,16.86967,14.676092,1.8647517,2.0147834,5.936974,7.252114,1377.96,52.409306,-0.080566406,0.4697863,-0.004516602,35,15,0.8445138,0.5152204,0.2612952,0.29266262,0.30983636,1.0089668,1.3528653,23.948524,19.787256,12.058888,15.602205,13.370574,18.20246,16.55963,16.755545,25.024553,25.518097,17.475386,21.912777,19.654427,22.079626,19.56717,21.562002,18.937428,16.815653,13.818932,13.458849,15.656562,20.743652,15.452514,15.787337,14.185585,12.404866,12.339234,11.110113,13.3144045,14.191202,14.350726,12.635549,15.94651,12.536237,9.775426,9.563047,14.079826,12.795575,13.173594,11.872851,18.876368,18.38932,17.898512,16.122784,19.5474,18.010946,18.474392,17.909555,0.7598867,1.9397676,6.594544,0.6550515,29.295513,41.478813,28.70794,17.07565,21.604578,16.411942,13.128018,12.552888,18.188534,68.06
4446916.924,659324.7026,60.015015,0.8831339,0.6428539,24.41216,33.957527,28.538393,26.191015,23.53502,44.0682,38.46889,47.791862,56.888977,61.771286,31.74315,26.949957,23.67096,16.920052,14.644225,1.9192944,2.018158,5.9952526,7.2189026,1377.93,52.413197,-0.0390625,0.4695411,-0.001098633,35,15,0.8445138,0.5152204,0.2612952,0.29266262,0.30983636,1.0089668,1.3528653,22.957157,19.717443,11.898753,17.363293,12.928024,16.760185,17.09129,16.786314,25.254335,27.018267,17.475004,21.624554,19.294851,22.683647,21.340052,21.822508,19.880476,17.39135,14.804443,13.892105,14.139543,17.920197,19.674911,16.17283,16.591377,12.199921,13.23481,12.005786,14.507172,13.656509,16.478836,13.79139,15.501121,13.458255,10.394084,9.162107,12.951013,13.358948,16.910454,12.197777,20.612873,19.962633,16.39788,16.010563,17.128248,17.134539,18.687866,17.726734,0.76299393,1.9687262,6.6070776,0.6550515,29.184845,41.268547,29.346554,16.959448,22.098675,16.814718,14.096344,13.10514,17.990658,68.06
4446916.924,659329.7026,69.66295,0.88509566,0.63840294,24.348408,33.853794,28.552322,26.20242,23.74958,43.627617,38.61435,47.76659,56.464375,61.471405,32.512665,27.008724,23.677973,17.322454,15.12725,1.9737476,2.0236483,6.0507784,7.2128735,1377.9,49.972363,0.040039062,0.46787184,0,35,15,0.8445138,0.5152204,0.2612952,0.29266262,0.30983636,1.0089668,1.3528653,23.274975,19.76609,12.039295,16.000149,12.719401,19.261047,16.760881,16.725466,24.168892,26.337961,17.460371,21.464632,18.62643,22.22631,20.841372,21.30371,19.027245,17.11321,14.066823,14.409465,14.444515,18.22559,16.572508,15.764031,15.179735,12.758777,12.914552,11.822863,13.3129835,17.308094,13.717521,13.4318285,16.764694,11.202807,9.866375,9.65085,12.815941,16.946253,16.08226,12.104758,19.34043,18.874273,16.831854,17.088652,17.690794,17.225473,19.041567,17.686335,0.76174927,1.998698,6.631826,0.6550515,29.1011,41.120983,29.760695,17.117405,21.589426,16.265623,13.859217,13.33274,18.013292,68.06
4446916.924,659334.7026,71.3883,0.87918156,0.6368575,24.818148,34.07417,29.675833,27.11935,23.928625,42.922646,38.40305,46.387333,54.69874,60.509583,33.291122,27.291714,23.941526,18.287083,15.96804,2.040447,2.0567417,6.149056,7.252244,1377.87,39.802704,-0.040039062,0.44767597,-0.001098633,35,15,0.8445138,0.5152204,0.2612952,0.29266262,0.30983636,1.0089668,1.3528653,22.733572,17.555033,10.010379,13.731071,10.744766,18.982521,15.892472,15.019096,24.168892,26.337961,16.483704,20.842735,18.094973,21.827719,20.575644,20.830332,19.124815,17.280157,14.156098,14.446241,14.814664,18.231432,16.646328,15.886153,14.451752,10.481571,10.319146,9.354738,11.472636,16.81876,13.069084,11.591483,16.57819,11.008545,9.543096,9.277067,12.837405,16.961235,16.070753,11.89566,19.101597,18.562365,16.229094,16.717583,17.235172,16.58623,18.771074,17.263107,0.75801957,2.0485945,6.70065,0.6550515,29.44616,40.66285,30.291418,15.66426,21.190231,16.385677,12.281098,13.182327,17.600445,68.06
4446916.924,659339.7026,66.3813,0.88716245,0.6403912,24.774843,34.00825,30.254576,27.880621,24.6683,42.300728,38.28044,45.816284,53.247093,58.819016,33.929577,27.537113,23.9088,19.057629,16.7913,2.1019583,2.0757794,6.207721,7.2247877,1377.85,35.153446,0.079589844,0.47282866,0.003295898,35,15,0.8445138,0.5152204,0.2612952,0.29266262,0.30983636,1.0089668,1.3528653,22.709875,16.962648,9.582128,14.408182,12.926585,19.438673,14.559326,15.284722,24.087593,25.56293,16.49401,20.608227,18.777687,23.625374,20.647045,20.920094,20.367554,17.782104,16.38602,14.414751,16.558292,21.304165,17.337631,17.236359,16.204012,10.654901,11.050671,10.052078,11.174111,18.092825,14.216464,12.376457,17.617409,14.277371,10.836182,8.819781,10.272846,18.74783,16.606865,12.697553,18.340736,19.6415,17.875856,16.621578,15.486747,17.731575,18.47957,17.59964,0.7637768,2.0888689,6.716254,0.6550515,29.391548,40.290585,30.733345,15.7982025,21.40041,17.73579,13.0635805,13.882612,17.739653,68.06
4446916.924,659344.7026,75.13685,0.8714991,0.64617425,24.869425,33.51098,30.204678,28.080114,25.20199,41.849293,38.34584,45.69806,52.493366,57.226875,34.193893,27.649445,24.071281,19.634315,17.6436,2.1598501,2.0638363,6.2409134,7.22074,1377.82,29.750265,-0.12109375,0.46159372,-0.005615234,35,15,0.84318686,0.49456653,0.2667849,0.2784825,0.30901054,1.0118577,1.3423159,22.80685,17.14344,9.132974,13.483953,12.200938,18.454248,14.523356,14.845906,24.577581,25.052343,16.814728,20.69942,18.446344,23.389072,20.831068,20.976002,19.417143,16.42833,17.308462,13.994769,14.776721,21.244503,17.326593,16.82418,15.589767,9.496153,11.530341,9.78041,10.970177,16.136862,14.663463,12.004071,15.770235,14.760922,11.77417,8.790702,10.480863,16.995691,17.967184,12.558563,17.637884,18.3383,18.619123,16.268856,15.9971,18.181805,18.736582,17.533245,0.7588367,2.111843,6.7308264,0.6494579,29.1902,40.097565,30.921669,15.39225,21.401508,17.213787,12.595309,13.791396,17.682808,68.06
4446916.924,659349.7026,92.53217,0.8841052,0.6562584,24.979624,33.368835,30.302357,28.10924,25.410204,41.38952,38.173733,45.5362,52.092064,57.007084,34.38138,27.794027,24.121046,19.975174,17.895039,2.2153957,2.0652175,6.281017,7.2199583,1377.81,30.385319,0.12109375,0.48118487,0.006713867,35,15,0.84318686,0.49456653,0.2667849,0.2784825,0.30901054,1.0118577,1.3423159,22.80685,17.14344,9.132974,13.483953,12.200938,18.454248,14.523356,14.845906,24.577581,25.052343,16.814728,20.69942,18.446344,23.389072,20.831068,20.976002,19.417143,16.42833,17.308462,13.994769,14.776721,21.244503,17.326593,16.82418,15.589767,9.496153,11.530341,9.78041,10.970177,16.136862,14.663463,12.004071,15.770235,14.760922,11.77417,8.790702,10.480863,16.995691,17.967184,12.558563,17.637884,18.3383,18.619123,16.268856,15.9971,18.181805,18.736582,17.533245,0.7701818,2.1403065,6.7504873,0.6494579,29.174229,39.781624,31.087704,15.39225,21.401508,17.213787,12.595309,13.791396,17.682808,68.06
4446916.924,659354.7026,74.8239,0.89681715,0.66568905,25.210089,32.96394,30.530836,28.357594,25.890081,40.829533,37.973003,44.4015,51.276688,55.61071,34.587315,28.086699,25.044,20.538046,18.674383,2.2763517,2.087809,6.3137274,7.2273126,1377.78,31.518023,-0.03955078,0.5207645,-0.002197266,35,15,0.84318686,0.49456653,0.2667849,0.2784825,0.30901054,1.0118577,1.3423159,24.604837,17.863783,9.1537895,14.15563,10.258033,17.912615,15.229785,15.014407,25.521212,24.729929,16.233702,21.300207,18.634363,22.795256,19.01156,20.965803,17.276814,16.859228,14.382346,14.127922,16.744152,22.163696,16.151289,16.15975,13.622871,8.684884,9.184525,9.770958,12.637646,14.528048,13.218529,11.060341,16.276478,12.814237,12.327718,13.072771,14.853948,19.320736,17.708735,14.31564,19.365223,17.410303,16.382875,16.938477,16.760252,18.491432,19.717361,17.591356,0.7812531,2.1820803,6.77052,0.6494579,29.087013,39.401268,31.337006,15.596924,21.175175,16.815063,11.663923,15.196375,17.86656,68.06
4446916.924,659359.7026,89.267845,0.9089902,0.67282677,25.32206,32.50678,30.770695,28.000572,25.838148,40.39129,37.73927,44.186443,51.187668,55.227432,34.76118,28.391956,25.002968,20.88103,19.154219,2.3214288,2.0924575,6.331778,7.2133803,1377.76,25.81156,0,0.49352902,-0.001098633,35,15,0.84318686,0.49456653,0.2667849,0.2784825,0.30901054,1.0118577,1.3423159,22.535082,17.926064,8.218421,13.6416855,11.087995,14.963483,12.929023,14.286274,26.215033,25.654104,16.396013,21.071264,19.370539,23.025866,19.11776,21.343134,20.172768,17.186312,13.957269,14.0581455,17.754984,21.856554,18.050156,16.626595,15.062058,11.022079,9.827769,9.800435,14.363701,14.821398,14.504014,12.013309,19.018219,15.915738,12.156345,13.104014,15.091587,17.155975,18.994764,14.99108,19.678896,19.614372,17.646486,16.912546,17.957125,17.698002,19.594324,18.285791,0.79090846,2.206943,6.772579,0.6494579,28.91442,39.065277,31.576569,14.47168,21.550083,17.576597,12.771636,15.91952,18.443106,68.06
4446916.924,659364.7026,71.12537,0.9163231,0.67642516,25.427553,32.433075,30.885431,28.022324,26.082163,40.025913,37.50256,43.953316,50.968227,55.034332,34.868427,28.507643,25.10359,21.053833,19.296453,2.3571975,2.098956,6.369013,7.213568,1377.74,20.772255,-0.080078125,0.44469818,-0.005615234,35,15,0.84318686,0.49456653,0.2667849,0.2784825,0.30901054,1.0118577,1.3423159,22.53697,17.930952,8.218242,13.64147,11.087995,14.963483,12.929023,14.28711,26.215033,25.654104,16.396013,21.071264,19.370539,23.025866,19.11776,21.343134,20.172768,17.186312,13.957269,14.0581455,17.754984,21.856554,18.050156,16.626595,14.744349,10.81279,9.639104,9.770031,14.347035,14.423204,14.326528,11.828679,18.309134,15.60059,11.841195,13.104014,15.091587,16.210527,18.594395,14.675931,19.678896,19.614372,17.646486,16.912546,17.957125,17.698002,19.594324,18.285791,0.79637414,2.228077,6.7912903,0.6494579,28.930313,38.764236,31.688034,14.472592,21.550083,17.576597,12.580435,15.535919,18.443106,68.06
4446916.924,659369.7026,71.76943,0.937148,0.67378867,25.683022,32.199444,31.642365,28.49421,26.708185,39.6949,37.18818,41.92955,48.699482,53.028236,34.814106,29.323639,26.417778,22.727901,20.393675,2.3958325,2.117777,6.45132,7.2140484,1377.73,4.085616,-0.12011719,0.40247834,-0.0078125,35,15,0.84318686,0.49456653,0.2667849,0.2784825,0.30901054,1.0118577,1.3423159,22.74988,18.463507,7.613973,13.974138,10.848126,14.800064,13.897156,14.289516,25.018541,27.09433,16.253214,20.494165,18.60483,23.616291,20.468567,21.25408,18.938772,15.729076,14.043504,13.806233,16.896427,20.176817,17.478563,16.08077,14.256535,8.952149,8.500146,8.733427,12.57124,13.325821,13.722491,10.660883,16.666887,13.450839,11.950591,12.73216,15.54316,16.351896,15.335819,14.148483,18.910095,18.248487,16.339891,15.878331,18.084764,17.940434,18.910933,17.397787,0.8054683,2.256805,6.8326845,0.6494579,28.941233,38.44154,32.06887,14.620978,21.64999,16.7242,11.4374,14.575908,17.758991,68.06
4446916.924,659374.7026,64.91299,0.95415545,0.6635571,25.848627,31.819313,31.22671,28.082108,26.499445,39.90712,37.65331,41.74336,49.523262,54.30195,34.41698,29.584547,27.106508,22.300905,19.718775,2.4081793,2.1051865,6.4519277,7.193625,1377.74,347.90524,0.040039062,0.4105689,0.001098633,35,15,0.8398359,0.49938536,0.26927346,0.28363553,0.31009418,1.0171878,1.3903697,23.641321,18.677711,8.191808,14.166092,13.74541,14.543374,14.112015,14.990085,25.401249,24.987268,16.256641,20.667572,18.927454,23.462372,20.59102,21.118967,19.173271,15.069871,14.220185,14.247816,16.293852,19.412617,16.916563,16.03599,12.39547,8.715766,9.43241,9.691195,10.675664,13.493332,13.274986,10.530771,16.760529,13.387883,12.219859,12.529969,11.099678,15.693245,13.789744,13.570382,19.598494,15.408698,16.442644,17.26567,17.288816,17.880304,17.283812,17.349974,0.80885625,2.2566829,6.8227763,0.6585403,28.83397,38.780212,32.000763,15.296817,21.470509,16.476313,11.096975,13.640129,17.309778,68.06
4446916.924,659379.7026,62.629417,0.95561665,0.651601,25.900135,31.437527,31.21608,28.118664,26.7173,40.290653,38.412567,41.8108,49.376556,54.11795,33.964527,29.566914,27.057022,22.408415,19.840158,2.4034834,2.0807977,6.470489,7.207883,1377.75,347.90524,0.080078125,0.4105689,0.004394531,35,15,0.8398359,0.49938536,0.26927346,0.28363553,0.31009418,1.0171878,1.3903697,23.641321,18.677711,8.191808,14.166092,13.74541,14.543374,14.112015,14.990085,25.401249,24.987268,16.256641,20.667572,18.927454,23.462372,20.59102,21.118967,19.173271,15.069871,14.220185,14.247816,16.293852,19.412617,16.916563,16.03599,12.39547,8.715766,9.43241,9.691195,10.675664,13.493332,13.274986,10.530771,16.760529,13.387883,12.219859,12.529969,11.099678,15.693245,13.789744,13.570382,19.598494,15.408698,16.442644,17.26567,17.288816,17.880304,17.283812,17.349974,0.80360883,2.2421405,6.8391857,0.6585403,28.66883,39.35161,31.76572,15.296817,21.470509,16.476313,11.096975,13.640129,17.309778,68.06
4446916.924,659384.7026,70.222916,0.9564712,0.64512557,26.01344,31.422321,31.23583,27.81654,26.41871,40.62139,39.173485,42.35472,49.434494,55.320675,33.584774,29.15393,26.482174,22.560205,19.418732,2.3938203,2.0561051,6.5058675,7.251631,1377.75,335.86554,-0.16015625,0.45542598,-0.010009766,35,15,0.8398359,0.49938536,0.26927346,0.28363553,0.31009418,1.0171878,1.3903697,23.190498,19.766165,8.865781,14.821192,14.473166,14.671477,12.909728,15.391094,24.204468,26.467527,16.347576,20.742722,19.747246,22.68066,20.101364,21.06484,18.632555,16.18936,13.738606,14.079753,14.293248,20.745975,17.212078,15.649509,11.79307,8.832448,9.007042,9.714461,11.468613,13.5871,14.074631,10.437932,13.609462,13.640649,11.420177,14.855852,11.847214,17.492725,15.901684,13.591518,17.094019,17.994797,16.235743,16.162733,16.467833,18.316196,16.46982,16.655313,0.8007984,2.2249627,6.878749,0.6585403,28.71788,39.897438,31.369352,15.528288,21.470224,16.413084,11.211052,14.10968,16.963018,68.06
4446916.924,659389.7026,67.87663,0.9494481,0.63565814,25.883402,31.300179,32.16775,27.52644,26.434868,40.956577,39.900105,41.287582,49.27148,55.403843,33.23693,28.906246,26.659624,22.932596,19.588497,2.3859665,2.0623295,6.521321,7.2736635,1377.78,321.56152,0.000488281,0.5301625,-0.001098633,35,15,0.8398359,0.49938536,0.26927346,0.28363553,0.31009418,1.0171878,1.3903697,22.61436,17.576187,9.120586,15.307643,12.524142,14.659925,16.215307,15.008464,24.793081,26.184624,16.799885,20.880747,19.087055,22.491175,21.433493,21.300526,18.556946,15.496375,14.039241,14.49803,13.319095,19.785667,16.799314,15.614722,12.552593,8.6937475,9.642676,9.792182,10.380344,13.365816,12.795405,10.595416,14.942015,12.276691,13.059479,14.052153,11.919345,16.565243,17.240475,13.908299,18.62262,15.535777,15.8423,15.949905,16.8175,17.844658,20.149755,16.810644,0.7925531,2.224148,6.8974924,0.6585403,28.59179,40.42834,31.071589,15.431165,21.66715,16.070667,11.031823,14.29363,17.25179,68.06
4446916.924,659394.7026,67.11882,0.9434399,0.62419933,25.902876,31.078188,32.23568,27.583649,26.667078,41.104465,40.545235,41.453197,49.07822,55.274204,33.046623,28.737852,26.476267,23.080864,19.634148,2.3746665,2.052931,6.53943,7.2943697,1377.81,311.04984,-0.07910156,0.588666,-0.005493164,35,15,0.8398359,0.49938536,0.26927346,0.28363553,0.31009418,1.0171878,1.3903697,22.629671,17.606806,9.146103,15.3260145,12.544556,14.675236,16.252167,15.033483,24.391514,25.487707,16.771524,20.455124,18.850529,22.089935,21.122322,20.972181,18.660791,15.750049,14.262868,14.716329,13.556779,19.814213,16.335144,15.807141,13.379774,9.518841,10.474049,10.463144,11.205436,13.763701,13.341279,11.355239,13.655741,10.777035,11.557126,12.81393,10.383951,15.49734,16.071909,12.529304,18.51721,15.411805,15.722164,15.8320675,16.685865,17.753975,20.046532,16.693502,0.7838196,2.2137988,6.9168997,0.6585403,28.490532,40.824852,30.892239,15.454366,21.309805,16.156597,11.735175,12.965289,17.138517,68.06
4446916.924,659399.7026,59.532593,0.94244426,0.6375618,25.602337,30.399067,32.059383,27.38335,27.160002,41.286194,41.317417,42.1644,49.464382,55.35317,32.840443,28.38896,26.013943,22.977045,19.01253,2.3680081,2.0380557,6.5610094,7.324086,1377.86,309.30786,0.119628906,0.61080116,0.006591797,35,15,0.8398359,0.49938536,0.26927346,0.28363553,0.31009418,1.0171878,1.3903697,22.368675,17.24031,9.96135,15.356114,10.929256,18.599009,15.85168,15.236336,24.624704,26.432825,16.411942,20.711,17.873968,20.71884,20.357182,20.752737,18.683401,17.44102,14.529519,15.394262,14.283839,17.479675,16.909409,15.995926,13.566618,10.579563,10.72385,10.4768505,10.344872,13.087151,13.142674,11.339221,13.680558,12.677035,11.086365,12.696076,12.807757,15.120382,12.931846,12.561573,19.71555,17.531479,15.145573,15.760592,17.557482,18.375195,16.073317,16.8076,0.79000306,2.203032,6.942548,0.6585403,28.000702,41.301804,30.6147,15.758057,21.018637,16.388731,11.703084,13.000003,17.165598,68.06
4446916.924,659404.7026,66.95064,0.952104,0.6574461,25.71531,30.452818,32.45261,27.37546,26.696476,41.25854,41.40764,42.169334,49.732067,56.678867,32.858616,28.43333,25.513258,22.852383,18.178343,2.3524985,2.0388937,6.560349,7.3268123,1377.89,311.3282,-0.119628906,0.62935597,-0.006591797,35,15,0.8307054,0.4960031,0.26800492,0.28076446,0.30911475,1.0059403,1.3839189,22.368675,17.24031,9.96135,15.356114,10.929256,18.599009,15.85168,15.236336,24.624704,26.432825,16.411942,20.711,17.873968,20.71884,20.357182,20.752737,18.683401,17.44102,14.529519,15.394262,14.283839,17.479675,16.909409,15.995926,13.566618,10.579563,10.72385,10.4768505,10.344872,13.087151,13.142674,11.339221,13.680558,12.677035,11.086365,12.696076,12.807757,15.120382,12.931846,12.561573,19.71555,17.531479,15.145573,15.760592,17.557482,18.375195,16.073317,16.8076,0.804775,2.195696,6.9435806,0.6534931,28.084064,41.33309,30.645973,15.758057,21.018637,16.388731,11.703084,13.000003,17.165598,68.06
4446916.924,659409.7026,66.53782,0.951043,0.66932416,25.884884,30.356709,32.206615,26.801792,26.369987,41.176846,41.403194,41.90097,50.644733,57.493305,32.883377,28.446291,26.085999,22.587936,17.558443,2.3317544,2.029305,6.565547,7.3295045,1377.94,308.30328,-0.000976563,0.69336975,0,35,15,0.8307054,0.4960031,0.26800492,0.28076446,0.30911475,1.0059403,1.3839189,22.631023,19.450912,14.014537,16.39336,13.960158,19.702991,15.725066,17.292229,24.08991,27.079626,17.799118,21.724686,20.092995,21.06275,20.101873,21.649504,17.299038,16.941566,15.394984,14.647479,15.054161,17.408821,17.288715,15.870266,13.308603,12.260821,12.842796,12.29227,12.967912,15.154989,16.525606,12.913392,12.271003,12.058925,11.958425,10.704699,11.186442,15.18964,16.666367,11.854606,17.21442,16.082846,15.125793,16.614096,16.258848,18.865738,17.671722,16.2673,0.8101836,2.1805296,6.947526,0.6534931,28.120796,41.29002,30.664833,17.41115,21.70728,16.29068,13.621857,12.862214,16.833353,68.06
4446916.924,659414.7026,73.06683,0.94840795,0.6872471,25.613882,30.590555,32.351467,26.587053,26.172396,40.946938,41.264877,42.099377,50.734596,58.680683,33.099987,28.32966,25.6772,22.778837,16.479637,2.3160865,2.042494,6.589644,7.342739,1377.99,304.985,0.040039062,0.6995453,0.001098633,35,15,0.8307054,0.4960031,0.26800492,0.28076446,0.30911475,1.0059403,1.3839189,22.772974,19.670298,13.127688,17.602993,15.7309885,18.75465,16.983688,17.662848,26.67824,29.141724,18.294664,23.2019,21.049345,23.413017,21.665606,23.248377,17.332035,15.684566,13.8456335,13.661837,15.20297,16.711918,16.905497,15.051061,13.176026,11.011979,11.843082,11.553073,14.034472,13.825773,16.309853,12.382103,12.475513,11.1002245,9.558785,8.898002,11.816129,16.356373,16.34824,10.950198,18.403578,15.222327,14.621287,15.860469,16.779228,18.794258,18.052397,16.237957,0.8178275,2.1792903,6.9661913,0.6534931,28.102219,41.105907,30.714825,17.806183,23.349215,15.620637,13.107752,12.364753,16.819078,68.06
4446916.924,659419.7026,79.24423,0.9357493,0.69542754,25.302177,30.866629,32.38583,26.573458,26.71994,40.761402,41.072197,42.243397,51.031097,58.4299,33.24898,28.110672,25.483307,22.570318,15.837153,2.299049,2.0627356,6.6291814,7.3640227,1378.04,301.35846,0.000976563,0.6877655,0.001098633,35,15,0.8307054,0.4960031,0.26800492,0.28076446,0.30911475,1.0059403,1.3839189,22.772974,19.670298,13.127688,17.602993,15.7309885,18.75465,16.983688,17.662848,26.67824,29.141724,18.294664,23.2019,21.049345,23.413017,21.665606,23.248377,17.332035,15.684566,13.8456335,13.661837,15.20297,16.711918,16.905497,15.051061,13.176026,11.011979,11.843082,11.553073,14.034472,13.825773,16.309853,12.382103,12.475513,11.1002245,9.558785,8.898002,11.816129,16.356373,16.34824,10.950198,18.403578,15.222327,14.621287,15.860469,16.779228,18.794258,18.052397,16.237957,0.8155884,2.1808922,6.996602,0.6534931,28.084404,40.9168,30.679827,17.806183,23.349215,15.620637,13.107752,12.364753,16.819078,68.06
4446916.924,659424.7026,69.72716,0.9369692,0.71126443,25.252192,30.996786,32.499153,26.394098,26.667658,40.70538,40.863613,42.060173,51.193516,58.691593,33.39508,28.023205,25.55274,22.616436,15.642055,2.2759786,2.0780494,6.6579776,7.3822613,1378.09,297.62732,-0.000976563,0.6790657,-0.002319336,35,15,0.8307054,0.4960031,0.26800492,0.28076446,0.30911475,1.0059403,1.3839189,24.205063,19.013319,12.898063,18.19682,13.802048,17.976898,16.64093,17.57714,27.356339,28.573526,18.064844,23.311285,20.616257,23.386435,22.874662,23.217161,21.672422,17.354881,13.93525,15.156412,14.911457,18.06884,17.579226,16.478045,17.551426,14.1248045,12.613971,12.220082,13.709014,16.747591,14.931938,14.0983925,19.294823,15.889169,13.807401,12.342313,13.511376,19.65144,15.14906,15.100413,21.26635,17.651865,16.320467,17.509466,15.720569,20.326723,19.311918,17.887093,0.8241168,2.1770139,7.0201197,0.6534931,28.124489,40.784496,30.709143,17.533306,23.454763,16.95407,14.556975,15.663655,18.30105,68.06
4446916.924,659429.7026,72.739586,0.9568018,0.7291546,24.885126,30.567852,32.13131,26.203314,26.765676,41.211285,41.350197,42.97174,52.03879,58.902477,33.01281,27.679482,25.056076,22.001131,14.961107,2.2718778,2.0782635,6.6785026,7.4005275,1378.14,288.44318,-0.19970703,0.76985794,-0.011108398,35,15,0.8307054,0.4960031,0.26800492,0.28076446,0.30911475,1.0059403,1.3839189,23.654161,19.420633,12.618561,18.58998,12.706342,16.017006,17.236778,17.248503,27.347912,26.04564,18.522406,23.311457,20.501764,22.72976,21.794722,22.945162,20.78154,18.674725,15.551007,15.144228,15.299546,17.949677,17.782654,16.957779,16.11435,15.203392,13.294063,12.226427,13.47577,13.919803,16.109121,13.900245,17.948097,17.230383,14.900257,12.2794285,13.536224,15.14156,15.739591,14.931007,21.781788,16.690765,16.782267,17.568552,14.258319,18.785387,19.714125,17.646572,0.8429782,2.1750708,7.039515,0.6534931,27.72649,41.28074,30.346146,17.177637,22.893381,17.31191,14.334703,15.253649,17.940172,68.06
4446916.924,659434.7026,69.87406,1.0114989,0.75162596,24.847748,30.005432,31.895287,26.283316,26.745998,42.205196,41.98576,43.42769,51.97148,57.96956,32.375153,27.611567,24.92038,21.91857,15.49996,2.2786856,2.0641923,6.6910133,7.403475,1378.22,281.6339,-0.000488281,0.9944371,-0.006713867,35,15,0.847835,0.4978532,0.26837814,0.29468167,0.30947348,1.0130786,1.3442968,23.55033,19.300348,12.594238,18.59956,12.685582,16.00632,17.040358,17.208258,25.5262,24.198473,18.524097,22.643635,19.843369,21.69755,20.991705,22.025564,20.2114,18.356339,15.53889,15.009603,15.185337,17.280918,17.347288,16.70861,15.778013,15.005908,13.163528,12.153367,13.402229,13.709331,15.8720665,13.742053,16.274454,15.880798,14.626002,11.705144,12.450065,13.837719,14.374089,13.974629,21.741983,15.509801,15.344111,15.2710285,14.373378,18.998737,18.829605,16.544298,0.8815625,2.171439,7.047244,0.65365666,27.42659,42.095478,29.993359,17.110964,21.91786,16.98997,14.154921,14.16404,17.152664,68.06
4446916.924,659439.7026,72.715515,1.0701773,0.8080139,24.71401,29.990557,31.487577,26.357489,26.195593,43.476547,42.862286,44.52409,52.264164,59.623096,31.540977,27.167042,24.172853,21.52996,14.487832,2.2887628,2.0345585,6.7131486,7.437196,1378.31,281.83688,-0.15917969,1.1855426,-0.00769043,35,15,0.847835,0.4978532,0.26837814,0.29468167,0.30947348,1.0130786,1.3442968,24.011587,20.969786,11.677936,16.291225,12.18457,15.969814,17.177721,16.717813,25.670534,27.486647,18.224613,22.759342,20.148293,21.604744,21.735895,22.440254,17.372618,14.759835,13.465259,12.796834,15.391484,14.8378725,14.065685,14.526604,16.503445,15.401536,13.171593,13.677173,14.878858,14.097004,15.862836,14.480655,16.609816,17.138233,17.761839,18.04327,17.235983,14.028584,17.74021,17.142843,19.836966,14.403351,15.838551,15.428085,17.137049,18.931076,16.468935,16.581148,0.9390956,2.1616607,7.0751724,0.65365666,27.352283,43.16942,29.35401,16.89752,22.518581,14.669942,14.798922,16.93685,16.86343,68.06
4446916.924,659444.7026,56.154522,1.1417261,0.8345377,24.407541,29.433317,31.048693,27.203348,27.049839,44.833607,43.753075,45.02894,51.89831,57.928005,30.78264,26.912851,24.228462,21.01088,14.613333,2.2947075,2.0130873,6.739602,7.4620004,1378.42,284.1888,0.040527344,1.2260457,0,35,15,0.847835,0.4978532,0.26837814,0.29468167,0.30947348,1.0130786,1.3442968,24.301464,19.658745,10.658766,16.001057,14.931293,15.554102,16.443106,16.469893,26.15621,27.653648,16.360027,21.346348,19.681177,20.635666,20.292692,21.61753,17.879082,14.437083,12.369885,13.045889,14.016331,18.906654,14.006276,14.501859,14.955116,13.740124,11.783508,12.558658,12.5990095,15.015938,18.30065,13.325986,15.3522625,15.895703,16.65095,17.818192,15.560485,12.090979,18.636745,16.07413,20.567291,15.021182,15.192676,15.724808,14.873657,19.505775,16.452517,16.507793,0.9881319,2.1538973,7.1008015,0.65365666,26.92043,44.293343,28.847746,16.792646,21.732252,14.951601,14.136144,16.000761,16.762558,68.06
4446916.924,659449.7026,53.090523,1.2185038,0.8795427,24.257847,29.336538,30.706259,27.084496,26.999836,46.425297,44.743015,45.530773,52.381462,58.916233,30.030245,26.492111,24.031174,20.675854,13.92042,2.2777054,1.9864609,6.824829,7.5297685,1378.52,282.89856,-0.080078125,1.2194147,-0.003295898,35,15,0.847835,0.4978532,0.26837814,0.29468167,0.30947348,1.0130786,1.3442968,22.906755,18.945707,10.460132,15.592374,14.590442,14.464776,15.954236,15.845687,26.359777,27.857218,16.563597,21.549917,19.884748,20.839237,20.496262,21.8211,17.894379,14.437083,12.369885,13.045889,14.016331,19.004734,14.011926,14.512582,15.562417,13.878769,11.920956,12.701829,12.736457,15.478302,18.465212,13.570759,15.649733,15.9641075,16.718508,17.88089,15.713257,12.275063,18.795021,16.209106,18.746727,14.324249,14.715802,15.363208,14.221164,17.973145,16.279797,15.698341,1.0490233,2.1320832,7.1772985,0.65365666,26.797192,45.584156,28.261177,16.130632,21.935823,14.968603,14.391991,16.142368,15.946298,68.06
4446916.924,659454.7026,50.480522,1.2790728,0.9305088,23.996286,28.959639,30.140852,27.403252,27.463764,47.998882,45.750027,46.192997,52.296932,58.748917,29.214619,26.11103,23.87134,20.476854,13.908414,2.256107,1.9580334,6.907104,7.593389,1378.63,279.4749,0.20019531,1.0450752,0.012207031,35,15,0.847835,0.4978532,0.26837814,0.29468167,0.30947348,1.0130786,1.3442968,23.26825,19.553957,10.774295,15.848775,15.155772,16.153435,13.849484,16.402063,25.258682,24.967901,16.448694,20.412931,18.93956,20.212093,18.95072,20.698431,21.038515,16.377956,13.4577055,14.224584,14.558089,18.589848,18.530775,15.857514,20.55945,14.813344,13.931117,14.583565,16.927294,16.544146,20.35974,16.275494,19.319584,17.424498,17.5339,18.328638,17.97571,16.31801,19.197384,18.043098,17.88647,18.280855,14.84689,16.215565,14.068253,13.906658,18.224447,16.11491,1.1047908,2.1070702,7.2502465,0.65365666,26.477962,46.874454,27.662825,16.371996,20.741512,16.682497,16.816952,18.01396,16.204165,68.06
4446916.924,659459.7026,50.54787,1.286858,0.93550473,23.67908,28.978594,29.59177,27.30056,27.48966,48.768158,45.869324,46.500755,52.68338,59.576332,28.796375,26.035393,24.181536,20.223345,13.469695,2.2285805,1.9385871,6.934124,7.611268,1378.7,277.60074,-0.080566406,0.86712974,-0.002319336,35,15,0.847835,0.4978532,0.26837814,0.29468167,0.30947348,1.0130786,1.3442968,23.018923,19.837646,11.704471,16.02174,15.685498,17.535015,14.618736,16.863268,25.492386,24.988668,16.076921,20.599827,18.987093,21.723574,19.512472,20.913946,20.384388,16.31408,13.64804,13.675128,14.113673,18.023289,16.308947,15.653275,20.99419,16.050026,13.703544,14.229452,16.714067,16.124134,18.900486,16.257408,19.463364,15.944115,17.280243,18.196154,17.827185,17.49569,19.996037,18.067305,19.92989,17.082548,15.150397,15.704397,13.743094,12.976658,16.821777,16.149546,1.1111814,2.0835838,7.272696,0.65365666,26.328836,47.31874,27.415884,16.917433,21.054419,16.066792,16.6737,18.02897,15.915538,68.06
4446916.924,659464.7026,50.563526,1.2273781,0.8760043,23.900394,29.524555,29.08849,27.48281,27.476866,48.487965,44.950558,47.16844,52.967278,59.399204,28.92336,26.347647,24.03143,19.712002,13.956092,2.1917899,1.9295044,6.873321,7.5730977,1378.78,278.13632,0.040527344,0.9116911,0,35,15,0.8368535,0.5023078,0.2701696,0.30273274,0.3093729,1.0120912,1.3429214,23.18208,19.837646,11.704471,16.02174,15.685498,17.535015,14.664649,16.89046,25.492386,24.988668,16.076921,20.599827,18.987093,21.723574,19.512472,20.913946,20.384388,16.31408,13.64804,13.675128,14.113673,18.023289,16.308947,15.653275,20.99419,16.050026,13.703544,14.229452,16.714067,16.124134,18.900486,16.257408,19.415771,15.897212,17.237371,18.153011,17.782969,17.44246,19.956911,18.02211,19.92989,17.082548,15.150397,15.704397,13.743094,12.976658,16.821777,16.149546,1.0516912,2.060647,7.2232094,0.65377843,26.712475,46.71926,27.635504,16.947302,21.054419,16.066792,16.6737,17.983671,15.915538,68.06
4446916.924,659469.7026,50.98175,1.1612127,0.8190397,23.699625,30.034006,28.491161,27.209465,27.295042,48.283337,43.94475,47.84935,53.9739,60.413414,29.025019,26.578205,23.962505,19.00063,13.263976,2.1574016,1.9222869,6.8401947,7.537591,1378.86,278.75424,0.119628906,0.75360954,0.012207031,35,15,0.8368535,0.5023078,0.2701696,0.30273274,0.3093729,1.0120912,1.3429214,23.042282,19.89892,11.407916,16.050259,14.177669,16.868862,16.040215,16.55487,24.745312,25.908464,16.322035,20.24226,18.597324,19.992798,18.838175,20.580637,20.640648,16.15648,12.953612,14.287333,16.482862,15.334207,14.800751,15.584831,20.164967,16.086859,13.113098,14.323816,17.859781,16.129004,17.207968,15.915439,19.143204,17.521315,16.942888,17.001198,18.109941,16.66988,17.96842,17.60995,16.926289,16.386513,13.555172,15.336601,16.35268,13.509659,14.970113,15.1360445,0.9901262,2.0398443,7.188893,0.65377843,26.866816,46.114044,27.801613,16.783731,20.663769,15.807984,16.412212,17.622408,15.291003,68.06
4446916.924,659474.7026,54.10396,1.0942075,0.7594806,23.703638,30.340595,28.099669,27.182846,27.338757,48.258354,43.19773,48.053112,54.067204,60.454105,29.078745,26.688173,24.221123,18.925047,13.2469845,2.0998428,1.9144918,6.8100066,7.5135384,1378.91,278.1413,0.080566406,0.50621694,0.005615234,35,15,0.8368535,0.5023078,0.2701696,0.30273274,0.3093729,1.0120912,1.3429214,23.946157,21.320818,12.2796335,16.134695,13.232994,16.249392,15.79939,16.905945,25.973309,24.644705,16.073042,20.199326,18.256367,20.638897,19.18721,20.548477,17.358639,15.337377,13.617358,13.438069,14.776187,16.208298,15.965019,14.874027,17.721134,14.576516,13.135619,12.994992,14.341535,16.588413,16.621727,14.632201,20.113613,15.593445,16.612541,16.976664,15.754425,15.636436,17.854403,17.075294,16.06906,14.925308,13.634311,13.707006,13.283797,16.217375,17.473417,14.782196,0.92684406,2.0071673,7.1617727,0.65377843,27.022118,45.728043,27.88346,16.994726,20.710407,15.242991,15.139992,16.934504,15.044326,68.06
4446916.924,659479.7026,60.018864,1.0325985,0.7321502,23.442202,30.680317,27.697384,27.373514,27.631525,48.601402,42.66346,48.596233,53.918068,59.609768,28.972452,26.589417,23.965685,18.84496,13.881593,2.0332322,1.906982,6.8343678,7.509881,1378.95,278.76236,0.119628906,0.37647545,0.00769043,35,15,0.8368535,0.5023078,0.2701696,0.30273274,0.3093729,1.0120912,1.3429214,24.017763,21.315561,12.316189,16.150997,13.262222,16.33545,15.820633,16.940832,26.199717,24.697952,16.12629,20.252577,18.309616,20.811005,19.254957,20.642305,17.341091,15.337377,13.617358,13.438069,14.776187,16.173204,15.961891,14.868178,17.71947,14.576516,13.1357565,12.994992,14.341535,16.584671,16.622002,14.631679,20.113613,15.593445,15.503956,16.311512,15.015366,15.082144,17.115347,16.521002,16.063198,14.925308,13.634311,13.707006,13.283797,16.211515,17.469511,14.780731,0.88237435,1.9701071,7.1721244,0.65377843,27.06126,45.63243,27.780933,17.03126,20.807446,15.235024,15.139277,16.390768,15.042093,68.06
4446916.924,659484.7026,62.897797,0.97300804,0.6861762,23.077677,30.796059,27.281893,27.364697,27.655363,49.198895,42.43776,49.135185,54.21942,59.606934,28.720396,26.307487,23.68509,18.568726,13.8973465,1.9661038,1.898937,6.8232374,7.492948,1378.97,286.38953,-0.040039062,0.25406715,0,35,15,0.8368535,0.5023078,0.2701696,0.30273274,0.3093729,1.0120912,1.3429214,23.752182,22.677656,12.041855,15.673265,13.456065,15.649311,15.759674,16.89565,24.165308,25.382086,15.85995,19.897997,18.322746,20.857607,19.008482,20.292677,17.514862,16.560911,13.485977,13.350777,14.441788,15.426828,15.415431,14.863892,17.692457,15.254417,12.878734,12.885112,15.578117,17.654219,15.456805,14.827746,18.93209,15.533853,15.203334,16.213367,15.674666,15.679413,16.806982,16.292734,23.404486,19.430311,17.421926,14.808431,19.46183,19.166275,19.612444,18.713598,0.8295921,1.9325204,7.1580925,0.65377843,26.936867,45.81833,27.513943,17.00143,20.499166,15.1709385,15.342837,16.291958,19.043673,68.06
4446916.924,659489.7026,64.6354,0.9438778,0.6760114,23.224293,30.8396,26.828339,27.216518,26.918177,49.237713,42.157482,49.681183,54.62703,59.932384,28.622042,26.187933,23.409739,18.308638,14.546582,1.9430978,1.8925602,6.7895284,7.476132,1378.99,303.69006,0.040039062,0.20678371,0.001098633,35,15,0.8368535,0.5023078,0.2701696,0.30273274,0.3093729,1.0120912,1.3429214,23.955603,21.871622,12.047058,17.146166,14.019485,16.199074,14.406255,17.26227,24.872967,25.07055,16.126093,19.991093,18.924105,19.727783,18.636118,20.425737,19.45865,16.150011,13.873286,13.601236,16.041403,16.878494,19.36376,15.772805,18.348778,14.826053,13.13458,12.896855,16.19621,18.087734,17.329262,15.208806,17.581415,16.244349,15.35849,16.391855,16.316786,17.892698,15.419032,16.46926,22.977371,19.144453,17.92766,14.703502,20.052505,15.137723,21.916162,18.433348,0.8099446,1.917829,7.13283,0.65377843,27.031946,45.697598,27.404987,17.09218,20.478388,16.480978,15.831352,16.457804,18.837053,68.06
4446916.924,659494.7026,61.97355,0.9365539,0.6747074,23.317112,30.925365,26.387508,26.900963,25.880882,48.75837,41.918213,49.896175,54.96235,60.270412,28.772255,26.140013,23.507496,18.226189,14.578882,1.9505575,1.8891401,6.705981,7.448173,1379,325.30484,-0.040039062,0.22670145,-0.002197266,35,15,0.8494065,0.5005583,0.24231151,0.2847708,0.3079677,1.006722,1.3416165,23.955603,21.871622,12.047058,17.146166,14.019485,16.199074,14.406255,17.26227,24.872967,25.07055,16.126093,19.991093,18.924105,19.727783,18.636118,20.425737,19.45865,16.150011,13.873286,13.601236,16.041403,16.878494,19.36376,15.772805,18.348778,14.826053,13.13458,12.896855,16.19621,18.087734,17.329262,15.208806,17.581415,16.244349,15.35849,16.391855,16.316786,17.892698,15.419032,16.46926,22.977371,19.144453,17.92766,14.703502,20.052505,15.137723,21.916162,18.433348,0.8056307,1.9198488,7.077077,0.6476219,27.121239,45.33829,27.456135,17.09218,20.478388,16.480978,15.831352,16.457804,18.837053,68.06
4446916.924,659499.7026,59.647358,0.9308583,0.6761139,23.523,31.147943,26.071665,26.848866,24.72245,48.43884,41.735355,49.735283,55.28634,61.362995,28.886784,26.03521,23.98853,17.876743,14.071043,1.9566754,1.8903058,6.6124644,7.412831,1379.01,337.61987,-0.040039062,0.26359785,-0.002197266,35,15,0.8494065,0.5005583,0.24231151,0.2847708,0.3079677,1.006722,1.3416165,24.119709,21.746778,13.0613365,17.436035,14.0288925,16.126085,14.7531595,17.608446,25.242172,23.172766,16.094042,20.322948,18.73379,20.103952,18.363071,20.274286,19.14734,15.817825,13.222384,13.801183,15.114024,18.122597,16.966,15.297793,19.497978,15.876518,14.025181,12.943911,16.547976,17.45752,16.230347,15.691475,17.443123,17.281565,16.715395,16.358221,16.63045,18.84663,16.0832,17.13243,23.063978,15.745655,16.16014,13.704455,17.822624,21.729992,21.209267,17.669453,0.8034861,1.9234905,7.0126476,0.6476219,27.335472,45.087097,27.460997,17.324572,20.29039,16.027334,16.082775,17.051226,18.490871,68.06
4446916.924,659504.7026,63.883083,0.92397946,0.6875583,23.687948,31.146679,25.858273,26.01636,23.647154,48.486073,41.666435,49.715534,56.092297,61.73843,28.822266,25.88449,23.79595,18.001064,14.107313,1.9562055,1.8943106,6.5389013,7.374712,1379.02,327.09476,-0.040039062,0.29031855,-0.004394531,35,15,0.8494065,0.5005583,0.24231151,0.2847708,0.3079677,1.006722,1.3416165,23.930168,21.556974,12.46172,16.988148,15.168643,15.318596,12.9302025,17.385096,25.594307,23.237375,16.653482,20.202936,19.103434,19.705326,17.972818,20.468893,19.26642,16.027937,13.162056,14.001935,15.94368,18.284443,15.548306,15.487839,21.116997,15.5983095,15.47749,13.731265,16.945642,15.98979,16.475859,16.38104,21.156303,16.868515,17.370686,16.6808,16.803133,16.838017,15.851494,17.78489,23.814358,15.603057,16.282074,14.628309,17.242468,23.174784,21.43997,18.047525,0.80576885,1.925258,6.9568067,0.6476219,27.417313,45.076256,27.353378,16.907778,20.352812,16.033539,16.476479,17.366993,18.883574,68.06
4446916.924,659509.7026,58.453876,0.915382,0.7022669,23.762724,31.130966,25.702353,26.418022,22.087751,48.796803,41.70022,49.431187,55.160027,62.8469,28.627369,25.446367,23.837553,18.377909,14.56954,1.9491005,1.9058175,6.4767013,7.341787,1379.04,315,0,0.32417965,0,35,15,0.8494065,0.5005583,0.24231151,0.2847708,0.3079677,1.006722,1.3416165,23.930168,21.556974,12.46172,16.988148,15.168643,15.318596,12.9302025,17.385096,25.594307,23.237375,16.653482,20.202936,19.103434,19.705326,17.972818,20.468893,19.26642,16.027937,13.162056,14.001935,15.94368,18.284443,15.548306,15.487839,21.116997,15.5983095,15.47749,13.731265,16.945642,15.98979,16.475859,16.38104,21.156303,16.868515,17.370686,16.6808,16.803133,16.838017,15.851494,17.78489,23.814358,15.603057,16.282074,14.628309,17.242468,23.174784,21.43997,18.047525,0.8088244,1.927459,6.909244,0.6476219,27.446846,45.248512,27.03687,16.907778,20.352812,16.033539,16.476479,17.366993,18.883574,68.06
4446916.924,659514.7026,57.613445,0.88909435,0.6881944,23.416887,31.188835,25.466457,26.146141,21.205822,49.4067,41.804676,49.22283,55.435585,63.157604,28.26134,24.89344,24.052177,18.408886,14.58025,1.9301171,1.918385,6.4234705,7.3026214,1379.06,319.09628,0.041015625,0.28385758,0.002319336,35,15,0.8494065,0.5005583,0.24231151,0.2847708,0.3079677,1.006722,1.3416165,24.022884,21.72638,13.951022,16.115734,14.525083,16.115826,12.091782,17.560518,25.63684,24.956581,17.049883,20.416225,18.435154,19.31297,18.349182,20.747824,19.855816,16.073175,13.339694,14.10535,15.913775,16.035238,14.071744,15.539311,20.026329,17.535084,15.404996,14.936874,16.862856,14.983545,16.531883,16.56994,16.762972,18.083971,17.097704,18.19624,15.839813,15.0172825,15.348485,17.045092,21.29825,16.51494,16.243656,16.704628,20.609476,17.721363,22.271143,18.137781,0.7886444,1.9242511,6.8630457,0.6476219,27.30286,45.60569,26.577389,16.935532,20.593832,15.627829,16.611652,16.620924,18.766209,68.06
4446916.924,659519.7026,53.94109,0.8851203,0.6612004,23.783764,31.261684,25.411907,25.949514,21.257723,49.641132,42.400093,49.332455,56.02227,61.3854,27.884947,24.90888,23.80295,18.097511,15.900326,1.9346426,1.9125698,6.330472,7.2809567,1379.07,315,-0.08105469,0.262856,-0.005615234,35,15,0.8494065,0.5005583,0.24231151,0.2847708,0.3079677,1.006722,1.3416165,23.786787,21.28086,12.788096,15.171129,12.493851,15.832441,13.990815,16.66979,24.861525,24.43223,16.249243,21.03918,18.370193,19.724186,19.44887,20.508831,18.625122,16.050268,12.773076,14.825674,16.699575,15.91338,17.719473,15.433551,19.233356,16.209799,13.544446,14.723598,18.23781,16.424963,18.758177,16.054539,16.047771,17.286663,16.340082,18.48849,16.55198,15.557735,17.883589,16.8863,20.731657,22.378935,16.843405,17.907116,23.223894,18.267454,22.460642,19.581873,0.77316034,1.9236062,6.8057146,0.6476219,27.522724,46.020615,26.396914,16.477713,20.589346,16.086653,16.733164,16.879473,20.259016,68.06
4446916.924,659524.7026,61.890915,0.89250046,0.66478795,24.005356,30.858387,25.235327,25.896376,21.049337,49.679348,43.65014,50.67858,56.205433,62.461193,27.325312,24.905928,23.272833,17.941381,15.6893835,1.9430989,1.8875324,6.31861,7.296846,1379.09,306.8629,-0.040039062,0.28651148,-0.003295898,35,15,0.8547059,0.49654374,0.24436288,0.28983015,0.3055833,1.0046095,1.3422345,23.62859,21.231665,12.821965,15.071526,12.388587,15.737065,13.825555,16.584726,24.417433,23.840109,16.255646,21.046865,18.375315,19.731869,18.856749,20.290949,18.625122,16.050268,12.773076,14.825674,16.699575,15.91338,17.719473,15.433551,19.164335,16.16487,13.524896,14.733862,18.194582,16.37433,18.720541,16.019644,16.047771,17.286663,16.340082,18.48849,16.55198,15.557735,17.883589,16.8863,20.731657,22.378935,16.843405,17.907116,23.223894,18.267454,22.460642,19.581873,0.7786442,1.9153156,6.807728,0.64826715,27.431871,46.66474,26.11562,16.386421,20.360569,16.086653,16.696774,16.879473,20.259016,68.06
4446916.924,659529.7026,59.24447,0.8987955,0.66730034,24.32688,30.511036,25.259476,25.623684,20.797804,49.7205,44.781574,51.62586,55.894005,62.93572,26.775612,24.98826,23.027962,18.534252,16.300991,1.9443536,1.8638154,6.287499,7.3046656,1379.11,319.76364,0,0.24416472,0.001098633,35,15,0.8547059,0.49654374,0.24436288,0.28983015,0.3055833,1.0046095,1.3422345,23.679878,21.029335,12.194167,14.850885,12.141521,16.398449,15.723778,16.425089,25.743,25.831284,16.865225,21.366339,18.172724,20.485714,18.784483,20.988081,20.223503,15.806483,13.379146,15.270416,17.212107,17.990551,16.222235,16.134874,21.247347,14.045788,13.736187,15.1440325,18.699278,18.342085,17.327295,16.48755,19.623083,20.136763,18.676352,20.562267,19.727156,21.150671,19.74542,19.927752,23.638437,19.896177,16.282114,18.280392,23.988783,23.41207,20.003119,20.320955,0.7830479,1.9040844,6.7960825,0.64826715,27.418957,47.251038,25.881935,16.574001,21.035538,16.586348,16.934574,19.945957,20.785872,68.06
4446916.924,659534.7026,57.35271,0.9013696,0.6826346,24.729885,30.25877,25.27969,25.655985,21.059568,49.930252,45.734455,52.60677,56.15215,62.85398,26.045387,25.165834,22.495428,18.203367,16.324091,1.9314619,1.8469006,6.263937,7.310202,1379.12,323.74615,-0.040039062,0.26669905,-0.004394531,35,15,0.8547059,0.49654374,0.24436288,0.28983015,0.3055833,1.0046095,1.3422345,23.679878,21.029335,12.194167,14.850885,12.141521,16.398449,15.723778,16.425089,25.743,25.831284,16.865225,21.366339,18.172724,20.485714,18.784483,20.988081,20.223503,15.806483,13.379146,15.270416,17.212107,17.990551,16.222235,16.134874,21.247347,14.045788,13.736187,15.1440325,18.699278,18.342085,17.327295,16.48755,19.623083,20.136763,18.676352,20.562267,19.727156,21.150671,19.74542,19.927752,23.638437,19.896177,16.282114,18.280392,23.988783,23.41207,20.003119,20.320955,0.7920021,1.8891813,6.7870693,0.64826715,27.494328,47.83235,25.60561,16.574001,21.035538,16.586348,16.934574,19.945957,20.785872,68.06
4446916.924,659539.7026,60.696896,0.8977772,0.67770225,24.763224,29.769917,25.210295,25.728302,21.331224,50.322056,46.605396,53.72438,55.916462,61.941402,24.98395,25.04867,22.16411,18.280558,17.248487,1.9148675,1.8352029,6.2371554,7.306719,1379.14,333.43494,0.080078125,0.25648305,0.006713867,35,15,0.8547059,0.49654374,0.24436288,0.28983015,0.3055833,1.0046095,1.3422345,23.614742,21.25975,13.6419525,15.790899,13.833316,16.398449,15.31903,17.212292,24.393986,24.692545,16.70691,20.956726,17.860945,20.485714,19.443567,20.457018,19.544535,15.494197,13.205406,14.310303,13.572673,17.964144,15.667465,15.282092,19.853897,14.556233,14.135043,14.150038,15.589961,18.342085,18.8161,15.823082,20.389618,19.811155,18.642122,18.70937,16.819736,20.98559,19.64195,19.243044,24.09965,19.282412,15.720233,16.11529,19.348495,23.41207,20.994783,19.149532,0.78773975,1.8750353,6.7719374,0.64826715,27.266571,48.463726,25.01631,17.122591,20.64863,15.679817,16.491909,19.285646,19.853275,68.06
4446916.924,659544.7026,55.768543,0.88036764,0.66940343,24.980719,29.61778,25.341736,25.590492,21.682787,50.91162,47.176907,54.576267,56.118187,61.794895,23.698002,24.804005,21.767141,18.14228,17.287392,1.876435,1.8323685,6.1959934,7.295331,1379.14,3.814074,0,0.21554539,0.001098633,35,15,0.8547059,0.49654374,0.24436288,0.28983015,0.3055833,1.0046095,1.3422345,23.671099,19.726555,12.867398,16.759638,12.748841,16.204323,15.624343,16.927992,24.134583,25.028551,16.54908,20.947544,18.063225,20.38474,18.065062,20.529596,18.778677,15.624783,13.218906,15.291333,13.428216,18.224453,15.74055,15.400926,16.797012,14.808125,14.447146,15.106308,15.557893,16.78763,18.807959,15.413032,19.49855,20.08201,18.976042,19.87475,17.006683,18.667957,18.0858,19.18119,22.945194,18.650156,16.847527,18.08943,19.60853,22.952126,20.320314,19.466156,0.77488554,1.8544018,6.745662,0.64826715,27.29925,49.044266,24.251003,16.800314,20.453257,15.75813,16.044582,18.88454,19.916183,68.06
4446916.924,659549.7026,62.332325,0.8851021,0.67189777,24.804708,29.14549,25.77396,25.129204,21.38892,50.56324,47.173946,54.689175,57.193645,62.89449,23.492233,25.057823,21.798525,17.677454,17.332283,1.8960335,1.8403856,6.1665573,7.2858596,1379.14,12.9946165,0.080078125,0.19129118,0.003295898,35,15,0.8547059,0.49654374,0.24436288,0.28983015,0.3055833,1.0046095,1.3422345,23.671099,19.726555,12.867398,16.759638,12.748841,16.204323,15.624343,16.927992,24.134583,25.028551,16.54908,20.947544,18.063225,20.38474,18.065062,20.529596,18.778677,15.624783,13.218906,15.291333,13.428216,18.224453,15.74055,15.400926,16.797012,14.808125,14.447146,15.106308,15.557893,16.78763,18.807959,15.413032,19.49855,20.08201,18.976042,19.87475,17.006683,18.667957,18.0858,19.18119,22.945194,18.650156,16.847527,18.08943,19.60853,22.952126,20.320314,19.466156,0.77849996,1.8682096,6.7262087,0.64826715,26.9751,48.86859,24.275028,16.800314,20.453257,15.75813,16.044582,18.88454,19.916183,68.06
4446916.924,659554.7026,70.55647,0.9045937,0.6745981,24.745663,28.990692,26.86561,25.051714,21.348267,49.17332,46.269165,52.813953,57.12912,62.72233,25.149944,25.866938,22.10984,17.809769,17.41318,1.9572474,1.8602781,6.1936355,7.2839584,1379.13,0,-0.12011719,0.17205468,-0.005615234,35,15,0.8410257,0.49969134,0.26681933,0.30273086,0.30795735,1.0046704,1.3520734,23.537172,19.669815,12.768962,16.981022,13.099044,19.56866,16.716473,17.221638,23.912874,24.98668,17.71306,20.54721,18.541742,20.43904,19.86158,20.845613,19.02223,15.639691,15.062145,13.9339905,14.142708,16.363993,16.774446,15.612493,18.427317,14.883662,15.605438,13.490941,14.182915,15.501216,18.40341,15.395616,22.93362,19.980993,20.11004,18.67686,18.469578,18.11392,17.789953,19.926683,23.479921,19.851313,19.785547,14.98939,17.842545,18.417404,22.656168,19.187716,0.7895959,1.9087627,6.738797,0.6535669,26.868177,47.721245,25.508442,17.477308,20.857454,15.848457,15.784986,19.43928,19.574614,68.06
4446916.924,659559.7026,72.21678,0.91578394,0.67677253,24.686266,28.934088,28.047047,25.201687,21.369108,47.990067,45.25453,50.961277,56.32369,62.44116,26.476984,26.612247,22.609007,18.304005,17.715242,2.0120475,1.8857034,6.200765,7.271326,1379.14,18.434948,0.16015625,0.1813615,0.008911133,35,15,0.8410257,0.49969134,0.26681933,0.30273086,0.30795735,1.0046704,1.3520734,23.852983,19.185513,13.114849,16.45257,13.7296715,16.786728,16.36439,16.982399,24.67176,26.726507,17.60143,20.957575,20.015406,21.807877,18.365826,21.41195,18.603672,15.411816,15.3702345,14.287226,15.368328,16.538483,16.775444,15.761369,17.259754,15.957644,16.513956,14.1688385,16.532028,17.501184,18.23942,16.186651,22.219618,19.45849,20.60225,18.703115,19.15699,20.677588,17.546228,20.210741,21.287321,17.306196,19.34326,15.281103,19.347422,20.636974,22.811453,18.834358,0.79627824,1.9488754,6.736046,0.6535669,26.810177,46.6223,26.544617,17.069529,21.449482,16.050743,16.596117,19.766327,19.43053,68.06
4446916.924,659564.7026,67.380486,0.9071304,0.66068053,24.480234,28.53553,29.166649,24.823729,21.549028,47.26609,44.20251,49.18908,56.60867,62.25065,27.381096,26.95881,22.957567,18.281786,17.689228,2.0370767,1.9167259,6.1908183,7.243112,1379.12,33.690067,-0.12011719,0.20678371,-0.005615234,35,15,0.8410257,0.49969134,0.26681933,0.30273086,0.30795735,1.0046704,1.3520734,23.852983,19.185513,13.114849,16.45257,13.7296715,16.786728,16.36439,16.982399,24.67176,26.726507,17.60143,20.957575,20.015406,21.807877,18.365826,21.41195,18.603672,15.411816,15.3702345,14.287226,15.368328,16.538483,16.775444,15.761369,17.259754,15.957644,16.513956,14.1688385,16.532028,17.501184,18.23942,16.186651,22.219618,19.45849,20.60225,18.703115,19.15699,20.677588,17.546228,20.210741,21.287321,17.306196,19.34326,15.281103,19.347422,20.636974,22.811453,18.834358,0.7839055,1.9769013,6.716965,0.6535669,26.507881,45.7343,27.169952,17.069529,21.449482,16.050743,16.596117,19.766327,19.43053,68.06
4446916.924,659569.7026,64.69482,0.895737,0.6542464,24.263561,27.928705,30.260529,24.577435,21.867094,46.814617,43.21803,47.81461,56.643772,62.583157,27.913277,27.221865,22.958261,18.26276,17.20533,2.057201,1.9509321,6.1734138,7.202526,1379.12,24.443954,0.080078125,0.17324539,0.003295898,35,15,0.8410257,0.49969134,0.26681933,0.30273086,0.30795735,1.0046704,1.3520734,23.043419,20.40976,13.36412,17.327229,14.52097,17.393627,15.775149,17.394527,23.829723,25.394098,17.370941,20.47942,18.6803,21.42371,18.689386,20.748919,17.892792,14.268773,15.631869,14.897179,13.329334,18.2175,16.940966,15.577538,17.198313,16.390368,17.681984,14.7589855,15.682419,18.038097,20.905704,16.583996,22.161612,18.77843,19.777693,19.461182,17.857979,20.360899,21.763708,19.879086,22.241898,17.087412,20.426022,16.956375,16.749014,22.955574,22.98628,19.454227,0.7749917,2.0040665,6.68797,0.6535669,26.096134,45.016323,27.56757,17.404896,20.838226,15.882629,17.236553,20.023071,19.914654,68.06
4446916.924,659574.7026,62.58668,0.87502325,0.6444722,24.163506,28.1995,31.473993,24.48867,22.238317,46.581657,42.36013,46.333004,56.038597,63.577206,28.16515,27.378668,23.058138,18.475555,16.258741,2.069957,2.0046613,6.1349897,7.1437774,1379.11,18.434948,-0.040039062,0.13602132,-0.002197266,35,15,0.8410257,0.49969134,0.26681933,0.30273086,0.30795735,1.0046704,1.3520734,22.836975,19.91268,13.596371,16.303001,12.027054,19.432402,15.363899,16.960201,23.542393,25.917128,17.132887,19.471043,19.480574,21.588022,19.916945,20.659723,17.603706,14.513202,15.600933,13.994519,13.784017,16.709003,17.677063,15.357209,17.37785,16.108828,16.85983,14.683673,16.079008,16.339642,20.601664,16.213383,21.399658,18.512363,19.448486,17.847271,20.148163,21.000652,21.575804,19.562998,23.859833,17.837248,20.394802,16.247858,17.783205,22.69915,23.142836,19.765703,0.75974774,2.0373092,6.6393833,0.6535669,26.181503,44.470894,27.771908,17.067484,21.006998,15.697493,16.864357,19.990343,20.280704,68.06
4446916.924,659579.7026,61.193146,0.87882555,0.646206,24.131413,27.60561,32.062565,24.329212,22.315691,46.561394,42.230965,45.49896,56.022858,63.22423,28.354746,27.7073,22.757898,18.528524,16.37816,2.0734563,2.0046477,6.1217184,7.1069875,1379.11,0,0,0.11470331,0,35,15,0.8410257,0.49969134,0.26681933,0.30273086,0.30795735,1.0046704,1.3520734,22.836975,19.91268,13.596371,16.303001,12.027054,19.432402,15.363899,16.960201,23.542393,25.917128,17.132887,19.471043,19.480574,21.588022,19.916945,20.659723,17.603706,14.513202,15.600933,13.994519,13.784017,16.709003,17.677063,15.357209,17.37785,16.108828,16.85983,14.683673,16.079008,16.339642,20.601664,16.213383,21.399658,18.512363,19.448486,17.847271,20.148163,21.000652,21.575804,19.562998,23.859833,17.837248,20.394802,16.247858,17.783205,22.69915,23.142836,19.765703,0.7625158,2.039052,6.614353,0.6535669,25.868511,44.39618,28.031023,17.067484,21.006998,15.697493,16.864357,19.990343,20.280704,68.06
4446916.924,659584.7026,65.47491,0.8949941,0.6430572,23.970852,27.51406,31.734829,24.690516,21.405619,46.700695,43.084835,45.34978,55.63642,63.46189,28.668133,27.72241,22.926535,18.772182,16.351686,2.0636263,1.9422773,6.164057,7.111221,1379.11,0,0,0.11470331,0,35,15,0.846486,0.49721578,0.2733844,0.30934715,0.30992213,1.0093197,1.4308466,23.752554,21.524294,12.413689,15.633914,12.704975,19.902237,14.821114,17.13693,24.585672,27.136444,17.489376,20.354486,17.74473,20.587498,19.953157,20.967398,18.213945,15.26683,14.933181,15.095467,14.495374,19.933418,19.250793,16.130243,16.806316,16.0957,16.568502,16.002125,15.344254,18.973888,21.64741,16.494211,20.823275,20.726355,20.338224,19.74929,18.58336,17.807915,21.1932,19.893085,21.006899,17.216398,19.246386,18.133022,24.453888,23.117123,23.067202,20.17312,0.7690257,2.0029519,6.637639,0.66807455,25.742455,44.892765,28.19527,17.250395,21.121622,16.741287,17.348314,19.888803,20.89156,68.06
4446916.924,659589.7026,66.9201,0.9141983,0.6289727,24.18486,27.6994,31.423351,24.767977,20.58633,46.945213,44.013573,45.242085,55.141315,63.552948,28.76059,27.99091,23.521353,19.367523,16.792316,2.055678,1.8941386,6.1938424,7.103067,1379.11,0,0,0.11470331,0,35,15,0.846486,0.49721578,0.2733844,0.30934715,0.30992213,1.0093197,1.4308466,23.69832,21.606245,12.38701,17.206816,11.907264,17.813246,16.030798,17.21368,24.459614,25.907011,17.130222,20.20508,18.095835,23.195065,19.51504,20.914795,17.959412,17.319712,14.582114,15.51959,14.546432,17.936422,17.968449,16.025627,17.669498,17.914522,15.090359,16.310196,15.111655,16.924377,21.210037,16.378302,20.97247,20.653704,19.822256,20.024118,18.646389,20.110802,22.1288,20.042719,20.510622,20.381659,18.978798,18.356392,23.911545,19.454124,22.437752,20.068842,0.77158546,1.9749082,6.6484547,0.66807455,25.942131,45.479393,28.37575,17.235672,21.215408,16.54745,17.175806,20.336935,20.57584,68.06
4446916.924,659594.7026,68.0626,0.92057157,0.62335503,24.052113,27.523884,30.976826,24.997196,20.049776,47.461926,44.838764,45.46536,54.67591,63.753338,28.541105,27.661913,23.378342,19.599192,16.742348,2.0460734,1.8599404,6.2479568,7.0967546,1379.11,333.43494,-0.040039062,0.12824216,-0.003295898,35,15,0.846486,0.49721578,0.2733844,0.30934715,0.30992213,1.0093197,1.4308466,23.69832,21.606245,12.38701,17.206816,11.907264,17.813246,16.030798,17.21368,24.459614,25.907011,17.130222,20.20508,18.095835,23.195065,19.51504,20.914795,17.959412,17.319712,14.582114,15.51959,14.546432,17.936422,17.968449,16.025627,17.669498,17.914522,15.090359,16.310196,15.111655,16.924377,21.210037,16.378302,20.97247,20.653704,19.822256,20.024118,18.646389,20.110802,22.1288,20.042719,20.510622,20.381659,18.978798,18.356392,23.911545,19.454124,22.437752,20.068842,0.7719633,1.953007,6.6723557,0.66807455,25.787998,46.150345,28.10151,17.235672,21.215408,16.54745,17.175806,20.336935,20.57584,68.06
4446916.924,659599.7026,67.95307,0.9131196,0.6138822,23.780838,27.329699,30.477959,24.89253,19.385597,48.158283,45.31751,45.72956,55.030758,64.900635,28.087227,27.346777,23.30253,19.362564,15.902867,2.0387216,1.8527213,6.294143,7.079848,1379.12,333.43494,0.040039062,0.12824216,0.003295898,35,15,0.846486,0.49721578,0.2733844,0.30934715,0.30992213,1.0093197,1.4308466,24.040644,22.391058,13.7412615,17.51358,12.480285,17.058792,15.339007,17.675192,24.22084,24.84466,16.494463,20.358875,18.42644,21.57034,18.483002,20.612957,18.61382,18.743952,14.220277,14.804548,14.412364,19.5197,17.553383,16.113037,17.310207,18.036463,14.722537,15.557866,14.594592,16.037004,18.494379,15.864643,21.71543,19.08985,18.278486,19.869436,17.925165,19.078411,19.809921,19.495619,23.488176,19.98979,17.107138,18.560347,19.979307,20.25243,19.597555,19.369352,0.7635009,1.9457214,6.6869955,0.66807455,25.555267,46.737896,27.717003,17.509232,20.628374,16.838291,16.393291,19.395243,19.853535,68.06
4446916.924,659604.7026,66.27612,0.9196779,0.6131393,23.670935,27.323406,29.860224,24.770653,18.815344,48.849144,45.215343,46.034454,55.10252,65.152756,27.43717,27.398624,23.402056,19.28303,15.826213,2.0495405,1.8696404,6.382694,7.0569963,1379.12,333.43494,-0.040039062,0.12824216,-0.003295898,35,15,0.846486,0.49721578,0.2733844,0.30934715,0.30992213,1.0093197,1.4308466,23.98878,20.68297,13.163846,16.869097,13.495784,16.695839,15.800897,17.272196,24.217722,24.69957,16.667353,19.5518,18.558237,21.073542,15.674079,20.171314,18.173801,18.662432,13.696399,14.466947,15.470065,20.005285,17.115929,16.000883,18.15675,18.019676,14.630446,14.590665,15.781052,14.800977,19.1192,15.84763,20.511358,19.045485,18.54394,19.689203,18.566462,18.602488,20.884008,19.358711,21.390446,20.095295,17.92334,17.639875,18.548637,20.459894,19.86143,18.88366,0.76640856,1.9595904,6.719845,0.66807455,25.49717,47.03224,27.417896,17.242458,20.063185,16.798695,16.442682,19.406134,19.416988,68.06
4446916.924,659609.7026,62.694828,0.9167677,0.6053319,23.375444,27.089668,29.845205,24.932907,18.695097,49.310925,44.98531,46.000122,54.821022,64.41487,27.055496,27.343391,22.851406,19.49891,16.148108,2.0473511,1.866116,6.398463,7.045499,1379.13,315,0,0.16221477,0,35,15,0.846486,0.49721578,0.2733844,0.30934715,0.30992213,1.0093197,1.4308466,23.98878,20.68297,13.163846,16.869097,13.495784,16.695839,15.800897,17.272196,24.217722,24.69957,16.667353,19.5518,18.558237,21.073542,15.674079,20.171314,18.173801,18.662432,13.696399,14.466947,15.470065,20.005285,17.115929,16.000883,18.15675,18.019676,14.630446,14.590665,15.781052,14.800977,19.1192,15.84763,20.511358,19.045485,18.54394,19.689203,18.566462,18.602488,20.884008,19.358711,21.390446,20.095295,17.92334,17.639875,18.548637,20.459894,19.86143,18.88366,0.7610498,1.9567336,6.721981,0.66807455,25.232555,47.148117,27.199444,17.242458,20.063185,16.798695,16.442682,19.406134,19.416988,68.06
4446916.924,659614.7026,62.419476,0.9078643,0.6033737,23.201777,27.070408,30.977236,25.572035,18.53328,49.205894,44.962894,45.176285,54.67124,65.34918,27.400915,27.399326,22.774464,19.639124,15.456487,2.037573,1.8319907,6.253742,7.059182,1379.14,306.8699,0,0.14337903,0,35,15,0.8332364,0.51678866,0.27565965,0.32578123,0.31012934,1.0127726,1.4903129,23.236197,20.148699,12.1411295,16.114214,13.305118,16.301529,17.806814,16.776808,24.531656,23.633423,16.955364,19.989685,18.324041,21.541796,15.759899,20.264343,18.791187,16.990545,15.145301,13.996381,14.291186,16.521437,16.920607,15.710963,19.155193,18.934137,15.437557,13.957545,14.45201,15.621245,19.979822,16.092138,20.407032,20.859087,19.41289,19.186996,18.022696,19.44151,19.190775,19.527254,21.380999,20.591326,21.254889,17.49026,22.429085,22.108728,21.174822,20.38265,0.755619,1.9347819,6.656462,0.6806687,25.136093,47.084396,27.40012,17.007671,20.105122,16.093807,16.791073,19.503,20.918585,68.06
4446916.924,659619.7026,65.77842,0.9030118,0.603033,23.103416,27.070692,32.070477,26.291725,18.360592,49.07046,44.266884,44.2341,54.19179,65.51452,27.562914,27.582253,22.717543,19.859335,15.400725,2.0378933,1.8251708,6.1601696,7.065712,1379.15,279.4623,-0.040039062,0.17442794,-0.003295898,35,15,0.8332364,0.51678866,0.27565965,0.32578123,0.31012934,1.0127726,1.4903129,24.306921,20.340187,11.428062,15.317255,14.756104,17.94339,16.534128,16.860052,24.672152,20.816172,15.743165,19.691156,18.896736,21.792957,16.535166,19.780085,21.102947,16.362343,14.054782,14.8681,17.065561,21.697836,17.947304,16.819845,18.633131,16.461235,14.468722,13.905081,17.609694,17.884357,19.048307,16.196777,19.859438,19.819487,18.534002,19.400742,16.936228,17.13287,19.678026,18.965134,22.716677,20.127245,21.028402,20.472576,23.425684,20.954144,22.685354,21.43086,0.75302243,1.931532,6.612941,0.6806687,25.087055,46.66867,27.572582,17.232292,19.735357,17.585554,16.858646,18.765827,21.630009,68.06
4446916.924,659624.7026,67.80275,0.89248526,0.6000892,22.882206,26.907133,33.334923,26.970234,17.88734,48.88418,43.15206,43.00046,54.071014,66.36098,27.661303,27.699608,22.763918,19.84552,15.181579,2.0363216,1.8429551,6.1062784,7.0728326,1379.17,266.97946,-0.03955078,0.2720973,-0.002197266,35,15,0.8332364,0.51678866,0.27565965,0.32578123,0.31012934,1.0127726,1.4903129,24.271862,20.293442,11.3579445,15.233113,15.53844,18.530142,17.316465,16.959993,26.18846,23.00052,16.881744,21.10458,20.518417,23.500984,17.85766,21.290594,21.014345,16.265131,14.054782,14.817159,16.96835,21.61036,18.005365,16.75072,18.901749,16.470573,14.388194,13.805646,17.739956,17.898365,19.062315,16.2199,19.859438,19.819487,18.534002,19.400742,16.936228,17.13287,19.678026,18.965134,22.716677,20.127245,21.028402,20.472576,23.425684,20.954144,22.685354,21.43086,0.7462872,1.9396384,6.5895557,0.6806687,24.894669,46.01812,27.680454,17.505917,21.293196,17.533642,16.895258,18.765827,21.630009,68.06
4446916.924,659629.7026,68.18701,0.8741372,0.59929764,22.837404,26.976673,35.089935,27.939789,17.476316,48.38215,41.74615,41.0816,53.55722,66.602486,27.892418,27.774193,22.79484,20.021189,15.081917,2.0302348,1.8963048,6.0479393,7.0798593,1379.2,267.27054,-0.16064453,0.6021548,-0.013427734,35,15,0.8332364,0.51678866,0.27565965,0.32578123,0.31012934,1.0127726,1.4903129,24.007046,20.715298,10.88362,15.387441,13.342368,18.132645,16.965698,16.549187,26.7401,25.457148,16.978365,20.494396,20.327127,21.965584,18.129753,21.462545,20.253002,18.955574,15.492309,14.996431,18.156168,20.704477,18.979239,17.551964,19.330395,18.385622,14.176469,14.025452,17.693245,17.784904,18.839771,16.558321,20.344322,19.604868,18.500917,20.07565,17.2752,16.735012,17.799501,18.941832,22.938478,19.918253,19.456594,20.93081,22.80572,21.62939,22.808266,21.1253,0.73671746,1.9632698,6.563899,0.6806687,24.90704,45.064148,27.833305,17.062017,21.441782,18.2196,17.17655,18.619352,21.498217,68.06
4446911.924,659309.7026,54.59363,0.8820393,0.66870695,24.818827,35.103184,28.841711,25.80653,21.893715,43.994495,36.58969,47.44132,58.620407,63.71944,30.392738,27.382864,23.726843,15.589386,13.103585,1.8124592,2.0419815,5.82982,7.226764,1378.04,30.98434,0.000488281,0.33387166,0,35,15,0.8121442,0.5080224,0.23862112,0.27415583,0.30715352,1.0354825,0.79892963,23.97018,20.23411,11.1143675,16.940252,11.775086,16.430737,18.555662,16.68867,26.920189,27.358337,18.737925,22.767553,19.740372,23.724655,22.571213,22.93141,17.328308,18.308012,13.137985,14.354513,14.37346,16.898357,16.820292,15.389052,13.154538,12.895966,13.510285,11.949842,13.13139,13.436092,14.373154,12.956092,12.676587,13.929723,13.084911,9.904088,10.847915,15.020361,15.315292,12.17657,16.112913,20.220188,17.07826,16.089886,16.547522,15.743494,17.778635,16.81935,0.7753731,1.9272203,6.528292,0.56778705,29.961006,40.29209,28.887802,17.002914,23.117176,15.888703,13.207323,12.968411,17.081556,68.06
4446911.924,659314.7026,55.65327,0.8751921,0.65212274,24.608042,34.6924,28.37794,26.152376,22.479467,44.086357,37.397903,48.84706,58.689693,63.656574,30.756126,26.856272,22.76665,15.30908,13.0522175,1.8409735,2.0227785,5.884412,7.21967,1378.02,47.727894,0,0.42604256,0.002197266,35,15,0.8445138,0.5152204,0.2612952,0.29266262,0.30983636,1.0089668,1.3528653,23.994476,20.56415,11.283054,18.575203,11.885132,16.610025,16.8555,16.990889,26.353924,27.785477,19.167768,23.022633,20.233936,23.624653,22.298632,23.038721,18.46484,16.740324,13.499653,14.964226,15.960904,19.959568,16.353027,15.907024,13.73969,12.45444,13.854014,11.831734,13.462243,15.180197,13.624558,13.228784,15.55211,13.985413,13.313885,9.005569,13.2207575,14.969675,16.317862,12.8405485,16.211979,17.675257,16.410582,15.781772,16.971338,15.734936,18.022066,16.383688,0.76365745,1.931876,6.552041,0.6550515,29.650223,40.74213,28.806198,17.109648,23.212431,16.56322,13.449554,13.766467,16.686846,68.06
4446911.924,659319.7026,59.739216,0.8704323,0.64313954,24.631023,34.235954,29.173485,26.8878,23.490196,43.98429,38.22736,47.865547,56.61548,61.12392,31.256998,26.383938,22.960865,16.64353,14.559871,1.8733472,2.010361,5.955281,7.258987,1377.99,49.972363,0.040039062,0.46787184,0,35,15,0.8445138,0.5152204,0.2612952,0.29266262,0.30983636,1.0089668,1.3528653,23.994476,20.56415,11.283054,18.575203,11.885132,16.610025,16.8555,16.990889,26.353924,27.785477,19.167768,23.022633,20.233936,23.624653,22.298632,23.038721,18.46484,16.740324,13.499653,14.964226,15.960904,19.959568,16.353027,15.907024,13.73969,12.45444,13.854014,11.831734,13.462243,15.180197,13.624558,13.228784,15.55211,13.985413,13.313885,9.005569,13.2207575,14.969675,16.317862,12.8405485,16.211979,17.675257,16.410582,15.781772,16.971338,15.734936,18.022066,16.383688,0.7567859,1.941854,6.607134,0.6550515,29.433489,41.105827,28.820469,17.109648,23.212431,16.56322,13.449554,13.766467,16.686846,68.06
4446911.924,659324.7026,45.851223,0.8704447,0.6361171,24.534378,34.08187,29.18081,26.90652,23.785673,43.729504,38.576263,47.868954,56.03938,60.754276,31.921688,26.416208,22.9528,17.153158,15.125176,1.9175758,2.0072422,6.0134206,7.2564216,1377.96,47.389584,0.0390625,0.48631498,0.002197266,35,15,0.8445138,0.5152204,0.2612952,0.29266262,0.30983636,1.0089668,1.3528653,23.209013,20.436758,12.63371,17.49966,13.373017,18.455841,16.623308,17.309534,25.192692,25.54959,17.552513,21.556635,19.880754,21.608267,21.005121,21.535498,18.201443,14.998657,13.422962,14.103267,16.188463,17.772516,17.138632,15.429905,15.350304,11.2386465,10.977264,11.450615,12.897571,13.0814705,14.6456785,12.39233,15.890686,10.885652,8.445966,8.439912,12.779831,13.729107,16.155138,11.219449,18.400055,17.878588,15.402968,16.268051,16.786901,19.558855,18.728083,17.021969,0.7532809,1.962409,6.634921,0.6550515,29.308125,41.152885,29.16895,17.461615,21.763653,15.975135,12.805936,12.332327,17.574785,68.06
4446911.924,659329.7026,51.403587,0.8779781,0.634254,24.665691,34.00267,28.921991,26.653522,24.157707,43.2311,38.759285,48.141273,55.990364,60.244095,32.771263,26.631317,22.943176,17.40228,15.608228,1.9761841,2.022213,6.100615,7.263082,1377.92,42.639526,-0.15917969,0.48630473,-0.010009766,35,15,0.8445138,0.5152204,0.2612952,0.29266262,0.30983636,1.0089668,1.3528653,23.812302,20.295282,12.587922,16.982044,13.46273,19.578796,16.364243,17.342918,25.527548,26.070684,17.62496,21.262594,20.006643,23.904833,21.039331,21.806551,20.222473,17.073256,16.310953,14.675407,17.045847,16.95964,16.724909,16.794352,15.4737835,11.856055,13.016456,11.91996,13.461987,16.163784,14.228936,13.336987,15.249279,13.087222,10.51835,9.132625,13.655507,17.395084,15.49866,12.283391,17.963762,18.692015,15.443042,16.214851,16.779348,19.049637,18.983032,16.87772,0.75611603,1.9991986,6.6818485,0.6550515,29.33418,40.995193,29.70129,17.583332,22.205229,17.001783,13.731566,13.505247,17.589384,68.06
4446911.924,659334.7026,58.50971,0.85798097,0.6316523,24.576681,34.002193,29.401579,27.144173,24.589754,42.57644,38.79536,47.27783,54.985218,58.876415,33.857037,26.748638,23.317625,17.991205,16.556175,2.0398192,2.057703,6.1674013,7.2672563,1377.9,32.212227,-0.03955078,0.45692098,-0.004394531,35,15,0.8445138,0.5152204,0.2612952,0.29266262,0.30983636,1.0089668,1.3528653,23.812302,20.295282,12.587922,16.982044,13.46273,19.578796,16.364243,17.342918,25.527548,26.070684,17.62496,21.262594,20.006643,23.904833,21.039331,21.806551,20.222473,17.073256,16.310953,14.675407,17.045847,16.95964,16.724909,16.794352,15.4737835,11.856055,13.016456,11.91996,13.461987,16.163784,14.228936,13.336987,15.249279,13.087222,10.51835,9.132625,13.655507,17.395084,15.49866,12.283391,17.963762,18.692015,15.443042,16.214851,16.779348,19.049637,18.983032,16.87772,0.74481666,2.0487611,6.717329,0.6550515,29.289436,40.685898,30.302837,17.583332,22.205229,17.001783,13.731566,13.505247,17.589384,68.06
4446911.924,659339.7026,59.40551,0.86519706,0.637284,24.40022,33.561035,29.471273,27.791676,25.148735,42.131195,38.873608,47.118763,53.712612,57.588497,34.380714,27.062729,23.401371,18.708418,17.262827,2.092361,2.0506494,6.2006745,7.23216,1377.88,32.728916,-0.040039062,0.47700888,-0.001098633,35,15,0.8445138,0.5152204,0.2612952,0.29266262,0.30983636,1.0089668,1.3528653,23.488705,17.46357,8.651641,14.579442,12.802788,18.9028,16.598425,15.367,24.777306,25.245743,16.698195,21.004099,18.905115,23.88979,21.052435,21.23138,21.054062,19.193794,15.729976,15.762355,16.795519,18.93013,19.147516,17.418112,15.384057,12.786903,10.405663,10.15377,11.057007,15.908608,16.707619,12.165302,16.186409,13.90649,11.568321,10.064651,9.948545,17.188313,16.68294,12.524597,18.548927,21.609434,15.020412,16.24329,15.660083,19.023296,19.003128,17.127203,0.7512405,2.071505,6.7164173,0.6550515,28.980629,40.502403,30.721722,16.069624,21.65324,18.087622,13.200518,13.649382,17.872652,68.06
4446911.924,659344.7026,64.73511,0.87796974,0.64738375,24.561884,33.356384,29.58339,27.827908,25.42424,41.81569,38.796135,46.951366,53.222485,57.345512,34.279938,27.22563,23.443874,19.127037,17.49208,2.1430173,2.0382693,6.236184,7.232055,1377.86,32.188866,0.040039062,0.4572169,0,35,15,0.84318686,0.49456653,0.2667849,0.2784825,0.30901054,1.0118577,1.3423159,23.287151,17.763197,7.837139,12.750422,11.778451,18.424278,16.837963,14.61827,25.172466,25.504435,16.97344,20.134525,18.726805,23.464775,21.319725,21.159521,19.576466,19.40514,17.104889,14.113615,15.786354,20.673365,19.046986,17.21763,15.929442,13.082847,11.922244,8.970785,10.650264,16.303818,16.161512,12.407973,16.288578,14.70534,12.527524,9.6192665,9.908108,16.990398,18.040304,12.766948,19.413588,22.010986,15.826631,15.882678,15.177312,18.302433,19.266283,17.327517,0.7626767,2.0906434,6.7341194,0.6494579,28.959133,40.305912,30.752785,15.525515,21.613739,17.958117,13.288703,14.01136,17.982845,68.06
4446911.924,659349.7026,70.291275,0.8866448,0.66133577,25.077528,33.399124,30.213871,28.105347,25.433647,41.14653,38.23605,45.712685,52.231884,56.97412,34.40062,27.74436,24.052763,19.804893,17.929739,2.2056146,2.0525925,6.290699,7.231307,1377.84,29.067802,-0.000488281,0.44230193,0.001098633,35,15,0.84318686,0.49456653,0.2667849,0.2784825,0.30901054,1.0118577,1.3423159,23.287151,17.763197,7.837139,12.750422,11.778451,18.424278,16.837963,14.61827,25.172466,25.504435,16.97344,20.134525,18.726805,23.464775,21.319725,21.159521,19.576466,19.40514,17.104889,14.113615,15.786354,20.673365,19.046986,17.21763,15.929442,13.082847,11.922244,8.970785,10.650264,16.303818,16.161512,12.407973,16.288578,14.70534,12.527524,9.6192665,9.908108,16.990398,18.040304,12.766948,19.413588,22.010986,15.826631,15.882678,15.177312,18.302433,19.266283,17.327517,0.7739903,2.1291037,6.761003,0.6494579,29.238327,39.69129,31.07249,15.525515,21.613739,17.958117,13.288703,14.01136,17.982845,68.06
4446911.924,659354.7026,68.38001,0.8846457,0.67416525,25.375732,33.005203,29.972404,28.123583,25.787268,40.67194,37.954082,44.319916,51.882416,56.062435,34.531162,28.031452,25.71623,20.1069,18.463438,2.2498472,2.0539796,6.3156624,7.2369127,1377.82,28.074907,-0.000976563,0.48669633,0,35,15,0.84318686,0.49456653,0.2667849,0.2784825,0.30901054,1.0118577,1.3423159,22.479778,18.7601,7.1715207,14.026627,10.243795,17.34901,14.164968,14.307027,25.198383,24.995749,16.306372,20.728245,18.42676,21.136013,20.524813,20.849554,21.73182,15.4988785,14.59053,15.042803,17.04304,16.78757,18.340405,16.678345,15.243959,10.12483,10.091485,10.632438,12.543384,12.451415,14.110787,11.737525,16.46249,13.226768,11.067577,12.201986,13.799744,16.494217,17.716274,13.487537,19.658047,18.776648,16.444288,15.9785185,15.442379,16.959352,17.770033,17.217897,0.7794055,2.1519134,6.7762876,0.6494579,29.190468,39.31301,31.281307,14.885114,21.04519,17.005007,12.1711855,14.42415,17.289896,68.06
4446911.924,659359.7026,66.15428,0.9167486,0.6876086,25.728687,33.02434,30.30372,28.020199,26.00642,39.821556,37.02998,43.277943,51.048317,54.916836,34.916935,28.831825,26.43105,20.91686,19.311485,2.3125775,2.0952668,6.3558145,7.2274084,1377.8,26.56505,0.000976563,0.5121739,0,35,15,0.84318686,0.49456653,0.2667849,0.2784825,0.30901054,1.0118577,1.3423159,24.210154,18.50216,6.1754756,14.046202,8.373778,14.581973,12.385078,13.827244,25.055887,25.65506,16.17822,20.074846,18.993214,20.779243,19.843706,20.692034,17.98502,14.765477,15.060963,13.451261,17.367517,20.111053,18.098515,15.916686,14.00348,10.224297,9.938351,9.797708,12.704849,13.917375,13.758614,11.474158,16.137058,14.961018,10.961539,10.592367,12.5677,13.848623,16.787138,12.898082,18.40965,19.168537,17.351252,16.803318,15.209511,17.888094,17.579939,17.343058,0.8021786,2.2039223,6.7916117,0.6494579,29.376514,38.425766,31.87438,14.03926,20.940027,16.6914,12.049239,13.693636,17.487186,68.06
4446911.924,659364.7026,64.31813,0.92459166,0.6957366,25.781633,33.158077,31.301805,27.864824,26.331438,39.171947,36.29952,42.580296,50.554256,54.22016,35.261486,28.956057,26.092363,21.448261,19.650558,2.3548968,2.1437836,6.3963842,7.221867,1377.78,20.558441,-0.03955078,0.48944896,-0.003295898,35,15,0.84318686,0.49456653,0.2667849,0.2784825,0.30901054,1.0118577,1.3423159,24.2025,18.491951,6.1448555,14.021708,8.343159,14.581963,12.364665,13.806834,25.303082,25.853811,16.166107,20.283707,19.227194,21.045347,20.224463,20.865522,17.881174,14.511806,14.79961,13.185303,17.129204,19.969341,18.066328,15.695396,13.178396,9.413165,9.120938,8.975128,11.904881,13.083918,13.235191,10.656748,16.987429,16.239107,12.294095,12.131941,14.097214,14.303659,17.90676,14.146295,18.481216,19.278427,17.464348,16.921154,15.341145,17.937828,17.640318,17.447632,0.8101641,2.24934,6.809126,0.6494579,29.469856,37.735733,32.108772,14.0215435,21.157673,16.50611,11.2730875,14.851458,17.580633,68.06
4446911.924,659369.7026,65.90921,0.943261,0.6936557,25.87938,32.538933,31.624275,28.41762,26.967564,39.18004,36.59366,41.54604,49.334766,52.98526,35.051094,29.121815,26.843575,22.11998,20.173271,2.3729665,2.1357024,6.446828,7.2151647,1377.77,5.5073614,-0.040039062,0.4463525,-0.004394531,35,15,0.84318686,0.49456653,0.2667849,0.2784825,0.30901054,1.0118577,1.3423159,22.02748,17.504372,7.412354,14.617769,8.098668,15.578618,11.255937,13.781003,27.237194,25.596815,15.976295,20.32647,18.652958,22.587748,20.522207,21.19448,20.980688,16.201975,14.153503,13.823187,15.770194,20.10616,16.843987,16.202667,15.816697,10.041618,8.855466,8.983727,9.669936,12.2955675,12.825435,10.769357,16.851692,15.531029,11.432151,12.065002,12.670676,17.001633,16.768394,13.852033,18.617363,18.122103,17.38804,17.652346,16.60256,17.344059,16.936255,17.636242,0.8184584,2.2543344,6.8309965,0.6494579,29.209156,37.88685,32.086456,13.785028,21.557098,16.839956,11.212634,14.617226,17.523247,68.06
4446911.924,659374.7026,68.007034,0.9487737,0.6806497,25.921581,31.962374,31.514942,28.453865,27.130915,39.873055,37.711,41.7192,49.173367,52.797962,34.309036,29.164694,26.780993,22.24306,20.344624,2.3627272,2.0953493,6.459876,7.22662,1377.77,350.23697,-0.080078125,0.42172533,-0.005493164,35,15,0.8398359,0.49938536,0.26927346,0.28363553,0.31009418,1.0171878,1.3903697,21.583189,17.576622,7.9484653,14.556013,11.257678,15.231688,13.291644,14.2031145,26.302439,26.297281,16.268133,20.65118,19.172623,22.666237,20.111341,21.338356,20.989508,16.445658,14.619258,15.239889,17.492714,19.365032,16.106184,16.801111,15.312933,9.602885,9.90557,10.176745,11.104983,11.836961,13.026883,11.28279,16.530418,14.839368,11.496377,12.945885,12.880951,16.383038,17.298573,13.885627,18.50421,19.498583,16.086973,15.5198765,16.904636,17.119677,18.689796,17.021189,0.8147117,2.2290382,6.8432484,0.6585403,28.941978,38.792027,31.736866,14.492186,21.63846,17.179749,11.5667095,14.624944,17.474821,68.06
4446911.924,659379.7026,64.05689,0.952141,0.6722781,26.01801,31.827026,31.449108,28.119587,26.769619,40.520153,38.708294,42.353565,49.263607,54.0135,33.657303,28.762762,26.198092,22.386719,19.975182,2.3460648,2.058354,6.4934206,7.267211,1377.78,346.43585,-0.03955078,0.42718282,-0.002197266,35,15,0.8398359,0.49938536,0.26927346,0.28363553,0.31009418,1.0171878,1.3903697,21.583189,17.576622,7.9484653,14.556013,11.257678,15.231688,13.291644,14.2031145,26.302439,26.297281,16.268133,20.65118,19.172623,22.666237,20.111341,21.338356,20.989508,16.445658,14.619258,15.239889,17.492714,19.365032,16.106184,16.801111,15.312933,9.602885,9.90557,10.176745,11.104983,11.836961,13.026883,11.28279,16.530418,14.839368,11.496377,12.945885,12.880951,16.383038,17.298573,13.885627,18.50421,19.498583,16.086973,15.5198765,16.904636,17.119677,18.689796,17.021189,0.81220955,2.2022095,6.880316,0.6585403,28.922518,39.614223,31.210033,14.492186,21.63846,17.179749,11.5667095,14.624944,17.474821,68.06
4446911.924,659384.7026,65.59684,0.9485995,0.6538223,26.01318,31.362478,31.088923,27.898565,26.543875,41.12087,39.503117,42.58304,49.46913,55.278664,33.079716,29.03043,26.410265,22.374655,19.397211,2.3265228,2.0352972,6.4982843,7.2611365,1377.79,334.18018,-0.07910156,0.49298072,-0.00769043,35,15,0.8398359,0.49938536,0.26927346,0.28363553,0.31009418,1.0171878,1.3903697,22.252802,17.921988,8.731908,14.8406925,12.464581,15.244423,13.78537,14.798413,25.330917,26.279617,16.893827,21.188429,18.313463,22.392704,21.006811,21.387758,21.017641,15.928836,14.930371,15.310198,15.215892,18.379154,17.25569,16.684505,15.304487,9.329678,10.773343,11.234035,12.114117,12.960311,14.11028,11.978578,14.429901,14.641217,12.097098,13.649408,10.26968,15.383274,16.209854,13.425937,18.690067,16.457388,15.819515,16.309916,17.630568,16.674747,19.78859,16.985302,0.8012109,2.18091,6.87971,0.6585403,28.687828,40.311993,31.055073,15.034538,21.629395,16.86254,12.260894,13.811491,17.338684,68.06
4446911.924,659389.7026,65.41929,0.9298692,0.63516086,25.726904,30.947199,31.147326,27.418072,26.933676,41.61093,40.622063,43.573032,49.570515,54.88751,32.662045,28.442484,25.3758,22.647991,19.63626,2.3084433,2.021515,6.5061493,7.2866397,1377.82,325.48035,0.0390625,0.5559927,0.001098633,35,15,0.8398359,0.49938536,0.26927346,0.28363553,0.31009418,1.0171878,1.3903697,23.503742,18.579727,9.657417,16.567497,11.377021,14.800945,15.580811,15.513387,24.372372,25.591024,16.445658,20.022984,18.191465,21.329979,19.34465,20.48168,19.349617,16.092442,14.522629,15.284505,15.198201,20.62657,16.449455,16.316765,14.462976,9.727684,10.745526,11.858259,11.877312,14.067356,14.93197,11.966937,13.057925,14.424838,11.50818,13.963282,10.178618,15.47283,17.194744,13.008274,18.760384,16.5921,14.844913,16.551254,17.105764,16.265514,13.556624,16.249357,0.78251505,2.164979,6.8963947,0.6585403,28.337051,41.116497,30.552265,15.723879,20.756876,16.78906,12.524442,13.685774,16.239508,68.06
4446911.924,659394.7026,61.304256,0.9203644,0.61423534,25.757336,30.734592,31.336512,27.606081,27.422745,41.61913,41.379646,43.69496,49.17527,54.54428,32.58948,28.18042,25.145962,22.809439,19.816072,2.3017497,2.0223575,6.540907,7.3167562,1377.84,316.88742,-0.2006836,0.60811955,-0.013427734,35,15,0.8398359,0.49938536,0.26927346,0.28363553,0.31009418,1.0171878,1.3903697,23.503742,18.579727,9.657417,16.567497,11.377021,14.800945,15.580811,15.513387,24.372372,25.591024,16.445658,20.022984,18.191465,21.329979,19.34465,20.48168,19.349617,16.092442,14.522629,15.284505,15.198201,20.62657,16.449455,16.316765,14.462976,9.727684,10.745526,11.858259,11.877312,14.067356,14.93197,11.966937,13.057925,14.424838,11.50818,13.963282,10.178618,15.47283,17.194744,13.008274,18.760384,16.5921,14.844913,16.551254,17.105764,16.265514,13.556624,16.249357,0.7672999,2.1620536,6.9288316,0.6585403,28.245964,41.49939,30.38495,15.723879,20.756876,16.78906,12.524442,13.685774,16.239508,68.06
4446911.924,659399.7026,64.90993,0.93923306,0.63004565,25.88872,30.254179,32.479748,27.976667,27.786058,41.543068,41.82711,41.860546,48.827225,54.887005,32.56697,28.260567,25.954535,22.939962,19.221083,2.29781,2.030027,6.5923405,7.345828,1377.89,311.42093,0,0.64960545,0,35,15,0.8398359,0.49938536,0.26927346,0.28363553,0.31009418,1.0171878,1.3903697,23.60604,18.107317,10.249869,16.17419,11.624269,15.406769,14.15459,15.574716,23.733696,25.93595,16.701355,19.6594,18.535137,24.175411,20.465302,20.83446,18.259367,15.79555,15.284696,15.948008,14.717647,16.536743,15.005979,15.997097,13.563736,9.691884,10.1921,10.541399,11.42947,12.219475,13.631028,11.187888,13.3677635,15.6153345,10.514478,12.2598295,12.139068,16.14719,15.3745,12.648155,18.918224,15.9835205,14.100493,15.646433,17.633247,16.15533,17.633,16.160688,0.78463936,2.1639185,6.9690843,0.6585403,28.07145,41.68509,30.413769,15.617578,21.31518,15.935427,11.60987,13.631166,16.581465,68.06
4446911.924,659404.7026,66.723946,0.9459675,0.65670997,25.907751,30.223719,32.40731,27.580235,27.176441,41.594208,41.785793,41.57422,49.2633,55.512627,32.521065,28.342257,26.213814,23.005589,18.847116,2.2745993,2.011472,6.5805793,7.340704,1377.93,311.44135,-0.0390625,0.64934325,-0.003295898,35,15,0.8307054,0.4960031,0.26800492,0.28076446,0.30911475,1.0059403,1.3839189,24.222105,19.867712,12.465987,17.563013,13.867012,16.67664,15.429343,17.216734,23.733696,25.93595,17.811775,20.389927,19.097994,24.597553,20.688526,21.369795,18.16121,15.564288,15.086673,15.815387,14.703982,16.05698,14.99513,15.832623,14.250481,12.285611,12.468361,12.553945,13.250257,13.810015,14.687309,12.97392,13.555502,15.837678,10.814987,12.6253805,12.145683,16.169468,15.396489,12.860176,19.123692,16.185684,14.930294,16.324677,17.84299,16.719597,18.013275,16.646427,0.80133873,2.1430357,6.960642,0.6534931,28.065735,41.690002,30.43166,17.155973,21.750774,15.7690935,13.329425,13.79217,17.02003,68.06
4446911.924,659409.7026,61.99462,0.9453535,0.6768219,25.837988,30.356737,32.180508,27.009237,26.817415,41.277027,41.62868,41.686855,50.117905,57.22694,32.740143,28.277416,26.31129,22.831835,17.347542,2.2648268,2.0084171,6.596858,7.3454404,1377.98,308.10458,0.079589844,0.67348367,0.003295898,35,15,0.8307054,0.4960031,0.26800492,0.28076446,0.30911475,1.0059403,1.3839189,23.889988,21.510717,13.14607,15.243988,13.001694,16.767036,15.713521,16.899954,26.21847,28.834154,18.36534,23.000692,19.937357,26.358494,21.808432,23.208052,17.84056,14.680977,13.6911545,15.584448,14.406228,15.771788,16.236784,15.194351,13.519207,11.581042,12.760319,12.269432,12.2895975,14.224012,14.200989,12.702838,13.032012,11.854646,12.278106,11.497485,9.224439,15.955851,11.41666,11.9855,17.321346,15.093242,15.355271,14.76828,14.131729,15.890469,15.985356,15.420819,0.8110877,2.136622,6.9711494,0.6534931,28.097363,41.452854,30.50878,17.039001,23.503277,15.458849,12.977799,12.179886,15.506528,68.06
4446911.924,659414.7026,66.36694,0.9426217,0.69154686,25.649452,30.578907,31.859047,26.438831,26.411827,40.79803,41.36296,42.021297,51.33114,58.40719,33.13808,28.170076,26.290686,22.293262,16.513493,2.259522,2.0170937,6.584339,7.348459,1378.02,306.134,-0.079589844,0.65617824,-0.003295898,35,15,0.8307054,0.4960031,0.26800492,0.28076446,0.30911475,1.0059403,1.3839189,24.587906,19.583416,12.730447,16.108814,14.630582,19.050228,16.891827,17.430958,26.446938,28.880682,18.471369,22.944298,20.089617,23.540936,21.910309,23.058401,17.933949,14.663083,12.648983,14.667677,14.50146,16.446602,16.514013,14.824283,14.125966,11.242074,12.183431,12.681854,12.465211,15.240568,13.933575,12.811179,14.571652,11.374536,10.433087,11.350395,9.269013,14.91831,11.54818,11.625107,19.132587,14.30483,14.558337,15.9833555,14.252667,16.301449,15.5178175,15.731082,0.8170843,2.1383078,6.966399,0.6534931,28.11418,41.080498,30.65408,17.654745,23.18345,15.339395,13.124669,11.923596,15.721579,68.06
4446911.924,659419.7026,65.59081,0.9355751,0.7056225,25.49995,31.007872,32.15555,26.695433,26.918253,40.09478,40.8765,42.089436,51.420708,58.245872,33.70599,28.043417,25.832716,22.095398,15.868227,2.252702,2.049908,6.628662,7.371573,1378.07,302.6681,-0.000976563,0.6633967,-0.001220703,35,15,0.8307054,0.4960031,0.26800492,0.28076446,0.30911475,1.0059403,1.3839189,24.587906,19.583416,12.730447,16.108814,14.630582,19.050228,16.891827,17.430958,26.873055,29.358175,18.445745,23.099888,20.181623,23.867018,21.960512,23.271599,18.882288,15.665301,13.246807,15.353785,15.209653,17.309237,17.358171,15.603145,15.486847,13.616577,13.071331,13.832327,12.915416,18.429012,14.4851265,14.180668,17.308414,15.536446,14.073831,15.081525,13.006368,19.336573,14.747891,15.278914,21.343962,16.443565,15.617879,17.364704,15.604793,18.203613,16.952515,17.335094,0.82059884,2.151305,7.0001173,0.6534931,28.25391,40.48564,30.874702,17.654745,23.398005,16.146463,14.548089,15.584435,17.361576,68.06
4446911.924,659424.7026,72.88861,0.91923696,0.7083144,25.490507,31.344995,32.56299,26.48561,27.198301,39.295376,40.05352,41.307518,51.372906,58.37386,34.46739,28.150581,26.177841,22.442303,15.661434,2.2365477,2.0866282,6.681624,7.3973036,1378.12,300.06277,0,0.62930006,0.002197266,35,15,0.8307054,0.4960031,0.26800492,0.28076446,0.30911475,1.0059403,1.3839189,22.658577,20.110151,12.176076,16.381748,13.292725,17.216896,15.958484,16.795166,29.084227,29.644922,19.046484,22.764889,20.96479,23.586948,21.356882,23.719915,23.527618,19.372185,14.10144,14.986555,16.50925,17.536243,17.715782,17.368603,17.268658,15.731895,13.196767,12.114525,15.148506,14.489198,15.912211,14.454785,18.293608,16.32737,15.107579,12.570377,15.374888,17.233118,17.771265,15.603318,19.595287,19.773447,15.699498,16.681969,15.891229,20.252449,19.027609,17.624783,0.81377566,2.161588,7.039464,0.6534931,28.417751,39.674446,31.308985,16.827808,23.778452,17.67844,14.837394,16.096886,18.131641,68.06
4446911.924,659429.7026,69.14164,0.93919414,0.73185354,25.343216,31.144194,32.68218,26.288202,27.264908,39.47306,40.171547,41.414967,51.300648,58.40467,34.278828,28.160614,25.959455,22.639162,15.267885,2.2493398,2.0958254,6.726721,7.4210296,1378.17,291.39127,0.040527344,0.7075544,-0.003295898,35,15,0.8307054,0.4960031,0.26800492,0.28076446,0.30911475,1.0059403,1.3839189,24.145931,20.30303,11.301391,16.685305,12.635015,16.085794,15.94683,16.719887,28.605816,28.75485,19.301054,22.492352,20.738081,23.295927,21.880728,23.575827,22.977978,20.172895,14.374756,14.7926,17.028122,18.771872,19.348196,17.579313,15.701776,16.618212,13.067168,11.985083,14.3525095,14.232828,16.699423,14.086682,15.809789,15.475234,14.448522,11.426462,13.500999,14.710197,16.503386,14.215035,21.003563,20.709925,17.70327,16.919096,16.288012,20.780434,21.122622,18.63267,0.83552384,2.1725826,7.0738754,0.6534931,28.243706,39.822304,31.21972,16.729042,23.581257,18.20949,14.665285,14.553513,19.21813,68.06
4446911.924,659434.7026,64.69564,1.0218296,0.7825092,25.20639,30.707323,32.099148,26.291742,26.538218,40.739273,41.280064,42.58753,51.81162,58.914536,33.321877,27.881958,25.407602,22.04865,15.0844755,2.2872088,2.0524132,6.716457,7.4203796,1378.23,284.42828,-0.28027344,1.0349648,-0.016723633,35,15,0.847835,0.4978532,0.26837814,0.29468167,0.30947348,1.0130786,1.3442968,23.93847,20.173254,11.226982,16.666622,12.593623,16.07511,15.769241,16.632648,26.893353,26.957499,19.268274,21.824533,20.120302,22.263718,21.521729,22.694239,22.029003,19.84643,14.291409,14.7926,16.701658,18.282175,19.025478,17.277891,15.707024,16.540943,13.041669,11.99208,14.277573,14.239826,16.622154,14.064491,15.691084,15.421823,15.357151,11.950349,14.070279,15.058125,16.777592,14.622776,20.314896,19.125357,16.141718,14.783178,15.992084,20.259056,20.039316,17.262018,0.9021694,2.169811,7.0684185,0.65365666,27.956856,41.009666,30.601917,16.634756,22.69277,17.852678,14.63161,14.903771,18.093657,68.06
4446911.924,659439.7026,62.88106,1.0985737,0.8269624,24.957617,30.335443,31.646288,27.1393,26.798138,41.938614,42.192913,43.494255,51.56565,58.688698,32.505566,27.650663,25.026136,21.413578,14.336966,2.3220556,2.0236912,6.7166343,7.433343,1378.34,283.86768,-0.000488281,1.2538534,-0.001098633,35,15,0.847835,0.4978532,0.26837814,0.29468167,0.30947348,1.0130786,1.3442968,24.214111,21.732561,13.117509,16.635757,13.72041,16.05928,17.799795,17.47888,26.425093,27.780333,18.611158,21.911118,20.048742,22.799877,22.146545,22.608545,16.561085,15.746486,13.974426,13.100705,15.293571,18.128813,16.603296,15.127112,16.060343,15.460364,13.443775,13.41853,14.889804,15.339341,17.218676,14.583745,16.735434,16.405937,18.26552,18.158215,16.170162,15.209858,16.634718,17.229166,19.649662,18.042557,16.331432,15.197296,16.164925,19.87675,19.72641,17.13576,0.9627681,2.1728735,7.0749884,0.65365666,27.64653,42.065765,30.078114,17.611347,22.817553,15.629768,15.11869,16.797121,17.855576,68.06
4446911.924,659444.7026,54.59273,1.1725951,0.8755957,24.785873,29.680819,31.307577,27.38191,27.019093,43.29067,43.256298,44.16215,51.625126,58.309208,31.685131,27.378056,24.671207,21.093767,14.319589,2.334244,1.9922707,6.7609787,7.462996,1378.45,283.69263,0.07910156,1.2090229,0.006591797,35,15,0.847835,0.4978532,0.26837814,0.29468167,0.30947348,1.0130786,1.3442968,23.252201,20.554613,12.563103,17.153896,15.170269,15.398848,16.319838,17.207766,27.173964,27.777842,17.523836,21.525677,19.429369,21.514282,18.758537,21.92132,17.070671,16.029076,12.495385,13.162567,14.695008,17.643082,16.48989,14.72771,15.567799,14.483485,12.045165,12.11217,12.225223,14.335201,16.68814,13.375835,15.272628,14.973079,16.91734,17.673473,14.406354,12.393084,18.060728,15.93845,19.488327,17.170073,15.563019,14.11868,14.002486,15.3425665,19.078234,15.954101,1.0240954,2.1632574,7.111987,0.65365666,27.233345,43.273483,29.531593,17.201826,21.957642,15.369383,13.922455,15.670955,16.39477,68.06
4446911.924,659449.7026,48.31872,1.264272,0.9194127,24.4541,28.983856,30.839758,27.546505,27.2807,44.878475,44.385986,44.80009,51.67834,57.54533,30.86554,27.15155,24.555174,20.87348,14.846539,2.3403106,1.9673322,6.842582,7.5182066,1378.55,280.43677,0.12060547,1.1069878,0.0078125,35,15,0.847835,0.4978532,0.26837814,0.29468167,0.30947348,1.0130786,1.3442968,26.377798,22.50525,13.529095,18.330748,16.462349,17.756834,17.870958,18.89084,25.249859,25.834991,16.653557,20.220806,18.003012,19.812912,17.128445,20.459011,16.874262,15.840454,12.345048,13.000812,14.526718,17.527271,16.332985,14.557708,15.152075,14.06911,11.633323,11.698874,11.8151245,13.925893,16.274523,12.963196,15.007626,14.691133,16.679436,17.418665,14.143579,11.591115,17.340773,15.632117,16.110867,16.135174,14.494511,13.700081,12.920192,13.556168,15.629199,14.551942,1.0918423,2.1538215,7.180394,0.65365666,26.718979,44.632233,29.008545,18.976149,20.414797,15.206793,13.509847,15.267476,14.649455,68.06
4446911.924,659454.7026,51.21499,1.362759,1.021912,24.08922,28.31728,30.346859,27.914803,27.838974,47.096592,46.11908,45.3708,51.350735,57.280727,29.732485,26.581383,24.411472,20.906317,14.887132,2.321441,1.9344215,6.986753,7.624901,1378.64,277.66168,0.12011719,0.9677913,0.008911133,35,15,0.847835,0.4978532,0.26837814,0.29468167,0.30947348,1.0130786,1.3442968,22.924173,21.276854,12.039879,17.626097,14.003636,16.066269,15.273303,17.060528,23.586838,25.390036,16.622396,20.808926,18.728058,19.01126,17.918905,20.256239,19.24047,16.017097,14.748806,14.567906,15.356469,17.454412,18.522522,16.101038,17.945068,14.931575,15.471467,14.571463,14.060498,15.6675825,20.63263,15.766412,17.272636,16.45024,19.041899,17.814121,16.536701,15.436167,18.695307,17.594578,17.107885,14.769483,14.287727,14.96167,14.175407,17.09906,16.151476,15.199356,1.1923355,2.127931,7.305827,0.65365666,26.20325,46.607834,28.156933,17.030031,20.295202,16.55824,16.182898,17.32101,15.507529,68.06
4446911.924,659459.7026,53.719025,1.3962022,1.0242172,23.963175,28.438953,29.911694,27.772738,27.679337,48.148754,46.703346,45.652252,51.976345,59.01542,29.215275,26.41656,24.642483,20.536814,14.111314,2.293841,1.9148439,7.0449843,7.6813273,1378.71,279.16943,-0.080566406,0.899676,-0.004516602,35,15,0.847835,0.4978532,0.26837814,0.29468167,0.30947348,1.0130786,1.3442968,23.880627,20.491762,11.461845,17.858448,14.05388,16.679596,13.435037,17.09014,25.436811,25.338251,16.585953,20.847101,18.51378,21.793163,17.199018,20.73549,19.153332,16.32163,13.511226,14.557963,13.93352,17.25174,14.80132,15.278828,20.12254,14.293426,15.019757,14.820003,14.2264595,15.802699,16.58167,15.715213,18.349993,15.342145,18.528938,18.101116,16.516953,17.637396,17.094826,17.605415,15.508796,14.617706,14.319214,14.720116,14.162834,14.185286,16.804964,14.540193,1.2102097,2.1043425,7.363156,0.65365666,26.201065,47.42605,27.815918,16.837315,20.816298,15.647247,15.8380785,17.367338,14.902702,68.06
4446911.924,659464.7026,54.43776,1.2895712,0.90899324,24.142633,29.342636,29.4506,27.603888,27.283323,46.89762,44.533226,46.322727,52.71603,59.517624,29.873632,27.156986,24.473166,19.86352,13.91207,2.269876,1.9157108,6.8885546,7.572002,1378.79,279.16943,-0.03955078,0.899676,-0.001098633,35,15,0.8368535,0.5023078,0.2701696,0.30273274,0.3093729,1.0120912,1.3429214,24.043785,20.491762,11.461845,17.858448,14.05388,16.679596,13.480949,17.117334,25.436811,25.338251,16.585953,20.847101,18.51378,21.793163,17.199018,20.73549,19.153332,16.32163,13.511226,14.557963,13.93352,17.25174,14.80132,15.278828,20.12254,14.293426,15.019757,14.820003,14.2264595,15.802699,16.58167,15.715213,18.294748,15.295242,18.486067,18.059587,16.472736,17.587807,17.05301,17.559584,15.508796,14.617706,14.319214,14.720116,14.162834,14.185286,16.804964,14.540193,1.0992823,2.0927935,7.230278,0.65377843,26.742634,45.715424,28.515308,16.86718,20.816298,15.647247,15.8380785,17.321314,14.902702,68.06
4446911.924,659469.7026,55.459187,1.2029722,0.8234009,23.999126,29.995386,28.94042,27.324123,27.098213,46.414852,43.34402,46.89837,53.302742,60.50215,30.08909,27.440563,24.51564,19.559196,13.229716,2.2291377,1.9127911,6.8269334,7.526878,1378.87,277.1322,0.19970703,0.6928489,0.012207031,35,15,0.8368535,0.5023078,0.2701696,0.30273274,0.3093729,1.0120912,1.3429214,23.636368,21.331171,12.111877,16.839468,13.408725,16.734371,15.589934,17.022644,24.959347,24.644705,16.336348,20.953043,18.41096,20.40442,18.52333,20.602118,18.716623,15.37876,13.596535,13.336174,15.149593,15.678524,15.325345,15.081626,19.140728,14.576516,13.415253,13.729869,15.280406,16.72007,17.482016,15.220136,18.838688,15.702235,17.23053,17.455397,15.835181,15.515014,17.692337,17.130617,15.888251,14.950954,13.559204,14.402338,15.8942795,16.546207,17.395012,15.236236,1.0131866,2.0709643,7.1769056,0.65377843,26.997257,44.879436,28.764828,17.09313,20.604593,15.311652,15.763551,16.895626,15.5194645,68.06
4446911.924,659474.7026,57.85092,1.1306193,0.7729947,23.857004,30.51631,28.473316,27.168991,27.202833,46.395355,42.361572,47.270016,53.516197,60.506126,30.178541,27.655182,24.661753,19.502125,13.221201,2.1733227,1.9084504,6.8266034,7.5039296,1378.91,275.2021,-0.03955078,0.47439557,0,35,15,0.8368535,0.5023078,0.2701696,0.30273274,0.3093729,1.0120912,1.3429214,23.946157,21.320818,12.2796335,16.134695,13.232994,16.249392,15.79939,16.905945,25.973309,24.644705,16.073042,20.199326,18.256367,20.638897,19.18721,20.548477,17.358639,15.337377,13.617358,13.438069,14.776187,16.208298,15.965019,14.874027,17.721134,14.576516,13.135619,12.994992,14.341535,16.588413,16.621727,14.632201,20.113613,15.593445,16.612541,16.976664,15.754425,15.636436,17.854403,17.075294,16.06906,14.925308,13.634311,13.707006,13.283797,16.217375,17.473417,14.782196,0.951807,2.0408864,7.1652665,0.65377843,27.186657,44.378464,28.916862,16.994726,20.710407,15.242991,15.139992,16.934504,15.044326,68.06
4446911.924,659479.7026,55.40435,1.0594139,0.7354193,23.749657,30.613499,28.100887,27.496689,27.552977,46.83438,41.857025,47.80136,53.514107,59.970352,30.019812,27.539389,24.336544,19.156202,13.5157585,2.0969718,1.9037669,6.8221693,7.4911757,1378.95,276.35156,0.03955078,0.38880542,0.002197266,35,15,0.8368535,0.5023078,0.2701696,0.30273274,0.3093729,1.0120912,1.3429214,24.017763,21.315561,12.316189,16.150997,13.262222,16.33545,15.820633,16.940832,26.199717,24.697952,16.12629,20.252577,18.309616,20.811005,19.254957,20.642305,17.341091,15.337377,13.617358,13.438069,14.776187,16.173204,15.961891,14.868178,17.71947,14.576516,13.1357565,12.994992,14.341535,16.584671,16.622002,14.631679,20.113613,15.593445,15.503956,16.311512,15.015366,15.082144,17.115347,16.521002,16.063198,14.925308,13.634311,13.707006,13.283797,16.211515,17.469511,14.780731,0.8974166,2.0003693,7.1566725,0.65377843,27.181578,44.345703,28.7796,17.03126,20.807446,15.235024,15.139277,16.390768,15.042093,68.06
4446911.924,659484.7026,54.990917,0.97945625,0.6827864,23.405298,30.957687,27.767391,27.645754,28.149746,48.024837,41.619705,48.118717,53.491592,59.099503,29.557734,27.130943,24.31616,19.061386,14.231278,2.0044482,1.8998731,6.8551583,7.481406,1378.98,286.69925,0.040039062,0.29938212,0.003295898,35,15,0.8368535,0.5023078,0.2701696,0.30273274,0.3093729,1.0120912,1.3429214,23.752182,22.677656,12.041855,15.673265,13.456065,15.649311,15.759674,16.89565,24.165308,25.382086,15.85995,19.897997,18.322746,20.857607,19.008482,20.292677,17.514862,16.560911,13.485977,13.350777,14.441788,15.426828,15.415431,14.863892,17.692457,15.254417,12.878734,12.885112,15.578117,17.654219,15.456805,14.827746,18.93209,15.533853,15.203334,16.213367,15.674666,15.679413,16.806982,16.292734,23.404486,19.430311,17.421926,14.808431,19.46183,19.166275,19.612444,18.713598,0.8311213,1.9521606,7.1682825,0.65377843,27.181492,44.822273,28.344337,17.00143,20.499166,15.1709385,15.342837,16.291958,19.043673,68.06
4446911.924,659489.7026,58.841503,0.9426854,0.6611799,23.352554,30.878485,27.280714,27.541382,27.783884,48.348766,41.418133,48.841553,54.064003,59.20488,29.305769,26.881731,23.76147,18.626974,14.520981,1.9716762,1.8954948,6.826327,7.46027,1379,302.00537,0,0.27052557,0,35,15,0.8368535,0.5023078,0.2701696,0.30273274,0.3093729,1.0120912,1.3429214,23.955603,21.871622,12.047058,17.146166,14.019485,16.199074,14.406255,17.26227,24.872967,25.07055,16.126093,19.991093,18.924105,19.727783,18.636118,20.425737,19.45865,16.150011,13.873286,13.601236,16.041403,16.878494,19.36376,15.772805,18.348778,14.826053,13.13458,12.896855,16.19621,18.087734,17.329262,15.208806,17.581415,16.244349,15.35849,16.391855,16.316786,17.892698,15.419032,16.46926,22.977371,19.144453,17.92766,14.703502,20.052505,15.137723,21.916162,18.433348,0.8019327,1.9335855,7.143298,0.65377843,27.11552,44.88345,28.09375,17.09218,20.478388,16.480978,15.831352,16.457804,18.837053,68.06
4446911.924,659494.7026,58.592285,0.9600749,0.687764,23.66483,30.835196,26.68288,27.216377,25.70934,47.25517,40.98292,49.070374,54.900898,61.24731,29.729633,27.166672,24.077017,18.016525,14.067175,2.0086334,1.8923788,6.7014184,7.4214787,1379.02,315,0,0.28387427,0.002197266,35,15,0.8494065,0.5005583,0.24231151,0.2847708,0.3079677,1.006722,1.3416165,23.955603,21.871622,12.047058,17.146166,14.019485,16.199074,14.406255,17.26227,24.872967,25.07055,16.126093,19.991093,18.924105,19.727783,18.636118,20.425737,19.45865,16.150011,13.873286,13.601236,16.041403,16.878494,19.36376,15.772805,18.348778,14.826053,13.13458,12.896855,16.19621,18.087734,17.329262,15.208806,17.581415,16.244349,15.35849,16.391855,16.316786,17.892698,15.419032,16.46926,22.977371,19.144453,17.92766,14.703502,20.052505,15.137723,21.916162,18.433348,0.8239194,1.9505061,7.0614486,0.6476219,27.250011,44.119045,28.448153,17.09218,20.478388,16.480978,15.831352,16.457804,18.837053,68.06
4446911.924,659499.7026,55.30989,0.9581256,0.6905775,23.744053,30.92663,26.233814,26.877296,24.682165,46.984097,40.834885,49.24524,55.25919,61.343376,29.757673,27.021643,24.15575,17.916397,14.091254,2.0203047,1.8946048,6.6025305,7.380199,1379.04,332.11786,0.16015625,0.2755572,0.0078125,35,15,0.8494065,0.5005583,0.24231151,0.2847708,0.3079677,1.006722,1.3416165,24.119709,21.746778,13.0613365,17.436035,14.0288925,16.126085,14.7531595,17.608446,25.242172,23.172766,16.094042,20.322948,18.73379,20.103952,18.363071,20.274286,19.14734,15.817825,13.222384,13.801183,15.114024,18.122597,16.966,15.297793,19.497978,15.876518,14.025181,12.943911,16.547976,17.45752,16.230347,15.691475,17.443123,17.281565,16.715395,16.358221,16.63045,18.84663,16.0832,17.13243,23.063978,15.745655,16.16014,13.704455,17.822624,21.729992,21.209267,17.669453,0.82435155,1.9574547,6.9913645,0.6476219,27.335342,43.909492,28.389658,17.324572,20.29039,16.027334,16.082775,17.051226,18.490871,68.06
4446911.924,659504.7026,53.569542,0.95199096,0.69491214,23.994024,31.318785,26.025085,26.854237,23.528965,47.045467,40.7212,49.06309,55.00406,61.73193,29.690214,26.737528,24.225718,18.077927,14.136776,2.017023,1.9024752,6.4909697,7.3318295,1379.04,330.9256,-0.119628906,0.29469007,-0.005493164,35,15,0.8494065,0.5005583,0.24231151,0.2847708,0.3079677,1.006722,1.3416165,23.930168,21.556974,12.46172,16.988148,15.168643,15.318596,12.9302025,17.385096,25.594307,23.237375,16.653482,20.202936,19.103434,19.705326,17.972818,20.468893,19.26642,16.027937,13.162056,14.001935,15.94368,18.284443,15.548306,15.487839,21.116997,15.5983095,15.47749,13.731265,16.945642,15.98979,16.475859,16.38104,21.156303,16.868515,17.370686,16.6808,16.803133,16.838017,15.851494,17.78489,23.814358,15.603057,16.282074,14.628309,17.242468,23.174784,21.43997,18.047525,0.8234515,1.9597492,6.9114,0.6476219,27.656404,43.88333,28.213871,16.907778,20.352812,16.033539,16.476479,17.366993,18.883574,68.06
4446911.924,659509.7026,51.79107,0.94107974,0.7059078,23.80625,31.070644,25.649279,26.952866,22.50409,47.483624,40.668755,48.901203,54.684692,61.85405,29.415174,26.257881,24.373701,18.156605,14.270288,2.007125,1.9136655,6.4484506,7.2906113,1379.06,318.7769,0.000976563,0.30406922,0,35,15,0.8494065,0.5005583,0.24231151,0.2847708,0.3079677,1.006722,1.3416165,23.930168,21.556974,12.46172,16.988148,15.168643,15.318596,12.9302025,17.385096,25.594307,23.237375,16.653482,20.202936,19.103434,19.705326,17.972818,20.468893,19.26642,16.027937,13.162056,14.001935,15.94368,18.284443,15.548306,15.487839,21.116997,15.5983095,15.47749,13.731265,16.945642,15.98979,16.475859,16.38104,21.156303,16.868515,17.370686,16.6808,16.803133,16.838017,15.851494,17.78489,23.814358,15.603057,16.282074,14.628309,17.242468,23.174784,21.43997,18.047525,0.8234938,1.9603952,6.8695307,0.6476219,27.438446,44.076187,27.836529,16.907778,20.352812,16.033539,16.476479,17.366993,18.883574,68.06
4446911.924,659514.7026,53.3089,0.9123306,0.69758373,23.832098,31.506842,25.652431,26.242699,20.768621,48.16915,40.353256,47.920742,55.149483,62.575584,29.184616,25.702486,24.691816,18.540264,14.953732,1.9770726,1.9369806,6.349546,7.2242846,1379.08,319.41107,0.07910156,0.26363692,0.004394531,35,15,0.8494065,0.5005583,0.24231151,0.2847708,0.3079677,1.006722,1.3416165,23.901798,21.766916,14.03155,16.016132,14.419818,16.011492,11.839171,17.50377,25.640682,24.961706,17.055006,20.422373,18.437716,19.320654,17.75706,20.678291,19.855816,16.073175,13.339694,14.10535,15.913775,16.035238,14.071744,15.539311,19.998102,17.548428,15.409854,14.9437895,16.814043,14.932911,16.445448,16.553837,16.762972,18.083971,17.097704,18.19624,15.839813,15.0172825,15.348485,17.045092,21.29825,16.51494,16.243656,16.704628,20.609476,17.721363,22.271143,18.137781,0.80495715,1.9570266,6.7869153,0.6476219,27.66947,44.261204,27.44355,16.855268,20.5136,15.627829,16.584654,16.620924,18.766209,68.06
4446911.924,659519.7026,51.805546,0.90211964,0.6601552,23.91016,31.472157,25.500456,25.848715,20.445467,48.4399,40.768803,47.94117,55.9419,61.591686,28.826826,25.616087,24.474379,18.26251,15.938493,1.9730687,1.9288315,6.2708845,7.194832,1379.09,319.08917,-0.040039062,0.28435087,-0.002197266,35,15,0.8494065,0.5005583,0.24231151,0.2847708,0.3079677,1.006722,1.3416165,23.901798,21.766916,14.03155,16.016132,14.419818,16.011492,11.839171,17.50377,25.640682,24.961706,17.055006,20.422373,18.437716,19.320654,17.75706,20.678291,19.855816,16.073175,13.339694,14.10535,15.913775,16.035238,14.071744,15.539311,19.998102,17.548428,15.409854,14.9437895,16.814043,14.932911,16.445448,16.553837,16.762972,18.083971,17.097704,18.19624,15.839813,15.0172825,15.348485,17.045092,21.29825,16.51494,16.243656,16.704628,20.609476,17.721363,22.271143,18.137781,0.7811374,1.9509501,6.732858,0.6476219,27.691158,44.60435,27.221457,16.855268,20.5136,15.627829,16.584654,16.620924,18.766209,68.06
4446911.924,659524.7026,49.66949,0.927765,0.6710005,24.379776,30.72574,25.256374,25.499334,20.809242,48.08443,42.275894,49.733105,56.01242,61.980083,28.364378,26.076973,23.991512,18.588793,15.966927,1.9968743,1.8853444,6.2613664,7.2242675,1379.11,315,0,0.32442692,0,35,15,0.8547059,0.49654374,0.24436288,0.28983015,0.3055833,1.0046095,1.3422345,23.62859,21.231665,12.821965,15.071526,12.388587,15.737065,13.825555,16.584726,25.096474,24.240324,16.576094,21.306967,18.870745,20.210358,19.342657,20.711555,18.432093,15.917821,12.743749,14.825101,16.570509,15.928466,17.598886,15.350899,19.256998,16.203949,13.552823,14.762535,18.27558,16.461416,18.801538,16.072248,18.516708,19.564028,18.331701,20.646622,18.579632,19.08931,19.922478,19.240442,20.820946,22.435358,16.92417,17.970541,23.308922,18.30105,22.545671,19.65383,0.79938275,1.9411094,6.742817,0.64826715,27.552757,45.18016,27.220676,16.386421,20.80623,16.002375,16.759262,19.235783,20.329523,68.06
4446911.924,659529.7026,47.953556,0.9332521,0.6715235,24.592638,30.379023,25.121058,25.45704,20.442621,48.10252,43.502186,51.121502,56.191395,62.9639,27.778927,26.103117,23.480503,18.432617,16.348585,1.9958992,1.8542904,6.2496905,7.2389894,1379.13,323.1301,0.040039062,0.28675628,0.003295898,35,15,0.8547059,0.49654374,0.24436288,0.28983015,0.3055833,1.0046095,1.3422345,23.679878,21.029335,12.194167,14.850885,12.141521,16.398449,15.723778,16.425089,25.743,25.831284,16.865225,21.366339,18.172724,20.485714,18.784483,20.988081,20.223503,15.806483,13.379146,15.270416,17.212107,17.990551,16.222235,16.134874,21.247347,14.045788,13.736187,15.1440325,18.699278,18.342085,17.327295,16.48755,19.623083,20.136763,18.676352,20.562267,19.727156,21.150671,19.74542,19.927752,23.638437,19.896177,16.282114,18.280392,23.988783,23.41207,20.003119,20.320955,0.80238783,1.9250948,6.74434,0.64826715,27.48583,45.802353,26.941021,16.574001,21.035538,16.586348,16.934574,19.945957,20.785872,68.06
4446911.924,659534.7026,51.574265,0.9345941,0.6717795,24.706741,30.037912,25.087357,25.463312,20.704966,48.28102,44.522213,52.183323,56.02171,62.88554,27.084866,26.078033,23.14005,18.53384,16.370165,1.9821539,1.828355,6.2317853,7.243142,1379.14,323.74615,-0.040039062,0.26669905,-0.002197266,35,15,0.8547059,0.49654374,0.24436288,0.28983015,0.3055833,1.0046095,1.3422345,23.679878,21.029335,12.194167,14.850885,12.141521,16.398449,15.723778,16.425089,25.743,25.831284,16.865225,21.366339,18.172724,20.485714,18.784483,20.988081,20.223503,15.806483,13.379146,15.270416,17.212107,17.990551,16.222235,16.134874,21.247347,14.045788,13.736187,15.1440325,18.699278,18.342085,17.327295,16.48755,19.623083,20.136763,18.676352,20.562267,19.727156,21.150671,19.74542,19.927752,23.638437,19.896177,16.282114,18.280392,23.988783,23.41207,20.003119,20.320955,0.8031868,1.9052544,6.737464,0.64826715,27.372326,46.40162,26.58145,16.574001,21.035538,16.586348,16.934574,19.945957,20.785872,68.06
4446911.924,659539.7026,51.54586,0.9246946,0.66460794,24.817152,29.591759,24.967777,25.470762,20.99248,48.687763,45.4311,53.483295,56.14494,62.006214,26.005335,25.87362,22.682121,18.347292,17.272955,1.9571126,1.8098816,6.200607,7.2402964,1379.16,331.69925,0.12011719,0.21169609,0.008911133,35,15,0.8547059,0.49654374,0.24436288,0.28983015,0.3055833,1.0046095,1.3422345,23.849194,21.212196,13.755721,15.6249695,14.109921,16.267628,16.471203,17.307709,25.103157,25.962267,16.954964,21.382242,18.434217,21.03881,20.064047,21.047218,20.480877,15.749509,13.343144,14.374082,13.945184,18.359142,16.000937,15.626796,20.38222,14.5965805,14.115356,14.06056,16.17672,17.642782,19.348486,15.988659,20.188467,19.688908,18.524557,18.580898,16.718325,20.619637,19.53718,19.092571,24.084671,19.267433,15.714966,16.105097,19.339994,23.401947,20.983725,19.139193,0.79465127,1.883497,6.7204514,0.64826715,27.204456,47.059433,25.939476,17.327261,21.2771,16.036125,16.617529,19.122568,19.842546,68.06
4446911.924,659544.7026,48.768463,0.90088886,0.66574204,25.27611,29.635754,25.143456,25.411192,21.413836,49.48483,46.083183,54.4343,56.30682,61.864357,24.494602,25.616873,21.919353,18.072853,17.30005,1.8973078,1.7998539,6.1430044,7.222951,1379.16,9.462321,0.080078125,0.17442794,0.004394531,35,15,0.8547059,0.49654374,0.24436288,0.28983015,0.3055833,1.0046095,1.3422345,23.918484,19.531616,13.049863,16.67752,13.01987,16.235022,16.35034,17.020395,24.813166,26.351227,16.845455,21.273783,18.636497,20.820599,18.678839,21.107069,19.540573,15.880096,13.410347,15.372027,13.800728,18.455456,16.04051,15.719867,18.598387,14.848473,14.376859,14.489227,16.144651,16.099522,19.20582,15.647259,19.379059,19.968103,18.8663,19.745865,16.905272,18.484575,17.92328,19.058107,22.930216,18.620872,16.842262,18.073647,19.600027,22.920547,20.31181,19.45108,0.7833154,1.8485808,6.6829777,0.64826715,27.455933,47.784004,25.055737,16.96896,21.059937,16.071392,16.251848,18.753208,19.899912,68.06
4446911.924,659549.7026,49.731613,0.89840037,0.6682443,25.069944,29.157671,25.553505,24.93588,21.210823,49.368126,46.13971,54.727894,57.399704,62.955246,24.044304,25.736238,21.869467,17.58442,17.336952,1.9013067,1.8045008,6.1059136,7.2139134,1379.15,12.9946165,-0.080078125,0.19129118,-0.003295898,35,15,0.8547059,0.49654374,0.24436288,0.28983015,0.3055833,1.0046095,1.3422345,23.953543,19.578362,12.924397,16.761663,13.01987,16.235022,15.568004,17.018244,23.004053,24.338127,15.851909,20.270702,17.34817,19.428019,17.307981,19.742105,19.629173,15.977309,13.410347,15.422968,13.897938,18.542933,16.137724,15.78899,18.479918,14.699852,14.356036,14.483624,15.975566,16.085514,19.196482,15.579677,19.379059,19.968103,18.8663,19.745865,16.905272,18.484575,17.92328,19.058107,22.930216,18.620872,16.842262,18.073647,19.600027,22.920547,20.31181,19.45108,0.78332233,1.8529038,6.6599135,0.64826715,27.113808,47.753918,24.89027,16.86298,19.64985,16.145485,16.182426,18.753208,19.899912,68.06
4446911.924,659554.7026,57.845455,0.9211008,0.6720316,24.875086,29.05668,26.811537,24.970013,21.264696,47.680107,45.004337,52.505875,57.165825,62.48587,26.181253,26.673246,22.386614,17.792131,17.41982,1.977772,1.8239437,6.1577363,7.226298,1379.15,0,0,0.20073025,-0.002197266,35,15,0.8410257,0.49969134,0.26681933,0.30273086,0.30795735,1.0046704,1.3520734,23.935345,19.808716,12.868802,16.981625,13.228366,19.549713,16.978453,17.36122,22.847544,24.153532,16.85222,19.912174,17.861465,19.737667,19.105034,20.044563,19.902573,16.086584,15.207053,14.03273,14.511928,16.744598,17.732763,15.991455,18.654858,14.841229,15.634373,13.461978,14.581139,16.098593,17.923649,15.58487,22.40538,19.878756,19.99272,18.561213,18.35141,17.959131,17.734146,19.742434,23.364937,19.83557,19.77953,14.98024,17.834044,18.407282,22.639086,19.160645,0.7965662,1.9008579,6.692017,0.6535669,26.965883,46.342224,26.42725,17.621572,20.067091,16.31689,15.885117,19.268965,19.548672,68.06
4446911.924,659559.7026,62.27052,0.93326867,0.67563295,24.878014,28.974846,28.20305,25.01279,21.081295,46.426064,43.78819,50.298195,56.45923,62.52289,27.712852,27.559391,22.811892,18.281017,17.722382,2.0282924,1.8513218,6.1621404,7.2187033,1379.15,15.945395,0,0.20876254,0.002197266,35,15,0.8410257,0.49969134,0.26681933,0.30273086,0.30795735,1.0046704,1.3520734,24.063921,19.189445,13.084851,16.453175,13.86592,16.723358,16.527369,17.06716,23.667236,25.973312,16.9136,20.32137,19.333178,20.76314,17.58025,20.645182,19.424282,15.528679,15.714845,14.385963,15.907075,17.183413,17.18603,16.181402,18.107712,15.933871,16.482132,14.139875,16.458763,17.329205,18.551476,16.350504,22.0196,19.327364,20.479044,18.578384,19.036776,20.494205,17.453245,20.071577,21.272343,17.290453,19.335964,15.271953,19.33892,20.626852,22.794373,18.823631,0.8044508,1.9398072,6.690422,0.6535669,26.92643,45.107124,27.636122,17.129719,20.650297,16.475756,16.714718,19.626944,19.418695,68.06
4446911.924,659564.7026,66.72884,0.92757255,0.6725481,24.643833,28.45131,29.44935,24.597422,21.243557,45.635895,42.58081,48.519268,57.15884,62.933086,28.69726,28.096579,22.99805,17.93175,17.203558,2.0538423,1.8819599,6.1624765,7.202113,1379.14,29.74488,0,0.23119096,-0.002197266,35,15,0.8410257,0.49969134,0.26681933,0.30273086,0.30795735,1.0046704,1.3520734,23.852983,19.185513,13.114849,16.45257,13.7296715,16.786728,16.36439,16.982399,24.67176,26.726507,17.60143,20.957575,20.015406,21.807877,18.365826,21.41195,18.603672,15.411816,15.3702345,14.287226,15.368328,16.538483,16.775444,15.761369,17.259754,15.957644,16.513956,14.1688385,16.532028,17.501184,18.23942,16.186651,22.219618,19.45849,20.60225,18.703115,19.15699,20.677588,17.546228,20.210741,21.287321,17.306196,19.34326,15.281103,19.347422,20.636974,22.811453,18.834358,0.80006033,1.9679011,6.682295,0.6535669,26.547571,44.108353,28.39692,17.069529,21.449482,16.050743,16.596117,19.766327,19.43053,68.06
4446911.924,659569.7026,71.205345,0.92129135,0.6761827,24.73197,28.95605,30.796839,24.83838,21.639687,45.01479,41.457283,46.76964,56.222816,62.733067,29.413074,28.47848,23.162203,18.193827,17.181675,2.0760665,1.9215554,6.1618166,7.1741447,1379.13,33.690067,-0.040039062,0.20678371,-0.001098633,35,15,0.8410257,0.49969134,0.26681933,0.30273086,0.30795735,1.0046704,1.3520734,23.043419,20.40976,13.36412,17.327229,14.52097,17.393627,15.775149,17.394527,23.829723,25.394098,17.370941,20.47942,18.6803,21.42371,18.689386,20.748919,17.892792,14.268773,15.631869,14.897179,13.329334,18.2175,16.940966,15.577538,17.198313,16.390368,17.681984,14.7589855,15.682419,18.038097,20.905704,16.583996,22.161612,18.77843,19.777693,19.461182,17.857979,20.360899,21.763708,19.879086,22.241898,17.087412,20.426022,16.956375,16.749014,22.955574,22.98628,19.454227,0.79873705,1.998811,6.6679807,0.6535669,26.84401,43.23604,28.945778,17.404896,20.838226,15.882629,17.236553,20.023071,19.914654,68.06
4446911.924,659574.7026,63.45301,0.8964031,0.65540946,24.543375,28.495205,32.051594,24.50468,22.170227,44.853516,40.56934,45.25432,55.888424,62.467808,29.648212,28.46203,23.279797,18.471989,17.18758,2.082201,1.9682151,6.1297007,7.128023,1379.12,29.054604,-0.040039062,0.14761773,-0.004394531,35,15,0.8410257,0.49969134,0.26681933,0.30273086,0.30795735,1.0046704,1.3520734,22.836975,19.91268,13.596371,16.303001,12.027054,19.432402,15.363899,16.960201,23.542393,25.917128,17.132887,19.471043,19.480574,21.588022,19.916945,20.659723,17.603706,14.513202,15.600933,13.994519,13.784017,16.709003,17.677063,15.357209,17.37785,16.108828,16.85983,14.683673,16.079008,16.339642,20.601664,16.213383,21.399658,18.512363,19.448486,17.847271,20.148163,21.000652,21.575804,19.562998,23.859833,17.837248,20.394802,16.247858,17.783205,22.69915,23.142836,19.765703,0.77590626,2.025208,6.628862,0.6535669,26.51929,42.711426,29.055122,17.067484,21.006998,15.697493,16.864357,19.990343,20.280704,68.06
4446911.924,659579.7026,65.02295,0.9006494,0.651172,24.543022,27.996397,32.685944,24.330727,22.362057,44.88978,40.577354,44.368538,55.65077,61.96203,29.83675,28.746614,22.923864,18.786757,17.190525,2.0830824,1.9678024,6.124631,7.1025567,1379.12,0,0,0.11470331,0,35,15,0.8410257,0.49969134,0.26681933,0.30273086,0.30795735,1.0046704,1.3520734,22.836975,19.91268,13.596371,16.303001,12.027054,19.432402,15.363899,16.960201,23.542393,25.917128,17.132887,19.471043,19.480574,21.588022,19.916945,20.659723,17.603706,14.513202,15.600933,13.994519,13.784017,16.709003,17.677063,15.357209,17.37785,16.108828,16.85983,14.683673,16.079008,16.339642,20.601664,16.213383,21.399658,18.512363,19.448486,17.847271,20.148163,21.000652,21.575804,19.562998,23.859833,17.837248,20.394802,16.247858,17.783205,22.69915,23.142836,19.765703,0.77591074,2.0254424,6.613594,0.6535669,26.26971,42.733566,29.291683,17.067484,21.006998,15.697493,16.864357,19.990343,20.280704,68.06
4446911.924,659584.7026,61.32982,0.9150571,0.6486623,24.409834,27.94947,32.347126,24.66414,21.56448,45.160946,41.740295,44.310905,55.32793,62.16157,30.043802,28.639412,23.063406,18.993076,17.166456,2.0697556,1.908812,6.171221,7.115746,1379.12,0,0,0.11470331,0,35,15,0.846486,0.49721578,0.2733844,0.30934715,0.30992213,1.0093197,1.4308466,23.752554,21.524294,12.413689,15.633914,12.704975,19.902237,14.821114,17.13693,24.585672,27.136444,17.489376,20.354486,17.74473,20.587498,19.953157,20.967398,18.213945,15.26683,14.933181,15.095467,14.495374,19.933418,19.250793,16.130243,16.806316,16.0957,16.568502,16.002125,15.344254,18.973888,21.64741,16.494211,20.823275,20.726355,20.338224,19.74929,18.58336,17.807915,21.1932,19.893085,21.006899,17.216398,19.246386,18.133022,24.453888,23.117123,23.067202,20.17312,0.78185976,1.9892838,6.643483,0.66807455,26.179653,43.450623,29.341606,17.250395,21.121622,16.741287,17.348314,19.888803,20.89156,68.06
4446911.924,659589.7026,73.2626,0.92407906,0.62944645,24.353203,27.820307,31.931904,24.618896,20.562006,45.680794,43.118416,44.4189,55.223244,63.471012,29.952488,28.624828,23.651268,19.360165,16.816648,2.0518448,1.8626875,6.1903486,7.1161785,1379.12,0,0,0.11470331,0,35,15,0.846486,0.49721578,0.2733844,0.30934715,0.30992213,1.0093197,1.4308466,23.69832,21.606245,12.38701,17.206816,11.907264,17.813246,16.030798,17.21368,24.459614,25.907011,17.130222,20.20508,18.095835,23.195065,19.51504,20.914795,17.959412,17.319712,14.582114,15.51959,14.546432,17.936422,17.968449,16.025627,17.669498,17.914522,15.090359,16.310196,15.111655,16.924377,21.210037,16.378302,20.97247,20.653704,19.822256,20.024118,18.646389,20.110802,22.1288,20.042719,20.510622,20.381659,18.978798,18.356392,23.911545,19.454124,22.437752,20.068842,0.7767627,1.9572661,6.6532636,0.66807455,26.086754,44.399605,29.288658,17.235672,21.215408,16.54745,17.175806,20.336935,20.57584,68.06
4446911.924,659594.7026,71.39963,0.929639,0.6242591,24.208645,27.661177,31.458345,24.841215,20.079824,46.362595,44.386482,44.725082,54.769318,63.66701,29.644135,28.162357,23.507538,19.58252,16.764906,2.038569,1.8273183,6.239299,7.1146374,1379.12,333.43494,-0.040039062,0.12824216,-0.003295898,35,15,0.846486,0.49721578,0.2733844,0.30934715,0.30992213,1.0093197,1.4308466,23.69832,21.606245,12.38701,17.206816,11.907264,17.813246,16.030798,17.21368,24.459614,25.907011,17.130222,20.20508,18.095835,23.195065,19.51504,20.914795,17.959412,17.319712,14.582114,15.51959,14.546432,17.936422,17.968449,16.025627,17.669498,17.914522,15.090359,16.310196,15.111655,16.924377,21.210037,16.378302,20.97247,20.653704,19.822256,20.024118,18.646389,20.110802,22.1288,20.042719,20.510622,20.381659,18.978798,18.356392,23.911545,19.454124,22.437752,20.068842,0.77694905,1.9329436,6.676968,0.66807455,25.93491,45.37454,28.903246,17.235672,21.215408,16.54745,17.175806,20.336935,20.57584,68.06
4446911.924,659599.7026,64.6058,0.93249387,0.6232211,24.052835,27.637365,30.922937,24.871552,19.60904,47.095562,45.333206,45.09655,54.722008,63.881397,29.187897,27.913961,23.553862,19.585981,16.704586,2.0317707,1.8121473,6.2891293,7.105076,1379.13,333.43494,0.040039062,0.12824216,0.003295898,35,15,0.846486,0.49721578,0.2733844,0.30934715,0.30992213,1.0093197,1.4308466,24.040644,22.391058,13.7412615,17.51358,12.480285,17.058792,15.339007,17.675192,24.22084,24.84466,16.494463,20.358875,18.42644,21.57034,18.483002,20.612957,18.61382,18.743952,14.220277,14.804548,14.412364,19.5197,17.553383,16.113037,17.310207,18.036463,14.722537,15.557866,14.594592,16.037004,18.494379,15.864643,21.71543,19.08985,18.278486,19.869436,17.925165,19.078411,19.809921,19.495619,23.488176,19.98979,17.107138,18.560347,19.979307,20.25243,19.597555,19.369352,0.7778575,1.9219589,6.6971025,0.66807455,25.8451,46.214386,28.55093,17.509232,20.628374,16.838291,16.393291,19.395243,19.853535,68.06
4446911.924,659604.7026,66.4297,0.936501,0.6222865,23.921312,27.624428,30.351543,24.828098,19.125166,47.831223,45.603283,45.4653,54.73025,64.11014,28.575342,27.816921,23.610306,19.54478,16.634556,2.0367565,1.817974,6.356548,7.0878553,1379.13,336.80142,-0.040039062,0.109194316,-0.002197266,35,15,0.846486,0.49721578,0.2733844,0.30934715,0.30992213,1.0093197,1.4308466,23.98878,20.68297,13.163846,16.869097,13.495784,16.695839,15.800897,17.272196,24.217722,24.69957,16.667353,19.5518,18.558237,21.073542,15.674079,20.171314,18.173801,18.662432,13.696399,14.466947,15.470065,20.005285,17.115929,16.000883,18.15675,18.019676,14.630446,14.590665,15.781052,14.800977,19.1192,15.84763,20.511358,19.045485,18.54394,19.689203,18.566462,18.602488,20.884008,19.358711,21.390446,20.095295,17.92334,17.639875,18.548637,20.459894,19.86143,18.88366,0.7793938,1.9273653,6.7222013,0.66807455,25.77287,46.717255,28.196133,17.242458,20.063185,16.798695,16.442682,19.406134,19.416988,68.06
4446911.924,659609.7026,74.951866,0.9401486,0.621526,23.815609,27.622952,30.377926,25.075363,18.783506,48.244663,45.38354,45.388664,54.569225,64.31473,28.235834,27.889103,23.626358,19.598768,16.57291,2.0469096,1.8167896,6.3561826,7.0785966,1379.14,305.5377,0.040039062,0.12333938,0.002197266,35,15,0.846486,0.49721578,0.2733844,0.30934715,0.30992213,1.0093197,1.4308466,23.98878,20.68297,13.163846,16.869097,13.495784,16.695839,15.800897,17.272196,24.217722,24.69957,16.667353,19.5518,18.558237,21.073542,15.674079,20.171314,18.173801,18.662432,13.696399,14.466947,15.470065,20.005285,17.115929,16.000883,18.15675,18.019676,14.630446,14.590665,15.781052,14.800977,19.1192,15.84763,20.511358,19.045485,18.54394,19.689203,18.566462,18.602488,20.884008,19.358711,21.390446,20.095295,17.92334,17.639875,18.548637,20.459894,19.86143,18.88366,0.7808373,1.9318496,6.7173896,0.66807455,25.71928,46.814102,28.06247,17.242458,20.063185,16.798695,16.442682,19.406134,19.416988,68.06
4446911.924,659614.7026,69.607025,0.93235546,0.6122098,23.451063,27.33489,31.227676,25.525476,18.829372,48.354534,44.87106,44.783207,54.46837,64.343,28.285082,27.931704,23.004446,19.818966,16.26184,2.0446517,1.7937746,6.243618,7.08266,1379.15,303.69006,0.080078125,0.10339219,0.004394531,35,15,0.8332364,0.51678866,0.27565965,0.32578123,0.31012934,1.0127726,1.4903129,23.321638,20.019617,12.234355,16.037148,13.374718,16.0766,17.643305,16.790485,23.575397,22.817953,16.197727,19.32501,17.442438,20.56952,14.801026,19.458212,19.49531,17.777529,15.218964,14.171534,14.780856,16.952034,16.775475,16.091732,20.319584,17.951517,14.555481,13.846258,14.953538,16.060333,19.85803,16.083967,19.915976,20.617891,19.286482,19.076336,17.879606,19.269217,19.050001,19.324072,21.247599,20.576347,21.24962,17.481108,22.406275,22.098606,21.158463,20.351004,0.7722826,1.9192132,6.6631393,0.6806687,25.392977,46.612797,28.108393,16.958197,19.24701,16.4531,16.792107,19.299358,20.888288,68.06
4446911.924,659619.7026,64.66499,0.93328536,0.6114083,23.349255,27.318481,32.17834,26.192787,18.66517,48.323093,43.677048,43.957943,54.079964,64.512024,28.286112,28.25117,22.946617,19.996477,16.208035,2.0605586,1.7935388,6.1534114,7.0830655,1379.15,291.80142,-0.12011719,0.15442389,-0.0078125,35,15,0.8332364,0.51678866,0.27565965,0.32578123,0.31012934,1.0127726,1.4903129,24.306921,20.340187,11.428062,15.317255,14.756104,17.94339,16.534128,16.860052,24.672152,20.816172,15.743165,19.691156,18.896736,21.792957,16.535166,19.780085,21.102947,16.362343,14.054782,14.8681,17.065561,21.697836,17.947304,16.819845,18.633131,16.461235,14.468722,13.905081,17.609694,17.884357,19.048307,16.196777,19.859438,19.819487,18.534002,19.400742,16.936228,17.13287,19.678026,18.965134,22.716677,20.127245,21.028402,20.472576,23.425684,20.954144,22.685354,21.43086,0.77234685,1.9270487,6.6182384,0.6806687,25.333868,46.00007,28.26864,17.232292,19.735357,17.585554,16.858646,18.765827,21.630009,68.06
4446911.924,659624.7026,64.34437,0.9347595,0.60826516,23.237276,27.568066,33.226765,26.658596,18.526024,48.21669,42.08452,42.937435,53.98116,64.691956,28.255589,28.704674,23.309536,20.218302,16.016565,2.0815153,1.8116252,6.089811,7.0834064,1379.17,280.0362,-0.03955078,0.24682084,-0.004394531,35,15,0.8332364,0.51678866,0.27565965,0.32578123,0.31012934,1.0127726,1.4903129,24.271862,20.293442,11.3579445,15.233113,15.53844,18.530142,17.316465,16.959993,26.18846,23.00052,16.881744,21.10458,20.518417,23.500984,17.85766,21.290594,21.014345,16.265131,14.054782,14.817159,16.96835,21.61036,18.005365,16.75072,18.901749,16.470573,14.388194,13.805646,17.739956,17.898365,19.062315,16.2199,19.859438,19.819487,18.534002,19.400742,16.936228,17.13287,19.678026,18.965134,22.716677,20.127245,21.028402,20.472576,23.425684,20.954144,22.685354,21.43086,0.7715123,1.9465703,6.586609,0.6806687,25.402672,45.150604,28.480131,17.505917,21.293196,17.533642,16.895258,18.765827,21.630009,68.06
4446911.924,659629.7026,66.742165,0.9321114,0.60651946,23.182981,27.597622,34.317318,27.332079,18.272417,48.08545,40.40201,41.81699,53.665558,64.87464,28.212006,29.018496,23.296402,20.336153,15.9441,2.0987632,1.8423547,6.0265865,7.082503,1379.19,268.52936,-0.32080078,0.5586463,-0.0234375,35,15,0.8332364,0.51678866,0.27565965,0.32578123,0.31012934,1.0127726,1.4903129,24.007046,20.715298,10.88362,15.387441,13.342368,18.132645,16.965698,16.549187,26.7401,25.457148,16.978365,20.494396,20.327127,21.965584,18.129753,21.462545,20.253002,18.955574,15.492309,14.996431,18.156168,20.704477,18.979239,17.551964,19.330395,18.385622,14.176469,14.025452,17.693245,17.784904,18.839771,16.558321,20.344322,19.604868,18.500917,20.07565,17.2752,16.735012,17.799501,18.941832,22.938478,19.918253,19.456594,20.93081,22.80572,21.62939,22.808266,21.1253,0.7693154,1.9705589,6.5545444,0.6806687,25.3903,44.24373,28.61525,17.062017,21.441782,18.2196,17.17655,18.619352,21.498217,68.06
4446906.924,659309.7026,64.43402,0.8764379,0.649392,25.034306,35.40498,28.812256,25.788286,21.567104,43.22047,35.871784,47.493195,59.275196,64.06453,30.643875,27.379276,23.712725,14.97509,12.639984,1.8119766,2.054096,5.8414493,7.226854,1378.07,26.56505,0.0390625,0.38393942,0.003295898,35,15,0.8121442,0.5080224,0.23862112,0.27415583,0.30715352,1.0354825,0.79892963,23.97018,20.23411,11.1143675,16.940252,11.775086,16.430737,18.555662,16.68867,27.385164,27.785757,18.737337,22.923147,19.882454,23.975628,22.671492,23.151087,18.418667,19.207436,13.62794,15.05531,14.964206,17.481197,18.323328,16.116837,14.436811,14.504174,14.086242,12.640531,13.892619,14.115894,15.83833,13.872743,15.4844265,17.726763,16.763824,13.514613,15.150224,17.91272,18.412243,15.724494,18.26234,22.140322,18.083067,17.47488,17.87929,17.210623,19.50276,18.333994,0.76291496,1.9330363,6.5341516,0.56778705,30.219643,39.546127,29.011576,17.002914,23.337282,16.725441,14.216372,16.423544,18.650469,68.06
4446906.924,659314.7026,64.16865,0.88293654,0.6416323,24.8311,35.143917,29.973198,26.540417,22.742928,43.423794,36.715603,46.422226,56.753094,61.865185,31.038116,27.340893,23.6153,16.708807,14.091821,1.8422569,2.015168,5.896984,7.226923,1378.05,42.506485,0.08105469,0.46605787,0.004516602,35,15,0.8445138,0.5152204,0.2612952,0.29266262,0.30983636,1.0089668,1.3528653,23.994476,20.56415,11.283054,18.575203,11.885132,16.610025,16.8555,16.990889,26.353924,27.785477,19.167768,23.022633,20.233936,23.624653,22.298632,23.038721,18.46484,16.740324,13.499653,14.964226,15.960904,19.959568,16.353027,15.907024,13.73969,12.45444,13.854014,11.831734,13.462243,15.180197,13.624558,13.228784,15.55211,13.985413,13.313885,9.005569,13.2207575,14.969675,16.317862,12.8405485,16.211979,17.675257,16.410582,15.781772,16.971338,15.734936,18.022066,16.383688,0.7622844,1.9287124,6.5619535,0.6550515,29.987509,40.0697,29.189505,17.109648,23.212431,16.56322,13.449554,13.766467,16.686846,68.06
4446906.924,659319.7026,66.14754,0.8790887,0.63413167,24.865414,34.507656,29.580393,26.562757,23.261988,43.530216,37.711147,46.54878,55.949913,60.892517,31.349882,26.994812,23.9014,17.419033,14.953227,1.8784786,1.9934708,5.978512,7.2650647,1378.01,45,-0.16015625,0.48638663,-0.008911133,35,15,0.8445138,0.5152204,0.2612952,0.29266262,0.30983636,1.0089668,1.3528653,23.994476,20.56415,11.283054,18.575203,11.885132,16.610025,16.8555,16.990889,26.353924,27.785477,19.167768,23.022633,20.233936,23.624653,22.298632,23.038721,18.46484,16.740324,13.499653,14.964226,15.960904,19.959568,16.353027,15.907024,13.73969,12.45444,13.854014,11.831734,13.462243,15.180197,13.624558,13.228784,15.55211,13.985413,13.313885,9.005569,13.2207575,14.969675,16.317862,12.8405485,16.211979,17.675257,16.410582,15.781772,16.971338,15.734936,18.022066,16.383688,0.75661016,1.9359747,6.621788,0.6550515,29.686535,40.62068,29.172348,17.109648,23.212431,16.56322,13.449554,13.766467,16.686846,68.06
4446906.924,659324.7026,61.762024,0.8746875,0.6263107,24.660534,34.11389,29.129803,26.907255,23.773907,43.546867,38.561954,47.97859,56.08387,60.782303,31.844126,26.437168,22.915169,17.087364,15.06225,1.919473,1.9868419,6.036865,7.2642136,1377.99,40.233948,0.040039062,0.48807418,0.001098633,35,15,0.8445138,0.5152204,0.2612952,0.29266262,0.30983636,1.0089668,1.3528653,23.431479,20.598158,12.90589,17.764803,13.500946,18.685127,16.72061,17.526495,27.370993,27.969358,18.250183,22.961573,21.162897,23.246355,22.419952,23.055079,18.375004,15.179573,13.746657,14.2899475,16.20629,18.439167,17.213755,15.661972,15.591599,11.923225,11.632858,11.471949,13.970882,13.036251,14.624925,12.816547,15.828326,10.848584,9.101262,8.80766,13.166718,14.119653,16.656092,11.517369,17.313673,16.945114,15.1089525,15.683363,16.253859,18.725035,17.959177,16.357323,0.7504991,1.9531574,6.6505394,0.6550515,29.387213,41.054413,29.140648,17.658146,23.340185,16.207197,13.178813,12.646898,16.855597,68.06
4446906.924,659329.7026,62.02616,0.8818888,0.62436426,24.761736,34.011353,28.869408,26.65592,24.137308,43.130318,38.847965,48.266357,55.992558,60.252117,32.652588,26.637758,22.896204,17.370443,15.602399,1.9750258,1.9995756,6.117908,7.2692337,1377.96,35.928272,-0.040527344,0.512829,-0.002197266,35,15,0.8445138,0.5152204,0.2612952,0.29266262,0.30983636,1.0089668,1.3528653,23.743122,20.154463,12.549985,16.982044,13.392322,19.5411,16.31193,17.292358,25.556162,26.153534,17.921852,21.495087,20.120895,24.031815,21.08859,21.973967,19.602924,16.538439,15.777984,14.218905,16.712997,16.937973,16.249449,16.326624,14.601509,11.08693,12.339485,11.192627,12.851964,15.713608,13.579303,12.626462,14.764509,12.270668,9.701798,8.316072,12.838955,16.799713,14.682106,11.540568,17.963762,18.692015,15.437745,16.211674,16.775818,19.046988,19.033606,16.87507,0.7531265,1.9873006,6.693571,0.6550515,29.386543,40.989143,29.645172,17.524994,22.338276,16.576954,13.052202,12.767688,17.594515,68.06
4446906.924,659334.7026,60.78426,0.8593723,0.623613,24.428629,33.738903,29.2667,27.755014,24.836943,42.433773,39.01513,47.47902,54.262005,57.89762,33.99303,26.916773,23.280525,18.207155,16.923107,2.035056,2.0315213,6.17603,7.2445707,1377.94,28.074907,0.0390625,0.48669633,0.001098633,35,15,0.8445138,0.5152204,0.2612952,0.29266262,0.30983636,1.0089668,1.3528653,23.795933,20.295282,12.587922,16.982044,13.46273,19.5411,16.31398,17.33705,25.527548,26.070684,17.816648,21.372776,20.038042,24.026901,21.044891,21.891527,20.160904,17.08124,16.31605,14.688856,17.043144,16.89228,16.6942,16.782827,15.422365,11.854378,13.022094,11.927495,13.443424,16.133114,14.200153,13.324677,15.249279,13.087222,10.51835,9.132625,13.655507,17.395084,15.49866,12.283391,17.963762,18.692015,15.437745,16.211674,16.775818,19.046988,19.033606,16.87507,0.7414926,2.0332887,6.7103004,0.6550515,29.083767,40.72445,30.454903,17.568426,22.27107,16.982382,13.714717,13.505247,17.594515,68.06
4446906.924,659339.7026,62.901554,0.86780375,0.63337713,24.460571,33.555458,29.335676,27.78871,25.097282,41.997124,39.108326,47.383076,53.790867,57.556625,34.415604,27.008978,23.301033,18.614727,17.374962,2.0888414,2.0337396,6.220131,7.2436085,1377.92,28.743155,0.041015625,0.50612795,0.002319336,35,15,0.8445138,0.5152204,0.2612952,0.29266262,0.30983636,1.0089668,1.3528653,23.873817,19.695292,11.060821,16.846489,15.045529,19.212023,17.689495,17.180618,24.777306,25.245743,17.674858,21.625996,19.436571,24.288382,21.318161,21.704758,20.805656,19.158915,15.626149,15.78266,16.850592,18.92429,19.139727,17.357021,15.870504,15.382306,13.001068,12.430975,12.897354,16.869469,17.359606,14.004688,16.376514,14.107235,11.879182,10.438434,9.968884,17.217924,16.720879,12.740943,18.771217,21.835428,15.772777,16.569233,15.867345,19.603485,19.044403,17.526983,0.75059044,2.0612905,6.7318697,0.6550515,29.008015,40.552727,30.712292,17.631924,22.05243,18.04114,14.830183,13.815579,18.209127,68.06
4446906.924,659344.7026,75.66572,0.89112926,0.64795256,24.95459,33.35241,29.123806,27.447073,25.251009,41.655354,38.58667,46.200115,53.20511,56.838364,34.069458,27.878683,24.71589,19.381048,18.017462,2.1359506,2.0148458,6.2491975,7.2364955,1377.89,31.518023,-0.119628906,0.5207645,-0.006591797,35,15,0.84318686,0.49456653,0.2667849,0.2784825,0.30901054,1.0118577,1.3423159,23.287151,17.763197,7.837139,12.750422,11.778451,18.424278,16.837963,14.61827,25.172466,25.504435,16.97344,20.134525,18.726805,23.464775,21.319725,21.159521,19.576466,19.40514,17.104889,14.113615,15.786354,20.673365,19.046986,17.21763,15.929442,13.082847,11.922244,8.970785,10.650264,16.303818,16.161512,12.407973,16.288578,14.70534,12.527524,9.6192665,9.908108,16.990398,18.040304,12.766948,19.413588,22.010986,15.826631,15.882678,15.177312,18.302433,19.266283,17.327517,0.7695409,2.0753982,6.7428465,0.6494579,29.1535,40.12101,30.974072,15.525515,21.613739,17.958117,13.288703,14.01136,17.982845,68.06
4446906.924,659349.7026,75.78083,0.87211686,0.66227275,25.048244,33.036648,29.53683,27.473516,25.758608,41.27376,38.669724,45.997616,53.079754,56.45971,34.04396,27.56941,24.47885,19.453424,17.937962,2.1821628,1.9999928,6.2712455,7.239813,1377.87,25.006687,-0.080078125,0.47442684,-0.006713867,35,15,0.84318686,0.49456653,0.2667849,0.2784825,0.30901054,1.0118577,1.3423159,23.287151,17.763197,7.837139,12.750422,11.778451,18.424278,16.837963,14.61827,25.172466,25.504435,16.97344,20.134525,18.726805,23.464775,21.319725,21.159521,19.576466,19.40514,17.104889,14.113615,15.786354,20.673365,19.046986,17.21763,15.929442,13.082847,11.922244,8.970785,10.650264,16.303818,16.161512,12.407973,16.288578,14.70534,12.527524,9.6192665,9.908108,16.990398,18.040304,12.766948,19.413588,22.010986,15.826631,15.882678,15.177312,18.302433,19.266283,17.327517,0.7671948,2.0910778,6.7555294,0.6494579,29.042446,39.97174,30.806686,15.525515,21.613739,17.958117,13.288703,14.01136,17.982845,68.06
4446906.924,659354.7026,75.37557,0.9106992,0.68388855,25.620522,33.26082,29.913795,27.754192,25.511652,40.39049,37.660034,44.65008,51.901627,56.28386,34.37977,28.55572,25.443314,20.279022,18.573046,2.2447531,2.0368218,6.327003,7.2336235,1377.86,22.73984,0.040039062,0.48173618,0.002197266,35,15,0.84318686,0.49456653,0.2667849,0.2784825,0.30901054,1.0118577,1.3423159,22.479778,18.7601,7.1715207,14.026627,10.243795,17.34901,14.164968,14.307027,25.198383,24.995749,16.306372,20.728245,18.42676,21.136013,20.524813,20.849554,21.73182,15.4988785,14.59053,15.042803,17.04304,16.78757,18.340405,16.678345,15.243959,10.12483,10.091485,10.632438,12.543384,12.451415,14.110787,11.737525,16.46249,13.226768,11.067577,12.201986,13.799744,16.494217,17.716274,13.487537,19.658047,18.776648,16.444288,15.9785185,15.442379,16.959352,17.770033,17.217897,0.7972939,2.1407876,6.7803135,0.6494579,29.44067,39.02526,31.467743,14.885114,21.04519,17.005007,12.1711855,14.42415,17.289896,68.06
4446906.924,659359.7026,66.104065,0.9176861,0.6979108,25.562193,32.947548,30.006948,27.42954,26.244814,39.748825,37.315277,44.61624,51.87669,55.05301,34.7041,28.566444,25.351864,20.523388,19.012827,2.2950137,2.054413,6.3362455,7.2301526,1377.84,26.573793,-0.000488281,0.51240844,0,35,15,0.84318686,0.49456653,0.2667849,0.2784825,0.30901054,1.0118577,1.3423159,24.210154,18.50216,6.1754756,14.046202,8.373778,14.581973,12.385078,13.827244,25.055887,25.65506,16.17822,20.074846,18.993214,20.779243,19.843706,20.692034,17.98502,14.765477,15.060963,13.451261,17.367517,20.111053,18.098515,15.916686,14.00348,10.224297,9.938351,9.797708,12.704849,13.917375,13.758614,11.474158,16.137058,14.961018,10.961539,10.592367,12.5677,13.848623,16.787138,12.898082,18.40965,19.168537,17.351252,16.803318,15.209511,17.888094,17.579939,17.343058,0.80779845,2.1747134,6.7831993,0.6494579,29.254871,38.53205,31.635273,14.03926,20.940027,16.6914,12.049239,13.693636,17.487186,68.06
4446906.924,659364.7026,73.7017,0.92645866,0.7124635,25.940647,33.06962,30.457111,28.060165,26.347425,39.00898,36.41907,43.001057,50.895885,54.703022,35.123108,28.92925,26.535507,20.926779,19.392149,2.3352306,2.103051,6.3833447,7.2356305,1377.82,18.422224,-0.041015625,0.49795917,-0.004516602,35,15,0.84318686,0.49456653,0.2667849,0.2784825,0.30901054,1.0118577,1.3423159,24.210154,18.50216,6.1754756,14.046202,8.373778,14.581973,12.385078,13.827244,25.055887,25.65506,16.17822,20.074846,18.993214,20.779243,19.843706,20.692034,17.98502,14.765477,15.060963,13.451261,17.367517,20.111053,18.098515,15.916686,14.00348,10.224297,9.938351,9.797708,12.704849,13.917375,13.758614,11.474158,16.137058,14.961018,10.961539,10.592367,12.5677,13.848623,16.787138,12.898082,18.40965,19.168537,17.351252,16.803318,15.209511,17.888094,17.579939,17.343058,0.8194611,2.2191408,6.8094873,0.6494579,29.505133,37.714027,32.02618,14.03926,20.940027,16.6914,12.049239,13.693636,17.487186,68.06
4446906.924,659369.7026,64.28934,0.9355098,0.7142915,25.854156,32.85464,31.405064,27.850634,26.904165,39.08976,36.742344,42.23526,50.07159,53.85358,34.84967,28.467861,26.34448,21.777107,19.584127,2.3473876,2.1071582,6.426006,7.248527,1377.81,4.866203,-0.07910156,0.5029282,-0.005493164,35,15,0.84318686,0.49456653,0.2667849,0.2784825,0.30901054,1.0118577,1.3423159,22.035133,17.524786,7.442974,14.642263,8.129288,15.578623,11.276351,13.80269,26.769386,25.40061,15.988412,20.117607,18.418978,22.29896,20.146896,20.98265,20.957937,16.455648,14.414856,14.043877,16.008505,20.247871,17.002861,16.393429,16.216682,10.85275,9.679858,9.820541,10.481069,13.129023,13.358747,11.522025,15.81305,14.303357,10.117015,10.753265,11.499321,16.5466,15.647859,12.675336,18.511953,18.012213,17.267904,17.542957,16.485003,17.294327,16.831923,17.527792,0.8249006,2.227273,6.8372664,0.6494579,29.354399,37.916054,31.658766,13.804202,21.305836,17.018793,11.934096,13.525781,17.420897,68.06
4446906.924,659374.7026,65.831696,0.9376057,0.70101905,25.856873,32.238976,31.255926,27.881979,27.018847,40.09614,38.079277,42.48026,49.909378,53.719597,33.901688,28.465998,26.250875,21.920694,19.723871,2.3200302,2.0581686,6.436614,7.264381,1377.81,355.1338,-0.07910156,0.5029282,-0.005493164,35,15,0.8398359,0.49938536,0.26927346,0.28363553,0.31009418,1.0171878,1.3903697,21.598497,17.597036,7.979084,14.58051,11.278094,15.246997,13.312057,14.226078,25.83463,26.10108,16.2394,20.44232,18.941042,22.373848,19.736032,21.116312,20.966759,16.704369,14.880609,15.458188,17.731026,19.506746,16.26506,16.992002,15.704544,10.402852,10.736244,10.840171,11.941238,12.670416,13.560196,12.001254,15.265398,13.253537,10.006309,11.664231,11.731163,15.928001,16.178038,12.5916605,18.3988,19.374615,15.966835,15.402037,16.800303,17.028994,18.58657,16.907455,0.81931233,2.1890993,6.8504972,0.6585403,29.047924,39.087708,31.183842,14.513182,21.381193,17.358965,12.265094,13.432383,17.36545,68.06
4446906.924,659379.7026,57.369183,0.95024747,0.68690217,26.065022,31.72631,31.313988,28.155874,26.765772,40.971172,39.0418,42.524597,49.31806,54.042015,33.088448,28.709698,26.155151,22.241758,19.927687,2.289069,2.0288534,6.4768925,7.2805924,1377.82,345.59744,-0.000976563,0.51737463,-0.003417969,35,15,0.8398359,0.49938536,0.26927346,0.28363553,0.31009418,1.0171878,1.3903697,21.598497,17.597036,7.979084,14.58051,11.278094,15.246997,13.312057,14.226078,25.83463,26.10108,16.2394,20.44232,18.941042,22.373848,19.736032,21.116312,20.966759,16.704369,14.880609,15.458188,17.731026,19.506746,16.26506,16.992002,15.704544,10.402852,10.736244,10.840171,11.941238,12.670416,13.560196,12.001254,15.265398,13.253537,10.006309,11.664231,11.731163,15.928001,16.178038,12.5916605,18.3988,19.374615,15.966835,15.402037,16.800303,17.028994,18.58657,16.907455,0.8185748,2.1589613,6.878742,0.6585403,28.895666,40.006485,30.899073,14.513182,21.381193,17.358965,12.265094,13.432383,17.36545,68.06
4446906.924,659384.7026,49.823475,0.93112934,0.66767716,25.895908,31.193764,31.305294,27.950478,27.149015,41.885628,40.179005,42.834946,49.232742,53.661648,32.354443,28.46952,25.865911,22.484936,20.066317,2.2481802,1.9946033,6.477078,7.2927794,1377.83,335.31723,-0.16064453,0.58325,-0.010009766,35,15,0.8398359,0.49938536,0.26927346,0.28363553,0.31009418,1.0171878,1.3903697,22.252802,17.921988,8.731908,14.8406925,12.464581,15.244423,13.78537,14.798413,25.330917,26.279617,16.893827,21.188429,18.313463,22.392704,21.006811,21.387758,21.017641,15.928836,14.930371,15.310198,15.215892,18.379154,17.25569,16.684505,15.304487,9.329678,10.773343,11.234035,12.114117,12.960311,14.11028,11.978578,14.429901,14.641217,12.097098,13.649408,10.26968,15.383274,16.209854,13.425937,18.690067,16.457388,15.819515,16.309916,17.630568,16.674747,19.78859,16.985302,0.79940325,2.1213918,6.8849287,0.6585403,28.544836,41.03232,30.411982,15.034538,21.629395,16.86254,12.260894,13.811491,17.338684,68.06
4446906.924,659389.7026,52.105274,0.91895604,0.64961463,25.696583,30.928146,31.22343,27.671608,27.352009,42.5748,41.20887,43.73686,49.297592,53.54371,31.826725,27.99113,25.047207,22.609116,20.260334,2.2137089,1.9817883,6.4976993,7.314081,1377.86,330.42834,-0.040039062,0.609733,-0.002197266,35,15,0.8398359,0.49938536,0.26927346,0.28363553,0.31009418,1.0171878,1.3903697,22.252802,17.921988,8.731908,14.8406925,12.464581,15.244423,13.78537,14.798413,25.330917,26.279617,16.893827,21.188429,18.313463,22.392704,21.006811,21.387758,21.017641,15.928836,14.930371,15.310198,15.215892,18.379154,17.25569,16.684505,15.304487,9.329678,10.773343,11.234035,12.114117,12.960311,14.11028,11.978578,14.429901,14.641217,12.097098,13.649408,10.26968,15.383274,16.209854,13.425937,18.690067,16.457388,15.819515,16.309916,17.630568,16.674747,19.78859,16.985302,0.7842853,2.0977485,6.9058905,0.6585403,28.312365,41.891834,29.908928,15.034538,21.629395,16.86254,12.260894,13.811491,17.338684,68.06
4446906.924,659394.7026,60.61115,0.9094605,0.6283479,25.728434,30.57244,31.024588,27.657515,27.37235,42.75779,41.907417,43.958088,49.264683,54.63894,31.64648,28.086946,25.15505,22.621908,19.718557,2.1980264,1.9777225,6.5229573,7.319514,1377.89,322.35526,0,0.633524,-0.003295898,35,15,0.8398359,0.49938536,0.26927346,0.28363553,0.31009418,1.0171878,1.3903697,23.503742,18.579727,9.657417,16.567497,11.377021,14.800945,15.580811,15.513387,24.372372,25.591024,16.445658,20.022984,18.191465,21.329979,19.34465,20.48168,19.349617,16.092442,14.522629,15.284505,15.198201,20.62657,16.449455,16.316765,14.462976,9.727684,10.745526,11.858259,11.877312,14.067356,14.93197,11.966937,13.057925,14.424838,11.50818,13.963282,10.178618,15.47283,17.194744,13.008274,18.760384,16.5921,14.844913,16.551254,17.105764,16.265514,13.556624,16.249357,0.7689042,2.0878744,6.9212356,0.6585403,28.150436,42.332603,29.866714,15.723879,20.756876,16.78906,12.524442,13.685774,16.239508,68.06
4446906.924,659399.7026,63.957767,0.9260322,0.64309955,25.588173,30.168337,31.736673,27.8075,27.85139,42.686012,42.356926,42.56556,49.332882,55.48976,31.698917,28.052286,25.959763,22.562754,18.475163,2.1881108,1.9795474,6.5770273,7.345814,1377.93,315,0.000976563,0.66836554,0.001098633,35,15,0.8398359,0.49938536,0.26927346,0.28363553,0.31009418,1.0171878,1.3903697,24.222105,19.867712,12.465987,17.563013,13.867012,16.67664,15.429343,17.216734,23.733696,25.93595,17.811775,20.389927,19.097994,24.597553,20.688526,21.369795,18.16121,15.564288,15.086673,15.815387,14.703982,16.05698,14.99513,15.832623,14.250481,12.285611,12.468361,12.553945,13.250257,13.810015,14.687309,12.97392,13.555502,15.837678,10.814987,12.6253805,12.145683,16.169468,15.396489,12.860176,19.123692,16.185684,14.930294,16.324677,17.84299,16.719597,18.013275,16.646427,0.78456587,2.0838292,6.961421,0.6585403,27.878254,42.52147,29.875603,17.155973,21.750774,15.7690935,13.329425,13.79217,17.02003,68.06
4446906.924,659404.7026,65.21431,0.9344339,0.6677454,25.602365,30.203537,31.711414,27.41721,27.285734,42.449017,42.247234,42.257187,49.789406,56.134136,31.854258,28.088297,26.209904,22.598047,18.063414,2.1798265,1.9671965,6.5695186,7.3438044,1377.97,313.3129,-0.000976563,0.68869084,-0.003417969,35,15,0.8307054,0.4960031,0.26800492,0.28076446,0.30911475,1.0059403,1.3839189,24.301819,20.152582,12.79467,17.875195,13.821256,16.767036,15.551034,17.415981,25.93347,28.606651,18.56803,21.97031,20.375847,26.358494,22.262192,23.016844,17.897604,15.268992,14.563235,15.462221,14.363421,15.771788,14.469012,15.458706,13.961294,12.799085,12.568176,12.10253,13.310505,14.224012,14.712586,12.973579,12.992561,14.976932,10.675893,12.260234,11.675036,15.955851,14.618622,12.4338875,18.363682,15.35146,14.510287,15.597326,17.314856,15.890469,17.361052,15.986182,0.80108964,2.0735116,6.956661,0.6534931,27.90295,42.348125,29.971277,17.32337,23.439285,15.399467,13.382599,13.307876,16.341305,68.06
4446906.924,659409.7026,65.788925,0.93817014,0.6903199,25.84208,30.323648,31.893694,27.052877,26.719511,41.74508,41.982803,41.832043,50.305264,57.42692,32.309788,28.087543,26.401056,22.566904,17.189148,2.1883707,1.9698157,6.5760584,7.3464417,1378.01,313.34174,-0.15966797,0.70921046,-0.006713867,35,15,0.8307054,0.4960031,0.26800492,0.28076446,0.30911475,1.0059403,1.3839189,23.889988,21.510717,13.14607,15.243988,13.001694,16.767036,15.713521,16.899954,26.21847,28.834154,18.36534,23.000692,19.937357,26.358494,21.808432,23.208052,17.84056,14.680977,13.6911545,15.584448,14.406228,15.771788,16.236784,15.194351,13.519207,11.581042,12.760319,12.269432,12.2895975,14.224012,14.200989,12.702838,13.032012,11.854646,12.278106,11.497485,9.224439,15.955851,11.41666,11.9855,17.321346,15.093242,15.355271,14.76828,14.131729,15.890469,15.985356,15.420819,0.814245,2.0790932,6.9612503,0.6534931,28.082863,41.86394,30.198666,17.039001,23.503277,15.458849,12.977799,12.179886,15.506528,68.06
4446906.924,659414.7026,65.68566,0.9432034,0.70669144,25.73332,30.576822,31.68338,26.486834,26.298954,40.833057,41.60964,41.982033,51.456398,58.593914,32.96226,28.006927,26.447449,22.07556,16.368448,2.2072196,1.9836737,6.567491,7.349208,1378.06,313.26236,0.041015625,0.668673,-0.001098633,35,15,0.8307054,0.4960031,0.26800492,0.28076446,0.30911475,1.0059403,1.3839189,24.587906,19.583416,12.730447,16.108814,14.630582,19.050228,16.891827,17.430958,26.446938,28.880682,18.471369,22.944298,20.089617,23.540936,21.910309,23.058401,17.933949,14.663083,12.648983,14.667677,14.50146,16.446602,16.514013,14.824283,14.125966,11.242074,12.183431,12.681854,12.465211,15.240568,13.933575,12.811179,14.571652,11.374536,10.433087,11.350395,9.269013,14.91831,11.54818,11.625107,19.132587,14.30483,14.558337,15.9833555,14.252667,16.301449,15.5178175,15.731082,0.8249474,2.0954466,6.958349,0.6534931,28.155071,41.221348,30.484594,17.654745,23.18345,15.339395,13.124669,11.923596,15.721579,68.06
4446906.924,659419.7026,70.16136,0.9533134,0.71958756,25.765266,30.830906,31.974388,26.775415,26.984974,39.79199,41.09974,41.47515,51.30125,57.42073,33.737125,28.006947,26.618732,22.0714,16.346376,2.224514,2.0102475,6.6201324,7.368923,1378.1,307.6641,-0.080566406,0.63324714,-0.003417969,35,15,0.8307054,0.4960031,0.26800492,0.28076446,0.30911475,1.0059403,1.3839189,24.582771,19.621151,12.752877,16.100235,14.599815,19.24231,16.896048,17.448156,26.873055,29.358175,18.445745,23.099888,20.181623,23.867018,21.960512,23.271599,19.820263,17.134592,12.977738,15.598902,15.124981,19.123184,17.476486,16.109175,15.514597,13.610412,13.062,13.840556,12.942475,18.341393,14.431236,14.181228,17.355,15.536446,14.073831,15.081525,13.037423,19.336573,14.747891,15.290559,21.736343,16.903494,16.077808,17.800869,16.001518,18.782349,17.220583,17.778345,0.83645046,2.1173806,6.994528,0.6534931,28.298086,40.44586,30.872036,17.68503,23.398005,16.75088,14.534667,15.595527,17.788996,68.06
4446906.924,659424.7026,80.04153,0.95514894,0.7297842,25.779387,31.081762,32.27831,26.585665,27.036364,38.853214,40.46867,40.91268,51.39975,57.66969,34.52617,28.103987,26.85075,22.229527,16.08943,2.2378702,2.0389585,6.6569676,7.385352,1378.15,303.30585,0.12011719,0.6002198,0.002197266,35,15,0.8307054,0.4960031,0.26800492,0.28076446,0.30911475,1.0059403,1.3839189,22.658577,20.110151,12.176076,16.381748,13.292725,17.216896,15.962909,16.795166,29.084227,29.644922,19.046484,22.764889,20.96479,23.586948,21.356882,23.719915,23.283997,19.1719,14.089322,14.851929,16.395044,17.370987,17.603132,17.230574,16.808413,15.628661,13.059234,12.034468,15.067967,14.246128,15.847832,14.280636,16.728254,15.002449,13.924423,11.473454,13.713634,15.539749,16.107271,14.229755,20.13851,20.01488,15.699498,16.681969,16.132662,20.976746,18.987103,17.836035,0.8424666,2.1384144,7.02116,0.6534931,28.430574,39.660942,31.315079,16.82844,23.778452,17.538044,14.670387,14.641319,18.37591,68.06
4446906.924,659429.7026,74.69805,0.9777914,0.7537537,25.575945,31.070108,32.546627,27.074886,27.609652,38.62756,40.415283,41.01477,50.88474,57.254322,34.576866,28.12646,26.450804,22.224602,15.155044,2.268724,2.0572443,6.689388,7.400357,1378.18,297.55386,-0.359375,0.7430928,-0.021118164,35,15,0.8307054,0.4960031,0.26800492,0.28076446,0.30911475,1.0059403,1.3839189,24.145931,20.30303,11.301391,16.685305,12.635015,16.085794,15.94683,16.719887,28.605816,28.75485,19.301054,22.492352,20.738081,23.295927,21.880728,23.575827,22.977978,20.172895,14.374756,14.7926,17.028122,18.771872,19.348196,17.579313,15.701776,16.618212,13.067168,11.985083,14.3525095,14.232828,16.699423,14.086682,15.809789,15.475234,14.448522,11.426462,13.500999,14.710197,16.503386,14.215035,21.003563,20.709925,17.70327,16.919096,16.288012,20.780434,21.122622,18.63267,0.8657726,2.1629841,7.0448723,0.6534931,28.323027,39.521423,31.351662,16.729042,23.581257,18.20949,14.665285,14.553513,19.21813,68.06
4446906.924,659434.7026,85.73533,1.0504061,0.79609036,25.452765,30.751776,32.12812,27.135658,27.146767,39.520153,41.112137,41.874706,51.241306,57.648476,33.945568,28.040503,26.04835,21.74602,14.959467,2.3114023,2.0253816,6.6886277,7.401068,1378.26,289.86835,-0.16015625,1.0962336,-0.01550293,35,15,0.847835,0.4978532,0.26837814,0.29468167,0.30947348,1.0130786,1.3442968,23.93847,20.173254,11.226982,16.666622,12.593623,16.07511,15.769241,16.632648,26.893353,26.957499,19.268274,21.824533,20.120302,22.263718,21.521729,22.694239,22.029003,19.84643,14.291409,14.7926,16.701658,18.282175,19.025478,17.277891,15.707024,16.540943,13.041669,11.99208,14.277573,14.239826,16.622154,14.064491,15.691084,15.421823,15.357151,11.950349,14.070279,15.058125,16.777592,14.622776,20.314896,19.125357,16.141718,14.783178,15.992084,20.259056,20.039316,17.262018,0.92324823,2.168392,7.044848,0.65365666,28.10227,40.316147,30.993034,16.634756,22.69277,17.852678,14.63161,14.903771,18.093657,68.06
4446906.924,659439.7026,59.345863,1.1241813,0.8354961,25.201729,30.42189,31.697266,27.17067,26.540928,40.482677,41.759148,42.949726,51.790405,59.04613,33.282967,28.00031,25.44597,21.111061,14.150002,2.3608937,2.0001209,6.683265,7.4091105,1378.37,285.96298,0.040039062,1.251037,0.001098633,35,15,0.847835,0.4978532,0.26837814,0.29468167,0.30947348,1.0130786,1.3442968,23.943134,21.538042,12.992293,16.510542,13.525894,15.830111,17.607565,17.303381,26.425093,27.780333,17.283613,21.11459,19.16371,22.136103,21.383291,21.94477,16.569057,15.748722,13.977222,13.103389,15.2918215,18.124512,16.607708,15.1299515,14.603801,13.970199,11.837551,11.888266,13.412314,14.402992,15.971274,13.098559,14.1153965,14.234765,16.927206,17.587719,14.242833,13.42774,15.361534,15.688847,19.649662,18.042557,16.331432,15.197296,16.164925,19.87675,19.72641,17.13576,0.9798387,2.1805072,7.046188,0.65365666,27.81181,41.12091,30.64164,17.421083,22.183819,15.631777,13.726629,15.128171,17.855576,68.06
4446906.924,659444.7026,49.57683,1.1975881,0.87938565,25.057281,29.846441,31.415163,27.389238,26.6328,41.53973,42.4986,43.58726,51.872936,58.761116,32.658375,27.953735,25.086472,20.790722,14.111246,2.3894339,1.9725986,6.7210364,7.4304156,1378.47,283.32614,-0.000488281,1.1187952,0.002197266,35,15,0.847835,0.4978532,0.26837814,0.29468167,0.30947348,1.0130786,1.3442968,23.252201,20.554613,12.563103,17.153896,15.170269,15.398848,16.319838,17.207766,27.173964,27.777842,17.523836,21.525677,19.429369,21.514282,18.758537,21.92132,17.070671,16.029076,12.495385,13.162567,14.695008,17.643082,16.48989,14.72771,15.567799,14.483485,12.045165,12.11217,12.225223,14.335201,16.68814,13.375835,15.272628,14.973079,16.91734,17.673473,14.406354,12.393084,18.060728,15.93845,19.488327,17.170073,15.563019,14.11868,14.002486,15.3425665,19.078234,15.954101,1.0384868,2.1810162,7.075726,0.65365666,27.451862,42.019165,30.306055,17.201826,21.957642,15.369383,13.922455,15.670955,16.39477,68.06
4446906.924,659449.7026,53.410637,1.2728287,0.9361554,24.917692,29.688856,31.068007,27.503284,26.565815,42.67825,43.114174,44.14171,51.77487,58.73832,32.08155,27.96744,24.907404,20.761072,14.350107,2.4075494,1.9479339,6.8020706,7.4761004,1378.56,279.04443,0.041015625,1.0009626,0,35,15,0.847835,0.4978532,0.26837814,0.29468167,0.30947348,1.0130786,1.3442968,26.377798,22.50525,13.529095,18.330748,16.462349,17.756834,17.870958,18.89084,25.249859,25.834991,16.653557,20.220806,18.003012,19.812912,17.128445,20.459011,16.874262,15.840454,12.345048,13.000812,14.526718,17.527271,16.332985,14.557708,15.152075,14.06911,11.633323,11.698874,11.8151245,13.925893,16.274523,12.963196,15.007626,14.691133,16.679436,17.418665,14.143579,11.591115,17.340773,15.632117,16.110867,16.135174,14.494511,13.700081,12.920192,13.556168,15.629199,14.551942,1.1044921,2.1777415,7.139086,0.65365666,27.303274,42.89621,30.024494,18.976149,20.414797,15.206793,13.509847,15.267476,14.649455,68.06
4446906.924,659454.7026,60.471714,1.3400041,0.99443215,24.69976,29.261501,30.697695,27.747534,26.853193,43.98009,43.97595,44.6649,51.673992,58.63795,31.410427,27.84726,24.737513,20.638762,14.330301,2.410637,1.9244021,6.879097,7.5284653,1378.64,277.65002,-0.12011719,0.9679413,-0.004394531,35,15,0.847835,0.4978532,0.26837814,0.29468167,0.30947348,1.0130786,1.3442968,22.924173,21.276854,12.039879,17.626097,14.003636,16.066269,15.273303,17.060528,23.586838,25.390036,16.622396,20.808926,18.728058,19.01126,17.918905,20.256239,19.24047,16.017097,14.748806,14.567906,15.356469,17.454412,18.522522,16.101038,17.945068,14.931575,15.471467,14.571463,14.060498,15.6675825,20.63263,15.766412,17.272636,16.45024,19.041899,17.814121,16.536701,15.436167,18.695307,17.594578,17.107885,14.769483,14.287727,14.96167,14.175407,17.09906,16.151476,15.199356,1.1672181,2.1675196,7.203781,0.65365666,26.98063,43.97802,29.628843,17.030031,20.295202,16.55824,16.182898,17.32101,15.507529,68.06
4446906.924,659459.7026,61.893337,1.3670118,0.93852365,24.483402,29.237696,30.395533,27.467232,26.921074,44.618073,44.26491,44.620384,52.22653,58.44535,31.116537,27.978037,25.306416,20.46145,14.883586,2.3907692,1.9103445,6.9032736,7.5543714,1378.73,279.6036,0.079589844,0.9442401,0.003295898,35,15,0.847835,0.4978532,0.26837814,0.29468167,0.30947348,1.0130786,1.3442968,23.880627,20.491762,11.461845,17.858448,14.05388,16.679596,13.435037,17.09014,25.436811,25.338251,16.585953,20.847101,18.51378,21.793163,17.199018,20.73549,19.153332,16.32163,13.511226,14.557963,13.93352,17.25174,14.80132,15.278828,20.12254,14.293426,15.019757,14.820003,14.2264595,15.802699,16.58167,15.715213,18.349993,15.342145,18.528938,18.101116,16.516953,17.637396,17.094826,17.605415,15.508796,14.617706,14.319214,14.720116,14.162834,14.185286,16.804964,14.540193,1.1527677,2.1505568,7.2288227,0.65365666,26.86055,44.44149,29.547287,16.837315,20.816298,15.647247,15.8380785,17.367338,14.902702,68.06
4446906.924,659464.7026,59.6414,1.303554,0.88165545,24.468,29.674112,29.871367,27.461496,26.741943,44.321503,43.17444,45.309444,52.47285,59.94948,31.279015,28.314106,25.16975,20.198515,13.757554,2.357484,1.9053586,6.8407736,7.5153747,1378.81,279.76706,0.12109375,0.84306043,0.0078125,35,15,0.8368535,0.5023078,0.2701696,0.30273274,0.3093729,1.0120912,1.3429214,24.043785,20.491762,11.461845,17.858448,14.05388,16.679596,13.480949,17.117334,25.436811,25.338251,16.585953,20.847101,18.51378,21.793163,17.199018,20.73549,19.153332,16.32163,13.511226,14.557963,13.93352,17.25174,14.80132,15.278828,20.12254,14.293426,15.019757,14.820003,14.2264595,15.802699,16.58167,15.715213,18.294748,15.295242,18.486067,18.059587,16.472736,17.587807,17.05301,17.559584,15.508796,14.617706,14.319214,14.720116,14.162834,14.185286,16.804964,14.540193,1.0926048,2.1314213,7.178074,0.65377843,27.071056,43.74797,29.79656,16.86718,20.816298,15.647247,15.8380785,17.321314,14.902702,68.06
4446906.924,659469.7026,56.850647,1.230446,0.82200885,24.329634,30.01972,29.268585,27.321407,26.744417,44.11053,42.21452,46.155045,53.226456,60.75299,31.368797,28.5227,24.899824,19.62301,13.134428,2.314567,1.9029437,6.776685,7.4836793,1378.87,277.75595,-0.000488281,0.6361381,0.004394531,35,15,0.8368535,0.5023078,0.2701696,0.30273274,0.3093729,1.0120912,1.3429214,23.679377,21.387438,9.795538,18.092299,12.663014,14.524155,13.970456,16.467407,25.99258,25.273222,15.782659,20.751795,18.381224,20.480194,18.458773,20.715633,20.515827,15.902684,13.18106,14.514481,15.363772,16.518105,15.353024,15.574964,19.964113,14.54095,14.1054125,13.547717,17.084574,15.388859,16.377934,15.717059,18.38298,15.622945,17.250832,17.759897,17.23501,17.829086,16.612999,17.40331,14.899189,14.634923,14.384761,15.587469,16.739435,16.191227,15.259641,15.235831,1.0262275,2.1087554,7.1301823,0.65377843,27.174677,43.162525,29.945747,16.301754,20.731493,15.906993,15.858507,17.241964,15.385234,68.06
4446906.924,659474.7026,56.853275,1.1609607,0.7757314,24.210165,30.466679,28.76982,27.190147,26.927805,44.076553,41.33816,46.615936,53.32594,60.679005,31.436867,28.748205,24.991571,19.672533,13.154075,2.2598786,1.9000585,6.7777596,7.4710326,1378.92,277.13577,0.12060547,0.46168047,0.005615234,35,15,0.8368535,0.5023078,0.2701696,0.30273274,0.3093729,1.0120912,1.3429214,23.07809,20.284355,11.527911,16.918331,12.243492,17.784758,13.298236,16.637327,24.892921,24.691843,16.246836,20.508297,18.131529,20.361622,19.17359,20.483908,20.514992,15.758296,13.8854065,13.135986,15.238488,16.231886,15.417476,15.406165,21.250391,14.837773,14.074122,13.134145,14.8858,17.295504,17.834822,15.758599,19.25394,16.275513,17.21768,17.228994,16.100727,18.374277,17.12413,17.414795,18.14432,14.036021,14.1388445,15.281122,15.844541,15.697532,15.254726,15.422349,0.968346,2.0799685,7.1243963,0.65377843,27.33842,42.70736,30.092537,16.447882,20.572374,15.740362,16.18751,17.367895,15.485301,68.06
4446906.924,659479.7026,51.175816,1.0955632,0.7441683,24.079227,30.670227,28.35349,27.501112,27.238157,44.254303,40.735657,47.28985,53.005547,60.146687,31.374563,28.776413,24.564383,19.643932,13.457593,2.1946886,1.8980227,6.7720513,7.467023,1378.95,279.79858,-0.080566406,0.42123812,-0.003417969,35,15,0.8368535,0.5023078,0.2701696,0.30273274,0.3093729,1.0120912,1.3429214,23.146395,20.278116,11.556062,16.943089,12.264762,17.803255,13.316524,16.664577,25.3061,24.745092,16.300085,20.56155,18.184776,20.528599,19.22684,20.606623,20.479897,15.758296,13.899876,13.135986,15.238488,16.231886,15.414348,15.403934,21.24852,14.837773,14.074122,13.134145,14.8858,17.295916,17.835371,15.758357,19.251406,16.275513,16.109095,16.563843,15.3616705,17.819984,16.385073,16.86008,18.1326,14.036021,14.136891,15.281122,15.844541,15.691672,15.246913,15.418931,0.9198657,2.0463557,7.1195374,0.65377843,27.374727,42.49498,30.075489,16.472599,20.693293,15.736968,16.187378,16.823797,15.481394,68.06
4446906.924,659484.7026,49.801685,1.0343035,0.7061454,23.92004,30.923822,27.95676,27.508675,27.311062,44.760555,40.34258,47.659966,53.033295,59.883335,31.173151,28.665554,24.548964,19.621143,13.901576,2.1316712,1.8967576,6.772798,7.457743,1378.99,288.43494,0.080078125,0.36271936,0.004394531,35,15,0.8368535,0.5023078,0.2701696,0.30273274,0.3093729,1.0120912,1.3429214,23.068941,19.652681,11.137837,16.213497,11.36687,18.37429,14.430743,16.302542,25.484072,25.185411,16.773428,19.998886,18.312342,21.305792,20.119911,20.847315,18.92395,15.230377,14.257918,13.479834,14.62431,18.349846,17.661787,15.47614,18.367186,14.851975,14.339667,12.937975,14.959615,19.141197,18.280207,15.357001,18.234667,15.708736,16.153519,16.403269,15.710368,18.698208,18.959196,16.729864,21.116098,19.27942,18.488413,15.837,19.919851,21.177444,22.048132,19.002813,0.8702245,2.0142145,7.1152706,0.65377843,27.421932,42.551567,29.919353,16.320692,21.025692,16.075432,16.125402,17.123995,19.695194,68.06
4446906.924,659489.7026,54.021458,1.0053325,0.69962424,24.100647,30.770525,27.524511,27.47076,26.713266,45.025597,40.026443,48.314102,53.704712,60.203644,31.027409,28.446218,23.81923,18.99228,14.323548,2.0997078,1.8933955,6.7220287,7.431364,1379.01,300.06857,-0.080078125,0.31477895,-0.003295898,35,15,0.8368535,0.5023078,0.2701696,0.30273274,0.3093729,1.0120912,1.3429214,23.787157,21.883362,10.892768,15.809431,12.361198,19.200817,15.899956,16.744152,24.87436,25.512274,16.458284,19.957537,18.894474,21.106861,19.371496,20.717596,20.371267,16.607264,13.56704,13.388491,14.132751,15.236727,17.517952,15.397411,20.29134,15.255294,14.554672,13.227148,15.140617,18.329636,18.31824,15.841556,18.940584,16.763292,16.103489,16.400597,15.231866,17.787142,18.21072,16.865332,23.85377,19.713745,18.60115,15.908786,19.880554,22.177505,22.815725,19.6566,0.8524784,1.9965518,7.0766964,0.65377843,27.435585,42.52602,29.736813,17.119242,20.882183,15.831641,16.445278,17.062527,20.421604,68.06
4446906.924,659494.7026,53.59868,0.9972378,0.6981449,24.151001,30.859575,26.993666,27.180632,25.449116,44.9414,39.91152,48.605762,54.075356,61.318874,30.976017,28.28667,23.896875,18.841616,14.068949,2.0977309,1.8920759,6.635947,7.393883,1379.04,306.8629,0.12011719,0.28651148,0.005615234,35,15,0.8494065,0.5005583,0.24231151,0.2847708,0.3079677,1.006722,1.3416165,23.787157,21.883362,10.892768,15.809431,12.361198,19.200817,15.899956,16.744152,24.87436,25.512274,16.458284,19.957537,18.894474,21.106861,19.371496,20.717596,20.371267,16.607264,13.56704,13.388491,14.132751,15.236727,17.517952,15.397411,20.29134,15.255294,14.554672,13.227148,15.140617,18.329636,18.31824,15.841556,18.940584,16.763292,16.103489,16.400597,15.231866,17.787142,18.21072,16.865332,23.85377,19.713745,18.60115,15.908786,19.880554,22.177505,22.815725,19.6566,0.84769136,1.9949033,7.0149155,0.6476219,27.505287,42.42646,29.631344,17.119242,20.882183,15.831641,16.445278,17.062527,20.421604,68.06
4446906.924,659499.7026,50.817646,0.99083817,0.6955562,24.09752,30.845263,26.415674,26.892614,24.533766,45.06,39.915237,48.76528,55.004547,61.371746,30.811691,28.06201,24.397818,18.156265,14.102776,2.098452,1.8937606,6.5614643,7.3486843,1379.05,319.77814,-0.07910156,0.24342547,-0.001098633,35,15,0.8494065,0.5005583,0.24231151,0.2847708,0.3079677,1.006722,1.3416165,22.86327,21.294924,10.973861,15.634779,14.422648,16.28207,14.244687,16.442865,24.673595,26.406143,16.61558,19.949028,20.293154,19.213974,18.658094,20.810331,20.563211,14.66373,14.245159,12.991484,15.437698,16.355171,15.586375,15.416934,21.634876,14.167697,14.597707,12.927844,17.172022,15.552198,17.82995,15.925187,20.006517,17.056753,16.523523,16.293491,17.271952,16.149426,17.11638,17.226751,24.399084,14.700223,19.140112,15.999725,19.704515,22.194643,23.160227,19.310726,0.8431972,1.9961064,6.9550743,0.6476219,27.471392,42.487617,29.436852,16.530893,20.829939,15.691833,16.2689,17.202576,19.89979,68.06
4446906.924,659504.7026,51.96147,0.9862187,0.6993947,24.292622,31.17369,26.077038,26.839046,23.430063,45.319237,39.917614,48.74738,54.87227,61.72091,30.606373,27.754948,24.452223,18.218485,14.164735,2.0938435,1.8993798,6.459349,7.296842,1379.07,323.7178,0.119140625,0.2659283,0.004394531,35,15,0.8494065,0.5005583,0.24231151,0.2847708,0.3079677,1.006722,1.3416165,23.292519,19.954737,11.6545515,16.546938,13.100812,16.274303,13.368118,16.54121,24.519665,26.123163,16.511436,19.17489,18.384142,19.213974,18.88668,20.32336,21.162388,14.675225,14.243721,13.03509,16.212957,16.324135,15.937759,15.62128,21.241337,14.739057,14.951668,13.568367,17.501871,15.552198,16.84147,16.194181,19.829258,16.920206,16.343573,16.613367,15.687179,16.149426,17.54917,17.003698,24.648386,14.637532,18.149271,16.891438,20.941807,22.194643,23.225012,19.437164,0.8428067,1.9966116,6.8780956,0.6476219,27.733156,42.618423,29.18066,16.31314,20.401993,15.941611,16.342281,17.01317,20.098297,68.06
4446906.924,659509.7026,50.479015,0.9808515,0.710237,24.162247,30.920427,25.634113,26.896334,22.44882,45.69377,39.89387,48.793423,54.66435,61.817776,30.31117,27.35631,24.522022,18.209782,14.312732,2.0877392,1.9068098,6.413886,7.2493286,1379.08,323.0951,-0.000488281,0.2862318,0,35,15,0.8494065,0.5005583,0.24231151,0.2847708,0.3079677,1.006722,1.3416165,23.10756,19.991686,11.73508,16.607054,12.935552,16.03537,13.115508,16.487925,24.534365,26.128286,16.531898,19.182575,17.78946,19.008698,18.291998,20.16707,21.162388,14.675225,14.243721,13.03509,16.212957,16.324135,15.937759,15.62128,21.204727,14.757983,14.937706,13.581579,17.507454,15.414154,16.738268,16.172102,19.829258,16.920206,16.343573,16.613367,15.687179,16.149426,17.54917,17.003698,24.648386,14.637532,18.149271,16.891438,20.941807,22.194643,23.225012,19.437164,0.8455442,1.9972745,6.8316073,0.6476219,27.541336,42.793823,28.83374,16.218258,20.20961,15.941611,16.30598,17.01317,20.098297,68.06
4446906.924,659514.7026,51.32481,0.9700335,0.7083812,24.145487,31.023148,25.35283,26.732006,21.492306,46.09933,39.94102,48.73013,54.867764,62.00732,30.023914,27.012348,24.644808,18.126217,14.529936,2.0761542,1.9144725,6.3432603,7.200287,1379.09,323.1371,-0.12011719,0.28651148,-0.005615234,35,15,0.8494065,0.5005583,0.24231151,0.2847708,0.3079677,1.006722,1.3416165,22.976954,19.35496,13.364585,16.383518,14.017414,15.409618,12.896127,16.862625,23.438095,25.555006,16.495214,20.113026,18.120892,20.116194,16.761873,20.15721,20.135408,14.3505125,13.742096,15.282987,16.618364,18.457596,15.125791,16.008825,18.776129,14.789342,14.067731,15.561783,18.284819,16.758987,15.192864,16.172821,17.446793,17.005533,16.627995,18.142088,16.205,17.908813,16.220354,17.2842,24.412783,14.266534,15.921615,19.064413,22.65592,24.142387,23.704794,19.710583,0.83920735,1.9953134,6.7717733,0.6476219,27.584316,43.020176,28.518131,16.343311,20.085758,16.244678,16.204523,17.07951,20.595491,68.06
4446906.924,659519.7026,53.17708,0.96709484,0.6733304,24.299206,30.82312,25.211126,25.745665,20.731388,46.261753,40.298923,48.79572,56.06162,61.270325,29.750994,27.137774,24.363556,18.20167,16.200594,2.0721426,1.899985,6.271291,7.1717496,1379.11,318.8141,0,0.30482575,-0.002197266,35,15,0.8494065,0.5005583,0.24231151,0.2847708,0.3079677,1.006722,1.3416165,22.976954,19.35496,13.364585,16.383518,14.017414,15.409618,12.896127,16.862625,24.196146,25.817072,16.75428,20.371845,18.65399,20.60578,17.341173,20.563738,19.835848,14.38001,13.715112,15.282413,16.463028,18.304031,14.964309,15.910935,18.874367,14.813553,14.09566,15.590454,18.365816,16.805504,15.273862,16.221113,19.026941,19.183428,18.790026,19.764713,17.752443,20.932291,18.909819,19.30645,24.508467,14.322956,15.998118,19.12887,22.749474,24.218891,23.78982,19.787395,0.8202126,1.9860637,6.7215204,0.6476219,27.561163,43.28034,28.444384,16.343311,20.534328,16.134964,16.25989,19.194235,20.6738,68.06
4446906.924,659524.7026,51.540997,0.9718846,0.6746293,24.468641,30.53028,25.08341,25.6794,20.548492,46.25769,41.298252,49.824593,56.215855,61.991383,29.398264,27.13485,23.985107,18.08956,16.04036,2.0698597,1.8709173,6.251706,7.176391,1379.13,315,0,0.30415064,0.001098633,35,15,0.8547059,0.49654374,0.24436288,0.28983015,0.3055833,1.0046095,1.3422345,23.998632,19.916513,11.674735,15.468996,14.778904,18.504269,14.952938,16.837225,24.755112,24.874634,16.57765,20.816229,19.157656,21.361046,18.28611,20.763857,17.258682,15.075299,13.268247,14.563016,15.153621,16.98928,15.6095915,15.040718,17.95693,14.996254,13.393094,14.81558,19.184595,17.865952,15.761097,15.907872,19.578785,21.636877,18.824554,19.450052,17.692144,20.261642,18.72975,19.473646,20.54394,22.093355,17.16206,17.0534,21.988464,23.729946,19.73911,19.723074,0.82325697,1.9703885,6.7140484,0.64826715,27.49946,43.77797,28.266556,17.042143,20.832632,15.416819,16.281927,19.4534,20.330038,68.06
4446906.924,659529.7026,51.152767,0.97330636,0.6733026,24.821695,30.308937,25.080435,25.359436,20.674726,46.23871,42.35594,50.711514,56.201866,61.977375,29.03861,27.188442,23.737953,18.486517,16.065432,2.0619347,1.8381187,6.218497,7.182131,1379.15,319.3987,0.080078125,0.26437655,0.004394531,35,15,0.8547059,0.49654374,0.24436288,0.28983015,0.3055833,1.0046095,1.3422345,23.478775,19.954882,11.63141,14.866507,14.900968,19.07243,16.102123,16.700798,23.00605,24.534996,16.115517,20.17332,17.923178,20.43478,17.879591,19.95997,19.400726,15.819415,13.497739,14.098478,16.819782,18.5825,15.832881,15.822403,20.020138,14.424308,13.531868,14.291013,18.402855,17.81366,15.734712,16.00743,19.821285,19.230446,18.096983,18.749712,17.635283,19.359894,18.499443,18.769043,20.88366,19.926462,17.384169,16.411549,22.914125,22.430895,19.745653,19.387836,0.8233045,1.9500268,6.7003136,0.64826715,27.565315,44.297325,28.113525,17.143871,20.009632,16.293074,16.316936,18.770433,19.956644,68.06
4446906.924,659534.7026,55.638565,0.9739223,0.6728781,24.922014,29.988926,25.063543,25.369099,20.310547,46.289387,43.310665,51.57551,56.033916,62.194374,28.59475,27.174032,23.453,18.596582,17.269283,2.048036,1.8060573,6.2009444,7.184274,1379.16,324.47177,0,0.2464337,0,35,15,0.8547059,0.49654374,0.24436288,0.28983015,0.3055833,1.0046095,1.3422345,23.443718,19.908136,11.561292,14.782366,14.900968,19.07243,16.102123,16.654055,24.75567,26.705872,17.029282,21.471413,19.591108,22.201735,19.041937,21.45144,19.37329,15.722203,13.497739,14.047537,16.72257,18.495024,15.735669,15.763473,20.285255,14.433646,13.404698,14.185974,18.533117,17.827667,15.74405,16.017141,19.821285,19.230446,18.096983,18.749712,17.635283,19.359894,18.499443,18.769043,20.88366,19.926462,17.384169,16.411549,22.914125,22.430895,19.745653,19.387836,0.8234002,1.9270468,6.6926093,0.64826715,27.455471,44.800026,27.884392,17.11015,21.54243,16.22772,16.344915,18.770433,19.956644,68.06
4446906.924,659539.7026,57.289864,0.9680704,0.6663621,25.010818,29.56659,24.995687,25.395761,20.695765,46.38033,44.119522,52.540684,56.098988,61.77712,28.012918,27.071257,23.08217,18.459545,17.300203,2.0310419,1.7793703,6.1742034,7.1798086,1379.17,336.78934,0.000488281,0.21783683,0,35,15,0.8547059,0.49654374,0.24436288,0.28983015,0.3055833,1.0046095,1.3422345,23.382992,21.31402,12.1275215,15.647458,13.846711,19.07243,16.16884,17.009672,25.578142,27.047812,16.804565,21.407423,19.797834,22.201735,18.415857,21.587593,20.3873,16.039803,13.888165,13.953647,15.194771,18.468616,15.1684675,15.857041,20.6164,14.451252,13.599933,14.406629,14.367874,17.827667,16.948736,15.648655,19.716543,19.462639,18.138716,19.89976,18.37419,19.194813,19.13477,19.109243,20.689192,19.523438,18.087109,17.993359,19.335417,22.430895,19.33465,19.362986,0.8172163,1.9052061,6.677006,0.64826715,27.288704,45.249924,27.542088,17.36571,21.607624,16.157251,16.031214,19.131634,19.627722,68.06
4446906.924,659544.7026,59.973892,0.9595372,0.6623558,25.173777,29.400276,25.199848,25.307972,20.912321,46.46565,44.596737,53.02053,56.229794,61.658344,27.486197,27.079035,22.81193,18.372025,17.346205,2.0096645,1.7618688,6.146253,7.172767,1379.17,3.826481,-0.079589844,0.21484753,-0.003295898,35,15,0.8547059,0.49654374,0.24436288,0.28983015,0.3055833,1.0046095,1.3422345,24.030704,21.757933,12.493075,17.024824,12.825462,15.877297,16.271933,17.181051,26.07269,27.269846,16.743738,20.693115,19.943983,21.239773,18.363708,21.481386,22.077215,16.834232,13.735591,13.546819,15.267789,18.485428,16.493639,16.301847,20.232384,14.70618,13.739064,13.709048,14.351972,17.744026,16.02825,15.542702,20.429947,19.77368,18.204435,19.200497,18.565954,18.360699,17.198835,19.098753,22.96483,19.31945,17.163555,16.312565,18.900091,24.8661,19.548079,19.315636,0.81094646,1.8857667,6.65951,0.64826715,27.287025,45.531193,27.282616,17.183033,21.475266,16.634388,15.787275,18.81915,19.867811,68.06
4446906.924,659549.7026,57.92792,0.9559206,0.67444855,25.076086,29.180853,25.804962,25.055819,20.591871,46.159966,44.440777,52.82178,57.11333,62.767902,27.509684,27.296106,22.61431,17.817759,17.388447,2.0134962,1.7657453,6.1222672,7.1700835,1379.17,7.1465797,0.000488281,0.23049699,-0.002197266,35,15,0.8547059,0.49654374,0.24436288,0.28983015,0.3055833,1.0046095,1.3422345,24.030704,21.757933,12.493075,17.024824,12.825462,15.877297,16.271933,17.181051,26.07269,27.269846,16.743738,20.693115,19.943983,21.239773,18.363708,21.481386,22.077215,16.834232,13.735591,13.546819,15.267789,18.485428,16.493639,16.301847,20.232384,14.70618,13.739064,13.709048,14.351972,17.744026,16.02825,15.542702,20.429947,19.77368,18.204435,19.200497,18.565954,18.360699,17.198835,19.098753,22.96483,19.31945,17.163555,16.312565,18.900091,24.8661,19.548079,19.315636,0.8151846,1.8896208,6.6461754,0.64826715,27.12847,45.30037,27.402895,17.183033,21.475266,16.634388,15.787275,18.81915,19.867811,68.06
4446906.924,659554.7026,60.337757,0.9591439,0.6737197,25.037678,29.074411,26.991505,24.929197,20.703896,45.37566,43.507797,51.265133,57.10394,62.611477,28.422295,27.887405,22.767313,17.896013,17.445448,2.0374305,1.7842132,6.1382833,7.178545,1379.17,0,0.000488281,0.2287063,0,35,15,0.8410257,0.49969134,0.26681933,0.30273086,0.30795735,1.0046704,1.3520734,22.825888,20.27492,12.704063,17.05755,12.566012,16.645683,16.530056,16.906733,25.960674,26.399864,17.47608,20.855263,19.537966,21.318928,18.665537,21.568497,20.974432,15.827202,14.42302,13.32211,14.679425,18.908222,16.022863,15.912257,20.500858,14.391404,14.274193,12.87319,14.630521,16.508396,17.928562,15.437993,19.143728,19.873426,18.910084,18.358875,18.757774,18.370346,17.027514,18.960556,24.884933,19.702385,17.538534,15.198095,16.567009,20.538677,22.295404,18.910494,0.81643176,1.9108219,6.658414,0.6535669,27.056046,44.441727,28.15485,16.943453,21.459187,16.308184,15.872445,18.634537,19.53215,68.06
4446906.924,659559.7026,72.2805,0.96261525,0.67613673,25.033213,28.991297,28.401838,24.933348,20.631546,44.485077,42.27869,49.308243,56.472958,62.62432,29.494858,28.667395,23.098648,18.337204,17.736187,2.0656066,1.8111111,6.141687,7.181385,1379.17,14.025944,0.040527344,0.23591462,0.003417969,35,15,0.8410257,0.49969134,0.26681933,0.30273086,0.30795735,1.0046704,1.3520734,23.498964,20.671587,13.728185,17.44364,11.291542,17.636288,15.248833,17.298883,25.430662,24.97112,16.65394,20.907621,19.440378,21.221664,19.272448,21.051748,20.311703,14.740417,14.337776,13.683325,15.195755,16.256428,16.308584,15.620875,19.777004,14.703133,14.821812,13.587416,15.281539,15.851339,17.062477,15.662126,19.975672,19.485577,18.857447,18.712177,19.028612,17.526741,17.595833,19.09152,21.436522,18.721622,17.224804,15.104955,20.877579,19.85513,22.409082,18.651293,0.819376,1.9383588,6.661536,0.6535669,27.012255,43.38188,29.081127,17.074148,21.128263,15.833427,15.8692465,18.740294,19.375671,68.06
4446906.924,659564.7026,65.03464,0.9566869,0.67815214,24.94599,29.00545,29.787653,25.077984,20.865393,43.732082,40.9447,47.468655,56.070156,62.945995,30.427341,29.184973,23.274012,18.300669,17.164244,2.0836892,1.8389016,6.1539855,7.1775613,1379.16,26.547567,0,0.25624847,0,35,15,0.8410257,0.49969134,0.26681933,0.30273086,0.30795735,1.0046704,1.3520734,23.498964,20.671587,13.728185,17.44364,11.291542,17.636288,15.248833,17.298883,25.430662,24.97112,16.65394,20.907621,19.440378,21.221664,19.272448,21.051748,20.311703,14.740417,14.337776,13.683325,15.195755,16.256428,16.308584,15.620875,19.777004,14.703133,14.821812,13.587416,15.281539,15.851339,17.062477,15.662126,19.975672,19.485577,18.857447,18.712177,19.028612,17.526741,17.595833,19.09152,21.436522,18.721622,17.224804,15.104955,20.877579,19.85513,22.409082,18.651293,0.8174195,1.9612954,6.6657734,0.6535669,26.97572,42.33839,29.806156,17.074148,21.128263,15.833427,15.8692465,18.740294,19.375671,68.06
4446906.924,659569.7026,68.18652,0.94857466,0.6758937,24.885998,28.98623,31.15756,24.842024,21.017117,43.06432,39.726166,45.65323,56.133007,62.877052,31.249628,29.719763,23.431183,18.320173,17.19375,2.0948117,1.8657112,6.1567836,7.1642194,1379.15,36.253838,0.040039062,0.26669905,0.002197266,35,15,0.8410257,0.49969134,0.26681933,0.30273086,0.30795735,1.0046704,1.3520734,23.5601,20.71284,14.02867,16.799633,14.473666,16.418785,15.564816,17.5387,24.261665,23.952705,16.368732,20.215721,18.92549,20.067915,17.124874,20.330194,19.64993,14.894788,14.777516,15.038681,15.474879,19.082886,16.523975,16.222273,20.35997,14.367927,15.9503145,13.811702,16.57356,16.833939,17.629395,16.2451,19.299696,19.096807,19.716032,18.982248,18.648264,16.736069,17.896395,19.043978,18.513126,18.323326,17.246246,15.89654,20.033934,21.066643,22.85585,18.219692,0.81223416,1.9802614,6.6605015,0.6535669,26.936115,41.39524,30.484695,17.365501,20.131014,16.491808,16.50383,18.625072,19.133667,68.06
4446906.924,659574.7026,65.281204,0.9379528,0.6732557,24.812529,28.966164,32.291225,24.620066,21.14985,42.684246,38.97143,44.16517,56.202187,62.831455,31.806295,30.04372,23.562124,18.3228,17.213741,2.0969596,1.8864285,6.156646,7.146688,1379.13,28.300755,-0.12011719,0.21169609,-0.008911133,35,15,0.8410257,0.49969134,0.26681933,0.30273086,0.30795735,1.0046704,1.3520734,23.772305,22.051111,13.33343,16.594381,13.728076,15.685326,15.500997,17.355139,24.602692,25.192732,17.461021,21.260616,19.579432,21.901758,18.750616,21.295715,18.670332,15.243745,15.313328,14.45194,16.301857,18.93505,16.236914,16.17108,19.285934,14.387616,17.565125,15.0344925,16.652147,16.147152,18.006294,16.623629,21.940487,19.412169,20.526426,18.838663,18.857811,17.672367,19.66347,19.80277,22.639996,18.864798,18.702011,16.511845,23.668991,22.242214,22.868164,20.020287,0.8056042,1.991694,6.6516666,0.6535669,26.889347,40.82784,30.925007,17.237947,21.249836,16.450453,16.725536,19.558771,20.78543,68.06
4446906.924,659579.7026,77.328224,0.93565696,0.6504668,24.700031,28.046944,32.86564,24.603945,21.449272,42.90249,39.200443,43.350777,55.38231,62.030186,31.904427,29.980251,23.211903,19.020842,17.219448,2.0885742,1.8754216,6.158882,7.1370063,1379.13,5.194428,-0.040039062,0.15836725,-0.002197266,35,15,0.8410257,0.49969134,0.26681933,0.30273086,0.30795735,1.0046704,1.3520734,23.772305,22.051111,13.33343,16.594381,13.728076,15.685326,15.500997,17.355139,24.602692,25.192732,17.461021,21.260616,19.579432,21.901758,18.750616,21.295715,18.670332,15.243745,15.313328,14.45194,16.301857,18.93505,16.236914,16.17108,19.285934,14.387616,17.565125,15.0344925,16.652147,16.147152,18.006294,16.623629,21.940487,19.412169,20.526426,18.838663,18.857811,17.672367,19.66347,19.80277,22.639996,18.864798,18.702011,16.511845,23.668991,22.242214,22.868164,20.020287,0.79306185,1.981998,6.6479445,0.6535669,26.373487,41.051468,30.942339,17.237947,21.249836,16.450453,16.725536,19.558771,20.78543,68.06
4446906.924,659584.7026,66.58526,0.9364586,0.64812505,24.572771,28.029148,32.77045,24.703733,21.106186,43.510944,40.537937,43.289745,55.241116,62.18589,31.684471,29.61003,23.291174,19.110737,17.190224,2.0701444,1.8478988,6.1771846,7.1380053,1379.13,6.340191,0,0.12983528,-0.001098633,35,15,0.846486,0.49721578,0.2733844,0.30934715,0.30992213,1.0093197,1.4308466,24.472763,21.713083,12.299006,16.634068,15.971522,19.082098,15.93987,17.779402,26.429478,25.388693,17.086235,20.66338,19.090694,21.43922,19.794447,21.251936,19.672207,15.745521,14.319813,15.25974,13.964233,19.280615,18.510706,16.160793,18.456879,14.723248,14.029485,17.000729,18.026903,19.499428,19.567944,16.53873,20.130169,19.342535,19.264961,20.860794,17.269194,16.816254,21.596014,19.322346,23.13825,17.520273,18.850914,18.123798,22.851286,20.551472,22.752146,20.057909,0.7922918,1.9590216,6.6575947,0.66807455,26.30096,42.02444,30.647251,18.016058,21.413164,16.678976,17.32923,19.325703,20.541164,68.06
4446906.924,659589.7026,78.82087,0.9388563,0.6298906,24.510462,27.926958,32.405876,24.615705,20.397873,44.331676,42.381912,43.55702,55.184235,63.395924,31.300161,29.29289,23.802044,19.428106,16.848782,2.0460217,1.8120457,6.1850166,7.1405296,1379.13,0,0,0.11470331,0,35,15,0.846486,0.49721578,0.2733844,0.30934715,0.30992213,1.0093197,1.4308466,23.489706,19.974962,11.729501,16.92938,13.30474,18.780817,15.779701,16.941587,25.643414,25.104818,16.800451,20.345772,19.437624,22.353428,18.245777,21.05674,19.232952,16.152588,14.589185,14.932637,14.644574,16.807491,17.46566,15.840394,19.23242,15.581276,13.786014,16.132772,17.572882,18.252136,19.118544,16.346388,21.057404,19.589064,18.780918,19.736113,18.861284,17.144684,21.373451,19.372248,23.824581,21.601717,18.714243,18.21474,23.28861,20.978992,23.011545,20.720093,0.78437346,1.9290338,6.662773,0.66807455,26.21871,43.356796,30.296526,17.141258,21.13304,16.260729,17.096579,19.50613,21.376348,68.06
4446906.924,659594.7026,71.14513,0.94065917,0.6251373,24.357292,27.790735,31.979536,24.814695,20.062439,45.21222,44.24219,43.952812,54.769,63.57536,30.87726,28.617613,23.63552,19.624601,16.795553,2.0261233,1.7759744,6.2162294,7.142436,1379.13,336.80142,-0.040039062,0.109194316,-0.002197266,35,15,0.846486,0.49721578,0.2733844,0.30934715,0.30992213,1.0093197,1.4308466,23.489706,19.974962,11.729501,16.92938,13.30474,18.780817,15.779701,16.941587,25.643414,25.104818,16.800451,20.345772,19.437624,22.353428,18.245777,21.05674,19.232952,16.152588,14.589185,14.932637,14.644574,16.807491,17.46566,15.840394,19.23242,15.581276,13.786014,16.132772,17.572882,18.252136,19.118544,16.346388,21.057404,19.589064,18.780918,19.736113,18.861284,17.144684,21.373451,19.372248,23.824581,21.601717,18.714243,18.21474,23.28861,20.978992,23.011545,20.720093,0.78289825,1.9010489,6.6793327,0.66807455,26.074013,44.727203,29.747437,17.141258,21.13304,16.260729,17.096579,19.50613,21.376348,68.06
4446906.924,659599.7026,62.17097,0.94070774,0.6240968,24.188215,27.762566,31.525112,24.889948,19.734365,46.031307,45.948647,44.41858,54.6964,63.76562,30.47167,28.141014,23.644987,19.643389,16.741087,2.0087128,1.7464882,6.2404995,7.141338,1379.14,326.30994,0.080078125,0.10339219,0.004394531,35,15,0.846486,0.49721578,0.2733844,0.30934715,0.30992213,1.0093197,1.4308466,23.834824,20.341082,12.543835,16.968105,13.269948,19.166044,16.856895,17.310253,25.579811,24.954552,16.873293,19.318129,19.279404,22.414093,16.727232,20.744423,19.268587,18.966156,14.351193,14.788958,14.229843,17.16495,18.407717,16.0832,18.34418,20.82678,14.456254,15.270668,17.815603,17.688343,19.226683,16.867414,20.637129,19.131231,18.872713,19.327375,19.124828,17.303246,21.234402,19.255867,23.751915,19.957445,18.236223,17.134298,23.666275,21.466301,22.634605,20.297232,0.7824023,1.8776004,6.690919,0.66807455,25.975391,45.989975,29.306343,17.568676,20.735216,16.739628,17.661215,19.375845,20.978151,68.06
4446906.924,659604.7026,60.45957,0.9422882,0.6231675,24.042295,27.743263,31.184439,24.995054,19.431253,46.73023,47.03026,44.77937,54.612926,63.957806,30.086748,27.835564,23.650305,19.661394,16.68416,2.0015917,1.726289,6.256914,7.1365733,1379.14,341.56506,0,0.09068098,0,35,15,0.846486,0.49721578,0.2733844,0.30934715,0.30992213,1.0093197,1.4308466,24.410322,21.881422,12.345882,16.893927,13.509927,16.983063,16.638868,17.384056,24.499107,25.660406,17.082474,20.245005,18.798126,21.65218,15.187295,20.652784,18.100313,19.128813,14.164383,14.023641,14.817478,18.157911,18.508995,15.858878,18.08588,21.255243,13.992798,14.048886,17.202024,16.159613,19.190453,16.326641,20.468771,19.795305,19.154327,19.354956,18.385645,17.965149,20.934736,19.349726,21.145359,19.830757,18.561964,16.902775,20.374594,20.656372,22.836084,19.401217,0.78272784,1.8639404,6.696744,0.66807455,25.89278,46.88024,28.961155,17.523344,20.446371,16.70022,17.133558,19.436983,20.043987,68.06
4446906.924,659609.7026,66.02018,0.94785357,0.62244713,23.936811,27.741898,31.182222,25.264269,19.172377,47.17677,46.847134,44.813263,54.435944,64.14326,29.733843,27.90185,23.645178,19.727419,16.62896,2.015202,1.7208134,6.2430196,7.127912,1379.14,315,-0.080078125,0.101384394,-0.005615234,35,15,0.846486,0.49721578,0.2733844,0.30934715,0.30992213,1.0093197,1.4308466,24.410322,21.881422,12.345882,16.893927,13.509927,16.983063,16.638868,17.384056,24.499107,25.660406,17.082474,20.245005,18.798126,21.65218,15.187295,20.652784,18.100313,19.128813,14.164383,14.023641,14.817478,18.157911,18.508995,15.858878,18.08588,21.255243,13.992798,14.048886,17.202024,16.159613,19.190453,16.326641,20.468771,19.795305,19.154327,19.354956,18.385645,17.965149,20.934736,19.349726,21.145359,19.830757,18.561964,16.902775,20.374594,20.656372,22.836084,19.401217,0.78515035,1.8680077,6.685466,0.66807455,25.839355,47.01195,28.817846,17.523344,20.446371,16.70022,17.133558,19.436983,20.043987,68.06
4446906.924,659614.7026,66.001816,0.9572598,0.62193984,23.869658,27.758183,31.55665,25.725386,18.965796,47.37733,45.451153,44.492466,54.149017,64.31794,29.427076,28.327112,23.627169,19.851522,16.57702,2.0483055,1.7275039,6.193087,7.117174,1379.15,303.69006,-0.040039062,0.10339219,-0.001098633,35,15,0.8332364,0.51678866,0.27565965,0.32578123,0.31012934,1.0127726,1.4903129,24.128527,22.161392,11.842097,16.925776,12.113986,16.217997,15.249875,16.98218,23.774261,23.450785,15.821706,19.502813,17.51902,20.072708,15.5904455,19.439919,19.123962,17.818018,14.551496,14.53655,16.265532,19.376148,16.73496,16.349112,20.605686,18.7586,14.107821,13.590502,16.250643,15.823814,18.051937,16.205482,20.225368,20.918041,18.944788,19.097752,19.120409,18.347443,21.021692,19.480415,20.108591,20.13772,18.998373,19.637554,23.857428,22.733429,19.859947,20.213486,0.7895998,1.8879046,6.6551304,0.6806687,25.81392,46.41424,28.877094,16.94852,19.390247,16.91524,16.741287,19.667927,20.761862,68.06
4446906.924,659619.7026,61.35742,0.9742971,0.61099416,23.781723,27.738314,32.0488,25.940575,18.886229,47.508728,43.50512,44.05524,54.16362,64.390945,29.129503,28.848955,24.132471,20.137726,16.516012,2.0928688,1.7359573,6.141066,7.105988,1379.16,291.80142,0,0.15442389,-0.002197266,35,15,0.8332364,0.51678866,0.27565965,0.32578123,0.31012934,1.0127726,1.4903129,23.470549,22.178614,10.881714,16.92857,11.015773,18.686607,14.798217,16.718384,26.784315,25.444952,16.786034,20.343493,19.369667,21.70384,17.704426,21.079033,22.80231,17.737463,15.486602,14.16808,15.326271,19.224419,16.420202,17.014488,21.25675,18.114538,14.675224,13.958545,15.027612,18.566193,18.357765,16.632524,20.940775,19.67733,19.114607,19.65853,17.945692,20.112865,18.408506,19.644703,22.618412,20.177092,19.077642,19.031733,22.755968,22.672316,21.737314,20.732218,0.79264563,1.914413,6.623527,0.6806687,25.760017,45.506924,28.98923,16.851435,21.162388,17.309336,17.136662,19.408329,21.152925,68.06
4446906.924,659624.7026,61.4781,0.972754,0.609209,23.424778,27.76199,32.45571,26.237207,18.933044,47.87767,41.37213,43.825115,54.18227,64.50481,28.690588,29.461016,23.39119,20.177229,16.07668,2.1236465,1.7483429,6.0687532,7.0943384,1379.18,284.07745,0.040527344,0.23578745,0.003417969,35,15,0.8332364,0.51678866,0.27565965,0.32578123,0.31012934,1.0127726,1.4903129,23.470549,22.178614,10.881714,16.92857,11.015773,18.686607,14.798217,16.718384,26.784315,25.444952,16.786034,20.343493,19.369667,21.70384,17.704426,21.079033,22.80231,17.737463,15.486602,14.16808,15.326271,19.224419,16.420202,17.014488,21.25675,18.114538,14.675224,13.958545,15.027612,18.566193,18.357765,16.632524,20.940775,19.67733,19.114607,19.65853,17.945692,20.112865,18.408506,19.644703,22.618412,20.177092,19.077642,19.031733,22.755968,22.672316,21.737314,20.732218,0.79098153,1.9359946,6.581546,0.6806687,25.593384,44.6249,29.075802,16.851435,21.162388,17.309336,17.136662,19.408329,21.152925,68.06
4446906.924,659629.7026,70.05556,0.9897578,0.60744363,23.358038,27.778019,32.561863,26.56713,18.87337,48.28677,39.344048,43.903793,54.00797,64.6369,28.236326,30.128092,23.324165,20.252851,16.030159,2.1715581,1.7499477,6.0052996,7.0819836,1379.2,274.90588,-0.12060547,0.50295794,-0.013427734,35,15,0.8332364,0.51678866,0.27565965,0.32578123,0.31012934,1.0127726,1.4903129,23.661055,22.42009,10.727012,16.481678,10.523328,18.532633,14.539334,16.584967,26.959114,26.532614,17.129545,20.550945,19.871887,24.226646,18.638678,21.83194,23.968668,20.13803,16.312775,14.678775,17.735239,17.953087,17.278769,18.157139,22.72336,19.454618,14.342671,13.843124,16.232216,18.655197,18.161276,17.072342,20.718876,19.481737,18.830338,19.776585,16.6382,18.767776,17.869928,19.266148,23.240602,20.523668,19.644247,17.694319,21.496386,19.782877,20.726309,20.279303,0.7986007,1.960753,6.5436416,0.6806687,25.568027,43.815407,29.182209,16.697878,21.98706,18.295048,17.630352,18.869064,20.444057,68.06
4446901.924,659309.7026,67.02062,0.88403356,0.64526963,24.961178,35.31506,29.941124,26.523952,22.5366,43.44236,36.249996,46.428135,57.26498,62.28338,30.604515,27.347536,23.63439,16.203646,13.371029,1.800615,1.9961454,5.8806324,7.2381954,1378.1,19.523733,-0.040039062,0.47139478,-0.002197266,35,15,0.8121442,0.5080224,0.23862112,0.27415583,0.30715352,1.0354825,0.79892963,23.421785,21.779295,11.030839,17.940441,15.704865,16.521736,16.63404,17.283766,28.339027,28.750498,18.668894,23.269173,21.302263,25.7276,21.658651,23.677439,20.856106,18.271795,15.088997,16.565935,15.83368,19.796162,18.838636,17.342314,16.850758,13.070816,14.127576,13.469416,13.721219,15.25001,16.142977,14.434014,16.818895,13.965237,16.065676,16.058567,15.792243,17.760067,19.362703,16.093424,18.834805,18.955,18.927824,17.492899,18.540478,19.673534,21.16983,18.708624,0.7646516,1.8983802,6.559414,0.56778705,30.138119,39.846176,28.976025,17.576143,23.959442,17.893045,14.661824,16.546198,19.084911,68.06
4446901.924,659314.7026,65.147865,0.88473314,0.631648,24.897593,35.07563,29.933056,26.548563,22.927479,43.40253,36.836002,46.468395,56.549034,61.838596,30.939123,27.366583,23.612597,16.839613,13.985527,1.8367591,1.9774877,5.9353504,7.2407346,1378.08,32.45473,-0.041015625,0.56008935,-0.002319336,35,15,0.8445138,0.5152204,0.2612952,0.29266262,0.30983636,1.0089668,1.3528653,23.715172,21.628187,10.423503,17.729967,13.720105,16.768307,16.723433,16.890543,27.85599,29.678244,18.26948,23.281937,21.085447,24.999954,21.460974,23.52797,23.037508,19.499838,14.182944,16.727356,15.453723,22.093916,19.139915,17.810488,16.8009,13.832837,13.474004,13.986578,14.376175,15.631193,17.052284,14.578941,17.69482,14.904027,14.2377,16.405859,16.229296,17.620033,20.823256,16.01508,21.125607,19.319738,17.721306,18.266657,18.14717,17.73459,21.1428,18.784842,0.7581906,1.9071233,6.5880423,0.6550515,29.98661,40.119267,29.152853,17.244097,23.804575,18.590742,15.021996,16.845,19.065409,68.06
4446901.924,659319.7026,65.4356,0.8872863,0.62249506,24.823559,34.8286,29.922987,26.571747,23.267561,43.42769,37.464394,46.531418,55.872486,61.40641,31.248976,27.380344,23.576904,17.442677,14.625219,1.8757746,1.9625617,5.992514,7.2421355,1378.05,35.228905,-0.0390625,0.59591156,-0.005493164,35,15,0.8445138,0.5152204,0.2612952,0.29266262,0.30983636,1.0089668,1.3528653,23.606121,21.669357,10.407554,17.738544,13.654086,16.660324,16.620638,16.858099,27.315903,29.250826,18.320143,23.126339,20.89329,24.748974,21.360695,23.302034,20.147913,17.452011,14.094627,15.643213,14.523967,19.97282,17.8174,16.450663,14.658054,12.226846,12.760833,12.8433075,13.688247,14.671513,15.371007,13.367489,13.8665085,11.020482,10.713086,12.892908,12.629753,14.599346,17.392431,12.400735,18.13623,16.916643,16.15559,16.309368,16.418678,15.883682,19.211945,16.705488,0.7548907,1.9191682,6.617325,0.6550515,29.82608,40.44604,29.31466,17.193804,23.57374,17.093136,13.7456875,13.302073,17.004591,68.06
4446901.924,659324.7026,61.33668,0.8781847,0.6143546,24.642988,34.16249,29.959822,27.038717,23.873499,43.51412,38.522957,46.64216,55.025024,60.662346,31.548878,26.811913,23.456074,17.91723,15.062802,1.9122328,1.9403114,6.054804,7.251668,1378.02,30.47723,-0.119628906,0.5650174,-0.0078125,35,15,0.8445138,0.5152204,0.2612952,0.29266262,0.30983636,1.0089668,1.3528653,24.18318,21.66008,11.55817,17.107244,13.613317,17.727568,16.412092,17.194315,27.983997,28.000067,18.335829,22.991587,21.408707,24.611078,22.185892,23.337881,19.438698,16.658392,14.787537,15.268885,18.071909,18.497726,19.276339,16.758467,15.036329,12.423312,13.399226,12.641146,15.816417,15.071608,15.696426,13.855159,16.23885,12.563138,10.036436,11.026408,13.533269,14.634848,17.830675,12.534974,17.181038,16.197725,16.685991,16.86715,17.235884,16.714405,18.247187,16.84661,0.74626964,1.9262722,6.653236,0.6550515,29.40274,41.01854,29.180395,17.465952,23.64531,17.428497,14.297781,13.694803,17.018482,68.06
4446901.924,659329.7026,60.362274,0.8875639,0.61090016,24.901007,33.77349,28.859106,26.720882,24.299109,43.414803,39.013832,47.39588,55.62146,59.92571,31.952986,27.091726,23.838524,17.623407,15.525638,1.9594133,1.9414659,6.122416,7.253198,1378,28.488586,0,0.5707467,-0.003295898,35,15,0.8445138,0.5152204,0.2612952,0.29266262,0.30983636,1.0089668,1.3528653,24.073566,20.605776,12.025651,16.163847,13.044278,15.511972,16.898996,16.756853,29.019512,27.975891,18.418615,22.724463,22.60112,23.78233,22.243505,23.558067,20.421898,17.078882,15.302251,14.073789,20.325003,21.101141,18.751825,17.265944,16.133007,13.509913,13.62025,12.71747,16.099525,16.199196,15.785736,14.399689,15.621065,14.107232,10.401206,12.677853,12.881966,18.041237,17.979174,13.319051,18.514338,16.923658,15.195248,17.182898,17.854324,19.678802,18.306818,17.175772,0.74923205,1.9504396,6.687807,0.6550515,29.33725,41.214317,29.522356,16.90344,23.823633,18.150684,14.866443,14.529962,17.665155,68.06
4446901.924,659334.7026,63.678898,0.8777538,0.6116068,24.951332,33.54952,28.808949,27.39316,24.744562,42.98389,39.08335,46.809196,54.051228,57.518288,32.581894,27.62018,24.48711,18.615849,17.120848,2.0129921,1.9583517,6.181995,7.2507715,1377.97,23.95348,-0.20019531,0.5646,-0.012207031,35,15,0.8445138,0.5152204,0.2612952,0.29266262,0.30983636,1.0089668,1.3528653,24.073566,20.605776,12.025651,16.163847,13.044278,15.511972,16.898996,16.756853,29.019512,27.975891,18.418615,22.724463,22.60112,23.78233,22.243505,23.558067,20.421898,17.078882,15.302251,14.073789,20.325003,21.101141,18.751825,17.265944,16.133007,13.509913,13.62025,12.71747,16.099525,16.199196,15.785736,14.399689,15.621065,14.107232,10.401206,12.677853,12.881966,18.041237,17.979174,13.319051,18.514338,16.923658,15.195248,17.182898,17.854324,19.678802,18.306818,17.175772,0.7446803,1.985672,6.716383,0.6550515,29.250425,41.033623,30.101036,16.90344,23.823633,18.150684,14.866443,14.529962,17.665155,68.06
4446901.924,659339.7026,67.392044,0.88561654,0.6232604,24.989384,33.35045,28.879036,27.424328,24.992802,42.559536,39.198826,46.70125,53.60859,57.179893,32.977703,27.710981,24.516626,19.000402,17.573336,2.0633237,1.9610269,6.221692,7.2493362,1377.96,22.07141,-0.000488281,0.57187015,-0.001098633,35,15,0.8445138,0.5152204,0.2612952,0.29266262,0.30983636,1.0089668,1.3528653,23.810446,20.085848,10.484483,14.064794,12.281816,15.4024935,16.621542,15.708749,26.36808,26.1231,17.451344,20.957014,19.404388,22.952644,20.712133,21.697115,20.273376,18.86483,13.389987,13.797381,17.099792,21.359383,18.074224,16.460777,16.447807,14.776896,11.822701,11.753098,13.433529,16.75176,15.426206,13.53149,17.00775,12.90643,9.169631,12.057184,11.687507,18.622398,16.537855,12.663821,20.559929,18.72495,15.45403,17.19333,16.807234,19.872665,19.324018,17.667814,0.75443846,2.0121753,6.735514,0.6550515,29.169916,40.87918,30.344341,16.107347,21.995527,17.551283,14.344572,13.998395,18.276594,68.06
4446901.924,659344.7026,73.17181,0.8972076,0.64306957,25.130102,33.1741,29.017725,27.45656,25.252584,42.014458,39.025524,46.448723,53.174564,56.90261,33.19785,27.8729,24.605402,19.36541,17.87937,2.1147025,1.9636794,6.2529373,7.2488317,1377.94,27.760057,0.0390625,0.6148916,0.001098633,35,15,0.84318686,0.49456653,0.2667849,0.2784825,0.30901054,1.0118577,1.3423159,23.570501,20.288788,9.388536,14.087581,11.889987,15.999357,17.04645,15.434447,24.293324,27.175573,17.309275,21.16505,19.84295,22.912949,19.810518,21.53745,20.283316,20.428698,14.563748,14.543266,16.057398,20.69017,18.839773,16.94616,16.997427,15.948654,12.779736,12.005373,13.757023,16.252365,15.96388,14.093037,18.817656,14.831333,9.99581,12.133909,12.657496,16.545053,18.306025,13.410774,19.216236,20.394272,16.919022,17.948223,18.806656,18.173698,19.786966,18.284395,0.7701386,2.039191,6.7508845,0.6494579,29.1521,40.51999,30.535374,16.038742,21.787092,17.915195,14.814924,14.755325,18.749296,68.06
4446901.924,659349.7026,75.44483,0.90945655,0.6667633,25.290287,33.036934,29.175978,27.486744,25.503788,41.329254,38.695885,46.14165,52.79334,56.6462,33.4995,28.051065,24.72121,19.669611,18.142908,2.1686506,1.9728832,6.281001,7.2483015,1377.91,22.061754,-0.119140625,0.57164246,-0.008789063,35,15,0.84318686,0.49456653,0.2667849,0.2784825,0.30901054,1.0118577,1.3423159,23.816612,20.288788,9.388536,14.087581,11.889987,16.037054,17.129324,15.478607,24.293324,27.175573,17.13597,21.067268,19.811552,22.786997,19.804323,21.45933,20.33737,20.419266,14.54601,14.522566,16.060099,20.71206,18.89644,16.94779,17.046333,15.949242,12.774833,12.001785,13.775585,16.27224,15.990483,14.104896,18.817656,14.831333,9.99581,12.133909,12.657496,16.545053,18.306025,13.410774,19.21455,20.394272,16.924316,17.91894,18.810186,18.176346,19.7315,18.28,0.7881099,2.070767,6.7646513,0.6494579,29.16361,40.01257,30.775284,16.091125,21.725002,17.927687,14.830071,14.755325,18.738588,68.06
4446901.924,659354.7026,67.417564,0.91696143,0.6914138,25.751125,33.082706,29.829426,27.759172,25.529806,40.47363,38.072147,44.82784,51.9533,56.28507,33.890575,28.546425,25.370897,20.179777,18.540413,2.2288566,1.9987774,6.3208337,7.2469177,1377.9,18.434948,0.000488281,0.54351705,0,35,15,0.84318686,0.49456653,0.2667849,0.2784825,0.30901054,1.0118577,1.3423159,22.900267,20.522202,10.638008,14.78996,12.689647,15.965984,16.193476,15.903259,24.715994,25.81401,17.020126,21.800428,19.376787,20.89101,20.894747,21.371588,21.050074,17.265085,14.913818,15.688837,16.055616,16.896952,20.06817,16.886599,17.327358,14.475433,13.055102,12.445651,13.844875,14.433855,16.446106,14.075634,18.163261,14.357193,10.912788,12.876741,13.586104,10.849151,19.801725,13.516022,18.310003,19.601706,16.402414,18.993298,19.22106,15.303555,19.52077,18.054533,0.80418766,2.113817,6.7838755,0.6494579,29.416916,39.27289,31.2185,16.242792,21.501873,17.419794,14.575483,14.3638525,18.193256,68.06
4446901.924,659359.7026,66.76421,0.9302363,0.7110089,25.737213,32.698627,29.878012,27.450916,26.178234,39.739853,37.789062,44.838085,51.90395,55.08976,34.24773,28.620354,25.270092,20.401247,18.992498,2.2855372,2.0134723,6.331912,7.24336,1377.88,23.95348,-0.040039062,0.5646,-0.003295898,35,15,0.84318686,0.49456653,0.2667849,0.2784825,0.30901054,1.0118577,1.3423159,22.855797,18.867477,8.094284,12.6232395,10.304928,14.563819,12.996982,14.08776,26.16442,25.38143,15.881232,21.123417,18.345295,20.914198,20.725122,20.98298,19.990494,17.935282,14.733796,15.509715,16.92161,17.35888,18.408613,16.81182,15.40115,11.427611,9.735246,9.468936,12.298444,11.200439,15.425275,11.673751,17.315628,14.731202,10.624977,11.277714,13.453549,13.270317,17.109488,13.170266,19.82168,18.238848,16.812614,16.541826,17.960243,15.770866,19.506208,17.577322,0.82062256,2.1495047,6.787636,0.6494579,29.21792,38.764458,31.434042,14.329504,21.219301,17.265484,12.136729,13.968982,17.80747,68.06
4446901.924,659364.7026,66.75124,0.93917155,0.72462285,25.836628,32.586975,30.041761,27.489174,26.41501,39.30997,37.488255,44.507915,51.628506,54.86175,34.420715,28.777554,25.408813,20.578398,19.193806,2.318517,2.0277646,6.356817,7.2411876,1377.86,15.511091,-0.12011719,0.53547853,-0.0078125,35,15,0.84318686,0.49456653,0.2667849,0.2784825,0.30901054,1.0118577,1.3423159,22.855797,18.867477,8.094284,12.6232395,10.304928,14.563819,12.996982,14.08776,26.16442,25.38143,15.881232,21.123417,18.345295,20.914198,20.725122,20.98298,19.990494,17.935282,14.733796,15.509715,16.92161,17.35888,18.408613,16.81182,15.40115,11.427611,9.735246,9.468936,12.298444,11.200439,15.425275,11.673751,17.315628,14.731202,10.624977,11.277714,13.453549,13.270317,17.109488,13.170266,19.82168,18.238848,16.812614,16.541826,17.960243,15.770866,19.506208,17.577322,0.8318972,2.1731408,6.799002,0.6494579,29.211802,38.399113,31.599134,14.329504,21.219301,17.265484,12.136729,13.968982,17.80747,68.06
4446901.924,659369.7026,63.913795,0.95684844,0.7310324,26.038263,32.310123,31.071144,27.895327,26.703873,39.41134,37.783546,42.71534,50.090424,53.915287,34.09228,28.58952,26.18982,21.650066,19.619272,2.328869,2.042146,6.407209,7.271414,1377.86,1.5307989,0.03955078,0.53015304,0,35,15,0.84318686,0.49456653,0.2667849,0.2784825,0.30901054,1.0118577,1.3423159,23.374977,17.875994,8.7566395,13.378328,9.504376,14.464278,13.0702715,14.261459,25.88675,26.105719,16.182852,20.885468,18.25705,21.343735,19.448875,20.945097,18.361328,17.29173,14.267907,14.922958,17.975029,18.1954,17.930197,16.403627,12.8962345,9.487877,9.898147,11.401633,11.600395,11.603832,13.736054,11.25248,17.730293,14.898511,10.705129,12.873431,14.237582,13.963689,18.086943,13.952853,18.555096,20.251389,16.934515,15.894168,18.574488,17.479126,19.293823,17.920311,0.8439404,2.1855075,6.8393116,0.6494579,29.174194,38.597443,31.3409,14.34641,21.158634,16.992079,11.517739,14.642226,18.140371,68.06
4446901.924,659374.7026,64.021736,0.94872963,0.71931416,26,31.967724,31.051657,27.91601,26.866497,40.401917,38.6186,42.73427,49.949512,53.808277,33.27594,28.527285,26.18638,21.790522,19.688946,2.2862473,2.01393,6.420881,7.282355,1377.86,355.61502,-0.000488281,0.56027704,-0.001098633,35,15,0.8398359,0.49938536,0.26927346,0.28363553,0.31009418,1.0171878,1.3903697,22.78192,17.234251,7.531814,15.031215,11.312816,14.485582,13.052669,14.348372,25.125132,25.732492,16.18048,20.302471,18.53296,21.447145,18.385225,20.692564,18.494375,17.52741,14.652729,14.822461,15.438522,19.819525,17.716398,16.348808,14.896577,10.204249,9.867026,10.078276,11.320268,12.977812,13.645897,11.471421,17.654358,15.188515,9.912786,11.476847,12.737072,14.038833,17.558075,13.30548,19.024803,21.043335,16.252134,14.613646,16.748957,17.70489,21.632498,17.433168,0.8340219,2.1500888,6.851618,0.6585403,28.983862,39.510258,30.901611,14.490037,20.815128,16.92449,11.855729,14.080926,18.145752,68.06
4446901.924,659379.7026,52.980938,0.951794,0.7036969,26.125177,31.535456,31.127312,28.171318,26.675472,41.577938,39.527504,42.731586,49.399033,54.113163,32.337177,28.696007,26.116587,22.112347,19.86895,2.2310297,1.9868224,6.4544983,7.295732,1377.86,345.0049,-0.20019531,0.6081937,-0.011108398,35,15,0.8398359,0.49938536,0.26927346,0.28363553,0.31009418,1.0171878,1.3903697,22.78192,17.234251,7.531814,15.031215,11.312816,14.485582,13.052669,14.348372,25.125132,25.732492,16.18048,20.302471,18.53296,21.447145,18.385225,20.692564,18.494375,17.52741,14.652729,14.822461,15.438522,19.819525,17.716398,16.348808,14.896577,10.204249,9.867026,10.078276,11.320268,12.977812,13.645897,11.471421,17.654358,15.188515,9.912786,11.476847,12.737072,14.038833,17.558075,13.30548,19.024803,21.043335,16.252134,14.613646,16.748957,17.70489,21.632498,17.433168,0.82774544,2.108926,6.8751154,0.6585403,28.830317,40.55272,30.516592,14.490037,20.815128,16.92449,11.855729,14.080926,18.145752,68.06
4446901.924,659384.7026,60.841667,0.9278557,0.68500924,25.918182,31.014784,31.05744,27.969812,27.027508,42.846012,40.682606,43.06401,49.31442,53.76774,31.413939,28.43892,25.848831,22.350946,19.98439,2.1656182,1.9486754,6.456305,7.303832,1377.89,336.7974,0.080566406,0.65458715,0.002197266,35,15,0.8398359,0.49938536,0.26927346,0.28363553,0.31009418,1.0171878,1.3903697,23.05399,18.262848,9.322673,16.362022,10.070185,17.449131,13.838719,15.441014,24.545135,26.738592,16.563799,20.7896,18.726074,22.117708,19.04932,21.028875,18.418678,17.73861,13.63926,15.222913,18.38211,16.466469,14.660912,16.07805,13.410723,9.993365,10.190272,10.774709,11.734367,11.954929,12.226787,11.1743555,14.125462,15.2696905,10.940734,12.433542,12.59108,12.981756,13.692033,12.8129835,20.000889,19.288107,15.089218,15.823462,17.924149,16.124012,20.15698,17.173882,0.8064325,2.0571468,6.880069,0.6585403,28.466484,41.76431,29.92643,15.479938,21.218603,16.361279,11.469307,13.147758,17.772402,68.06
4446901.924,659389.7026,64.34162,0.910698,0.6691553,25.676207,30.716959,30.914547,27.672634,27.159721,43.95868,41.779312,43.957546,49.392982,53.71393,30.633062,27.965744,25.077452,22.489756,20.130878,2.1047826,1.9263494,6.4697022,7.3187246,1377.91,335.7461,0.000488281,0.6282479,0,35,15,0.8398359,0.49938536,0.26927346,0.28363553,0.31009418,1.0171878,1.3903697,23.806843,20.367773,11.325721,17.957851,12.285563,18.862938,14.61563,17.040714,24.545135,26.738592,17.540466,21.411497,19.25753,22.5163,19.315048,21.50225,18.40041,17.4365,13.289565,15.205501,18.374321,16.361576,14.653122,15.936479,14.377357,12.588769,12.626576,13.242834,13.889069,13.57685,13.944749,13.227931,14.314394,15.467195,11.241242,12.807325,12.602585,13.004033,13.706779,13.024827,20.23496,19.514627,15.68884,16.62288,18.38775,16.315432,20.58464,17.637774,0.78992665,2.0155659,6.8942137,0.6585403,28.196583,42.868996,29.299404,17.03176,21.617796,16.245855,13.463743,13.306222,18.192732,68.06
4446901.924,659394.7026,61.61269,0.8985264,0.65790457,25.625635,30.483477,30.920815,27.715273,27.335428,44.587708,42.55471,44.05948,49.237793,53.639168,30.186129,27.766903,24.990585,22.612616,20.146387,2.0637329,1.9099311,6.4839983,7.332013,1377.93,325.94495,-0.119140625,0.63944745,-0.008789063,35,15,0.8398359,0.49938536,0.26927346,0.28363553,0.31009418,1.0171878,1.3903697,23.547089,20.160797,11.622876,17.052206,11.967795,18.127419,15.527061,16.712658,24.608784,24.588127,17.901682,22.022266,19.019613,23.371475,20.35105,21.597574,20.047571,15.110741,15.029801,15.538183,17.190079,14.896666,15.898835,16.27665,15.994405,12.265426,13.517692,13.324087,13.246086,13.505066,14.532218,13.658896,15.64691,15.28191,13.402789,12.873816,11.504657,15.811683,12.282981,13.72586,19.366125,15.39535,17.21726,16.53001,17.640047,15.5000515,16.012047,17.022345,0.77821547,1.9868319,6.9080057,0.6585403,28.054556,43.57121,28.976517,16.857891,21.694715,16.244555,13.769282,13.829248,16.808699,68.06
4446901.924,659399.7026,65.56064,0.9147063,0.67281175,25.470095,29.915348,31.078016,27.601711,27.253054,44.585804,42.911545,42.812218,49.764767,56.07619,30.295414,28.097458,26.206621,22.361341,18.128138,2.0426207,1.8973899,6.520486,7.3233733,1377.97,318.27505,-0.041015625,0.7098254,-0.004516602,35,15,0.8398359,0.49938536,0.26927346,0.28363553,0.31009418,1.0171878,1.3903697,23.325027,20.398426,10.850459,17.495977,12.638461,17.150415,16.940775,16.643232,26.071884,29.271675,19.03971,23.183222,20.260504,23.936111,21.106476,23.207357,18.628065,15.404475,14.220326,14.557962,17.025812,20.202278,15.230037,16.01786,14.254374,13.652748,13.737042,12.759442,13.140277,16.337404,14.492002,13.695282,13.967527,15.189128,12.202381,13.026932,11.279162,15.915398,12.350951,13.106632,17.998947,14.616012,16.978468,16.254505,17.109407,18.145674,15.126676,16.477655,0.793759,1.9700053,6.9219294,0.6585403,27.692722,43.748672,29.196436,16.971363,23.267084,16.466993,14.053328,13.418783,16.604242,68.06
4446901.924,659404.7026,68.64003,0.9248298,0.6894728,25.548643,30.05678,31.244612,27.343931,26.912586,43.7402,42.74503,42.50086,50.083496,56.5394,30.844978,27.994926,26.333769,22.369677,17.803112,2.0669725,1.9042134,6.530085,7.3350596,1378.01,316.50937,-0.15917969,0.7697539,-0.0078125,35,15,0.8307054,0.4960031,0.26800492,0.28076446,0.30911475,1.0059403,1.3839189,23.325027,20.398426,10.850459,17.495977,12.638461,17.150415,16.940775,16.643232,26.071884,29.271675,19.03971,23.183222,20.260504,23.936111,21.106476,23.207357,18.628065,15.404475,14.220326,14.557962,17.025812,20.202278,15.230037,16.01786,14.254374,13.652748,13.737042,12.759442,13.140277,16.337404,14.492002,13.695282,13.967527,15.189128,12.202381,13.026932,11.279162,15.915398,12.350951,13.106632,17.998947,14.616012,16.978468,16.254505,17.109407,18.145674,15.126676,16.477655,0.8071513,1.985593,6.9325724,0.6534931,27.802711,43.242615,29.419952,16.971363,23.267084,16.466993,14.053328,13.418783,16.604242,68.06
4446901.924,659409.7026,78.29062,0.9346756,0.71053684,25.830591,30.25843,31.50377,27.010435,26.406519,42.508945,42.400726,42.03484,50.61107,57.77993,31.647266,27.91264,26.510622,22.27851,16.967566,2.1055012,1.9170642,6.5415115,7.342572,1378.07,318.07828,0.19921875,0.75054353,0.008789063,35,15,0.8307054,0.4960031,0.26800492,0.28076446,0.30911475,1.0059403,1.3839189,23.500202,19.616268,11.827404,16.029646,12.1347885,17.150415,16.350836,16.39602,26.729696,29.078796,18.663773,23.307846,20.924082,24.262196,21.691345,23.393814,18.615456,15.850505,14.077558,15.562602,16.369036,22.073633,16.142546,16.386663,14.762142,16.063658,13.849766,13.826071,14.087491,18.320183,14.374364,14.67743,15.663919,19.988361,15.623736,16.228924,17.186712,19.855738,14.982923,16.747808,19.54399,17.135248,16.993635,17.728756,18.406767,20.38757,16.762747,17.795362,0.8226062,2.0112827,6.942042,0.6534931,28.04451,42.454834,29.779953,16.658508,23.522533,16.955904,15.040526,17.07576,18.13696,68.06
4446901.924,659414.7026,61.74623,0.9504012,0.7283419,25.808811,30.541256,31.40266,26.466873,25.960167,41.107063,41.980625,42.059258,51.72521,58.930252,32.57053,27.811983,26.580772,21.781303,16.166742,2.1565762,1.937229,6.535067,7.3453045,1378.1,320.17725,-0.080566406,0.67135143,-0.002197266,35,15,0.8307054,0.4960031,0.26800492,0.28076446,0.30911475,1.0059403,1.3839189,24.997875,20.187807,12.419581,16.723698,16.044247,18.091412,17.470377,17.71299,27.046757,28.94464,18.59376,22.576591,21.20313,23.75958,21.271616,23.204294,20.191784,18.304644,12.956334,14.741293,15.456287,20.87431,16.87038,16.380974,15.335652,15.419044,12.942749,13.5475025,13.2472315,15.817177,15.081215,14.174016,17.050034,17.743536,15.719945,16.440144,14.9360895,17.6627,16.262,16.458796,20.057373,17.915535,16.515392,18.666233,18.373919,18.571177,19.704386,18.300837,0.83937156,2.0469027,6.9401855,0.6534931,28.175034,41.543846,30.191257,17.990715,23.342297,17.056433,14.484367,16.54492,18.54343,68.06
4446901.924,659419.7026,62.230797,0.97769785,0.7455474,25.9673,30.73462,31.735514,27.194357,26.666897,39.657024,41.537468,41.122482,51.14477,57.697704,33.556664,27.880816,27.185936,21.786907,15.937756,2.2076585,1.9597389,6.5466876,7.3443136,1378.14,316.9766,0.040039062,0.5878647,0.001098633,35,15,0.8307054,0.4960031,0.26800492,0.28076446,0.30911475,1.0059403,1.3839189,24.997875,20.187807,12.419581,16.723698,16.044247,18.091412,17.470377,17.71299,27.046757,28.94464,18.59376,22.576591,21.20313,23.75958,21.271616,23.204294,20.191784,18.304644,12.956334,14.741293,15.456287,20.87431,16.87038,16.380974,15.335652,15.419044,12.942749,13.5475025,13.2472315,15.817177,15.081215,14.174016,17.050034,17.743536,15.719945,16.440144,14.9360895,17.6627,16.262,16.458796,20.057373,17.915535,16.515392,18.666233,18.373919,18.571177,19.704386,18.300837,0.86162263,2.0836987,6.9455004,0.6534931,28.35096,40.597244,30.718739,17.990715,23.342297,17.056433,14.484367,16.54492,18.54343,68.06
4446901.924,659424.7026,63.69912,1.0031389,0.7639822,26.043955,30.853594,31.950523,27.03558,26.499224,38.53392,41.19945,40.694283,51.37333,58.04913,34.34603,27.954166,27.376701,21.729586,15.653679,2.2564907,1.977518,6.557655,7.345,1378.17,307.63904,-0.15917969,0.6330336,-0.010009766,35,15,0.8307054,0.4960031,0.26800492,0.28076446,0.30911475,1.0059403,1.3839189,23.615427,19.77221,11.841825,16.50893,15.680842,16.593838,16.557037,17.041975,27.624727,28.571291,18.189522,23.05801,21.321692,24.08802,21.452024,23.29606,22.33923,19.012335,13.097936,14.885277,14.89095,19.120842,17.940294,16.814137,16.127682,15.209035,13.410375,13.52902,14.392255,14.506999,16.09008,14.534088,15.417952,15.222547,15.74474,14.001717,12.485142,15.008313,13.669685,14.790017,21.0775,19.757017,15.855716,18.688238,17.333773,20.66592,18.671528,18.717419,0.88356054,2.1170044,6.9513273,0.6534931,28.448774,39.866684,31.150099,17.2243,23.472185,17.326694,14.752206,14.507157,18.86424,68.06
4446901.924,659429.7026,66.86512,1.0349878,0.78109795,25.790758,30.883163,32.099277,27.077341,26.793911,38.05189,41.10039,41.295967,51.516994,57.922523,34.54737,27.914125,26.537516,21.484304,14.889289,2.3086941,1.9952563,6.6043115,7.3607807,1378.23,301.5925,-0.000976563,0.8744061,-0.004516602,35,15,0.8307054,0.4960031,0.26800492,0.28076446,0.30911475,1.0059403,1.3839189,24.295645,21.039965,11.342545,15.045741,15.630986,15.113985,15.911652,16.817854,25.243425,28.219208,18.480936,22.175611,19.978119,21.812061,21.68041,22.401308,21.433447,16.99483,13.405556,15.362314,15.896294,16.595688,17.827444,16.32555,16.025175,13.610023,13.488873,13.093503,13.719409,13.749971,16.386904,13.935815,15.687055,14.853394,16.699568,14.485071,13.359929,13.992847,14.539218,14.957194,21.18898,16.918491,15.145333,16.26499,16.037588,20.643076,17.711336,17.192753,0.9080429,2.1519752,6.982546,0.6534931,28.33696,39.57614,31.230747,16.911503,22.512823,16.78794,14.296265,14.80244,17.701399,68.06
4446901.924,659434.7026,62.531403,1.0844802,0.80940664,25.657688,30.756968,31.896435,27.122543,26.577703,38.572784,41.19153,41.81314,51.70982,58.225353,34.298687,28.062971,26.267143,21.216957,14.694671,2.3459604,1.9822096,6.6233897,7.36827,1378.3,295.89774,-0.15917969,1.1143925,-0.011108398,35,15,0.847835,0.4978532,0.26837814,0.29468167,0.30947348,1.0130786,1.3442968,24.229988,21.034712,11.335689,15.037285,15.600624,15.069495,15.900165,16.794924,25.150621,28.211653,18.425879,22.125912,19.919048,21.719255,21.618538,22.34566,17.980417,14.312031,12.42232,13.82813,14.229503,14.355828,16.340109,14.352165,15.994742,14.245408,14.174839,13.824324,14.327949,14.123592,16.851757,14.472997,15.837529,17.394556,18.753588,18.657406,16.808119,14.183712,17.141085,17.36618,21.131977,16.83829,15.061539,16.17797,15.96112,20.575415,17.652235,17.115465,0.9469434,2.164085,6.9958296,0.65365666,28.207329,39.882156,31.180828,16.886852,22.452986,14.781191,14.791802,16.968,17.628365,68.06
4446901.924,659439.7026,62.381317,1.146794,0.83818865,25.42897,30.533249,31.617495,27.162079,26.08878,39.2022,41.37814,42.667942,52.14769,59.541557,33.90885,28.275408,25.742924,20.700144,13.918829,2.3984458,1.9670043,6.626773,7.3731365,1378.4,289.74295,-0.03955078,1.1867343,-0.001098633,35,15,0.847835,0.4978532,0.26837814,0.29468167,0.30947348,1.0130786,1.3442968,23.823019,20.772682,11.086712,16.247038,15.819602,14.980522,13.871796,16.69238,25.617205,28.352158,17.393587,21.428604,19.153307,21.70979,21.289452,21.931974,17.814507,15.643451,13.617902,12.64416,15.619953,16.094452,15.105716,14.834721,14.594129,13.806243,13.1207,11.498882,12.910515,12.561227,16.472849,13.209996,13.856241,17.05556,17.911495,16.92736,16.25505,12.287534,15.631116,16.291372,20.292206,18.271084,16.813402,15.477089,16.019918,20.663555,19.202782,17.44019,0.9924913,2.182725,6.9999547,0.65365666,27.98111,40.29017,31.092129,16.65734,22.13487,15.220019,13.566362,15.703481,18.10572,68.06
4446901.924,659444.7026,62.492916,1.206092,0.8607031,25.264359,30.208158,31.52711,27.287382,25.95188,39.828613,41.57702,42.781723,51.827362,58.616657,33.605255,28.499304,25.694141,20.82198,14.899376,2.4300554,1.9460605,6.668682,7.384835,1378.5,286.9259,0.16015625,1.0329045,0.0078125,35,15,0.847835,0.4978532,0.26837814,0.29468167,0.30947348,1.0130786,1.3442968,22.49374,20.14118,10.597684,16.72324,15.183673,15.018367,13.288162,16.263083,26.177935,28.55573,17.321848,21.644947,19.658659,22.878098,21.440836,22.247023,16.97925,15.643451,13.771359,14.416044,15.534297,15.941697,15.148082,15.080402,15.620467,13.94369,13.026893,12.03108,13.157501,12.604609,16.663439,13.524681,14.28516,17.126684,17.493927,16.441397,16.46991,11.916868,15.554649,16.15896,19.29183,17.553793,15.936656,16.172583,15.545394,16.925539,18.63211,16.721075,1.0333976,2.188058,7.026758,0.65365666,27.73626,40.702816,31.05228,16.206577,22.525436,15.347739,13.863954,15.612657,17.151129,68.06
4446901.924,659449.7026,62.799236,1.2686144,0.89078075,25.19051,29.947361,31.353168,27.412817,25.787865,40.22785,41.70473,43.23864,51.972286,59.509434,33.389626,28.85,25.487705,20.534046,14.01686,2.475008,1.9286895,6.695918,7.392088,1378.57,285.23898,-0.16113281,0.9797886,-0.008911133,35,15,0.847835,0.4978532,0.26837814,0.29468167,0.30947348,1.0130786,1.3442968,25.480206,22.090769,11.464806,17.928915,16.447762,17.220236,14.834014,17.897783,24.25383,26.651573,16.474546,20.371998,18.232306,21.516884,19.974648,20.835089,16.78284,15.454829,13.621022,14.258962,15.373795,15.7663765,15.019465,14.910924,15.2047415,13.529315,12.6171875,11.619876,12.746613,12.195299,16.245214,13.112439,14.04394,16.855326,17.263725,16.20599,15.826068,11.686499,14.5777025,15.864899,16.292894,16.70889,15.120498,15.942802,13.966662,14.396938,15.150586,15.384273,1.0796976,2.2018487,7.044003,0.65365666,27.568935,40.966293,31.119812,17.923817,21.067972,15.18247,13.451178,15.208465,15.368467,68.06
4446901.924,659454.7026,58.34385,1.3160292,0.91211236,25.129248,29.733442,31.158808,27.550072,25.745083,40.53322,41.7542,43.640766,52.05816,59.64191,33.22999,29.182228,25.332703,20.299974,13.916544,2.505598,1.9138584,6.7214713,7.400064,1378.66,284.81036,0.000976563,1.007476,-0.002197266,35,15,0.847835,0.4978532,0.26837814,0.29468167,0.30947348,1.0130786,1.3442968,24.47501,20.808144,11.08262,17.427343,11.390923,15.909988,14.138863,16.65425,24.205065,25.460983,16.409666,19.810097,17.732967,19.93158,16.807852,20.05918,18.190365,16.72707,13.273559,14.338919,16.512215,18.57283,18.165924,15.848183,17.583975,14.72039,15.039941,13.465876,15.58559,14.920148,16.980019,15.46997,19.319595,18.01863,18.290993,16.91762,15.998797,14.960143,15.553754,17.640997,17.072147,15.848435,14.21115,14.302737,16.185385,13.98377,14.757065,15.15095,1.1140708,2.2097282,7.0607677,0.65365666,27.431345,41.143707,31.206108,16.461842,20.051172,16.540127,15.470848,17.008505,15.194385,68.06
4446901.924,659459.7026,57.281963,1.3283603,0.90539193,25.035679,30.328243,30.71399,26.99548,25.29295,40.980133,41.637184,44.150444,53.35663,61.5283,33.018143,29.312836,25.391603,19.697313,13.193614,2.4934611,1.9023839,6.7247305,7.4140573,1378.74,283.3865,-0.080078125,0.92735773,-0.003295898,35,15,0.847835,0.4978532,0.26837814,0.29468167,0.30947348,1.0130786,1.3442968,23.604696,21.560946,9.551732,17.899715,12.176486,15.22969,13.972211,16.356298,25.502373,24.20691,16.03262,20.182034,18.756317,20.122284,16.885096,20.238409,20.536304,15.527213,13.612439,13.95651,15.021417,16.22561,16.505827,15.605381,19.293043,14.561841,14.520558,13.463579,16.905577,15.870228,17.650242,15.895771,18.153185,15.754146,16.754923,16.803692,17.66672,16.703476,16.159185,17.09672,13.904854,14.941025,17.14483,14.788071,17.405996,15.7368765,14.763527,15.668408,1.1168761,2.1979225,7.069394,0.65365666,27.681961,41.30866,31.16549,16.285069,20.24109,15.912189,16.037867,16.856474,15.526454,68.06
4446901.924,659464.7026,48.396877,1.2880579,0.87393767,24.887012,30.45283,30.0937,27.132288,25.769203,41.432606,41.345818,44.863075,53.22918,61.29209,32.816013,29.34939,25.291286,19.717339,13.236945,2.4456546,1.8940985,6.7214937,7.4220676,1378.82,279.6206,0.07910156,0.76999456,0.005493164,35,15,0.8368535,0.5023078,0.2701696,0.30273274,0.3093729,1.0120912,1.3429214,23.767855,21.560946,9.551732,17.899715,12.176486,15.22969,14.044116,16.383492,25.502373,24.20691,16.03262,20.182034,18.756317,20.122284,16.885096,20.238409,20.536304,15.527213,13.612439,13.95651,15.021417,16.22561,16.505827,15.605381,19.293043,14.561841,14.520558,13.463579,16.905577,15.870228,17.650242,15.895771,18.09976,15.702128,16.709364,16.76055,17.622505,16.653887,16.112257,17.049543,13.904854,14.941025,17.14483,14.788071,17.405996,15.7368765,14.763527,15.668408,1.0809978,2.1698766,7.0717807,0.65377843,27.669922,41.389214,31.082703,16.318647,20.24109,15.912189,16.037867,16.808636,15.526454,68.06
4446901.924,659469.7026,45.77401,1.237633,0.8110662,24.959568,30.429356,29.605627,27.234983,25.902205,41.66991,40.790512,45.366394,52.97154,61.358803,32.77291,29.621063,25.345884,19.933464,13.530143,2.3835812,1.8891263,6.695982,7.422923,1378.88,276.9382,0.12011719,0.59199464,0.006713867,35,15,0.8368535,0.5023078,0.2701696,0.30273274,0.3093729,1.0120912,1.3429214,23.679377,21.387438,9.795538,18.092299,12.663014,14.524155,13.970456,16.467407,25.99258,25.273222,15.782659,20.751795,18.381224,20.480194,18.458773,20.715633,20.515827,15.902684,13.18106,14.514481,15.363772,16.518105,15.353024,15.574964,19.964113,14.54095,14.1054125,13.547717,17.084574,15.388859,16.377934,15.717059,18.38298,15.622945,17.250832,17.759897,17.23501,17.829086,16.612999,17.40331,14.899189,14.634923,14.384761,15.587469,16.739435,16.191227,15.259641,15.235831,1.0243496,2.1363537,7.0594525,0.65377843,27.694462,41.23021,31.196987,16.301754,20.731493,15.906993,15.858507,17.241964,15.385234,68.06
4446901.924,659474.7026,47.001686,1.1793053,0.7782535,24.737473,30.606003,29.05256,27.29097,26.126244,41.64772,40.126934,46.054188,53.05591,61.432938,32.799778,29.842514,25.137115,19.822727,13.459534,2.3362958,1.8870037,6.6950483,7.4260964,1378.92,278.6282,-0.03955078,0.47784942,0,35,15,0.8368535,0.5023078,0.2701696,0.30273274,0.3093729,1.0120912,1.3429214,23.07809,20.284355,11.527911,16.918331,12.243492,17.784758,13.298236,16.637327,24.892921,24.691843,16.246836,20.508297,18.131529,20.361622,19.17359,20.483908,20.514992,15.758296,13.8854065,13.135986,15.238488,16.231886,15.417476,15.406165,21.250391,14.837773,14.074122,13.134145,14.8858,17.295504,17.834822,15.758599,19.25394,16.275513,17.21768,17.228994,16.100727,18.374277,17.12413,17.414795,18.14432,14.036021,14.1388445,15.281122,15.844541,15.697532,15.254726,15.422349,0.97877944,2.1116498,7.0605726,0.65377843,27.671738,40.88733,31.321146,16.447882,20.572374,15.740362,16.18751,17.367895,15.485301,68.06
4446901.924,659479.7026,48.039967,1.1278102,0.7475023,24.749878,30.811125,28.610165,27.210993,26.464655,41.378136,39.354862,46.562828,52.99436,61.205753,32.9534,30.189367,25.067648,19.981762,13.193205,2.296684,1.8880599,6.6852317,7.429514,1378.96,281.32788,-0.000488281,0.43796206,0,35,15,0.8368535,0.5023078,0.2701696,0.30273274,0.3093729,1.0120912,1.3429214,23.146395,20.278116,11.556062,16.943089,12.264762,17.803255,13.316524,16.664577,25.3061,24.745092,16.300085,20.56155,18.184776,20.528599,19.22684,20.606623,20.479897,15.758296,13.899876,13.135986,15.238488,16.231886,15.414348,15.403934,21.24852,14.837773,14.074122,13.134145,14.8858,17.295916,17.835371,15.758357,19.251406,16.275513,16.109095,16.563843,15.3616705,17.819984,16.385073,16.86008,18.1326,14.036021,14.136891,15.281122,15.844541,15.691672,15.246913,15.418931,0.9376563,2.092372,7.057373,0.65377843,27.780502,40.3665,31.571384,16.472599,20.693293,15.736968,16.187378,16.823797,15.481394,68.06
4446901.924,659484.7026,46.55581,1.0857435,0.72256285,24.778517,30.996365,28.216448,27.07379,26.327444,41.108326,38.66378,46.967625,52.99778,61.194145,33.098347,30.502241,25.036243,20.119505,13.258965,2.2656083,1.8902359,6.6700864,7.426483,1379,284.53445,0.080078125,0.39991647,0.005615234,35,15,0.8368535,0.5023078,0.2701696,0.30273274,0.3093729,1.0120912,1.3429214,23.068941,19.652681,11.137837,16.213497,11.36687,18.37429,14.430743,16.302542,25.484072,25.185411,16.773428,19.998886,18.312342,21.305792,20.119911,20.847315,18.92395,15.230377,14.257918,13.479834,14.62431,18.349846,17.661787,15.47614,18.367186,14.851975,14.339667,12.937975,14.959615,19.141197,18.280207,15.357001,18.234667,15.708736,16.153519,16.403269,15.710368,18.698208,18.959196,16.729864,21.116098,19.27942,18.488413,15.837,19.919851,21.177444,22.048132,19.002813,0.9041532,2.077922,7.0482845,0.65377843,27.88744,39.886055,31.800293,16.320692,21.025692,16.075432,16.125402,17.123995,19.695194,68.06
4446901.924,659489.7026,47.335026,1.0555289,0.71335375,24.474396,30.691046,27.577148,27.278442,25.747051,41.529938,38.510715,47.90812,53.79735,61.817036,32.833183,30.089077,24.422407,19.065557,13.36564,2.22837,1.8876948,6.64686,7.4126554,1379.03,294.4296,0.080078125,0.34625608,0.004516602,35,15,0.8368535,0.5023078,0.2701696,0.30273274,0.3093729,1.0120912,1.3429214,23.787157,21.883362,10.892768,15.809431,12.361198,19.200817,15.899956,16.744152,24.87436,25.512274,16.458284,19.957537,18.894474,21.106861,19.371496,20.717596,20.371267,16.607264,13.56704,13.388491,14.132751,15.236727,17.517952,15.397411,20.29134,15.255294,14.554672,13.227148,15.140617,18.329636,18.31824,15.841556,18.940584,16.763292,16.103489,16.400597,15.231866,17.787142,18.21072,16.865332,23.85377,19.713745,18.60115,15.908786,19.880554,22.177505,22.815725,19.6566,0.8844413,2.0580325,7.0297575,0.65377843,27.582722,40.020325,31.46113,17.119242,20.882183,15.831641,16.445278,17.062527,20.421604,68.06
4446896.924,659309.7026,66.78632,0.8867332,0.6365261,24.945395,35.116238,29.899805,26.548801,23.065254,43.595886,36.568222,46.402317,56.56131,62.06217,30.562258,27.420158,23.681204,16.733887,13.401103,1.7899337,1.9333262,5.935008,7.2515383,1378.15,12.989377,0.080566406,0.5733061,0.005615234,35,15,0.77024806,0.49720657,0.23729517,0.29526478,0.3168118,0.984433,0.74446076,23.421785,21.779295,11.030839,17.940441,15.704865,16.521736,16.638464,17.283766,28.339027,28.750498,18.668894,23.269173,21.302263,25.7276,21.658651,23.677439,20.626293,17.953405,15.131325,16.431309,15.837574,19.60329,18.232752,17.217896,16.575245,12.995102,13.950394,13.313495,13.620154,14.731237,15.976192,14.242836,15.253059,12.642486,14.866528,14.958359,14.1252985,16.019506,17.704885,14.710969,19.196953,19.196432,19.28997,17.492899,18.78191,20.397831,21.606848,19.010416,0.76162964,1.86163,6.593273,0.5493886,30.030815,40.082054,28.991207,17.576777,23.959442,17.687992,14.451689,15.081447,19.423262,68.06
